Autor,Autor_ID,Title,Authors,Number of Authors,Scopus Author Ids,Year,Full date,Scopus Source title,Volume,Issue,Pages,Article number,ISSN,Source ID,Source type,Publisher,Language,SNIP (publication year),SNIP percentile (publication year) *,CiteScore (publication year),CiteScore percentile (publication year) *,SJR (publication year),SJR percentile (publication year) *,Field-Weighted View Impact,Views,Citations,Field-Weighted Citation Impact,Field-Citation Average,"Outputs in Top Citation Percentiles, per percentile","Field-Weighted Outputs in Top Citation Percentiles, per percentile",Main patent families,Policy citations,Reference,Abstract,DOI,Publication type,Open Access,EID,PubMed ID,Institutions,Institution IDs,Sector,Number of Institutions,Scopus Affiliation IDs,Scopus Affiliation names,Scopus Author ID First Author,Scopus Author ID Last Author,Scopus Author ID Corresponding Author,Scopus Author ID Single Author,Country/Region,Number of Countries/Regions,All Science Journal Classification (ASJC) code,All Science Journal Classification (ASJC) field name,Quacquarelli Symonds (QS) Subject area code,Quacquarelli Symonds (QS) Subject area field name,Quacquarelli Symonds (QS) Subject code,Quacquarelli Symonds (QS) Subject field name,Times Higher Education (THE) code,Times Higher Education (THE) field name,ANZSRC FoR (2020) parent code,ANZSRC FoR (2020) parent name,ANZSRC FoR (2020) code,ANZSRC FoR (2020) name,Sustainable Development Goals (2025),Topic Cluster name,Topic Cluster number,Topic Cluster Prominence Percentile,Topic name,Topic number,Topic Prominence Percentile,Publication link to Topic strength,Año,Citas,Colaboracion,Autores,Instituciones,Regiones,Instituciones_Nacionales
55399527300,55399527300,"High intensity ultrasound treatment of faba bean (Vicia faba L.) protein: Effect on surface properties, foaming ability and structural changes","Martínez-Velasco, A.| Lobato-Calleros, C.| Hernández-Rodríguez, B.E.| Román-Guerrero, A.| Alvarez-Ramirez, J.| Vernon-Carter, E.J.",6.0,57200696660| 6603090042| 56074846400| 56013603800| 55399527300| 7004260997,2018.0,2018-06-01,Ultrasonics Sonochemistry,44,-,97-105,-,ISSN-13504177,13517.0,Journal,Elsevier B.V.,English,2.05,6,10.2,2,1.556,2,4.56,137.0,294.0,5.35,11.03,1.0,3.0,1.0,0.0,"Martínez-Velasco, A., Lobato-Calleros, C., Hernández-Rodríguez, B.E. and 3 more (...) (2018).High intensity ultrasound treatment of faba bean (Vicia faba L.) protein: Effect on surface properties, foaming ability and structural changes. Ultrasonics Sonochemistry,4497-105",https://www.scopus.com/record/display.url?eid=2-s2.0-85042237830&origin=resultslist,10.1016/j.ultsonch.2018.02.007,Article,,2-s2.0-85042237830,29680632,Universidad Autónoma Metropolitana| Universidad Autonoma Chapingo,505017| 505047,Academic,2.0,60028381| 60010597,Universidad Autónoma Metropolitana -Unidad Iztapalapa| Universidad Autónoma Chapingo,57200696660,7004260997,6603090042,-,Mexico,1.0,1501| 1604| 1605| 2304| 2741| 3102,"Chemical Engineering (miscellaneous)| Inorganic Chemistry| Organic Chemistry| Environmental Chemistry| Radiology, Nuclear Medicine and Imaging| Acoustics and Ultrasonics",4| 5| 2,Natural Sciences| Life Sciences & Medicine| Engineering & Technology,532| 219| 439| 249| 424| 409,Medicine| Engineering - Chemical| Physics & Astronomy| Engineering - Petroleum| Environmental Sciences| Chemistry,37| 34| 36,Physical Sciences| Medical and Health| Engineering,40| 34,Engineering| Chemical Sciences,3406| 4004,Physical chemistry| Chemical engineering,-,Protein Emulsification and Functional Food Applications,582,95.487,Functional Properties of Plant Proteins in Food Applications,4008,99.802,Definitive,2018.0,294.0,N/A,"Martínez-Velasco, A.| Lobato-Calleros, C.| Hernández-Rodríguez, B.E.| Román-Guerrero, A.| Alvarez-Ramirez, J.| Vernon-Carter, E.J.",Universidad Autónoma Metropolitana| Universidad Autonoma Chapingo,Mexico,0
55399527300,55399527300,Functional properties and physicochemical characteristics of tamarind (Tamarindus indica L.) seed mucilage powder as a novel hydrocolloid,"Alpizar-Reyes, E.| Carrillo-Navas, H.| Gallardo-Rivera, R.| Varela-Guerrero, V.| Alvarez-Ramirez, J.| Pérez-Alonso, C.",6.0,57192102030| 51565848600| 57194083929| 36473983700| 55399527300| 6507830886,2017.0,2017-09-01,Journal of Food Engineering,209,-,68-75,-,ISSN-02608774,20586.0,Journal,Elsevier Ltd,English,1.73,8,6.5,7,1.279,9,1.58,77.0,164.0,3.71,9.16,2.0,5.0,0.0,0.0,"Alpizar-Reyes, E., Carrillo-Navas, H., Gallardo-Rivera, R. and 3 more (...) (2017).Functional properties and physicochemical characteristics of tamarind (Tamarindus indica L.) seed mucilage powder as a novel hydrocolloid. Journal of Food Engineering,20968-75",https://www.scopus.com/record/display.url?eid=2-s2.0-85018635325&origin=resultslist,10.1016/j.jfoodeng.2017.04.021,Article,,2-s2.0-85018635325,-,Universidad Autónoma Metropolitana| Universidad Autonoma del Estado de Mexico| Universidad Nacional Autónoma de México,505017| 505051| 505023,Academic,3.0,60002281| 60028381| 60175860,Universidad Autónoma del Estado de México| Universidad Autónoma Metropolitana -Unidad Iztapalapa| Centro Conjunto de Investigación en Química Sustentable UAEM-UNAM,57192102030,6507830886,6507830886,-,Mexico,1.0,1106,Food Science,5,Life Sciences & Medicine,502,Agriculture & Forestry,32,Life Sciences,30| 40,"Agricultural, Veterinary And Food Sciences| Engineering",4004| 3006,Chemical engineering| Food sciences,-,Polysaccharides and Their Multifaceted Biological Activities,548,88.555,Functional Properties of Galactomannan Polysaccharides,10620,94.973,Very Good,2017.0,164.0,N/A,"Alpizar-Reyes, E.| Carrillo-Navas, H.| Gallardo-Rivera, R.| Varela-Guerrero, V.| Alvarez-Ramirez, J.| Pérez-Alonso, C.",Universidad Autónoma Metropolitana| Universidad Autonoma del Estado de Mexico| Universidad Nacional Autónoma de México,Mexico,0
55399527300,55399527300,Long-range correlations and asymmetry in the Bitcoin market,"Alvarez-Ramirez, J.| Rodriguez, E.| Ibarra-Valdez, C.",3.0,55399527300| 35112460500| 6602868749,2018.0,2018-02-15,Physica A: Statistical Mechanics and its Applications,492,-,948-955,-,ISSN-03784371,29115.0,Journal,Elsevier B.V.,English,1.26,19,4,8,0.699,31,7.59,123.0,155.0,13.97,7.09,2.0,1.0,0.0,1.0,"Alvarez-Ramirez, J., Rodriguez, E., Ibarra-Valdez, C. (2018).Long-range correlations and asymmetry in the Bitcoin market. Physica A: Statistical Mechanics and its Applications,492948-955",https://www.scopus.com/record/display.url?eid=2-s2.0-85034645341&origin=resultslist,10.1016/j.physa.2017.11.025,Article,,2-s2.0-85034645341,-,Universidad Autónoma Metropolitana,505017,Academic,1.0,60028381,Universidad Autónoma Metropolitana -Unidad Iztapalapa,55399527300,6602868749,55399527300,-,Mexico,1.0,2613| 3109,Statistics and Probability| Statistical and Nonlinear Physics,4| 2,Natural Sciences| Engineering & Technology,431| 213| 439| 344,Mathematics| Data Science| Physics & Astronomy| Statistics & Operational Research,37,Physical Sciences,49,Mathematical Sciences,4901| 4902,Applied mathematics| Mathematical physics,-,Blockchain Applications in Energy and Security Systems,431,99.281,Volatility and Prediction in Cryptocurrency Markets,2763,99.841,Definitive,2018.0,155.0,N/A,"Alvarez-Ramirez, J.| Rodriguez, E.| Ibarra-Valdez, C.",Universidad Autónoma Metropolitana,Mexico,0
55399527300,55399527300,"Effect of inulin and agave fructans addition on the rheological, microstructural and sensory properties of reduced-fat stirred yogurt","Crispín-Isidro, G.| Lobato-Calleros, C.| Espinosa-Andrews, H.| Alvarez-Ramirez, J.| Vernon-Carter, E.J.",5.0,56544749600| 6603090042| 56002681100| 55399527300| 7004260997,2015.0,2015-06-01,LWT - Food Science and Technology,62,1,438-444,-,ISSN-00236438,20744.0,Journal,Academic Press,English,1.6,10,4,14,1.29,10,4.61,202.0,145.0,3.49,7.73,3.0,6.0,1.0,0.0,"Crispín-Isidro, G., Lobato-Calleros, C., Espinosa-Andrews, H. and 2 more (...) (2015).Effect of inulin and agave fructans addition on the rheological, microstructural and sensory properties of reduced-fat stirred yogurt. LWT - Food Science and Technology,62(1) 438-444",https://www.scopus.com/record/display.url?eid=2-s2.0-84924527304&origin=resultslist,10.1016/j.lwt.2014.06.042,Article,,2-s2.0-84924527304,-,Universidad Autónoma Metropolitana| Universidad Autonoma Chapingo,505017| 505047,Academic,2.0,60010597| 60095192| 60028381,Universidad Autónoma Chapingo| Instituto Dermatologico de Jalisco Dr. Jose Barba Rubio| Universidad Autónoma Metropolitana -Unidad Iztapalapa,56544749600,7004260997,6603090042,-,Mexico,1.0,1106,Food Science,5,Life Sciences & Medicine,502,Agriculture & Forestry,32,Life Sciences,32| 40| 30,"Biomedical And Clinical Sciences| Engineering| Agricultural, Veterinary And Food Sciences",3006| 3210| 4004,Food sciences| Nutrition and dietetics| Chemical engineering,-,Probiotics and Their Impact on Health,525,88.031,Yogurt Innovations in Fermentation and Probiotics,1188,98.508,Very Good,2015.0,145.0,N/A,"Crispín-Isidro, G.| Lobato-Calleros, C.| Espinosa-Andrews, H.| Alvarez-Ramirez, J.| Vernon-Carter, E.J.",Universidad Autónoma Metropolitana| Universidad Autonoma Chapingo,Mexico,0
55399527300,55399527300,In vitro digestibility of ultrasound-treated corn starch,"Flores-Silva, P.C.| Roldan-Cruz, C.A.| Chavez-Esquivel, G.| Vernon-Carter, E.J.| Bello-Perez, L.A.| Alvarez-Ramirez, J.",6.0,56056288500| 57118083700| 55773546500| 7004260997| 7003824557| 55399527300,2017.0,2017-09-01,Starch/Staerke,69,9-10,-,1700040,ISSN-00389056,26489.0,Journal,Wiley-VCH Verlag,English,0.96,32,3,31,0.725,26,2.68,103.0,139.0,2.32,9.91,3.0,11.0,0.0,0.0,"Flores-Silva, P.C., Roldan-Cruz, C.A., Chavez-Esquivel, G. and 3 more (...) (2017).In vitro digestibility of ultrasound-treated corn starch. Starch/Staerke,69(9-10) ",https://www.scopus.com/record/display.url?eid=2-s2.0-85020470675&origin=resultslist,10.1002/star.201700040,Article,,2-s2.0-85020470675,-,Universidad Autónoma Metropolitana| Instituto Politécnico Nacional,505017| 505011,Academic,2.0,60028381| 60019176,Universidad Autónoma Metropolitana -Unidad Iztapalapa| Instituto Politécnico Nacional,56056288500,55399527300,56056288500,-,Mexico,1.0,1106| 1605,Food Science| Organic Chemistry,4| 2| 5,Natural Sciences| Engineering & Technology| Life Sciences & Medicine,409| 249| 502,Chemistry| Engineering - Petroleum| Agriculture & Forestry,37| 32,Physical Sciences| Life Sciences,30| 40,"Agricultural, Veterinary And Food Sciences| Engineering",4004| 3006,Chemical engineering| Food sciences,-,Starch Properties and Applications in Food Science,737,83.584,Starch Nanoparticles: Properties and Applications,39240,94.21,Very Good,2017.0,139.0,N/A,"Flores-Silva, P.C.| Roldan-Cruz, C.A.| Chavez-Esquivel, G.| Vernon-Carter, E.J.| Bello-Perez, L.A.| Alvarez-Ramirez, J.",Universidad Autónoma Metropolitana| Instituto Politécnico Nacional,Mexico,0
55399527300,55399527300,"Effect of amylose content in morphological, functional and emulsification properties of OSA modified corn starch","Lopez-Silva, M.| Bello-Perez, L.A.| Agama-Acevedo, E.| Alvarez-Ramirez, J.",4.0,57209009277| 7003824557| 6602787983| 55399527300,2019.0,2019-12-01,Food Hydrocolloids,97,-,-,105212,ISSN-0268005X,22597.0,Journal,Elsevier B.V.,English,2.15,5,10.6,3,2.16,3,3.16,107.0,131.0,2.56,13.66,2.0,9.0,0.0,0.0,"Lopez-Silva, M., Bello-Perez, L.A., Agama-Acevedo, E. and 1 more (...) (2019).Effect of amylose content in morphological, functional and emulsification properties of OSA modified corn starch. Food Hydrocolloids,97",https://www.scopus.com/record/display.url?eid=2-s2.0-85068550905&origin=resultslist,10.1016/j.foodhyd.2019.105212,Article,,2-s2.0-85068550905,-,Universidad Autónoma Metropolitana| Instituto Politécnico Nacional,505017| 505011,Academic,2.0,60019176| 60028381,Instituto Politécnico Nacional| Universidad Autónoma Metropolitana -Unidad Iztapalapa,57209009277,55399527300,7003824557,-,Mexico,1.0,1106| 1500| 1600,Food Science| General Chemical Engineering| General Chemistry,5| 2| 4,Life Sciences & Medicine| Engineering & Technology| Natural Sciences,502| 219| 409,Agriculture & Forestry| Engineering - Chemical| Chemistry,36| 37| 32,Engineering| Physical Sciences| Life Sciences,40| 30,"Engineering| Agricultural, Veterinary And Food Sciences",3006| 4004,Food sciences| Chemical engineering,-,Starch Properties and Applications in Food Science,737,83.584,Esterification and Modification of Starch Properties,9921,96.74,Definitive,2019.0,131.0,N/A,"Lopez-Silva, M.| Bello-Perez, L.A.| Agama-Acevedo, E.| Alvarez-Ramirez, J.",Universidad Autónoma Metropolitana| Instituto Politécnico Nacional,Mexico,0
55399527300,55399527300,"Modifying the structure, physicochemical properties, and foaming ability of amaranth protein by dual pH-shifting and ultrasound treatments","Figueroa-González, J.J.| Lobato-Calleros, C.| Vernon-Carter, E.J.| Aguirre-Mandujano, E.| Alvarez-Ramirez, J.| Martínez-Velasco, A.",6.0,57288159800| 6603090042| 7004260997| 6505894687| 55399527300| 57200696660,2022.0,2022-01-01,LWT,153,-,-,112561,ISSN-00236438,20744.0,Journal,Academic Press,English,1.49,13,9.6,10,1.173,7,1.77,63.0,126.0,8.56,13.67,1.0,1.0,0.0,0.0,"Figueroa-González, J.J., Lobato-Calleros, C., Vernon-Carter, E.J. and 3 more (...) (2022).Modifying the structure, physicochemical properties, and foaming ability of amaranth protein by dual pH-shifting and ultrasound treatments. LWT,153",https://www.scopus.com/record/display.url?eid=2-s2.0-85116560871&origin=resultslist,10.1016/j.lwt.2021.112561,Article,Hybrid gold,2-s2.0-85116560871,-,Universidad Autónoma Metropolitana| Universidad Autonoma Chapingo,505017| 505047,Academic,2.0,60010597| 60028381| 60194954,Universidad Autónoma Chapingo| Universidad Autónoma Metropolitana -Unidad Iztapalapa| Universidad Intercultural del Estado de Puebla,57288159800,57200696660,6603090042,-,Mexico,1.0,1106,Food Science,5,Life Sciences & Medicine,502,Agriculture & Forestry,32,Life Sciences,40| 30| 32,"Engineering| Agricultural, Veterinary And Food Sciences| Biomedical And Clinical Sciences",3006| 3210| 4004,Food sciences| Nutrition and dietetics| Chemical engineering,-,Protein Emulsification and Functional Food Applications,582,95.487,Functional Properties of Plant Proteins in Food Applications,4008,99.802,Definitive,2022.0,126.0,N/A,"Figueroa-González, J.J.| Lobato-Calleros, C.| Vernon-Carter, E.J.| Aguirre-Mandujano, E.| Alvarez-Ramirez, J.| Martínez-Velasco, A.",Universidad Autónoma Metropolitana| Universidad Autonoma Chapingo,Mexico,0
55399527300,55399527300,Effect of the weight ratio of alginate-modified tapioca starch on the physicochemical properties and release kinetics of chlorogenic acid containing beads,"Lozano-Vazquez, G.| Lobato-Calleros, C.| Escalona-Buendia, H.| Chavez, G.| Alvarez-Ramirez, J.| Vernon-Carter, E.J.",6.0,56566709400| 6603090042| 57194437346| 55773546500| 55399527300| 7004260997,2015.0,2015-06-01,Food Hydrocolloids,48,-,301-311,-,ISSN-0268005X,22597.0,Journal,Elsevier B.V.,English,2.01,6,7,5,1.802,4,1.8,93.0,125.0,2.76,9.44,3.0,9.0,1.0,0.0,"Lozano-Vazquez, G., Lobato-Calleros, C., Escalona-Buendia, H. and 3 more (...) (2015).Effect of the weight ratio of alginate-modified tapioca starch on the physicochemical properties and release kinetics of chlorogenic acid containing beads. Food Hydrocolloids,48301-311",https://www.scopus.com/record/display.url?eid=2-s2.0-84925379902&origin=resultslist,10.1016/j.foodhyd.2015.02.032,Article,,2-s2.0-84925379902,-,Universidad Autónoma Metropolitana| Universidad Autonoma Chapingo,505017| 505047,Academic,2.0,60028381| 60010597,Universidad Autónoma Metropolitana -Unidad Iztapalapa| Universidad Autónoma Chapingo,56566709400,7004260997,55399527300,-,Mexico,1.0,1106| 1500| 1600,Food Science| General Chemical Engineering| General Chemistry,4| 2| 5,Natural Sciences| Engineering & Technology| Life Sciences & Medicine,409| 219| 502,Chemistry| Engineering - Chemical| Agriculture & Forestry,32| 36| 37,Life Sciences| Engineering| Physical Sciences,40| 30,"Engineering| Agricultural, Veterinary And Food Sciences",3006| 4004,Food sciences| Chemical engineering,-,Innovative Drug Delivery Systems for Enhanced Absorption,147,89.47,Alginate-Based Systems for Enhanced Bioactive Delivery,93662,86.081,Defensible,2015.0,125.0,N/A,"Lozano-Vazquez, G.| Lobato-Calleros, C.| Escalona-Buendia, H.| Chavez, G.| Alvarez-Ramirez, J.| Vernon-Carter, E.J.",Universidad Autónoma Metropolitana| Universidad Autonoma Chapingo,Mexico,0
55399527300,55399527300,Co-encapsulation of bioactive compounds from blackberry juice and probiotic bacteria in biopolymeric matrices,"Colín-Cruz, M.A.| Pimentel-González, D.J.| Carrillo-Navas, H.| Alvarez-Ramírez, J.| Guadarrama-Lezama, A.Y.",5.0,54885982200| 24559585700| 51565848600| 55399527300| 42861398100,2019.0,2019-08-01,LWT,110,-,94-101,-,ISSN-00236438,20744.0,Journal,Academic Press,English,1.66,10,6.4,10,1.313,9,3.02,111.0,110.0,3.97,11.84,3.0,5.0,0.0,0.0,"Colín-Cruz, M.A., Pimentel-González, D.J., Carrillo-Navas, H. and 2 more (...) (2019).Co-encapsulation of bioactive compounds from blackberry juice and probiotic bacteria in biopolymeric matrices. LWT,11094-101",https://www.scopus.com/record/display.url?eid=2-s2.0-85064661243&origin=resultslist,10.1016/j.lwt.2019.04.064,Article,,2-s2.0-85064661243,-,Universidad Autónoma Metropolitana| Universidad Autonoma del Estado de Mexico,505017| 505051,Academic,2.0,60002281| 60028381| 128382564,Universidad Autónoma del Estado de México| Universidad Autónoma Metropolitana -Unidad Iztapalapa| Malvern Panalytical,54885982200,42861398100,42861398100,-,Mexico,1.0,1106,Food Science,5,Life Sciences & Medicine,502,Agriculture & Forestry,32,Life Sciences,30| 32| 40,"Agricultural, Veterinary And Food Sciences| Biomedical And Clinical Sciences| Engineering",4004| 3006| 3210,Chemical engineering| Food sciences| Nutrition and dietetics,-,Innovative Drug Delivery Systems for Enhanced Absorption,147,89.47,Microencapsulation Techniques for Enhanced Food Stability,2264,99.337,Very Good,2019.0,110.0,N/A,"Colín-Cruz, M.A.| Pimentel-González, D.J.| Carrillo-Navas, H.| Alvarez-Ramírez, J.| Guadarrama-Lezama, A.Y.",Universidad Autónoma Metropolitana| Universidad Autonoma del Estado de Mexico,Mexico,0
55399527300,55399527300,Effects of dry heat treatment temperature on the structure of wheat flour and starch in vitro digestibility of bread,"González, M.| Vernon-Carter, E.J.| Alvarez-Ramirez, J.| Carrera-Tarela, Y.",4.0,57211589226| 7004260997| 55399527300| 57202785984,2021.0,2021-01-01,International Journal of Biological Macromolecules,166,-,1439-1447,-,ISSN-01418130,17544.0,Journal,Elsevier B.V.,English,1.41,16,11.6,10,1.1,17,2.49,59.0,107.0,5.0,14.99,2.0,3.0,0.0,0.0,"González, M., Vernon-Carter, E.J., Alvarez-Ramirez, J. and 1 more (...) (2021).Effects of dry heat treatment temperature on the structure of wheat flour and starch in vitro digestibility of bread. International Journal of Biological Macromolecules,1661439-1447",https://www.scopus.com/record/display.url?eid=2-s2.0-85096123403&origin=resultslist,10.1016/j.ijbiomac.2020.11.023,Article,,2-s2.0-85096123403,33188811,Universidad Autónoma Metropolitana,505017,Academic,1.0,60028381,Universidad Autónoma Metropolitana -Unidad Iztapalapa,57211589226,57202785984,55399527300,-,Mexico,1.0,1303| 1312| 1315,Biochemistry| Molecular Biology| Structural Biology,5,Life Sciences & Medicine,507,Biological Sciences,32,Life Sciences,31,Biological Sciences,3101,Biochemistry and cell biology,-,Starch Properties and Applications in Food Science,737,83.584,Starch Properties and Applications in Food Science,99,99.766,Very Good,2021.0,107.0,N/A,"González, M.| Vernon-Carter, E.J.| Alvarez-Ramirez, J.| Carrera-Tarela, Y.",Universidad Autónoma Metropolitana,Mexico,0
55399527300,55399527300,"Effect of ultrasonic treatment on the morphological, physicochemical, functional, and rheological properties of starches with different granule size","Carmona-García, R.| Bello-Pérez, L.A.| Aguirre-Cruz, A.| Aparicio-Saguilán, A.| Hernández-Torres, J.| Alvarez-Ramirez, J.",6.0,56002758000| 7003824557| 9733053500| 8976661400| 16024672100| 55399527300,2016.0,2016-09-01,Starch/Staerke,68,9-10,972-979,-,ISSN-00389056,26489.0,Journal,Wiley-VCH Verlag,English,1,28,2.7,31,0.604,32,3.09,122.0,106.0,2.05,9.27,4.0,13.0,0.0,0.0,"Carmona-García, R., Bello-Pérez, L.A., Aguirre-Cruz, A. and 3 more (...) (2016).Effect of ultrasonic treatment on the morphological, physicochemical, functional, and rheological properties of starches with different granule size. Starch/Staerke,68(9-10) 972-979",https://www.scopus.com/record/display.url?eid=2-s2.0-84985990216&origin=resultslist,10.1002/star.201600019,Article,,2-s2.0-84985990216,-,Universidad Autónoma Metropolitana| Universidad del Papaloapan| Instituto Politécnico Nacional| Universidad Veracruzana,505017| 714298| 505011| 505056,Academic,4.0,114464659| 60019176| 60084236| 60007909| 60028381,Instituto Tecnológico de Tuxtepec| Instituto Politécnico Nacional| Universidad del Papaloapan| Universidad Veracruzana| Universidad Autónoma Metropolitana -Unidad Iztapalapa,56002758000,55399527300,9733053500,-,Mexico,1.0,1106| 1605,Food Science| Organic Chemistry,4| 2| 5,Natural Sciences| Engineering & Technology| Life Sciences & Medicine,502| 409| 249,Agriculture & Forestry| Chemistry| Engineering - Petroleum,37| 32,Physical Sciences| Life Sciences,30| 40,"Agricultural, Veterinary And Food Sciences| Engineering",4004| 3006,Chemical engineering| Food sciences,-,Starch Properties and Applications in Food Science,737,83.584,Starch Nanoparticles: Properties and Applications,39240,94.21,Very Good,2016.0,106.0,N/A,"Carmona-García, R.| Bello-Pérez, L.A.| Aguirre-Cruz, A.| Aparicio-Saguilán, A.| Hernández-Torres, J.| Alvarez-Ramirez, J.",Universidad Autónoma Metropolitana| Universidad del Papaloapan| Instituto Politécnico Nacional| Universidad Veracruzana,Mexico,0
55399527300,55399527300,The kinetic parameters of the Oxygen Evolution Reaction (OER) calculated on inactive anodes via EIS transfer functions: •OH formation,"García-Osorio, D.A.| Jaimes, R.| Vazquez-Arenas, J.| Lara, R.H.| Alvarez-Ramirez, J.",5.0,56328496400| 56986196500| 56013705500| 56335217900| 55399527300,2017.0,2017-01-01,Journal of the Electrochemical Society,164,11,E3321-E3328,-,ISSN-00134651,25169.0,Journal,Electrochemical Society Inc.,English,1.04,27,5.3,11,1.267,9,1.48,61.0,101.0,2.98,11.76,4.0,7.0,0.0,0.0,"García-Osorio, D.A., Jaimes, R., Vazquez-Arenas, J. and 2 more (...) (2017).The kinetic parameters of the Oxygen Evolution Reaction (OER) calculated on inactive anodes via EIS transfer functions: •OH formation. Journal of the Electrochemical Society,164(11) E3321-E3328",https://www.scopus.com/record/display.url?eid=2-s2.0-85021856426&origin=resultslist,10.1149/2.0321711jes,Article,Hybrid gold,2-s2.0-85021856426,-,Universidad Autónoma Metropolitana| Universidad Juarez del Estado de Durango,505017| 704853,Academic,2.0,60028381| 60014403,Universidad Autónoma Metropolitana -Unidad Iztapalapa| Universidad Juárez del Estado de Durango,56328496400,55399527300,-,-,Mexico,1.0,1603| 2105| 2504| 2505| 2508| 3104,"Electrochemistry| Renewable Energy, Sustainability and the Environment| Electronic, Optical and Magnetic Materials| Materials Chemistry| Surfaces, Coatings and Films| Condensed Matter Physics",4| 2,Natural Sciences| Engineering & Technology,433| 439| 221| 409,Materials Science| Physics & Astronomy| Engineering - Electrical & Electronic| Chemistry,37| 36,Physical Sciences| Engineering,40| 34,Engineering| Chemical Sciences,3406| 4016,Physical chemistry| Materials engineering,-,Innovative Approaches in Wastewater Treatment Technologies,433,93.264,Electrochemical Techniques for Wastewater Degradation,336,99.825,Very Good,2017.0,101.0,N/A,"García-Osorio, D.A.| Jaimes, R.| Vazquez-Arenas, J.| Lara, R.H.| Alvarez-Ramirez, J.",Universidad Autónoma Metropolitana| Universidad Juarez del Estado de Durango,Mexico,0
55399527300,55399527300,"Effects of candelilla wax/canola oil oleogel on the rheology, texture, thermal properties and in vitro starch digestibility of wheat sponge cake bread","Alvarez-Ramirez, J.| Vernon-Carter, E.J.| Carrera-Tarela, Y.| Garcia, A.| Roldan-Cruz, C.",5.0,55399527300| 7004260997| 57202785984| 57192004816| 57118083700,2020.0,2020-08-01,LWT,130,-,-,109701,ISSN-00236438,20744.0,Journal,Academic Press,English,1.58,12,6.7,12,1.258,10,2.85,94.0,101.0,3.76,12.49,3.0,5.0,0.0,0.0,"Alvarez-Ramirez, J., Vernon-Carter, E.J., Carrera-Tarela, Y. and 2 more (...) (2020).Effects of candelilla wax/canola oil oleogel on the rheology, texture, thermal properties and in vitro starch digestibility of wheat sponge cake bread. LWT,130",https://www.scopus.com/record/display.url?eid=2-s2.0-85086376568&origin=resultslist,10.1016/j.lwt.2020.109701,Article,,2-s2.0-85086376568,-,Universidad Autónoma Metropolitana| Universidad Veracruzana,505017| 505056,Academic,2.0,60028381| 60007909,Universidad Autónoma Metropolitana -Unidad Iztapalapa| Universidad Veracruzana,55399527300,57118083700,55399527300,-,Mexico,1.0,1106,Food Science,5,Life Sciences & Medicine,502,Agriculture & Forestry,32,Life Sciences,40| 30| 32,"Engineering| Agricultural, Veterinary And Food Sciences| Biomedical And Clinical Sciences",3006| 3210| 4004,Food sciences| Nutrition and dietetics| Chemical engineering,-,Protein Emulsification and Functional Food Applications,582,95.487,Innovative Oleogels from Sunflower Oil Applications,14243,99.194,Definitive,2020.0,101.0,N/A,"Alvarez-Ramirez, J.| Vernon-Carter, E.J.| Carrera-Tarela, Y.| Garcia, A.| Roldan-Cruz, C.",Universidad Autónoma Metropolitana| Universidad Veracruzana,Mexico,0
55399527300,55399527300,Characterization of a novel complex coacervate based on whey protein isolate-tamarind seed mucilage,"González-Martínez, D.A.| Carrillo-Navas, H.| Barrera-Díaz, C.E.| Martínez-Vargas, S.L.| Alvarez-Ramírez, J.| Pérez-Alonso, C.",6.0,47960954700| 51565848600| 11240229000| 7202228189| 55399527300| 6507830886,2017.0,2017-11-01,Food Hydrocolloids,72,-,115-126,-,ISSN-0268005X,22597.0,Journal,Elsevier B.V.,English,1.99,6,8.6,3,1.991,2,4.0,137.0,100.0,2.82,10.99,4.0,8.0,0.0,0.0,"González-Martínez, D.A., Carrillo-Navas, H., Barrera-Díaz, C.E. and 3 more (...) (2017).Characterization of a novel complex coacervate based on whey protein isolate-tamarind seed mucilage. Food Hydrocolloids,72115-126",https://www.scopus.com/record/display.url?eid=2-s2.0-85020050534&origin=resultslist,10.1016/j.foodhyd.2017.05.037,Article,,2-s2.0-85020050534,-,Universidad Autónoma Metropolitana| Universidad Autonoma del Estado de Mexico,505017| 505051,Academic,2.0,60002281| 60028381,Universidad Autónoma del Estado de México| Universidad Autónoma Metropolitana -Unidad Iztapalapa,47960954700,6507830886,51565848600,-,Mexico,1.0,1106| 1500| 1600,Food Science| General Chemical Engineering| General Chemistry,2| 5| 4,Engineering & Technology| Life Sciences & Medicine| Natural Sciences,502| 219| 409,Agriculture & Forestry| Engineering - Chemical| Chemistry,32| 36| 37,Life Sciences| Engineering| Physical Sciences,40| 30,"Engineering| Agricultural, Veterinary And Food Sciences",4004| 3006,Chemical engineering| Food sciences,-,Protein Emulsification and Functional Food Applications,582,95.487,Coacervation Mechanisms in Protein-Polysaccharide Interactions,9750,97.754,Very Good,2017.0,100.0,N/A,"González-Martínez, D.A.| Carrillo-Navas, H.| Barrera-Díaz, C.E.| Martínez-Vargas, S.L.| Alvarez-Ramírez, J.| Pérez-Alonso, C.",Universidad Autónoma Metropolitana| Universidad Autonoma del Estado de Mexico,Mexico,0
55399527300,55399527300,Acid hydrolysis of waxy starches with different granule size for nanocrystal production,"Sanchez de la Concha, B.B.| Agama-Acevedo, E.| Nuñez-Santiago, M.C.| Bello-Perez, L.A.| Garcia, H.S.| Alvarez-Ramirez, J.",6.0,57196356009| 6602787983| 6506330635| 7003824557| 7202282374| 55399527300,2018.0,2018-01-01,Journal of Cereal Science,79,-,193-200,-,ISSN-07335210,34814.0,Journal,Academic Press,English,1.37,16,4,22,1.054,13,1.83,91.0,83.0,2.18,12.37,5.0,12.0,0.0,0.0,"Sanchez de la Concha, B.B., Agama-Acevedo, E., Nuñez-Santiago, M.C. and 3 more (...) (2018).Acid hydrolysis of waxy starches with different granule size for nanocrystal production. Journal of Cereal Science,79193-200",https://www.scopus.com/record/display.url?eid=2-s2.0-85032745645&origin=resultslist,10.1016/j.jcs.2017.10.018,Article,,2-s2.0-85032745645,-,Universidad Autónoma Metropolitana| Instituto Tecnológico de Veracruz| Instituto Politécnico Nacional,505017| 714291| 505011,Academic,3.0,60019176| 60026100| 60028381,Instituto Politécnico Nacional| Instituto Tecnológico de Veracruz| Universidad Autónoma Metropolitana -Unidad Iztapalapa,57196356009,55399527300,6602787983,-,Mexico,1.0,1106| 1303,Food Science| Biochemistry,5,Life Sciences & Medicine,507| 502,Biological Sciences| Agriculture & Forestry,32,Life Sciences,40| 30| 31,"Engineering| Agricultural, Veterinary And Food Sciences| Biological Sciences",-,-,-,Starch Properties and Applications in Food Science,737,83.584,Starch Nanoparticles: Properties and Applications,39240,94.21,Very Good,2018.0,83.0,N/A,"Sanchez de la Concha, B.B.| Agama-Acevedo, E.| Nuñez-Santiago, M.C.| Bello-Perez, L.A.| Garcia, H.S.| Alvarez-Ramirez, J.",Universidad Autónoma Metropolitana| Instituto Tecnológico de Veracruz| Instituto Politécnico Nacional,Mexico,0
55399527300,55399527300,Stabilization of oil-in-water-in-oil (O1/W/O2) Pickering double emulsions by soluble and insoluble whey protein concentrate-gum Arabic complexes used as inner and outer interfaces,"Estrada-Fernández, A.G.| Román-Guerrero, A.| Jiménez-Alvarado, R.| Lobato-Calleros, C.| Alvarez-Ramirez, J.| Vernon-Carter, E.J.",6.0,56305433200| 56013603800| 6504756634| 6603090042| 55399527300| 7004260997,2018.0,2018-03-01,Journal of Food Engineering,221,-,35-44,-,ISSN-02608774,20586.0,Journal,Elsevier Ltd,English,1.73,9,6.7,6,1.277,9,3.22,155.0,76.0,2.81,11.38,6.0,8.0,2.0,0.0,"Estrada-Fernández, A.G., Román-Guerrero, A., Jiménez-Alvarado, R. and 3 more (...) (2018).Stabilization of oil-in-water-in-oil (O1/W/O2) Pickering double emulsions by soluble and insoluble whey protein concentrate-gum Arabic complexes used as inner and outer interfaces. Journal of Food Engineering,22135-44",https://www.scopus.com/record/display.url?eid=2-s2.0-85031399124&origin=resultslist,10.1016/j.jfoodeng.2017.10.006,Article,,2-s2.0-85031399124,-,Universidad Autónoma Metropolitana| Universidad Autonoma del Estado de Hidalgo| Universidad Autonoma Chapingo,505017| 505050| 505047,Academic,3.0,60028381| 60027135| 60010597,Universidad Autónoma Metropolitana -Unidad Iztapalapa| Universidad Autónoma del Estado de Hidalgo| Universidad Autónoma Chapingo,56305433200,7004260997,7004260997,-,Mexico,1.0,1106,Food Science,5,Life Sciences & Medicine,502,Agriculture & Forestry,32,Life Sciences,30| 40,"Agricultural, Veterinary And Food Sciences| Engineering",4004| 3006,Chemical engineering| Food sciences,-,Foam and Perfluoroalkyl Substances in Environmental Applications,888,95.553,Stability and Applications of Pickering Emulsions,2164,99.777,Very Good,2018.0,76.0,N/A,"Estrada-Fernández, A.G.| Román-Guerrero, A.| Jiménez-Alvarado, R.| Lobato-Calleros, C.| Alvarez-Ramirez, J.| Vernon-Carter, E.J.",Universidad Autónoma Metropolitana| Universidad Autonoma del Estado de Hidalgo| Universidad Autonoma Chapingo,Mexico,0
55399527300,55399527300,"Effect of the addition order and amylose content on mechanical, barrier and structural properties of films made with starch and montmorillonite","Romero-Bastida, C.A.| Bello-Pérez, L.A.| Velazquez, G.| Alvarez-Ramirez, J.",4.0,8249599800| 7003824557| 57209239720| 55399527300,2015.0,2015-08-20,Carbohydrate Polymers,127,-,195-201,-,ISSN-01448617,25801.0,Journal,Elsevier Ltd,English,1.84,7,7.8,5,1.44,7,4.05,118.0,75.0,3.47,8.94,7.0,6.0,0.0,0.0,"Romero-Bastida, C.A., Bello-Pérez, L.A., Velazquez, G. and 1 more (...) (2015).Effect of the addition order and amylose content on mechanical, barrier and structural properties of films made with starch and montmorillonite. Carbohydrate Polymers,127195-201",https://www.scopus.com/record/display.url?eid=2-s2.0-84926452465&origin=resultslist,10.1016/j.carbpol.2015.03.074,Article,,2-s2.0-84926452465,25965474,Universidad Autónoma Metropolitana| Instituto Politécnico Nacional,505017| 505011,Academic,2.0,60013076| 60019176| 60028381,Centro de Investigacion en Ciencia Aplicada y Tecnologia Avanzada| Instituto Politécnico Nacional| Universidad Autónoma Metropolitana -Unidad Iztapalapa,8249599800,55399527300,7003824557,-,Mexico,1.0,1605| 2505| 2507,Organic Chemistry| Materials Chemistry| Polymers and Plastics,2| 4,Engineering & Technology| Natural Sciences,433| 409| 249,Materials Science| Chemistry| Engineering - Petroleum,37| 36,Physical Sciences| Engineering,30| 40| 31,"Agricultural, Veterinary And Food Sciences| Engineering| Biological Sciences",4004| 3101| 3006,Chemical engineering| Biochemistry and cell biology| Food sciences,-,Biodegradable Polymers and Microplastics in Environment,333,99.673,Mechanical Properties of Starch-Based Composites,2897,97.594,Very Good,2015.0,75.0,N/A,"Romero-Bastida, C.A.| Bello-Pérez, L.A.| Velazquez, G.| Alvarez-Ramirez, J.",Universidad Autónoma Metropolitana| Instituto Politécnico Nacional,Mexico,0
55399527300,55399527300,In vitro digestibility characteristics of octenyl succinic acid (OSA) modified starch with different amylose content,"Lopez-Silva, M.| Bello-Perez, L.A.| Castillo-Rodriguez, V.M.| Agama-Acevedo, E.| Alvarez-Ramirez, J.",5.0,57209009277| 7003824557| 57210832455| 6602787983| 55399527300,2020.0,2020-01-30,Food Chemistry,304,-,-,125434,ISSN-03088146,24039.0,Journal,Elsevier Ltd,English,2.23,5,11.9,3,1.772,4,1.95,140.0,73.0,2.57,14.03,5.0,9.0,0.0,0.0,"Lopez-Silva, M., Bello-Perez, L.A., Castillo-Rodriguez, V.M. and 2 more (...) (2020).In vitro digestibility characteristics of octenyl succinic acid (OSA) modified starch with different amylose content. Food Chemistry,304",https://www.scopus.com/record/display.url?eid=2-s2.0-85071643929&origin=resultslist,10.1016/j.foodchem.2019.125434,Article,,2-s2.0-85071643929,31491711,Universidad Autónoma Metropolitana| Zamorano University| Instituto Politécnico Nacional,505017| 721921| 505011,Academic,3.0,60019176| 60072882| 60028381,Instituto Politécnico Nacional| Universidad Zamorano| Universidad Autónoma Metropolitana -Unidad Iztapalapa,57209009277,55399527300,7003824557,-,Mexico| Honduras,2.0,1106| 1602,Food Science| Analytical Chemistry,5| 4,Life Sciences & Medicine| Natural Sciences,409| 502,Chemistry| Agriculture & Forestry,32| 37,Life Sciences| Physical Sciences,30,"Agricultural, Veterinary And Food Sciences",3006,Food sciences,-,Starch Properties and Applications in Food Science,737,83.584,Esterification and Modification of Starch Properties,9921,96.74,Definitive,2020.0,73.0,N/A,"Lopez-Silva, M.| Bello-Perez, L.A.| Castillo-Rodriguez, V.M.| Agama-Acevedo, E.| Alvarez-Ramirez, J.",Universidad Autónoma Metropolitana| Zamorano University| Instituto Politécnico Nacional,Mexico| Honduras,0
55399527300,55399527300,Assessing the stability of Tween 80-based O/W emulsions with cyclic voltammetry and electrical impedance spectroscopy,"Roldan-Cruz, C.| Vernon-Carter, E.J.| Alvarez-Ramirez, J.",3.0,57118083700| 7004260997| 55399527300,2016.0,2016-12-20,Colloids and Surfaces A: Physicochemical and Engineering Aspects,511,-,145-152,-,ISSN-09277757,26589.0,Journal,Elsevier B.V.,English,1.13,22,4.9,21,0.812,43,1.5,77.0,69.0,0.53,13.12,7.0,45.0,0.0,0.0,"Roldan-Cruz, C., Vernon-Carter, E.J., Alvarez-Ramirez, J. (2016).Assessing the stability of Tween 80-based O/W emulsions with cyclic voltammetry and electrical impedance spectroscopy. Colloids and Surfaces A: Physicochemical and Engineering Aspects,511145-152",https://www.scopus.com/record/display.url?eid=2-s2.0-84988931557&origin=resultslist,10.1016/j.colsurfa.2016.09.074,Article,,2-s2.0-84988931557,-,Universidad Autónoma Metropolitana,505017,Academic,1.0,60028381,Universidad Autónoma Metropolitana -Unidad Iztapalapa,57118083700,55399527300,55399527300,-,Mexico,1.0,1505| 1606| 3110,Colloid and Surface Chemistry| Physical and Theoretical Chemistry| Surfaces and Interfaces,2| 4,Engineering & Technology| Natural Sciences,439| 219| 409| 249,Physics & Astronomy| Engineering - Chemical| Chemistry| Engineering - Petroleum,36| 37,Engineering| Physical Sciences,34| 51| 40,Chemical Sciences| Physical Sciences| Engineering,-,-,-,Innovative Drug Delivery Systems for Enhanced Absorption,147,89.47,Nanoemulsions in Drug Delivery and Food Applications,5906,98.824,Defensible,2016.0,69.0,N/A,"Roldan-Cruz, C.| Vernon-Carter, E.J.| Alvarez-Ramirez, J.",Universidad Autónoma Metropolitana,Mexico,0
55399527300,55399527300,Physicochemical characterisation of hawthorn pectins and their performing in stabilising oil-in-water emulsions,"Cuevas-Bernardino, J.C.| Lobato-Calleros, C.| Román-Guerrero, A.| Alvarez-Ramirez, J.| Vernon-Carter, E.J.",5.0,57188803168| 6603090042| 56013603800| 55399527300| 7004260997,2016.0,2016-06-01,Reactive and Functional Polymers,103,-,63-71,-,ISSN-13815148,14240.0,Journal,Elsevier B.V.,English,1.1,24,5.2,12,0.871,15,2.32,91.0,69.0,1.79,10.61,7.0,15.0,0.0,0.0,"Cuevas-Bernardino, J.C., Lobato-Calleros, C., Román-Guerrero, A. and 2 more (...) (2016).Physicochemical characterisation of hawthorn pectins and their performing in stabilising oil-in-water emulsions. Reactive and Functional Polymers,10363-71",https://www.scopus.com/record/display.url?eid=2-s2.0-84963614698&origin=resultslist,10.1016/j.reactfunctpolym.2016.03.024,Article,,2-s2.0-84963614698,-,Universidad Autónoma Metropolitana| Universidad Autonoma Chapingo,505017| 505047,Academic,2.0,60028381| 60010597,Universidad Autónoma Metropolitana -Unidad Iztapalapa| Universidad Autónoma Chapingo,57188803168,7004260997,7004260997,-,Mexico,1.0,1303| 1500| 1600| 2304| 2505| 2507,Biochemistry| General Chemical Engineering| General Chemistry| Environmental Chemistry| Materials Chemistry| Polymers and Plastics,5| 2| 4,Life Sciences & Medicine| Engineering & Technology| Natural Sciences,507| 433| 249| 409| 219| 424,Biological Sciences| Materials Science| Engineering - Petroleum| Chemistry| Engineering - Chemical| Environmental Sciences,32| 36| 37,Life Sciences| Engineering| Physical Sciences,40| 34,Engineering| Chemical Sciences,3403| 4004,Macromolecular and materials chemistry| Chemical engineering,-,Antioxidant Compounds and Their Medicinal Potential,6,97.711,Pectin Properties and Extraction Techniques for Diverse Applications,2290,99.455,Definitive,2016.0,69.0,N/A,"Cuevas-Bernardino, J.C.| Lobato-Calleros, C.| Román-Guerrero, A.| Alvarez-Ramirez, J.| Vernon-Carter, E.J.",Universidad Autónoma Metropolitana| Universidad Autonoma Chapingo,Mexico,0
55399527300,55399527300,Characterization of spray drying microencapsulation of almond oil into taro starch spherical aggregates,"Hoyos-Leyva, J.D.| Bello-Perez, L.A.| Agama-Acevedo, J.E.| Alvarez-Ramirez, J.| Jaramillo-Echeverry, L.M.",5.0,55680954000| 7003824557| 57204916356| 55399527300| 57204924101,2019.0,2019-03-01,LWT,101,-,526-533,-,ISSN-00236438,20744.0,Journal,Academic Press,English,1.66,10,6.4,10,1.313,9,4.04,178.0,69.0,2.87,11.84,6.0,8.0,0.0,0.0,"Hoyos-Leyva, J.D., Bello-Perez, L.A., Agama-Acevedo, J.E. and 2 more (...) (2019).Characterization of spray drying microencapsulation of almond oil into taro starch spherical aggregates. LWT,101526-533",https://www.scopus.com/record/display.url?eid=2-s2.0-85057835727&origin=resultslist,10.1016/j.lwt.2018.11.079,Article,,2-s2.0-85057835727,-,Universidad Autónoma Metropolitana| Instituto Politécnico Nacional| Universidad La Gran Colombia,505017| 505011| 709055,Academic,3.0,60019176| 60028381| 60110897,Instituto Politécnico Nacional| Universidad Autónoma Metropolitana -Unidad Iztapalapa| Universidad La Gran Colombia,55680954000,57204924101,7003824557,-,Mexico| Colombia,2.0,1106,Food Science,5,Life Sciences & Medicine,502,Agriculture & Forestry,32,Life Sciences,30| 40| 32,"Agricultural, Veterinary And Food Sciences| Engineering| Biomedical And Clinical Sciences",3006| 4004| 3210,Food sciences| Chemical engineering| Nutrition and dietetics,-,Innovative Drug Delivery Systems for Enhanced Absorption,147,89.47,Microencapsulation Techniques for Enhanced Food Stability,2264,99.337,Definitive,2019.0,69.0,N/A,"Hoyos-Leyva, J.D.| Bello-Perez, L.A.| Agama-Acevedo, J.E.| Alvarez-Ramirez, J.| Jaramillo-Echeverry, L.M.",Universidad Autónoma Metropolitana| Instituto Politécnico Nacional| Universidad La Gran Colombia,Mexico| Colombia,0
55399527300,55399527300,Thermodynamic sorption properties and glass transition temperature of tamarind seed mucilage (Tamarindus indica L.),"Alpizar-Reyes, E.| Carrillo-Navas, H.| Romero-Romero, R.| Varela-Guerrero, V.| Alvarez-Ramírez, J.| Pérez-Alonso, C.",6.0,57192102030| 51565848600| 7402214317| 36473983700| 55399527300| 6507830886,2017.0,2017-01-01,Food and Bioproducts Processing,101,-,166-176,-,ISSN-09603085,15627.0,Journal,Institution of Chemical Engineers,English,1.34,16,4.4,15,0.957,14,2.23,89.0,68.0,2.62,10.69,7.0,9.0,0.0,0.0,"Alpizar-Reyes, E., Carrillo-Navas, H., Romero-Romero, R. and 3 more (...) (2017).Thermodynamic sorption properties and glass transition temperature of tamarind seed mucilage (Tamarindus indica L.). Food and Bioproducts Processing,101166-176",https://www.scopus.com/record/display.url?eid=2-s2.0-84997124320&origin=resultslist,10.1016/j.fbp.2016.11.006,Article,Green,2-s2.0-84997124320,-,Universidad Autónoma Metropolitana| Universidad Autonoma del Estado de Mexico| Universidad Nacional Autónoma de México,505017| 505051| 505023,Academic,3.0,60002281| 60028381| 60175860,Universidad Autónoma del Estado de México| Universidad Autónoma Metropolitana -Unidad Iztapalapa| Centro Conjunto de Investigación en Química Sustentable UAEM-UNAM,57192102030,6507830886,6507830886,-,Mexico,1.0,1106| 1303| 1305| 1500,Food Science| Biochemistry| Biotechnology| General Chemical Engineering,5| 2,Life Sciences & Medicine| Engineering & Technology,502| 507| 219,Agriculture & Forestry| Biological Sciences| Engineering - Chemical,36| 32,Engineering| Life Sciences,40| 30| 31,"Engineering| Agricultural, Veterinary And Food Sciences| Biological Sciences",3106| 4004| 3006,Industrial biotechnology| Chemical engineering| Food sciences,-,Moisture Dynamics and Energy Efficiency in Drying,817,73.185,Water Activity and Moisture Dynamics,5092,83.705,Definitive,2017.0,68.0,N/A,"Alpizar-Reyes, E.| Carrillo-Navas, H.| Romero-Romero, R.| Varela-Guerrero, V.| Alvarez-Ramírez, J.| Pérez-Alonso, C.",Universidad Autónoma Metropolitana| Universidad Autonoma del Estado de Mexico| Universidad Nacional Autónoma de México,Mexico,0
55399527300,55399527300,"Physicochemical, digestibility and structural characteristics of starch isolated from banana cultivars","Agama-Acevedo, E.| Nuñez-Santiago, M.C.| Alvarez-Ramirez, J.| Bello-Pérez, L.A.",4.0,6602787983| 6506330635| 55399527300| 7003824557,2015.0,2015-06-25,Carbohydrate Polymers,124,-,17-24,-,ISSN-01448617,25801.0,Journal,Elsevier Ltd,English,1.84,7,7.8,5,1.44,7,3.27,108.0,68.0,1.9,8.94,8.0,14.0,0.0,0.0,"Agama-Acevedo, E., Nuñez-Santiago, M.C., Alvarez-Ramirez, J. and 1 more (...) (2015).Physicochemical, digestibility and structural characteristics of starch isolated from banana cultivars. Carbohydrate Polymers,12417-24",https://www.scopus.com/record/display.url?eid=2-s2.0-84923589775&origin=resultslist,10.1016/j.carbpol.2015.02.003,Article,,2-s2.0-84923589775,25839789,Universidad Autónoma Metropolitana| Instituto Politécnico Nacional,505017| 505011,Academic,2.0,60019176| 60028381,Instituto Politécnico Nacional| Universidad Autónoma Metropolitana -Unidad Iztapalapa,6602787983,7003824557,6602787983,-,Mexico,1.0,1605| 2505| 2507,Organic Chemistry| Materials Chemistry| Polymers and Plastics,2| 4,Engineering & Technology| Natural Sciences,433| 249| 409,Materials Science| Engineering - Petroleum| Chemistry,37| 36,Physical Sciences| Engineering,30| 40| 31,"Agricultural, Veterinary And Food Sciences| Engineering| Biological Sciences",3101| 4004| 3006,Biochemistry and cell biology| Chemical engineering| Food sciences,-,Starch Properties and Applications in Food Science,737,83.584,Starch Properties and Applications in Food Science,99,99.766,Definitive,2015.0,68.0,N/A,"Agama-Acevedo, E.| Nuñez-Santiago, M.C.| Alvarez-Ramirez, J.| Bello-Pérez, L.A.",Universidad Autónoma Metropolitana| Instituto Politécnico Nacional,Mexico,0
55399527300,55399527300,"Cooling rate, sorbitan and glyceryl monostearate gelators elicit different microstructural, viscoelastic and textural properties in chia seed oleogels","Trujillo-Ramírez, D.| Lobato-Calleros, C.| Jaime Vernon-Carter, E.| Alvarez-Ramirez, J.",4.0,57200720193| 6603090042| 7004260997| 55399527300,2019.0,2019-05-01,Food Research International,119,-,829-838,-,ISSN-09639969,23180.0,Journal,Elsevier Ltd,English,1.66,10,6.2,11,1.44,6,1.33,55.0,68.0,2.37,11.84,6.0,10.0,1.0,0.0,"Trujillo-Ramírez, D., Lobato-Calleros, C., Jaime Vernon-Carter, E. and 1 more (...) (2019).Cooling rate, sorbitan and glyceryl monostearate gelators elicit different microstructural, viscoelastic and textural properties in chia seed oleogels. Food Research International,119829-838",https://www.scopus.com/record/display.url?eid=2-s2.0-85055576261&origin=resultslist,10.1016/j.foodres.2018.10.066,Article,,2-s2.0-85055576261,30884722,Universidad Autónoma Metropolitana| Universidad Autonoma Chapingo,505017| 505047,Academic,2.0,60028381| 60010597,Universidad Autónoma Metropolitana -Unidad Iztapalapa| Universidad Autónoma Chapingo,57200720193,55399527300,7004260997,-,Mexico,1.0,1106,Food Science,5,Life Sciences & Medicine,502,Agriculture & Forestry,32,Life Sciences,30| 40| 32,"Agricultural, Veterinary And Food Sciences| Engineering| Biomedical And Clinical Sciences",4004| 3210| 3006,Chemical engineering| Nutrition and dietetics| Food sciences,-,Protein Emulsification and Functional Food Applications,582,95.487,Innovative Oleogels from Sunflower Oil Applications,14243,99.194,Definitive,2019.0,68.0,N/A,"Trujillo-Ramírez, D.| Lobato-Calleros, C.| Jaime Vernon-Carter, E.| Alvarez-Ramirez, J.",Universidad Autónoma Metropolitana| Universidad Autonoma Chapingo,Mexico,0
55399527300,55399527300,"Extrusion pregelatinization improves texture, viscoelasticity and in vitro starch digestibility of mango and amaranth flours","Garcia-Valle, D.E.| Agama-Acevedo, E.| Nuñez-Santiago, M.D.C.| Alvarez-Ramirez, J.| Bello-Pérez, L.A.",5.0,57204516373| 6602787983| 6506330635| 55399527300| 7003824557,2021.0,2021-05-01,Journal of Functional Foods,80,-,-,104441,ISSN-17564646,17500155016.0,Journal,Elsevier Ltd,English,1.19,23,8.2,10,0.861,16,5.24,132.0,65.0,4.38,11.41,5.0,4.0,0.0,0.0,"Garcia-Valle, D.E., Agama-Acevedo, E., Nuñez-Santiago, M.D.C. and 2 more (...) (2021).Extrusion pregelatinization improves texture, viscoelasticity and in vitro starch digestibility of mango and amaranth flours. Journal of Functional Foods,80",https://www.scopus.com/record/display.url?eid=2-s2.0-85103123244&origin=resultslist,10.1016/j.jff.2021.104441,Article,Gold|Green,2-s2.0-85103123244,-,Universidad Autónoma Metropolitana| Instituto Politécnico Nacional,505017| 505011,Academic,2.0,60019176| 60028381,Instituto Politécnico Nacional| Universidad Autónoma Metropolitana -Unidad Iztapalapa,57204516373,7003824557,7003824557,-,Mexico,1.0,1106| 2701| 2916,Food Science| Medicine (miscellaneous)| Nutrition and Dietetics,5,Life Sciences & Medicine,532| 534| 502,Medicine| Nursing| Agriculture & Forestry,32| 34,Life Sciences| Medical and Health,30| 32,"Agricultural, Veterinary And Food Sciences| Biomedical And Clinical Sciences",3210| 3006,Nutrition and dietetics| Food sciences,-,Starch Properties and Applications in Food Science,737,83.584,Starch Properties and Applications in Food Science,99,99.766,Very Good,2021.0,65.0,N/A,"Garcia-Valle, D.E.| Agama-Acevedo, E.| Nuñez-Santiago, M.D.C.| Alvarez-Ramirez, J.| Bello-Pérez, L.A.",Universidad Autónoma Metropolitana| Instituto Politécnico Nacional,Mexico,0
55399527300,55399527300,Structural characteristics and in vitro starch digestibility of pasta made with durum wheat semolina and chickpea flour,"Garcia-Valle, D.E.| Bello-Pérez, L.A.| Agama-Acevedo, E.| Alvarez-Ramirez, J.",4.0,57204516373| 7003824557| 6602787983| 55399527300,2021.0,2021-06-01,LWT,145,-,-,111347,ISSN-00236438,20744.0,Journal,Academic Press,English,1.48,14,7.3,13,1.059,10,4.26,131.0,65.0,3.12,13.13,5.0,7.0,0.0,0.0,"Garcia-Valle, D.E., Bello-Pérez, L.A., Agama-Acevedo, E. and 1 more (...) (2021).Structural characteristics and in vitro starch digestibility of pasta made with durum wheat semolina and chickpea flour. LWT,145",https://www.scopus.com/record/display.url?eid=2-s2.0-85103332042&origin=resultslist,10.1016/j.lwt.2021.111347,Article,,2-s2.0-85103332042,-,Universidad Autónoma Metropolitana| Instituto Politécnico Nacional,505017| 505011,Academic,2.0,60019176| 60028381,Instituto Politécnico Nacional| Universidad Autónoma Metropolitana -Unidad Iztapalapa,57204516373,55399527300,7003824557,-,Mexico,1.0,1106,Food Science,5,Life Sciences & Medicine,502,Agriculture & Forestry,32,Life Sciences,32| 30| 40,"Biomedical And Clinical Sciences| Agricultural, Veterinary And Food Sciences| Engineering",3210| 4004| 3006,Nutrition and dietetics| Chemical engineering| Food sciences,-,Starch Properties and Applications in Food Science,737,83.584,Enhancing Pasta Quality through Nutritional Innovations,11437,94.228,Very Good,2021.0,65.0,N/A,"Garcia-Valle, D.E.| Bello-Pérez, L.A.| Agama-Acevedo, E.| Alvarez-Ramirez, J.",Universidad Autónoma Metropolitana| Instituto Politécnico Nacional,Mexico,0
55399527300,55399527300,"Morphological, barrier, and mechanical properties of banana starch films reinforced with cellulose nanoparticles from plantain rachis","García-Ramón, J.A.| Carmona-García, R.| Valera-Zaragoza, M.| Aparicio-Saguilán, A.| Bello-Pérez, L.A.| Aguirre-Cruz, A.| Alvarez-Ramirez, J.",7.0,57226346545| 56002758000| 13411150100| 8976661400| 7003824557| 9733053500| 55399527300,2021.0,2021-09-30,International Journal of Biological Macromolecules,187,-,35-42,-,ISSN-01418130,17544.0,Journal,Elsevier B.V.,English,1.41,16,11.6,10,1.1,17,3.35,79.0,60.0,2.8,14.99,5.0,8.0,0.0,0.0,"García-Ramón, J.A., Carmona-García, R., Valera-Zaragoza, M. and 4 more (...) (2021).Morphological, barrier, and mechanical properties of banana starch films reinforced with cellulose nanoparticles from plantain rachis. International Journal of Biological Macromolecules,18735-42",https://www.scopus.com/record/display.url?eid=2-s2.0-85111285532&origin=resultslist,10.1016/j.ijbiomac.2021.07.112,Article,,2-s2.0-85111285532,34293358,"Tecnológico Nacional de México, Mexico City| Universidad Autónoma Metropolitana| Universidad del Papaloapan| Instituto Politécnico Nacional",719128| 505017| 714298| 505011,Academic,4.0,60084236| 60134870| 60019176| 60028381,Universidad del Papaloapan| Tecnológico Nacional de México| Instituto Politécnico Nacional| Universidad Autónoma Metropolitana -Unidad Iztapalapa,57226346545,55399527300,9733053500,-,Mexico,1.0,1303| 1312| 1315,Biochemistry| Molecular Biology| Structural Biology,5,Life Sciences & Medicine,507,Biological Sciences,32,Life Sciences,31,Biological Sciences,3101,Biochemistry and cell biology,-,Cellulose Innovations in Material Science Applications,859,91.759,Cellulose Nanocrystals in Advanced Composite Materials,259,99.854,Definitive,2021.0,60.0,N/A,"García-Ramón, J.A.| Carmona-García, R.| Valera-Zaragoza, M.| Aparicio-Saguilán, A.| Bello-Pérez, L.A.| Aguirre-Cruz, A.| Alvarez-Ramirez, J.","Tecnológico Nacional de México, Mexico City| Universidad Autónoma Metropolitana| Universidad del Papaloapan| Instituto Politécnico Nacional",Mexico,0
55399527300,55399527300,"Effect of nopal mucilage addition on physical, barrier and mechanical properties of citric pectin-based films","Guadarrama-Lezama, A.Y.| Castaño, J.| Velázquez, G.| Carrillo-Navas, H.| Alvarez-Ramírez, J.",5.0,42861398100| 45761065300| 57209239720| 51565848600| 55399527300,2018.0,2018-09-01,Journal of Food Science and Technology,55,9,3739-3748,-,ISSN-00221155,20617.0,Journal,Springer,English,1.22,20,3.8,25,0.786,23,1.7,77.0,58.0,1.41,11.38,8.0,20.0,0.0,0.0,"Guadarrama-Lezama, A.Y., Castaño, J., Velázquez, G. and 2 more (...) (2018).Effect of nopal mucilage addition on physical, barrier and mechanical properties of citric pectin-based films. Journal of Food Science and Technology,55(9) 3739-3748",https://www.scopus.com/record/display.url?eid=2-s2.0-85049635372&origin=resultslist,10.1007/s13197-018-3304-x,Article,Bronze,2-s2.0-85049635372,-,Universidad Autónoma Metropolitana| Universidad San Sebastián| Universidad Autonoma del Estado de Mexico| Instituto Politécnico Nacional,505017| 705601| 505051| 505011,Academic,4.0,60002281| 60000636| 60019176| 120952224| 60028381,Universidad Autónoma del Estado de México| Universidad San Sebastián| Instituto Politécnico Nacional| Oficina 1403| Universidad Autónoma Metropolitana -Unidad Iztapalapa,42861398100,55399527300,42861398100,-,Chile| Mexico,2.0,1106,Food Science,5,Life Sciences & Medicine,502,Agriculture & Forestry,32,Life Sciences,40| 30,"Engineering| Agricultural, Veterinary And Food Sciences",3006| 4004,Food sciences| Chemical engineering,-,Chitosan Applications in Health and Food Packaging,881,93.656,Biopolymer Edible Films for Sustainable Packaging,181,99.967,Very Good,2018.0,58.0,N/A,"Guadarrama-Lezama, A.Y.| Castaño, J.| Velázquez, G.| Carrillo-Navas, H.| Alvarez-Ramírez, J.",Universidad Autónoma Metropolitana| Universidad San Sebastián| Universidad Autonoma del Estado de Mexico| Instituto Politécnico Nacional,Chile| Mexico,0
55399527300,55399527300,Effect of the degree of substitution of octenyl succinic anhydride-banana starch on emulsion stability,"Bello-Pérez, L.A.| Bello-Flores, C.A.| Del Carmen Nuñez-Santiago, M.| Coronel-Aguilera, C.P.| Alvarez-Ramirez, J.",5.0,7003824557| 56294172800| 55702520148| 56523211200| 55399527300,2015.0,2015-06-29,Carbohydrate Polymers,132,-,17-24,-,ISSN-01448617,25801.0,Journal,Elsevier Ltd,English,1.84,7,7.8,5,1.44,7,2.15,71.0,58.0,0.78,8.94,10.0,35.0,0.0,0.0,"Bello-Pérez, L.A., Bello-Flores, C.A., Del Carmen Nuñez-Santiago, M. and 2 more (...) (2015).Effect of the degree of substitution of octenyl succinic anhydride-banana starch on emulsion stability. Carbohydrate Polymers,13217-24",https://www.scopus.com/record/display.url?eid=2-s2.0-84933510448&origin=resultslist,10.1016/j.carbpol.2015.06.042,Article,,2-s2.0-84933510448,26256319,Purdue University| Universidad Autónoma Metropolitana| Instituto Politécnico Nacional,508192| 505017| 505011,Academic,3.0,60019176| 60148375| 60009254| 60028381,Instituto Politécnico Nacional| College of Agriculture| Purdue University| Universidad Autónoma Metropolitana -Unidad Iztapalapa,7003824557,55399527300,7003824557,-,Mexico| United States,2.0,1605| 2505| 2507,Organic Chemistry| Materials Chemistry| Polymers and Plastics,4| 2,Natural Sciences| Engineering & Technology,433| 409| 249,Materials Science| Chemistry| Engineering - Petroleum,36| 37,Engineering| Physical Sciences,31| 30| 40,"Biological Sciences| Agricultural, Veterinary And Food Sciences| Engineering",4004| 3101| 3006,Chemical engineering| Biochemistry and cell biology| Food sciences,-,Foam and Perfluoroalkyl Substances in Environmental Applications,888,95.553,Stability and Applications of Pickering Emulsions,2164,99.777,Very Good,2015.0,58.0,N/A,"Bello-Pérez, L.A.| Bello-Flores, C.A.| Del Carmen Nuñez-Santiago, M.| Coronel-Aguilera, C.P.| Alvarez-Ramirez, J.",Purdue University| Universidad Autónoma Metropolitana| Instituto Politécnico Nacional,Mexico| United States,0
55399527300,55399527300,"Characterization of Corn Starch-Calcium Alginate Xerogels by Microscopy, Thermal, XRD, and FTIR Analyses","Lozano-Vazquez, G.| Alvarez-Ramirez, J.| Lobato-Calleros, C.| Vernon-Carter, E.J.| Hernández-Marín, N.Y.",5.0,56566709400| 55399527300| 6603090042| 7004260997| 56052957100,2021.0,2021-07-01,Starch/Staerke,73,7-8,-,2000282,ISSN-00389056,26489.0,Journal,John Wiley and Sons Inc,English,0.79,44,4.4,30,0.557,34,1.92,52.0,55.0,2.15,12.56,6.0,11.0,0.0,0.0,"Lozano-Vazquez, G., Alvarez-Ramirez, J., Lobato-Calleros, C. and 2 more (...) (2021).Characterization of Corn Starch-Calcium Alginate Xerogels by Microscopy, Thermal, XRD, and FTIR Analyses. Starch/Staerke,73(7-8) ",https://www.scopus.com/record/display.url?eid=2-s2.0-85107031661&origin=resultslist,10.1002/star.202000282,Article,,2-s2.0-85107031661,-,Benemerita Universidad Autonoma de Puebla| Universidad Autónoma Metropolitana| Universidad Autonoma Chapingo,505001| 505017| 505047,Academic,3.0,60024830| 60028381| 60010597,Benemérita Universidad Autónoma de Puebla| Universidad Autónoma Metropolitana -Unidad Iztapalapa| Universidad Autónoma Chapingo,56566709400,56052957100,56566709400,-,Mexico,1.0,1106| 1605,Food Science| Organic Chemistry,2| 5| 4,Engineering & Technology| Life Sciences & Medicine| Natural Sciences,409| 502| 249,Chemistry| Agriculture & Forestry| Engineering - Petroleum,37| 32,Physical Sciences| Life Sciences,30| 40,"Agricultural, Veterinary And Food Sciences| Engineering",3006| 4004,Food sciences| Chemical engineering,-,Innovative Drug Delivery Systems for Enhanced Absorption,147,89.47,Properties and Applications of Alginate Hydrogels,11898,95.747,Defensible,2021.0,55.0,N/A,"Lozano-Vazquez, G.| Alvarez-Ramirez, J.| Lobato-Calleros, C.| Vernon-Carter, E.J.| Hernández-Marín, N.Y.",Benemerita Universidad Autonoma de Puebla| Universidad Autónoma Metropolitana| Universidad Autonoma Chapingo,Mexico,0
55399527300,55399527300,Rheological and thermal properties of dough and textural and microstructural features of bread obtained from nixtamalized corn/wheat flour blends,"Guadarrama-Lezama, A.Y.| Carrillo-Navas, H.| Vernon-Carter, E.J.| Alvarez-Ramirez, J.",4.0,42861398100| 51565848600| 7004260997| 55399527300,2016.0,2016-05-01,Journal of Cereal Science,69,-,158-165,-,ISSN-07335210,34814.0,Journal,Academic Press,English,1.37,14,4.1,15,1.021,13,2.15,82.0,54.0,1.23,9.74,10.0,24.0,0.0,0.0,"Guadarrama-Lezama, A.Y., Carrillo-Navas, H., Vernon-Carter, E.J. and 1 more (...) (2016).Rheological and thermal properties of dough and textural and microstructural features of bread obtained from nixtamalized corn/wheat flour blends. Journal of Cereal Science,69158-165",https://www.scopus.com/record/display.url?eid=2-s2.0-84960857559&origin=resultslist,10.1016/j.jcs.2016.03.011,Article,Green,2-s2.0-84960857559,-,Universidad Autónoma Metropolitana| Universidad Autonoma del Estado de Mexico,505017| 505051,Academic,2.0,60002281| 60028381,Universidad Autónoma del Estado de México| Universidad Autónoma Metropolitana -Unidad Iztapalapa,42861398100,55399527300,55399527300,-,Mexico,1.0,1106| 1303,Food Science| Biochemistry,5,Life Sciences & Medicine,507| 502,Biological Sciences| Agriculture & Forestry,32,Life Sciences,31| 40| 30,"Biological Sciences| Engineering| Agricultural, Veterinary And Food Sciences",-,-,-,Enhancing Cereal Quality through Genetic Insights,952,76.521,Gluten-Free Bread and Batter Quality,4023,97.741,Very Good,2016.0,54.0,N/A,"Guadarrama-Lezama, A.Y.| Carrillo-Navas, H.| Vernon-Carter, E.J.| Alvarez-Ramirez, J.",Universidad Autónoma Metropolitana| Universidad Autonoma del Estado de Mexico,Mexico,0
55399527300,55399527300,"Huauzontle (Chenopodium nuttalliae Saff.) protein: Composition, structure, physicochemical and functional properties","López-Monterrubio, D.I.| Lobato-Calleros, C.| Alvarez-Ramirez, J.| Vernon-Carter, E.J.",4.0,57217079857| 6603090042| 55399527300| 7004260997,2020.0,2020-11-01,Food Hydrocolloids,108,-,-,106043,ISSN-0268005X,22597.0,Journal,Elsevier B.V.,English,2.16,5,12.2,2,2.471,2,1.5,59.0,54.0,1.56,14.78,8.0,17.0,0.0,0.0,"López-Monterrubio, D.I., Lobato-Calleros, C., Alvarez-Ramirez, J. and 1 more (...) (2020).Huauzontle (Chenopodium nuttalliae Saff.) protein: Composition, structure, physicochemical and functional properties. Food Hydrocolloids,108",https://www.scopus.com/record/display.url?eid=2-s2.0-85086094707&origin=resultslist,10.1016/j.foodhyd.2020.106043,Article,,2-s2.0-85086094707,-,Universidad Autónoma Metropolitana| Universidad Autonoma Chapingo,505017| 505047,Academic,2.0,60028381| 60010597,Universidad Autónoma Metropolitana -Unidad Iztapalapa| Universidad Autónoma Chapingo,57217079857,7004260997,7004260997,-,Mexico,1.0,1106| 1500| 1600,Food Science| General Chemical Engineering| General Chemistry,4| 2| 5,Natural Sciences| Engineering & Technology| Life Sciences & Medicine,409| 502| 219,Chemistry| Agriculture & Forestry| Engineering - Chemical,36| 37| 32,Engineering| Physical Sciences| Life Sciences,40| 30,"Engineering| Agricultural, Veterinary And Food Sciences",3006| 4004,Food sciences| Chemical engineering,-,Protein Emulsification and Functional Food Applications,582,95.487,Functional Properties of Plant Proteins in Food Applications,4008,99.802,Very Good,2020.0,54.0,N/A,"López-Monterrubio, D.I.| Lobato-Calleros, C.| Alvarez-Ramirez, J.| Vernon-Carter, E.J.",Universidad Autónoma Metropolitana| Universidad Autonoma Chapingo,Mexico,0
55399527300,55399527300,Avocado oil encapsulation with OSA-esterified taro starch as wall material: Physicochemical and morphology characteristics,"Romero-Hernandez, H.A.| Sánchez-Rivera, M.M.| Alvarez-Ramirez, J.| Yee-Madeira, H.| Yañez-Fernandez, J.| Bello-Pérez, L.A.",6.0,57220166330| 8973742600| 55399527300| 6603737439| 6508386472| 7003824557,2021.0,2021-03-01,LWT,138,-,-,110629,ISSN-00236438,20744.0,Journal,Academic Press,English,1.48,14,7.3,13,1.059,10,4.22,135.0,53.0,3.2,13.13,6.0,6.0,0.0,0.0,"Romero-Hernandez, H.A., Sánchez-Rivera, M.M., Alvarez-Ramirez, J. and 3 more (...) (2021).Avocado oil encapsulation with OSA-esterified taro starch as wall material: Physicochemical and morphology characteristics. LWT,138",https://www.scopus.com/record/display.url?eid=2-s2.0-85097111230&origin=resultslist,10.1016/j.lwt.2020.110629,Article,,2-s2.0-85097111230,-,Universidad Autónoma Metropolitana| Instituto Politécnico Nacional,505017| 505011,Academic,2.0,60019176| 60028381,Instituto Politécnico Nacional| Universidad Autónoma Metropolitana -Unidad Iztapalapa,57220166330,7003824557,7003824557,-,Mexico,1.0,1106,Food Science,5,Life Sciences & Medicine,502,Agriculture & Forestry,32,Life Sciences,40| 30| 32,"Engineering| Agricultural, Veterinary And Food Sciences| Biomedical And Clinical Sciences",3006| 4004| 3210,Food sciences| Chemical engineering| Nutrition and dietetics,-,Starch Properties and Applications in Food Science,737,83.584,Esterification and Modification of Starch Properties,9921,96.74,Defensible,2021.0,53.0,N/A,"Romero-Hernandez, H.A.| Sánchez-Rivera, M.M.| Alvarez-Ramirez, J.| Yee-Madeira, H.| Yañez-Fernandez, J.| Bello-Pérez, L.A.",Universidad Autónoma Metropolitana| Instituto Politécnico Nacional,Mexico,0
55399527300,55399527300,"Effects of mixing, sheeting, and cooking on the starch, protein, and water structures of durum wheat semolina and chickpea flour pasta","Garcia-Valle, D.E.| Bello-Pérez, L.A.| Agama-Acevedo, E.| Alvarez-Ramirez, J.",4.0,57204516373| 7003824557| 6602787983| 55399527300,2021.0,2021-10-30,Food Chemistry,360,-,-,129993,ISSN-03088146,24039.0,Journal,Elsevier Ltd,English,2.24,5,13.1,3,1.489,4,4.35,131.0,52.0,2.26,14.57,6.0,11.0,0.0,0.0,"Garcia-Valle, D.E., Bello-Pérez, L.A., Agama-Acevedo, E. and 1 more (...) (2021).Effects of mixing, sheeting, and cooking on the starch, protein, and water structures of durum wheat semolina and chickpea flour pasta. Food Chemistry,360",https://www.scopus.com/record/display.url?eid=2-s2.0-85105495711&origin=resultslist,10.1016/j.foodchem.2021.129993,Article,,2-s2.0-85105495711,33984560,Universidad Autónoma Metropolitana| Instituto Politécnico Nacional,505017| 505011,Academic,2.0,60019176| 60028381,Instituto Politécnico Nacional| Universidad Autónoma Metropolitana -Unidad Iztapalapa,57204516373,55399527300,7003824557,-,Mexico,1.0,1106| 1602,Food Science| Analytical Chemistry,5| 4,Life Sciences & Medicine| Natural Sciences,502| 409,Agriculture & Forestry| Chemistry,37| 32,Physical Sciences| Life Sciences,30,"Agricultural, Veterinary And Food Sciences",3006,Food sciences,-,Starch Properties and Applications in Food Science,737,83.584,Enhancing Pasta Quality through Nutritional Innovations,11437,94.228,Very Good,2021.0,52.0,N/A,"Garcia-Valle, D.E.| Bello-Pérez, L.A.| Agama-Acevedo, E.| Alvarez-Ramirez, J.",Universidad Autónoma Metropolitana| Instituto Politécnico Nacional,Mexico,0
55399527300,55399527300,Physical and chemical stability of L-ascorbic acid microencapsulated into taro starch spherical aggregates by spray drying,"Hoyos-Leyva, J.D.| Chavez-Salazar, A.| Castellanos-Galeano, F.| Bello-Perez, L.A.| Alvarez-Ramirez, J.",5.0,55680954000| 57193198661| 57188586201| 7003824557| 55399527300,2018.0,2018-10-01,Food Hydrocolloids,83,-,143-152,-,ISSN-0268005X,22597.0,Journal,Elsevier B.V.,English,2.04,6,9.4,3,2.055,2,1.27,77.0,52.0,1.21,12.37,10.0,24.0,0.0,0.0,"Hoyos-Leyva, J.D., Chavez-Salazar, A., Castellanos-Galeano, F. and 2 more (...) (2018).Physical and chemical stability of L-ascorbic acid microencapsulated into taro starch spherical aggregates by spray drying. Food Hydrocolloids,83143-152",https://www.scopus.com/record/display.url?eid=2-s2.0-85056211966&origin=resultslist,10.1016/j.foodhyd.2018.05.002,Article,,2-s2.0-85056211966,-,Universidad Autónoma Metropolitana| Universidad de Caldas| Instituto Politécnico Nacional,505017| 700974| 505011,Academic,3.0,60019176| 60040209| 60028381,Instituto Politécnico Nacional| Universidad de Caldas| Universidad Autónoma Metropolitana -Unidad Iztapalapa,55680954000,55399527300,7003824557,-,Mexico| Colombia,2.0,1106| 1500| 1600,Food Science| General Chemical Engineering| General Chemistry,4| 5| 2,Natural Sciences| Life Sciences & Medicine| Engineering & Technology,502| 219| 409,Agriculture & Forestry| Engineering - Chemical| Chemistry,37| 36| 32,Physical Sciences| Engineering| Life Sciences,40| 30,"Engineering| Agricultural, Veterinary And Food Sciences",4004| 3006,Chemical engineering| Food sciences,-,Innovative Drug Delivery Systems for Enhanced Absorption,147,89.47,Microencapsulation Techniques for Enhanced Food Stability,2264,99.337,Very Good,2018.0,52.0,N/A,"Hoyos-Leyva, J.D.| Chavez-Salazar, A.| Castellanos-Galeano, F.| Bello-Perez, L.A.| Alvarez-Ramirez, J.",Universidad Autónoma Metropolitana| Universidad de Caldas| Instituto Politécnico Nacional,Mexico| Colombia,0
55399527300,55399527300,"Impact of fat replacement by a hybrid gel (canola oil/candelilla wax oleogel and gelatinized corn starch hydrogel) on dough viscoelasticity, color, texture, structure, and starch digestibility of sugar-snap cookies","Barragán-Martínez, L.P.| Román-Guerrero, A.| Vernon-Carter, E.J.| Alvarez-Ramirez, J.",4.0,57209652735| 56013603800| 7004260997| 55399527300,2022.0,2022-09-01,International Journal of Gastronomy and Food Science,29,-,-,100563,ISSN-1878450X,21100789945.0,Journal,AZTI-Tecnalia,English,1.17,22,4.5,3,0.617,6,4.2,82.0,51.0,9.34,5.03,4.0,1.0,0.0,0.0,"Barragán-Martínez, L.P., Román-Guerrero, A., Vernon-Carter, E.J. and 1 more (...) (2022).Impact of fat replacement by a hybrid gel (canola oil/candelilla wax oleogel and gelatinized corn starch hydrogel) on dough viscoelasticity, color, texture, structure, and starch digestibility of sugar-snap cookies. International Journal of Gastronomy and Food Science,29",https://www.scopus.com/record/display.url?eid=2-s2.0-85133653228&origin=resultslist,10.1016/j.ijgfs.2022.100563,Article,,2-s2.0-85133653228,-,Universidad Autónoma Metropolitana,505017,Academic,1.0,60028381,Universidad Autónoma Metropolitana -Unidad Iztapalapa,57209652735,55399527300,55399527300,-,Mexico,1.0,1106| 3316,Food Science| Cultural Studies,3| 5,Social Sciences & Management| Life Sciences & Medicine,311| 502,Communication & Media Studies| Agriculture & Forestry,40| 32,Social Sciences| Life Sciences,35| 30,"Commerce, Management, Tourism And Services| Agricultural, Veterinary And Food Sciences",3504| 3099| 3006,"Commercial services| Other agricultural, veterinary and food sciences| Food sciences",-,Protein Emulsification and Functional Food Applications,582,95.487,Innovative Oleogels from Sunflower Oil Applications,14243,99.194,Definitive,2022.0,51.0,N/A,"Barragán-Martínez, L.P.| Román-Guerrero, A.| Vernon-Carter, E.J.| Alvarez-Ramirez, J.",Universidad Autónoma Metropolitana,Mexico,0
55399527300,55399527300,A multiscale kinetics model for the analysis of starch amylolysis,"Bello-Perez, L.A.| Agama-Acevedo, E.| Garcia-Valle, D.E.| Alvarez-Ramirez, J.",4.0,7003824557| 6602787983| 57204516373| 55399527300,2019.0,2019-02-01,International Journal of Biological Macromolecules,122,-,405-409,-,ISSN-01418130,17544.0,Journal,Elsevier B.V.,English,1.41,14,6.9,7,0.972,21,1.9,91.0,50.0,2.02,13.87,9.0,13.0,0.0,0.0,"Bello-Perez, L.A., Agama-Acevedo, E., Garcia-Valle, D.E. and 1 more (...) (2019).A multiscale kinetics model for the analysis of starch amylolysis. International Journal of Biological Macromolecules,122405-409",https://www.scopus.com/record/display.url?eid=2-s2.0-85055912793&origin=resultslist,10.1016/j.ijbiomac.2018.10.161,Article,,2-s2.0-85055912793,30404765,Universidad Autónoma Metropolitana| Instituto Politécnico Nacional,505017| 505011,Academic,2.0,60019176| 60028381,Instituto Politécnico Nacional| Universidad Autónoma Metropolitana -Unidad Iztapalapa,7003824557,55399527300,55399527300,-,Mexico,1.0,1303| 1312| 1315| 2002| 2100,Biochemistry| Molecular Biology| Structural Biology| Economics and Econometrics| General Energy,3| 5| 2,Social Sciences & Management| Life Sciences & Medicine| Engineering & Technology,317| 507| 249| 221,Economics & Econometrics| Biological Sciences| Engineering - Petroleum| Engineering - Electrical & Electronic,36| 35| 32,Engineering| Business and Economics| Life Sciences,31,Biological Sciences,3101,Biochemistry and cell biology,-,Starch Properties and Applications in Food Science,737,83.584,Starch Properties and Applications in Food Science,99,99.766,Definitive,2019.0,50.0,N/A,"Bello-Perez, L.A.| Agama-Acevedo, E.| Garcia-Valle, D.E.| Alvarez-Ramirez, J.",Universidad Autónoma Metropolitana| Instituto Politécnico Nacional,Mexico,0
55399527300,55399527300,Viscoelasticity of chia (Salvia hispanica L.) seed mucilage dispersion inthe vicinity of an oil-water interface,"Avila-de la Rosa, G.| Alvarez-Ramirez, J.| Vernon-Carter, E.J.| Carrillo-Navas, H.| Pérez-Alonso, C.",5.0,34879367900| 55399527300| 7004260997| 51565848600| 6507830886,2015.0,2015-07-01,Food Hydrocolloids,49,-,200-207,-,ISSN-0268005X,22597.0,Journal,Elsevier B.V.,English,2.01,6,7,5,1.802,4,2.81,97.0,49.0,1.48,9.44,12.0,20.0,0.0,0.0,"Avila-de la Rosa, G., Alvarez-Ramirez, J., Vernon-Carter, E.J. and 2 more (...) (2015).Viscoelasticity of chia (Salvia hispanica L.) seed mucilage dispersion inthe vicinity of an oil-water interface. Food Hydrocolloids,49200-207",https://www.scopus.com/record/display.url?eid=2-s2.0-84926669305&origin=resultslist,10.1016/j.foodhyd.2015.03.017,Article,,2-s2.0-84926669305,-,Universidad Autónoma Metropolitana| Universidad Autonoma del Estado de Mexico,505017| 505051,Academic,2.0,60028381| 60002281,Universidad Autónoma Metropolitana -Unidad Iztapalapa| Universidad Autónoma del Estado de México,34879367900,6507830886,51565848600,-,Mexico,1.0,1106| 1500| 1600,Food Science| General Chemical Engineering| General Chemistry,5| 2| 4,Life Sciences & Medicine| Engineering & Technology| Natural Sciences,409| 219| 502,Chemistry| Engineering - Chemical| Agriculture & Forestry,37| 36| 32,Physical Sciences| Engineering| Life Sciences,30| 40,"Agricultural, Veterinary And Food Sciences| Engineering",4004| 3006,Chemical engineering| Food sciences,-,Antioxidant Compounds and Their Medicinal Potential,6,97.711,Chia Seed Applications in Nutrition and Health,24583,94.804,Very Good,2015.0,49.0,N/A,"Avila-de la Rosa, G.| Alvarez-Ramirez, J.| Vernon-Carter, E.J.| Carrillo-Navas, H.| Pérez-Alonso, C.",Universidad Autónoma Metropolitana| Universidad Autonoma del Estado de Mexico,Mexico,0
55399527300,55399527300,Structural changes of corn starch during Saccharomyces cerevisiae fermentation,"Reyes, I.| Cruz-Sosa, F.| Roman-Guerrero, A.| Vernon-Carter, E.J.| Alvarez-Ramirez, J.",5.0,57191035399| 56013839300| 56013603800| 7004260997| 55399527300,2016.0,2016-09-01,Starch/Staerke,68,9-10,961-971,-,ISSN-00389056,26489.0,Journal,Wiley-VCH Verlag,English,1,28,2.7,31,0.604,32,1.02,47.0,49.0,0.65,9.27,11.0,40.0,0.0,0.0,"Reyes, I., Cruz-Sosa, F., Roman-Guerrero, A. and 2 more (...) (2016).Structural changes of corn starch during Saccharomyces cerevisiae fermentation. Starch/Staerke,68(9-10) 961-971",https://www.scopus.com/record/display.url?eid=2-s2.0-84985906401&origin=resultslist,10.1002/star.201600088,Article,,2-s2.0-84985906401,-,Universidad Autónoma Metropolitana,505017,Academic,1.0,60028381,Universidad Autónoma Metropolitana -Unidad Iztapalapa,57191035399,55399527300,57191035399,-,Mexico,1.0,1106| 1605,Food Science| Organic Chemistry,4| 5| 2,Natural Sciences| Life Sciences & Medicine| Engineering & Technology,249| 409| 502,Engineering - Petroleum| Chemistry| Agriculture & Forestry,37| 32,Physical Sciences| Life Sciences,30| 40,"Agricultural, Veterinary And Food Sciences| Engineering",4004| 3006,Chemical engineering| Food sciences,-,Starch Properties and Applications in Food Science,737,83.584,Starch Properties and Applications in Food Science,99,99.766,Definitive,2016.0,49.0,N/A,"Reyes, I.| Cruz-Sosa, F.| Roman-Guerrero, A.| Vernon-Carter, E.J.| Alvarez-Ramirez, J.",Universidad Autónoma Metropolitana,Mexico,0
55399527300,55399527300,Effect of C/N ratio on the PHA accumulation capability of microbial mixed culture fed with leachates from the organic fraction of municipal solid waste (OFMSW),"Sánchez Valencia, A.I.| Rojas Zamora, U.| Meraz Rodríguez, M.| Álvarez Ramírez, J.| Salazar Peláez, M.L.| Fajardo Ortiz, C.",6.0,57222240956| 57222243439| 57186646900| 55399527300| 37104911100| 55620064900,2021.0,2021-04-01,Journal of Water Process Engineering,40,-,-,101975,ISSN-22147144,21100324365.0,Journal,Elsevier Ltd,English,1.31,19,7.2,11,1.027,12,2.24,70.0,48.0,1.7,15.86,7.0,16.0,0.0,0.0,"Sánchez Valencia, A.I., Rojas Zamora, U., Meraz Rodríguez, M. and 3 more (...) (2021).Effect of C/N ratio on the PHA accumulation capability of microbial mixed culture fed with leachates from the organic fraction of municipal solid waste (OFMSW). Journal of Water Process Engineering,40",https://www.scopus.com/record/display.url?eid=2-s2.0-85101999859&origin=resultslist,10.1016/j.jwpe.2021.101975,Article,,2-s2.0-85101999859,-,Universidad Autónoma Metropolitana,505017,Academic,1.0,60028381| 60023193,Universidad Autónoma Metropolitana -Unidad Iztapalapa| Universidad Autónoma Metropolitana - Azcapotzalco,57222240956,55620064900,55620064900,-,Mexico,1.0,1305| 1508| 2213| 2311,"Biotechnology| Process Chemistry and Technology| Safety, Risk, Reliability and Quality| Waste Management and Disposal",5| 2| 3,Life Sciences & Medicine| Engineering & Technology| Social Sciences & Management,507| 249| 424| 219,Biological Sciences| Engineering - Petroleum| Environmental Sciences| Engineering - Chemical,36| 32| 37,Engineering| Life Sciences| Physical Sciences,40,Engineering,4011| 4005| 4004,Environmental engineering| Civil engineering| Chemical engineering,SDG 6| SDG 11| SDG 12,Biodegradable Polymers and Microplastics in Environment,333,99.673,Polyhydroxyalkanoates: Sustainable Biopolymer Production Insights,544,99.48,Definitive,2021.0,48.0,N/A,"Sánchez Valencia, A.I.| Rojas Zamora, U.| Meraz Rodríguez, M.| Álvarez Ramírez, J.| Salazar Peláez, M.L.| Fajardo Ortiz, C.",Universidad Autónoma Metropolitana,Mexico,0
55399527300,55399527300,"Insights of the ability of gelatinized fractions from non-chemical modified corn, rice, wheat, and waxy corn starches to stabilize O/W emulsions","Gómez-Luría, D.| Vernon-Carter, E.J.| Alvarez-Ramirez, J.| Cruz-Sosa, F.",4.0,56126595600| 7004260997| 55399527300| 56013839300,2019.0,2019-04-01,Food Hydrocolloids,89,-,726-734,-,ISSN-0268005X,22597.0,Journal,Elsevier B.V.,English,2.15,5,10.6,3,2.16,3,1.48,50.0,47.0,1.24,13.66,10.0,23.0,0.0,0.0,"Gómez-Luría, D., Vernon-Carter, E.J., Alvarez-Ramirez, J. and 1 more (...) (2019).Insights of the ability of gelatinized fractions from non-chemical modified corn, rice, wheat, and waxy corn starches to stabilize O/W emulsions. Food Hydrocolloids,89726-734",https://www.scopus.com/record/display.url?eid=2-s2.0-85059312997&origin=resultslist,10.1016/j.foodhyd.2018.11.045,Article,,2-s2.0-85059312997,-,Universidad Autónoma Metropolitana,505017,Academic,1.0,60028381,Universidad Autónoma Metropolitana -Unidad Iztapalapa,56126595600,56013839300,56126595600,-,Mexico,1.0,1106| 1500| 1600,Food Science| General Chemical Engineering| General Chemistry,5| 4| 2,Life Sciences & Medicine| Natural Sciences| Engineering & Technology,409| 502| 219,Chemistry| Agriculture & Forestry| Engineering - Chemical,37| 36| 32,Physical Sciences| Engineering| Life Sciences,30| 40,"Agricultural, Veterinary And Food Sciences| Engineering",3006| 4004,Food sciences| Chemical engineering,-,Starch Properties and Applications in Food Science,737,83.584,Complex Interactions of Starch and Lipids,21817,97.993,Defensible,2019.0,47.0,N/A,"Gómez-Luría, D.| Vernon-Carter, E.J.| Alvarez-Ramirez, J.| Cruz-Sosa, F.",Universidad Autónoma Metropolitana,Mexico,0
55399527300,55399527300,A fractional-order Maxwell model for non-Newtonian fluids,"Carrera, Y.| Avila-de la Rosa, G.| Vernon-Carter, E.J.| Alvarez-Ramirez, J.",4.0,55614663300| 34879367900| 7004260997| 55399527300,2017.0,2017-09-15,Physica A: Statistical Mechanics and its Applications,482,-,276-285,-,ISSN-03784371,29115.0,Journal,Elsevier B.V.,English,1.12,23,3.9,11,0.773,27,3.45,54.0,47.0,2.5,6.41,11.0,10.0,0.0,0.0,"Carrera, Y., Avila-de la Rosa, G., Vernon-Carter, E.J. and 1 more (...) (2017).A fractional-order Maxwell model for non-Newtonian fluids. Physica A: Statistical Mechanics and its Applications,482276-285",https://www.scopus.com/record/display.url?eid=2-s2.0-85018386700&origin=resultslist,10.1016/j.physa.2017.04.085,Article,,2-s2.0-85018386700,-,Universidad Autónoma Metropolitana,505017,Academic,1.0,60028381,Universidad Autónoma Metropolitana -Unidad Iztapalapa,55614663300,55399527300,34879367900,-,Mexico,1.0,2613| 3109,Statistics and Probability| Statistical and Nonlinear Physics,4| 2,Natural Sciences| Engineering & Technology,431| 344| 213| 439,Mathematics| Statistics & Operational Research| Data Science| Physics & Astronomy,37,Physical Sciences,49,Mathematical Sciences,4901| 4902,Applied mathematics| Mathematical physics,-,Fractional Calculus Applications in Differential Equations,88,83.061,Fractional Derivative Models in Viscoelastic Materials,18538,86.488,Very Good,2017.0,47.0,N/A,"Carrera, Y.| Avila-de la Rosa, G.| Vernon-Carter, E.J.| Alvarez-Ramirez, J.",Universidad Autónoma Metropolitana,Mexico,0
55399527300,55399527300,Effect of amylose content and nanoclay incorporation order in physicochemical properties of starch/montmorillonite composites,"Romero-Bastida, C.A.| Tapia-Blácido, D.R.| Méndez-Montealvo, G.| Bello-Pérez, L.A.| Velázquez, G.| Alvarez-Ramirez, J.",6.0,8249599800| 8393504200| 57222811109| 7003824557| 57209239720| 55399527300,2016.0,2016-11-05,Carbohydrate Polymers,152,-,351-360,-,ISSN-01448617,25801.0,Journal,Elsevier Ltd,English,1.77,8,8.5,5,1.419,6,3.15,109.0,46.0,2.13,9.41,12.0,12.0,0.0,0.0,"Romero-Bastida, C.A., Tapia-Blácido, D.R., Méndez-Montealvo, G. and 3 more (...) (2016).Effect of amylose content and nanoclay incorporation order in physicochemical properties of starch/montmorillonite composites. Carbohydrate Polymers,152351-360",https://www.scopus.com/record/display.url?eid=2-s2.0-84978224302&origin=resultslist,10.1016/j.carbpol.2016.07.009,Article,,2-s2.0-84978224302,27516282,Universidad Autónoma Metropolitana| Universidade de São Paulo| Instituto Politécnico Nacional,505017| 602049| 505011,Academic,3.0,109178258| 60008088| 60013076| 60028381,Centro de Desarrollo de Productos Bióticos del Instituto Politécnico Nacional| Universidade de São Paulo| Centro de Investigacion en Ciencia Aplicada y Tecnologia Avanzada| Universidad Autónoma Metropolitana -Unidad Iztapalapa,8249599800,55399527300,7003824557,-,Mexico| Brazil,2.0,1605| 2505| 2507,Organic Chemistry| Materials Chemistry| Polymers and Plastics,4| 2,Natural Sciences| Engineering & Technology,409| 249| 433,Chemistry| Engineering - Petroleum| Materials Science,36| 37,Engineering| Physical Sciences,31| 30| 40,"Biological Sciences| Agricultural, Veterinary And Food Sciences| Engineering",3101| 4004| 3006,Biochemistry and cell biology| Chemical engineering| Food sciences,-,Biodegradable Polymers and Microplastics in Environment,333,99.673,Mechanical Properties of Starch-Based Composites,2897,97.594,Very Good,2016.0,46.0,N/A,"Romero-Bastida, C.A.| Tapia-Blácido, D.R.| Méndez-Montealvo, G.| Bello-Pérez, L.A.| Velázquez, G.| Alvarez-Ramirez, J.",Universidad Autónoma Metropolitana| Universidade de São Paulo| Instituto Politécnico Nacional,Mexico| Brazil,0
55399527300,55399527300,"Structural, functional, and chemical properties of small starch granules: Andean quinoa and kiwicha","Velásquez-Barreto, F.F.| Miñano, H.A.| Alvarez-Ramirez, J.| Bello-Pérez, L.A.",4.0,57203093773| 57148055900| 55399527300| 7003824557,2021.0,2021-11-01,Food Hydrocolloids,120,-,-,106883,ISSN-0268005X,22597.0,Journal,Elsevier B.V.,English,2.07,6,15.3,2,2.132,2,7.33,214.0,46.0,2.14,14.93,7.0,12.0,0.0,0.0,"Velásquez-Barreto, F.F., Miñano, H.A., Alvarez-Ramirez, J. and 1 more (...) (2021).Structural, functional, and chemical properties of small starch granules: Andean quinoa and kiwicha. Food Hydrocolloids,120",https://www.scopus.com/record/display.url?eid=2-s2.0-85106952575&origin=resultslist,10.1016/j.foodhyd.2021.106883,Article,,2-s2.0-85106952575,-,Universidad Autónoma Metropolitana| Universidad Nacional Autónoma de Chota| Instituto Politécnico Nacional,505017| 721943| 505011,Academic,3.0,60110840| 60028381| 60019176,Universidad Nacional Autónoma de Chota| Universidad Autónoma Metropolitana -Unidad Iztapalapa| Instituto Politécnico Nacional,57203093773,7003824557,57203093773,-,Mexico| Peru,2.0,1106| 1500| 1600,Food Science| General Chemical Engineering| General Chemistry,2| 5| 4,Engineering & Technology| Life Sciences & Medicine| Natural Sciences,409| 502| 219,Chemistry| Agriculture & Forestry| Engineering - Chemical,32| 37| 36,Life Sciences| Physical Sciences| Engineering,30| 40,"Agricultural, Veterinary And Food Sciences| Engineering",4004| 3006,Chemical engineering| Food sciences,-,Starch Properties and Applications in Food Science,737,83.584,Starch Properties and Applications in Food Science,99,99.766,Definitive,2021.0,46.0,N/A,"Velásquez-Barreto, F.F.| Miñano, H.A.| Alvarez-Ramirez, J.| Bello-Pérez, L.A.",Universidad Autónoma Metropolitana| Universidad Nacional Autónoma de Chota| Instituto Politécnico Nacional,Mexico| Peru,0
55399527300,55399527300,Structural characterization of aroid starches by means of chromatographic techniques,"Hoyos-Leyva, J.D.| Bello-Pérez, L.A.| Alvarez-Ramirez, J.| Agama-Acevedo, E.",4.0,55680954000| 7003824557| 55399527300| 6602787983,2017.0,2017-08-01,Food Hydrocolloids,69,-,97-102,-,ISSN-0268005X,22597.0,Journal,Elsevier B.V.,English,1.99,6,8.6,3,1.991,2,2.66,107.0,46.0,1.18,10.99,12.0,25.0,0.0,0.0,"Hoyos-Leyva, J.D., Bello-Pérez, L.A., Alvarez-Ramirez, J. and 1 more (...) (2017).Structural characterization of aroid starches by means of chromatographic techniques. Food Hydrocolloids,6997-102",https://www.scopus.com/record/display.url?eid=2-s2.0-85012240023&origin=resultslist,10.1016/j.foodhyd.2017.01.034,Article,,2-s2.0-85012240023,-,Universidad Autónoma Metropolitana| Instituto Politécnico Nacional,505017| 505011,Academic,2.0,60019176| 60028381,Instituto Politécnico Nacional| Universidad Autónoma Metropolitana -Unidad Iztapalapa,55680954000,6602787983,6602787983,-,Mexico,1.0,1106| 1500| 1600,Food Science| General Chemical Engineering| General Chemistry,4| 2| 5,Natural Sciences| Engineering & Technology| Life Sciences & Medicine,219| 409| 502,Engineering - Chemical| Chemistry| Agriculture & Forestry,32| 36| 37,Life Sciences| Engineering| Physical Sciences,30| 40,"Agricultural, Veterinary And Food Sciences| Engineering",4004| 3006,Chemical engineering| Food sciences,-,Starch Properties and Applications in Food Science,737,83.584,Starch Properties and Applications in Food Science,99,99.766,Definitive,2017.0,46.0,N/A,"Hoyos-Leyva, J.D.| Bello-Pérez, L.A.| Alvarez-Ramirez, J.| Agama-Acevedo, E.",Universidad Autónoma Metropolitana| Instituto Politécnico Nacional,Mexico,0
55399527300,55399527300,"Effects of CaCO3 treatment on the morphology, crystallinity, rheology and hydrolysis of gelatinized maize starch dispersions","Garcia-Diaz, S.| Hernandez-Jaimes, C.| Escalona-Buendia, H.B.| Bello-Perez, L.A.| Vernon-Carter, E.J.| Alvarez-Ramirez, J.",6.0,57188695640| 55327395000| 57194437346| 7003824557| 7004260997| 55399527300,2016.0,2016-09-15,Food Chemistry,207,-,139-147,-,ISSN-03088146,24039.0,Journal,Elsevier Ltd,English,2.11,5,7.8,3,1.731,4,2.17,90.0,46.0,1.32,9.88,12.0,22.0,0.0,0.0,"Garcia-Diaz, S., Hernandez-Jaimes, C., Escalona-Buendia, H.B. and 3 more (...) (2016).Effects of CaCO3 treatment on the morphology, crystallinity, rheology and hydrolysis of gelatinized maize starch dispersions. Food Chemistry,207139-147",https://www.scopus.com/record/display.url?eid=2-s2.0-84962388448&origin=resultslist,10.1016/j.foodchem.2016.03.095,Article,,2-s2.0-84962388448,27080890,Universidad Autónoma Metropolitana| Universidad Autonoma del Estado de Mexico| Instituto Politécnico Nacional,505017| 505051| 505011,Academic,3.0,60028381| 60002281| 60019176,Universidad Autónoma Metropolitana -Unidad Iztapalapa| Universidad Autónoma del Estado de México| Instituto Politécnico Nacional,57188695640,55399527300,55327395000,-,Mexico,1.0,1106| 1602,Food Science| Analytical Chemistry,5| 4,Life Sciences & Medicine| Natural Sciences,409| 502,Chemistry| Agriculture & Forestry,32| 37,Life Sciences| Physical Sciences,30,"Agricultural, Veterinary And Food Sciences",3006,Food sciences,-,Starch Properties and Applications in Food Science,737,83.584,Starch Properties and Applications in Food Science,99,99.766,Very Good,2016.0,46.0,N/A,"Garcia-Diaz, S.| Hernandez-Jaimes, C.| Escalona-Buendia, H.B.| Bello-Perez, L.A.| Vernon-Carter, E.J.| Alvarez-Ramirez, J.",Universidad Autónoma Metropolitana| Universidad Autonoma del Estado de Mexico| Instituto Politécnico Nacional,Mexico,0
55399527300,55399527300,Effect of drying method and hydrothermal treatment of pregelatinized Hylon VII starch on resistant starch content,"Agama-Acevedo, E.| Pacheco-Vargas, G.| Bello-Pérez, L.A.| Alvarez-Ramirez, J.",4.0,6602787983| 54396100300| 7003824557| 55399527300,2018.0,2018-04-01,Food Hydrocolloids,77,-,817-824,-,ISSN-0268005X,22597.0,Journal,Elsevier B.V.,English,2.04,6,9.4,3,2.055,2,2.03,73.0,46.0,1.13,12.37,11.0,26.0,0.0,0.0,"Agama-Acevedo, E., Pacheco-Vargas, G., Bello-Pérez, L.A. and 1 more (...) (2018).Effect of drying method and hydrothermal treatment of pregelatinized Hylon VII starch on resistant starch content. Food Hydrocolloids,77817-824",https://www.scopus.com/record/display.url?eid=2-s2.0-85034790333&origin=resultslist,10.1016/j.foodhyd.2017.11.025,Article,,2-s2.0-85034790333,-,Universidad Autónoma Metropolitana| Instituto Politécnico Nacional,505017| 505011,Academic,2.0,60019176| 60028381,Instituto Politécnico Nacional| Universidad Autónoma Metropolitana -Unidad Iztapalapa,6602787983,55399527300,6602787983,-,Mexico,1.0,1106| 1500| 1600,Food Science| General Chemical Engineering| General Chemistry,2| 5| 4,Engineering & Technology| Life Sciences & Medicine| Natural Sciences,219| 502| 409,Engineering - Chemical| Agriculture & Forestry| Chemistry,36| 37| 32,Engineering| Physical Sciences| Life Sciences,30| 40,"Agricultural, Veterinary And Food Sciences| Engineering",3006| 4004,Food sciences| Chemical engineering,-,Starch Properties and Applications in Food Science,737,83.584,Starch Properties and Applications in Food Science,99,99.766,Definitive,2018.0,46.0,N/A,"Agama-Acevedo, E.| Pacheco-Vargas, G.| Bello-Pérez, L.A.| Alvarez-Ramirez, J.",Universidad Autónoma Metropolitana| Instituto Politécnico Nacional,Mexico,0
55399527300,55399527300,Thermal and rheological properties of sponge cake batters and texture and microstructural characteristics of sponge cake made with native corn starch in partial or total replacement of wheat flour,"Guadarrama-Lezama, A.Y.| Carrillo-Navas, H.| Pérez-Alonso, C.| Vernon-Carter, E.J.| Alvarez-Ramirez, J.",5.0,42861398100| 51565848600| 6507830886| 7004260997| 55399527300,2016.0,2016-07-01,LWT,70,-,46-54,-,ISSN-00236438,20744.0,Journal,Academic Press,English,1.54,11,4.6,11,1.352,9,2.53,104.0,45.0,1.31,8.42,12.0,22.0,0.0,0.0,"Guadarrama-Lezama, A.Y., Carrillo-Navas, H., Pérez-Alonso, C. and 2 more (...) (2016).Thermal and rheological properties of sponge cake batters and texture and microstructural characteristics of sponge cake made with native corn starch in partial or total replacement of wheat flour. LWT,7046-54",https://www.scopus.com/record/display.url?eid=2-s2.0-84958581384&origin=resultslist,10.1016/j.lwt.2016.02.031,Article,Green,2-s2.0-84958581384,-,Universidad Autónoma Metropolitana| Universidad Autonoma del Estado de Mexico,505017| 505051,Academic,2.0,60002281| 60028381,Universidad Autónoma del Estado de México| Universidad Autónoma Metropolitana -Unidad Iztapalapa,42861398100,55399527300,51565848600,-,Mexico,1.0,1106,Food Science,5,Life Sciences & Medicine,502,Agriculture & Forestry,32,Life Sciences,32| 30| 40,"Biomedical And Clinical Sciences| Agricultural, Veterinary And Food Sciences| Engineering",3210| 3006| 4004,Nutrition and dietetics| Food sciences| Chemical engineering,-,Enhancing Cereal Quality through Genetic Insights,952,76.521,Gluten-Free Bread and Batter Quality,4023,97.741,Very Good,2016.0,45.0,N/A,"Guadarrama-Lezama, A.Y.| Carrillo-Navas, H.| Pérez-Alonso, C.| Vernon-Carter, E.J.| Alvarez-Ramirez, J.",Universidad Autónoma Metropolitana| Universidad Autonoma del Estado de Mexico,Mexico,0
55399527300,55399527300,Optimising the heat moisture treatment of Morado banana starch by response surface analysis,"Hoyos-Leyva, J.D.| Bello-Pérez, L.A.| Agama-Acevedo, E.| Alvarez-Ramirez, J.",4.0,55680954000| 7003824557| 6602787983| 55399527300,2015.0,2015-12-01,Starch/Staerke,67,11-12,1026-1034,-,ISSN-00389056,26489.0,Journal,Wiley-VCH Verlag,English,0.84,38,2.8,26,0.528,33,1.9,79.0,44.0,1.49,8.74,13.0,19.0,0.0,0.0,"Hoyos-Leyva, J.D., Bello-Pérez, L.A., Agama-Acevedo, E. and 1 more (...) (2015).Optimising the heat moisture treatment of Morado banana starch by response surface analysis. Starch/Staerke,67(11-12) 1026-1034",https://www.scopus.com/record/display.url?eid=2-s2.0-84946135266&origin=resultslist,10.1002/star.201500149,Article,,2-s2.0-84946135266,-,Universidad Autónoma Metropolitana| Instituto Politécnico Nacional| Universidad Autonoma Queretaro,505017| 505011| 505048,Academic,3.0,60019176| 60020052| 60028381,Instituto Politécnico Nacional| Universidad Autónoma de Querétaro| Universidad Autónoma Metropolitana -Unidad Iztapalapa,55680954000,55399527300,7003824557,-,Mexico,1.0,1106| 1605,Food Science| Organic Chemistry,4| 2| 5,Natural Sciences| Engineering & Technology| Life Sciences & Medicine,502| 409| 249,Agriculture & Forestry| Chemistry| Engineering - Petroleum,37| 32,Physical Sciences| Life Sciences,30| 40,"Agricultural, Veterinary And Food Sciences| Engineering",3006| 4004,Food sciences| Chemical engineering,-,Starch Properties and Applications in Food Science,737,83.584,Starch Properties and Applications in Food Science,99,99.766,Definitive,2015.0,44.0,N/A,"Hoyos-Leyva, J.D.| Bello-Pérez, L.A.| Agama-Acevedo, E.| Alvarez-Ramirez, J.",Universidad Autónoma Metropolitana| Instituto Politécnico Nacional| Universidad Autonoma Queretaro,Mexico,0
55399527300,55399527300,Microencapsulation of sesame seed oil by tamarind seed mucilage,"Alpizar-Reyes, E.| Varela-Guerrero, V.| Cruz-Olivares, J.| Carrillo-Navas, H.| Alvarez-Ramirez, J.| Pérez-Alonso, C.",6.0,57192102030| 36473983700| 22956893200| 51565848600| 55399527300| 6507830886,2020.0,2020-02-15,International Journal of Biological Macromolecules,145,-,207-215,-,ISSN-01418130,17544.0,Journal,Elsevier B.V.,English,1.55,13,8.5,13,1.14,17,2.28,65.0,44.0,1.75,16.01,10.0,15.0,2.0,0.0,"Alpizar-Reyes, E., Varela-Guerrero, V., Cruz-Olivares, J. and 3 more (...) (2020).Microencapsulation of sesame seed oil by tamarind seed mucilage. International Journal of Biological Macromolecules,145207-215",https://www.scopus.com/record/display.url?eid=2-s2.0-85076877661&origin=resultslist,10.1016/j.ijbiomac.2019.12.162,Article,Green,2-s2.0-85076877661,31874264,Universidad Autónoma Metropolitana| Universidad Autonoma del Estado de Mexico| Universidad Nacional Autónoma de México,505017| 505051| 505023,Academic,3.0,60002281| 60175860| 127875631| 60028381,Universidad Autónoma del Estado de México| Centro Conjunto de Investigación en Química Sustentable UAEM-UNAM| Malvern Panalytical| Universidad Autónoma Metropolitana -Unidad Iztapalapa,57192102030,6507830886,6507830886,-,Mexico,1.0,1303| 1312| 1315,Biochemistry| Molecular Biology| Structural Biology,5,Life Sciences & Medicine,507,Biological Sciences,32,Life Sciences,31,Biological Sciences,3101,Biochemistry and cell biology,-,Innovative Drug Delivery Systems for Enhanced Absorption,147,89.47,Microencapsulation Techniques for Enhanced Food Stability,2264,99.337,Very Good,2020.0,44.0,N/A,"Alpizar-Reyes, E.| Varela-Guerrero, V.| Cruz-Olivares, J.| Carrillo-Navas, H.| Alvarez-Ramirez, J.| Pérez-Alonso, C.",Universidad Autónoma Metropolitana| Universidad Autonoma del Estado de Mexico| Universidad Nacional Autónoma de México,Mexico,0
55399527300,55399527300,"Effects of cooking temperature and time on the color, morphology, crystallinity, thermal properties, starch-lipid complexes formation and rheological properties of roux","Alvarez-Ramirez, J.| Vernon-Carter, E.J.| Carrillo-Navas, H.| Meraz, M.",4.0,55399527300| 7004260997| 51565848600| 55989654300,2018.0,2018-05-01,LWT,91,-,203-212,-,ISSN-00236438,20744.0,Journal,Academic Press,English,1.64,10,6.1,8,1.4,7,2.22,107.0,44.0,1.41,11.38,12.0,20.0,0.0,0.0,"Alvarez-Ramirez, J., Vernon-Carter, E.J., Carrillo-Navas, H. and 1 more (...) (2018).Effects of cooking temperature and time on the color, morphology, crystallinity, thermal properties, starch-lipid complexes formation and rheological properties of roux. LWT,91203-212",https://www.scopus.com/record/display.url?eid=2-s2.0-85041453187&origin=resultslist,10.1016/j.lwt.2018.01.038,Article,,2-s2.0-85041453187,-,Universidad Autónoma Metropolitana,505017,Academic,1.0,60028381,Universidad Autónoma Metropolitana -Unidad Iztapalapa,55399527300,55989654300,55399527300,-,Mexico,1.0,1106,Food Science,5,Life Sciences & Medicine,502,Agriculture & Forestry,32,Life Sciences,30| 32| 40,"Agricultural, Veterinary And Food Sciences| Biomedical And Clinical Sciences| Engineering",3210| 4004| 3006,Nutrition and dietetics| Chemical engineering| Food sciences,-,Starch Properties and Applications in Food Science,737,83.584,Complex Interactions of Starch and Lipids,21817,97.993,Defensible,2018.0,44.0,N/A,"Alvarez-Ramirez, J.| Vernon-Carter, E.J.| Carrillo-Navas, H.| Meraz, M.",Universidad Autónoma Metropolitana,Mexico,0
55399527300,55399527300,Chia seed oil-candelilla wax oleogels structural features and viscoelasticity are enhanced by annealing,"Trujillo-Ramírez, D.| Reyes, I.| Lobato-Calleros, C.| Vernon-Carter, E.J.| Alvarez-Ramirez, J.",5.0,57200720193| 57191035399| 6603090042| 7004260997| 55399527300,2022.0,2022-01-01,LWT,153,-,-,112433,ISSN-00236438,20744.0,Journal,Academic Press,English,1.49,13,9.6,10,1.173,7,1.66,62.0,43.0,2.78,13.67,6.0,8.0,0.0,0.0,"Trujillo-Ramírez, D., Reyes, I., Lobato-Calleros, C. and 2 more (...) (2022).Chia seed oil-candelilla wax oleogels structural features and viscoelasticity are enhanced by annealing. LWT,153",https://www.scopus.com/record/display.url?eid=2-s2.0-85114766526&origin=resultslist,10.1016/j.lwt.2021.112433,Article,Hybrid gold,2-s2.0-85114766526,-,"Tecnológico Nacional de México, Mexico City| Universidad Autónoma de Tamaulipas| Universidad Autónoma Metropolitana| Universidad Autonoma Chapingo",719128| 714293| 505017| 505047,Academic,4.0,60019607| 60134870| 60010597| 60028381,Universidad Autónoma de Tamaulipas| Tecnológico Nacional de México| Universidad Autónoma Chapingo| Universidad Autónoma Metropolitana -Unidad Iztapalapa,57200720193,55399527300,7004260997,-,Mexico,1.0,1106,Food Science,5,Life Sciences & Medicine,502,Agriculture & Forestry,32,Life Sciences,40| 30| 32,"Engineering| Agricultural, Veterinary And Food Sciences| Biomedical And Clinical Sciences",4004| 3210| 3006,Chemical engineering| Nutrition and dietetics| Food sciences,-,Protein Emulsification and Functional Food Applications,582,95.487,Innovative Oleogels from Sunflower Oil Applications,14243,99.194,Definitive,2022.0,43.0,N/A,"Trujillo-Ramírez, D.| Reyes, I.| Lobato-Calleros, C.| Vernon-Carter, E.J.| Alvarez-Ramirez, J.","Tecnológico Nacional de México, Mexico City| Universidad Autónoma de Tamaulipas| Universidad Autónoma Metropolitana| Universidad Autonoma Chapingo",Mexico,0
55399527300,55399527300,Effect of leavening time on LAOS properties of yeasted wheat dough,"Alvarez-Ramirez, J.| Carrera-Tarela, Y.| Carrillo-Navas, H.| Vernon-Carter, E.J.| Garcia-Diaz, S.",5.0,55399527300| 57202785984| 51565848600| 7004260997| 57188695640,2019.0,2019-05-01,Food Hydrocolloids,90,-,421-432,-,ISSN-0268005X,22597.0,Journal,Elsevier B.V.,English,2.15,5,10.6,3,2.16,3,1.31,44.0,43.0,1.46,13.66,11.0,19.0,0.0,0.0,"Alvarez-Ramirez, J., Carrera-Tarela, Y., Carrillo-Navas, H. and 2 more (...) (2019).Effect of leavening time on LAOS properties of yeasted wheat dough. Food Hydrocolloids,90421-432",https://www.scopus.com/record/display.url?eid=2-s2.0-85059563159&origin=resultslist,10.1016/j.foodhyd.2018.12.055,Article,,2-s2.0-85059563159,-,Universidad Autónoma Metropolitana,505017,Academic,1.0,60028381,Universidad Autónoma Metropolitana -Unidad Iztapalapa,55399527300,57188695640,55399527300,-,Mexico,1.0,1106| 1500| 1600,Food Science| General Chemical Engineering| General Chemistry,2| 5| 4,Engineering & Technology| Life Sciences & Medicine| Natural Sciences,219| 409| 502,Engineering - Chemical| Chemistry| Agriculture & Forestry,36| 37| 32,Engineering| Physical Sciences| Life Sciences,30| 40,"Agricultural, Veterinary And Food Sciences| Engineering",3006| 4004,Food sciences| Chemical engineering,-,Enhancing Cereal Quality through Genetic Insights,952,76.521,Properties and Processes of Wheat Flour Dough,10879,88.926,Very Good,2019.0,43.0,N/A,"Alvarez-Ramirez, J.| Carrera-Tarela, Y.| Carrillo-Navas, H.| Vernon-Carter, E.J.| Garcia-Diaz, S.",Universidad Autónoma Metropolitana,Mexico,0
55399527300,55399527300,"Impact of ghosts on the mechanical, optical, and barrier properties of corn starch films","Garcia-Hernandez, A.| Vernon-Carter, E.J.| Alvarez-Ramirez, J.",3.0,57192004816| 7004260997| 55399527300,2017.0,2017-01-01,Starch/Staerke,69,1-2,-,1600308,ISSN-00389056,26489.0,Journal,Wiley-VCH Verlag,English,0.96,32,3,31,0.725,26,1.13,37.0,41.0,1.61,9.91,13.0,18.0,0.0,0.0,"Garcia-Hernandez, A., Vernon-Carter, E.J., Alvarez-Ramirez, J. (2017).Impact of ghosts on the mechanical, optical, and barrier properties of corn starch films. Starch/Staerke,69(1-2) ",https://www.scopus.com/record/display.url?eid=2-s2.0-85007623438&origin=resultslist,10.1002/star.201600308,Article,,2-s2.0-85007623438,-,Universidad Autónoma Metropolitana,505017,Academic,1.0,60028381,Universidad Autónoma Metropolitana -Unidad Iztapalapa,57192004816,55399527300,55399527300,-,Mexico,1.0,1106| 1605,Food Science| Organic Chemistry,5| 4| 2,Life Sciences & Medicine| Natural Sciences| Engineering & Technology,249| 409| 502,Engineering - Petroleum| Chemistry| Agriculture & Forestry,32| 37,Life Sciences| Physical Sciences,40| 30,"Engineering| Agricultural, Veterinary And Food Sciences",3006| 4004,Food sciences| Chemical engineering,-,Starch Properties and Applications in Food Science,737,83.584,Starch Properties and Applications in Food Science,99,99.766,Defensible,2017.0,41.0,N/A,"Garcia-Hernandez, A.| Vernon-Carter, E.J.| Alvarez-Ramirez, J.",Universidad Autónoma Metropolitana,Mexico,0
55399527300,55399527300,"Physical properties and release behaviour of caffeine multiple emulsions stabilised by binary or ternary biopolymer soluble complexes under acid, bile and yogurt storage conditions","Hernández-Marín, N.Y.| Lobato-Calleros, C.| Román-Guerrero, A.| Alvarez-Ramirez, J.| Vernon-Carter, E.J.",5.0,56052957100| 6603090042| 56013603800| 55399527300| 7004260997,2016.0,2016-07-01,Food Hydrocolloids,58,-,42-48,-,ISSN-0268005X,22597.0,Journal,Elsevier B.V.,English,2.07,5,7.3,4,2.03,2,3.31,107.0,39.0,2.14,9.81,15.0,12.0,0.0,0.0,"Hernández-Marín, N.Y., Lobato-Calleros, C., Román-Guerrero, A. and 2 more (...) (2016).Physical properties and release behaviour of caffeine multiple emulsions stabilised by binary or ternary biopolymer soluble complexes under acid, bile and yogurt storage conditions. Food Hydrocolloids,5842-48",https://www.scopus.com/record/display.url?eid=2-s2.0-84959018976&origin=resultslist,10.1016/j.foodhyd.2016.02.008,Article,,2-s2.0-84959018976,-,Universidad Autónoma Metropolitana| Universidad Autonoma Chapingo,505017| 505047,Academic,2.0,60010597| 60028381,Universidad Autónoma Chapingo| Universidad Autónoma Metropolitana -Unidad Iztapalapa,56052957100,7004260997,6603090042,-,Mexico,1.0,1106| 1500| 1600,Food Science| General Chemical Engineering| General Chemistry,5| 2| 4,Life Sciences & Medicine| Engineering & Technology| Natural Sciences,502| 219| 409,Agriculture & Forestry| Engineering - Chemical| Chemistry,36| 32| 37,Engineering| Life Sciences| Physical Sciences,40| 30,"Engineering| Agricultural, Veterinary And Food Sciences",4004| 3006,Chemical engineering| Food sciences,-,Protein Emulsification and Functional Food Applications,582,95.487,Multiple Emulsions for Enhanced Nutrient Delivery,18465,93.211,Very Good,2016.0,39.0,N/A,"Hernández-Marín, N.Y.| Lobato-Calleros, C.| Román-Guerrero, A.| Alvarez-Ramirez, J.| Vernon-Carter, E.J.",Universidad Autónoma Metropolitana| Universidad Autonoma Chapingo,Mexico,0
55399527300,55399527300,Complexation with whey protein hydrolysate improves cacao pods husk pectin surface active and emulsifying properties,"Trujillo-Ramírez, D.| Lobato-Calleros, C.| Román-Guerrero, A.| Hernández-Rodríguez, L.| Alvarez-Ramirez, J.| Vernon-Carter, E.J.",6.0,57200720193| 6603090042| 56013603800| 55899376700| 55399527300| 7004260997,2018.0,2018-02-01,Reactive and Functional Polymers,123,-,61-69,-,ISSN-13815148,14240.0,Journal,Elsevier B.V.,English,0.92,35,4.9,15,0.712,18,2.7,97.0,39.0,1.4,12.9,14.0,20.0,0.0,0.0,"Trujillo-Ramírez, D., Lobato-Calleros, C., Román-Guerrero, A. and 3 more (...) (2018).Complexation with whey protein hydrolysate improves cacao pods husk pectin surface active and emulsifying properties. Reactive and Functional Polymers,12361-69",https://www.scopus.com/record/display.url?eid=2-s2.0-85042261685&origin=resultslist,10.1016/j.reactfunctpolym.2017.12.011,Article,,2-s2.0-85042261685,-,Universidad Autónoma Metropolitana| Universidad Autonoma Chapingo,505017| 505047,Academic,2.0,60028381| 60010597,Universidad Autónoma Metropolitana -Unidad Iztapalapa| Universidad Autónoma Chapingo,57200720193,7004260997,7004260997,-,Mexico,1.0,1303| 1500| 1600| 2304| 2505| 2507,Biochemistry| General Chemical Engineering| General Chemistry| Environmental Chemistry| Materials Chemistry| Polymers and Plastics,4| 2| 5,Natural Sciences| Engineering & Technology| Life Sciences & Medicine,433| 507| 409| 424| 249| 219,Materials Science| Biological Sciences| Chemistry| Environmental Sciences| Engineering - Petroleum| Engineering - Chemical,32| 36| 37,Life Sciences| Engineering| Physical Sciences,40| 34,Engineering| Chemical Sciences,3403| 4004,Macromolecular and materials chemistry| Chemical engineering,-,Antioxidant Compounds and Their Medicinal Potential,6,97.711,Pectin Properties and Extraction Techniques for Diverse Applications,2290,99.455,Very Good,2018.0,39.0,N/A,"Trujillo-Ramírez, D.| Lobato-Calleros, C.| Román-Guerrero, A.| Hernández-Rodríguez, L.| Alvarez-Ramirez, J.| Vernon-Carter, E.J.",Universidad Autónoma Metropolitana| Universidad Autonoma Chapingo,Mexico,0
55399527300,55399527300,"Statistical persistence of air pollutants (O3,SO2,NO2 and PM10) in Mexico City","Meraz, M.| Rodriguez, E.| Femat, R.| Echeverria, J.C.| Alvarez-Ramirez, J.",5.0,6601910796| 8578081700| 55993675200| 7007145337| 55399527300,2015.0,2015-06-01,Physica A: Statistical Mechanics and its Applications,427,-,202-217,-,ISSN-03784371,29115.0,Journal,Elsevier B.V.,English,1.08,25,3.3,18,0.677,35,8.69,97.0,39.0,1.8,6.11,15.0,15.0,0.0,0.0,"Meraz, M., Rodriguez, E., Femat, R. and 2 more (...) (2015).Statistical persistence of air pollutants (O3,SO2,NO2 and PM10) in Mexico City. Physica A: Statistical Mechanics and its Applications,427202-217",https://www.scopus.com/record/display.url?eid=2-s2.0-84923328226&origin=resultslist,10.1016/j.physa.2015.02.009,Article,,2-s2.0-84923328226,-,Universidad Autónoma Metropolitana| Instituto Potosino de Investigacion Cientifica y Tecnologica,505017| 505043,Government| Academic,2.0,60028381| 60002151,"Universidad Autónoma Metropolitana -Unidad Iztapalapa| Instituto Potosino de Investigación Científica y Tecnológica, A.C.",6601910796,55399527300,55399527300,-,Mexico,1.0,2613| 3109,Statistics and Probability| Statistical and Nonlinear Physics,4| 2,Natural Sciences| Engineering & Technology,213| 344| 439| 431,Data Science| Statistics & Operational Research| Physics & Astronomy| Mathematics,37,Physical Sciences,49,Mathematical Sciences,4902| 4901,Mathematical physics| Applied mathematics,SDG 8| SDG 11,Dynamics of Financial Markets and Power Law,1053,21.975,Multifractal Dynamics in Financial and Environmental Systems,973,95.19,Very Good,2015.0,39.0,N/A,"Meraz, M.| Rodriguez, E.| Femat, R.| Echeverria, J.C.| Alvarez-Ramirez, J.",Universidad Autónoma Metropolitana| Instituto Potosino de Investigacion Cientifica y Tecnologica,Mexico,0
55399527300,55399527300,Influence of gelatinization degree and octenyl succinic anhydride esterification on the water sorption characteristics of corn starch,"Lopez-Silva, M.| Agama-Acevedo, E.| Bello-Perez, L.A.| Alvarez-Ramirez, J.",4.0,57209009277| 6602787983| 7003824557| 55399527300,2021.0,2021-10-15,Carbohydrate Polymers,270,-,-,118378,ISSN-01448617,25801.0,Journal,Elsevier Ltd,English,1.78,9,16,2,1.612,4,3.22,81.0,37.0,2.18,12.86,10.0,11.0,0.0,0.0,"Lopez-Silva, M., Agama-Acevedo, E., Bello-Perez, L.A. and 1 more (...) (2021).Influence of gelatinization degree and octenyl succinic anhydride esterification on the water sorption characteristics of corn starch. Carbohydrate Polymers,270",https://www.scopus.com/record/display.url?eid=2-s2.0-85109437756&origin=resultslist,10.1016/j.carbpol.2021.118378,Article,,2-s2.0-85109437756,34364622,Universidad Autónoma Metropolitana| Instituto Politécnico Nacional,505017| 505011,Academic,2.0,60019176| 60028381,Instituto Politécnico Nacional| Universidad Autónoma Metropolitana -Unidad Iztapalapa,57209009277,55399527300,6602787983,-,Mexico,1.0,1605| 2505| 2507,Organic Chemistry| Materials Chemistry| Polymers and Plastics,4| 2,Natural Sciences| Engineering & Technology,249| 409| 433,Engineering - Petroleum| Chemistry| Materials Science,36| 37,Engineering| Physical Sciences,40| 30| 31,"Engineering| Agricultural, Veterinary And Food Sciences| Biological Sciences",3101| 4004| 3006,Biochemistry and cell biology| Chemical engineering| Food sciences,-,Starch Properties and Applications in Food Science,737,83.584,Esterification and Modification of Starch Properties,9921,96.74,Very Good,2021.0,37.0,N/A,"Lopez-Silva, M.| Agama-Acevedo, E.| Bello-Perez, L.A.| Alvarez-Ramirez, J.",Universidad Autónoma Metropolitana| Instituto Politécnico Nacional,Mexico,0
55399527300,55399527300,Ultrasound-Assisted Extraction of Lychee (Litchi chinensis Sonn.) Seed Starch: Physicochemical and Functional Properties,"Morales-Trejo, F.| Trujillo-Ramírez, D.| Aguirre-Mandujano, E.| Lobato-Calleros, C.| Vernon-Carter, E.J.| Alvarez-Ramirez, J.",6.0,55883340700| 57200720193| 6505894687| 6603090042| 7004260997| 55399527300,2022.0,2022-01-01,Starch/Staerke,74,1-2,-,2100092,ISSN-00389056,26489.0,Journal,John Wiley and Sons Inc,English,0.64,54,4.1,37,0.452,42,2.97,72.0,36.0,2.52,12.69,7.0,9.0,0.0,0.0,"Morales-Trejo, F., Trujillo-Ramírez, D., Aguirre-Mandujano, E. and 3 more (...) (2022).Ultrasound-Assisted Extraction of Lychee (Litchi chinensis Sonn.) Seed Starch: Physicochemical and Functional Properties. Starch/Staerke,74(1-2) ",https://www.scopus.com/record/display.url?eid=2-s2.0-85112357645&origin=resultslist,10.1002/star.202100092,Article,,2-s2.0-85112357645,-,Universidad Autónoma de Tamaulipas| Universidad Autónoma Metropolitana| Universidad Autonoma Chapingo,714293| 505017| 505047,Academic,3.0,60010597| 60019607| 60028381,Universidad Autónoma Chapingo| Universidad Autónoma de Tamaulipas| Universidad Autónoma Metropolitana -Unidad Iztapalapa,55883340700,55399527300,6603090042,-,Mexico,1.0,1106| 1605,Food Science| Organic Chemistry,2| 5| 4,Engineering & Technology| Life Sciences & Medicine| Natural Sciences,502| 249| 409,Agriculture & Forestry| Engineering - Petroleum| Chemistry,32| 37,Life Sciences| Physical Sciences,30| 40,"Agricultural, Veterinary And Food Sciences| Engineering",3006| 4004,Food sciences| Chemical engineering,-,Starch Properties and Applications in Food Science,737,83.584,Starch Properties and Applications in Food Science,99,99.766,Definitive,2022.0,36.0,N/A,"Morales-Trejo, F.| Trujillo-Ramírez, D.| Aguirre-Mandujano, E.| Lobato-Calleros, C.| Vernon-Carter, E.J.| Alvarez-Ramirez, J.",Universidad Autónoma de Tamaulipas| Universidad Autónoma Metropolitana| Universidad Autonoma Chapingo,Mexico,0
55399527300,55399527300,Some remarks on the Langmuir–Hinshelwood kinetics,"Alvarez-Ramirez, J.| Femat, R.| Meraz, M.| Ibarra-Valdez, C.",4.0,55399527300| 55993675200| 55989654300| 6602868749,2016.0,2016-02-01,Journal of Mathematical Chemistry,54,2,375-392,-,ISSN-02599791,23941.0,Journal,Springer International Publishing,English,0.67,50,2.6,28,0.343,50,1.51,27.0,36.0,0.87,8.03,16.0,33.0,0.0,0.0,"Alvarez-Ramirez, J., Femat, R., Meraz, M. and 1 more (...) (2016).Some remarks on the Langmuir–Hinshelwood kinetics. Journal of Mathematical Chemistry,54(2) 375-392",https://www.scopus.com/record/display.url?eid=2-s2.0-84954365586&origin=resultslist,10.1007/s10910-015-0566-7,Article,,2-s2.0-84954365586,-,Universidad Autónoma Metropolitana,505017,Academic,1.0,60028381| 114547448,Universidad Autónoma Metropolitana -Unidad Iztapalapa| División de Matemáticas Aplicadas,55399527300,6602868749,55399527300,-,Mexico,1.0,1600| 2604,General Chemistry| Applied Mathematics,4,Natural Sciences,431| 409,Mathematics| Chemistry,37,Physical Sciences,49| 34,Mathematical Sciences| Chemical Sciences,-,-,-,Photocatalytic Properties of Titanium Dioxide Structures,62,94.768,Photocatalytic Membrane Reactors for Water Treatment,36079,92.722,Weak,2016.0,36.0,N/A,"Alvarez-Ramirez, J.| Femat, R.| Meraz, M.| Ibarra-Valdez, C.",Universidad Autónoma Metropolitana,Mexico,0
55399527300,55399527300,Effect of Dual Modification Order with Ultrasound and Hydrothermal Treatments on Starch Digestibility,"Flores-Silva, P.C.| Alvarez-Ramirez, J.| Bello-Perez, L.A.",3.0,56056288500| 55399527300| 7003824557,2018.0,2018-05-01,Starch/Staerke,70,5-6,-,1700284,ISSN-00389056,26489.0,Journal,Wiley-VCH Verlag,English,0.91,36,3.3,29,0.625,30,1.52,62.0,35.0,0.95,11.55,16.0,30.0,0.0,0.0,"Flores-Silva, P.C., Alvarez-Ramirez, J., Bello-Perez, L.A. (2018).Effect of Dual Modification Order with Ultrasound and Hydrothermal Treatments on Starch Digestibility. Starch/Staerke,70(5-6) ",https://www.scopus.com/record/display.url?eid=2-s2.0-85043709308&origin=resultslist,10.1002/star.201700284,Article,,2-s2.0-85043709308,-,Universidad Autónoma Metropolitana| Instituto Politécnico Nacional,505017| 505011,Academic,2.0,60028381| 60019176,Universidad Autónoma Metropolitana -Unidad Iztapalapa| Instituto Politécnico Nacional,56056288500,7003824557,56056288500,-,Mexico,1.0,1106| 1605,Food Science| Organic Chemistry,2| 4| 5,Engineering & Technology| Natural Sciences| Life Sciences & Medicine,502| 249| 409,Agriculture & Forestry| Engineering - Petroleum| Chemistry,32| 37,Life Sciences| Physical Sciences,30| 40,"Agricultural, Veterinary And Food Sciences| Engineering",4004| 3006,Chemical engineering| Food sciences,-,Starch Properties and Applications in Food Science,737,83.584,Starch Properties and Applications in Food Science,99,99.766,Definitive,2018.0,35.0,N/A,"Flores-Silva, P.C.| Alvarez-Ramirez, J.| Bello-Perez, L.A.",Universidad Autónoma Metropolitana| Instituto Politécnico Nacional,Mexico,0
55399527300,55399527300,Molecular characterization of corn starches by HPSEC-MALS-RI: A comparison with AF4-MALS-RI system,"Bello-Perez, L.A.| Agama-Acevedo, E.| Lopez-Silva, M.| Alvarez-Ramirez, J.",4.0,7003824557| 6602787983| 57209009277| 55399527300,2019.0,2019-11-01,Food Hydrocolloids,96,-,373-376,-,ISSN-0268005X,22597.0,Journal,Elsevier B.V.,English,2.15,5,10.6,3,2.16,3,1.44,50.0,35.0,1.17,13.66,14.0,25.0,0.0,0.0,"Bello-Perez, L.A., Agama-Acevedo, E., Lopez-Silva, M. and 1 more (...) (2019).Molecular characterization of corn starches by HPSEC-MALS-RI: A comparison with AF4-MALS-RI system. Food Hydrocolloids,96373-376",https://www.scopus.com/record/display.url?eid=2-s2.0-85066246617&origin=resultslist,10.1016/j.foodhyd.2019.04.067,Article,,2-s2.0-85066246617,-,Universidad Autónoma Metropolitana| Instituto Politécnico Nacional,505017| 505011,Academic,2.0,60019176| 60028381,Instituto Politécnico Nacional| Universidad Autónoma Metropolitana -Unidad Iztapalapa,7003824557,55399527300,6602787983,-,Mexico,1.0,1106| 1500| 1600,Food Science| General Chemical Engineering| General Chemistry,2| 5| 4,Engineering & Technology| Life Sciences & Medicine| Natural Sciences,409| 502| 219,Chemistry| Agriculture & Forestry| Engineering - Chemical,36| 37| 32,Engineering| Physical Sciences| Life Sciences,30| 40,"Agricultural, Veterinary And Food Sciences| Engineering",3006| 4004,Food sciences| Chemical engineering,-,Starch Properties and Applications in Food Science,737,83.584,Starch Properties and Applications in Food Science,99,99.766,Definitive,2019.0,35.0,N/A,"Bello-Perez, L.A.| Agama-Acevedo, E.| Lopez-Silva, M.| Alvarez-Ramirez, J.",Universidad Autónoma Metropolitana| Instituto Politécnico Nacional,Mexico,0
55399527300,55399527300,A theoretical derivation of the monod equation with a kinetics sense,"Alvarez-Ramirez, J.| Meraz, M.| Jaime Vernon-Carter, E.",3.0,55399527300| 6601910796| 7004260997,2019.0,2019-10-15,Biochemical Engineering Journal,150,-,-,107305,ISSN-1369703X,16849.0,Journal,Elsevier B.V.,English,1.15,23,6.3,16,0.879,21,0.78,31.0,34.0,0.82,14.64,15.0,34.0,0.0,0.0,"Alvarez-Ramirez, J., Meraz, M., Jaime Vernon-Carter, E. (2019).A theoretical derivation of the monod equation with a kinetics sense. Biochemical Engineering Journal,150",https://www.scopus.com/record/display.url?eid=2-s2.0-85069188724&origin=resultslist,10.1016/j.bej.2019.107305,Article,,2-s2.0-85069188724,-,Universidad Autónoma Metropolitana,505017,Academic,1.0,60028381,Universidad Autónoma Metropolitana -Unidad Iztapalapa,55399527300,7004260997,55399527300,-,Mexico,1.0,1305| 1502| 2204| 2305,Biotechnology| Bioengineering| Biomedical Engineering| Environmental Engineering,2| 5,Engineering & Technology| Life Sciences & Medicine,507| 219| 424,Biological Sciences| Engineering - Chemical| Environmental Sciences,32| 36| 37,Life Sciences| Engineering| Physical Sciences,40| 31,Engineering| Biological Sciences,3106| 4004,Industrial biotechnology| Chemical engineering,-,Innovative Approaches in Petroleum Reservoir Management,1038,27.207,NMR Techniques in Emulsion Characterization and Application,90683,46.06,Defensible,2019.0,34.0,N/A,"Alvarez-Ramirez, J.| Meraz, M.| Jaime Vernon-Carter, E.",Universidad Autónoma Metropolitana,Mexico,0
55399527300,55399527300,Effect of gelatinization degree on emulsification capacity of corn starch esterified with octenyl succinic acid,"Lopez-Silva, M.| Agama-Acevedo, E.| Yee-Madeira, H.| Bello-Perez, L.A.| Alvarez-Ramirez, J.",5.0,57209009277| 6602787983| 6603737439| 7003824557| 55399527300,2022.0,2022-05-01,Food Chemistry,375,-,-,131657,ISSN-03088146,24039.0,Journal,Elsevier Ltd,English,2.25,5,14.9,3,1.624,4,5.29,142.0,33.0,1.85,15.1,8.0,14.0,0.0,0.0,"Lopez-Silva, M., Agama-Acevedo, E., Yee-Madeira, H. and 2 more (...) (2022).Effect of gelatinization degree on emulsification capacity of corn starch esterified with octenyl succinic acid. Food Chemistry,375",https://www.scopus.com/record/display.url?eid=2-s2.0-85120168514&origin=resultslist,10.1016/j.foodchem.2021.131657,Article,,2-s2.0-85120168514,34848086,Universidad Autónoma Metropolitana| Instituto Politécnico Nacional,505017| 505011,Academic,2.0,60019176| 60028381,Instituto Politécnico Nacional| Universidad Autónoma Metropolitana -Unidad Iztapalapa,57209009277,55399527300,6602787983,-,Mexico,1.0,1106| 1602,Food Science| Analytical Chemistry,5| 4,Life Sciences & Medicine| Natural Sciences,409| 502,Chemistry| Agriculture & Forestry,37| 32,Physical Sciences| Life Sciences,30,"Agricultural, Veterinary And Food Sciences",3006,Food sciences,-,Starch Properties and Applications in Food Science,737,83.584,Esterification and Modification of Starch Properties,9921,96.74,Definitive,2022.0,33.0,N/A,"Lopez-Silva, M.| Agama-Acevedo, E.| Yee-Madeira, H.| Bello-Perez, L.A.| Alvarez-Ramirez, J.",Universidad Autónoma Metropolitana| Instituto Politécnico Nacional,Mexico,0
55399527300,55399527300,Citric acid esterification of unripe plantain flour: Physicochemical properties and starch digestibility,"Sánchez-Rivera, M.M.| Núñez-Santiago, M.D.C.| Bello-Pérez, L.A.| Agama-Acevedo, E.| Alvarez-Ramirez, J.",5.0,8973742600| 6506330635| 7003824557| 6602787983| 55399527300,2017.0,2017-09-01,Starch/Staerke,69,9-10,-,1700019,ISSN-00389056,26489.0,Journal,Wiley-VCH Verlag,English,0.96,32,3,31,0.725,26,1.79,73.0,33.0,0.81,9.91,17.0,34.0,0.0,0.0,"Sánchez-Rivera, M.M., Núñez-Santiago, M.D.C., Bello-Pérez, L.A. and 2 more (...) (2017).Citric acid esterification of unripe plantain flour: Physicochemical properties and starch digestibility. Starch/Staerke,69(9-10) ",https://www.scopus.com/record/display.url?eid=2-s2.0-85020441408&origin=resultslist,10.1002/star.201700019,Article,,2-s2.0-85020441408,-,Universidad Autónoma Metropolitana| Instituto Politécnico Nacional,505017| 505011,Academic,2.0,60019176| 60028381,Instituto Politécnico Nacional| Universidad Autónoma Metropolitana -Unidad Iztapalapa,8973742600,55399527300,6506330635,-,Mexico,1.0,1106| 1605,Food Science| Organic Chemistry,2| 5| 4,Engineering & Technology| Life Sciences & Medicine| Natural Sciences,409| 249| 502,Chemistry| Engineering - Petroleum| Agriculture & Forestry,37| 32,Physical Sciences| Life Sciences,40| 30,"Engineering| Agricultural, Veterinary And Food Sciences",4004| 3006,Chemical engineering| Food sciences,-,Starch Properties and Applications in Food Science,737,83.584,Starch Properties and Applications in Food Science,99,99.766,Definitive,2017.0,33.0,N/A,"Sánchez-Rivera, M.M.| Núñez-Santiago, M.D.C.| Bello-Pérez, L.A.| Agama-Acevedo, E.| Alvarez-Ramirez, J.",Universidad Autónoma Metropolitana| Instituto Politécnico Nacional,Mexico,0
55399527300,55399527300,Using Modified Starch/Maltodextrin Microparticles for Enhancing the Shelf Life of Ascorbic Acid by the Spray-Drying Method,"Palma-Rodríguez, H.M.| Alvarez-Ramírez, J.| Vargas-Torres, A.",3.0,54953278200| 55399527300| 56002747400,2018.0,2018-07-01,Starch/Staerke,70,7-8,-,1700323,ISSN-00389056,26489.0,Journal,Wiley-VCH Verlag,English,0.91,36,3.3,29,0.625,30,2.62,100.0,31.0,0.87,11.55,18.0,33.0,0.0,0.0,"Palma-Rodríguez, H.M., Alvarez-Ramírez, J., Vargas-Torres, A. (2018).Using Modified Starch/Maltodextrin Microparticles for Enhancing the Shelf Life of Ascorbic Acid by the Spray-Drying Method. Starch/Staerke,70(7-8) ",https://www.scopus.com/record/display.url?eid=2-s2.0-85045907795&origin=resultslist,10.1002/star.201700323,Article,,2-s2.0-85045907795,-,Universidad Autónoma Metropolitana| Universidad Autonoma del Estado de Hidalgo,505017| 505050,Academic,2.0,60027135| 60028381,Universidad Autónoma del Estado de Hidalgo| Universidad Autónoma Metropolitana -Unidad Iztapalapa,54953278200,56002747400,56002747400,-,Mexico,1.0,1106| 1605,Food Science| Organic Chemistry,2| 4| 5,Engineering & Technology| Natural Sciences| Life Sciences & Medicine,249| 409| 502,Engineering - Petroleum| Chemistry| Agriculture & Forestry,37| 32,Physical Sciences| Life Sciences,30| 40,"Agricultural, Veterinary And Food Sciences| Engineering",3006| 4004,Food sciences| Chemical engineering,-,Innovative Drug Delivery Systems for Enhanced Absorption,147,89.47,Microencapsulation Techniques for Enhanced Food Stability,2264,99.337,Very Good,2018.0,31.0,N/A,"Palma-Rodríguez, H.M.| Alvarez-Ramírez, J.| Vargas-Torres, A.",Universidad Autónoma Metropolitana| Universidad Autonoma del Estado de Hidalgo,Mexico,0
55399527300,55399527300,"Influence of β-carotene concentration on the physicochemical properties, degradation and antioxidant activity of nanoemulsions stabilized by whey protein hydrolyzate-pectin soluble complexes","López-Monterrubio, D.I.| Lobato-Calleros, C.| Vernon-Carter, E.J.| Alvarez-Ramirez, J.",4.0,57217079857| 6603090042| 7004260997| 55399527300,2021.0,2021-05-01,LWT,143,-,-,111148,ISSN-00236438,20744.0,Journal,Academic Press,English,1.48,14,7.3,13,1.059,10,1.9,54.0,30.0,1.9,13.13,13.0,14.0,0.0,0.0,"López-Monterrubio, D.I., Lobato-Calleros, C., Vernon-Carter, E.J. and 1 more (...) (2021).Influence of β-carotene concentration on the physicochemical properties, degradation and antioxidant activity of nanoemulsions stabilized by whey protein hydrolyzate-pectin soluble complexes. LWT,143",https://www.scopus.com/record/display.url?eid=2-s2.0-85101542033&origin=resultslist,10.1016/j.lwt.2021.111148,Article,,2-s2.0-85101542033,-,Universidad Autónoma Metropolitana| Universidad Autonoma Chapingo,505017| 505047,Academic,2.0,60010597| 60028381,Universidad Autónoma Chapingo| Universidad Autónoma Metropolitana -Unidad Iztapalapa,57217079857,55399527300,7004260997,-,Mexico,1.0,1106,Food Science,5,Life Sciences & Medicine,502,Agriculture & Forestry,32,Life Sciences,32| 30| 40,"Biomedical And Clinical Sciences| Agricultural, Veterinary And Food Sciences| Engineering",4004| 3006| 3210,Chemical engineering| Food sciences| Nutrition and dietetics,-,Protein Emulsification and Functional Food Applications,582,95.487,Stability and Properties of Emulsified Systems,7336,97.555,Very Good,2021.0,30.0,N/A,"López-Monterrubio, D.I.| Lobato-Calleros, C.| Vernon-Carter, E.J.| Alvarez-Ramirez, J.",Universidad Autónoma Metropolitana| Universidad Autonoma Chapingo,Mexico,0
55399527300,55399527300,Effect of lime concentration on gelatinized maize starch dispersions properties,"Lobato-Calleros, C.| Hernandez-Jaimes, C.| Chavez-Esquivel, G.| Meraz, M.| Sosa, E.| Lara, V.H.| Alvarez-Ramirez, J.| Vernon-Carter, E.J.",8.0,6603090042| 55327395000| 55773546500| 55989654300| 25631275400| 7004454749| 55399527300| 7004260997,2015.0,2015-04-01,Food Chemistry,172,-,353-360,-,ISSN-03088146,24039.0,Journal,Elsevier Ltd,English,2,6,7.3,4,1.582,6,3.04,146.0,29.0,1.31,9.17,21.0,22.0,0.0,0.0,"Lobato-Calleros, C., Hernandez-Jaimes, C., Chavez-Esquivel, G. and 5 more (...) (2015).Effect of lime concentration on gelatinized maize starch dispersions properties. Food Chemistry,172353-360",https://www.scopus.com/record/display.url?eid=2-s2.0-84907484536&origin=resultslist,10.1016/j.foodchem.2014.09.087,Article,,2-s2.0-84907484536,25442564,Universidad Autónoma Metropolitana| Universidad Autonoma Chapingo| Instituto Mexicano del Petroleo,505017| 505047| 505005,Academic| Government,3.0,60010597| 60028381| 60019271,Universidad Autónoma Chapingo| Universidad Autónoma Metropolitana -Unidad Iztapalapa| Instituto Mexicano Del Petroleo,6603090042,7004260997,55327395000,-,Mexico,1.0,1106| 1602,Food Science| Analytical Chemistry,5| 4,Life Sciences & Medicine| Natural Sciences,502| 409,Agriculture & Forestry| Chemistry,37| 32,Physical Sciences| Life Sciences,30,"Agricultural, Veterinary And Food Sciences",3006,Food sciences,-,Starch Properties and Applications in Food Science,737,83.584,Nutritional and Functional Aspects of Nixtamalized Maize,28077,74.576,Very Good,2015.0,29.0,N/A,"Lobato-Calleros, C.| Hernandez-Jaimes, C.| Chavez-Esquivel, G.| Meraz, M.| Sosa, E.| Lara, V.H.| Alvarez-Ramirez, J.| Vernon-Carter, E.J.",Universidad Autónoma Metropolitana| Universidad Autonoma Chapingo| Instituto Mexicano del Petroleo,Mexico,0
55399527300,55399527300,"Effects of β-carotene on the color, textural, rheological and structural properties of canola oil/beeswax oleogel","Barragán-Martínez, L.P.| Alvarez-Poblano, L.| Vernon-Carter, E.J.| Alvarez-Ramirez, J.",4.0,57209652735| 57211919724| 7004260997| 55399527300,2022.0,2022-10-01,Journal of Food Measurement and Characterization,16,5,3946-3956,-,ISSN-21934126,21100224010.0,Journal,Springer,English,0.9,36,5.3,25,0.544,32,2.33,66.0,29.0,1.69,14.77,10.0,16.0,0.0,0.0,"Barragán-Martínez, L.P., Alvarez-Poblano, L., Vernon-Carter, E.J. and 1 more (...) (2022).Effects of β-carotene on the color, textural, rheological and structural properties of canola oil/beeswax oleogel. Journal of Food Measurement and Characterization,16(5) 3946-3956",https://www.scopus.com/record/display.url?eid=2-s2.0-85133184105&origin=resultslist,10.1007/s11694-022-01449-4,Article,,2-s2.0-85133184105,-,Universidad Autónoma Metropolitana,505017,Academic,1.0,60028381,Universidad Autónoma Metropolitana -Unidad Iztapalapa,57209652735,55399527300,7004260997| 55399527300,-,Mexico,1.0,1106| 1500| 2209| 2213,"Food Science| General Chemical Engineering| Industrial and Manufacturing Engineering| Safety, Risk, Reliability and Quality",5| 2,Life Sciences & Medicine| Engineering & Technology,219| 222| 502| 249,Engineering - Chemical| Engineering - Mechanical| Agriculture & Forestry| Engineering - Petroleum,36| 32,Engineering| Life Sciences,32| 30,"Biomedical And Clinical Sciences| Agricultural, Veterinary And Food Sciences",3008| 3210| 3006,Horticultural production| Nutrition and dietetics| Food sciences,-,Protein Emulsification and Functional Food Applications,582,95.487,Innovative Oleogels from Sunflower Oil Applications,14243,99.194,Definitive,2022.0,29.0,N/A,"Barragán-Martínez, L.P.| Alvarez-Poblano, L.| Vernon-Carter, E.J.| Alvarez-Ramirez, J.",Universidad Autónoma Metropolitana,Mexico,0
55399527300,55399527300,"Potential of taro starch spherical aggregates as wall material for spray drying microencapsulation: Functional, physical and thermal properties","Hoyos-Leyva, J.| Bello-Pérez, L.A.| Agama-Acevedo, E.| Alvarez-Ramirez, J.",4.0,55680954000| 7003824557| 6602787983| 55399527300,2018.0,2018-12-01,International Journal of Biological Macromolecules,120,-,237-244,-,ISSN-01418130,17544.0,Journal,Elsevier B.V.,English,1.49,13,6,7,0.962,22,3.86,124.0,29.0,0.91,14.35,19.0,31.0,1.0,0.0,"Hoyos-Leyva, J., Bello-Pérez, L.A., Agama-Acevedo, E. and 1 more (...) (2018).Potential of taro starch spherical aggregates as wall material for spray drying microencapsulation: Functional, physical and thermal properties. International Journal of Biological Macromolecules,120237-244",https://www.scopus.com/record/display.url?eid=2-s2.0-85052135410&origin=resultslist,10.1016/j.ijbiomac.2018.08.093,Article,,2-s2.0-85052135410,30138662,Universidad Autónoma Metropolitana| Instituto Politécnico Nacional,505017| 505011,Academic,2.0,60019176| 60028381,Instituto Politécnico Nacional| Universidad Autónoma Metropolitana -Unidad Iztapalapa,55680954000,55399527300,7003824557,-,Mexico,1.0,1303| 1312| 1315,Biochemistry| Molecular Biology| Structural Biology,5,Life Sciences & Medicine,507,Biological Sciences,32,Life Sciences,31,Biological Sciences,3101,Biochemistry and cell biology,-,Starch Properties and Applications in Food Science,737,83.584,Starch Properties and Applications in Food Science,99,99.766,Very Good,2018.0,29.0,N/A,"Hoyos-Leyva, J.| Bello-Pérez, L.A.| Agama-Acevedo, E.| Alvarez-Ramirez, J.",Universidad Autónoma Metropolitana| Instituto Politécnico Nacional,Mexico,0
55399527300,55399527300,"Morphological, physicochemical and functional characteristics of starch from Marantha ruiziana Koern","Hoyos-Leyva, J.D.| Alonso-Gomez, L.| Rueda-Enciso, J.| Yee-Madeira, H.| Bello-Perez, L.A.| Alvarez-Ramirez, J.",6.0,55680954000| 55542094900| 57194210355| 6603737439| 7003824557| 55399527300,2017.0,2017-09-15,LWT,83,-,150-156,-,ISSN-00236438,20744.0,Journal,Academic Press,English,1.49,12,5.3,10,1.339,8,2.07,105.0,28.0,0.98,9.16,20.0,30.0,0.0,0.0,"Hoyos-Leyva, J.D., Alonso-Gomez, L., Rueda-Enciso, J. and 3 more (...) (2017).Morphological, physicochemical and functional characteristics of starch from Marantha ruiziana Koern. LWT,83150-156",https://www.scopus.com/record/display.url?eid=2-s2.0-85019218647&origin=resultslist,10.1016/j.lwt.2017.05.019,Article,,2-s2.0-85019218647,-,Universidad Autónoma Metropolitana| Instituto Politécnico Nacional| Universidad de los Llanos,505017| 505011| 708544,Academic,3.0,60019176| 60104325| 60028381,Instituto Politécnico Nacional| Universidad de los Llanos| Universidad Autónoma Metropolitana -Unidad Iztapalapa,55680954000,55399527300,7003824557,-,Mexico| Colombia,2.0,1106,Food Science,5,Life Sciences & Medicine,502,Agriculture & Forestry,32,Life Sciences,40| 32| 30,"Engineering| Biomedical And Clinical Sciences| Agricultural, Veterinary And Food Sciences",3006| 3210| 4004,Food sciences| Nutrition and dietetics| Chemical engineering,-,Starch Properties and Applications in Food Science,737,83.584,Starch Properties and Applications in Food Science,99,99.766,Definitive,2017.0,28.0,N/A,"Hoyos-Leyva, J.D.| Alonso-Gomez, L.| Rueda-Enciso, J.| Yee-Madeira, H.| Bello-Perez, L.A.| Alvarez-Ramirez, J.",Universidad Autónoma Metropolitana| Instituto Politécnico Nacional| Universidad de los Llanos,Mexico| Colombia,0
55399527300,55399527300,"In vitro digestibility, crystallinity, rheological, thermal, particle size and morphological characteristics of pinole, a traditional energy food obtained from toasted ground maize","Carrera, Y.| Utrilla-Coello, R.| Bello-Pérez, A.| Alvarez-Ramirez, J.| Vernon-Carter, E.J.",5.0,55614663300| 23006802100| 7003824557| 55399527300| 7004260997,2015.0,2015-06-05,Carbohydrate Polymers,123,-,246-255,-,ISSN-01448617,25801.0,Journal,Elsevier Ltd,English,1.84,7,7.8,5,1.44,7,3.97,115.0,28.0,0.89,8.94,21.0,32.0,0.0,0.0,"Carrera, Y., Utrilla-Coello, R., Bello-Pérez, A. and 2 more (...) (2015).In vitro digestibility, crystallinity, rheological, thermal, particle size and morphological characteristics of pinole, a traditional energy food obtained from toasted ground maize. Carbohydrate Polymers,123246-255",https://www.scopus.com/record/display.url?eid=2-s2.0-84922796526&origin=resultslist,10.1016/j.carbpol.2015.01.044,Article,,2-s2.0-84922796526,-,Universidad Autónoma Metropolitana| Instituto Politécnico Nacional,505017| 505011,Academic,2.0,60028381| 60019176,Universidad Autónoma Metropolitana -Unidad Iztapalapa| Instituto Politécnico Nacional,55614663300,7004260997,55399527300,-,Mexico,1.0,1605| 2505| 2507,Organic Chemistry| Materials Chemistry| Polymers and Plastics,4| 2,Natural Sciences| Engineering & Technology,409| 433| 249,Chemistry| Materials Science| Engineering - Petroleum,37| 36,Physical Sciences| Engineering,40| 30| 31,"Engineering| Agricultural, Veterinary And Food Sciences| Biological Sciences",3006| 4004| 3101,Food sciences| Chemical engineering| Biochemistry and cell biology,-,Starch Properties and Applications in Food Science,737,83.584,Starch Properties and Applications in Food Science,99,99.766,Very Good,2015.0,28.0,N/A,"Carrera, Y.| Utrilla-Coello, R.| Bello-Pérez, A.| Alvarez-Ramirez, J.| Vernon-Carter, E.J.",Universidad Autónoma Metropolitana| Instituto Politécnico Nacional,Mexico,0
55399527300,55399527300,"Canola oil/candelilla wax oleogel improves texture, retards staling and reduces in vitro starch digestibility of maize tortillas","Vernon-Carter, E.J.| Alvarez-Ramirez, J.| Meraz, M.| Bello-Perez, L.A.| Garcia-Diaz, S.",5.0,7004260997| 55399527300| 55989654300| 7003824557| 57188695640,2020.0,2020-02-01,Journal of the Science of Food and Agriculture,100,3,1238-1245,-,ISSN-00225142,33928.0,Journal,John Wiley and Sons Ltd,English,1.21,22,5.5,12,0.782,19,3.36,96.0,28.0,1.07,12.14,17.0,26.0,0.0,0.0,"Vernon-Carter, E.J., Alvarez-Ramirez, J., Meraz, M. and 2 more (...) (2020).Canola oil/candelilla wax oleogel improves texture, retards staling and reduces in vitro starch digestibility of maize tortillas. Journal of the Science of Food and Agriculture,100(3) 1238-1245",https://www.scopus.com/record/display.url?eid=2-s2.0-85076112970&origin=resultslist,10.1002/jsfa.10135,Article,,2-s2.0-85076112970,31696519,Universidad Autónoma Metropolitana| Universidad Iberoamericana (UIA)| Instituto Politécnico Nacional,505017| 702731| 505011,Academic,3.0,60028381| 60019176| 60011923,Universidad Autónoma Metropolitana -Unidad Iztapalapa| Instituto Politécnico Nacional| Universidad Iberoamericana,7004260997,57188695640,55399527300,-,Mexico,1.0,1102| 1106| 1305| 2916,Agronomy and Crop Science| Food Science| Biotechnology| Nutrition and Dietetics,5,Life Sciences & Medicine,507| 534| 502,Biological Sciences| Nursing| Agriculture & Forestry,34| 32,Medical and Health| Life Sciences,40| 30,"Engineering| Agricultural, Veterinary And Food Sciences",-,-,-,Starch Properties and Applications in Food Science,737,83.584,Starch Properties and Applications in Food Science,99,99.766,Very Good,2020.0,28.0,N/A,"Vernon-Carter, E.J.| Alvarez-Ramirez, J.| Meraz, M.| Bello-Perez, L.A.| Garcia-Diaz, S.",Universidad Autónoma Metropolitana| Universidad Iberoamericana (UIA)| Instituto Politécnico Nacional,Mexico,0
55399527300,55399527300,OSA-maltodextrin as wall material for encapsulation of essential avocado oil by spray drying,"Sotelo-Bautista, M.| Bello-Perez, L.A.| Gonzalez-Soto, R.A.| Yañez-Fernandez, J.| Alvarez-Ramirez, J.",5.0,57205511929| 7003824557| 8698074600| 6508386472| 55399527300,2020.0,2020-01-28,Journal of Dispersion Science and Technology,41,2,235-242,-,ISSN-01932691,26952.0,Journal,Taylor and Francis Inc.,English,0.7,51,3.3,36,0.371,49,2.53,125.0,27.0,1.36,13.26,18.0,20.0,0.0,0.0,"Sotelo-Bautista, M., Bello-Perez, L.A., Gonzalez-Soto, R.A. and 2 more (...) (2020).OSA-maltodextrin as wall material for encapsulation of essential avocado oil by spray drying. Journal of Dispersion Science and Technology,41(2) 235-242",https://www.scopus.com/record/display.url?eid=2-s2.0-85060337507&origin=resultslist,10.1080/01932691.2018.1562939,Article,,2-s2.0-85060337507,-,Universidad Autónoma Metropolitana| Instituto Politécnico Nacional,505017| 505011,Academic,2.0,60019176| 60028381,Instituto Politécnico Nacional| Universidad Autónoma Metropolitana -Unidad Iztapalapa,57205511929,55399527300,7003824557,-,Mexico,1.0,1606| 2507| 2508,"Physical and Theoretical Chemistry| Polymers and Plastics| Surfaces, Coatings and Films",4| 2,Natural Sciences| Engineering & Technology,433| 249| 409,Materials Science| Engineering - Petroleum| Chemistry,37| 36,Physical Sciences| Engineering,34,Chemical Sciences,3406,Physical chemistry,-,Innovative Drug Delivery Systems for Enhanced Absorption,147,89.47,Microencapsulation Techniques for Enhanced Food Stability,2264,99.337,Definitive,2020.0,27.0,N/A,"Sotelo-Bautista, M.| Bello-Perez, L.A.| Gonzalez-Soto, R.A.| Yañez-Fernandez, J.| Alvarez-Ramirez, J.",Universidad Autónoma Metropolitana| Instituto Politécnico Nacional,Mexico,0
55399527300,55399527300,Effect of gelatinized flour fraction on thermal and rheological properties of wheat-based dough and bread,"Carrillo-Navas, H.| Guadarrama-Lezama, A.Y.| Vernon-Carter, E.J.| García-Díaz, S.| Reyes, I.| Alvarez-Ramírez, J.",6.0,51565848600| 42861398100| 7004260997| 57188695640| 57191035399| 55399527300,2016.0,2016-11-01,Journal of Food Science and Technology,53,11,3996-4006,-,ISSN-00221155,20617.0,Journal,Springer India,English,0.95,31,2.4,34,0.585,33,1.21,66.0,27.0,0.48,8.42,21.0,47.0,0.0,0.0,"Carrillo-Navas, H., Guadarrama-Lezama, A.Y., Vernon-Carter, E.J. and 3 more (...) (2016).Effect of gelatinized flour fraction on thermal and rheological properties of wheat-based dough and bread. Journal of Food Science and Technology,53(11) 3996-4006",https://www.scopus.com/record/display.url?eid=2-s2.0-85001132626&origin=resultslist,10.1007/s13197-016-2399-1,Article,Bronze|Green,2-s2.0-85001132626,-,Universidad Autónoma Metropolitana| Universidad Autonoma del Estado de Mexico,505017| 505051,Academic,2.0,60002281| 60028381,Universidad Autónoma del Estado de México| Universidad Autónoma Metropolitana -Unidad Iztapalapa,51565848600,55399527300,55399527300,-,Mexico,1.0,1106,Food Science,5,Life Sciences & Medicine,502,Agriculture & Forestry,32,Life Sciences,30| 40,"Agricultural, Veterinary And Food Sciences| Engineering",3006| 4004,Food sciences| Chemical engineering,-,Enhancing Cereal Quality through Genetic Insights,952,76.521,Gluten-Free Bread and Batter Quality,4023,97.741,Very Good,2016.0,27.0,N/A,"Carrillo-Navas, H.| Guadarrama-Lezama, A.Y.| Vernon-Carter, E.J.| García-Díaz, S.| Reyes, I.| Alvarez-Ramírez, J.",Universidad Autónoma Metropolitana| Universidad Autonoma del Estado de Mexico,Mexico,0
55399527300,55399527300,Asymmetric long-term autocorrelations in crude oil markets,"Alvarez-Ramirez, J.| Alvarez, J.| Rodríguez, E.",3.0,55399527300| 57214025200| 35112460500,2015.0,2015-04-15,Physica A: Statistical Mechanics and its Applications,424,-,330-341,-,ISSN-03784371,29115.0,Journal,Elsevier B.V.,English,1.08,25,3.3,18,0.677,35,1.87,32.0,27.0,1.45,6.9,22.0,20.0,0.0,0.0,"Alvarez-Ramirez, J., Alvarez, J., Rodríguez, E. (2015).Asymmetric long-term autocorrelations in crude oil markets. Physica A: Statistical Mechanics and its Applications,424330-341",https://www.scopus.com/record/display.url?eid=2-s2.0-84922351565&origin=resultslist,10.1016/j.physa.2015.01.035,Article,,2-s2.0-84922351565,-,Universidad Autónoma Metropolitana,505017,Academic,1.0,60028381,Universidad Autónoma Metropolitana -Unidad Iztapalapa,55399527300,35112460500,55399527300,-,Mexico,1.0,2613| 3104,Statistics and Probability| Condensed Matter Physics,4| 2,Natural Sciences| Engineering & Technology,431| 344| 439| 213,Mathematics| Statistics & Operational Research| Physics & Astronomy| Data Science,37,Physical Sciences,49,Mathematical Sciences,4902| 4901,Mathematical physics| Applied mathematics,-,Volatility and Investor Behavior in Financial Markets,102,96.141,Economic Impacts of Oil Price Volatility,1565,99.698,Defensible,2015.0,27.0,N/A,"Alvarez-Ramirez, J.| Alvarez, J.| Rodríguez, E.",Universidad Autónoma Metropolitana,Mexico,0
55399527300,55399527300,Effect of the preparation method and storage time on the in vitro protein digestibility of maize tortillas,"Martínez-Velasco, A.| Alvarez-Ramirez, J.| Rodríguez-Huezo, E.| Meraz-Rodríguez, M.| Vernon-Carter, E.J.| Lobato-Calleros, C.",6.0,57200696660| 55399527300| 56757377200| 57186646900| 7004260997| 6603090042,2018.0,2018-11-01,Journal of Cereal Science,84,-,7-12,-,ISSN-07335210,34814.0,Journal,Academic Press,English,1.37,16,4,22,1.054,13,0.77,30.0,26.0,0.73,12.37,21.0,37.0,0.0,0.0,"Martínez-Velasco, A., Alvarez-Ramirez, J., Rodríguez-Huezo, E. and 3 more (...) (2018).Effect of the preparation method and storage time on the in vitro protein digestibility of maize tortillas. Journal of Cereal Science,847-12",https://www.scopus.com/record/display.url?eid=2-s2.0-85056004508&origin=resultslist,10.1016/j.jcs.2018.09.016,Article,,2-s2.0-85056004508,-,Universidad Autónoma Metropolitana| Universidad Autonoma Chapingo,505017| 505047,Academic,2.0,60028381| 111115118| 60010597,Universidad Autónoma Metropolitana -Unidad Iztapalapa| Tecnológico de Estudios Superiores de Ecatepec| Universidad Autónoma Chapingo,57200696660,6603090042,55399527300,-,Mexico,1.0,1106| 1303,Food Science| Biochemistry,5,Life Sciences & Medicine,507| 502,Biological Sciences| Agriculture & Forestry,32,Life Sciences,31| 30| 40,"Biological Sciences| Agricultural, Veterinary And Food Sciences| Engineering",-,-,-,Starch Properties and Applications in Food Science,737,83.584,Nutritional and Functional Aspects of Nixtamalized Maize,28077,74.576,Very Good,2018.0,26.0,N/A,"Martínez-Velasco, A.| Alvarez-Ramirez, J.| Rodríguez-Huezo, E.| Meraz-Rodríguez, M.| Vernon-Carter, E.J.| Lobato-Calleros, C.",Universidad Autónoma Metropolitana| Universidad Autonoma Chapingo,Mexico,0
55399527300,55399527300,"Physicochemical, microstructural and digestibility analysis of gluten-free spaghetti of whole unripe plantain flour","Patiño-Rodríguez, O.| Agama-Acevedo, E.| Pacheco-Vargas, G.| Alvarez-Ramirez, J.| Bello-Pérez, L.A.",5.0,55832554500| 6602787983| 54396100300| 55399527300| 7003824557,2019.0,2019-11-15,Food Chemistry,298,-,-,125085,ISSN-03088146,24039.0,Journal,Elsevier Ltd,English,2.37,4,10.7,2,1.775,4,2.95,112.0,26.0,0.88,13.59,20.0,32.0,0.0,0.0,"Patiño-Rodríguez, O., Agama-Acevedo, E., Pacheco-Vargas, G. and 2 more (...) (2019).Physicochemical, microstructural and digestibility analysis of gluten-free spaghetti of whole unripe plantain flour. Food Chemistry,298",https://www.scopus.com/record/display.url?eid=2-s2.0-85068074571&origin=resultslist,10.1016/j.foodchem.2019.125085,Article,,2-s2.0-85068074571,31260951,Universidad Autónoma Metropolitana| Instituto Politécnico Nacional,505017| 505011,Academic,2.0,60019176| 60028381,Instituto Politécnico Nacional| Universidad Autónoma Metropolitana -Unidad Iztapalapa,55832554500,7003824557,55832554500,-,Mexico,1.0,1106| 1602,Food Science| Analytical Chemistry,4| 5,Natural Sciences| Life Sciences & Medicine,502| 409,Agriculture & Forestry| Chemistry,37| 32,Physical Sciences| Life Sciences,30,"Agricultural, Veterinary And Food Sciences",3006,Food sciences,-,Starch Properties and Applications in Food Science,737,83.584,Enhancing Pasta Quality through Nutritional Innovations,11437,94.228,Defensible,2019.0,26.0,N/A,"Patiño-Rodríguez, O.| Agama-Acevedo, E.| Pacheco-Vargas, G.| Alvarez-Ramirez, J.| Bello-Pérez, L.A.",Universidad Autónoma Metropolitana| Instituto Politécnico Nacional,Mexico,0
55399527300,55399527300,OSA Esterification of Amaranth and Maize Starch Nanocrystals and Their Use in “Pickering” Emulsions,"Sánchez de la Concha, B.B.| Agama-Acevedo, E.| Agurirre-Cruz, A.| Bello-Pérez, L.A.| Alvarez-Ramírez, J.",5.0,57196356009| 6602787983| 57215094585| 7003824557| 55399527300,2020.0,2020-07-01,Starch/Staerke,72,7-8,-,1900271,ISSN-00389056,26489.0,Journal,Wiley-VCH Verlag,English,0.88,39,3.9,29,0.62,33,2.07,62.0,26.0,1.54,12.33,19.0,17.0,0.0,0.0,"Sánchez de la Concha, B.B., Agama-Acevedo, E., Agurirre-Cruz, A. and 2 more (...) (2020).OSA Esterification of Amaranth and Maize Starch Nanocrystals and Their Use in “Pickering” Emulsions. Starch/Staerke,72(7-8) ",https://www.scopus.com/record/display.url?eid=2-s2.0-85079836979&origin=resultslist,10.1002/star.201900271,Article,,2-s2.0-85079836979,-,Universidad Autónoma Metropolitana| Universidad del Papaloapan| Instituto Politécnico Nacional,505017| 714298| 505011,Academic,3.0,60019176| 60084236| 60028381,Instituto Politécnico Nacional| Universidad del Papaloapan| Universidad Autónoma Metropolitana -Unidad Iztapalapa,57196356009,55399527300,6602787983,-,Mexico,1.0,1106| 1605,Food Science| Organic Chemistry,5| 2| 4,Life Sciences & Medicine| Engineering & Technology| Natural Sciences,409| 249| 502,Chemistry| Engineering - Petroleum| Agriculture & Forestry,37| 32,Physical Sciences| Life Sciences,30| 40,"Agricultural, Veterinary And Food Sciences| Engineering",4004| 3006,Chemical engineering| Food sciences,-,Starch Properties and Applications in Food Science,737,83.584,Starch Nanoparticles: Properties and Applications,39240,94.21,Very Good,2020.0,26.0,N/A,"Sánchez de la Concha, B.B.| Agama-Acevedo, E.| Agurirre-Cruz, A.| Bello-Pérez, L.A.| Alvarez-Ramírez, J.",Universidad Autónoma Metropolitana| Universidad del Papaloapan| Instituto Politécnico Nacional,Mexico,0
55399527300,55399527300,Microstructural influence on physical properties and release profiles of sesame oil encapsulated into sodium alginate-tamarind mucilage hydrogel beads,"Cortés-Camargo, S.| Román-Guerrero, A.| Alvarez-Ramirez, J.| Alpizar-Reyes, E.| Velázquez-Gutiérrez, S.K.| Pérez-Alonso, C.",6.0,56971571100| 56013603800| 55399527300| 57192102030| 56483286600| 6507830886,2023.0,2023-06-01,Carbohydrate Polymer Technologies and Applications,5,-,-,100302,ISSN-26668939,21101082065.0,Journal,Elsevier Ltd,English,1.16,20,8.7,13,0.944,13,1.88,39.0,25.0,2.11,11.87,8.0,12.0,0.0,0.0,"Cortés-Camargo, S., Román-Guerrero, A., Alvarez-Ramirez, J. and 3 more (...) (2023).Microstructural influence on physical properties and release profiles of sesame oil encapsulated into sodium alginate-tamarind mucilage hydrogel beads. Carbohydrate Polymer Technologies and Applications,5",https://www.scopus.com/record/display.url?eid=2-s2.0-85149064254&origin=resultslist,10.1016/j.carpta.2023.100302,Article,Gold|Green,2-s2.0-85149064254,-,Universidad del Bío-Bío| Universidad Autónoma Metropolitana| Universidad Autonoma del Estado de Mexico,700283| 505017| 505051,Academic,3.0,128533437| 60028381| 60023195| 60002281,Universidad Tecnológica de Zinacantepec (UTZIN)| Universidad Autónoma Metropolitana -Unidad Iztapalapa| Universidad del Bio Bio| Universidad Autónoma del Estado de México,56971571100,6507830886,6507830886,-,Chile| Mexico,2.0,1303| 1305| 1601| 1602| 2505| 2507,Biochemistry| Biotechnology| Chemistry (miscellaneous)| Analytical Chemistry| Materials Chemistry| Polymers and Plastics,5| 4,Life Sciences & Medicine| Natural Sciences,507| 409| 433,Biological Sciences| Chemistry| Materials Science,32| 36| 37,Life Sciences| Engineering| Physical Sciences,40| 34,Engineering| Chemical Sciences,3403| 3406| 4004,Macromolecular and materials chemistry| Physical chemistry| Chemical engineering,-,Innovative Drug Delivery Systems for Enhanced Absorption,147,89.47,Microencapsulation Techniques for Enhanced Food Stability,2264,99.337,Definitive,2023.0,25.0,N/A,"Cortés-Camargo, S.| Román-Guerrero, A.| Alvarez-Ramirez, J.| Alpizar-Reyes, E.| Velázquez-Gutiérrez, S.K.| Pérez-Alonso, C.",Universidad del Bío-Bío| Universidad Autónoma Metropolitana| Universidad Autonoma del Estado de Mexico,Chile| Mexico,0
55399527300,55399527300,Supplementing white maize masa with anthocyanins: Effects on masa rheology and on the in vitro digestibility and hardness of tortillas,"Vernon-Carter, E.J.| Alvarez-Ramirez, J.| Bello-Perez, L.A.| Gonzalez, M.| Reyes, I.| Alvarez-Poblano, L.",6.0,7004260997| 55399527300| 7003824557| 57211589226| 57191035399| 57211919724,2020.0,2020-01-01,Journal of Cereal Science,91,-,-,102883,ISSN-07335210,34814.0,Journal,Academic Press,English,1.44,15,5.1,19,0.91,19,1.88,64.0,25.0,0.74,13.5,20.0,36.0,0.0,0.0,"Vernon-Carter, E.J., Alvarez-Ramirez, J., Bello-Perez, L.A. and 3 more (...) (2020).Supplementing white maize masa with anthocyanins: Effects on masa rheology and on the in vitro digestibility and hardness of tortillas. Journal of Cereal Science,91",https://www.scopus.com/record/display.url?eid=2-s2.0-85075349397&origin=resultslist,10.1016/j.jcs.2019.102883,Article,,2-s2.0-85075349397,-,"Tecnológico Nacional de México, Mexico City| Universidad Autónoma Metropolitana| Instituto Politécnico Nacional",719128| 505017| 505011,Academic,3.0,60014923| 60019176| 60134870| 60028381,Universidad Autónoma Metropolitana| Instituto Politécnico Nacional| Tecnológico Nacional de México| Universidad Autónoma Metropolitana -Unidad Iztapalapa,7004260997,57211919724,55399527300,-,Mexico,1.0,1106| 1303,Food Science| Biochemistry,5,Life Sciences & Medicine,507| 502,Biological Sciences| Agriculture & Forestry,32,Life Sciences,40| 30| 31,"Engineering| Agricultural, Veterinary And Food Sciences| Biological Sciences",-,-,-,Starch Properties and Applications in Food Science,737,83.584,Nutritional and Functional Aspects of Nixtamalized Maize,28077,74.576,Defensible,2020.0,25.0,N/A,"Vernon-Carter, E.J.| Alvarez-Ramirez, J.| Bello-Perez, L.A.| Gonzalez, M.| Reyes, I.| Alvarez-Poblano, L.","Tecnológico Nacional de México, Mexico City| Universidad Autónoma Metropolitana| Instituto Politécnico Nacional",Mexico,0
55399527300,55399527300,"Morphological, molecular evolution an in vitro digestibility of filamentous granules of banana starch during fruit development","Reyes-Atrizco, J.N.| Agama-Acevedo, E.| Bello-Perez, L.A.| Alvarez-Ramirez, J.",4.0,57208025413| 6602787983| 7003824557| 55399527300,2019.0,2019-07-01,International Journal of Biological Macromolecules,132,-,119-125,-,ISSN-01418130,17544.0,Journal,Elsevier B.V.,English,1.41,14,6.9,7,0.972,21,1.43,46.0,24.0,0.72,13.87,21.0,38.0,0.0,0.0,"Reyes-Atrizco, J.N., Agama-Acevedo, E., Bello-Perez, L.A. and 1 more (...) (2019).Morphological, molecular evolution an in vitro digestibility of filamentous granules of banana starch during fruit development. International Journal of Biological Macromolecules,132119-125",https://www.scopus.com/record/display.url?eid=2-s2.0-85063615516&origin=resultslist,10.1016/j.ijbiomac.2019.03.181,Article,,2-s2.0-85063615516,30926504,Universidad Autónoma Metropolitana| Instituto Politécnico Nacional,505017| 505011,Academic,2.0,60019176| 60028381,Instituto Politécnico Nacional| Universidad Autónoma Metropolitana -Unidad Iztapalapa,57208025413,55399527300,6602787983,-,Mexico,1.0,1303| 1312| 1315| 2002| 2100,Biochemistry| Molecular Biology| Structural Biology| Economics and Econometrics| General Energy,3| 5| 2,Social Sciences & Management| Life Sciences & Medicine| Engineering & Technology,317| 221| 507| 249,Economics & Econometrics| Engineering - Electrical & Electronic| Biological Sciences| Engineering - Petroleum,32| 35| 36,Life Sciences| Business and Economics| Engineering,31,Biological Sciences,3101,Biochemistry and cell biology,-,Starch Properties and Applications in Food Science,737,83.584,Starch Properties and Applications in Food Science,99,99.766,Definitive,2019.0,24.0,N/A,"Reyes-Atrizco, J.N.| Agama-Acevedo, E.| Bello-Perez, L.A.| Alvarez-Ramirez, J.",Universidad Autónoma Metropolitana| Instituto Politécnico Nacional,Mexico,0
55399527300,55399527300,In vitro digestibility of octenyl succinic anhydride-starch from the fruit of three Colombian Musa,"Quintero-Castaño, V.D.| Castellanos-Galeano, F.J.| Álvarez-Barreto, C.I.| Bello-Pérez, L.A.| Alvarez-Ramirez, J.",5.0,57188581667| 57188586201| 57188588692| 7003824557| 55399527300,2020.0,2020-04-01,Food Hydrocolloids,101,-,-,105566,ISSN-0268005X,22597.0,Journal,Elsevier B.V.,English,2.16,5,12.2,2,2.471,2,2.29,86.0,24.0,0.95,14.78,20.0,29.0,0.0,0.0,"Quintero-Castaño, V.D., Castellanos-Galeano, F.J., Álvarez-Barreto, C.I. and 2 more (...) (2020).In vitro digestibility of octenyl succinic anhydride-starch from the fruit of three Colombian Musa. Food Hydrocolloids,101",https://www.scopus.com/record/display.url?eid=2-s2.0-85075941373&origin=resultslist,10.1016/j.foodhyd.2019.105566,Article,,2-s2.0-85075941373,-,Universidad Autónoma Metropolitana| Universidad de Caldas| Instituto Politécnico Nacional| Universidad del Quindío,505017| 700974| 505011| 700983,Academic,4.0,60040209| 60065192| 60019176| 60028381,Universidad de Caldas| Universidad del Quindio| Instituto Politécnico Nacional| Universidad Autónoma Metropolitana -Unidad Iztapalapa,57188581667,55399527300,7003824557,-,Mexico| Colombia,2.0,1106| 1500| 1600,Food Science| General Chemical Engineering| General Chemistry,4| 5| 2,Natural Sciences| Life Sciences & Medicine| Engineering & Technology,409| 219| 502,Chemistry| Engineering - Chemical| Agriculture & Forestry,37| 32| 36,Physical Sciences| Life Sciences| Engineering,40| 30,"Engineering| Agricultural, Veterinary And Food Sciences",3006| 4004,Food sciences| Chemical engineering,-,Starch Properties and Applications in Food Science,737,83.584,Starch Properties and Applications in Food Science,99,99.766,Definitive,2020.0,24.0,N/A,"Quintero-Castaño, V.D.| Castellanos-Galeano, F.J.| Álvarez-Barreto, C.I.| Bello-Pérez, L.A.| Alvarez-Ramirez, J.",Universidad Autónoma Metropolitana| Universidad de Caldas| Instituto Politécnico Nacional| Universidad del Quindío,Mexico| Colombia,0
55399527300,55399527300,Evaluation of the protection and release rate of bougainvillea (Bougainvillea spectabilis) extracts encapsulated in alginate beads,"Orozco-Villafuerte, J.| Escobar-Rojas, A.| Buendía-González, L.| García-Morales, C.| Hernandez-Jaimes, C.| Alvarez-Ramirez, J.",6.0,56000862200| 57204057493| 16425323300| 14622521000| 55327395000| 55399527300,2019.0,2019-07-03,Journal of Dispersion Science and Technology,40,7,1065-1074,-,ISSN-01932691,26952.0,Journal,Taylor and Francis Inc.,English,0.65,54,3,38,0.357,45,2.05,74.0,24.0,0.92,12.0,21.0,31.0,0.0,0.0,"Orozco-Villafuerte, J., Escobar-Rojas, A., Buendía-González, L. and 3 more (...) (2019).Evaluation of the protection and release rate of bougainvillea (Bougainvillea spectabilis) extracts encapsulated in alginate beads. Journal of Dispersion Science and Technology,40(7) 1065-1074",https://www.scopus.com/record/display.url?eid=2-s2.0-85054342029&origin=resultslist,10.1080/01932691.2018.1496834,Article,,2-s2.0-85054342029,-,Universidad Autónoma Metropolitana| Universidad Autonoma del Estado de Mexico,505017| 505051,Academic,2.0,60002281| 60028381,Universidad Autónoma del Estado de México| Universidad Autónoma Metropolitana -Unidad Iztapalapa,56000862200,55399527300,55327395000,-,Mexico,1.0,1606| 2507| 2508,"Physical and Theoretical Chemistry| Polymers and Plastics| Surfaces, Coatings and Films",4| 2,Natural Sciences| Engineering & Technology,409| 249| 433,Chemistry| Engineering - Petroleum| Materials Science,36| 37,Engineering| Physical Sciences,34,Chemical Sciences,3406,Physical chemistry,-,Antioxidant Compounds and Their Medicinal Potential,6,97.711,Betalains: Antioxidant Pigments in Food Applications,9172,97.792,Very Good,2019.0,24.0,N/A,"Orozco-Villafuerte, J.| Escobar-Rojas, A.| Buendía-González, L.| García-Morales, C.| Hernandez-Jaimes, C.| Alvarez-Ramirez, J.",Universidad Autónoma Metropolitana| Universidad Autonoma del Estado de Mexico,Mexico,0
55399527300,55399527300,A singular value decomposition approach for testing the efficiency of Bitcoin and Ethereum markets,"Alvarez-Ramirez, J.| Rodriguez, E.",2.0,55399527300| 35112460500,2021.0,2021-09-01,Economics Letters,206,-,-,109997,ISSN-01651765,28490.0,Journal,Elsevier B.V.,English,0.95,35,3.2,29,0.683,32,0.55,22.0,23.0,1.27,12.61,18.0,22.0,0.0,0.0,"Alvarez-Ramirez, J., Rodriguez, E. (2021).A singular value decomposition approach for testing the efficiency of Bitcoin and Ethereum markets. Economics Letters,206",https://www.scopus.com/record/display.url?eid=2-s2.0-85110432432&origin=resultslist,10.1016/j.econlet.2021.109997,Article,,2-s2.0-85110432432,-,Universidad Autónoma Metropolitana,505017,Academic,1.0,60028381,Universidad Autónoma Metropolitana -Unidad Iztapalapa,55399527300,35112460500,35112460500,-,Mexico,1.0,2002| 2003,Economics and Econometrics| Finance,3,Social Sciences & Management,317| 301,Economics & Econometrics| Accounting & Finance,35,Business and Economics,38,Economics,-,-,-,Blockchain Applications in Energy and Security Systems,431,99.281,Volatility and Prediction in Cryptocurrency Markets,2763,99.841,Definitive,2021.0,23.0,N/A,"Alvarez-Ramirez, J.| Rodriguez, E.",Universidad Autónoma Metropolitana,Mexico,0
55399527300,55399527300,Effects of solid-state fermentation (Aspergillus oryzae var. oryzae) on the physicochemical properties of corn starch,"Reyes, I.| Cruz-Sosa, F.| Hernandez-Jaimes, C.| Vernon-Carter, E.J.| Alvarez-Ramirez, J.",5.0,57191035399| 56013839300| 55327395000| 7004260997| 55399527300,2017.0,2017-07-01,Starch/Staerke,69,7-8,-,1600369,ISSN-00389056,26489.0,Journal,Wiley-VCH Verlag,English,0.96,32,3,31,0.725,26,1.0,45.0,23.0,0.61,9.91,24.0,42.0,0.0,0.0,"Reyes, I., Cruz-Sosa, F., Hernandez-Jaimes, C. and 2 more (...) (2017).Effects of solid-state fermentation (Aspergillus oryzae var. oryzae) on the physicochemical properties of corn starch. Starch/Staerke,69(7-8) ",https://www.scopus.com/record/display.url?eid=2-s2.0-85013879179&origin=resultslist,10.1002/star.201600369,Article,,2-s2.0-85013879179,-,Universidad Autónoma Metropolitana| Universidad Autonoma del Estado de Mexico,505017| 505051,Academic,2.0,60028381| 60002281,Universidad Autónoma Metropolitana -Unidad Iztapalapa| Universidad Autónoma del Estado de México,57191035399,55399527300,55327395000,-,Mexico,1.0,1106| 1605,Food Science| Organic Chemistry,2| 4| 5,Engineering & Technology| Natural Sciences| Life Sciences & Medicine,409| 249| 502,Chemistry| Engineering - Petroleum| Agriculture & Forestry,37| 32,Physical Sciences| Life Sciences,30| 40,"Agricultural, Veterinary And Food Sciences| Engineering",3006| 4004,Food sciences| Chemical engineering,-,Genetic Insights into Rice and Wheat Traits,288,72.4,Solid State Fermentation in Biochemical Production,15670,86.373,Very Good,2017.0,23.0,N/A,"Reyes, I.| Cruz-Sosa, F.| Hernandez-Jaimes, C.| Vernon-Carter, E.J.| Alvarez-Ramirez, J.",Universidad Autónoma Metropolitana| Universidad Autonoma del Estado de Mexico,Mexico,0
55399527300,55399527300,Electrochemical characterization of gelatinized starch dispersions: Voltammetry and electrochemical impedance spectroscopy on platinum surface,"Hernandez-Jaimes, C.| Lobato-Calleros, C.| Sosa, E.| Bello-Pérez, L.A.| Vernon-Carter, E.J.| Alvarez-Ramirez, J.",6.0,55327395000| 6603090042| 25631275400| 7003824557| 7004260997| 55399527300,2015.0,2015-06-25,Carbohydrate Polymers,124,-,8-16,-,ISSN-01448617,25801.0,Journal,Elsevier Ltd,English,1.84,7,7.8,5,1.44,7,4.01,109.0,22.0,0.45,8.94,26.0,48.0,0.0,0.0,"Hernandez-Jaimes, C., Lobato-Calleros, C., Sosa, E. and 3 more (...) (2015).Electrochemical characterization of gelatinized starch dispersions: Voltammetry and electrochemical impedance spectroscopy on platinum surface. Carbohydrate Polymers,1248-16",https://www.scopus.com/record/display.url?eid=2-s2.0-84923684073&origin=resultslist,10.1016/j.carbpol.2015.02.002,Article,,2-s2.0-84923684073,25839788,Universidad Autónoma Metropolitana| Instituto Politécnico Nacional| Universidad Autonoma Chapingo| Instituto Mexicano del Petroleo,505017| 505011| 505047| 505005,Academic| Government,4.0,60010597| 60019271| 60019176| 60028381,Universidad Autónoma Chapingo| Instituto Mexicano Del Petroleo| Instituto Politécnico Nacional| Universidad Autónoma Metropolitana -Unidad Iztapalapa,55327395000,55399527300,55399527300,-,Mexico,1.0,1605| 2505| 2507,Organic Chemistry| Materials Chemistry| Polymers and Plastics,2| 4,Engineering & Technology| Natural Sciences,409| 249| 433,Chemistry| Engineering - Petroleum| Materials Science,37| 36,Physical Sciences| Engineering,40| 30| 31,"Engineering| Agricultural, Veterinary And Food Sciences| Biological Sciences",4004| 3006| 3101,Chemical engineering| Food sciences| Biochemistry and cell biology,-,Starch Properties and Applications in Food Science,737,83.584,Esterification and Modification of Starch Properties,9921,96.74,Weak,2015.0,22.0,N/A,"Hernandez-Jaimes, C.| Lobato-Calleros, C.| Sosa, E.| Bello-Pérez, L.A.| Vernon-Carter, E.J.| Alvarez-Ramirez, J.",Universidad Autónoma Metropolitana| Instituto Politécnico Nacional| Universidad Autonoma Chapingo| Instituto Mexicano del Petroleo,Mexico,0
55399527300,55399527300,Effect of layer (calcium phosphate-chitosan)-by-layer (mesquite gum) matrix on carotenoids-in-water-emulsion properties,"García-Márquez, E.| Román-Guerrero, A.| Cruz-Sosa, F.| Lobato-Calleros, C.| Álvarez-Ramírez, J.| Vernon-Carter, E.J.| Espinosa-Andrews, H.",7.0,55428281700| 56013603800| 56013839300| 6603090042| 55399527300| 7004260997| 56002681100,2015.0,2015-01-01,Food Hydrocolloids,43,-,451-458,-,ISSN-0268005X,22597.0,Journal,Elsevier B.V.,English,2.01,6,7,5,1.802,4,3.57,141.0,22.0,1.06,9.44,26.0,27.0,2.0,0.0,"García-Márquez, E., Román-Guerrero, A., Cruz-Sosa, F. and 4 more (...) (2015).Effect of layer (calcium phosphate-chitosan)-by-layer (mesquite gum) matrix on carotenoids-in-water-emulsion properties. Food Hydrocolloids,43451-458",https://www.scopus.com/record/display.url?eid=2-s2.0-84908407153&origin=resultslist,10.1016/j.foodhyd.2014.07.005,Article,,2-s2.0-84908407153,-,Universidad Autónoma Metropolitana| Universidad Autonoma Chapingo,505017| 505047,Academic,2.0,60095192| 60028381| 60010597,Instituto Dermatologico de Jalisco Dr. Jose Barba Rubio| Universidad Autónoma Metropolitana -Unidad Iztapalapa| Universidad Autónoma Chapingo,55428281700,56002681100,56002681100,-,Mexico,1.0,1106| 1500| 1600,Food Science| General Chemical Engineering| General Chemistry,2| 4| 5,Engineering & Technology| Natural Sciences| Life Sciences & Medicine,502| 409| 219,Agriculture & Forestry| Chemistry| Engineering - Chemical,37| 36| 32,Physical Sciences| Engineering| Life Sciences,40| 30,"Engineering| Agricultural, Veterinary And Food Sciences",3006| 4004,Food sciences| Chemical engineering,-,Protein Emulsification and Functional Food Applications,582,95.487,Stability and Properties of Emulsified Systems,7336,97.555,Very Good,2015.0,22.0,N/A,"García-Márquez, E.| Román-Guerrero, A.| Cruz-Sosa, F.| Lobato-Calleros, C.| Álvarez-Ramírez, J.| Vernon-Carter, E.J.| Espinosa-Andrews, H.",Universidad Autónoma Metropolitana| Universidad Autonoma Chapingo,Mexico,0
55399527300,55399527300,Effect of the stirring speed in the in vitro activity of α-amylase,"Roldan-Cruz, C.| Garcia-Hernandez, A.| Alvarez-Ramirez, J.| Vernon-Carter, E.J.",4.0,57118083700| 57192004816| 55399527300| 7004260997,2021.0,2021-01-01,Food Hydrocolloids,110,-,-,106127,ISSN-0268005X,22597.0,Journal,Elsevier B.V.,English,2.07,6,15.3,2,2.132,2,0.77,50.0,21.0,0.87,14.93,19.0,33.0,0.0,0.0,"Roldan-Cruz, C., Garcia-Hernandez, A., Alvarez-Ramirez, J. and 1 more (...) (2021).Effect of the stirring speed in the in vitro activity of α-amylase. Food Hydrocolloids,110",https://www.scopus.com/record/display.url?eid=2-s2.0-85087997330&origin=resultslist,10.1016/j.foodhyd.2020.106127,Article,,2-s2.0-85087997330,-,Universidad Autónoma Metropolitana| Universidad Veracruzana,505017| 505056,Academic,2.0,60007909| 60028381,Universidad Veracruzana| Universidad Autónoma Metropolitana -Unidad Iztapalapa,57118083700,7004260997,57118083700,-,Mexico,1.0,1106| 1500| 1600,Food Science| General Chemical Engineering| General Chemistry,2| 4| 5,Engineering & Technology| Natural Sciences| Life Sciences & Medicine,219| 409| 502,Engineering - Chemical| Chemistry| Agriculture & Forestry,37| 32| 36,Physical Sciences| Life Sciences| Engineering,40| 30,"Engineering| Agricultural, Veterinary And Food Sciences",4004| 3006,Chemical engineering| Food sciences,-,Starch Properties and Applications in Food Science,737,83.584,Starch Properties and Applications in Food Science,99,99.766,Very Good,2021.0,21.0,N/A,"Roldan-Cruz, C.| Garcia-Hernandez, A.| Alvarez-Ramirez, J.| Vernon-Carter, E.J.",Universidad Autónoma Metropolitana| Universidad Veracruzana,Mexico,0
55399527300,55399527300,EIS and relaxation times study for CO adsorbed on bimetallic Pt-Mo catalysts during the methanol oxidation reaction,"Ugalde-Reyes, O.| Liu, H.B.| Roquero, P.| Alvarez-Ramirez, J.| Sosa-Hernández, E.",5.0,23029584800| 57191739233| 57192915955| 55399527300| 25631275400,2022.0,2022-06-20,Electrochimica Acta,418,-,-,140309,ISSN-00134686,25181.0,Journal,Elsevier Ltd,English,1.04,28,12.8,7,1.264,11,2.81,66.0,21.0,1.13,15.05,15.0,26.0,0.0,0.0,"Ugalde-Reyes, O., Liu, H.B., Roquero, P. and 2 more (...) (2022).EIS and relaxation times study for CO adsorbed on bimetallic Pt-Mo catalysts during the methanol oxidation reaction. Electrochimica Acta,418",https://www.scopus.com/record/display.url?eid=2-s2.0-85128403088&origin=resultslist,10.1016/j.electacta.2022.140309,Article,,2-s2.0-85128403088,-,Universidad Autónoma Metropolitana| Instituto Mexicano del Petroleo| Universidad Nacional Autónoma de México,505017| 505005| 505023,Academic| Government,3.0,127992155| 60019271| 60032442| 60005847| 60028381,"Gustavo A Madero| Instituto Mexicano Del Petroleo| Universidad Nacional Autónoma de México| Universidad Nacional Autónoma de México, Facultad de Quimica| Universidad Autónoma Metropolitana -Unidad Iztapalapa",23029584800,25631275400,23029584800,-,Mexico,1.0,1500| 1603,General Chemical Engineering| Electrochemistry,4| 2,Natural Sciences| Engineering & Technology,219| 409,Engineering - Chemical| Chemistry,36| 37,Engineering| Physical Sciences,34| 40| 51,Chemical Sciences| Engineering| Physical Sciences,-,-,SDG 7,Fuel Cells and Polymer Electrolytes,79,97.646,Catalytic Innovations in Direct Fuel Cell Technologies,566,89.676,Very Good,2022.0,21.0,N/A,"Ugalde-Reyes, O.| Liu, H.B.| Roquero, P.| Alvarez-Ramirez, J.| Sosa-Hernández, E.",Universidad Autónoma Metropolitana| Instituto Mexicano del Petroleo| Universidad Nacional Autónoma de México,Mexico,0
55399527300,55399527300,Calcium alginate beads loaded with Mg(OH)2 improve L. casei viability under simulated gastric condition,"Arenales-Sierra, I.M.| Lobato-Calleros, C.| Vernon-Carter, E.J.| Hernández-Rodríguez, L.| Alvarez-Ramirez, J.",5.0,57209230594| 6603090042| 7004260997| 55899376700| 55399527300,2019.0,2019-09-01,LWT,112,-,-,108220,ISSN-00236438,20744.0,Journal,Academic Press,English,1.66,10,6.4,10,1.313,9,1.11,48.0,20.0,0.59,11.84,25.0,43.0,0.0,0.0,"Arenales-Sierra, I.M., Lobato-Calleros, C., Vernon-Carter, E.J. and 2 more (...) (2019).Calcium alginate beads loaded with Mg(OH)2 improve L. casei viability under simulated gastric condition. LWT,112",https://www.scopus.com/record/display.url?eid=2-s2.0-85066938741&origin=resultslist,10.1016/j.lwt.2019.05.118,Article,,2-s2.0-85066938741,-,Universidad Autónoma Metropolitana| Universidad Autonoma Chapingo,505017| 505047,Academic,2.0,60010597| 60028381,Universidad Autónoma Chapingo| Universidad Autónoma Metropolitana -Unidad Iztapalapa,57209230594,55399527300,6603090042,-,Mexico,1.0,1106,Food Science,5,Life Sciences & Medicine,502,Agriculture & Forestry,32,Life Sciences,30| 40| 32,"Agricultural, Veterinary And Food Sciences| Engineering| Biomedical And Clinical Sciences",4004| 3210| 3006,Chemical engineering| Nutrition and dietetics| Food sciences,-,Probiotics and Their Impact on Health,525,88.031,Probiotic Viability in Functional Food Development,1849,99.364,Very Good,2019.0,20.0,N/A,"Arenales-Sierra, I.M.| Lobato-Calleros, C.| Vernon-Carter, E.J.| Hernández-Rodríguez, L.| Alvarez-Ramirez, J.",Universidad Autónoma Metropolitana| Universidad Autonoma Chapingo,Mexico,0
55399527300,55399527300,Air Oxidation of Corn Starch: Effect of Heating Temperature on Physicochemical Properties and In Vitro Digestibility,"Reyes, I.| Hernandez-Jaimes, C.| Vernon-Carter, E.J.| Bello-Perez, L.A.| Alvarez-Ramirez, J.",5.0,57191035399| 55327395000| 7004260997| 7003824557| 55399527300,2021.0,2021-03-01,Starch/Staerke,73,3-4,-,2000237,ISSN-00389056,26489.0,Journal,Wiley-VCH Verlag,English,0.79,44,4.4,30,0.557,34,1.4,36.0,20.0,1.19,12.56,20.0,24.0,0.0,0.0,"Reyes, I., Hernandez-Jaimes, C., Vernon-Carter, E.J. and 2 more (...) (2021).Air Oxidation of Corn Starch: Effect of Heating Temperature on Physicochemical Properties and In Vitro Digestibility. Starch/Staerke,73(3-4) ",https://www.scopus.com/record/display.url?eid=2-s2.0-85100018603&origin=resultslist,10.1002/star.202000237,Article,,2-s2.0-85100018603,-,"Tecnológico Nacional de México, Mexico City| Universidad Autónoma Metropolitana| Universidad Autonoma del Estado de Mexico| Instituto Politécnico Nacional",719128| 505017| 505051| 505011,Academic,4.0,60134870| 60002281| 60028381| 60019176,Tecnológico Nacional de México| Universidad Autónoma del Estado de México| Universidad Autónoma Metropolitana -Unidad Iztapalapa| Instituto Politécnico Nacional,57191035399,55399527300,55327395000,-,Mexico,1.0,1106| 1605,Food Science| Organic Chemistry,4| 2| 5,Natural Sciences| Engineering & Technology| Life Sciences & Medicine,502| 409| 249,Agriculture & Forestry| Chemistry| Engineering - Petroleum,32| 37,Life Sciences| Physical Sciences,30| 40,"Agricultural, Veterinary And Food Sciences| Engineering",4004| 3006,Chemical engineering| Food sciences,-,Starch Properties and Applications in Food Science,737,83.584,Esterification and Modification of Starch Properties,9921,96.74,Very Good,2021.0,20.0,N/A,"Reyes, I.| Hernandez-Jaimes, C.| Vernon-Carter, E.J.| Bello-Perez, L.A.| Alvarez-Ramirez, J.","Tecnológico Nacional de México, Mexico City| Universidad Autónoma Metropolitana| Universidad Autonoma del Estado de Mexico| Instituto Politécnico Nacional",Mexico,0
55399527300,55399527300,"Effect of the Drying Temperature on Color, Antioxidant Activity and In Vitro Digestibility of Green Pea (Pisum sativum L.) Flour","Gonzalez, M.| Alvarez-Ramirez, J.| Vernon-Carter, E.J.| Reyes, I.| Alvarez-Poblano, L.",5.0,57211589226| 55399527300| 7004260997| 57191035399| 57211919724,2020.0,2020-09-01,Starch/Staerke,72,9-10,-,1900228,ISSN-00389056,26489.0,Journal,Wiley-VCH Verlag,English,0.88,39,3.9,29,0.62,33,1.24,34.0,19.0,0.73,12.33,25.0,36.0,0.0,0.0,"Gonzalez, M., Alvarez-Ramirez, J., Vernon-Carter, E.J. and 2 more (...) (2020).Effect of the Drying Temperature on Color, Antioxidant Activity and In Vitro Digestibility of Green Pea (Pisum sativum L.) Flour. Starch/Staerke,72(9-10) ",https://www.scopus.com/record/display.url?eid=2-s2.0-85081403004&origin=resultslist,10.1002/star.201900228,Article,,2-s2.0-85081403004,-,"Tecnológico Nacional de México, Mexico City| Universidad Autónoma Metropolitana",719128| 505017,Academic,2.0,60028381| 60134870,Universidad Autónoma Metropolitana -Unidad Iztapalapa| Tecnológico Nacional de México,57211589226,57211919724,55399527300,-,Mexico,1.0,1106| 1605,Food Science| Organic Chemistry,5| 2| 4,Life Sciences & Medicine| Engineering & Technology| Natural Sciences,249| 409| 502,Engineering - Petroleum| Chemistry| Agriculture & Forestry,32| 37,Life Sciences| Physical Sciences,30| 40,"Agricultural, Veterinary And Food Sciences| Engineering",4004| 3006,Chemical engineering| Food sciences,-,Starch Properties and Applications in Food Science,737,83.584,Starch Properties and Applications in Food Science,99,99.766,Very Good,2020.0,19.0,N/A,"Gonzalez, M.| Alvarez-Ramirez, J.| Vernon-Carter, E.J.| Reyes, I.| Alvarez-Poblano, L.","Tecnológico Nacional de México, Mexico City| Universidad Autónoma Metropolitana",Mexico,0
55399527300,55399527300,"Morphological, rheological and in vitro digestibility characteristics of gelatinized starch dispersion under repeated freeze-thaw cycles","Vernon-Carter, E.J.| Bello-Pérez, L.A.| Lobato-Calleros, C.| Hernández-Jaimes, C.| Meraz, M.| Alvarez-Ramirez, J.",6.0,7004260997| 7003824557| 6603090042| 55327395000| 55989654300| 55399527300,2016.0,2016-01-01,Starch/Staerke,68,1-2,84-91,-,ISSN-00389056,26489.0,Journal,Wiley-VCH Verlag,English,1,28,2.7,31,0.604,32,2.25,73.0,19.0,0.75,9.27,28.0,36.0,0.0,0.0,"Vernon-Carter, E.J., Bello-Pérez, L.A., Lobato-Calleros, C. and 3 more (...) (2016).Morphological, rheological and in vitro digestibility characteristics of gelatinized starch dispersion under repeated freeze-thaw cycles. Starch/Staerke,68(1-2) 84-91",https://www.scopus.com/record/display.url?eid=2-s2.0-84955674646&origin=resultslist,10.1002/star.201500178,Article,,2-s2.0-84955674646,-,Universidad Autónoma Metropolitana| Universidad Autonoma Chapingo| Instituto Politécnico Nacional,505017| 505047| 505011,Academic,3.0,60028381| 60019176| 60010597,Universidad Autónoma Metropolitana -Unidad Iztapalapa| Instituto Politécnico Nacional| Universidad Autónoma Chapingo,7004260997,55399527300,55399527300,-,Mexico,1.0,1106| 1605,Food Science| Organic Chemistry,2| 5| 4,Engineering & Technology| Life Sciences & Medicine| Natural Sciences,409| 249| 502,Chemistry| Engineering - Petroleum| Agriculture & Forestry,32| 37,Life Sciences| Physical Sciences,40| 30,"Engineering| Agricultural, Veterinary And Food Sciences",3006| 4004,Food sciences| Chemical engineering,-,Starch Properties and Applications in Food Science,737,83.584,Starch Properties and Applications in Food Science,99,99.766,Definitive,2016.0,19.0,N/A,"Vernon-Carter, E.J.| Bello-Pérez, L.A.| Lobato-Calleros, C.| Hernández-Jaimes, C.| Meraz, M.| Alvarez-Ramirez, J.",Universidad Autónoma Metropolitana| Universidad Autonoma Chapingo| Instituto Politécnico Nacional,Mexico,0
55399527300,55399527300,"The effect of the addition of soluble fibers (polydextrose, corn, pea) on the color, texture, structural features and protein digestibility of semolina pasta","Rodriguez-Huezo, M.E.| Valeriano-Garcia, N.| Totosaus-Sanchez, A.| Vernon-Carter, E.J.| Alvarez-Ramirez, J.",5.0,6504471198| 57844031200| 57844547000| 7004260997| 55399527300,2022.0,2022-12-01,Applied Food Research,2,2,-,100187,ISSN-27725022,21101092012.0,Journal,Elsevier B.V.,English,0.4,71,1.2,75,0.34,55,1.92,51.0,19.0,1.02,13.67,17.0,29.0,0.0,0.0,"Rodriguez-Huezo, M.E., Valeriano-Garcia, N., Totosaus-Sanchez, A. and 2 more (...) (2022).The effect of the addition of soluble fibers (polydextrose, corn, pea) on the color, texture, structural features and protein digestibility of semolina pasta. Applied Food Research,2(2) ",https://www.scopus.com/record/display.url?eid=2-s2.0-85135885798&origin=resultslist,10.1016/j.afres.2022.100187,Article,Gold|Green,2-s2.0-85135885798,-,Universidad Autónoma Metropolitana,505017,Academic,1.0,100441005| 60028381,Tecnológico de Estudios Superiores de Ecatepec| Universidad Autónoma Metropolitana -Unidad Iztapalapa,6504471198,55399527300,6504471198,-,Mexico,1.0,1106,Food Science,5,Life Sciences & Medicine,502,Agriculture & Forestry,32,Life Sciences,-,-,-,-,-,Starch Properties and Applications in Food Science,737,83.584,Enhancing Pasta Quality through Nutritional Innovations,11437,94.228,Definitive,2022.0,19.0,N/A,"Rodriguez-Huezo, M.E.| Valeriano-Garcia, N.| Totosaus-Sanchez, A.| Vernon-Carter, E.J.| Alvarez-Ramirez, J.",Universidad Autónoma Metropolitana,Mexico,0
55399527300,55399527300,A singular value decomposition entropy approach to assess the impact of Covid-19 on the informational efficiency of the WTI crude oil market,"Espinosa-Paredes, G.| Rodriguez, E.| Alvarez-Ramirez, J.",3.0,6701576605| 35112460500| 55399527300,2022.0,2022-07-01,"Chaos, Solitons and Fractals",160,-,-,112238,ISSN-09600779,25347.0,Journal,Elsevier Ltd,English,1.9,7,11.8,1,1.393,9,1.82,24.0,19.0,2.0,9.02,17.0,13.0,0.0,0.0,"Espinosa-Paredes, G., Rodriguez, E., Alvarez-Ramirez, J. (2022).A singular value decomposition entropy approach to assess the impact of Covid-19 on the informational efficiency of the WTI crude oil market. Chaos, Solitons and Fractals,160",https://www.scopus.com/record/display.url?eid=2-s2.0-85130877099&origin=resultslist,10.1016/j.chaos.2022.112238,Article,Green,2-s2.0-85130877099,-,Universidad Autónoma Metropolitana,505017,Academic,1.0,128153016| 128153137| 60028381,Area de Ingeniería en Recursos Energéticos| Area de Computación| Universidad Autónoma Metropolitana -Unidad Iztapalapa,6701576605,55399527300,35112460500,-,Mexico,1.0,2604| 2610| 3100| 3109,Applied Mathematics| Mathematical Physics| General Physics and Astronomy| Statistical and Nonlinear Physics,4,Natural Sciences,431| 439,Mathematics| Physics & Astronomy,37,Physical Sciences,49| 40| 46,Mathematical Sciences| Engineering| Information And Computing Sciences,-,-,-,Dynamics of Financial Markets and Power Law,1053,21.975,Multifractal Dynamics in Financial and Environmental Systems,973,95.19,Very Good,2022.0,19.0,N/A,"Espinosa-Paredes, G.| Rodriguez, E.| Alvarez-Ramirez, J.",Universidad Autónoma Metropolitana,Mexico,0
55399527300,55399527300,"Effect of the OSA Esterification of Oxalis tuberosa Starch on the Physicochemical, Molecular, and Emulsification Properties","Velásquez-Barreto, F.F.| Bello-Pérez, L.A.| Yee-Madeira, H.| Alvarez-Ramirez, J.| Velezmoro-Sánchez, C.E.",5.0,57203093773| 7003824557| 6603737439| 55399527300| 55308832700,2020.0,2020-05-01,Starch/Staerke,72,5-6,-,1900305,ISSN-00389056,26489.0,Journal,Wiley-VCH Verlag,English,0.88,39,3.9,29,0.62,33,2.56,99.0,19.0,1.05,12.33,25.0,26.0,0.0,0.0,"Velásquez-Barreto, F.F., Bello-Pérez, L.A., Yee-Madeira, H. and 2 more (...) (2020).Effect of the OSA Esterification of Oxalis tuberosa Starch on the Physicochemical, Molecular, and Emulsification Properties. Starch/Staerke,72(5-6) ",https://www.scopus.com/record/display.url?eid=2-s2.0-85081369066&origin=resultslist,10.1002/star.201900305,Article,Green,2-s2.0-85081369066,-,Universidad Autónoma Metropolitana| Universidad Nacional Autónoma de Chota| Instituto Politécnico Nacional| Universidad Nacional Agraria La Molina,505017| 721943| 505011| 701193,Academic,4.0,60071254| 60110840| 60019176| 60028381,Universidad Nacional Agraria La Molina| Universidad Nacional Autónoma de Chota| Instituto Politécnico Nacional| Universidad Autónoma Metropolitana -Unidad Iztapalapa,57203093773,55308832700,57203093773,-,Mexico| Peru,2.0,1106| 1605,Food Science| Organic Chemistry,5| 4| 2,Life Sciences & Medicine| Natural Sciences| Engineering & Technology,249| 502| 409,Engineering - Petroleum| Agriculture & Forestry| Chemistry,37| 32,Physical Sciences| Life Sciences,40| 30,"Engineering| Agricultural, Veterinary And Food Sciences",3006| 4004,Food sciences| Chemical engineering,-,Starch Properties and Applications in Food Science,737,83.584,Esterification and Modification of Starch Properties,9921,96.74,Very Good,2020.0,19.0,N/A,"Velásquez-Barreto, F.F.| Bello-Pérez, L.A.| Yee-Madeira, H.| Alvarez-Ramirez, J.| Velezmoro-Sánchez, C.E.",Universidad Autónoma Metropolitana| Universidad Nacional Autónoma de Chota| Instituto Politécnico Nacional| Universidad Nacional Agraria La Molina,Mexico| Peru,0
55399527300,55399527300,Fractal analysis of Jackson Pollock's painting evolution,"Alvarez-Ramirez, J.| Ibarra-Valdez, C.| Rodriguez, E.",3.0,55399527300| 6602868749| 35112460500,2016.0,2016-02-01,"Chaos, Solitons and Fractals",83,-,97-104,-,ISSN-09600779,25347.0,Journal,Elsevier Ltd,English,0.84,38,2.4,12,0.518,43,2.03,30.0,18.0,0.94,5.31,29.0,31.0,0.0,0.0,"Alvarez-Ramirez, J., Ibarra-Valdez, C., Rodriguez, E. (2016).Fractal analysis of Jackson Pollock's painting evolution. Chaos, Solitons and Fractals,8397-104",https://www.scopus.com/record/display.url?eid=2-s2.0-84954209117&origin=resultslist,10.1016/j.chaos.2015.11.034,Article,,2-s2.0-84954209117,-,Universidad Autónoma Metropolitana,505017,Academic,1.0,60028381,Universidad Autónoma Metropolitana -Unidad Iztapalapa,55399527300,35112460500,55399527300,-,Mexico,1.0,2600| 2604| 3100| 3109,General Mathematics| Applied Mathematics| General Physics and Astronomy| Statistical and Nonlinear Physics,4,Natural Sciences,431| 439,Mathematics| Physics & Astronomy,37,Physical Sciences,40| 46| 49,Engineering| Information And Computing Sciences| Mathematical Sciences,-,-,-,"Image Segmentation, Deep Neural Networks and Object Detection",0,100,AI and Deep Learning in Art Classification,21859,89.561,Very Good,2016.0,18.0,N/A,"Alvarez-Ramirez, J.| Ibarra-Valdez, C.| Rodriguez, E.",Universidad Autónoma Metropolitana,Mexico,0
55399527300,55399527300,"The order of addition of corn starch/lithium perchlorate/glycerol affects the optical, mechanical, and electrical properties of a solid polymer electrolyte","Vernon-Carter, E.J.| Alvarez-Ramirez, J.| Bello-Perez, L.A.| Roldan-Cruz, C.| Garcia-Hernandez, A.| Huerta, L.",6.0,7004260997| 55399527300| 7003824557| 57118083700| 57192004816| 6603814057,2017.0,2017-11-01,Ionics,23,11,3111-3123,-,ISSN-09477047,145625.0,Journal,Institute for Ionics,English,0.68,50,3.3,17,0.557,22,2.26,58.0,18.0,0.52,9.61,29.0,46.0,0.0,0.0,"Vernon-Carter, E.J., Alvarez-Ramirez, J., Bello-Perez, L.A. and 3 more (...) (2017).The order of addition of corn starch/lithium perchlorate/glycerol affects the optical, mechanical, and electrical properties of a solid polymer electrolyte. Ionics,23(11) 3111-3123",https://www.scopus.com/record/display.url?eid=2-s2.0-85018367201&origin=resultslist,10.1007/s11581-017-2119-5,Article,,2-s2.0-85018367201,-,Universidad Autónoma Metropolitana| Instituto Politécnico Nacional| Universidad Nacional Autónoma de México,505017| 505011| 505023,Academic,3.0,60028381| 60019176| 60032442,Universidad Autónoma Metropolitana -Unidad Iztapalapa| Instituto Politécnico Nacional| Universidad Nacional Autónoma de México,7004260997,6603814057,55399527300,-,Mexico,1.0,1500| 2200| 2500| 3100,General Chemical Engineering| General Engineering| General Materials Science| General Physics and Astronomy,2| 4,Engineering & Technology| Natural Sciences,433| 439| 219,Materials Science| Physics & Astronomy| Engineering - Chemical,36| 37,Engineering| Physical Sciences,34,Chemical Sciences,3406,Physical chemistry,SDG 7,Fuel Cells and Polymer Electrolytes,79,97.646,Biopolymer Electrolytes for Enhanced Energy Storage,14545,96.14,Very Good,2017.0,18.0,N/A,"Vernon-Carter, E.J.| Alvarez-Ramirez, J.| Bello-Perez, L.A.| Roldan-Cruz, C.| Garcia-Hernandez, A.| Huerta, L.",Universidad Autónoma Metropolitana| Instituto Politécnico Nacional| Universidad Nacional Autónoma de México,Mexico,0
55399527300,55399527300,Cox-Merz rules from phenomenological Kelvin-Voigt and Maxwell models,"Vernon-Carter, E.J.| Avila-De La Rosa, G.| Carrillo-Navas, H.| Carrera, Y.| Alvarez-Ramirez, J.",5.0,7004260997| 34879367900| 51565848600| 55614663300| 55399527300,2016.0,2016-01-01,Journal of Food Engineering,169,-,18-26,8282,ISSN-02608774,20586.0,Journal,Elsevier Ltd,English,1.82,7,6.6,6,1.476,8,0.71,60.0,18.0,0.48,8.42,29.0,47.0,0.0,0.0,"Vernon-Carter, E.J., Avila-De La Rosa, G., Carrillo-Navas, H. and 2 more (...) (2016).Cox-Merz rules from phenomenological Kelvin-Voigt and Maxwell models. Journal of Food Engineering,16918-26",https://www.scopus.com/record/display.url?eid=2-s2.0-84940536345&origin=resultslist,10.1016/j.jfoodeng.2015.08.005,Article,,2-s2.0-84940536345,-,Universidad Autónoma Metropolitana,505017,Academic,1.0,60028381,Universidad Autónoma Metropolitana -Unidad Iztapalapa,7004260997,55399527300,55399527300,-,Mexico,1.0,1106,Food Science,5,Life Sciences & Medicine,502,Agriculture & Forestry,32,Life Sciences,30| 40,"Agricultural, Veterinary And Food Sciences| Engineering",4004| 3006,Chemical engineering| Food sciences,-,Polysaccharides and Their Multifaceted Biological Activities,548,88.555,Functional Properties of Galactomannan Polysaccharides,10620,94.973,Defensible,2016.0,18.0,N/A,"Vernon-Carter, E.J.| Avila-De La Rosa, G.| Carrillo-Navas, H.| Carrera, Y.| Alvarez-Ramirez, J.",Universidad Autónoma Metropolitana,Mexico,0
55399527300,55399527300,A singular value decomposition entropy approach for testing stock market efficiency,"Alvarez-Ramirez, J.| Rodriguez, E.",2.0,55399527300| 35112460500,2021.0,2021-12-01,Physica A: Statistical Mechanics and its Applications,583,-,-,126337,ISSN-03784371,29115.0,Journal,Elsevier B.V.,English,1.16,24,7.1,5,0.891,19,2.64,31.0,17.0,1.78,7.28,24.0,15.0,0.0,0.0,"Alvarez-Ramirez, J., Rodriguez, E. (2021).A singular value decomposition entropy approach for testing stock market efficiency. Physica A: Statistical Mechanics and its Applications,583",https://www.scopus.com/record/display.url?eid=2-s2.0-85112508339&origin=resultslist,10.1016/j.physa.2021.126337,Article,,2-s2.0-85112508339,-,Universidad Autónoma Metropolitana,505017,Academic,1.0,60028381,Universidad Autónoma Metropolitana -Unidad Iztapalapa,55399527300,35112460500,55399527300,-,Mexico,1.0,2613| 3109,Statistics and Probability| Statistical and Nonlinear Physics,4| 2,Natural Sciences| Engineering & Technology,431| 344| 439| 213,Mathematics| Statistics & Operational Research| Physics & Astronomy| Data Science,37,Physical Sciences,49,Mathematical Sciences,4901| 4902,Applied mathematics| Mathematical physics,-,Dynamics of Financial Markets and Power Law,1053,21.975,Multifractal Dynamics in Financial and Environmental Systems,973,95.19,Very Good,2021.0,17.0,N/A,"Alvarez-Ramirez, J.| Rodriguez, E.",Universidad Autónoma Metropolitana,Mexico,0
55399527300,55399527300,"Exogenous addition of muicle (Justicia spicigera Schechtendal) extract to white maize tortillas affects the antioxidant activity, texture, color, and in vitro starch digestibility","Alvarez-Poblano, L.| Roman-Guerrero, A.| Vernon-Carter, E.J.| Alvarez-Ramirez, J.",4.0,57211919724| 56013603800| 7004260997| 55399527300,2020.0,2020-11-01,LWT,133,-,-,110120,ISSN-00236438,20744.0,Journal,Academic Press,English,1.58,12,6.7,12,1.258,10,2.2,75.0,16.0,0.56,12.49,29.0,44.0,0.0,0.0,"Alvarez-Poblano, L., Roman-Guerrero, A., Vernon-Carter, E.J. and 1 more (...) (2020).Exogenous addition of muicle (Justicia spicigera Schechtendal) extract to white maize tortillas affects the antioxidant activity, texture, color, and in vitro starch digestibility. LWT,133",https://www.scopus.com/record/display.url?eid=2-s2.0-85090043955&origin=resultslist,10.1016/j.lwt.2020.110120,Article,,2-s2.0-85090043955,-,Universidad Autónoma Metropolitana,505017,Academic,1.0,60028381,Universidad Autónoma Metropolitana -Unidad Iztapalapa,57211919724,55399527300,55399527300,-,Mexico,1.0,1106,Food Science,5,Life Sciences & Medicine,502,Agriculture & Forestry,32,Life Sciences,32| 30| 40,"Biomedical And Clinical Sciences| Agricultural, Veterinary And Food Sciences| Engineering",4004| 3210| 3006,Chemical engineering| Nutrition and dietetics| Food sciences,-,Starch Properties and Applications in Food Science,737,83.584,Nutritional and Functional Aspects of Nixtamalized Maize,28077,74.576,Defensible,2020.0,16.0,N/A,"Alvarez-Poblano, L.| Roman-Guerrero, A.| Vernon-Carter, E.J.| Alvarez-Ramirez, J.",Universidad Autónoma Metropolitana,Mexico,0
55399527300,55399527300,Effects of clay concentration on the morphology and rheological properties of xanthan gum-based hydrogels reinforced with montmorillonite particles,"Garcia-Hernandez, A.| Lobato-Calleros, C.| Vernon-Carter, E.J.| Sosa-Hernandez, E.| Alvarez-Ramirez, J.",5.0,57192004816| 6603090042| 7004260997| 25631275400| 55399527300,2017.0,2017-02-20,Journal of Applied Polymer Science,134,8,-,44517,ISSN-00218995,13554.0,Journal,John Wiley and Sons Inc.,English,0.79,43,3.6,22,0.543,27,1.47,54.0,16.0,0.45,11.18,32.0,49.0,0.0,0.0,"Garcia-Hernandez, A., Lobato-Calleros, C., Vernon-Carter, E.J. and 2 more (...) (2017).Effects of clay concentration on the morphology and rheological properties of xanthan gum-based hydrogels reinforced with montmorillonite particles. Journal of Applied Polymer Science,134(8) ",https://www.scopus.com/record/display.url?eid=2-s2.0-84995920430&origin=resultslist,10.1002/app.44517,Article,,2-s2.0-84995920430,-,Universidad Autónoma Metropolitana| Universidad Autonoma Chapingo| Instituto Mexicano del Petroleo,505017| 505047| 505005,Academic| Government,3.0,60028381| 60010597| 60019271,Universidad Autónoma Metropolitana -Unidad Iztapalapa| Universidad Autónoma Chapingo| Instituto Mexicano Del Petroleo,57192004816,55399527300,55399527300,-,Mexico,1.0,1600| 2505| 2507| 2508,"General Chemistry| Materials Chemistry| Polymers and Plastics| Surfaces, Coatings and Films",4,Natural Sciences,433| 409,Materials Science| Chemistry,36| 37,Engineering| Physical Sciences,34| 40,Chemical Sciences| Engineering,-,-,-,Polysaccharides and Their Multifaceted Biological Activities,548,88.555,Xanthan Gum Applications in Food and Industry,15426,90.115,Defensible,2017.0,16.0,N/A,"Garcia-Hernandez, A.| Lobato-Calleros, C.| Vernon-Carter, E.J.| Sosa-Hernandez, E.| Alvarez-Ramirez, J.",Universidad Autónoma Metropolitana| Universidad Autonoma Chapingo| Instituto Mexicano del Petroleo,Mexico,0
55399527300,55399527300,Thermodynamic sorption analysis and glass transition temperature of faba bean (Vicia faba L.) protein,"Alpizar-Reyes, E.| Castaño, J.| Carrillo-Navas, H.| Alvarez-Ramírez, J.| Gallardo-Rivera, R.| Pérez-Alonso, C.| Guadarrama-Lezama, A.Y.",7.0,57192102030| 45761065300| 51565848600| 55399527300| 57194083929| 6507830886| 42861398100,2018.0,2018-03-01,Journal of Food Science and Technology,55,3,935-943,-,ISSN-00221155,20617.0,Journal,Springer India,English,1.22,20,3.8,25,0.786,23,0.99,45.0,16.0,0.35,11.38,31.0,55.0,0.0,0.0,"Alpizar-Reyes, E., Castaño, J., Carrillo-Navas, H. and 4 more (...) (2018).Thermodynamic sorption analysis and glass transition temperature of faba bean (Vicia faba L.) protein. Journal of Food Science and Technology,55(3) 935-943",https://www.scopus.com/record/display.url?eid=2-s2.0-85041101272&origin=resultslist,10.1007/s13197-017-3001-1,Article,Green,2-s2.0-85041101272,-,Universidad Autónoma Metropolitana| Universidad Autonoma del Estado de Mexico| Universidad de Concepción,505017| 505051| 603005,Academic,3.0,60002281| 60001282| 60028381,Universidad Autónoma del Estado de México| Universidad de Concepcion| Universidad Autónoma Metropolitana -Unidad Iztapalapa,57192102030,42861398100,42861398100,-,Chile| Mexico,2.0,1106,Food Science,5,Life Sciences & Medicine,502,Agriculture & Forestry,32,Life Sciences,40| 30,"Engineering| Agricultural, Veterinary And Food Sciences",3006| 4004,Food sciences| Chemical engineering,-,Moisture Dynamics and Energy Efficiency in Drying,817,73.185,Water Activity and Moisture Dynamics,5092,83.705,Definitive,2018.0,16.0,N/A,"Alpizar-Reyes, E.| Castaño, J.| Carrillo-Navas, H.| Alvarez-Ramírez, J.| Gallardo-Rivera, R.| Pérez-Alonso, C.| Guadarrama-Lezama, A.Y.",Universidad Autónoma Metropolitana| Universidad Autonoma del Estado de Mexico| Universidad de Concepción,Chile| Mexico,0
55399527300,55399527300,Multivariate rescaled range analysis,"Meraz, M.| Alvarez-Ramirez, J.| Rodriguez, E.",3.0,6601910796| 55399527300| 35112460500,2022.0,2022-03-01,Physica A: Statistical Mechanics and its Applications,589,-,-,126631,ISSN-03784371,29115.0,Journal,Elsevier B.V.,English,1.14,24,7.5,4,0.699,28,1.31,16.0,16.0,1.85,7.57,20.0,14.0,0.0,0.0,"Meraz, M., Alvarez-Ramirez, J., Rodriguez, E. (2022).Multivariate rescaled range analysis. Physica A: Statistical Mechanics and its Applications,589",https://www.scopus.com/record/display.url?eid=2-s2.0-85120724599&origin=resultslist,10.1016/j.physa.2021.126631,Article,,2-s2.0-85120724599,-,Universidad Autónoma Metropolitana,505017,Academic,1.0,60028381,Universidad Autónoma Metropolitana -Unidad Iztapalapa,6601910796,35112460500,35112460500,-,Mexico,1.0,2613| 3109,Statistics and Probability| Statistical and Nonlinear Physics,2| 4,Engineering & Technology| Natural Sciences,431| 213| 344| 439,Mathematics| Data Science| Statistics & Operational Research| Physics & Astronomy,37,Physical Sciences,49,Mathematical Sciences,4901| 4902,Applied mathematics| Mathematical physics,-,Dynamics of Financial Markets and Power Law,1053,21.975,Multifractal Dynamics in Financial and Environmental Systems,973,95.19,Very Good,2022.0,16.0,N/A,"Meraz, M.| Alvarez-Ramirez, J.| Rodriguez, E.",Universidad Autónoma Metropolitana,Mexico,0
55399527300,55399527300,"A novel, simple, economic and effective method for retarding maize tortilla staling","Alvarez-Ramirez, J.| Garcia-Diaz, S.| Vernon-Carter, E.J.| Bello-Perez, L.A.",4.0,55399527300| 57188695640| 7004260997| 7003824557,2018.0,2018-09-01,Journal of the Science of Food and Agriculture,98,12,4403-4410,-,ISSN-00225142,33928.0,Journal,John Wiley and Sons Ltd,English,1.25,19,4.3,15,0.824,18,2.12,71.0,16.0,0.88,10.25,31.0,32.0,0.0,0.0,"Alvarez-Ramirez, J., Garcia-Diaz, S., Vernon-Carter, E.J. and 1 more (...) (2018).A novel, simple, economic and effective method for retarding maize tortilla staling. Journal of the Science of Food and Agriculture,98(12) 4403-4410",https://www.scopus.com/record/display.url?eid=2-s2.0-85044348940&origin=resultslist,10.1002/jsfa.8962,Article,,2-s2.0-85044348940,29435988,Universidad Autónoma Metropolitana| Instituto Politécnico Nacional,505017| 505011,Academic,2.0,60028381| 60019176,Universidad Autónoma Metropolitana -Unidad Iztapalapa| Instituto Politécnico Nacional,55399527300,7003824557,55399527300,-,Mexico,1.0,1102| 1106| 1305| 2916,Agronomy and Crop Science| Food Science| Biotechnology| Nutrition and Dietetics,5,Life Sciences & Medicine,502| 507| 534,Agriculture & Forestry| Biological Sciences| Nursing,34| 32,Medical and Health| Life Sciences,30| 40,"Agricultural, Veterinary And Food Sciences| Engineering",-,-,-,Starch Properties and Applications in Food Science,737,83.584,Nutritional and Functional Aspects of Nixtamalized Maize,28077,74.576,Very Good,2018.0,16.0,N/A,"Alvarez-Ramirez, J.| Garcia-Diaz, S.| Vernon-Carter, E.J.| Bello-Perez, L.A.",Universidad Autónoma Metropolitana| Instituto Politécnico Nacional,Mexico,0
55399527300,55399527300,Electrical impedance spectroscopy for monitoring the gum Arabic-chitosan complexation process in bulk solution,"Roldan-Cruz, C.| Carmona-Ascencio, J.| Vernon-Carter, E.J.| Alvarez-Ramirez, J.",4.0,57118083700| 57118251100| 7004260997| 55399527300,2016.0,2016-04-20,Colloids and Surfaces A: Physicochemical and Engineering Aspects,495,-,125-135,-,ISSN-09277757,26589.0,Journal,Elsevier B.V.,English,1.13,22,4.9,21,0.812,43,1.3,55.0,15.0,0.61,13.12,33.0,42.0,0.0,0.0,"Roldan-Cruz, C., Carmona-Ascencio, J., Vernon-Carter, E.J. and 1 more (...) (2016).Electrical impedance spectroscopy for monitoring the gum Arabic-chitosan complexation process in bulk solution. Colloids and Surfaces A: Physicochemical and Engineering Aspects,495125-135",https://www.scopus.com/record/display.url?eid=2-s2.0-84958183307&origin=resultslist,10.1016/j.colsurfa.2016.02.004,Article,,2-s2.0-84958183307,-,Universidad Autónoma Metropolitana,505017,Academic,1.0,60028381,Universidad Autónoma Metropolitana -Unidad Iztapalapa,57118083700,55399527300,55399527300,-,Mexico,1.0,1505| 1606| 3110,Colloid and Surface Chemistry| Physical and Theoretical Chemistry| Surfaces and Interfaces,2| 4,Engineering & Technology| Natural Sciences,249| 409| 439| 219,Engineering - Petroleum| Chemistry| Physics & Astronomy| Engineering - Chemical,36| 37,Engineering| Physical Sciences,34| 40| 51,Chemical Sciences| Engineering| Physical Sciences,-,-,-,Protein Emulsification and Functional Food Applications,582,95.487,Coacervation Mechanisms in Protein-Polysaccharide Interactions,9750,97.754,Very Good,2016.0,15.0,N/A,"Roldan-Cruz, C.| Carmona-Ascencio, J.| Vernon-Carter, E.J.| Alvarez-Ramirez, J.",Universidad Autónoma Metropolitana,Mexico,0
55399527300,55399527300,In vitro digestibility of normal and waxy corn starch is modified by the addition of Tween 80,"Vernon-Carter, E.J.| Alvarez-Ramirez, J.| Bello-Perez, L.A.| Garcia-Hernandez, A.| Roldan-Cruz, C.| Garcia-Diaz, S.",6.0,7004260997| 55399527300| 7003824557| 57192004816| 57118083700| 57188695640,2018.0,2018-09-01,International Journal of Biological Macromolecules,116,-,715-720,-,ISSN-01418130,17544.0,Journal,Elsevier B.V.,English,1.49,13,6,7,0.962,22,2.86,81.0,15.0,0.4,12.66,33.0,52.0,2.0,0.0,"Vernon-Carter, E.J., Alvarez-Ramirez, J., Bello-Perez, L.A. and 3 more (...) (2018).In vitro digestibility of normal and waxy corn starch is modified by the addition of Tween 80. International Journal of Biological Macromolecules,116715-720",https://www.scopus.com/record/display.url?eid=2-s2.0-85047060723&origin=resultslist,10.1016/j.ijbiomac.2018.05.076,Article,,2-s2.0-85047060723,29775707,Universidad Autónoma Metropolitana| Instituto Politécnico Nacional,505017| 505011,Academic,2.0,60028381| 60019176,Universidad Autónoma Metropolitana -Unidad Iztapalapa| Instituto Politécnico Nacional,7004260997,57188695640,55399527300,-,Mexico,1.0,1303| 1312| 1315| 2002| 2100,Biochemistry| Molecular Biology| Structural Biology| Economics and Econometrics| General Energy,3| 2| 5,Social Sciences & Management| Engineering & Technology| Life Sciences & Medicine,249| 221| 317| 507,Engineering - Petroleum| Engineering - Electrical & Electronic| Economics & Econometrics| Biological Sciences,35| 36| 32,Business and Economics| Engineering| Life Sciences,31,Biological Sciences,3101,Biochemistry and cell biology,-,Starch Properties and Applications in Food Science,737,83.584,Complex Interactions of Starch and Lipids,21817,97.993,Defensible,2018.0,15.0,N/A,"Vernon-Carter, E.J.| Alvarez-Ramirez, J.| Bello-Perez, L.A.| Garcia-Hernandez, A.| Roldan-Cruz, C.| Garcia-Diaz, S.",Universidad Autónoma Metropolitana| Instituto Politécnico Nacional,Mexico,0
55399527300,55399527300, Improving the mechanical performance of green starch/glycerol/Li + conductive films through cross-linking with Ca 2+,"Alvarez-Ramirez, J.| Vazquez-Arenas, J.| García-Hernández, A.| Vernon-Carter, E.J.",4.0,55399527300| 56013705500| 57192004816| 7004260997,2019.0,2019-04-01,Solid State Ionics,332,-,1-9,-,ISSN-01672738,29887.0,Journal,Elsevier B.V.,English,0.94,34,5.2,21,0.84,21,1.46,42.0,15.0,0.41,14.61,31.0,52.0,1.0,0.0,"Alvarez-Ramirez, J., Vazquez-Arenas, J., García-Hernández, A. and 1 more (...) (2019). Improving the mechanical performance of green starch/glycerol/Li + conductive films through cross-linking with Ca 2+. Solid State Ionics,3321-9",https://www.scopus.com/record/display.url?eid=2-s2.0-85059740061&origin=resultslist,10.1016/j.ssi.2019.01.002,Article,,2-s2.0-85059740061,-,Consejo Nacional de Ciencia y Tecnologia Mexico| Universidad Autónoma Metropolitana,704696| 505017,Academic| Government,2.0,60028381| 60027998,"Universidad Autónoma Metropolitana -Unidad Iztapalapa| Secretaría de Ciencia, Humanidades, Tecnología e Innovación",55399527300,7004260997,56013705500,-,Mexico,1.0,1600| 2500| 3104,General Chemistry| General Materials Science| Condensed Matter Physics,4| 2,Natural Sciences| Engineering & Technology,439| 409| 433,Physics & Astronomy| Chemistry| Materials Science,37| 36,Physical Sciences| Engineering,34,Chemical Sciences,3406| 3402,Physical chemistry| Inorganic chemistry,-,Fuel Cells and Polymer Electrolytes,79,97.646,Biopolymer Electrolytes for Enhanced Energy Storage,14545,96.14,Defensible,2019.0,15.0,N/A,"Alvarez-Ramirez, J.| Vazquez-Arenas, J.| García-Hernández, A.| Vernon-Carter, E.J.",Consejo Nacional de Ciencia y Tecnologia Mexico| Universidad Autónoma Metropolitana,Mexico,0
55399527300,55399527300,"Films from corn, wheat, and rice starch ghost phase fractions display overall superior performance than whole starch films","Gómez-Luría, D.| Vernon-Carter, E.J.| Alvarez-Ramirez, J.",3.0,56126595600| 7004260997| 55399527300,2017.0,2017-11-01,Starch/Staerke,69,11-12,-,1700059,ISSN-00389056,26489.0,Journal,Wiley-VCH Verlag,English,0.96,32,3,31,0.725,26,0.55,29.0,15.0,0.71,9.91,33.0,38.0,0.0,0.0,"Gómez-Luría, D., Vernon-Carter, E.J., Alvarez-Ramirez, J. (2017).Films from corn, wheat, and rice starch ghost phase fractions display overall superior performance than whole starch films. Starch/Staerke,69(11-12) ",https://www.scopus.com/record/display.url?eid=2-s2.0-85032984271&origin=resultslist,10.1002/star.201700059,Article,,2-s2.0-85032984271,-,Universidad Autónoma Metropolitana,505017,Academic,1.0,60028381,Universidad Autónoma Metropolitana -Unidad Iztapalapa,56126595600,55399527300,7004260997,-,Mexico,1.0,1106| 1605,Food Science| Organic Chemistry,4| 5| 2,Natural Sciences| Life Sciences & Medicine| Engineering & Technology,249| 409| 502,Engineering - Petroleum| Chemistry| Agriculture & Forestry,37| 32,Physical Sciences| Life Sciences,40| 30,"Engineering| Agricultural, Veterinary And Food Sciences",4004| 3006,Chemical engineering| Food sciences,-,Chitosan Applications in Health and Food Packaging,881,93.656,Biopolymer Edible Films for Sustainable Packaging,181,99.967,Very Good,2017.0,15.0,N/A,"Gómez-Luría, D.| Vernon-Carter, E.J.| Alvarez-Ramirez, J.",Universidad Autónoma Metropolitana,Mexico,0
55399527300,55399527300,Survival of Saccharomyces cerevisiae microencapsulated with complex coacervate after freezing process,"de la Cruz-Gavia, A.| Pérez-Alonso, C.| Barrera-Díaz, C.E.| Alvarez-Ramírez, J.| Carrillo-Navas, H.| Guadarrama-Lezama, A.Y.",6.0,57202205271| 6507830886| 11240229000| 55399527300| 51565848600| 42861398100,2018.0,2018-09-01,Food Hydrocolloids,82,-,45-52,-,ISSN-0268005X,22597.0,Journal,Elsevier B.V.,English,2.04,6,9.4,3,2.055,2,2.03,68.0,14.0,0.32,12.37,34.0,57.0,0.0,0.0,"de la Cruz-Gavia, A., Pérez-Alonso, C., Barrera-Díaz, C.E. and 3 more (...) (2018).Survival of Saccharomyces cerevisiae microencapsulated with complex coacervate after freezing process. Food Hydrocolloids,8245-52",https://www.scopus.com/record/display.url?eid=2-s2.0-85047400886&origin=resultslist,10.1016/j.foodhyd.2018.03.045,Article,,2-s2.0-85047400886,-,Universidad Autónoma Metropolitana| Universidad Autonoma del Estado de Mexico,505017| 505051,Academic,2.0,60002281| 60028381,Universidad Autónoma del Estado de México| Universidad Autónoma Metropolitana -Unidad Iztapalapa,57202205271,42861398100,42861398100,-,Mexico,1.0,1106| 1500| 1600,Food Science| General Chemical Engineering| General Chemistry,5| 2| 4,Life Sciences & Medicine| Engineering & Technology| Natural Sciences,502| 219| 409,Agriculture & Forestry| Engineering - Chemical| Chemistry,36| 37| 32,Engineering| Physical Sciences| Life Sciences,30| 40,"Agricultural, Veterinary And Food Sciences| Engineering",4004| 3006,Chemical engineering| Food sciences,-,Protein Emulsification and Functional Food Applications,582,95.487,Coacervation Mechanisms in Protein-Polysaccharide Interactions,9750,97.754,Very Good,2018.0,14.0,N/A,"de la Cruz-Gavia, A.| Pérez-Alonso, C.| Barrera-Díaz, C.E.| Alvarez-Ramírez, J.| Carrillo-Navas, H.| Guadarrama-Lezama, A.Y.",Universidad Autónoma Metropolitana| Universidad Autonoma del Estado de Mexico,Mexico,0
55399527300,55399527300,Effect of Fat Type on Starch and Protein Digestibility of Traditional Tamales,"Rodríguez-Huezo, M.E.| Flores-Silva, P.C.| Garcia-Diaz, S.| Meraz, M.| Vernon-Carter, E.J.| Alvarez-Ramirez, J.",6.0,6504471198| 56056288500| 57188695640| 6601910796| 7004260997| 55399527300,2018.0,2018-05-01,Starch/Staerke,70,5-6,-,1700286,ISSN-00389056,26489.0,Journal,Wiley-VCH Verlag,English,0.91,36,3.3,29,0.625,30,1.42,58.0,14.0,0.35,11.55,34.0,55.0,0.0,0.0,"Rodríguez-Huezo, M.E., Flores-Silva, P.C., Garcia-Diaz, S. and 3 more (...) (2018).Effect of Fat Type on Starch and Protein Digestibility of Traditional Tamales. Starch/Staerke,70(5-6) ",https://www.scopus.com/record/display.url?eid=2-s2.0-85041168828&origin=resultslist,10.1002/star.201700286,Article,,2-s2.0-85041168828,-,Universidad Autónoma Metropolitana,505017,Academic,1.0,116480422| 60014923,Tecnológico de Estudios Superiores de Ecatepec| Universidad Autónoma Metropolitana,6504471198,55399527300,55399527300,-,Mexico,1.0,1106| 1605,Food Science| Organic Chemistry,2| 4| 5,Engineering & Technology| Natural Sciences| Life Sciences & Medicine,409| 249| 502,Chemistry| Engineering - Petroleum| Agriculture & Forestry,37| 32,Physical Sciences| Life Sciences,30| 40,"Agricultural, Veterinary And Food Sciences| Engineering",4004| 3006,Chemical engineering| Food sciences,SDG 3,Starch Properties and Applications in Food Science,737,83.584,Complex Interactions of Starch and Lipids,21817,97.993,Defensible,2018.0,14.0,N/A,"Rodríguez-Huezo, M.E.| Flores-Silva, P.C.| Garcia-Diaz, S.| Meraz, M.| Vernon-Carter, E.J.| Alvarez-Ramirez, J.",Universidad Autónoma Metropolitana,Mexico,0
55399527300,55399527300,"Annatto (Bixa orellana L.), a potential novel starch source: antioxidant, microstructural, functional, and digestibility properties","Cortés-Viguri, V.| Hernández-Rodríguez, L.| Lobato-Calleros, C.| Cuevas-Bernardino, J.C.| Hernández-Rodríguez, B.E.| Alvarez-Ramirez, J.| Vernon-Carter, E.J.",7.0,57363342700| 55899376700| 6603090042| 57188803168| 56074846400| 55399527300| 7004260997,2022.0,2022-02-01,Journal of Food Measurement and Characterization,16,1,637-651,-,ISSN-21934126,21100224010.0,Journal,Springer,English,0.9,36,5.3,25,0.544,32,4.23,123.0,14.0,0.68,14.77,23.0,40.0,0.0,0.0,"Cortés-Viguri, V., Hernández-Rodríguez, L., Lobato-Calleros, C. and 4 more (...) (2022).Annatto (Bixa orellana L.), a potential novel starch source: antioxidant, microstructural, functional, and digestibility properties. Journal of Food Measurement and Characterization,16(1) 637-651",https://www.scopus.com/record/display.url?eid=2-s2.0-85120645139&origin=resultslist,10.1007/s11694-021-01228-7,Article,,2-s2.0-85120645139,-,CIATEJ Guadalajara| Consejo Nacional de Ciencia y Tecnologia Mexico| Universidad Autónoma Metropolitana| Universidad Autonoma Chapingo,703030| 704696| 505017| 505047,Academic| Government,4.0,60010597| 60069653| 60027998| 60028381,"Universidad Autónoma Chapingo| Centro de Investigación y Asistencia en Tecnologia y Diseño del Estado de Jalisco| Secretaría de Ciencia, Humanidades, Tecnología e Innovación| Universidad Autónoma Metropolitana -Unidad Iztapalapa",57363342700,7004260997,55899376700,-,Mexico,1.0,1106| 1500| 2209| 2213,"Food Science| General Chemical Engineering| Industrial and Manufacturing Engineering| Safety, Risk, Reliability and Quality",5| 2,Life Sciences & Medicine| Engineering & Technology,249| 502| 222| 219,Engineering - Petroleum| Agriculture & Forestry| Engineering - Mechanical| Engineering - Chemical,32| 36,Life Sciences| Engineering,30| 32,"Agricultural, Veterinary And Food Sciences| Biomedical And Clinical Sciences",3006| 3008| 3210,Food sciences| Horticultural production| Nutrition and dietetics,-,Starch Properties and Applications in Food Science,737,83.584,Starch Properties and Applications in Food Science,99,99.766,Definitive,2022.0,14.0,N/A,"Cortés-Viguri, V.| Hernández-Rodríguez, L.| Lobato-Calleros, C.| Cuevas-Bernardino, J.C.| Hernández-Rodríguez, B.E.| Alvarez-Ramirez, J.| Vernon-Carter, E.J.",CIATEJ Guadalajara| Consejo Nacional de Ciencia y Tecnologia Mexico| Universidad Autónoma Metropolitana| Universidad Autonoma Chapingo,Mexico,0
55399527300,55399527300,Rheological and thermal properties of dough and textural and microstructural characteristics of bread with pulque as leavening agent,"Vernon-Carter, E.J.| Garcia-Diaz, S.| Reyes, I.| Carrillo-Navas, H.| Alvarez-Ramirez, J.",5.0,7004260997| 57188695640| 57191035399| 51565848600| 55399527300,2017.0,2017-10-01,International Journal of Gastronomy and Food Science,9,-,39-48,-,ISSN-1878450X,21100789945.0,Journal,AZTI-Tecnalia,English,0.97,31,1.4,13,0.422,12,2.98,79.0,14.0,1.33,3.75,35.0,22.0,0.0,0.0,"Vernon-Carter, E.J., Garcia-Diaz, S., Reyes, I. and 2 more (...) (2017).Rheological and thermal properties of dough and textural and microstructural characteristics of bread with pulque as leavening agent. International Journal of Gastronomy and Food Science,939-48",https://www.scopus.com/record/display.url?eid=2-s2.0-85028468347&origin=resultslist,10.1016/j.ijgfs.2017.03.001,Article,,2-s2.0-85028468347,-,Universidad Autónoma Metropolitana,505017,Academic,1.0,60028381,Universidad Autónoma Metropolitana -Unidad Iztapalapa,7004260997,55399527300,51565848600,-,Mexico,1.0,1106| 3316,Food Science| Cultural Studies,5| 3,Life Sciences & Medicine| Social Sciences & Management,502| 311,Agriculture & Forestry| Communication & Media Studies,40| 32,Social Sciences| Life Sciences,35| 30,"Commerce, Management, Tourism And Services| Agricultural, Veterinary And Food Sciences",3099| 3006| 3504,"Other agricultural, veterinary and food sciences| Food sciences| Commercial services",-,Probiotics and Their Impact on Health,525,88.031,Cultural Significance of Pulque and Agave Beverages,64010,60.361,Defensible,2017.0,14.0,N/A,"Vernon-Carter, E.J.| Garcia-Diaz, S.| Reyes, I.| Carrillo-Navas, H.| Alvarez-Ramirez, J.",Universidad Autónoma Metropolitana,Mexico,0
55399527300,55399527300,Thermodynamic criteria analysis for the use of taro starch spherical aggregates as microencapsulant matrix,"Hoyos-Leyva, J.D.| Bello-Pérez, L.A.| Alvarez-Ramirez, J.",3.0,55680954000| 7003824557| 55399527300,2018.0,2018-09-01,Food Chemistry,259,-,175-180,-,ISSN-03088146,24039.0,Journal,Elsevier Ltd,English,2.25,5,9.8,2,1.768,3,4.18,163.0,14.0,0.55,12.7,34.0,45.0,0.0,0.0,"Hoyos-Leyva, J.D., Bello-Pérez, L.A., Alvarez-Ramirez, J. (2018).Thermodynamic criteria analysis for the use of taro starch spherical aggregates as microencapsulant matrix. Food Chemistry,259175-180",https://www.scopus.com/record/display.url?eid=2-s2.0-85044569808&origin=resultslist,10.1016/j.foodchem.2018.03.130,Article,,2-s2.0-85044569808,-,Universidad Autónoma Metropolitana| Instituto Politécnico Nacional,505017| 505011,Academic,2.0,60019176| 60028381,Instituto Politécnico Nacional| Universidad Autónoma Metropolitana -Unidad Iztapalapa,55680954000,55399527300,7003824557,-,Mexico,1.0,1106| 1602,Food Science| Analytical Chemistry,5| 4,Life Sciences & Medicine| Natural Sciences,502| 409,Agriculture & Forestry| Chemistry,37| 32,Physical Sciences| Life Sciences,30,"Agricultural, Veterinary And Food Sciences",3006,Food sciences,-,Moisture Dynamics and Energy Efficiency in Drying,817,73.185,Water Activity and Moisture Dynamics,5092,83.705,Definitive,2018.0,14.0,N/A,"Hoyos-Leyva, J.D.| Bello-Pérez, L.A.| Alvarez-Ramirez, J.",Universidad Autónoma Metropolitana| Instituto Politécnico Nacional,Mexico,0
55399527300,55399527300,Physico-chemical characterization and in vitro digestibility of gelatinized corn starch dispersion fractions obtained by centrifugation,"Vernon-Carter, E.J.| Hernandez-Jaimes, C.| Meraz, M.| Lara, V.H.| Lobato-Calleros, C.| Alvarez-Ramirez, J.",6.0,7004260997| 55327395000| 55989654300| 7004454749| 6603090042| 55399527300,2015.0,2015-07-01,Starch/Staerke,67,7-8,701-708,-,ISSN-00389056,26489.0,Journal,Wiley-VCH Verlag,English,0.84,38,2.8,26,0.528,33,0.59,26.0,13.0,0.34,8.74,37.0,53.0,0.0,0.0,"Vernon-Carter, E.J., Hernandez-Jaimes, C., Meraz, M. and 3 more (...) (2015).Physico-chemical characterization and in vitro digestibility of gelatinized corn starch dispersion fractions obtained by centrifugation. Starch/Staerke,67(7-8) 701-708",https://www.scopus.com/record/display.url?eid=2-s2.0-84935716784&origin=resultslist,10.1002/star.201500074,Article,,2-s2.0-84935716784,-,Universidad Autónoma Metropolitana| Universidad Autonoma Chapingo,505017| 505047,Academic,2.0,60028381| 60010597,Universidad Autónoma Metropolitana -Unidad Iztapalapa| Universidad Autónoma Chapingo,7004260997,55399527300,55399527300,-,Mexico,1.0,1106| 1605,Food Science| Organic Chemistry,5| 2| 4,Life Sciences & Medicine| Engineering & Technology| Natural Sciences,409| 502| 249,Chemistry| Agriculture & Forestry| Engineering - Petroleum,37| 32,Physical Sciences| Life Sciences,30| 40,"Agricultural, Veterinary And Food Sciences| Engineering",3006| 4004,Food sciences| Chemical engineering,-,Starch Properties and Applications in Food Science,737,83.584,Starch Properties and Applications in Food Science,99,99.766,Definitive,2015.0,13.0,N/A,"Vernon-Carter, E.J.| Hernandez-Jaimes, C.| Meraz, M.| Lara, V.H.| Lobato-Calleros, C.| Alvarez-Ramirez, J.",Universidad Autónoma Metropolitana| Universidad Autonoma Chapingo,Mexico,0
55399527300,55399527300,Thermodynamic analysis for assessing the physical stability of core materials microencapsulated in taro starch spherical aggregates,"Hoyos-Leyva, J.D.| Bello-Pérez, L.A.| Agama-Acevedo, E.| Alvarez-Ramirez, J.",4.0,55680954000| 7003824557| 6602787983| 55399527300,2018.0,2018-10-01,Carbohydrate Polymers,197,-,431-441,-,ISSN-01448617,25801.0,Journal,Elsevier Ltd,English,1.77,8,9.6,5,1.377,6,3.13,101.0,13.0,0.27,11.1,36.0,60.0,0.0,0.0,"Hoyos-Leyva, J.D., Bello-Pérez, L.A., Agama-Acevedo, E. and 1 more (...) (2018).Thermodynamic analysis for assessing the physical stability of core materials microencapsulated in taro starch spherical aggregates. Carbohydrate Polymers,197431-441",https://www.scopus.com/record/display.url?eid=2-s2.0-85048565595&origin=resultslist,10.1016/j.carbpol.2018.06.012,Article,,2-s2.0-85048565595,30007632,Universidad Autónoma Metropolitana| Instituto Politécnico Nacional,505017| 505011,Academic,2.0,60019176| 60028381,Instituto Politécnico Nacional| Universidad Autónoma Metropolitana -Unidad Iztapalapa,55680954000,55399527300,7003824557,-,Mexico,1.0,1605| 2505| 2507,Organic Chemistry| Materials Chemistry| Polymers and Plastics,2| 4,Engineering & Technology| Natural Sciences,433| 409| 249,Materials Science| Chemistry| Engineering - Petroleum,37| 36,Physical Sciences| Engineering,40| 30| 31,"Engineering| Agricultural, Veterinary And Food Sciences| Biological Sciences",3006| 4004| 3101,Food sciences| Chemical engineering| Biochemistry and cell biology,-,Moisture Dynamics and Energy Efficiency in Drying,817,73.185,Water Activity and Moisture Dynamics,5092,83.705,Very Good,2018.0,13.0,N/A,"Hoyos-Leyva, J.D.| Bello-Pérez, L.A.| Agama-Acevedo, E.| Alvarez-Ramirez, J.",Universidad Autónoma Metropolitana| Instituto Politécnico Nacional,Mexico,0
55399527300,55399527300,Assessing the structural stability of gluten-free snacks with different dietary fiber contents from adsorption isotherms,"Hoyos-Leyva, J.D.| Agama-Acevedo, E.| Bello-Perez, L.A.| Vernon-Carter, E.J.| Alvarez-Ramirez, J.",5.0,55680954000| 6602787983| 7003824557| 7004260997| 55399527300,2016.0,2016-11-01,LWT,73,-,576-583,-,ISSN-00236438,20744.0,Journal,Academic Press,English,1.54,11,4.6,11,1.352,9,2.5,114.0,13.0,0.71,8.42,36.0,38.0,0.0,0.0,"Hoyos-Leyva, J.D., Agama-Acevedo, E., Bello-Perez, L.A. and 2 more (...) (2016).Assessing the structural stability of gluten-free snacks with different dietary fiber contents from adsorption isotherms. LWT,73576-583",https://www.scopus.com/record/display.url?eid=2-s2.0-84977615872&origin=resultslist,10.1016/j.lwt.2016.06.042,Article,,2-s2.0-84977615872,-,Universidad Autónoma Metropolitana| Instituto Politécnico Nacional,505017| 505011,Academic,2.0,60019176| 60028381,Instituto Politécnico Nacional| Universidad Autónoma Metropolitana -Unidad Iztapalapa,55680954000,55399527300,7003824557,-,Mexico,1.0,1106,Food Science,5,Life Sciences & Medicine,502,Agriculture & Forestry,32,Life Sciences,32| 30| 40,"Biomedical And Clinical Sciences| Agricultural, Veterinary And Food Sciences| Engineering",3006| 3210| 4004,Food sciences| Nutrition and dietetics| Chemical engineering,-,Moisture Dynamics and Energy Efficiency in Drying,817,73.185,Water Activity and Moisture Dynamics,5092,83.705,Defensible,2016.0,13.0,N/A,"Hoyos-Leyva, J.D.| Agama-Acevedo, E.| Bello-Perez, L.A.| Vernon-Carter, E.J.| Alvarez-Ramirez, J.",Universidad Autónoma Metropolitana| Instituto Politécnico Nacional,Mexico,0
55399527300,55399527300,Mathematical modeling of gastrointestinal starch digestion-blood glucose-insulin interactions,"Meraz, M.| Vernon-Carter, E.J.| Bello-Perez, L.A.| Alvarez-Ramirez, J.",4.0,55989654300| 7004260997| 7003824557| 55399527300,2022.0,2022-08-01,Biomedical Signal Processing and Control,77,-,-,103812,ISSN-17468094,4700152237.0,Journal,Elsevier Ltd,English,1.54,12,8.2,16,1.071,17,2.13,45.0,13.0,0.79,15.11,24.0,36.0,0.0,0.0,"Meraz, M., Vernon-Carter, E.J., Bello-Perez, L.A. and 1 more (...) (2022).Mathematical modeling of gastrointestinal starch digestion-blood glucose-insulin interactions. Biomedical Signal Processing and Control,77",https://www.scopus.com/record/display.url?eid=2-s2.0-85130079467&origin=resultslist,10.1016/j.bspc.2022.103812,Article,,2-s2.0-85130079467,-,Universidad Autónoma Metropolitana| Instituto Politécnico Nacional,505017| 505011,Academic,2.0,60028381| 60019176,Universidad Autónoma Metropolitana -Unidad Iztapalapa| Instituto Politécnico Nacional,55989654300,55399527300,55399527300,-,Mexico,1.0,1711| 2204| 2718,Signal Processing| Biomedical Engineering| Health Informatics,5| 2,Life Sciences & Medicine| Engineering & Technology,213| 212| 507| 532,Data Science| Computer Science & Information Systems| Biological Sciences| Medicine,36| 34| 38,Engineering| Medical and Health| Computer Science,40| 30,"Engineering| Agricultural, Veterinary And Food Sciences",3006| 4003,Food sciences| Biomedical engineering,-,Starch Properties and Applications in Food Science,737,83.584,Starch Properties and Applications in Food Science,99,99.766,Very Good,2022.0,13.0,N/A,"Meraz, M.| Vernon-Carter, E.J.| Bello-Perez, L.A.| Alvarez-Ramirez, J.",Universidad Autónoma Metropolitana| Instituto Politécnico Nacional,Mexico,0
55399527300,55399527300,"Stale bread waste recycling as ingredient for fresh oven-baked white bread: effects on dough viscoelasticity, bread molecular organization, texture, and starch digestibility","García-Hernández, Á.| Roldán-Cruz, C.| Vernon-Carter, E.J.| Alvarez-Ramirez, J.",4.0,57192004816| 57118083700| 7004260997| 55399527300,2023.0,2023-06-01,Journal of the Science of Food and Agriculture,103,8,4174-4183,-,ISSN-00225142,33928.0,Journal,John Wiley and Sons Ltd,English,1.06,24,8.1,10,0.746,17,4.32,97.0,13.0,1.3,10.03,18.0,22.0,0.0,0.0,"García-Hernández, Á., Roldán-Cruz, C., Vernon-Carter, E.J. and 1 more (...) (2023).Stale bread waste recycling as ingredient for fresh oven-baked white bread: effects on dough viscoelasticity, bread molecular organization, texture, and starch digestibility. Journal of the Science of Food and Agriculture,103(8) 4174-4183",https://www.scopus.com/record/display.url?eid=2-s2.0-85147358324&origin=resultslist,10.1002/jsfa.12442,Article,,2-s2.0-85147358324,36628498,Universidad Autónoma Metropolitana,505017,Academic,1.0,101175967| 129612071| 60028381,Universidad de Xalapa| Universidad Veracruzana–Región Veracruz| Universidad Autónoma Metropolitana -Unidad Iztapalapa,57192004816,55399527300,57118083700,-,Mexico,1.0,1102| 1106| 1305| 2916,Agronomy and Crop Science| Food Science| Biotechnology| Nutrition and Dietetics,5,Life Sciences & Medicine,534| 507| 502,Nursing| Biological Sciences| Agriculture & Forestry,34| 32,Medical and Health| Life Sciences,30| 40,"Agricultural, Veterinary And Food Sciences| Engineering",-,-,SDG 9| SDG 12,Starch Properties and Applications in Food Science,737,83.584,Starch Properties and Applications in Food Science,99,99.766,Definitive,2023.0,13.0,N/A,"García-Hernández, Á.| Roldán-Cruz, C.| Vernon-Carter, E.J.| Alvarez-Ramirez, J.",Universidad Autónoma Metropolitana,Mexico,0
55399527300,55399527300,"Effect of new generation enzymes addition on the physical, viscoelastic and textural properties of traditional Mexican sweet bread","Barbosa-Ríos, J.A.| Castillón-Jardón, J.| Guadarrama-Lezama, A.Y.| Alvarez-Ramirez, J.| Meraz, M.| Carrillo-Navas, H.",6.0,57196328161| 57196344574| 42861398100| 55399527300| 55989654300| 51565848600,2018.0,2018-01-01,Journal of Cereal Science,79,-,160-167,-,ISSN-07335210,34814.0,Journal,Academic Press,English,1.37,16,4,22,1.054,13,0.93,32.0,13.0,0.32,12.37,36.0,57.0,0.0,0.0,"Barbosa-Ríos, J.A., Castillón-Jardón, J., Guadarrama-Lezama, A.Y. and 3 more (...) (2018).Effect of new generation enzymes addition on the physical, viscoelastic and textural properties of traditional Mexican sweet bread. Journal of Cereal Science,79160-167",https://www.scopus.com/record/display.url?eid=2-s2.0-85032680472&origin=resultslist,10.1016/j.jcs.2017.10.012,Article,Green,2-s2.0-85032680472,-,Universidad Autónoma Metropolitana| Universidad Autonoma del Estado de Mexico,505017| 505051,Academic,2.0,60002281| 60028381,Universidad Autónoma del Estado de México| Universidad Autónoma Metropolitana -Unidad Iztapalapa,57196328161,51565848600,51565848600,-,Mexico,1.0,1106| 1303,Food Science| Biochemistry,5,Life Sciences & Medicine,502| 507,Agriculture & Forestry| Biological Sciences,32,Life Sciences,30| 40| 31,"Agricultural, Veterinary And Food Sciences| Engineering| Biological Sciences",-,-,-,Enhancing Cereal Quality through Genetic Insights,952,76.521,Gluten-Free Bread and Batter Quality,4023,97.741,Definitive,2018.0,13.0,N/A,"Barbosa-Ríos, J.A.| Castillón-Jardón, J.| Guadarrama-Lezama, A.Y.| Alvarez-Ramirez, J.| Meraz, M.| Carrillo-Navas, H.",Universidad Autónoma Metropolitana| Universidad Autonoma del Estado de Mexico,Mexico,0
55399527300,55399527300,Polymer electrolytes through functionalization of poly (poly (ethylene glycol) methacrylate) with zwitterionic pendant groups: The role of ion clusters upon conductivity,"Guzmán, G.| Nava, D.| Vazquez-Arenas, J.| Cardoso, J.| Alvarez-Ramirez, J.",5.0,57189004847| 23978231500| 56013705500| 7201823033| 55399527300,2018.0,2018-07-01,Solid State Ionics,320,-,45-54,-,ISSN-01672738,29887.0,Journal,Elsevier B.V.,English,0.98,32,4.6,23,0.813,22,2.28,67.0,12.0,0.58,13.78,38.0,43.0,0.0,0.0,"Guzmán, G., Nava, D., Vazquez-Arenas, J. and 2 more (...) (2018).Polymer electrolytes through functionalization of poly (poly (ethylene glycol) methacrylate) with zwitterionic pendant groups: The role of ion clusters upon conductivity. Solid State Ionics,32045-54",https://www.scopus.com/record/display.url?eid=2-s2.0-85042402625&origin=resultslist,10.1016/j.ssi.2018.02.031,Article,,2-s2.0-85042402625,-,Universidad Autónoma Metropolitana| Universidad Autonoma de San Luis Potosi| Instituto Politécnico Nacional,505017| 505014| 505011,Academic,3.0,60028381| 60031335| 60019176,Universidad Autónoma Metropolitana -Unidad Iztapalapa| Universidad Autónoma de San Luis Potosí| Instituto Politécnico Nacional,57189004847,55399527300,56013705500,-,Mexico,1.0,1600| 2500| 3104,General Chemistry| General Materials Science| Condensed Matter Physics,2| 4,Engineering & Technology| Natural Sciences,409| 439| 433,Chemistry| Physics & Astronomy| Materials Science,37| 36,Physical Sciences| Engineering,34,Chemical Sciences,3406| 3402,Physical chemistry| Inorganic chemistry,-,Fuel Cells and Polymer Electrolytes,79,97.646,Ionic Conductivity in Polymer Electrolyte Innovations,392,91.865,Definitive,2018.0,12.0,N/A,"Guzmán, G.| Nava, D.| Vazquez-Arenas, J.| Cardoso, J.| Alvarez-Ramirez, J.",Universidad Autónoma Metropolitana| Universidad Autonoma de San Luis Potosi| Instituto Politécnico Nacional,Mexico,0
55399527300,55399527300,Impact of the droplet size of canola oil-in-water emulsions on the rheology and sensory acceptability of reduced-milk fat stirred yogurt,"Trujillo-Ramirez, D.| Olivares-Martinez, I.| Lobato-Calleros, C.| Rodriguez-Huezo, E.| Jaime Vernon-Carter, E.| Alvarez-Ramirez, J.",6.0,57200720193| 57874072800| 6603090042| 56757377200| 7004260997| 55399527300,2022.0,2022-12-01,Journal of Food Science and Technology,59,12,4853-4862,-,ISSN-00221155,20617.0,Journal,Springer,English,1.22,21,6.5,17,0.666,23,2.38,63.0,12.0,0.8,13.67,26.0,35.0,0.0,0.0,"Trujillo-Ramirez, D., Olivares-Martinez, I., Lobato-Calleros, C. and 3 more (...) (2022).Impact of the droplet size of canola oil-in-water emulsions on the rheology and sensory acceptability of reduced-milk fat stirred yogurt. Journal of Food Science and Technology,59(12) 4853-4862",https://www.scopus.com/record/display.url?eid=2-s2.0-85137209282&origin=resultslist,10.1007/s13197-022-05573-3,Article,Green,2-s2.0-85137209282,-,Universidad Autónoma de Tamaulipas| Universidad Autónoma Metropolitana| Universidad Autonoma Chapingo,714293| 505017| 505047,Academic,3.0,60019607| 60010597| 110244780| 60028381,Universidad Autónoma de Tamaulipas| Universidad Autónoma Chapingo| División de Ingeniería Química y Bioquímica| Universidad Autónoma Metropolitana -Unidad Iztapalapa,57200720193,55399527300,55399527300,-,Mexico,1.0,1106,Food Science,5,Life Sciences & Medicine,502,Agriculture & Forestry,32,Life Sciences,30| 40,"Agricultural, Veterinary And Food Sciences| Engineering",4004| 3006,Chemical engineering| Food sciences,-,Probiotics and Their Impact on Health,525,88.031,Yogurt Innovations in Fermentation and Probiotics,1188,98.508,Very Good,2022.0,12.0,N/A,"Trujillo-Ramirez, D.| Olivares-Martinez, I.| Lobato-Calleros, C.| Rodriguez-Huezo, E.| Jaime Vernon-Carter, E.| Alvarez-Ramirez, J.",Universidad Autónoma de Tamaulipas| Universidad Autónoma Metropolitana| Universidad Autonoma Chapingo,Mexico,0
55399527300,55399527300,Spatial Variation of In Vitro Starch and Protein Digestibility in White Wheat Bread,"Alvarez-Ramirez, J.| Rodriguez-Huezo, E.| Meraz, M.| Garcia-Diaz, S.| Flores-Silva, P.C.| Mondragon-Reinoso, L.",6.0,55399527300| 56757377200| 55989654300| 57188695640| 56056288500| 57201287008,2018.0,2018-05-01,Starch/Staerke,70,5-6,-,1800025,ISSN-00389056,26489.0,Journal,Wiley-VCH Verlag,English,0.91,36,3.3,29,0.625,30,0.87,40.0,12.0,0.26,11.55,38.0,60.0,0.0,0.0,"Alvarez-Ramirez, J., Rodriguez-Huezo, E., Meraz, M. and 3 more (...) (2018).Spatial Variation of In Vitro Starch and Protein Digestibility in White Wheat Bread. Starch/Staerke,70(5-6) ",https://www.scopus.com/record/display.url?eid=2-s2.0-85044220119&origin=resultslist,10.1002/star.201800025,Article,,2-s2.0-85044220119,-,Universidad Autónoma Metropolitana| Instituto Tecnológico de Toluca,505017| 714708,Academic,2.0,60028381| 60029921,Universidad Autónoma Metropolitana -Unidad Iztapalapa| Instituto Tecnologico de Toluca,55399527300,57201287008,57188695640,-,Mexico,1.0,1106| 1605,Food Science| Organic Chemistry,5| 4| 2,Life Sciences & Medicine| Natural Sciences| Engineering & Technology,249| 502| 409,Engineering - Petroleum| Agriculture & Forestry| Chemistry,32| 37,Life Sciences| Physical Sciences,40| 30,"Engineering| Agricultural, Veterinary And Food Sciences",4004| 3006,Chemical engineering| Food sciences,-,Starch Properties and Applications in Food Science,737,83.584,Starch Properties and Applications in Food Science,99,99.766,Very Good,2018.0,12.0,N/A,"Alvarez-Ramirez, J.| Rodriguez-Huezo, E.| Meraz, M.| Garcia-Diaz, S.| Flores-Silva, P.C.| Mondragon-Reinoso, L.",Universidad Autónoma Metropolitana| Instituto Tecnológico de Toluca,Mexico,0
55399527300,55399527300,Fractal scaling behavior of heart rate variability in response to meditation techniques,"Alvarez-Ramirez, J.| Rodríguez, E.| Echeverría, J.C.",3.0,55399527300| 8578081700| 7007145337,2017.0,2017-06-01,"Chaos, Solitons and Fractals",99,-,57-62,-,ISSN-09600779,25347.0,Journal,Elsevier Ltd,English,1.06,26,2.7,10,0.678,35,1.49,28.0,12.0,0.54,7.45,38.0,45.0,0.0,0.0,"Alvarez-Ramirez, J., Rodríguez, E., Echeverría, J.C. (2017).Fractal scaling behavior of heart rate variability in response to meditation techniques. Chaos, Solitons and Fractals,9957-62",https://www.scopus.com/record/display.url?eid=2-s2.0-85016427565&origin=resultslist,10.1016/j.chaos.2017.03.026,Article,,2-s2.0-85016427565,-,Universidad Autónoma Metropolitana,505017,Academic,1.0,60028381,Universidad Autónoma Metropolitana -Unidad Iztapalapa,55399527300,7007145337,55399527300,-,Mexico,1.0,2604| 2610| 3100| 3109,Applied Mathematics| Mathematical Physics| General Physics and Astronomy| Statistical and Nonlinear Physics,4,Natural Sciences,431| 439,Mathematics| Physics & Astronomy,37,Physical Sciences,46| 40| 49,Information And Computing Sciences| Engineering| Mathematical Sciences,-,-,-,Heart Rate Variability and Autonomic Function Insights,621,48.267,Heart Rate Variability and Autonomic Function in Health,243,97.179,Very Good,2017.0,12.0,N/A,"Alvarez-Ramirez, J.| Rodríguez, E.| Echeverría, J.C.",Universidad Autónoma Metropolitana,Mexico,0
55399527300,55399527300,"Effect of starch gelatinization on the morphology, viscoelasticity, and water structure of candelilla wax–canola oil–starch hybrid gels","Barragán-Martínez, L.P.| Molina-Rodríguez, A.| Román-Guerrero, A.| Vernon-Carter, E.J.| Alvarez-Ramirez, J.",5.0,57209652735| 57480392600| 56013603800| 7004260997| 55399527300,2022.0,2022-05-01,Journal of Food Processing and Preservation,46,5,-,e16520,ISSN-01458892,20590.0,Journal,John Wiley and Sons Inc,English,0.75,46,3.4,46,0.494,36,1.58,39.0,11.0,0.65,15.38,28.0,42.0,1.0,0.0,"Barragán-Martínez, L.P., Molina-Rodríguez, A., Román-Guerrero, A. and 2 more (...) (2022).Effect of starch gelatinization on the morphology, viscoelasticity, and water structure of candelilla wax–canola oil–starch hybrid gels. Journal of Food Processing and Preservation,46(5) ",https://www.scopus.com/record/display.url?eid=2-s2.0-85125938306&origin=resultslist,10.1111/jfpp.16520,Article,,2-s2.0-85125938306,-,Universidad Autónoma Metropolitana,505017,Academic,1.0,60028381,Universidad Autónoma Metropolitana -Unidad Iztapalapa,57209652735,55399527300,7004260997,-,Mexico,1.0,1106| 1500| 1600,Food Science| General Chemical Engineering| General Chemistry,5| 2| 4,Life Sciences & Medicine| Engineering & Technology| Natural Sciences,219| 502| 409,Engineering - Chemical| Agriculture & Forestry| Chemistry,36| 37| 32,Engineering| Physical Sciences| Life Sciences,30| 40,"Agricultural, Veterinary And Food Sciences| Engineering",3006| 4004,Food sciences| Chemical engineering,SDG 9,Protein Emulsification and Functional Food Applications,582,95.487,Innovative Oleogels from Sunflower Oil Applications,14243,99.194,Very Good,2022.0,11.0,N/A,"Barragán-Martínez, L.P.| Molina-Rodríguez, A.| Román-Guerrero, A.| Vernon-Carter, E.J.| Alvarez-Ramirez, J.",Universidad Autónoma Metropolitana,Mexico,0
55399527300,55399527300,Model based extremum-seeking controller via modelling-error compensation approach,"Lara-Cisneros, G.| Dochain, D.| Alvarez-Ramírez, J.",3.0,23990749200| 7004923382| 55399527300,2019.0,2019-08-01,Journal of Process Control,80,-,193-201,-,ISSN-09591524,14414.0,Journal,Elsevier Ltd,English,1.75,9,5.9,9,0.902,17,0.72,22.0,11.0,0.4,12.49,38.0,53.0,0.0,0.0,"Lara-Cisneros, G., Dochain, D., Alvarez-Ramírez, J. (2019).Model based extremum-seeking controller via modelling-error compensation approach. Journal of Process Control,80193-201",https://www.scopus.com/record/display.url?eid=2-s2.0-85067689555&origin=resultslist,10.1016/j.jprocont.2019.04.014,Article,,2-s2.0-85067689555,-,Université catholique de Louvain| Universidad Autónoma Metropolitana,303009| 505017,Academic,2.0,60000874| 60028381,UCLouvain| Universidad Autónoma Metropolitana -Unidad Iztapalapa,23990749200,55399527300,23990749200,-,Belgium| Mexico,2.0,1706| 2207| 2209| 2611,Computer Science Applications| Control and Systems Engineering| Industrial and Manufacturing Engineering| Modeling and Simulation,4| 2,Natural Sciences| Engineering & Technology,431| 212| 222| 213,Mathematics| Computer Science & Information Systems| Engineering - Mechanical| Data Science,38| 37| 36,Computer Science| Physical Sciences| Engineering,40,Engineering,4004,Chemical engineering,-,Collective Control Systems in Robotic Networks,314,90.647,Extremum Seeking Control in Dynamic Systems,16777,85.539,Definitive,2019.0,11.0,N/A,"Lara-Cisneros, G.| Dochain, D.| Alvarez-Ramírez, J.",Université catholique de Louvain| Universidad Autónoma Metropolitana,Belgium| Mexico,0
55399527300,55399527300,"Effect of cross-linking on the physicochemical, functional and digestibility properties of starch from Macho (Musa paradisiaca L.) and Roatan (Musa sapientum L.) banana varieties","Páramo-Calderón, D.E.| Carrillo-Ahumada, J.| Juárez-Arellano, E.A.| Bello-Pérez, L.A.| Aparicio-Saguilán, A.| Alvarez-Ramirez, J.",6.0,56113422500| 53881138200| 18134095500| 7003824557| 8976661400| 55399527300,2016.0,2016-07-01,Starch/Staerke,68,7-8,584-592,-,ISSN-00389056,26489.0,Journal,Wiley-VCH Verlag,English,1,28,2.7,31,0.604,32,3.2,112.0,11.0,0.32,9.27,40.0,55.0,0.0,0.0,"Páramo-Calderón, D.E., Carrillo-Ahumada, J., Juárez-Arellano, E.A. and 3 more (...) (2016).Effect of cross-linking on the physicochemical, functional and digestibility properties of starch from Macho (Musa paradisiaca L.) and Roatan (Musa sapientum L.) banana varieties. Starch/Staerke,68(7-8) 584-592",https://www.scopus.com/record/display.url?eid=2-s2.0-84977484294&origin=resultslist,10.1002/star.201500200,Article,,2-s2.0-84977484294,-,Universidad Autónoma Metropolitana| Universidad del Papaloapan| Instituto Politécnico Nacional,505017| 714298| 505011,Academic,3.0,60084236| 60019176| 60028381,Universidad del Papaloapan| Instituto Politécnico Nacional| Universidad Autónoma Metropolitana -Unidad Iztapalapa,56113422500,55399527300,8976661400,-,Mexico,1.0,1106| 1605,Food Science| Organic Chemistry,5| 4| 2,Life Sciences & Medicine| Natural Sciences| Engineering & Technology,249| 409| 502,Engineering - Petroleum| Chemistry| Agriculture & Forestry,37| 32,Physical Sciences| Life Sciences,30| 40,"Agricultural, Veterinary And Food Sciences| Engineering",3006| 4004,Food sciences| Chemical engineering,-,Starch Properties and Applications in Food Science,737,83.584,Starch Properties and Applications in Food Science,99,99.766,Definitive,2016.0,11.0,N/A,"Páramo-Calderón, D.E.| Carrillo-Ahumada, J.| Juárez-Arellano, E.A.| Bello-Pérez, L.A.| Aparicio-Saguilán, A.| Alvarez-Ramirez, J.",Universidad Autónoma Metropolitana| Universidad del Papaloapan| Instituto Politécnico Nacional,Mexico,0
55399527300,55399527300,Gaining insights into α‑amylase inhibition by glucose through mathematical modeling and analysis of the hydrolysis kinetics of gelatinized corn starch dispersions,"Vernon-Carter, E.J.| Alvarez-Ramirez, J.| Meraz, M.| Garcia-Diaz, S.",4.0,7004260997| 55399527300| 55989654300| 57188695640,2019.0,2019-07-01,International Journal of Biological Macromolecules,132,-,766-771,-,ISSN-01418130,17544.0,Journal,Elsevier B.V.,English,1.41,14,6.9,7,0.972,21,1.28,38.0,11.0,0.33,15.19,38.0,57.0,0.0,0.0,"Vernon-Carter, E.J., Alvarez-Ramirez, J., Meraz, M. and 1 more (...) (2019).Gaining insights into α‑amylase inhibition by glucose through mathematical modeling and analysis of the hydrolysis kinetics of gelatinized corn starch dispersions. International Journal of Biological Macromolecules,132766-771",https://www.scopus.com/record/display.url?eid=2-s2.0-85063807715&origin=resultslist,10.1016/j.ijbiomac.2019.03.226,Article,,2-s2.0-85063807715,30953721,Universidad Autónoma Metropolitana| Universidad Iberoamericana (UIA),505017| 702731,Academic,2.0,60028381| 60011923,Universidad Autónoma Metropolitana -Unidad Iztapalapa| Universidad Iberoamericana,7004260997,57188695640,55399527300,-,Mexico,1.0,1303| 1312| 1315,Biochemistry| Molecular Biology| Structural Biology,5,Life Sciences & Medicine,507,Biological Sciences,32,Life Sciences,31,Biological Sciences,3101,Biochemistry and cell biology,-,Starch Properties and Applications in Food Science,737,83.584,Starch Properties and Applications in Food Science,99,99.766,Very Good,2019.0,11.0,N/A,"Vernon-Carter, E.J.| Alvarez-Ramirez, J.| Meraz, M.| Garcia-Diaz, S.",Universidad Autónoma Metropolitana| Universidad Iberoamericana (UIA),Mexico,0
55399527300,55399527300,Computation of temperature distributions in transformer covers due to high crossing currents in bushing regions,"Cahue-Diaz, D.| Maximov, S.| Escarela-Perez, R.| Olivares-Galvan, J.C.| Alvarez-Ramirez, J.",5.0,57209283138| 7003470378| 6701841506| 24081213500| 55399527300,2019.0,2019-12-01,International Journal of Electrical Power and Energy Systems,113,-,699-712,-,ISSN-01420615,17985.0,Journal,Elsevier Ltd,English,1.81,8,8.9,8,1.203,13,1.99,48.0,11.0,0.55,12.69,38.0,45.0,0.0,0.0,"Cahue-Diaz, D., Maximov, S., Escarela-Perez, R. and 2 more (...) (2019).Computation of temperature distributions in transformer covers due to high crossing currents in bushing regions. International Journal of Electrical Power and Energy Systems,113699-712",https://www.scopus.com/record/display.url?eid=2-s2.0-85067205648&origin=resultslist,10.1016/j.ijepes.2019.06.019,Article,,2-s2.0-85067205648,-,Instituto Tecnológico de Morelia| Universidad Autónoma Metropolitana,717993| 505017,Academic,2.0,60032729| 60023193| 60028381,Instituto Tecnologico de Morelia| Universidad Autónoma Metropolitana - Azcapotzalco| Universidad Autónoma Metropolitana -Unidad Iztapalapa,57209283138,55399527300,7003470378,-,Mexico,1.0,2102| 2208,Energy Engineering and Power Technology| Electrical and Electronic Engineering,2,Engineering & Technology,249| 221,Engineering - Petroleum| Engineering - Electrical & Electronic,36,Engineering,40| 46,Engineering| Information And Computing Sciences,4601| 4009| 4008,"Applied computing| Electronics, sensors and digital hardware| Electrical engineering",-,Transformer Insulation and Dielectric Properties Insights,346,65.206,Thermal Dynamics in Transformer Systems and Cooling Methods,11881,91.769,Very Good,2019.0,11.0,N/A,"Cahue-Diaz, D.| Maximov, S.| Escarela-Perez, R.| Olivares-Galvan, J.C.| Alvarez-Ramirez, J.",Instituto Tecnológico de Morelia| Universidad Autónoma Metropolitana,Mexico,0
55399527300,55399527300,Time-varying cross-correlation between trading volume and returns in US stock markets,"Rodriguez, E.| Alvarez-Ramirez, J.",2.0,35112460500| 55399527300,2021.0,2021-11-01,Physica A: Statistical Mechanics and its Applications,581,-,-,126211,ISSN-03784371,29115.0,Journal,Elsevier B.V.,English,1.16,24,7.1,5,0.891,19,2.04,25.0,11.0,0.82,7.28,34.0,34.0,0.0,0.0,"Rodriguez, E., Alvarez-Ramirez, J. (2021).Time-varying cross-correlation between trading volume and returns in US stock markets. Physica A: Statistical Mechanics and its Applications,581",https://www.scopus.com/record/display.url?eid=2-s2.0-85109186083&origin=resultslist,10.1016/j.physa.2021.126211,Article,,2-s2.0-85109186083,-,Universidad Autónoma Metropolitana,505017,Academic,1.0,60028381,Universidad Autónoma Metropolitana -Unidad Iztapalapa,35112460500,55399527300,35112460500,-,Mexico,1.0,2613| 3109,Statistics and Probability| Statistical and Nonlinear Physics,4| 2,Natural Sciences| Engineering & Technology,213| 431| 344| 439,Data Science| Mathematics| Statistics & Operational Research| Physics & Astronomy,37,Physical Sciences,49,Mathematical Sciences,4901| 4902,Applied mathematics| Mathematical physics,-,Volatility and Investor Behavior in Financial Markets,102,96.141,Volatility and Trading Volume in Capital Markets,24520,67.297,Very Good,2021.0,11.0,N/A,"Rodriguez, E.| Alvarez-Ramirez, J.",Universidad Autónoma Metropolitana,Mexico,0
55399527300,55399527300,Impact of insoluble starch remnants on the behavior of corn starch/glycerol/LiCl solid electrolyte,"Roldan-Cruz, C.| Garcia-Hernandez, A.| Vernon-Carter, E.J.| Alvarez-Ramirez, J.",4.0,57118083700| 57192004816| 7004260997| 55399527300,2017.0,2017-07-01,Ionics,23,7,1721-1732,-,ISSN-09477047,145625.0,Journal,Institute for Ionics,English,0.68,50,3.3,17,0.557,22,1.06,36.0,11.0,0.52,9.61,40.0,46.0,0.0,0.0,"Roldan-Cruz, C., Garcia-Hernandez, A., Vernon-Carter, E.J. and 1 more (...) (2017).Impact of insoluble starch remnants on the behavior of corn starch/glycerol/LiCl solid electrolyte. Ionics,23(7) 1721-1732",https://www.scopus.com/record/display.url?eid=2-s2.0-85013102314&origin=resultslist,10.1007/s11581-017-2014-0,Article,,2-s2.0-85013102314,-,Universidad Autónoma Metropolitana,505017,Academic,1.0,60028381,Universidad Autónoma Metropolitana -Unidad Iztapalapa,57118083700,55399527300,55399527300,-,Mexico,1.0,1500| 2200| 2500| 3100,General Chemical Engineering| General Engineering| General Materials Science| General Physics and Astronomy,4| 2,Natural Sciences| Engineering & Technology,433| 439| 219,Materials Science| Physics & Astronomy| Engineering - Chemical,37| 36,Physical Sciences| Engineering,34,Chemical Sciences,3406,Physical chemistry,-,Fuel Cells and Polymer Electrolytes,79,97.646,Biopolymer Electrolytes for Enhanced Energy Storage,14545,96.14,Very Good,2017.0,11.0,N/A,"Roldan-Cruz, C.| Garcia-Hernandez, A.| Vernon-Carter, E.J.| Alvarez-Ramirez, J.",Universidad Autónoma Metropolitana,Mexico,0
55399527300,55399527300,Influence of the wall material on the moisture sorption properties and conditions of stability of sesame oil hydrogel beads by ionic gelation,"Velázquez-Gutiérrez, S.K.| Alpizar-Reyes, E.| Guadarrama-Lezama, A.Y.| Báez-González, J.G.| Alvarez-Ramírez, J.| Pérez-Alonso, C.",6.0,56483286600| 57192102030| 42861398100| 56002677100| 55399527300| 6507830886,2021.0,2021-04-01,LWT,140,-,-,110695,ISSN-00236438,20744.0,Journal,Academic Press,English,1.48,14,7.3,13,1.059,10,2.25,66.0,11.0,0.61,13.13,34.0,42.0,0.0,0.0,"Velázquez-Gutiérrez, S.K., Alpizar-Reyes, E., Guadarrama-Lezama, A.Y. and 3 more (...) (2021).Influence of the wall material on the moisture sorption properties and conditions of stability of sesame oil hydrogel beads by ionic gelation. LWT,140",https://www.scopus.com/record/display.url?eid=2-s2.0-85097354594&origin=resultslist,10.1016/j.lwt.2020.110695,Article,Green,2-s2.0-85097354594,-,Universidad Autonoma de Nuevo Leon| Universidad Autónoma Metropolitana| Universidad Autonoma del Estado de Mexico,505013| 505017| 505051,Academic,3.0,60002281| 60025417| 60028381,Universidad Autónoma del Estado de México| Universidad Autónoma de Nuevo León| Universidad Autónoma Metropolitana -Unidad Iztapalapa,56483286600,6507830886,6507830886,-,Mexico,1.0,1106,Food Science,5,Life Sciences & Medicine,502,Agriculture & Forestry,32,Life Sciences,40| 30| 32,"Engineering| Agricultural, Veterinary And Food Sciences| Biomedical And Clinical Sciences",4004| 3210| 3006,Chemical engineering| Nutrition and dietetics| Food sciences,-,Moisture Dynamics and Energy Efficiency in Drying,817,73.185,Water Activity and Moisture Dynamics,5092,83.705,Definitive,2021.0,11.0,N/A,"Velázquez-Gutiérrez, S.K.| Alpizar-Reyes, E.| Guadarrama-Lezama, A.Y.| Báez-González, J.G.| Alvarez-Ramírez, J.| Pérez-Alonso, C.",Universidad Autonoma de Nuevo Leon| Universidad Autónoma Metropolitana| Universidad Autonoma del Estado de Mexico,Mexico,0
55399527300,55399527300,A nonlinear Cole-Cole model for large-amplitude electrochemical impedance spectroscopy,"Hernandez-Jaimes, C.| Vazquez-Arenas, J.| Vernon-Carter, J.| Alvarez-Ramirez, J.",4.0,55327395000| 56013705500| 7004260997| 55399527300,2015.0,2015-12-01,Chemical Engineering Science,137,-,1-8,-,ISSN-00092509,16413.0,Journal,Elsevier Ltd,English,1.57,11,5,6,1.022,11,1.56,51.0,11.0,0.44,9.05,40.0,48.0,0.0,0.0,"Hernandez-Jaimes, C., Vazquez-Arenas, J., Vernon-Carter, J. and 1 more (...) (2015).A nonlinear Cole-Cole model for large-amplitude electrochemical impedance spectroscopy. Chemical Engineering Science,1371-8",https://www.scopus.com/record/display.url?eid=2-s2.0-84934966342&origin=resultslist,10.1016/j.ces.2015.06.015,Article,,2-s2.0-84934966342,-,Universidad Autónoma Metropolitana| Universidad Autonoma Chapingo,505017| 505047,Academic,2.0,60010597| 60028381,Universidad Autónoma Chapingo| Universidad Autónoma Metropolitana -Unidad Iztapalapa,55327395000,55399527300,55399527300,-,Mexico,1.0,1500| 1600| 2209,General Chemical Engineering| General Chemistry| Industrial and Manufacturing Engineering,4| 2,Natural Sciences| Engineering & Technology,409| 219| 222,Chemistry| Engineering - Chemical| Engineering - Mechanical,36| 37,Engineering| Physical Sciences,40,Engineering,4004,Chemical engineering,-,Battery Management and Performance,927,97.188,Electrochemical Impedance Spectroscopy in Corrosion Studies,26016,75.34,Very Good,2015.0,11.0,N/A,"Hernandez-Jaimes, C.| Vazquez-Arenas, J.| Vernon-Carter, J.| Alvarez-Ramirez, J.",Universidad Autónoma Metropolitana| Universidad Autonoma Chapingo,Mexico,0
55399527300,55399527300,A Two Competing Substrates Michaelis–Menten Kinetics Scheme for the Analysis of In Vitro Starch Digestograms,"Meraz, M.| Alvarez-Ramirez, J.| Vernon-Carter, E.J.| Reyes, I.| Hernandez-Jaimes, C.| Martinez-Martinez, F.",6.0,55989654300| 55399527300| 7004260997| 57191035399| 55327395000| 57644677700,2020.0,2020-09-01,Starch/Staerke,72,9-10,-,1900170,ISSN-00389056,26489.0,Journal,Wiley-VCH Verlag,English,0.88,39,3.9,29,0.62,33,0.6,17.0,10.0,0.32,12.33,40.0,57.0,0.0,0.0,"Meraz, M., Alvarez-Ramirez, J., Vernon-Carter, E.J. and 3 more (...) (2020).A Two Competing Substrates Michaelis–Menten Kinetics Scheme for the Analysis of In Vitro Starch Digestograms. Starch/Staerke,72(9-10) ",https://www.scopus.com/record/display.url?eid=2-s2.0-85077865982&origin=resultslist,10.1002/star.201900170,Article,,2-s2.0-85077865982,-,Universidad Autónoma Metropolitana| Universidad Autonoma del Estado de Mexico,505017| 505051,Academic,2.0,60028381| 60002281,Universidad Autónoma Metropolitana -Unidad Iztapalapa| Universidad Autónoma del Estado de México,55989654300,57644677700,55327395000,-,Mexico,1.0,1106| 1605,Food Science| Organic Chemistry,4| 5| 2,Natural Sciences| Life Sciences & Medicine| Engineering & Technology,249| 502| 409,Engineering - Petroleum| Agriculture & Forestry| Chemistry,37| 32,Physical Sciences| Life Sciences,40| 30,"Engineering| Agricultural, Veterinary And Food Sciences",3006| 4004,Food sciences| Chemical engineering,-,Starch Properties and Applications in Food Science,737,83.584,Starch Properties and Applications in Food Science,99,99.766,Very Good,2020.0,10.0,N/A,"Meraz, M.| Alvarez-Ramirez, J.| Vernon-Carter, E.J.| Reyes, I.| Hernandez-Jaimes, C.| Martinez-Martinez, F.",Universidad Autónoma Metropolitana| Universidad Autonoma del Estado de Mexico,Mexico,0
55399527300,55399527300,Corrosion Behavior of Fe-40at.%Al-Based Intermetallic in 0.25 M H2SO4 Solution,"Hernández-Hernández, M.| Liu, H.B.| Alvarez-Ramirez, J.| Espinosa-Medina, M.A.| Sosa, E.",5.0,55142104400| 57191739233| 55399527300| 55995931500| 25631275400,2017.0,2017-12-01,Journal of Materials Engineering and Performance,26,12,5983-5996,-,ISSN-10599495,21160.0,Journal,Springer New York LLC,English,0.98,31,2.5,33,0.611,31,0.56,21.0,10.0,0.17,11.72,42.0,65.0,0.0,0.0,"Hernández-Hernández, M., Liu, H.B., Alvarez-Ramirez, J. and 2 more (...) (2017).Corrosion Behavior of Fe-40at.%Al-Based Intermetallic in 0.25 M H2SO4 Solution. Journal of Materials Engineering and Performance,26(12) 5983-5996",https://www.scopus.com/record/display.url?eid=2-s2.0-85032198983&origin=resultslist,10.1007/s11665-017-3036-5,Article,,2-s2.0-85032198983,-,Universidad Autónoma Metropolitana| Universidad Michoacana de San Nicolas de Hidalgo| Universidad Nacional Autónoma de México| Instituto Mexicano del Petroleo,505017| 505022| 505023| 505005,Academic| Government,4.0,60032442| 60032816| 60028381| 60019271,Universidad Nacional Autónoma de México| Universidad Michoacana de San Nicolás de Hidalgo| Universidad Autónoma Metropolitana -Unidad Iztapalapa| Instituto Mexicano Del Petroleo,55142104400,25631275400,55995931500,-,Mexico,1.0,2210| 2211| 2500,Mechanical Engineering| Mechanics of Materials| General Materials Science,2,Engineering & Technology,433| 222,Materials Science| Engineering - Mechanical,36,Engineering,40,Engineering,4017| 4016,Mechanical engineering| Materials engineering,-,Microstructural Innovations in Titanium Alloys,750,51.602,Properties and Applications of Fe-Al Intermetallic Alloys,5196,73.213,Definitive,2017.0,10.0,N/A,"Hernández-Hernández, M.| Liu, H.B.| Alvarez-Ramirez, J.| Espinosa-Medina, M.A.| Sosa, E.",Universidad Autónoma Metropolitana| Universidad Michoacana de San Nicolas de Hidalgo| Universidad Nacional Autónoma de México| Instituto Mexicano del Petroleo,Mexico,0
55399527300,55399527300,Large amplitude oscillatory shear (LAOS) rheology of nixtamalized corn masa,"Alvarez-Ramirez, J.| Escarela-Perez, R.| Vernon-Carter, E.J.| Carrillo-Navas, H.",4.0,55399527300| 6701841506| 7004260997| 51565848600,2019.0,2019-07-01,Journal of Cereal Science,88,-,31-37,-,ISSN-07335210,34814.0,Journal,Academic Press,English,1.45,14,5,16,1.091,11,1.02,35.0,9.0,0.54,12.99,42.0,45.0,0.0,0.0,"Alvarez-Ramirez, J., Escarela-Perez, R., Vernon-Carter, E.J. and 1 more (...) (2019).Large amplitude oscillatory shear (LAOS) rheology of nixtamalized corn masa. Journal of Cereal Science,8831-37",https://www.scopus.com/record/display.url?eid=2-s2.0-85066107660&origin=resultslist,10.1016/j.jcs.2019.05.004,Article,,2-s2.0-85066107660,-,Universidad Autónoma Metropolitana,505017,Academic,1.0,60028381| 60023193| 122570486,Universidad Autónoma Metropolitana -Unidad Iztapalapa| Universidad Autónoma Metropolitana - Azcapotzalco| Torre A Oficina 1403,55399527300,51565848600,51565848600,-,Mexico,1.0,1106| 1303,Food Science| Biochemistry,5,Life Sciences & Medicine,502| 507,Agriculture & Forestry| Biological Sciences,32,Life Sciences,31| 30| 40,"Biological Sciences| Agricultural, Veterinary And Food Sciences| Engineering",-,-,-,Starch Properties and Applications in Food Science,737,83.584,Nutritional and Functional Aspects of Nixtamalized Maize,28077,74.576,Defensible,2019.0,9.0,N/A,"Alvarez-Ramirez, J.| Escarela-Perez, R.| Vernon-Carter, E.J.| Carrillo-Navas, H.",Universidad Autónoma Metropolitana,Mexico,0
55399527300,55399527300,Effects of leavening agent and time on bread texture and in vitro starch digestibility,"Garcia-Hernandez, A.| Roldan-Cruz, C.| Vernon-Carter, E.J.| Alvarez-Ramirez, J.",4.0,57192004816| 57118083700| 7004260997| 55399527300,2022.0,2022-05-01,Journal of Food Science and Technology,59,5,1922-1930,-,ISSN-00221155,20617.0,Journal,Springer,English,1.22,21,6.5,17,0.666,23,2.19,67.0,9.0,0.44,13.67,33.0,52.0,0.0,0.0,"Garcia-Hernandez, A., Roldan-Cruz, C., Vernon-Carter, E.J. and 1 more (...) (2022).Effects of leavening agent and time on bread texture and in vitro starch digestibility. Journal of Food Science and Technology,59(5) 1922-1930",https://www.scopus.com/record/display.url?eid=2-s2.0-85111526181&origin=resultslist,10.1007/s13197-021-05206-1,Article,Green,2-s2.0-85111526181,-,Universidad Autónoma Metropolitana| Universidad Veracruzana,505017| 505056,Academic,2.0,60007909| 60028381,Universidad Veracruzana| Universidad Autónoma Metropolitana -Unidad Iztapalapa,57192004816,55399527300,57118083700,-,Mexico,1.0,1106,Food Science,5,Life Sciences & Medicine,502,Agriculture & Forestry,32,Life Sciences,40| 30,"Engineering| Agricultural, Veterinary And Food Sciences",3006| 4004,Food sciences| Chemical engineering,-,Starch Properties and Applications in Food Science,737,83.584,Starch Properties and Applications in Food Science,99,99.766,Definitive,2022.0,9.0,N/A,"Garcia-Hernandez, A.| Roldan-Cruz, C.| Vernon-Carter, E.J.| Alvarez-Ramirez, J.",Universidad Autónoma Metropolitana| Universidad Veracruzana,Mexico,0
55399527300,55399527300,Inhibition of the amylolytic hydrolysis of starch by ethanol,"Vernon-Carter, E.J.| Alvarez-Ramirez, J.| Bello-Perez, L.A.| Reyes, I.| Hernandez-Jaimes, C.",5.0,7004260997| 55399527300| 7003824557| 57191035399| 55327395000,2019.0,2019-05-01,Food Hydrocolloids,90,-,285-290,-,ISSN-0268005X,22597.0,Journal,Elsevier B.V.,English,2.15,5,10.6,3,2.16,3,1.51,52.0,9.0,0.29,13.66,42.0,59.0,0.0,0.0,"Vernon-Carter, E.J., Alvarez-Ramirez, J., Bello-Perez, L.A. and 2 more (...) (2019).Inhibition of the amylolytic hydrolysis of starch by ethanol. Food Hydrocolloids,90285-290",https://www.scopus.com/record/display.url?eid=2-s2.0-85059548816&origin=resultslist,10.1016/j.foodhyd.2018.12.046,Article,,2-s2.0-85059548816,-,Universidad Autónoma Metropolitana| Universidad Autonoma del Estado de Mexico| Instituto Politécnico Nacional,505017| 505051| 505011,Academic,3.0,60028381| 60019176| 60002281,Universidad Autónoma Metropolitana -Unidad Iztapalapa| Instituto Politécnico Nacional| Universidad Autónoma del Estado de México,7004260997,55327395000,55399527300,-,Mexico,1.0,1106| 1500| 1600,Food Science| General Chemical Engineering| General Chemistry,5| 4| 2,Life Sciences & Medicine| Natural Sciences| Engineering & Technology,502| 409| 219,Agriculture & Forestry| Chemistry| Engineering - Chemical,37| 32| 36,Physical Sciences| Life Sciences| Engineering,40| 30,"Engineering| Agricultural, Veterinary And Food Sciences",4004| 3006,Chemical engineering| Food sciences,-,Starch Properties and Applications in Food Science,737,83.584,Starch Properties and Applications in Food Science,99,99.766,Very Good,2019.0,9.0,N/A,"Vernon-Carter, E.J.| Alvarez-Ramirez, J.| Bello-Perez, L.A.| Reyes, I.| Hernandez-Jaimes, C.",Universidad Autónoma Metropolitana| Universidad Autonoma del Estado de Mexico| Instituto Politécnico Nacional,Mexico,0
55399527300,55399527300,Role of Endogenous Protein in the Spherical Aggregation of Taro Starch Granules upon Spray-Drying and in In Vitro Digestibility,"Vernon-Carter, E.J.| Alvarez-Ramirez, J.| Bello-Perez, L.A.| Hernandez-Jaimes, C.| Reyes, I.",5.0,7004260997| 55399527300| 7003824557| 55327395000| 57191035399,2020.0,2020-09-01,Starch/Staerke,72,9-10,-,1900087,ISSN-00389056,26489.0,Journal,Wiley-VCH Verlag,English,0.88,39,3.9,29,0.62,33,1.81,54.0,9.0,0.32,12.33,42.0,57.0,0.0,0.0,"Vernon-Carter, E.J., Alvarez-Ramirez, J., Bello-Perez, L.A. and 2 more (...) (2020).Role of Endogenous Protein in the Spherical Aggregation of Taro Starch Granules upon Spray-Drying and in In Vitro Digestibility. Starch/Staerke,72(9-10) ",https://www.scopus.com/record/display.url?eid=2-s2.0-85073922753&origin=resultslist,10.1002/star.201900087,Article,,2-s2.0-85073922753,-,Universidad Autónoma Metropolitana| Universidad Autonoma del Estado de Mexico,505017| 505051,Academic,2.0,60028381| 60002281,Universidad Autónoma Metropolitana -Unidad Iztapalapa| Universidad Autónoma del Estado de México,7004260997,57191035399,55327395000,-,Mexico,1.0,1106| 1605,Food Science| Organic Chemistry,4| 5| 2,Natural Sciences| Life Sciences & Medicine| Engineering & Technology,502| 409| 249,Agriculture & Forestry| Chemistry| Engineering - Petroleum,37| 32,Physical Sciences| Life Sciences,40| 30,"Engineering| Agricultural, Veterinary And Food Sciences",3006| 4004,Food sciences| Chemical engineering,-,Starch Properties and Applications in Food Science,737,83.584,Starch Properties and Applications in Food Science,99,99.766,Definitive,2020.0,9.0,N/A,"Vernon-Carter, E.J.| Alvarez-Ramirez, J.| Bello-Perez, L.A.| Hernandez-Jaimes, C.| Reyes, I.",Universidad Autónoma Metropolitana| Universidad Autonoma del Estado de Mexico,Mexico,0
55399527300,55399527300,Microstructural Changes and In Vitro Digestibility of Maize Starch Treated with Different Calcium Compounds Used in Nixtamalization Processes,"Roldan-Cruz, C.| Garcia-Diaz, S.| Garcia-Hernandez, A.| Alvarez-Ramirez, J.| Vernon-Carter, E.J.",5.0,57118083700| 57188695640| 57192004816| 55399527300| 7004260997,2020.0,2020-09-01,Starch/Staerke,72,9-10,-,1900303,ISSN-00389056,26489.0,Journal,Wiley-VCH Verlag,English,0.88,39,3.9,29,0.62,33,1.02,35.0,9.0,0.49,12.33,42.0,47.0,0.0,0.0,"Roldan-Cruz, C., Garcia-Diaz, S., Garcia-Hernandez, A. and 2 more (...) (2020).Microstructural Changes and In Vitro Digestibility of Maize Starch Treated with Different Calcium Compounds Used in Nixtamalization Processes. Starch/Staerke,72(9-10) ",https://www.scopus.com/record/display.url?eid=2-s2.0-85090063902&origin=resultslist,10.1002/star.201900303,Article,,2-s2.0-85090063902,-,Universidad Autónoma Metropolitana| Universidad Veracruzana,505017| 505056,Academic,2.0,60007909| 60028381,Universidad Veracruzana| Universidad Autónoma Metropolitana -Unidad Iztapalapa,57118083700,7004260997,57118083700,-,Mexico,1.0,1106| 1605,Food Science| Organic Chemistry,5| 2| 4,Life Sciences & Medicine| Engineering & Technology| Natural Sciences,409| 502| 249,Chemistry| Agriculture & Forestry| Engineering - Petroleum,37| 32,Physical Sciences| Life Sciences,40| 30,"Engineering| Agricultural, Veterinary And Food Sciences",4004| 3006,Chemical engineering| Food sciences,-,Starch Properties and Applications in Food Science,737,83.584,Starch Properties and Applications in Food Science,99,99.766,Definitive,2020.0,9.0,N/A,"Roldan-Cruz, C.| Garcia-Diaz, S.| Garcia-Hernandez, A.| Alvarez-Ramirez, J.| Vernon-Carter, E.J.",Universidad Autónoma Metropolitana| Universidad Veracruzana,Mexico,0
55399527300,55399527300,Effect of the preparation method on structural and in vitro digestibility properties of type II resistant starch-enriched wheat semolina pasta,"Garcia-Valle, D.E.| Bello-Pérez, L.A.| Agama-Acevedo, E.| Tovar, J.| Aguirre-Cruz, A.| Alvarez-Ramirez, J.",6.0,57204516373| 7003824557| 6602787983| 55152485700| 9733053500| 55399527300,2022.0,2022-07-01,Journal of Cereal Science,106,-,-,103483,ISSN-07335210,34814.0,Journal,Academic Press,English,1.24,20,6.8,16,0.736,19,4.53,109.0,9.0,0.57,14.0,33.0,45.0,0.0,0.0,"Garcia-Valle, D.E., Bello-Pérez, L.A., Agama-Acevedo, E. and 3 more (...) (2022).Effect of the preparation method on structural and in vitro digestibility properties of type II resistant starch-enriched wheat semolina pasta. Journal of Cereal Science,106",https://www.scopus.com/record/display.url?eid=2-s2.0-85129394819&origin=resultslist,10.1016/j.jcs.2022.103483,Article,,2-s2.0-85129394819,-,Lund University| Universidad Autónoma Metropolitana| Universidad del Papaloapan| Instituto Politécnico Nacional,332007| 505017| 714298| 505011,Academic,4.0,60019176| 60119012| 60029170| 60084236| 60028381,Instituto Politécnico Nacional| Institutionen för Livsmedelsteknik| Lunds Universitet| Universidad del Papaloapan| Universidad Autónoma Metropolitana -Unidad Iztapalapa,57204516373,55399527300,7003824557,-,Mexico| Sweden,2.0,1106| 1303,Food Science| Biochemistry,5,Life Sciences & Medicine,502| 507,Agriculture & Forestry| Biological Sciences,32,Life Sciences,30| 40| 31,"Agricultural, Veterinary And Food Sciences| Engineering| Biological Sciences",-,-,-,Starch Properties and Applications in Food Science,737,83.584,Enhancing Pasta Quality through Nutritional Innovations,11437,94.228,Very Good,2022.0,9.0,N/A,"Garcia-Valle, D.E.| Bello-Pérez, L.A.| Agama-Acevedo, E.| Tovar, J.| Aguirre-Cruz, A.| Alvarez-Ramirez, J.",Lund University| Universidad Autónoma Metropolitana| Universidad del Papaloapan| Instituto Politécnico Nacional,Mexico| Sweden,0
55399527300,55399527300,Characteristics of Starch from Opaque and Translucent Perisperm of Amaranth (A. hypochondriacus) Grains,"Bello-Pérez, L.A.| Rodriguez-Ambriz, S.L.| Hoyos-Leyva, J.D.| Agama-Acevedo, E.| Pacheco-Vargas, G.| Alvarez-Ramirez, J.",6.0,7003824557| 8863018500| 55680954000| 6602787983| 54396100300| 55399527300,2018.0,2018-11-01,Starch/Staerke,70,11-12,-,1700260,ISSN-00389056,26489.0,Journal,Wiley-VCH Verlag,English,0.91,36,3.3,29,0.625,30,1.55,64.0,9.0,0.26,11.55,44.0,60.0,0.0,0.0,"Bello-Pérez, L.A., Rodriguez-Ambriz, S.L., Hoyos-Leyva, J.D. and 3 more (...) (2018).Characteristics of Starch from Opaque and Translucent Perisperm of Amaranth (A. hypochondriacus) Grains. Starch/Staerke,70(11-12) ",https://www.scopus.com/record/display.url?eid=2-s2.0-85055961331&origin=resultslist,10.1002/star.201700260,Article,,2-s2.0-85055961331,-,Universidad Autónoma Metropolitana| Instituto Politécnico Nacional,505017| 505011,Academic,2.0,60019176| 60028381,Instituto Politécnico Nacional| Universidad Autónoma Metropolitana -Unidad Iztapalapa,7003824557,55399527300,7003824557,-,Mexico,1.0,1106| 1605,Food Science| Organic Chemistry,5| 2| 4,Life Sciences & Medicine| Engineering & Technology| Natural Sciences,249| 409| 502,Engineering - Petroleum| Chemistry| Agriculture & Forestry,32| 37,Life Sciences| Physical Sciences,40| 30,"Engineering| Agricultural, Veterinary And Food Sciences",4004| 3006,Chemical engineering| Food sciences,-,Starch Properties and Applications in Food Science,737,83.584,Starch Properties and Applications in Food Science,99,99.766,Definitive,2018.0,9.0,N/A,"Bello-Pérez, L.A.| Rodriguez-Ambriz, S.L.| Hoyos-Leyva, J.D.| Agama-Acevedo, E.| Pacheco-Vargas, G.| Alvarez-Ramirez, J.",Universidad Autónoma Metropolitana| Instituto Politécnico Nacional,Mexico,0
55399527300,55399527300,"Charcoal bread: Physicochemical and textural properties, in vitro digestibility, and dough rheology","Gonzalez, M.| Reyes, I.| Carrera-Tarela, Y.| Vernon-Carter, E.J.| Alvarez-Ramirez, J.",5.0,57211589226| 57191035399| 57202785984| 7004260997| 55399527300,2020.0,2020-10-01,International Journal of Gastronomy and Food Science,21,-,-,100227,ISSN-1878450X,21100789945.0,Journal,AZTI-Tecnalia,English,1.19,23,3.3,3,0.515,8,2.48,50.0,9.0,1.21,4.95,42.0,23.0,0.0,0.0,"Gonzalez, M., Reyes, I., Carrera-Tarela, Y. and 2 more (...) (2020).Charcoal bread: Physicochemical and textural properties, in vitro digestibility, and dough rheology. International Journal of Gastronomy and Food Science,21",https://www.scopus.com/record/display.url?eid=2-s2.0-85086380095&origin=resultslist,10.1016/j.ijgfs.2020.100227,Article,,2-s2.0-85086380095,-,"Tecnológico Nacional de México, Mexico City| Universidad Autónoma Metropolitana",719128| 505017,Academic,2.0,60028381| 60134870,Universidad Autónoma Metropolitana -Unidad Iztapalapa| Tecnológico Nacional de México,57211589226,55399527300,57202785984,-,Mexico,1.0,1106| 3316,Food Science| Cultural Studies,5| 3,Life Sciences & Medicine| Social Sciences & Management,311| 502,Communication & Media Studies| Agriculture & Forestry,40| 32,Social Sciences| Life Sciences,30| 35,"Agricultural, Veterinary And Food Sciences| Commerce, Management, Tourism And Services",3006| 3504| 3099,"Food sciences| Commercial services| Other agricultural, veterinary and food sciences",-,Enhancing Cereal Quality through Genetic Insights,952,76.521,Enhancing Bread Quality through Wheat Flour Innovations,14094,95.971,Defensible,2020.0,9.0,N/A,"Gonzalez, M.| Reyes, I.| Carrera-Tarela, Y.| Vernon-Carter, E.J.| Alvarez-Ramirez, J.","Tecnológico Nacional de México, Mexico City| Universidad Autónoma Metropolitana",Mexico,0
55399527300,55399527300,Impact of Soaking Time at Room Temperature on the Physicochemical Properties of Maize and Potato Starch Granules,"Alvarez-Ramírez, J.| Vernon-Carter, E.J.| Carrillo-Navas, H.| Meraz, M.",4.0,55399527300| 7004260997| 51565848600| 55989654300,2019.0,2019-03-01,Starch/Staerke,71,3-4,-,1800126,ISSN-00389056,26489.0,Journal,Wiley-VCH Verlag,English,0.82,42,3.3,29,0.63,31,0.52,22.0,8.0,0.0,11.95,45.0,75.0,0.0,0.0,"Alvarez-Ramírez, J., Vernon-Carter, E.J., Carrillo-Navas, H. and 1 more (...) (2019).Impact of Soaking Time at Room Temperature on the Physicochemical Properties of Maize and Potato Starch Granules. Starch/Staerke,71(3-4) ",https://www.scopus.com/record/display.url?eid=2-s2.0-85054040162&origin=resultslist,10.1002/star.201800126,Article,,2-s2.0-85054040162,-,Universidad Autónoma Metropolitana,505017,Academic,1.0,60028381,Universidad Autónoma Metropolitana -Unidad Iztapalapa,55399527300,55989654300,51565848600,-,Mexico,1.0,1106| 1605,Food Science| Organic Chemistry,2| 4| 5,Engineering & Technology| Natural Sciences| Life Sciences & Medicine,249| 409| 502,Engineering - Petroleum| Chemistry| Agriculture & Forestry,32| 37,Life Sciences| Physical Sciences,30| 40,"Agricultural, Veterinary And Food Sciences| Engineering",3006| 4004,Food sciences| Chemical engineering,-,Starch Properties and Applications in Food Science,737,83.584,Parboiling Techniques for Enhanced Rice Quality,37766,68.727,Defensible,2019.0,8.0,N/A,"Alvarez-Ramírez, J.| Vernon-Carter, E.J.| Carrillo-Navas, H.| Meraz, M.",Universidad Autónoma Metropolitana,Mexico,0
55399527300,55399527300,Preparation of Functional Pasta Supplemented with Amaranth Pregelatinized Extruded Flour,"Bello-Pérez, L.A.| Cabello-Vazquez, J.A.| Carmona-Garcia, R.| Patiño-Rodriguez, O.| Alvarez-Ramirez, J.",5.0,7003824557| 59459770100| 56002758000| 55832554500| 55399527300,2022.0,2022-01-01,Frontiers in Food Science and Technology,2,-,-,881714,ISSN-26741121,21101262337.0,Journal,Frontiers Media SA,English,0,96,-,-,-,-,0.2,4.0,8.0,0.83,9.65,36.0,34.0,0.0,0.0,"Bello-Pérez, L.A., Cabello-Vazquez, J.A., Carmona-Garcia, R. and 2 more (...) (2022).Preparation of Functional Pasta Supplemented with Amaranth Pregelatinized Extruded Flour. Frontiers in Food Science and Technology,2",https://www.scopus.com/record/display.url?eid=2-s2.0-85171675602&origin=resultslist,10.3389/frfst.2022.881714,Article,Gold,2-s2.0-85171675602,-,"Tecnológico Nacional de México, Mexico City| Universidad Autónoma Metropolitana| Instituto Politécnico Nacional",719128| 505017| 505011,Academic,3.0,60019176| 60134870| 60028381,Instituto Politécnico Nacional| Tecnológico Nacional de México| Universidad Autónoma Metropolitana -Unidad Iztapalapa,7003824557,55399527300,7003824557,-,Mexico,1.0,1101| 1106| 1305| 2201,Agricultural and Biological Sciences (miscellaneous)| Food Science| Biotechnology| Engineering (miscellaneous),5| 2,Life Sciences & Medicine| Engineering & Technology,502| 507,Agriculture & Forestry| Biological Sciences,36| 32,Engineering| Life Sciences,-,-,-,-,-,Starch Properties and Applications in Food Science,737,83.584,Enhancing Pasta Quality through Nutritional Innovations,11437,94.228,Definitive,2022.0,8.0,N/A,"Bello-Pérez, L.A.| Cabello-Vazquez, J.A.| Carmona-Garcia, R.| Patiño-Rodriguez, O.| Alvarez-Ramirez, J.","Tecnológico Nacional de México, Mexico City| Universidad Autónoma Metropolitana| Instituto Politécnico Nacional",Mexico,0
55399527300,55399527300,"Semolina Pasta Replaced with Whole Unripe Plantain Flour: Chemical, Cooking Quality, Texture, and Starch Digestibility","Garcia-Valle, D.E.| Agama-Acevedo, E.| Alvarez-Ramirez, J.| Bello-Perez, L.A.",4.0,57204516373| 6602787983| 55399527300| 7003824557,2020.0,2020-09-01,Starch/Staerke,72,9-10,-,1900097,ISSN-00389056,26489.0,Journal,Wiley-VCH Verlag,English,0.88,39,3.9,29,0.62,33,2.15,70.0,8.0,0.32,12.33,45.0,57.0,0.0,0.0,"Garcia-Valle, D.E., Agama-Acevedo, E., Alvarez-Ramirez, J. and 1 more (...) (2020).Semolina Pasta Replaced with Whole Unripe Plantain Flour: Chemical, Cooking Quality, Texture, and Starch Digestibility. Starch/Staerke,72(9-10) ",https://www.scopus.com/record/display.url?eid=2-s2.0-85075439201&origin=resultslist,10.1002/star.201900097,Article,,2-s2.0-85075439201,-,Universidad Autónoma Metropolitana| Instituto Politécnico Nacional,505017| 505011,Academic,2.0,60019176| 60028381,Instituto Politécnico Nacional| Universidad Autónoma Metropolitana -Unidad Iztapalapa,57204516373,7003824557,7003824557,-,Mexico,1.0,1106| 1605,Food Science| Organic Chemistry,2| 4| 5,Engineering & Technology| Natural Sciences| Life Sciences & Medicine,249| 409| 502,Engineering - Petroleum| Chemistry| Agriculture & Forestry,37| 32,Physical Sciences| Life Sciences,30| 40,"Agricultural, Veterinary And Food Sciences| Engineering",4004| 3006,Chemical engineering| Food sciences,-,Starch Properties and Applications in Food Science,737,83.584,Enhancing Pasta Quality through Nutritional Innovations,11437,94.228,Definitive,2020.0,8.0,N/A,"Garcia-Valle, D.E.| Agama-Acevedo, E.| Alvarez-Ramirez, J.| Bello-Perez, L.A.",Universidad Autónoma Metropolitana| Instituto Politécnico Nacional,Mexico,0
55399527300,55399527300,Nutritional protein quality and digestibility changes during food processing,"Flores-Silva, P.| Martínez-Yañez, R.C.| Rodríguez-Huezo, M.E.| Alvarez-Ramirez, J.",4.0,56056288500| 57679796400| 6504471198| 55399527300,2022.0,2022-01-01,Revista Mexicana de Ingeniera Quimica,21,1,-,Alim2748,ISSN-16652738,19900192431.0,Journal,Universidad Autonoma Metropolitana,English,0.47,66,3.3,51,0.28,61,2.95,74.0,8.0,0.54,14.74,36.0,47.0,0.0,0.0,"Flores-Silva, P., Martínez-Yañez, R.C., Rodríguez-Huezo, M.E. and 1 more (...) (2022).Nutritional protein quality and digestibility changes during food processing. Revista Mexicana de Ingeniera Quimica,21(1) ",https://www.scopus.com/record/display.url?eid=2-s2.0-85129832175&origin=resultslist,10.24275/rmiq/Alim2748,Article,Hybrid gold,2-s2.0-85129832175,-,Universidad Autónoma Metropolitana,505017,Academic,1.0,60028381| 106592220,Universidad Autónoma Metropolitana -Unidad Iztapalapa| División de Química y Bioquímica,56056288500,55399527300,6504471198,-,Mexico,1.0,1500,General Chemical Engineering,2,Engineering & Technology,219,Engineering - Chemical,36,Engineering,30| 31| 40,"Agricultural, Veterinary And Food Sciences| Biological Sciences| Engineering",3006| 4004| 3106,Food sciences| Chemical engineering| Industrial biotechnology,-,Athlete Health and Muscle Performance Insights,683,60.497,Amino Acid Requirements and Protein Digestibility Insights,13037,83.657,Defensible,2022.0,8.0,N/A,"Flores-Silva, P.| Martínez-Yañez, R.C.| Rodríguez-Huezo, M.E.| Alvarez-Ramirez, J.",Universidad Autónoma Metropolitana,Mexico,0
55399527300,55399527300,Chromatographic analysis of branched and debranched starch structure: Variability of their results,"Moreno-Zaragoza, J.| Alvarez-Ramirez, J.| Dhital, S.| Bello-Pérez, L.A.",4.0,58622830400| 55399527300| 35203263700| 7003824557,2024.0,2024-11-01,International Journal of Biological Macromolecules,281,-,-,136639,ISSN-01418130,17544.0,Journal,Elsevier B.V.,English,1.46,13,10.3,8,1.285,8,1.53,20.0,8.0,0.98,8.19,18.0,30.0,0.0,0.0,"Moreno-Zaragoza, J., Alvarez-Ramirez, J., Dhital, S. and 1 more (...) (2024).Chromatographic analysis of branched and debranched starch structure: Variability of their results. International Journal of Biological Macromolecules,281",https://www.scopus.com/record/display.url?eid=2-s2.0-85206693813&origin=resultslist,10.1016/j.ijbiomac.2024.136639,Article,,2-s2.0-85206693813,39419136,Universidad Autónoma Metropolitana| Monash University| Instituto Politécnico Nacional,505017| 201015| 505011,Academic,3.0,60019176| 60028381| 60019578,Instituto Politécnico Nacional| Universidad Autónoma Metropolitana -Unidad Iztapalapa| Monash University,58622830400,7003824557,7003824557,-,Mexico| Australia,2.0,1303| 1312| 1315,Biochemistry| Molecular Biology| Structural Biology,5,Life Sciences & Medicine,507,Biological Sciences,32,Life Sciences,31,Biological Sciences,3101,Biochemistry and cell biology,-,Starch Properties and Applications in Food Science,737,83.584,Starch Properties and Applications in Food Science,99,99.766,Definitive,2024.0,8.0,N/A,"Moreno-Zaragoza, J.| Alvarez-Ramirez, J.| Dhital, S.| Bello-Pérez, L.A.",Universidad Autónoma Metropolitana| Monash University| Instituto Politécnico Nacional,Mexico| Australia,0
55399527300,55399527300,Molecular interactions arising in polyethylene-bentonite nanocomposites,"Bonilla-Blancas, A.E.| Romero-Ibarra, I.C.| Vazquez-Arenas, J.| Sanchez-Solis, A.| Manero, O.| Alvarez-Ramirez, J.",6.0,57191526205| 56013732100| 56013705500| 55914663300| 7003999464| 55399527300,2019.0,2019-01-10,Journal of Applied Polymer Science,136,2,-,46920,ISSN-00218995,13554.0,Journal,John Wiley and Sons Inc.,English,0.84,41,4.2,22,0.541,26,2.36,75.0,8.0,0.54,13.05,45.0,45.0,0.0,0.0,"Bonilla-Blancas, A.E., Romero-Ibarra, I.C., Vazquez-Arenas, J. and 3 more (...) (2019).Molecular interactions arising in polyethylene-bentonite nanocomposites. Journal of Applied Polymer Science,136(2) ",https://www.scopus.com/record/display.url?eid=2-s2.0-85053562207&origin=resultslist,10.1002/app.46920,Article,,2-s2.0-85053562207,-,Universidad Autónoma Metropolitana| Instituto Politécnico Nacional| Universidad Nacional Autónoma de México,505017| 505011| 505023,Academic,3.0,121668731| 60019176| 60032442| 60028381,Centro de Tecnología Avanzada CIATEQ A.C. -Centro de Tecnología Avanzada| Instituto Politécnico Nacional| Universidad Nacional Autónoma de México| Universidad Autónoma Metropolitana -Unidad Iztapalapa,57191526205,55399527300,56013732100,-,Mexico,1.0,1600| 2505| 2507| 2508,"General Chemistry| Materials Chemistry| Polymers and Plastics| Surfaces, Coatings and Films",4,Natural Sciences,409| 433,Chemistry| Materials Science,37| 36,Physical Sciences| Engineering,34| 40,Chemical Sciences| Engineering,-,-,-,Layered Double Hydroxides in Polymer Nanocomposites,484,61.282,Properties and Applications of Polymer-Clay Nanocomposites,19,94.335,Definitive,2019.0,8.0,N/A,"Bonilla-Blancas, A.E.| Romero-Ibarra, I.C.| Vazquez-Arenas, J.| Sanchez-Solis, A.| Manero, O.| Alvarez-Ramirez, J.",Universidad Autónoma Metropolitana| Instituto Politécnico Nacional| Universidad Nacional Autónoma de México,Mexico,0
55399527300,55399527300,Isolation of plantain starch on a large laboratory scale,"Ramirez-Cortes, R.| Bello-Pérez, L.A.| Gonzalez-Soto, R.A.| Gutierrez-Meraz, F.| Alvarez-Ramirez, J.",5.0,57003717600| 7003824557| 8698074600| 8976661100| 55399527300,2016.0,2016-05-01,Starch/Staerke,68,5-6,488-495,-,ISSN-00389056,26489.0,Journal,Wiley-VCH Verlag,English,1,28,2.7,31,0.604,32,1.89,58.0,8.0,0.0,9.27,46.0,71.0,0.0,0.0,"Ramirez-Cortes, R., Bello-Pérez, L.A., Gonzalez-Soto, R.A. and 2 more (...) (2016).Isolation of plantain starch on a large laboratory scale. Starch/Staerke,68(5-6) 488-495",https://www.scopus.com/record/display.url?eid=2-s2.0-84949921131&origin=resultslist,10.1002/star.201500272,Article,,2-s2.0-84949921131,-,Universidad Autónoma Metropolitana| Instituto Politécnico Nacional,505017| 505011,Academic,2.0,60019176| 60028381,Instituto Politécnico Nacional| Universidad Autónoma Metropolitana -Unidad Iztapalapa,57003717600,55399527300,7003824557,-,Mexico,1.0,1106| 1605,Food Science| Organic Chemistry,4| 2| 5,Natural Sciences| Engineering & Technology| Life Sciences & Medicine,502| 409| 249,Agriculture & Forestry| Chemistry| Engineering - Petroleum,37| 32,Physical Sciences| Life Sciences,30| 40,"Agricultural, Veterinary And Food Sciences| Engineering",3006| 4004,Food sciences| Chemical engineering,-,Starch Properties and Applications in Food Science,737,83.584,Starch Properties and Applications in Food Science,99,99.766,Definitive,2016.0,8.0,N/A,"Ramirez-Cortes, R.| Bello-Pérez, L.A.| Gonzalez-Soto, R.A.| Gutierrez-Meraz, F.| Alvarez-Ramirez, J.",Universidad Autónoma Metropolitana| Instituto Politécnico Nacional,Mexico,0
55399527300,55399527300,Fractal analysis of X-ray diffraction patterns of zirconia–alumina mixed oxides,"Gordillo-Cruz, E.| Alvarez-Ramirez, J.| González, F.| de los Reyes, J.A.",4.0,57203416114| 55399527300| 56000780400| 6701672264,2018.0,2018-12-15,Physica A: Statistical Mechanics and its Applications,512,-,635-643,-,ISSN-03784371,29115.0,Journal,Elsevier B.V.,English,1.26,19,4,8,0.699,31,5.58,114.0,8.0,0.37,8.21,46.0,54.0,0.0,0.0,"Gordillo-Cruz, E., Alvarez-Ramirez, J., González, F. and 1 more (...) (2018).Fractal analysis of X-ray diffraction patterns of zirconia–alumina mixed oxides. Physica A: Statistical Mechanics and its Applications,512635-643",https://www.scopus.com/record/display.url?eid=2-s2.0-85051633408&origin=resultslist,10.1016/j.physa.2018.08.057,Article,,2-s2.0-85051633408,-,Universidad Autónoma Metropolitana,505017,Academic,1.0,60028381,Universidad Autónoma Metropolitana -Unidad Iztapalapa,57203416114,6701672264,57203416114,-,Mexico,1.0,2613| 3104,Statistics and Probability| Condensed Matter Physics,4| 2,Natural Sciences| Engineering & Technology,431| 213| 344| 439,Mathematics| Data Science| Statistics & Operational Research| Physics & Astronomy,37,Physical Sciences,49,Mathematical Sciences,4902| 4901,Mathematical physics| Applied mathematics,-,Machine Learning Insights into Crystal Structures,1264,69.196,Crystal Structure Determination Techniques,8373,64.889,Defensible,2018.0,8.0,N/A,"Gordillo-Cruz, E.| Alvarez-Ramirez, J.| González, F.| de los Reyes, J.A.",Universidad Autónoma Metropolitana,Mexico,0
55399527300,55399527300,Asymmetric acceleration/deceleration dynamics in heart rate variability,"Alvarez-Ramirez, J.| Echeverria, J.C.| Meraz, M.| Rodriguez, E.",4.0,55399527300| 7007145337| 6601910796| 8578081700,2017.0,2017-08-01,Physica A: Statistical Mechanics and its Applications,479,-,213-224,-,ISSN-03784371,29115.0,Journal,Elsevier B.V.,English,1.12,23,3.9,11,0.773,27,2.76,41.0,7.0,0.47,6.41,49.0,48.0,0.0,0.0,"Alvarez-Ramirez, J., Echeverria, J.C., Meraz, M. and 1 more (...) (2017).Asymmetric acceleration/deceleration dynamics in heart rate variability. Physica A: Statistical Mechanics and its Applications,479213-224",https://www.scopus.com/record/display.url?eid=2-s2.0-85015378075&origin=resultslist,10.1016/j.physa.2017.03.008,Article,,2-s2.0-85015378075,-,Universidad Autónoma Metropolitana,505017,Academic,1.0,60028381,Universidad Autónoma Metropolitana -Unidad Iztapalapa,55399527300,8578081700,55399527300,-,Mexico,1.0,2613| 3109,Statistics and Probability| Statistical and Nonlinear Physics,4| 2,Natural Sciences| Engineering & Technology,431| 213| 344| 439,Mathematics| Data Science| Statistics & Operational Research| Physics & Astronomy,37,Physical Sciences,49,Mathematical Sciences,4901| 4902,Applied mathematics| Mathematical physics,-,Heart Rate Variability and Autonomic Function Insights,621,48.267,Heart Rate Variability and Autonomic Dynamics,37354,68.565,Defensible,2017.0,7.0,N/A,"Alvarez-Ramirez, J.| Echeverria, J.C.| Meraz, M.| Rodriguez, E.",Universidad Autónoma Metropolitana,Mexico,0
55399527300,55399527300,A fractal scaling analysis of the SARS-CoV-2 genome sequence,"Meraz, M.| Vernon-Carter, E.J.| Rodriguez, E.| Alvarez-Ramirez, J.",4.0,6601910796| 7004260997| 35112460500| 55399527300,2022.0,2022-03-01,Biomedical Signal Processing and Control,73,-,-,103433,ISSN-17468094,4700152237.0,Journal,Elsevier Ltd,English,1.54,12,8.2,16,1.071,17,1.71,38.0,7.0,0.46,15.11,39.0,51.0,0.0,0.0,"Meraz, M., Vernon-Carter, E.J., Rodriguez, E. and 1 more (...) (2022).A fractal scaling analysis of the SARS-CoV-2 genome sequence. Biomedical Signal Processing and Control,73",https://www.scopus.com/record/display.url?eid=2-s2.0-85120913798&origin=resultslist,10.1016/j.bspc.2021.103433,Article,Green,2-s2.0-85120913798,-,Universidad Autónoma Metropolitana,505017,Academic,1.0,60028381,Universidad Autónoma Metropolitana -Unidad Iztapalapa,6601910796,55399527300,55399527300,-,Mexico,1.0,1711| 2204| 2718,Signal Processing| Biomedical Engineering| Health Informatics,2| 5,Engineering & Technology| Life Sciences & Medicine,213| 212| 507| 532,Data Science| Computer Science & Information Systems| Biological Sciences| Medicine,38| 36| 34,Computer Science| Engineering| Medical and Health,40| 30,"Engineering| Agricultural, Veterinary And Food Sciences",3006| 4003,Food sciences| Biomedical engineering,SDG 3,"COVID-19, Its Impact, and Vaccination",1,99.935,SARS-CoV-2 Variants and Immune Response Dynamics,131,99.918,Very Good,2022.0,7.0,N/A,"Meraz, M.| Vernon-Carter, E.J.| Rodriguez, E.| Alvarez-Ramirez, J.",Universidad Autónoma Metropolitana,Mexico,0
55399527300,55399527300,The in vitro digestibility of starch fractions in maize tortilla can be rendered healthier by treating the nixtamalized masa with commercial baking yeast,"Vernon-Carter, E.J.| Alvarez-Ramirez, J.| Bello-Perez, L.A.| Garcia-Hernandez, A.| Garcia-Diaz, S.| Roldan-Cruz, C.",6.0,7004260997| 55399527300| 7003824557| 57192004816| 57188695640| 57118083700,2018.0,2018-07-01,Journal of Cereal Science,82,-,216-222,-,ISSN-07335210,34814.0,Journal,Academic Press,English,1.37,16,4,22,1.054,13,0.73,26.0,7.0,0.4,12.37,49.0,52.0,0.0,0.0,"Vernon-Carter, E.J., Alvarez-Ramirez, J., Bello-Perez, L.A. and 3 more (...) (2018).The in vitro digestibility of starch fractions in maize tortilla can be rendered healthier by treating the nixtamalized masa with commercial baking yeast. Journal of Cereal Science,82216-222",https://www.scopus.com/record/display.url?eid=2-s2.0-85054176050&origin=resultslist,10.1016/j.jcs.2018.07.001,Article,,2-s2.0-85054176050,-,Universidad Autónoma Metropolitana| Instituto Politécnico Nacional,505017| 505011,Academic,2.0,60028381| 60019176,Universidad Autónoma Metropolitana -Unidad Iztapalapa| Instituto Politécnico Nacional,7004260997,57118083700,55399527300,-,Mexico,1.0,1106| 1303,Food Science| Biochemistry,5,Life Sciences & Medicine,507| 502,Biological Sciences| Agriculture & Forestry,32,Life Sciences,31| 40| 30,"Biological Sciences| Engineering| Agricultural, Veterinary And Food Sciences",-,-,-,Starch Properties and Applications in Food Science,737,83.584,Starch Properties and Applications in Food Science,99,99.766,Very Good,2018.0,7.0,N/A,"Vernon-Carter, E.J.| Alvarez-Ramirez, J.| Bello-Perez, L.A.| Garcia-Hernandez, A.| Garcia-Diaz, S.| Roldan-Cruz, C.",Universidad Autónoma Metropolitana| Instituto Politécnico Nacional,Mexico,0
55399527300,55399527300,Analysis of starch digestograms using Monte Carlo simulations,"Vernon-Carter, E.J.| Meraz, M.| Bello-Perez, L.A.| Alvarez-Ramirez, J.",4.0,7004260997| 55989654300| 7003824557| 55399527300,2022.0,2022-09-01,Carbohydrate Polymers,291,-,-,119589,ISSN-01448617,25801.0,Journal,Elsevier Ltd,English,1.86,8,18.9,2,1.726,4,1.78,39.0,7.0,0.55,12.7,39.0,46.0,0.0,0.0,"Vernon-Carter, E.J., Meraz, M., Bello-Perez, L.A. and 1 more (...) (2022).Analysis of starch digestograms using Monte Carlo simulations. Carbohydrate Polymers,291",https://www.scopus.com/record/display.url?eid=2-s2.0-85129975790&origin=resultslist,10.1016/j.carbpol.2022.119589,Article,,2-s2.0-85129975790,35698344,Universidad Autónoma Metropolitana| Instituto Politécnico Nacional,505017| 505011,Academic,2.0,60028381| 60019176,Universidad Autónoma Metropolitana -Unidad Iztapalapa| Instituto Politécnico Nacional,7004260997,55399527300,7003824557,-,Mexico,1.0,1605| 2505| 2507,Organic Chemistry| Materials Chemistry| Polymers and Plastics,2| 4,Engineering & Technology| Natural Sciences,249| 409| 433,Engineering - Petroleum| Chemistry| Materials Science,37| 36,Physical Sciences| Engineering,30| 40| 31,"Agricultural, Veterinary And Food Sciences| Engineering| Biological Sciences",3101| 3006| 4004,Biochemistry and cell biology| Food sciences| Chemical engineering,-,Starch Properties and Applications in Food Science,737,83.584,Starch Properties and Applications in Food Science,99,99.766,Definitive,2022.0,7.0,N/A,"Vernon-Carter, E.J.| Meraz, M.| Bello-Perez, L.A.| Alvarez-Ramirez, J.",Universidad Autónoma Metropolitana| Instituto Politécnico Nacional,Mexico,0
55399527300,55399527300,Medium-term cycles in the dynamics of the Dow Jones Index for the period 1985–2019,"Alvarez-Ramirez, J.| Rodriguez, E.| Ibarra-Valdez, C.",3.0,55399527300| 35112460500| 6602868749,2020.0,2020-05-15,Physica A: Statistical Mechanics and its Applications,546,-,-,124017,ISSN-03784371,29115.0,Journal,Elsevier B.V.,English,1.16,24,5.6,8,0.64,34,1.22,27.0,7.0,0.68,8.82,47.0,38.0,0.0,0.0,"Alvarez-Ramirez, J., Rodriguez, E., Ibarra-Valdez, C. (2020).Medium-term cycles in the dynamics of the Dow Jones Index for the period 1985–2019. Physica A: Statistical Mechanics and its Applications,546",https://www.scopus.com/record/display.url?eid=2-s2.0-85077748172&origin=resultslist,10.1016/j.physa.2019.124017,Article,,2-s2.0-85077748172,-,Universidad Autónoma Metropolitana,505017,Academic,1.0,60028381,Universidad Autónoma Metropolitana -Unidad Iztapalapa,55399527300,6602868749,55399527300,-,Mexico,1.0,2613| 3104,Statistics and Probability| Condensed Matter Physics,2| 4,Engineering & Technology| Natural Sciences,439| 431| 213| 344,Physics & Astronomy| Mathematics| Data Science| Statistics & Operational Research,37,Physical Sciences,49,Mathematical Sciences,4901| 4902,Applied mathematics| Mathematical physics,-,Innovation Systems and Regional Economic Development,245,67.56,Kondratieff Waves and Strategic Business Adaptation,36415,51.898,Very Good,2020.0,7.0,N/A,"Alvarez-Ramirez, J.| Rodriguez, E.| Ibarra-Valdez, C.",Universidad Autónoma Metropolitana,Mexico,0
55399527300,55399527300,Effect of Combined Heat-Moisture/Lactic Acid Treatment on the Physicochemical and In Vitro Digestibility Properties of Corn Starch,"Reyes, I.| Hernandez-Jaimes, C.| Meraz, M.| Vernon-Carter, E.J.| Alvarez-Ramirez, J.",5.0,57191035399| 55327395000| 55989654300| 7004260997| 55399527300,2021.0,2021-01-01,Starch/Staerke,73,1-2,-,2000147,ISSN-00389056,26489.0,Journal,Wiley-VCH Verlag,English,0.79,44,4.4,30,0.557,34,1.0,27.0,7.0,0.4,12.56,44.0,54.0,0.0,0.0,"Reyes, I., Hernandez-Jaimes, C., Meraz, M. and 2 more (...) (2021).Effect of Combined Heat-Moisture/Lactic Acid Treatment on the Physicochemical and In Vitro Digestibility Properties of Corn Starch. Starch/Staerke,73(1-2) ",https://www.scopus.com/record/display.url?eid=2-s2.0-85092735614&origin=resultslist,10.1002/star.202000147,Article,,2-s2.0-85092735614,-,"Tecnológico Nacional de México, Mexico City| Universidad Autónoma Metropolitana| Universidad Autonoma del Estado de Mexico",719128| 505017| 505051,Academic,3.0,60134870| 60002281| 60028381,Tecnológico Nacional de México| Universidad Autónoma del Estado de México| Universidad Autónoma Metropolitana -Unidad Iztapalapa,57191035399,55399527300,55327395000,-,Mexico,1.0,1106| 1605,Food Science| Organic Chemistry,5| 2| 4,Life Sciences & Medicine| Engineering & Technology| Natural Sciences,249| 409| 502,Engineering - Petroleum| Chemistry| Agriculture & Forestry,32| 37,Life Sciences| Physical Sciences,40| 30,"Engineering| Agricultural, Veterinary And Food Sciences",3006| 4004,Food sciences| Chemical engineering,-,Starch Properties and Applications in Food Science,737,83.584,Starch Properties and Applications in Food Science,99,99.766,Definitive,2021.0,7.0,N/A,"Reyes, I.| Hernandez-Jaimes, C.| Meraz, M.| Vernon-Carter, E.J.| Alvarez-Ramirez, J.","Tecnológico Nacional de México, Mexico City| Universidad Autónoma Metropolitana| Universidad Autonoma del Estado de Mexico",Mexico,0
55399527300,55399527300,Multiscale SVD entropy for the analysis of gait dynamics,"Marin-Lopez, A.| Martinez-Martinez, F.| Martínez-Cadena, J.A.| Alvarez-Ramirez, J.",4.0,58342402400| 57644677700| 57192694280| 55399527300,2024.0,2024-01-01,Biomedical Signal Processing and Control,87,-,-,105439,ISSN-17468094,4700152237.0,Journal,Elsevier Ltd,English,1.65,10,11.5,9,1.229,15,1.51,31.0,7.0,0.88,7.97,21.0,33.0,0.0,0.0,"Marin-Lopez, A., Martinez-Martinez, F., Martínez-Cadena, J.A. and 1 more (...) (2024).Multiscale SVD entropy for the analysis of gait dynamics. Biomedical Signal Processing and Control,87",https://www.scopus.com/record/display.url?eid=2-s2.0-85171762330&origin=resultslist,10.1016/j.bspc.2023.105439,Article,,2-s2.0-85171762330,-,Universidad Autónoma Metropolitana| Universidad Veracruzana,505017| 505056,Academic,2.0,60028381| 60007909,Universidad Autónoma Metropolitana -Unidad Iztapalapa| Universidad Veracruzana,58342402400,55399527300,57644677700,-,Mexico,1.0,1711| 2204| 2718,Signal Processing| Biomedical Engineering| Health Informatics,5| 2,Life Sciences & Medicine| Engineering & Technology,532| 213| 212| 507,Medicine| Data Science| Computer Science & Information Systems| Biological Sciences,38| 34| 36,Computer Science| Medical and Health| Engineering,40| 30,"Engineering| Agricultural, Veterinary And Food Sciences",4003| 3006,Biomedical engineering| Food sciences,-,"Parkinson's Disease: Gait, Cognition, and Quality of Life",485,80.968,Gait Analysis Techniques for Parkinson's Disease Detection,57247,82.267,Definitive,2024.0,7.0,N/A,"Marin-Lopez, A.| Martinez-Martinez, F.| Martínez-Cadena, J.A.| Alvarez-Ramirez, J.",Universidad Autónoma Metropolitana| Universidad Veracruzana,Mexico,0
55399527300,55399527300,Variable Cascade Control Structure for Tubular Reactors,"Urrea-García, G.R.| Reséndiz-Camacho, S.| Álvarez-Ramírez, J.| Luna-Solano, G.",4.0,38663396200| 56525221900| 55399527300| 25422141600,2015.0,2015-03-01,Chemical Engineering and Technology,38,3,521-529,-,ISSN-09307516,16396.0,Journal,Wiley-VCH Verlag,English,0.91,34,2.8,18,0.606,19,0.31,17.0,6.0,0.0,9.05,51.0,69.0,0.0,0.0,"Urrea-García, G.R., Reséndiz-Camacho, S., Álvarez-Ramírez, J. and 1 more (...) (2015).Variable Cascade Control Structure for Tubular Reactors. Chemical Engineering and Technology,38(3) 521-529",https://www.scopus.com/record/display.url?eid=2-s2.0-84923299776&origin=resultslist,10.1002/ceat.201300518,Article,Bronze,2-s2.0-84923299776,-,Universidad Autónoma Metropolitana| Instituto Tecnológico de Orizaba,505017| 717994,Academic,2.0,60095228| 60028381,"Instituto Tecnologico de Orizaba, Mexico| Universidad Autónoma Metropolitana -Unidad Iztapalapa",38663396200,25422141600,38663396200,-,Mexico,1.0,1500| 1600| 2209,General Chemical Engineering| General Chemistry| Industrial and Manufacturing Engineering,4| 2,Natural Sciences| Engineering & Technology,222| 409| 219,Engineering - Mechanical| Chemistry| Engineering - Chemical,37| 36,Physical Sciences| Engineering,40,Engineering,4004| 4017,Chemical engineering| Mechanical engineering,-,Control Strategies for Wave Equation Systems,900,23.218,Predictive Control Models for Nonlinear Systems,17749,77.177,Definitive,2015.0,6.0,N/A,"Urrea-García, G.R.| Reséndiz-Camacho, S.| Álvarez-Ramírez, J.| Luna-Solano, G.",Universidad Autónoma Metropolitana| Instituto Tecnológico de Orizaba,Mexico,0
55399527300,55399527300,"Wheat bread supplemented with potato peel flour: color, molecular organization, texture and in vitro starch digestibility","Godoy-Ramirez, A.| Rodriguez-Huezo, M.E.| Lara-Corona, V.H.| Vernon-Carter, E.J.| Alvarez-Ramirez, J.",5.0,58955985600| 6504471198| 7004454749| 7004260997| 55399527300,2024.0,2024-01-01,Revista Mexicana de Ingeniera Quimica,23,1,-,Alim24201,ISSN-16652738,19900192431.0,Journal,Universidad Autonoma Metropolitana,English,0.4,72,2.6,59,0.238,68,2.9,44.0,6.0,0.7,8.56,24.0,39.0,0.0,0.0,"Godoy-Ramirez, A., Rodriguez-Huezo, M.E., Lara-Corona, V.H. and 2 more (...) (2024).Wheat bread supplemented with potato peel flour: color, molecular organization, texture and in vitro starch digestibility. Revista Mexicana de Ingeniera Quimica,23(1) ",https://www.scopus.com/record/display.url?eid=2-s2.0-85188665388&origin=resultslist,10.24275/rmiq/Alim24201,Article,Bronze,2-s2.0-85188665388,-,"Tecnológico Nacional de México, Mexico City| Universidad Autónoma Metropolitana",719128| 505017,Academic,2.0,60028381| 60134870,Universidad Autónoma Metropolitana -Unidad Iztapalapa| Tecnológico Nacional de México,58955985600,55399527300,55399527300,-,Mexico,1.0,1500,General Chemical Engineering,2,Engineering & Technology,219,Engineering - Chemical,36,Engineering,31| 40| 30,"Biological Sciences| Engineering| Agricultural, Veterinary And Food Sciences",4004| 3006| 3106,Chemical engineering| Food sciences| Industrial biotechnology,-,Irrigation and Anthocyanin Effects on Potato Yield,1416,29.889,Nutritional Potential of Diverse Potato Cultivars,18516,90.709,Definitive,2024.0,6.0,N/A,"Godoy-Ramirez, A.| Rodriguez-Huezo, M.E.| Lara-Corona, V.H.| Vernon-Carter, E.J.| Alvarez-Ramirez, J.","Tecnológico Nacional de México, Mexico City| Universidad Autónoma Metropolitana",Mexico,0
55399527300,55399527300,A singular value decomposition entropy approach to instability analysis in BWR's,"Rodriguez, E.| Alvarez-Ramirez, J.| Espinosa-Paredes, G.",3.0,35112460500| 55399527300| 6701576605,2022.0,2022-01-01,Nuclear Engineering and Design,386,-,-,111576,ISSN-00295493,17882.0,Journal,Elsevier Ltd,English,1.32,17,3.4,39,0.853,18,0.6,14.0,6.0,0.35,14.17,42.0,58.0,0.0,0.0,"Rodriguez, E., Alvarez-Ramirez, J., Espinosa-Paredes, G. (2022).A singular value decomposition entropy approach to instability analysis in BWR's. Nuclear Engineering and Design,386",https://www.scopus.com/record/display.url?eid=2-s2.0-85120165040&origin=resultslist,10.1016/j.nucengdes.2021.111576,Article,,2-s2.0-85120165040,-,Universidad Autónoma Metropolitana,505017,Academic,1.0,60028381,Universidad Autónoma Metropolitana -Unidad Iztapalapa,35112460500,6701576605,6701576605,-,Mexico,1.0,2104| 2210| 2213| 2311| 2500| 3106,"Nuclear Energy and Engineering| Mechanical Engineering| Safety, Risk, Reliability and Quality| Waste Management and Disposal| General Materials Science| Nuclear and High Energy Physics",4| 2| 3,Natural Sciences| Engineering & Technology| Social Sciences & Management,221| 439| 433| 249| 222| 424,Engineering - Electrical & Electronic| Physics & Astronomy| Materials Science| Engineering - Petroleum| Engineering - Mechanical| Environmental Sciences,37| 36,Physical Sciences| Engineering,40,Engineering,4005| 4019| 4012,Civil engineering| Resources engineering and extractive metallurgy| Fluid mechanics and thermal engineering,-,Nuclear Reactor Safety and Efficiency,1255,45.389,Dynamics of Two-Phase Flow in Natural Circulation,11287,73.915,Definitive,2022.0,6.0,N/A,"Rodriguez, E.| Alvarez-Ramirez, J.| Espinosa-Paredes, G.",Universidad Autónoma Metropolitana,Mexico,0
55399527300,55399527300,Fractional-Order Kinetics Modeling of Starch Thermal Degradation,"Roldan-Cruz, C.| García-Hernandez, A.| Fonseca-Florido, H.A.| Vernon-Carter, E.J.| Alvarez-Ramirez, J.",5.0,57118083700| 57192004816| 57190121196| 7004260997| 55399527300,2024.0,2024-09-01,Starch/Staerke,76,9-10,-,2400024,ISSN-00389056,26489.0,Journal,John Wiley and Sons Inc,English,0.66,51,5.9,28,0.535,38,1.8,25.0,6.0,0.87,6.91,24.0,33.0,0.0,0.0,"Roldan-Cruz, C., García-Hernandez, A., Fonseca-Florido, H.A. and 2 more (...) (2024).Fractional-Order Kinetics Modeling of Starch Thermal Degradation. Starch/Staerke,76(9-10) ",https://www.scopus.com/record/display.url?eid=2-s2.0-85190689609&origin=resultslist,10.1002/star.202400024,Article,,2-s2.0-85190689609,-,Consejo Nacional de Ciencia y Tecnologia Mexico| Center for Research in Applied Chemistry| Universidad Autónoma Metropolitana| Universidad Veracruzana,704696| 703028| 505017| 505056,Academic| Government,4.0,60007909| 60027998| 60029922| 60028381,"Universidad Veracruzana| Secretaría de Ciencia, Humanidades, Tecnología e Innovación| Centro de Investigacion en Quimica Aplicada, Saltillo| Universidad Autónoma Metropolitana -Unidad Iztapalapa",57118083700,55399527300,55399527300,-,Mexico,1.0,1106| 1605,Food Science| Organic Chemistry,2| 4| 5,Engineering & Technology| Natural Sciences| Life Sciences & Medicine,502| 249| 409,Agriculture & Forestry| Engineering - Petroleum| Chemistry,32| 37,Life Sciences| Physical Sciences,40| 30,"Engineering| Agricultural, Veterinary And Food Sciences",4004| 3006,Chemical engineering| Food sciences,-,Starch Properties and Applications in Food Science,737,83.584,Starch Properties and Applications in Food Science,99,99.766,Definitive,2024.0,6.0,N/A,"Roldan-Cruz, C.| García-Hernandez, A.| Fonseca-Florido, H.A.| Vernon-Carter, E.J.| Alvarez-Ramirez, J.",Consejo Nacional de Ciencia y Tecnologia Mexico| Center for Research in Applied Chemistry| Universidad Autónoma Metropolitana| Universidad Veracruzana,Mexico,0
55399527300,55399527300,Corn Starch Hydrolysis by Alumina and Silica-Alumina Oxides Solid Acid Catalysts,"Gordillo-Cruz, E.| Gómez-Luría, D.| Valdés-Martínez, O.U.| De los Reyes-Heredia, J.A.| Alvarez-Ramirez, J.| Vernon-Carter, E.J.",6.0,57203416114| 56126595600| 57193908926| 6701672264| 55399527300| 7004260997,2019.0,2019-01-01,Starch/Staerke,71,1-2,-,1800144,ISSN-00389056,26489.0,Journal,Wiley-VCH Verlag,English,0.82,42,3.3,29,0.63,31,1.28,49.0,6.0,0.42,11.95,50.0,52.0,0.0,0.0,"Gordillo-Cruz, E., Gómez-Luría, D., Valdés-Martínez, O.U. and 3 more (...) (2019).Corn Starch Hydrolysis by Alumina and Silica-Alumina Oxides Solid Acid Catalysts. Starch/Staerke,71(1-2) ",https://www.scopus.com/record/display.url?eid=2-s2.0-85052612920&origin=resultslist,10.1002/star.201800144,Article,,2-s2.0-85052612920,-,Universidad Autónoma Metropolitana,505017,Academic,1.0,60028381,Universidad Autónoma Metropolitana -Unidad Iztapalapa,57203416114,7004260997,7004260997,-,Mexico,1.0,1106| 1605,Food Science| Organic Chemistry,5| 4| 2,Life Sciences & Medicine| Natural Sciences| Engineering & Technology,409| 502| 249,Chemistry| Agriculture & Forestry| Engineering - Petroleum,32| 37,Life Sciences| Physical Sciences,40| 30,"Engineering| Agricultural, Veterinary And Food Sciences",4004| 3006,Chemical engineering| Food sciences,-,Starch Properties and Applications in Food Science,737,83.584,Starch Properties and Applications in Food Science,99,99.766,Very Good,2019.0,6.0,N/A,"Gordillo-Cruz, E.| Gómez-Luría, D.| Valdés-Martínez, O.U.| De los Reyes-Heredia, J.A.| Alvarez-Ramirez, J.| Vernon-Carter, E.J.",Universidad Autónoma Metropolitana,Mexico,0
55399527300,55399527300,A Green's function approach for the numerical solution of a class of fractional reaction-diffusion equations,"Hernandez-Martinez, E.| Valdés-Parada, F.| Alvarez-Ramirez, J.| Puebla, H.| Morales-Zarate, E.",5.0,56013655800| 35615110000| 55399527300| 6603401765| 12646139800,2016.0,2016-03-01,Mathematics and Computers in Simulation,121,-,133-145,-,ISSN-03784754,12166.0,Journal,Elsevier,English,1.08,25,2.5,27,0.562,17,3.01,56.0,6.0,0.82,6.08,51.0,34.0,0.0,0.0,"Hernandez-Martinez, E., Valdés-Parada, F., Alvarez-Ramirez, J. and 2 more (...) (2016).A Green's function approach for the numerical solution of a class of fractional reaction-diffusion equations. Mathematics and Computers in Simulation,121133-145",https://www.scopus.com/record/display.url?eid=2-s2.0-84947474875&origin=resultslist,10.1016/j.matcom.2015.09.004,Article,,2-s2.0-84947474875,-,Universidad Autónoma Metropolitana| Universidad Veracruzana,505017| 505056,Academic,2.0,60007909| 60028381| 60023193,Universidad Veracruzana| Universidad Autónoma Metropolitana -Unidad Iztapalapa| Universidad Autónoma Metropolitana - Azcapotzalco,56013655800,12646139800,56013655800,-,Mexico,1.0,1700| 2604| 2611| 2612| 2614,General Computer Science| Applied Mathematics| Modeling and Simulation| Numerical Analysis| Theoretical Computer Science,4| 2,Natural Sciences| Engineering & Technology,212| 431,Computer Science & Information Systems| Mathematics,37| 38,Physical Sciences| Computer Science,49| 51| 46,Mathematical Sciences| Physical Sciences| Information And Computing Sciences,-,-,-,Fractional Calculus Applications in Differential Equations,88,83.061,Fractional Differential Equations in Complex Systems,2382,98.504,Definitive,2016.0,6.0,N/A,"Hernandez-Martinez, E.| Valdés-Parada, F.| Alvarez-Ramirez, J.| Puebla, H.| Morales-Zarate, E.",Universidad Autónoma Metropolitana| Universidad Veracruzana,Mexico,0
55399527300,55399527300,Influence of storage time on mechanical properties of films made with montmorillonite/flour (unripe banana and rice) blends,"Rodríguez-Marín, M.L.| Alvarez-Ramírez, J.| Bello-Perez, L.A.",3.0,37061993800| 55399527300| 7003824557,2016.0,2016-08-01,Revista Mexicana de Ingeniera Quimica,15,2,433-439,-,ISSN-16652738,19900192431.0,Journal,Universidad Autonoma Metropolitana Iztapalapa,English,0.64,52,1.3,54,0.296,49,1.49,51.0,6.0,0.54,9.26,51.0,44.0,0.0,0.0,"Rodríguez-Marín, M.L., Alvarez-Ramírez, J., Bello-Perez, L.A. (2016).Influence of storage time on mechanical properties of films made with montmorillonite/flour (unripe banana and rice) blends. Revista Mexicana de Ingeniera Quimica,15(2) 433-439",https://www.scopus.com/record/display.url?eid=2-s2.0-84978705880&origin=resultslist,-,Article,,2-s2.0-84978705880,-,Universidad Autónoma Metropolitana| Instituto Politécnico Nacional,505017| 505011,Academic,2.0,60019176| 60028381,Instituto Politécnico Nacional| Universidad Autónoma Metropolitana -Unidad Iztapalapa,37061993800,7003824557,7003824557,-,Mexico,1.0,1500,General Chemical Engineering,2,Engineering & Technology,219,Engineering - Chemical,36,Engineering,30| 40| 31,"Agricultural, Veterinary And Food Sciences| Engineering| Biological Sciences",3006| 4004| 3106,Food sciences| Chemical engineering| Industrial biotechnology,-,Biodegradable Polymers and Microplastics in Environment,333,99.673,Mechanical Properties of Starch-Based Composites,2897,97.594,Defensible,2016.0,6.0,N/A,"Rodríguez-Marín, M.L.| Alvarez-Ramírez, J.| Bello-Perez, L.A.",Universidad Autónoma Metropolitana| Instituto Politécnico Nacional,Mexico,0
55399527300,55399527300,Pregelatinised amaranth flour as an ingredient for low-fat gluten-free cakes,"Carmona-Garcia, R.| Agama-Acevedo, E.| Pacheco-Vargas, G.| Bello-Perez, L.A.| Tovar, J.| Alvarez-Ramirez, J.",6.0,56002758000| 6602787983| 54396100300| 7003824557| 55152485700| 55399527300,2022.0,2022-04-01,International Journal of Food Science and Technology,57,4,2346-2355,-,ISSN-09505423,20115.0,Journal,John Wiley and Sons Inc,English,0.93,34,5.6,24,0.673,22,2.52,78.0,6.0,0.32,15.39,42.0,60.0,0.0,0.0,"Carmona-Garcia, R., Agama-Acevedo, E., Pacheco-Vargas, G. and 3 more (...) (2022).Pregelatinised amaranth flour as an ingredient for low-fat gluten-free cakes. International Journal of Food Science and Technology,57(4) 2346-2355",https://www.scopus.com/record/display.url?eid=2-s2.0-85124523527&origin=resultslist,10.1111/ijfs.15589,Article,,2-s2.0-85124523527,-,"Tecnológico Nacional de México, Mexico City| Lund University| Universidad Autónoma Metropolitana| Instituto Politécnico Nacional",719128| 332007| 505017| 505011,Academic,4.0,60134870| 60019176| 60119012| 60029170| 60028381,Tecnológico Nacional de México| Instituto Politécnico Nacional| Institutionen för Livsmedelsteknik| Lunds Universitet| Universidad Autónoma Metropolitana -Unidad Iztapalapa,56002758000,55399527300,7003824557,-,Mexico| Sweden,2.0,1106| 2209,Food Science| Industrial and Manufacturing Engineering,5| 2,Life Sciences & Medicine| Engineering & Technology,502| 222,Agriculture & Forestry| Engineering - Mechanical,36| 32,Engineering| Life Sciences,40| 30| 32,"Engineering| Agricultural, Veterinary And Food Sciences| Biomedical And Clinical Sciences",3006| 3210| 4004,Food sciences| Nutrition and dietetics| Chemical engineering,-,Enhancing Cereal Quality through Genetic Insights,952,76.521,Gluten-Free Bread and Batter Quality,4023,97.741,Very Good,2022.0,6.0,N/A,"Carmona-Garcia, R.| Agama-Acevedo, E.| Pacheco-Vargas, G.| Bello-Perez, L.A.| Tovar, J.| Alvarez-Ramirez, J.","Tecnológico Nacional de México, Mexico City| Lund University| Universidad Autónoma Metropolitana| Instituto Politécnico Nacional",Mexico| Sweden,0
55399527300,55399527300,Randomness confidence bands of fractal scaling exponents for financial price returns,"Ibarra-Valdez, C.| Alvarez, J.| Alvarez-Ramirez, J.",3.0,6602868749| 57214025200| 55399527300,2016.0,2016-02-01,"Chaos, Solitons and Fractals",83,-,119-124,-,ISSN-09600779,25347.0,Journal,Elsevier Ltd,English,0.84,38,2.4,12,0.518,43,1.32,21.0,5.0,0.57,5.31,54.0,43.0,0.0,0.0,"Ibarra-Valdez, C., Alvarez, J., Alvarez-Ramirez, J. (2016).Randomness confidence bands of fractal scaling exponents for financial price returns. Chaos, Solitons and Fractals,83119-124",https://www.scopus.com/record/display.url?eid=2-s2.0-84951304181&origin=resultslist,10.1016/j.chaos.2015.11.042,Article,,2-s2.0-84951304181,-,Universidad Autónoma Metropolitana,505017,Academic,1.0,60028381,Universidad Autónoma Metropolitana -Unidad Iztapalapa,6602868749,55399527300,55399527300,-,Mexico,1.0,2600| 2604| 3100| 3109,General Mathematics| Applied Mathematics| General Physics and Astronomy| Statistical and Nonlinear Physics,4,Natural Sciences,431| 439,Mathematics| Physics & Astronomy,37,Physical Sciences,49| 46| 40,Mathematical Sciences| Information And Computing Sciences| Engineering,-,-,-,Dynamics of Financial Markets and Power Law,1053,21.975,Multifractal Dynamics in Financial and Environmental Systems,973,95.19,Very Good,2016.0,5.0,N/A,"Ibarra-Valdez, C.| Alvarez, J.| Alvarez-Ramirez, J.",Universidad Autónoma Metropolitana,Mexico,0
55399527300,55399527300,"Structural, physicochemical, and emulsifying properties of pectin obtained by aqueous extraction from red pitaya (Hylocereus polyrhizus) peel","Alpizar-Reyes, E.| Cruz-Olivares, J.| Cortés-Camargo, S.| Rodríguez-Huezo, M.E.| Macías-Mendoza, J.O.| Alvarez-Ramírez, J.| Pérez-Alonso, C.",7.0,57192102030| 22956893200| 56971571100| 6504471198| 57873954500| 55399527300| 6507830886,2022.0,2022-08-28,Revista Mexicana de Ingeniera Quimica,21,3,-,Alim2887,ISSN-16652738,19900192431.0,Journal,Universidad Autonoma Metropolitana,English,0.47,66,3.3,51,0.28,61,5.09,125.0,5.0,0.27,14.74,46.0,63.0,0.0,0.0,"Alpizar-Reyes, E., Cruz-Olivares, J., Cortés-Camargo, S. and 4 more (...) (2022).Structural, physicochemical, and emulsifying properties of pectin obtained by aqueous extraction from red pitaya (Hylocereus polyrhizus) peel. Revista Mexicana de Ingeniera Quimica,21(3) ",https://www.scopus.com/record/display.url?eid=2-s2.0-85137196197&origin=resultslist,10.24275/rmiq/Alim2887,Article,Hybrid gold|Green,2-s2.0-85137196197,-,Universidad de Ciencias y Artes de Chiapas| Universidad del Bío-Bío| Universidad Autónoma Metropolitana| Universidad Autonoma del Estado de Mexico,724790| 700283| 505017| 505051,Academic,4.0,60002281| 128533437| 111095850| 60013281| 60028381| 60023195,Universidad Autónoma del Estado de México| Universidad Tecnológica de Zinacantepec (UTZIN)| Tecnológico de Estudios Superiores de Ecatepec| Universidad de Ciencias y Artes de Chiapas| Universidad Autónoma Metropolitana -Unidad Iztapalapa| Universidad del Bio Bio,57192102030,6507830886,6507830886,-,Chile| Mexico,2.0,1500,General Chemical Engineering,2,Engineering & Technology,219,Engineering - Chemical,36,Engineering,30| 40| 31,"Agricultural, Veterinary And Food Sciences| Engineering| Biological Sciences",4004| 3006| 3106,Chemical engineering| Food sciences| Industrial biotechnology,-,Antioxidant Compounds and Their Medicinal Potential,6,97.711,Pectin Properties and Extraction Techniques for Diverse Applications,2290,99.455,Definitive,2022.0,5.0,N/A,"Alpizar-Reyes, E.| Cruz-Olivares, J.| Cortés-Camargo, S.| Rodríguez-Huezo, M.E.| Macías-Mendoza, J.O.| Alvarez-Ramírez, J.| Pérez-Alonso, C.",Universidad de Ciencias y Artes de Chiapas| Universidad del Bío-Bío| Universidad Autónoma Metropolitana| Universidad Autonoma del Estado de Mexico,Chile| Mexico,0
55399527300,55399527300,Asymmetric correlations in the ozone concentration dynamics of the Mexico City Metropolitan Area,"Meraz, M.| Alvarez-Ramirez, J.| Echeverria, J.C.",3.0,6601910796| 55399527300| 7007145337,2017.0,2017-04-01,Physica A: Statistical Mechanics and its Applications,471,-,377-386,-,ISSN-03784371,29115.0,Journal,Elsevier B.V.,English,1.12,23,3.9,11,0.773,27,5.44,78.0,5.0,0.31,6.41,54.0,56.0,0.0,0.0,"Meraz, M., Alvarez-Ramirez, J., Echeverria, J.C. (2017).Asymmetric correlations in the ozone concentration dynamics of the Mexico City Metropolitan Area. Physica A: Statistical Mechanics and its Applications,471377-386",https://www.scopus.com/record/display.url?eid=2-s2.0-85007502886&origin=resultslist,10.1016/j.physa.2016.12.065,Article,,2-s2.0-85007502886,-,Universidad Autónoma Metropolitana,505017,Academic,1.0,60028381,Universidad Autónoma Metropolitana -Unidad Iztapalapa,6601910796,7007145337,55399527300,-,Mexico,1.0,2613| 3109,Statistics and Probability| Statistical and Nonlinear Physics,4| 2,Natural Sciences| Engineering & Technology,431| 344| 213| 439,Mathematics| Statistics & Operational Research| Data Science| Physics & Astronomy,37,Physical Sciences,49,Mathematical Sciences,4902| 4901,Mathematical physics| Applied mathematics,SDG 3| SDG 11,Dynamics of Financial Markets and Power Law,1053,21.975,Multifractal Dynamics in Financial and Environmental Systems,973,95.19,Defensible,2017.0,5.0,N/A,"Meraz, M.| Alvarez-Ramirez, J.| Echeverria, J.C.",Universidad Autónoma Metropolitana,Mexico,0
55399527300,55399527300,An electrochemical approach for citric acid treatment of corn starch granules,"Hernandez-Jaimes, C.| Vernon-Carter, E.J.| Lobato-Calleros, C.| Bello-Perez, L.A.| Alvarez-Ramirez, J.",5.0,55327395000| 7004260997| 6603090042| 7003824557| 55399527300,2016.0,2016-05-01,Starch/Staerke,68,5-6,558-567,-,ISSN-00389056,26489.0,Journal,Wiley-VCH Verlag,English,1,28,2.7,31,0.604,32,1.38,51.0,5.0,0.0,9.27,54.0,71.0,0.0,0.0,"Hernandez-Jaimes, C., Vernon-Carter, E.J., Lobato-Calleros, C. and 2 more (...) (2016).An electrochemical approach for citric acid treatment of corn starch granules. Starch/Staerke,68(5-6) 558-567",https://www.scopus.com/record/display.url?eid=2-s2.0-84957831197&origin=resultslist,10.1002/star.201500244,Article,,2-s2.0-84957831197,-,Universidad Autónoma Metropolitana| Universidad Autonoma Chapingo| Instituto Politécnico Nacional,505017| 505047| 505011,Academic,3.0,60010597| 60028381| 60019176,Universidad Autónoma Chapingo| Universidad Autónoma Metropolitana -Unidad Iztapalapa| Instituto Politécnico Nacional,55327395000,55399527300,55327395000,-,Mexico,1.0,1106| 1605,Food Science| Organic Chemistry,4| 5| 2,Natural Sciences| Life Sciences & Medicine| Engineering & Technology,409| 502| 249,Chemistry| Agriculture & Forestry| Engineering - Petroleum,32| 37,Life Sciences| Physical Sciences,40| 30,"Engineering| Agricultural, Veterinary And Food Sciences",3006| 4004,Food sciences| Chemical engineering,-,Starch Properties and Applications in Food Science,737,83.584,Starch Properties and Applications in Food Science,99,99.766,Very Good,2016.0,5.0,N/A,"Hernandez-Jaimes, C.| Vernon-Carter, E.J.| Lobato-Calleros, C.| Bello-Perez, L.A.| Alvarez-Ramirez, J.",Universidad Autónoma Metropolitana| Universidad Autonoma Chapingo| Instituto Politécnico Nacional,Mexico,0
55399527300,55399527300,An Ohm's law analogy for the effective diffusivity of composite media,"Alvarez-Ramirez, J.| Valdes-Parada, F.J.| Ibarra-Valdez, C.",3.0,55399527300| 35615110000| 6602868749,2016.0,2016-04-01,Physica A: Statistical Mechanics and its Applications,447,-,141-148,-,ISSN-03784371,29115.0,Journal,Elsevier B.V.,English,1.22,19,3.5,14,0.761,27,2.71,44.0,5.0,0.44,6.78,54.0,49.0,0.0,0.0,"Alvarez-Ramirez, J., Valdes-Parada, F.J., Ibarra-Valdez, C. (2016).An Ohm's law analogy for the effective diffusivity of composite media. Physica A: Statistical Mechanics and its Applications,447141-148",https://www.scopus.com/record/display.url?eid=2-s2.0-84952333675&origin=resultslist,10.1016/j.physa.2015.12.021,Article,,2-s2.0-84952333675,-,Universidad Autónoma Metropolitana,505017,Academic,1.0,60028381,Universidad Autónoma Metropolitana -Unidad Iztapalapa,55399527300,6602868749,55399527300,-,Mexico,1.0,2613| 3104,Statistics and Probability| Condensed Matter Physics,4| 2,Natural Sciences| Engineering & Technology,344| 439| 213| 431,Statistics & Operational Research| Physics & Astronomy| Data Science| Mathematics,37,Physical Sciences,49,Mathematical Sciences,4902| 4901,Mathematical physics| Applied mathematics,-,Thermodynamic Properties of Alloy Nanostructures,1009,15.762,Grain Boundary Diffusion in Advanced Materials,15949,61.229,Defensible,2016.0,5.0,N/A,"Alvarez-Ramirez, J.| Valdes-Parada, F.J.| Ibarra-Valdez, C.",Universidad Autónoma Metropolitana,Mexico,0
55399527300,55399527300,Surrogate multivariate Hurst exponent analysis of gait dynamics,"Marin-Lopez, A.| Martínez-Cadena, J.A.| Martinez-Martinez, F.| Alvarez-Ramirez, J.",4.0,58342402400| 57192694280| 57644677700| 55399527300,2023.0,2023-07-01,"Chaos, Solitons and Fractals",172,-,-,113605,ISSN-09600779,25347.0,Journal,Elsevier Ltd,English,1.75,8,13.2,2,1.349,9,1.53,19.0,4.0,0.51,7.79,43.0,48.0,0.0,0.0,"Marin-Lopez, A., Martínez-Cadena, J.A., Martinez-Martinez, F. and 1 more (...) (2023).Surrogate multivariate Hurst exponent analysis of gait dynamics. Chaos, Solitons and Fractals,172",https://www.scopus.com/record/display.url?eid=2-s2.0-85162736196&origin=resultslist,10.1016/j.chaos.2023.113605,Article,,2-s2.0-85162736196,-,Universidad Autónoma Metropolitana| Universidad Veracruzana,505017| 505056,Academic,2.0,60028381| 60007909,Universidad Autónoma Metropolitana -Unidad Iztapalapa| Universidad Veracruzana,58342402400,55399527300,57192694280,-,Mexico,1.0,2604| 2610| 3100| 3109,Applied Mathematics| Mathematical Physics| General Physics and Astronomy| Statistical and Nonlinear Physics,4,Natural Sciences,431| 439,Mathematics| Physics & Astronomy,37,Physical Sciences,46| 49| 40,Information And Computing Sciences| Mathematical Sciences| Engineering,-,-,-,Dynamics of Financial Markets and Power Law,1053,21.975,Fractal Dynamics in Time Series and Movement,25696,80.692,Definitive,2023.0,4.0,N/A,"Marin-Lopez, A.| Martínez-Cadena, J.A.| Martinez-Martinez, F.| Alvarez-Ramirez, J.",Universidad Autónoma Metropolitana| Universidad Veracruzana,Mexico,0
55399527300,55399527300,Analysis of fast and slow dynamics of chemical kinetics using singular value decomposition,"Alvarez-Ramirez, J.| Meraz, M.| Martinez-Martinez, F.",3.0,55399527300| 55989654300| 57644677700,2023.0,2023-04-01,"Reaction Kinetics, Mechanisms and Catalysis",136,2,567-586,-,ISSN-18785190,19500157076.0,Journal,Springer Science and Business Media B.V.,English,0.48,65,3.3,63,0.347,63,0.43,8.0,4.0,0.3,13.12,43.0,60.0,0.0,0.0,"Alvarez-Ramirez, J., Meraz, M., Martinez-Martinez, F. (2023).Analysis of fast and slow dynamics of chemical kinetics using singular value decomposition. Reaction Kinetics, Mechanisms and Catalysis,136(2) 567-586",https://www.scopus.com/record/display.url?eid=2-s2.0-85148935142&origin=resultslist,10.1007/s11144-023-02379-y,Article,,2-s2.0-85148935142,-,Universidad Autónoma Metropolitana| Universidad Veracruzana,505017| 505056,Academic,2.0,60028381| 60007909,Universidad Autónoma Metropolitana -Unidad Iztapalapa| Universidad Veracruzana,55399527300,57644677700,57644677700,-,Mexico,1.0,1503| 1606,Catalysis| Physical and Theoretical Chemistry,2| 4,Engineering & Technology| Natural Sciences,249| 409| 219,Engineering - Petroleum| Chemistry| Engineering - Chemical,37| 36,Physical Sciences| Engineering,34,Chemical Sciences,3406,Physical chemistry,-,Soot Formation and Reaction Mechanisms in Combustion,1106,40.615,Chemical Kinetics and Mechanism Reduction Strategies,13218,85.389,Definitive,2023.0,4.0,N/A,"Alvarez-Ramirez, J.| Meraz, M.| Martinez-Martinez, F.",Universidad Autónoma Metropolitana| Universidad Veracruzana,Mexico,0
55399527300,55399527300,A modeling error compensation approach for the feedback control of the nuclear reactor operation,"Alvarez-Ramirez, J.| Espinosa-Paredes, G.",2.0,55399527300| 6701576605,2021.0,2021-10-01,Nuclear Engineering and Design,382,-,-,111394,ISSN-00295493,17882.0,Journal,Elsevier Ltd,English,1.54,13,3.5,33,0.879,17,0.72,19.0,4.0,0.14,13.88,55.0,72.0,0.0,0.0,"Alvarez-Ramirez, J., Espinosa-Paredes, G. (2021).A modeling error compensation approach for the feedback control of the nuclear reactor operation. Nuclear Engineering and Design,382",https://www.scopus.com/record/display.url?eid=2-s2.0-85111542163&origin=resultslist,10.1016/j.nucengdes.2021.111394,Article,,2-s2.0-85111542163,-,Universidad Autónoma Metropolitana,505017,Academic,1.0,60028381,Universidad Autónoma Metropolitana -Unidad Iztapalapa,55399527300,6701576605,6701576605,-,Mexico,1.0,2104| 2210| 2213| 2311| 2500| 3106,"Nuclear Energy and Engineering| Mechanical Engineering| Safety, Risk, Reliability and Quality| Waste Management and Disposal| General Materials Science| Nuclear and High Energy Physics",4| 3| 2,Natural Sciences| Social Sciences & Management| Engineering & Technology,433| 249| 222| 424| 221| 439,Materials Science| Engineering - Petroleum| Engineering - Mechanical| Environmental Sciences| Engineering - Electrical & Electronic| Physics & Astronomy,36| 37,Engineering| Physical Sciences,40,Engineering,4005| 4019| 4012,Civil engineering| Resources engineering and extractive metallurgy| Fluid mechanics and thermal engineering,-,Molten Salt Applications in Energy and Material Recovery,1393,25.18,Innovative Control Systems for Nuclear Reactors,20785,86.575,Very Good,2021.0,4.0,N/A,"Alvarez-Ramirez, J.| Espinosa-Paredes, G.",Universidad Autónoma Metropolitana,Mexico,0
55399527300,55399527300,Mechanisms of elastic turbulence in gelatinized starch dispersions,"Avila-De La Rosa, G.| Carrillo-Navas, H.| Echeverría, J.C.| Bello-Pérez, L.A.| Vernon-Carter, E.J.| Alvarez-Ramirez, J.",6.0,34879367900| 51565848600| 7007145337| 7003824557| 7004260997| 55399527300,2015.0,2015-04-21,"Chaos, Solitons and Fractals",77,-,29-38,-,ISSN-09600779,25347.0,Journal,Elsevier Ltd,English,1.05,26,2.5,11,0.622,39,2.11,27.0,4.0,0.2,4.98,58.0,61.0,0.0,0.0,"Avila-De La Rosa, G., Carrillo-Navas, H., Echeverría, J.C. and 3 more (...) (2015).Mechanisms of elastic turbulence in gelatinized starch dispersions. Chaos, Solitons and Fractals,7729-38",https://www.scopus.com/record/display.url?eid=2-s2.0-84929179912&origin=resultslist,10.1016/j.chaos.2015.04.013,Article,,2-s2.0-84929179912,-,Universidad Autónoma Metropolitana| Instituto Politécnico Nacional,505017| 505011,Academic,2.0,60028381| 60019176,Universidad Autónoma Metropolitana -Unidad Iztapalapa| Instituto Politécnico Nacional,34879367900,55399527300,51565848600,-,Mexico,1.0,2600| 2604| 2610| 3100| 3109,General Mathematics| Applied Mathematics| Mathematical Physics| General Physics and Astronomy| Statistical and Nonlinear Physics,4,Natural Sciences,431| 439,Mathematics| Physics & Astronomy,37,Physical Sciences,40| 49| 46,Engineering| Mathematical Sciences| Information And Computing Sciences,-,-,-,Additive Manufacturing and Material Properties,270,96.664,Viscoelastic Flow Dynamics and Heat Transfer Mechanisms,5594,89.633,Defensible,2015.0,4.0,N/A,"Avila-De La Rosa, G.| Carrillo-Navas, H.| Echeverría, J.C.| Bello-Pérez, L.A.| Vernon-Carter, E.J.| Alvarez-Ramirez, J.",Universidad Autónoma Metropolitana| Instituto Politécnico Nacional,Mexico,0
55399527300,55399527300,Linear combination of power-law functions for detecting multiscaling using detrended fluctuation analysis,"Echeverria, J.C.| Rodriguez, E.| Aguilar-Cornejo, M.| Alvarez-Ramirez, J.",4.0,7007145337| 35112460500| 25653836300| 55399527300,2016.0,2016-10-15,Physica A: Statistical Mechanics and its Applications,460,-,283-293,-,ISSN-03784371,29115.0,Journal,Elsevier B.V.,English,1.22,19,3.5,14,0.761,27,2.1,33.0,3.0,0.44,6.78,62.0,49.0,0.0,0.0,"Echeverria, J.C., Rodriguez, E., Aguilar-Cornejo, M. and 1 more (...) (2016).Linear combination of power-law functions for detecting multiscaling using detrended fluctuation analysis. Physica A: Statistical Mechanics and its Applications,460283-293",https://www.scopus.com/record/display.url?eid=2-s2.0-84971233910&origin=resultslist,10.1016/j.physa.2016.05.029,Article,,2-s2.0-84971233910,-,Universidad Autónoma Metropolitana,505017,Academic,1.0,60028381,Universidad Autónoma Metropolitana -Unidad Iztapalapa,7007145337,55399527300,55399527300,-,Mexico,1.0,2613| 3104,Statistics and Probability| Condensed Matter Physics,2| 4,Engineering & Technology| Natural Sciences,213| 344| 439| 431,Data Science| Statistics & Operational Research| Physics & Astronomy| Mathematics,37,Physical Sciences,49,Mathematical Sciences,4902| 4901,Mathematical physics| Applied mathematics,-,Dynamics of Financial Markets and Power Law,1053,21.975,Multifractal Dynamics in Financial and Environmental Systems,973,95.19,Definitive,2016.0,3.0,N/A,"Echeverria, J.C.| Rodriguez, E.| Aguilar-Cornejo, M.| Alvarez-Ramirez, J.",Universidad Autónoma Metropolitana,Mexico,0
55399527300,55399527300,Modeling-Error Compensation Approach for Extremum-Seeking Control of Continuous Stirred Tank Bioreactors with Unknown Growth Kinetics,"Meraz, M.| Ibarra-Valdez, C.| Alvarez-Ramirez, J.",3.0,55989654300| 6602868749| 55399527300,2016.0,2016-04-27,Industrial and Engineering Chemistry Research,55,14,4071-4079,-,ISSN-08885885,13057.0,Journal,American Chemical Society,English,1.16,21,5.6,7,0.95,12,0.9,28.0,3.0,0.2,9.99,62.0,62.0,0.0,0.0,"Meraz, M., Ibarra-Valdez, C., Alvarez-Ramirez, J. (2016).Modeling-Error Compensation Approach for Extremum-Seeking Control of Continuous Stirred Tank Bioreactors with Unknown Growth Kinetics. Industrial and Engineering Chemistry Research,55(14) 4071-4079",https://www.scopus.com/record/display.url?eid=2-s2.0-84964522997&origin=resultslist,10.1021/acs.iecr.6b00735,Article,,2-s2.0-84964522997,-,Universidad Autónoma Metropolitana,505017,Academic,1.0,60028381,Universidad Autónoma Metropolitana -Unidad Iztapalapa,55989654300,55399527300,55399527300,-,Mexico,1.0,1500| 1600| 2209,General Chemical Engineering| General Chemistry| Industrial and Manufacturing Engineering,4| 2,Natural Sciences| Engineering & Technology,409| 222| 219,Chemistry| Engineering - Mechanical| Engineering - Chemical,36| 37,Engineering| Physical Sciences,34| 40,Chemical Sciences| Engineering,-,-,-,Collective Control Systems in Robotic Networks,314,90.647,Extremum Seeking Control in Dynamic Systems,16777,85.539,Definitive,2016.0,3.0,N/A,"Meraz, M.| Ibarra-Valdez, C.| Alvarez-Ramirez, J.",Universidad Autónoma Metropolitana,Mexico,0
55399527300,55399527300,Biogas production modeling: Developing a logistic equation satisfying the zero initial condition,"Meraz, M.| Castilla, P.| Vernon-Carter, E.J.| Alvarez-Ramirez, J.",4.0,6601910796| 8307901600| 7004260997| 55399527300,2024.0,2024-12-01,Renewable Energy,237,-,-,121816,ISSN-09601481,27569.0,Journal,Elsevier Ltd,English,2.04,6,17.6,2,2.08,14,0.4,10.0,3.0,0.23,12.91,38.0,62.0,0.0,0.0,"Meraz, M., Castilla, P., Vernon-Carter, E.J. and 1 more (...) (2024).Biogas production modeling: Developing a logistic equation satisfying the zero initial condition. Renewable Energy,237",https://www.scopus.com/record/display.url?eid=2-s2.0-85208935260&origin=resultslist,10.1016/j.renene.2024.121816,Article,,2-s2.0-85208935260,-,Universidad Autónoma Metropolitana,505017,Academic,1.0,60028381| 60010210,Universidad Autónoma Metropolitana -Unidad Iztapalapa| Universidad Autónoma Metropolitana Unidad Xochimilco,6601910796,55399527300,55399527300,-,Mexico,1.0,2105,"Renewable Energy, Sustainability and the Environment",2,Engineering & Technology,221,Engineering - Electrical & Electronic,36,Engineering,40,Engineering,-,-,SDG 7,"Biogas, Biochar, and Microbial Fuel Cells",69,98.954,Biogas Production Potential from Organic Waste,257,99.728,Definitive,2024.0,3.0,N/A,"Meraz, M.| Castilla, P.| Vernon-Carter, E.J.| Alvarez-Ramirez, J.",Universidad Autónoma Metropolitana,Mexico,0
55399527300,55399527300,On-line optimization of biomethane production in continuous AD processes via model-based ESC approach,"Lara-Cisneros, G.| Dochain, D.| Álvarez-Ramírez, J.",3.0,23990749200| 7004923382| 55399527300,2019.0,2019-11-01,Water Science and Technology,80,9,1725-1730,-,ISSN-02731223,19376.0,Journal,IWA Publishing,English,0.69,52,2.9,41,0.471,42,0.65,23.0,3.0,0.0,12.62,62.0,75.0,0.0,0.0,"Lara-Cisneros, G., Dochain, D., Álvarez-Ramírez, J. (2019).On-line optimization of biomethane production in continuous AD processes via model-based ESC approach. Water Science and Technology,80(9) 1725-1730",https://www.scopus.com/record/display.url?eid=2-s2.0-85079110065&origin=resultslist,10.2166/wst.2019.421,Article,Green,2-s2.0-85079110065,32039904,Université catholique de Louvain| Universidad Autónoma Metropolitana| Universidad Nacional Autónoma de México,303009| 505017| 505023,Academic,3.0,60172283| 60000874| 60028381,UNAM campus Juriquilla| UCLouvain| Universidad Autónoma Metropolitana -Unidad Iztapalapa,23990749200,55399527300,-,-,Belgium| Mexico,2.0,2305| 2312,Environmental Engineering| Water Science and Technology,2,Engineering & Technology,424,Environmental Sciences,37,Physical Sciences,MD,Multidisciplinary,MD,Multidisciplinary,-,Collective Control Systems in Robotic Networks,314,90.647,Extremum Seeking Control in Dynamic Systems,16777,85.539,Very Good,2019.0,3.0,N/A,"Lara-Cisneros, G.| Dochain, D.| Álvarez-Ramírez, J.",Université catholique de Louvain| Universidad Autónoma Metropolitana| Universidad Nacional Autónoma de México,Belgium| Mexico,0
55399527300,55399527300,Non-linear first-harmonic balance to compute the electrochemical impedance of butler-volmer equation,"Alvarez-Ramirez, J.| Vazquez-Arenas, J.| González, M.| Carrera-Tarela, Y.",4.0,55399527300| 56013705500| 57211589226| 57202785984,2018.0,2018-01-01,Journal of the Electrochemical Society,165,9,H517-H523,-,ISSN-00134651,25169.0,Journal,Electrochemical Society Inc.,English,0.93,34,6.2,11,1.138,10,0.87,32.0,3.0,0.16,12.84,63.0,67.0,0.0,0.0,"Alvarez-Ramirez, J., Vazquez-Arenas, J., González, M. and 1 more (...) (2018).Non-linear first-harmonic balance to compute the electrochemical impedance of butler-volmer equation. Journal of the Electrochemical Society,165(9) H517-H523",https://www.scopus.com/record/display.url?eid=2-s2.0-85049351294&origin=resultslist,10.1149/2.1091809jes,Article,,2-s2.0-85049351294,-,Consejo Nacional de Ciencia y Tecnologia Mexico| Universidad Autónoma Metropolitana,704696| 505017,Government| Academic,2.0,60028381| 60027998,"Universidad Autónoma Metropolitana -Unidad Iztapalapa| Secretaría de Ciencia, Humanidades, Tecnología e Innovación",55399527300,57202785984,55399527300,-,Mexico,1.0,1603| 2105| 2504| 2505| 2508| 3104,"Electrochemistry| Renewable Energy, Sustainability and the Environment| Electronic, Optical and Magnetic Materials| Materials Chemistry| Surfaces, Coatings and Films| Condensed Matter Physics",4| 2,Natural Sciences| Engineering & Technology,439| 221| 433| 409,Physics & Astronomy| Engineering - Electrical & Electronic| Materials Science| Chemistry,36| 37,Engineering| Physical Sciences,34| 40,Chemical Sciences| Engineering,3406| 4016,Physical chemistry| Materials engineering,-,Battery Management and Performance,927,97.188,Electrochemical Impedance Spectroscopy in Corrosion Studies,26016,75.34,Defensible,2018.0,3.0,N/A,"Alvarez-Ramirez, J.| Vazquez-Arenas, J.| González, M.| Carrera-Tarela, Y.",Consejo Nacional de Ciencia y Tecnologia Mexico| Universidad Autónoma Metropolitana,Mexico,0
55399527300,55399527300,Fractal correlations in the Covid-19 genome sequence via multivariate rescaled range analysis,"Meraz, M.| Carbó, R.| Rodriguez, E.| Alvarez-Ramirez, J.",4.0,6601910796| 7004310297| 35112460500| 55399527300,2023.0,2023-03-01,"Chaos, Solitons and Fractals",168,-,-,113132,ISSN-09600779,25347.0,Journal,Elsevier Ltd,English,1.75,8,13.2,2,1.349,9,0.89,11.0,3.0,0.38,7.79,49.0,55.0,0.0,0.0,"Meraz, M., Carbó, R., Rodriguez, E. and 1 more (...) (2023).Fractal correlations in the Covid-19 genome sequence via multivariate rescaled range analysis. Chaos, Solitons and Fractals,168",https://www.scopus.com/record/display.url?eid=2-s2.0-85146549995&origin=resultslist,10.1016/j.chaos.2023.113132,Article,,2-s2.0-85146549995,-,Universidad Autónoma Metropolitana| Instituto Nacional de Cardiologia Ignacio Chavez,505017| 505008,Government| Academic,2.0,60028381| 60010748,Universidad Autónoma Metropolitana -Unidad Iztapalapa| Instituto Nacional de Cardiologia Ignacio Chavez,6601910796,55399527300,35112460500,-,Mexico,1.0,2604| 2610| 3100| 3109,Applied Mathematics| Mathematical Physics| General Physics and Astronomy| Statistical and Nonlinear Physics,4,Natural Sciences,439| 431,Physics & Astronomy| Mathematics,37,Physical Sciences,46| 49| 40,Information And Computing Sciences| Mathematical Sciences| Engineering,-,-,SDG 3,"COVID-19, Its Impact, and Vaccination",1,99.935,SARS-CoV-2 Variants and Immune Response Dynamics,131,99.918,Definitive,2023.0,3.0,N/A,"Meraz, M.| Carbó, R.| Rodriguez, E.| Alvarez-Ramirez, J.",Universidad Autónoma Metropolitana| Instituto Nacional de Cardiologia Ignacio Chavez,Mexico,0
55399527300,55399527300,Upscaling diffusion waves in porous media,"Valdés-Parada, F.J.| Álvarez Ramírez, J.| Ochoa-Tapia, J.A.",3.0,35615110000| 55399527300| 56013836800,2016.0,2016-04-15,Physica A: Statistical Mechanics and its Applications,448,-,57-67,-,ISSN-03784371,29115.0,Journal,Elsevier B.V.,English,1.22,19,3.5,14,0.761,27,2.63,46.0,3.0,0.29,6.78,62.0,57.0,0.0,0.0,"Valdés-Parada, F.J., Álvarez Ramírez, J., Ochoa-Tapia, J.A. (2016).Upscaling diffusion waves in porous media. Physica A: Statistical Mechanics and its Applications,44857-67",https://www.scopus.com/record/display.url?eid=2-s2.0-84954117497&origin=resultslist,10.1016/j.physa.2015.12.025,Article,,2-s2.0-84954117497,-,Universidad Autónoma Metropolitana,505017,Academic,1.0,60028381,Universidad Autónoma Metropolitana -Unidad Iztapalapa,35615110000,56013836800,55399527300,-,Mexico,1.0,2613| 3104,Statistics and Probability| Condensed Matter Physics,4| 2,Natural Sciences| Engineering & Technology,439| 213| 431| 344,Physics & Astronomy| Data Science| Mathematics| Statistics & Operational Research,37,Physical Sciences,49,Mathematical Sciences,4902| 4901,Mathematical physics| Applied mathematics,-,Magnetohydrodynamic Effects in Heat Transfer Systems,119,94.637,Transport Phenomena in Porous Media Dynamics,24106,53.881,Very Good,2016.0,3.0,N/A,"Valdés-Parada, F.J.| Álvarez Ramírez, J.| Ochoa-Tapia, J.A.",Universidad Autónoma Metropolitana,Mexico,0
55399527300,55399527300,Singular value decomposition entropy of the standing matrix for quantifying competitiveness of soccer leagues,"Vernon-Carter, E.J.| Ochoa-Tapia, J.A.| Alvarez-Ramirez, J.",3.0,7004260997| 56013836800| 55399527300,2023.0,2023-09-01,Physica A: Statistical Mechanics and its Applications,625,-,-,129007,ISSN-03784371,29115.0,Journal,Elsevier B.V.,English,1.05,25,7.2,6,0.661,28,2.48,28.0,3.0,0.47,6.35,49.0,50.0,0.0,0.0,"Vernon-Carter, E.J., Ochoa-Tapia, J.A., Alvarez-Ramirez, J. (2023).Singular value decomposition entropy of the standing matrix for quantifying competitiveness of soccer leagues. Physica A: Statistical Mechanics and its Applications,625",https://www.scopus.com/record/display.url?eid=2-s2.0-85164692598&origin=resultslist,10.1016/j.physa.2023.129007,Article,,2-s2.0-85164692598,-,Universidad Autónoma Metropolitana,505017,Academic,1.0,60028381,Universidad Autónoma Metropolitana -Unidad Iztapalapa,7004260997,55399527300,55399527300,-,Mexico,1.0,2613| 3109,Statistics and Probability| Statistical and Nonlinear Physics,4| 2,Natural Sciences| Engineering & Technology,213| 439| 431| 344,Data Science| Physics & Astronomy| Mathematics| Statistics & Operational Research,37,Physical Sciences,49,Mathematical Sciences,4902| 4901,Mathematical physics| Applied mathematics,-,Dynamics of Financial Markets and Power Law,1053,21.975,Power Law Dynamics in Human Conflict and Structure,55651,45.624,Definitive,2023.0,3.0,N/A,"Vernon-Carter, E.J.| Ochoa-Tapia, J.A.| Alvarez-Ramirez, J.",Universidad Autónoma Metropolitana,Mexico,0
55399527300,55399527300,Nonlocal modeling of continuously stirred tank reactors with residence time distribution,"Ochoa-Tapia, J.A.| Alvarez-Ramirez, J.",2.0,56013836800| 55399527300,2024.0,2024-10-01,International Journal of Chemical Reactor Engineering,22,10,1199-1207,-,ISSN-21945748,130033.0,Journal,Walter de Gruyter GmbH,English,0.5,64,3.1,54,0.283,62,0.26,4.0,3.0,0.35,8.56,38.0,55.0,0.0,0.0,"Ochoa-Tapia, J.A., Alvarez-Ramirez, J. (2024).Nonlocal modeling of continuously stirred tank reactors with residence time distribution. International Journal of Chemical Reactor Engineering,22(10) 1199-1207",https://www.scopus.com/record/display.url?eid=2-s2.0-85213381682&origin=resultslist,10.1515/ijcre-2024-0154,Article,,2-s2.0-85213381682,-,Universidad Autónoma Metropolitana,505017,Academic,1.0,60028381,Universidad Autónoma Metropolitana -Unidad Iztapalapa,56013836800,55399527300,56013836800,-,Mexico,1.0,1500,General Chemical Engineering,2,Engineering & Technology,219,Engineering - Chemical,36,Engineering,40,Engineering,4004,Chemical engineering,-,Soot Formation and Reaction Mechanisms in Combustion,1106,40.615,Chlorinated Hydrocarbons in Combustion Processes,51986,3.564,Definitive,2024.0,3.0,N/A,"Ochoa-Tapia, J.A.| Alvarez-Ramirez, J.",Universidad Autónoma Metropolitana,Mexico,0
55399527300,55399527300,HURST EXPONENT ESTIMATION FOR SHORT-TIME SERIES BASED ON SINGULAR VALUE DECOMPOSITION ENTROPY,"Alvarez-Ramirez, J.| Rodriguez, E.| Castro, L.",3.0,55399527300| 35112460500| 58156755400,2023.0,2023-01-01,Fractals,31,9,-,2350132,ISSN-0218348X,28472.0,Journal,World Scientific,English,0.89,34,7.4,2,0.673,16,1.14,15.0,3.0,0.48,6.28,49.0,49.0,0.0,0.0,"Alvarez-Ramirez, J., Rodriguez, E., Castro, L. (2023).HURST EXPONENT ESTIMATION FOR SHORT-TIME SERIES BASED ON SINGULAR VALUE DECOMPOSITION ENTROPY. Fractals,31(9) ",https://www.scopus.com/record/display.url?eid=2-s2.0-85176598121&origin=resultslist,10.1142/S0218348X23501323,Article,,2-s2.0-85176598121,-,Universidad Autónoma Metropolitana,505017,Academic,1.0,60028381,Universidad Autónoma Metropolitana -Unidad Iztapalapa,55399527300,58156755400,35112460500,-,Mexico,1.0,2604| 2608| 2611,Applied Mathematics| Geometry and Topology| Modeling and Simulation,4,Natural Sciences,431,Mathematics,37,Physical Sciences,49,Mathematical Sciences,4901,Applied mathematics,-,Climate Variability and Tropical Cyclone Dynamics,14,91.956,El Niño-Southern Oscillation and Climate Variability Insights,1411,98.233,Definitive,2023.0,3.0,N/A,"Alvarez-Ramirez, J.| Rodriguez, E.| Castro, L.",Universidad Autónoma Metropolitana,Mexico,0
55399527300,55399527300,Fractality of Riopelle abstract expressionism paintings (1949–1953): A comparison with Pollock's paintings,"Alvarez-Ramirez, J.| Rodriguez, E.| Martinez-Martinez, F.| Echeverria, J.C.",4.0,55399527300| 35112460500| 57644677700| 7007145337,2019.0,2019-07-15,Physica A: Statistical Mechanics and its Applications,526,-,-,121131,ISSN-03784371,29115.0,Journal,Elsevier B.V.,English,1.19,22,4.4,9,0.712,30,1.32,28.0,2.0,0.0,8.51,67.0,75.0,0.0,0.0,"Alvarez-Ramirez, J., Rodriguez, E., Martinez-Martinez, F. and 1 more (...) (2019).Fractality of Riopelle abstract expressionism paintings (1949–1953): A comparison with Pollock's paintings. Physica A: Statistical Mechanics and its Applications,526",https://www.scopus.com/record/display.url?eid=2-s2.0-85064674343&origin=resultslist,10.1016/j.physa.2019.121131,Article,,2-s2.0-85064674343,-,Universidad Autónoma Metropolitana,505017,Academic,1.0,60028381,Universidad Autónoma Metropolitana -Unidad Iztapalapa,55399527300,7007145337,55399527300,-,Mexico,1.0,2613| 3104,Statistics and Probability| Condensed Matter Physics,4| 2,Natural Sciences| Engineering & Technology,213| 344| 431| 439,Data Science| Statistics & Operational Research| Mathematics| Physics & Astronomy,37,Physical Sciences,49,Mathematical Sciences,4902| 4901,Mathematical physics| Applied mathematics,-,"Image Segmentation, Deep Neural Networks and Object Detection",0,100,AI and Deep Learning in Art Classification,21859,89.561,Very Good,2019.0,2.0,N/A,"Alvarez-Ramirez, J.| Rodriguez, E.| Martinez-Martinez, F.| Echeverria, J.C.",Universidad Autónoma Metropolitana,Mexico,0
55399527300,55399527300,Solvatochromism of a silver-epoxy nanocomposite dispersed in organic solvents,"Sánchez-Tizapa, M.| Barrera-Calva, E.| Alvarez-Ramírez, J.| Rentería-Tapia, V.",4.0,56805268100| 55595436000| 55399527300| 24072036200,2022.0,2022-12-01,Hybrid Advances,1,-,-,100009,ISSN-2773207X,21101248991.0,Journal,Elsevier B.V.,English,-,-,-,-,-,-,0.04,1.0,2.0,0.13,15.33,63.0,73.0,0.0,0.0,"Sánchez-Tizapa, M., Barrera-Calva, E., Alvarez-Ramírez, J. and 1 more (...) (2022).Solvatochromism of a silver-epoxy nanocomposite dispersed in organic solvents. Hybrid Advances,1",https://www.scopus.com/record/display.url?eid=2-s2.0-85204736575&origin=resultslist,10.1016/j.hybadv.2022.100009,Article,Gold|Green,2-s2.0-85204736575,-,Universidad Autónoma Metropolitana| Universidad de Guadalajara,505017| 505019,Academic,2.0,60008943| 60028381,Universidad de Guadalajara| Universidad Autónoma Metropolitana -Unidad Iztapalapa,56805268100,24072036200,24072036200,-,Mexico,1.0,3110,Surfaces and Interfaces,4,Natural Sciences,439,Physics & Astronomy,37,Physical Sciences,-,-,-,-,-,Plasmonic Nanoparticles in Surface-Enhanced Spectroscopy,475,84.173,Plasmonic Nanoparticles in Synthesis and Application,821,98.107,Definitive,2022.0,2.0,N/A,"Sánchez-Tizapa, M.| Barrera-Calva, E.| Alvarez-Ramírez, J.| Rentería-Tapia, V.",Universidad Autónoma Metropolitana| Universidad de Guadalajara,Mexico,0
55399527300,55399527300,Self-optimising control for a class of continuous bioreactor via variable-structure feedback,"Lara-Cisneros, G.| Alvarez-Ramírez, J.| Femat, R.",3.0,23990749200| 55399527300| 55993675200,2016.0,2016-04-25,International Journal of Systems Science,47,6,1394-1406,-,ISSN-00207721,12419.0,Journal,Taylor and Francis Ltd.,English,1.3,16,4.4,16,0.778,24,0.77,18.0,2.0,0.12,8.65,67.0,67.0,0.0,0.0,"Lara-Cisneros, G., Alvarez-Ramírez, J., Femat, R. (2016).Self-optimising control for a class of continuous bioreactor via variable-structure feedback. International Journal of Systems Science,47(6) 1394-1406",https://www.scopus.com/record/display.url?eid=2-s2.0-85006132809&origin=resultslist,10.1080/00207721.2014.927967,Article,,2-s2.0-85006132809,-,Universidad Autonoma de Coahuila| Universidad Autónoma Metropolitana| Instituto Potosino de Investigacion Cientifica y Tecnologica,704861| 505017| 505043,Academic| Government,3.0,60019561| 60028381| 60002151,"Universidad Autónoma de Coahuila| Universidad Autónoma Metropolitana -Unidad Iztapalapa| Instituto Potosino de Investigación Científica y Tecnológica, A.C.",23990749200,55993675200,55993675200,-,Mexico,1.0,1706| 2207| 2614,Computer Science Applications| Control and Systems Engineering| Theoretical Computer Science,2,Engineering & Technology,213| 212,Data Science| Computer Science & Information Systems,38| 36| 37,Computer Science| Engineering| Physical Sciences,46| 49| 40,Information And Computing Sciences| Mathematical Sciences| Engineering,-,-,-,Collective Control Systems in Robotic Networks,314,90.647,Extremum Seeking Control in Dynamic Systems,16777,85.539,Defensible,2016.0,2.0,N/A,"Lara-Cisneros, G.| Alvarez-Ramírez, J.| Femat, R.",Universidad Autonoma de Coahuila| Universidad Autónoma Metropolitana| Instituto Potosino de Investigacion Cientifica y Tecnologica,Mexico,0
55399527300,55399527300,"Analysis of cooperative effects between activated carbons and acetylene black using electrochemical, rheological and textural characterizations to maximize supercapacitance","Manzano-Zavala, M.| Sosa-Rodríguez, F.S.| Vazquez-Arenas, J.| Alvarez-Ramirez, J.",4.0,57218627807| 36646751000| 56013705500| 55399527300,2024.0,2024-01-01,Next Energy,2,-,-,100074,ISSN-2949821X,21101267126.0,Journal,Elsevier B.V.,English,-,-,1.3,73,-,-,0.07,1.0,2.0,0.23,8.53,45.0,62.0,0.0,0.0,"Manzano-Zavala, M., Sosa-Rodríguez, F.S., Vazquez-Arenas, J. and 1 more (...) (2024).Analysis of cooperative effects between activated carbons and acetylene black using electrochemical, rheological and textural characterizations to maximize supercapacitance. Next Energy,2",https://www.scopus.com/record/display.url?eid=2-s2.0-105000166693&origin=resultslist,10.1016/j.nxener.2023.100074,Article,Gold|Green,2-s2.0-105000166693,-,Universidad Autónoma Metropolitana| Instituto Politécnico Nacional,505017| 505011,Academic,2.0,60028381| 60023193| 60014923| 60019176,Universidad Autónoma Metropolitana -Unidad Iztapalapa| Universidad Autónoma Metropolitana - Azcapotzalco| Universidad Autónoma Metropolitana| Instituto Politécnico Nacional,57218627807,55399527300,56013705500,-,Mexico,1.0,2101| 2504,"Energy (miscellaneous)| Electronic, Optical and Magnetic Materials",4| 2,Natural Sciences| Engineering & Technology,221| 249| 433,Engineering - Electrical & Electronic| Engineering - Petroleum| Materials Science,36,Engineering,-,-,-,-,-,High-Performance Supercapacitors with Advanced Materials,360,97.973,Sustainable Carbon Materials for Energy Storage Applications,217,99.912,Definitive,2024.0,2.0,N/A,"Manzano-Zavala, M.| Sosa-Rodríguez, F.S.| Vazquez-Arenas, J.| Alvarez-Ramirez, J.",Universidad Autónoma Metropolitana| Instituto Politécnico Nacional,Mexico,0
55399527300,55399527300,AR(p)-based detrended fluctuation analysis,"Alvarez-Ramirez, J.| Rodriguez, E.",2.0,55399527300| 35112460500,2018.0,2018-07-15,Physica A: Statistical Mechanics and its Applications,502,-,49-57,-,ISSN-03784371,29115.0,Journal,Elsevier B.V.,English,1.26,19,4,8,0.699,31,2.5,47.0,2.0,0.24,8.21,68.0,62.0,0.0,0.0,"Alvarez-Ramirez, J., Rodriguez, E. (2018).AR(p)-based detrended fluctuation analysis. Physica A: Statistical Mechanics and its Applications,50249-57",https://www.scopus.com/record/display.url?eid=2-s2.0-85042858361&origin=resultslist,10.1016/j.physa.2018.02.203,Article,,2-s2.0-85042858361,-,Universidad Autónoma Metropolitana,505017,Academic,1.0,60028381,Universidad Autónoma Metropolitana -Unidad Iztapalapa,55399527300,35112460500,55399527300,-,Mexico,1.0,2613| 3104,Statistics and Probability| Condensed Matter Physics,4| 2,Natural Sciences| Engineering & Technology,431| 344| 439| 213,Mathematics| Statistics & Operational Research| Physics & Astronomy| Data Science,37,Physical Sciences,49,Mathematical Sciences,4901| 4902,Applied mathematics| Mathematical physics,-,Dynamics of Financial Markets and Power Law,1053,21.975,Multifractal Dynamics in Financial and Environmental Systems,973,95.19,Definitive,2018.0,2.0,N/A,"Alvarez-Ramirez, J.| Rodriguez, E.",Universidad Autónoma Metropolitana,Mexico,0
55399527300,55399527300,In Vitro Digestibility and Physicochemical Properties of Huauzontle (Chenopodium nuttalliae) Starch,"López-Monterrubio, D.I.| Lobato-Calleros, C.| Vernon-Carter, E.J.| Alvarez-Ramirez, J.",4.0,57217079857| 6603090042| 7004260997| 55399527300,2023.0,2023-05-01,Starch/Staerke,75,5-6,-,2200206,ISSN-00389056,26489.0,Journal,John Wiley and Sons Inc,English,0.62,53,4.7,36,0.505,39,2.44,49.0,2.0,0.19,10.69,56.0,67.0,0.0,0.0,"López-Monterrubio, D.I., Lobato-Calleros, C., Vernon-Carter, E.J. and 1 more (...) (2023).In Vitro Digestibility and Physicochemical Properties of Huauzontle (Chenopodium nuttalliae) Starch. Starch/Staerke,75(5-6) ",https://www.scopus.com/record/display.url?eid=2-s2.0-85153203068&origin=resultslist,10.1002/star.202200206,Article,Bronze,2-s2.0-85153203068,-,Universidad Autónoma Metropolitana| Universidad Autonoma Chapingo,505017| 505047,Academic,2.0,60010597| 60028381,Universidad Autónoma Chapingo| Universidad Autónoma Metropolitana -Unidad Iztapalapa,57217079857,55399527300,6603090042,-,Mexico,1.0,1106| 1605,Food Science| Organic Chemistry,4| 5| 2,Natural Sciences| Life Sciences & Medicine| Engineering & Technology,409| 249| 502,Chemistry| Engineering - Petroleum| Agriculture & Forestry,37| 32,Physical Sciences| Life Sciences,40| 30,"Engineering| Agricultural, Veterinary And Food Sciences",3006| 4004,Food sciences| Chemical engineering,-,Starch Properties and Applications in Food Science,737,83.584,Esterification and Modification of Starch Properties,9921,96.74,Definitive,2023.0,2.0,N/A,"López-Monterrubio, D.I.| Lobato-Calleros, C.| Vernon-Carter, E.J.| Alvarez-Ramirez, J.",Universidad Autónoma Metropolitana| Universidad Autonoma Chapingo,Mexico,0
55399527300,55399527300,Recurrence Interval Analysis of the US Bitcoin Market,"Alvarez-Ramirez, J.",1.0,55399527300,2023.0,2023-08-01,Fluctuation and Noise Letters,22,4,-,2340005,ISSN-02194775,29428.0,Journal,World Scientific,English,0.54,60,2.9,18,0.245,69,1.33,15.0,1.0,0.17,5.73,65.0,69.0,0.0,0.0,"Alvarez-Ramirez, J. (2023).Recurrence Interval Analysis of the US Bitcoin Market. Fluctuation and Noise Letters,22(4) ",https://www.scopus.com/record/display.url?eid=2-s2.0-85153952272&origin=resultslist,10.1142/S0219477523400059,Article,,2-s2.0-85153952272,-,Universidad Autónoma Metropolitana,505017,Academic,1.0,60028381,Universidad Autónoma Metropolitana -Unidad Iztapalapa,-,-,55399527300,55399527300,Mexico,1.0,2600| 3100,General Mathematics| General Physics and Astronomy,4,Natural Sciences,431| 439,Mathematics| Physics & Astronomy,37,Physical Sciences,MD,Multidisciplinary,MD,Multidisciplinary,-,Blockchain Applications in Energy and Security Systems,431,99.281,Volatility and Prediction in Cryptocurrency Markets,2763,99.841,Definitive,2023.0,1.0,N/A,"Alvarez-Ramirez, J.",Universidad Autónoma Metropolitana,Mexico,0
55399527300,55399527300,A Fractional-Order Kinetics Approach for Modeling Enzymatic Starch Multiscale Digestion,"Alvarez-Ramirez, J.| Vernon-Carter, E.J.| Bello-Perez, L.A.",3.0,55399527300| 7004260997| 7003824557,2024.0,2024-05-01,Starch/Staerke,76,5-6,-,2300205,ISSN-00389056,26489.0,Journal,John Wiley and Sons Inc,English,0.66,51,5.9,28,0.535,38,1.87,26.0,1.0,0.14,6.91,56.0,67.0,0.0,0.0,"Alvarez-Ramirez, J., Vernon-Carter, E.J., Bello-Perez, L.A. (2024).A Fractional-Order Kinetics Approach for Modeling Enzymatic Starch Multiscale Digestion. Starch/Staerke,76(5-6) ",https://www.scopus.com/record/display.url?eid=2-s2.0-85180468265&origin=resultslist,10.1002/star.202300205,Article,Bronze,2-s2.0-85180468265,-,Universidad Autónoma Metropolitana| Instituto Politécnico Nacional,505017| 505011,Academic,2.0,60028381| 60019176,Universidad Autónoma Metropolitana -Unidad Iztapalapa| Instituto Politécnico Nacional,55399527300,7003824557,55399527300,-,Mexico,1.0,1106| 1605,Food Science| Organic Chemistry,4| 2| 5,Natural Sciences| Engineering & Technology| Life Sciences & Medicine,502| 249| 409,Agriculture & Forestry| Engineering - Petroleum| Chemistry,32| 37,Life Sciences| Physical Sciences,30| 40,"Agricultural, Veterinary And Food Sciences| Engineering",3006| 4004,Food sciences| Chemical engineering,-,Starch Properties and Applications in Food Science,737,83.584,Starch Properties and Applications in Food Science,99,99.766,Definitive,2024.0,1.0,N/A,"Alvarez-Ramirez, J.| Vernon-Carter, E.J.| Bello-Perez, L.A.",Universidad Autónoma Metropolitana| Instituto Politécnico Nacional,Mexico,0
55399527300,55399527300,Multiresolution Analysis of the US Stock Market Nonlinear Dynamics Based on Surrogate Data and Singular Value Decomposition,"Alvarez-Ramirez, J.",1.0,55399527300,2024.0,2024-10-01,Fluctuation and Noise Letters,23,5,-,2440053,ISSN-02194775,29428.0,Journal,World Scientific,English,0.51,63,2.9,17,0.243,68,0.47,4.0,1.0,0.28,3.54,56.0,58.0,0.0,0.0,"Alvarez-Ramirez, J. (2024).Multiresolution Analysis of the US Stock Market Nonlinear Dynamics Based on Surrogate Data and Singular Value Decomposition. Fluctuation and Noise Letters,23(5) ",https://www.scopus.com/record/display.url?eid=2-s2.0-85205916344&origin=resultslist,10.1142/S0219477524400534,Article,,2-s2.0-85205916344,-,Universidad Autónoma Metropolitana,505017,Academic,1.0,60028381,Universidad Autónoma Metropolitana -Unidad Iztapalapa,-,-,55399527300,55399527300,Mexico,1.0,2600| 3100,General Mathematics| General Physics and Astronomy,4,Natural Sciences,439| 431,Physics & Astronomy| Mathematics,37,Physical Sciences,MD,Multidisciplinary,MD,Multidisciplinary,-,Interconnections of Economic Growth and Environmental Impact,131,99.542,Nonlinear Autoregressive Models in Time Series Forecasting,15172,74.975,Definitive,2024.0,1.0,N/A,"Alvarez-Ramirez, J.",Universidad Autónoma Metropolitana,Mexico,0
55399527300,55399527300,A simple two-compartment model for analysis of feedback control of glucose regulation,"Martinez, F.| Rodriguez, E.| Vernon-Carter, E.J.| Alvarez-Ramirez, J.",4.0,57644677700| 35112460500| 7004260997| 55399527300,2022.0,2022-02-01,Biomedical Signal Processing and Control,72,-,-,103363,ISSN-17468094,4700152237.0,Journal,Elsevier Ltd,English,1.54,12,8.2,16,1.071,17,1.33,29.0,1.0,0.07,15.29,70.0,78.0,0.0,0.0,"Martinez, F., Rodriguez, E., Vernon-Carter, E.J. and 1 more (...) (2022).A simple two-compartment model for analysis of feedback control of glucose regulation. Biomedical Signal Processing and Control,72",https://www.scopus.com/record/display.url?eid=2-s2.0-85119067184&origin=resultslist,10.1016/j.bspc.2021.103363,Article,,2-s2.0-85119067184,-,Universidad Autónoma Metropolitana,505017,Academic,1.0,60028381,Universidad Autónoma Metropolitana -Unidad Iztapalapa,57644677700,55399527300,57644677700,-,Mexico,1.0,1711| 2718,Signal Processing| Health Informatics,2| 5,Engineering & Technology| Life Sciences & Medicine,212| 213| 532,Computer Science & Information Systems| Data Science| Medicine,34| 38,Medical and Health| Computer Science,30| 40,"Agricultural, Veterinary And Food Sciences| Engineering",4003| 3006,Biomedical engineering| Food sciences,SDG 3,Innovative Approaches in Diabetes Management and Monitoring,16,94.375,Artificial Pancreas Systems for Diabetes Management,2746,98.856,Very Good,2022.0,1.0,N/A,"Martinez, F.| Rodriguez, E.| Vernon-Carter, E.J.| Alvarez-Ramirez, J.",Universidad Autónoma Metropolitana,Mexico,0
55399527300,55399527300,A memory-based approach to modeling chemical reaction kinetics,"Vernon-Carter, E.J.| Alvarez-Ramirez, J.",2.0,7004260997| 55399527300,2024.0,2024-04-01,"Reaction Kinetics, Mechanisms and Catalysis",137,2,737-753,-,ISSN-18785190,19500157076.0,Journal,Springer Science and Business Media B.V.,English,0.52,62,3.3,66,0.363,63,1.45,18.0,1.0,0.12,8.59,56.0,68.0,0.0,0.0,"Vernon-Carter, E.J., Alvarez-Ramirez, J. (2024).A memory-based approach to modeling chemical reaction kinetics. Reaction Kinetics, Mechanisms and Catalysis,137(2) 737-753",https://www.scopus.com/record/display.url?eid=2-s2.0-85185101620&origin=resultslist,10.1007/s11144-024-02593-2,Article,,2-s2.0-85185101620,-,Universidad Autónoma Metropolitana,505017,Academic,1.0,60028381,Universidad Autónoma Metropolitana -Unidad Iztapalapa,7004260997,55399527300,55399527300,-,Mexico,1.0,1503| 1606,Catalysis| Physical and Theoretical Chemistry,2| 4,Engineering & Technology| Natural Sciences,409| 219| 249,Chemistry| Engineering - Chemical| Engineering - Petroleum,36| 37,Engineering| Physical Sciences,34,Chemical Sciences,3406,Physical chemistry,-,Starch Properties and Applications in Food Science,737,83.584,Starch Properties and Applications in Food Science,99,99.766,Definitive,2024.0,1.0,N/A,"Vernon-Carter, E.J.| Alvarez-Ramirez, J.",Universidad Autónoma Metropolitana,Mexico,0
55399527300,55399527300,Contribution of Nonlinear Dynamics to the Informational Efficiency of the Bitcoin Market,"Alvarez-Ramirez, J.| Castro, L.| Rodriguez, E.",3.0,55399527300| 58156755400| 35112460500,2023.0,2023-04-01,Fluctuation and Noise Letters,22,2,-,2350018,ISSN-02194775,29428.0,Journal,World Scientific,English,0.54,60,2.9,18,0.245,69,2.4,27.0,1.0,0.17,5.73,65.0,69.0,0.0,0.0,"Alvarez-Ramirez, J., Castro, L., Rodriguez, E. (2023).Contribution of Nonlinear Dynamics to the Informational Efficiency of the Bitcoin Market. Fluctuation and Noise Letters,22(2) ",https://www.scopus.com/record/display.url?eid=2-s2.0-85150777853&origin=resultslist,10.1142/S0219477523500189,Article,,2-s2.0-85150777853,-,Universidad Autónoma Metropolitana,505017,Academic,1.0,60028381,Universidad Autónoma Metropolitana -Unidad Iztapalapa,55399527300,35112460500,55399527300,-,Mexico,1.0,2600| 3100,General Mathematics| General Physics and Astronomy,4,Natural Sciences,431| 439,Mathematics| Physics & Astronomy,37,Physical Sciences,MD,Multidisciplinary,MD,Multidisciplinary,-,Blockchain Applications in Energy and Security Systems,431,99.281,Volatility and Prediction in Cryptocurrency Markets,2763,99.841,Definitive,2023.0,1.0,N/A,"Alvarez-Ramirez, J.| Castro, L.| Rodriguez, E.",Universidad Autónoma Metropolitana,Mexico,0
55399527300,55399527300,Time-Varying and Scale-Dependent Informational Efficiency of the European CO2 Emissions Market: An Analysis Based on Singular Value Decomposition Entropy,"Meraz, M.| Alvarez-Ramirez, J.| Rodriguez, E.| Castro, L.",4.0,6601910796| 55399527300| 35112460500| 58156755400,2023.0,2023-08-01,Fluctuation and Noise Letters,22,4,-,2340007,ISSN-02194775,29428.0,Journal,World Scientific,English,0.54,60,2.9,18,0.245,69,2.4,27.0,0.0,0.0,5.73,77.0,77.0,0.0,0.0,"Meraz, M., Alvarez-Ramirez, J., Rodriguez, E. and 1 more (...) (2023).Time-Varying and Scale-Dependent Informational Efficiency of the European CO2 Emissions Market: An Analysis Based on Singular Value Decomposition Entropy. Fluctuation and Noise Letters,22(4) ",https://www.scopus.com/record/display.url?eid=2-s2.0-85168944346&origin=resultslist,10.1142/S0219477523400072,Article,,2-s2.0-85168944346,-,Universidad Autónoma Metropolitana,505017,Academic,1.0,60028381,Universidad Autónoma Metropolitana -Unidad Iztapalapa,6601910796,58156755400,35112460500,-,Mexico,1.0,2600| 3100,General Mathematics| General Physics and Astronomy,4,Natural Sciences,439| 431,Physics & Astronomy| Mathematics,37,Physical Sciences,MD,Multidisciplinary,MD,Multidisciplinary,SDG 13,Climate Policy and Carbon Emission Dynamics,403,96.599,Carbon Emission Trading and Market Dynamics,3721,99.576,Definitive,2023.0,0.0,N/A,"Meraz, M.| Alvarez-Ramirez, J.| Rodriguez, E.| Castro, L.",Universidad Autónoma Metropolitana,Mexico,0
55399527300,55399527300,A bootstrap approach for the reliable estimation of digestible starch fractions from digestograms,"Vernon-Carter, E.J.| Bello-Perez, L.A.| Perez-Alonso, C.| Alvarez-Ramirez, J.",4.0,7004260997| 7003824557| 6507830886| 55399527300,2024.0,2024-06-01,Journal of Food Measurement and Characterization,18,6,4558-4570,-,ISSN-21934126,21100224010.0,Journal,Springer,English,0.9,36,6.3,20,0.693,26,1.3,24.0,0.0,0.0,8.37,70.0,70.0,0.0,0.0,"Vernon-Carter, E.J., Bello-Perez, L.A., Perez-Alonso, C. and 1 more (...) (2024).A bootstrap approach for the reliable estimation of digestible starch fractions from digestograms. Journal of Food Measurement and Characterization,18(6) 4558-4570",https://www.scopus.com/record/display.url?eid=2-s2.0-85191143942&origin=resultslist,10.1007/s11694-024-02514-w,Article,,2-s2.0-85191143942,-,Universidad Autónoma Metropolitana| Universidad Autonoma del Estado de Mexico| Instituto Politécnico Nacional,505017| 505051| 505011,Academic,3.0,60028381| 60019176| 60002281,Universidad Autónoma Metropolitana -Unidad Iztapalapa| Instituto Politécnico Nacional| Universidad Autónoma del Estado de México,7004260997,55399527300,55399527300,-,Mexico,1.0,1106| 1500| 2209| 2213,"Food Science| General Chemical Engineering| Industrial and Manufacturing Engineering| Safety, Risk, Reliability and Quality",2| 5,Engineering & Technology| Life Sciences & Medicine,222| 502| 249| 219,Engineering - Mechanical| Agriculture & Forestry| Engineering - Petroleum| Engineering - Chemical,32| 36,Life Sciences| Engineering,32| 30,"Biomedical And Clinical Sciences| Agricultural, Veterinary And Food Sciences",3008| 3006| 3210,Horticultural production| Food sciences| Nutrition and dietetics,-,Starch Properties and Applications in Food Science,737,83.584,Starch Properties and Applications in Food Science,99,99.766,Definitive,2024.0,0.0,N/A,"Vernon-Carter, E.J.| Bello-Perez, L.A.| Perez-Alonso, C.| Alvarez-Ramirez, J.",Universidad Autónoma Metropolitana| Universidad Autonoma del Estado de Mexico| Instituto Politécnico Nacional,Mexico,0
55399527300,55399527300,Theoretical analysis of the 12 min Cooper's test to estimate the maximal oxygen uptake rate,"Alvarez-Ramirez, J.| Rodriguez, E.",2.0,55399527300| 35112460500,2021.0,2021-08-01,Biomedical Signal Processing and Control,69,-,-,102885,ISSN-17468094,4700152237.0,Journal,Elsevier Ltd,English,1.82,9,6.9,19,1.211,16,1.25,35.0,0.0,0.0,15.68,82.0,79.0,0.0,0.0,"Alvarez-Ramirez, J., Rodriguez, E. (2021).Theoretical analysis of the 12 min Cooper's test to estimate the maximal oxygen uptake rate. Biomedical Signal Processing and Control,69",https://www.scopus.com/record/display.url?eid=2-s2.0-85108635074&origin=resultslist,10.1016/j.bspc.2021.102885,Article,,2-s2.0-85108635074,-,Universidad Autónoma Metropolitana,505017,Academic,1.0,60028381,Universidad Autónoma Metropolitana -Unidad Iztapalapa,55399527300,35112460500,55399527300,-,Mexico,1.0,1711| 2718,Signal Processing| Health Informatics,5| 2,Life Sciences & Medicine| Engineering & Technology,532| 212| 213,Medicine| Computer Science & Information Systems| Data Science,38| 34,Computer Science| Medical and Health,30| 40,"Agricultural, Veterinary And Food Sciences| Engineering",4003| 3006,Biomedical engineering| Food sciences,-,Enhancing Athletic Performance through Muscle and Gait Analysis,57,92.413,Mathematical Models in Sprint Performance Optimization,86536,37.214,Defensible,2021.0,0.0,N/A,"Alvarez-Ramirez, J.| Rodriguez, E.",Universidad Autónoma Metropolitana,Mexico,0
55399527300,55399527300,Multivariate Detrended Fluctuation Analysis of Symbolic Sequences,"Rodriguez, E.| Alvarez-Ramirez, J.| Carbó, R.",3.0,35112460500| 55399527300| 7004310297,2024.0,2024-08-01,Fluctuation and Noise Letters,23,4,-,2450042,ISSN-02194775,29428.0,Journal,World Scientific,English,0.51,63,2.9,17,0.243,68,1.07,9.0,0.0,0.0,3.54,70.0,70.0,0.0,0.0,"Rodriguez, E., Alvarez-Ramirez, J., Carbó, R. (2024).Multivariate Detrended Fluctuation Analysis of Symbolic Sequences. Fluctuation and Noise Letters,23(4) ",https://www.scopus.com/record/display.url?eid=2-s2.0-85190519155&origin=resultslist,10.1142/S0219477524500421,Article,,2-s2.0-85190519155,-,Universidad Autónoma Metropolitana| Instituto Nacional de Cardiologia Ignacio Chavez,505017| 505008,Government| Academic,2.0,60028381| 60010748,Universidad Autónoma Metropolitana -Unidad Iztapalapa| Instituto Nacional de Cardiologia Ignacio Chavez,35112460500,7004310297,35112460500,-,Mexico,1.0,2600| 3100,General Mathematics| General Physics and Astronomy,4,Natural Sciences,439| 431,Physics & Astronomy| Mathematics,37,Physical Sciences,MD,Multidisciplinary,MD,Multidisciplinary,-,Blockchain Applications in Energy and Security Systems,431,99.281,Volatility and Prediction in Cryptocurrency Markets,2763,99.841,Definitive,2024.0,0.0,N/A,"Rodriguez, E.| Alvarez-Ramirez, J.| Carbó, R.",Universidad Autónoma Metropolitana| Instituto Nacional de Cardiologia Ignacio Chavez,Mexico,0
55399527300,55399527300,A singular value decomposition approach for the derivation of the Michaelis-Menten equation,"Ochoa-Tapia, J.A.| Vernon-Carter, E.J.| Alvarez-Ramirez, J.",3.0,56013836800| 7004260997| 55399527300,2023.0,2023-01-01,Revista Mexicana de Ingeniera Quimica,22,3,-,Bio2366,ISSN-16652738,19900192431.0,Journal,Universidad Autonoma Metropolitana,English,0.36,74,3.6,50,0.266,61,0.33,7.0,0.0,0.0,13.01,77.0,77.0,0.0,0.0,"Ochoa-Tapia, J.A., Vernon-Carter, E.J., Alvarez-Ramirez, J. (2023).A singular value decomposition approach for the derivation of the Michaelis-Menten equation. Revista Mexicana de Ingeniera Quimica,22(3) ",https://www.scopus.com/record/display.url?eid=2-s2.0-85179737606&origin=resultslist,10.24275/rmiq/Bio2366,Article,Bronze,2-s2.0-85179737606,-,Universidad Autónoma Metropolitana,505017,Academic,1.0,60028381,Universidad Autónoma Metropolitana -Unidad Iztapalapa,56013836800,55399527300,55399527300,-,Mexico,1.0,1500,General Chemical Engineering,2,Engineering & Technology,219,Engineering - Chemical,36,Engineering,30| 31| 40,"Agricultural, Veterinary And Food Sciences| Biological Sciences| Engineering",3006| 4004| 3106,Food sciences| Chemical engineering| Industrial biotechnology,-,Synthetic Biology Models in Metabolic Engineering,560,70.7,Enzyme Kinetics and Modeling,16648,63.41,Definitive,2023.0,0.0,N/A,"Ochoa-Tapia, J.A.| Vernon-Carter, E.J.| Alvarez-Ramirez, J.",Universidad Autónoma Metropolitana,Mexico,0
