Autor,Autor_ID,Title,Authors,Number of Authors,Scopus Author Ids,Year,Full date,Scopus Source title,Volume,Issue,Pages,Article number,ISSN,Source ID,Source type,Publisher,Language,SNIP (publication year),SNIP percentile (publication year) *,CiteScore (publication year),CiteScore percentile (publication year) *,SJR (publication year),SJR percentile (publication year) *,Field-Weighted View Impact,Views,Citations,Field-Weighted Citation Impact,Field-Citation Average,"Outputs in Top Citation Percentiles, per percentile","Field-Weighted Outputs in Top Citation Percentiles, per percentile",Main patent families,Policy citations,Reference,Abstract,DOI,Publication type,Open Access,EID,PubMed ID,Institutions,Institution IDs,Sector,Number of Institutions,Scopus Affiliation IDs,Scopus Affiliation names,Scopus Author ID First Author,Scopus Author ID Last Author,Scopus Author ID Corresponding Author,Scopus Author ID Single Author,Country/Region,Number of Countries/Regions,All Science Journal Classification (ASJC) code,All Science Journal Classification (ASJC) field name,Quacquarelli Symonds (QS) Subject area code,Quacquarelli Symonds (QS) Subject area field name,Quacquarelli Symonds (QS) Subject code,Quacquarelli Symonds (QS) Subject field name,Times Higher Education (THE) code,Times Higher Education (THE) field name,ANZSRC FoR (2020) parent code,ANZSRC FoR (2020) parent name,ANZSRC FoR (2020) code,ANZSRC FoR (2020) name,Sustainable Development Goals (2025),Topic Cluster name,Topic Cluster number,Topic Cluster Prominence Percentile,Topic name,Topic number,Topic Prominence Percentile,Publication link to Topic strength,Año,Citas,Colaboracion,Autores,Instituciones,Regiones,Instituciones_Nacionales
7006056546,7006056546,"A Meta‐Analysis of Essential Oils Use for Beef Cattle Feed: Rumen Fermentation, Blood Metabolites, Meat Quality, Performance and, Environmental and Economic Impact","Orzuna‐orzuna, J.F.| Dorantes‐iturbide, G.| Lara‐bueno, A.| Miranda‐romero, L.A.| Mendoza‐martínez, G.D.| Santiago‐figueroa, I.",6.0,57222567499| 57222573559| 27667624300| 6507011991| 7006056546| 57208487912,2022.0,2022-06-01,Fermentation,8,6,-,254,ISSN-23115637,21100900055.0,Journal,MDPI,English,0.98,31,3.7,33,0.518,34,1.52,32.0,47.0,3.37,12.16,5.0,6.0,0.0,2.0,"Orzuna‐orzuna, J.F., Dorantes‐iturbide, G., Lara‐bueno, A. and 3 more (...) (2022).A Meta‐Analysis of Essential Oils Use for Beef Cattle Feed: Rumen Fermentation, Blood Metabolites, Meat Quality, Performance and, Environmental and Economic Impact. Fermentation,8(6) ",https://www.scopus.com/record/display.url?eid=2-s2.0-85131242772&origin=resultslist,10.3390/fermentation8060254,Article,Gold|Green,2-s2.0-85131242772,-,Universidad Autónoma Metropolitana| Universidad Autonoma Chapingo,505017| 505047,Academic,2.0,60010597| 60014923| 60010210,Universidad Autónoma Chapingo| Universidad Autónoma Metropolitana| Universidad Autónoma Metropolitana Unidad Xochimilco,57222567499,57208487912,27667624300,-,Mexico,1.0,1106| 1110| 1301,"Food Science| Plant Science| Biochemistry, Genetics and Molecular Biology (miscellaneous)",5,Life Sciences & Medicine,507| 502,Biological Sciences| Agriculture & Forestry,32,Life Sciences,31,Biological Sciences,3106,Industrial biotechnology,SDG 8,Methane Reduction through Feed Supplementation Strategies,104,78.417,Enhancing Rumen Function and Methane Reduction,9917,94.316,Very Good,2022.0,47.0,N/A,"Orzuna‐orzuna, J.F.| Dorantes‐iturbide, G.| Lara‐bueno, A.| Miranda‐romero, L.A.| Mendoza‐martínez, G.D.| Santiago‐figueroa, I.",Universidad Autónoma Metropolitana| Universidad Autonoma Chapingo,Mexico,0
7006056546,7006056546,"In Vitro Gas, Methane, and Carbon Dioxide Productions of High Fibrous Diet Incubated With Fecal Inocula From Horses in Response to the Supplementation With Different Live Yeast Additives","Elghandour, M.M.Y.| Kholif, A.E.| López, S.| Mendoza, G.D.| Odongo, N.E.| Salem, A.Z.M.",6.0,55549603900| 54794191200| 7202082224| 7006056546| 6506316938| 56589498600,2016.0,2016-03-01,Journal of Equine Veterinary Science,38,-,64-71,-,ISSN-07370806,18296.0,Journal,W.B. Saunders,English,0.73,45,1.4,50,0.43,44,1.59,81.0,42.0,3.48,4.88,13.0,6.0,0.0,0.0,"Elghandour, M.M.Y., Kholif, A.E., López, S. and 3 more (...) (2016).In Vitro Gas, Methane, and Carbon Dioxide Productions of High Fibrous Diet Incubated With Fecal Inocula From Horses in Response to the Supplementation With Different Live Yeast Additives. Journal of Equine Veterinary Science,3864-71",https://www.scopus.com/record/display.url?eid=2-s2.0-84960365682&origin=resultslist,10.1016/j.jevs.2015.12.010,Article,Green,2-s2.0-84960365682,-,CSIC-ULE - Institute for Mountain Stock Farming| CSIC| University of Leon| Universidad Autónoma Metropolitana| Universidad Autonoma del Estado de Mexico| National Research Center| Pwani University,715378| 312004| 312026| 505017| 505051| 104010| 706571,Government| Academic,7.0,60002281| 60014618| 60020657| 60103761| 60010210| 60107199,Universidad Autónoma del Estado de México| National Research Centre| Universidad de León| CSIC-ULE - Instituto de Ganadería de Montaña (IGM)| Universidad Autónoma Metropolitana Unidad Xochimilco| Pwani University,55549603900,56589498600,56589498600,-,Kenya| Mexico| Spain| Egypt,4.0,3402,Equine,5,Life Sciences & Medicine,546,Veterinary Science,32,Life Sciences,31| 30,"Biological Sciences| Agricultural, Veterinary And Food Sciences",3009| 3109,Veterinary sciences| Zoology,-,Equine Health Insights on Laminitis and Performance,1207,10.268,Microbial Dynamics and Digestive Efficiency in Equines,11802,80.371,Very Good,2016.0,42.0,N/A,"Elghandour, M.M.Y.| Kholif, A.E.| López, S.| Mendoza, G.D.| Odongo, N.E.| Salem, A.Z.M.",CSIC-ULE - Institute for Mountain Stock Farming| CSIC| University of Leon| Universidad Autónoma Metropolitana| Universidad Autonoma del Estado de Mexico| National Research Center| Pwani University,Kenya| Mexico| Spain| Egypt,0
7006056546,7006056546,Feeding interactions in an assemblage of terrestrial carnivores in central Mexico,"Gómez-Ortiz, Y.| Monroy-Vilchis, O.| Mendoza-Martínez, G.D.",3.0,55202078400| 14034649700| 7006056546,2015.0,2015-01-01,Zoological Studies,54,-,-,-,ISSN-10215506,24565.0,Journal,Academia Sinica,English,0.86,37,2.1,30,0.569,31,1.78,41.0,36.0,1.8,4.45,17.0,15.0,0.0,0.0,"Gómez-Ortiz, Y., Monroy-Vilchis, O., Mendoza-Martínez, G.D. (2015).Feeding interactions in an assemblage of terrestrial carnivores in central Mexico. Zoological Studies,54",https://www.scopus.com/record/display.url?eid=2-s2.0-84922382400&origin=resultslist,10.1186/s40555-014-0102-7,Article,Hybrid gold|Green,2-s2.0-84922382400,-,Universidad Autónoma Metropolitana| Universidad Autonoma del Estado de Mexico,505017| 505051,Academic,2.0,60002281| 60010210,Universidad Autónoma del Estado de México| Universidad Autónoma Metropolitana Unidad Xochimilco,55202078400,7006056546,14034649700,-,Mexico,1.0,1103,Animal Science and Zoology,5,Life Sciences & Medicine,502,Agriculture & Forestry,32,Life Sciences,31,Biological Sciences,3109| 3103,Zoology| Ecology,SDG 15,Conservation Strategies for Endangered Species Management,689,51.145,Conservation and Ecology of Neotropical Mammals,14100,88.533,Very Good,2015.0,36.0,N/A,"Gómez-Ortiz, Y.| Monroy-Vilchis, O.| Mendoza-Martínez, G.D.",Universidad Autónoma Metropolitana| Universidad Autonoma del Estado de Mexico,Mexico,0
7006056546,7006056546,Efficacy of fluralaner in 17 dogs with sarcoptic mange,"Romero, C.| Heredia, R.| Pineda, J.| Serrano, J.A.| Mendoza, G.D.| Trápala, P.| Cordero, A.M.",7.0,59662893700| 55419638100| 57191542945| 57191904492| 7006056546| 57191901473| 57191900268,2016.0,2016-10-01,Veterinary Dermatology,27,5,353-e88,-,ISSN-09594493,19518.0,Journal,Blackwell Publishing Ltd,English,0.99,29,2.9,15,0.832,14,1.61,42.0,36.0,3.1,3.55,16.0,7.0,9.0,0.0,"Romero, C., Heredia, R., Pineda, J. and 4 more (...) (2016).Efficacy of fluralaner in 17 dogs with sarcoptic mange. Veterinary Dermatology,27(5) 353-e88",https://www.scopus.com/record/display.url?eid=2-s2.0-84994589600&origin=resultslist,10.1111/vde.12363,Article,,2-s2.0-84994589600,27511592,Universidad Autónoma Metropolitana| Universidad Autonoma del Estado de Mexico,505017| 505051,Academic,2.0,60002281| 60010210| 118636630| 118637134,Universidad Autónoma del Estado de México| Universidad Autónoma Metropolitana Unidad Xochimilco| Clinica Veterinaria Alhaurin| VETDERM: Dermatología Veterinaria Especializada,59662893700,57191900268,59662893700,-,Mexico,1.0,3400,General Veterinary,5,Life Sciences & Medicine,546,Veterinary Science,32,Life Sciences,30,"Agricultural, Veterinary And Food Sciences",3009,Veterinary sciences,-,Parasite Dynamics in Livestock and Wildlife,670,54.48,Sarcoptes Scabiei and Its Impact on Animal Health,24596,76.271,Very Good,2016.0,36.0,N/A,"Romero, C.| Heredia, R.| Pineda, J.| Serrano, J.A.| Mendoza, G.D.| Trápala, P.| Cordero, A.M.",Universidad Autónoma Metropolitana| Universidad Autonoma del Estado de Mexico,Mexico,0
7006056546,7006056546,"Lactation curves and body weight changes of Alpine, Saanen and Anglo-Nubian goats as well as pre-weaning growth of their kids","Rojo-Rubio, R.| Kholif, A.E.| Salem, A.Z.M.| Mendoza, G.D.| Elghandour, M.M.M.Y.| Vazquez-Armijo, J.F.| Lee-Rangel, H.",7.0,9436627300| 54794191200| 56589498600| 7006056546| 55549603900| 26536891600| 52364351900,2016.0,2016-01-01,Journal of Applied Animal Research,44,1,331-337,-,ISSN-09712119,22533.0,Journal,Taylor and Francis Ltd.,English,0.58,57,1,49,0.294,48,2.86,64.0,35.0,2.51,3.98,16.0,10.0,0.0,1.0,"Rojo-Rubio, R., Kholif, A.E., Salem, A.Z.M. and 4 more (...) (2016).Lactation curves and body weight changes of Alpine, Saanen and Anglo-Nubian goats as well as pre-weaning growth of their kids. Journal of Applied Animal Research,44(1) 331-337",https://www.scopus.com/record/display.url?eid=2-s2.0-84947490424&origin=resultslist,10.1080/09712119.2015.1031790,Article,Green,2-s2.0-84947490424,-,Universidad Autónoma Metropolitana| Universidad Autonoma de San Luis Potosi| Universidad Autonoma del Estado de Mexico| National Research Center,505017| 505014| 505051| 104010,Government| Academic,4.0,60002281| 60014618| 60010210| 60031335,Universidad Autónoma del Estado de México| National Research Centre| Universidad Autónoma Metropolitana Unidad Xochimilco| Universidad Autónoma de San Luis Potosí,9436627300,52364351900,56589498600,-,Mexico| Egypt,2.0,1103| 3400,Animal Science and Zoology| General Veterinary,5,Life Sciences & Medicine,502| 546,Agriculture & Forestry| Veterinary Science,32,Life Sciences,31| 30,"Biological Sciences| Agricultural, Veterinary And Food Sciences",3003| 3109| 3009,Animal production| Zoology| Veterinary sciences,-,Genetic Traits and Production in Livestock,1340,10.464,Genetic Insights into Milk Yield and Lactation Dynamics,12479,70.653,Defensible,2016.0,35.0,N/A,"Rojo-Rubio, R.| Kholif, A.E.| Salem, A.Z.M.| Mendoza, G.D.| Elghandour, M.M.M.Y.| Vazquez-Armijo, J.F.| Lee-Rangel, H.",Universidad Autónoma Metropolitana| Universidad Autonoma de San Luis Potosi| Universidad Autonoma del Estado de Mexico| National Research Center,Mexico| Egypt,0
7006056546,7006056546,"Performance of crossbred dairy Friesian calves fed two levels of Saccharomyces cerevisiae: Intake, digestion, ruminal fermentation, blood parameters and faecal pathogenic bacteria","Hassan, A.A.| Salem, A.Z.M.| Kholif, A.E.| Samir, M.| Yacout, M.H.| Hafsa, S.H.A.| Mendoza, G.D.| Elghandour, M.M.Y.| Ayala, M.| Lopez, S.",10.0,56107279000| 56589498600| 54794191200| 59785987600| 58995136200| 56644708600| 7006056546| 55549603900| 56343212900| 7202082224,2016.0,2016-11-01,Journal of Agricultural Science,154,8,1488-1498,-,ISSN-00218596,31004.0,Journal,Cambridge University Press,English,1.08,25,2.5,23,0.547,31,2.08,64.0,35.0,1.51,6.62,16.0,19.0,0.0,0.0,"Hassan, A.A., Salem, A.Z.M., Kholif, A.E. and 7 more (...) (2016).Performance of crossbred dairy Friesian calves fed two levels of Saccharomyces cerevisiae: Intake, digestion, ruminal fermentation, blood parameters and faecal pathogenic bacteria. Journal of Agricultural Science,154(8) 1488-1498",https://www.scopus.com/record/display.url?eid=2-s2.0-84994765335&origin=resultslist,10.1017/S0021859616000599,Article,Bronze,2-s2.0-84994765335,-,"City for Scientific Research and Technology Applications| Agricultural Research Center, Giza| CSIC-ULE - Institute for Mountain Stock Farming| CSIC| University of Leon| Universidad Autónoma Metropolitana| Universidad Autonoma del Estado de Hidalgo| Universidad Autonoma del Estado de Mexico| National Research Center| Ministry of Agriculture and Land Reclamation, Egypt",701023| 104022| 715378| 312004| 312026| 505017| 505050| 505051| 104010| 701367,Academic| Government,10.0,60274437| 60004370| 60002281| 60014618| 60273729| 60032860| 60010210| 60027135| 60103761| 60020657,"Animal Production Research Institute (APRI)| Egyptian Ministry of Agriculture, Cairo| Universidad Autónoma del Estado de México| National Research Centre| Arid Lands Cultivation Research Institute| City of Scientific Research and Technological Applications| Universidad Autónoma Metropolitana Unidad Xochimilco| Universidad Autónoma del Estado de Hidalgo| CSIC-ULE - Instituto de Ganadería de Montaña (IGM)| Universidad de León",56107279000,7202082224,56589498600,-,Mexico| Spain| Egypt,3.0,1102| 1103| 1311,Agronomy and Crop Science| Animal Science and Zoology| Genetics,5,Life Sciences & Medicine,502| 507,Agriculture & Forestry| Biological Sciences,32,Life Sciences,30,"Agricultural, Veterinary And Food Sciences",-,-,-,Methane Reduction through Feed Supplementation Strategies,104,78.417,Probiotic Yeast Influence on Ruminant Nutrition,12918,89.078,Very Good,2016.0,35.0,N/A,"Hassan, A.A.| Salem, A.Z.M.| Kholif, A.E.| Samir, M.| Yacout, M.H.| Hafsa, S.H.A.| Mendoza, G.D.| Elghandour, M.M.Y.| Ayala, M.| Lopez, S.","City for Scientific Research and Technology Applications| Agricultural Research Center, Giza| CSIC-ULE - Institute for Mountain Stock Farming| CSIC| University of Leon| Universidad Autónoma Metropolitana| Universidad Autonoma del Estado de Hidalgo| Universidad Autonoma del Estado de Mexico| National Research Center| Ministry of Agriculture and Land Reclamation, Egypt",Mexico| Spain| Egypt,0
7006056546,7006056546,"In vitro ruminal fermentation of glycerol, propylene glycol and molasses combined with forages and their effect on glucose and insulin blood plasma concentrations after an oral drench in sheep","Ferraro, S.M.| Mendoza, G.D.| Miranda, L.A.| Gutiérrez, C.G.",4.0,24400846900| 7006056546| 12753806000| 55802371707,2016.0,2016-03-01,Animal Feed Science and Technology,213,-,74-80,-,ISSN-03778401,62303.0,Journal,Elsevier,English,1.39,14,2.9,19,0.912,14,1.61,34.0,32.0,2.65,4.53,18.0,9.0,0.0,0.0,"Ferraro, S.M., Mendoza, G.D., Miranda, L.A. and 1 more (...) (2016).In vitro ruminal fermentation of glycerol, propylene glycol and molasses combined with forages and their effect on glucose and insulin blood plasma concentrations after an oral drench in sheep. Animal Feed Science and Technology,21374-80",https://www.scopus.com/record/display.url?eid=2-s2.0-84957429103&origin=resultslist,10.1016/j.anifeedsci.2016.01.010,Article,,2-s2.0-84957429103,-,Universidad Autónoma Metropolitana| Universidad Autonoma Chapingo| Universidad Nacional Autónoma de México,505017| 505047| 505023,Academic,3.0,60010210| 60010597| 60032442,Universidad Autónoma Metropolitana Unidad Xochimilco| Universidad Autónoma Chapingo| Universidad Nacional Autónoma de México,24400846900,55802371707,24400846900,-,Mexico,1.0,1103,Animal Science and Zoology,5,Life Sciences & Medicine,502,Agriculture & Forestry,32,Life Sciences,30,"Agricultural, Veterinary And Food Sciences",3003,Animal production,-,Methane Reduction through Feed Supplementation Strategies,104,78.417,Glycerol Utilization in Animal Nutrition and Production,32059,59.352,Very Good,2016.0,32.0,N/A,"Ferraro, S.M.| Mendoza, G.D.| Miranda, L.A.| Gutiérrez, C.G.",Universidad Autónoma Metropolitana| Universidad Autonoma Chapingo| Universidad Nacional Autónoma de México,Mexico,0
7006056546,7006056546,Application of an Electronic Nose and HS-SPME/GC-MS to Determine Volatile Organic Compounds in Fresh Mexican Cheese,"Lee-Rangel, H.A.| Mendoza-Martinez, G.D.| de León-Martínez, L.D.| Relling, A.E.| Vazquez-Valladolid, A.| Palacios-Martínez, M.| Hernández-García, P.A.| Chay-Canul, A.J.| Flores-Ramirez, R.| Roque-Jiménez, J.A.",10.0,52364351900| 7006056546| 57219531249| 22954293800| 57218406746| 56278764700| 7202206930| 56013716200| 59055130900| 57217288094,2022.0,2022-07-01,Foods,11,13,-,1887,ISSN-23048158,21100898636.0,Journal,MDPI,English,1.31,17,5.8,3,0.771,18,2.24,50.0,31.0,2.56,10.54,9.0,9.0,0.0,0.0,"Lee-Rangel, H.A., Mendoza-Martinez, G.D., de León-Martínez, L.D. and 7 more (...) (2022).Application of an Electronic Nose and HS-SPME/GC-MS to Determine Volatile Organic Compounds in Fresh Mexican Cheese. Foods,11(13) ",https://www.scopus.com/record/display.url?eid=2-s2.0-85133238224&origin=resultslist,10.3390/foods11131887,Article,Gold|Green,2-s2.0-85133238224,-,Universidad Autónoma Metropolitana| Universidad Autonoma de San Luis Potosi| Ohio State University| Universidad Autonoma del Estado de Mexico| Universidad Juarez Autonoma de Tabasco,505017| 505014| 508179| 505051| 705961,Academic,5.0,60031335| 60010210| 60013499| 60003500| 60002281| 60025378,Universidad Autónoma de San Luis Potosí| Universidad Autónoma Metropolitana Unidad Xochimilco| Ohio Agricultural Research and Development Center| The Ohio State University| Universidad Autónoma del Estado de México| Universidad Juárez Autónoma de Tabasco,52364351900,57217288094,7006056546| 57217288094,-,Mexico| United States,2.0,1106| 1110| 2404| 3306| 3601,Food Science| Plant Science| Microbiology| Health (social science)| Health Professions (miscellaneous),5| 3,Life Sciences & Medicine| Social Sciences & Management,507| 502,Biological Sciences| Agriculture & Forestry,32| 40| 34,Life Sciences| Social Sciences| Medical and Health,31| 30,"Biological Sciences| Agricultural, Veterinary And Food Sciences",3006| 3106,Food sciences| Industrial biotechnology,-,Bacteriophage Applications in Food Safety and Health,491,85.546,Volatile Compounds in Cheese Ripening Processes,10607,91.502,Defensible,2022.0,31.0,N/A,"Lee-Rangel, H.A.| Mendoza-Martinez, G.D.| de León-Martínez, L.D.| Relling, A.E.| Vazquez-Valladolid, A.| Palacios-Martínez, M.| Hernández-García, P.A.| Chay-Canul, A.J.| Flores-Ramirez, R.| Roque-Jiménez, J.A.",Universidad Autónoma Metropolitana| Universidad Autonoma de San Luis Potosi| Ohio State University| Universidad Autonoma del Estado de Mexico| Universidad Juarez Autonoma de Tabasco,Mexico| United States,0
7006056546,7006056546,"Jaguar (Panthera onca) and puma (Puma concolor) diets in Quintana Roo, Mexico","Ávila-Nájera, D.M.| Palomares, F.| Chávez, C.| Tigar, B.| Mendoza, G.D.",5.0,53983764100| 56512553700| 56013690100| 6602117447| 7006056546,2018.0,2018-01-01,Animal Biodiversity and Conservation,41,2,257-266,-,ISSN-1578665X,24581.0,Journal,Museu de Ciencies Naturals de Barcelona,English,0.34,75,1.2,60,0.288,61,2.45,66.0,29.0,1.74,6.89,19.0,16.0,0.0,0.0,"Ávila-Nájera, D.M., Palomares, F., Chávez, C. and 2 more (...) (2018).Jaguar (Panthera onca) and puma (Puma concolor) diets in Quintana Roo, Mexico. Animal Biodiversity and Conservation,41(2) 257-266",https://www.scopus.com/record/display.url?eid=2-s2.0-85041712934&origin=resultslist,10.32800/abc.2018.41.0257,Article,Gold|Green,2-s2.0-85041712934,-,CSIC| Universidad Autónoma Metropolitana| University of Central Lancashire| CSIC - Doñana Biological Station,312004| 505017| 315069| 714794,Government| Academic,4.0,60010210| 60006627| 60112837| 60031259,Universidad Autónoma Metropolitana Unidad Xochimilco| CSIC - Estación Biológica de Doñana (EBD)| Universidad Autónoma Metropolitana-Lerma| University of Central Lancashire,53983764100,7006056546,7006056546,-,United Kingdom| Spain| Mexico,3.0,1103| 2309,Animal Science and Zoology| Nature and Landscape Conservation,3| 5,Social Sciences & Management| Life Sciences & Medicine,502| 424,Agriculture & Forestry| Environmental Sciences,37| 32,Physical Sciences| Life Sciences,30| 31| 41,"Agricultural, Veterinary And Food Sciences| Biological Sciences| Environmental Sciences",-,-,SDG 15,Conservation Strategies for Endangered Species Management,689,51.145,Conservation Strategies for Jaguars and Pumas,24074,69.701,Very Good,2018.0,29.0,N/A,"Ávila-Nájera, D.M.| Palomares, F.| Chávez, C.| Tigar, B.| Mendoza, G.D.",CSIC| Universidad Autónoma Metropolitana| University of Central Lancashire| CSIC - Doñana Biological Station,United Kingdom| Spain| Mexico,0
7006056546,7006056546,Effect of herbal choline and rumen-protected methionine on lamb performance and blood metabolites,"Rodríguez-Guerrero, V.| Lizarazo, A.C.| Ferraro, S.| Suárez, N.| Miranda, L.A.| Mendoza, G.D.",6.0,25230525600| 57202080899| 24400846900| 57202223453| 12753806000| 7006056546,2018.0,2018-01-01,South African Journal of Animal Science,48,3,427-434,-,ISSN-03751589,54988.0,Journal,South African Bureau for Scientific Publications,English,0.7,50,1.3,57,0.317,59,2.0,52.0,27.0,2.14,5.62,20.0,12.0,0.0,0.0,"Rodríguez-Guerrero, V., Lizarazo, A.C., Ferraro, S. and 3 more (...) (2018).Effect of herbal choline and rumen-protected methionine on lamb performance and blood metabolites. South African Journal of Animal Science,48(3) 427-434",https://www.scopus.com/record/display.url?eid=2-s2.0-85047460944&origin=resultslist,10.4314/sajas.v48i3.3,Article,Gold,2-s2.0-85047460944,-,Universidad Autónoma Metropolitana| Universidad Autonoma de San Luis Potosi| Universidad Autonoma Chapingo| Universidad Nacional Autónoma de México,505017| 505014| 505047| 505023,Academic,4.0,60010210| 60032442| 60031335| 60010597,Universidad Autónoma Metropolitana Unidad Xochimilco| Universidad Nacional Autónoma de México| Universidad Autónoma de San Luis Potosí| Universidad Autónoma Chapingo,25230525600,7006056546,57202080899,-,Mexico,1.0,1103,Animal Science and Zoology,5,Life Sciences & Medicine,502,Agriculture & Forestry,32,Life Sciences,30,"Agricultural, Veterinary And Food Sciences",3003,Animal production,-,Reproductive Efficiency in Dairy and Meat Production,906,31.001,Choline Supplementation Effects on Dairy Cows,70208,71.814,Very Good,2018.0,27.0,N/A,"Rodríguez-Guerrero, V.| Lizarazo, A.C.| Ferraro, S.| Suárez, N.| Miranda, L.A.| Mendoza, G.D.",Universidad Autónoma Metropolitana| Universidad Autonoma de San Luis Potosi| Universidad Autonoma Chapingo| Universidad Nacional Autónoma de México,Mexico,0
7006056546,7006056546,Genetic diversity and genetic structure of an endemic Mexican Dusky Rattlesnake (Crotalus triseriatus) in a highly modified agricultural landscape: implications for conservation,"Sunny, A.| Monroy-Vilchis, O.| Zarco-González, M.M.| Mendoza-Martínez, G.D.| Martínez-Gómez, D.",5.0,55810400500| 14034649700| 24448776100| 7006056546| 55556603400,2015.0,2015-12-01,Genetica,143,6,705-716,-,ISSN-00166707,22171.0,Journal,Springer International Publishing,English,0.65,52,2,32,0.64,26,1.7,42.0,27.0,0.95,6.34,22.0,30.0,0.0,0.0,"Sunny, A., Monroy-Vilchis, O., Zarco-González, M.M. and 2 more (...) (2015).Genetic diversity and genetic structure of an endemic Mexican Dusky Rattlesnake (Crotalus triseriatus) in a highly modified agricultural landscape: implications for conservation. Genetica,143(6) 705-716",https://www.scopus.com/record/display.url?eid=2-s2.0-84946496267&origin=resultslist,10.1007/s10709-015-9868-8,Article,Green,2-s2.0-84946496267,26497875,Universidad Autónoma Metropolitana| Universidad Autonoma del Estado de Mexico,505017| 505051,Academic,2.0,60002281| 60010210,Universidad Autónoma del Estado de México| Universidad Autónoma Metropolitana Unidad Xochimilco,55810400500,55556603400,14034649700,-,Mexico,1.0,1103| 1109| 1110| 1311,Animal Science and Zoology| Insect Science| Plant Science| Genetics,5,Life Sciences & Medicine,502| 507,Agriculture & Forestry| Biological Sciences,32,Life Sciences,31,Biological Sciences,3105,Genetics,SDG 15,Genetic Diversity and Evolutionary Insights Across Species,10,80.706,Genetic Structure and Landscape Connectivity Insights,18267,83.484,Defensible,2015.0,27.0,N/A,"Sunny, A.| Monroy-Vilchis, O.| Zarco-González, M.M.| Mendoza-Martínez, G.D.| Martínez-Gómez, D.",Universidad Autónoma Metropolitana| Universidad Autonoma del Estado de Mexico,Mexico,0
7006056546,7006056546,"Polyherbal feed additive for lambs: effects on performance, blood biochemistry and biometry","Razo Ortiz, P.B.| Mendoza Martinéz, G.D.| Silva, G.V.| Osorio Teran, A.I.| González Sánchez, J.F.| Hernández García, P.A.| de la Torre Hérnandez, M.E.| Espinosa Ayala, E.",8.0,57218825458| 7006056546| 57215830126| 57194510538| 55883149300| 7202206930| 56598091900| 16241215200,2020.0,2020-01-01,Journal of Applied Animal Research,48,1,419-424,-,ISSN-09712119,22533.0,Journal,Taylor and Francis Ltd.,English,1.14,25,3.1,16,0.529,31,0.78,25.0,23.0,1.84,5.97,21.0,14.0,0.0,0.0,"Razo Ortiz, P.B., Mendoza Martinéz, G.D., Silva, G.V. and 5 more (...) (2020).Polyherbal feed additive for lambs: effects on performance, blood biochemistry and biometry. Journal of Applied Animal Research,48(1) 419-424",https://www.scopus.com/record/display.url?eid=2-s2.0-85090361193&origin=resultslist,10.1080/09712119.2020.1814786,Article,Gold|Green,2-s2.0-85090361193,-,Universidad Autónoma Metropolitana| Universidad Autonoma del Estado de Mexico,505017| 505051,Academic,2.0,60010210| 60002281,Universidad Autónoma Metropolitana Unidad Xochimilco| Universidad Autónoma del Estado de México,57218825458,16241215200,7202206930,-,Mexico,1.0,1103| 3400,Animal Science and Zoology| General Veterinary,5,Life Sciences & Medicine,502| 546,Agriculture & Forestry| Veterinary Science,32,Life Sciences,31| 30,"Biological Sciences| Agricultural, Veterinary And Food Sciences",3109| 3003| 3009,Zoology| Animal production| Veterinary sciences,-,Methane Reduction through Feed Supplementation Strategies,104,78.417,Enhancing Rumen Function and Methane Reduction,9917,94.316,Very Good,2020.0,23.0,N/A,"Razo Ortiz, P.B.| Mendoza Martinéz, G.D.| Silva, G.V.| Osorio Teran, A.I.| González Sánchez, J.F.| Hernández García, P.A.| de la Torre Hérnandez, M.E.| Espinosa Ayala, E.",Universidad Autónoma Metropolitana| Universidad Autonoma del Estado de Mexico,Mexico,0
7006056546,7006056546,Supplementation with rumen-protected L-arginine-HCl increased fertility in sheep with synchronized estrus,"Ruiz de Chávez, J.A.| Guzmán, A.| Zamora-Gutiérrez, D.| Mendoza, G.D.| Melgoza, L.M.| Montes, S.| Rosales-Torres, A.M.",7.0,57190882732| 56435568900| 56653489500| 7006056546| 7801520196| 7003956100| 7005330981,2015.0,2015-08-27,Tropical Animal Health and Production,47,6,1067-1073,-,ISSN-00494747,18937.0,Journal,Kluwer Academic Publishers,English,1.06,26,2.1,31,0.627,27,1.37,42.0,22.0,0.65,4.6,26.0,40.0,0.0,0.0,"Ruiz de Chávez, J.A., Guzmán, A., Zamora-Gutiérrez, D. and 4 more (...) (2015).Supplementation with rumen-protected L-arginine-HCl increased fertility in sheep with synchronized estrus. Tropical Animal Health and Production,47(6) 1067-1073",https://www.scopus.com/record/display.url?eid=2-s2.0-84938951399&origin=resultslist,10.1007/s11250-015-0833-4,Article,,2-s2.0-84938951399,25991464,Universidad Autónoma Metropolitana| Instituto Nacional de Neurologia y Neurocirugia,505017| 505040,Government| Academic,2.0,60010210| 60000029,Universidad Autónoma Metropolitana Unidad Xochimilco| Instituto Nacional de Neurología y Neurocirugía,57190882732,7005330981,7005330981,-,Mexico,1.0,1103| 3403,Animal Science and Zoology| Food Animals,5,Life Sciences & Medicine,546| 502,Veterinary Science| Agriculture & Forestry,32,Life Sciences,30,"Agricultural, Veterinary And Food Sciences",3003| 3009,Animal production| Veterinary sciences,-,Optimizing Poultry Production and Welfare Strategies,1037,49.836,Amino Acid Supplementation in Piglet Growth,11886,90.253,Very Good,2015.0,22.0,N/A,"Ruiz de Chávez, J.A.| Guzmán, A.| Zamora-Gutiérrez, D.| Mendoza, G.D.| Melgoza, L.M.| Montes, S.| Rosales-Torres, A.M.",Universidad Autónoma Metropolitana| Instituto Nacional de Neurologia y Neurocirugia,Mexico,0
7006056546,7006056546,Nutraceutic effect of free condensed tannins of Lysiloma acapulcensis (Kunth) benth on parasite infection and performance of Pelibuey sheep,"García-Hernández, C.| Arece-García, J.| Rojo-Rubio, R.| Mendoza-Martínez, G.D.| Albarrán-Portillo, B.| Vázquez-Armijo, J.F.| Avendaño-Reyes, L.| Olmedo-Juárez, A.| Marie-Magdeleine, C.| López-Leyva, Y.",10.0,57191481134| 18436046600| 9436627300| 7006056546| 6506929738| 26536891600| 57207497251| 55177191700| 25932244800| 56405491000,2017.0,2017-01-01,Tropical Animal Health and Production,49,1,55-61,-,ISSN-00494747,18937.0,Journal,Springer Netherlands,English,0.92,34,1.9,39,0.511,35,1.07,45.0,22.0,2.1,5.23,25.0,12.0,0.0,0.0,"García-Hernández, C., Arece-García, J., Rojo-Rubio, R. and 7 more (...) (2017).Nutraceutic effect of free condensed tannins of Lysiloma acapulcensis (Kunth) benth on parasite infection and performance of Pelibuey sheep. Tropical Animal Health and Production,49(1) 55-61",https://www.scopus.com/record/display.url?eid=2-s2.0-84991020717&origin=resultslist,10.1007/s11250-016-1157-8,Article,Green,2-s2.0-84991020717,27718107,"Universidad Autonoma de Baja California| Instituto Nacional de Investigaciones Forestales, Agricolas y Pecuarias| Universidad Autónoma Metropolitana| INRAE| Universidad Autonoma del Estado de Mexico| Universidad de Matanzas Camilo Cienfuegos",505046| 505038| 505017| 314023| 505051| 717984,Academic| Government,6.0,60002281| 60069781| 60010210| 60005618| 60017983| 60072540| 60123163,"Universidad Autónoma del Estado de México| University of Matanzas| Universidad Autónoma Metropolitana Unidad Xochimilco| Universidad Autónoma de Baja California| Instituto Nacional de Investigaciones Forestales, Agricolas y Pecuarias| Unité de Recherches Zootechniques (URZ)| INRAE",57191481134,56405491000,9436627300,-,Mexico| Cuba| France,3.0,1103| 3403,Animal Science and Zoology| Food Animals,5,Life Sciences & Medicine,502| 546,Agriculture & Forestry| Veterinary Science,32,Life Sciences,30,"Agricultural, Veterinary And Food Sciences",3009| 3003,Veterinary sciences| Animal production,-,Parasite Dynamics in Livestock and Wildlife,670,54.48,Anthelmintic Potential of Plant Extracts Against Nematodes,17131,88.635,Definitive,2017.0,22.0,N/A,"García-Hernández, C.| Arece-García, J.| Rojo-Rubio, R.| Mendoza-Martínez, G.D.| Albarrán-Portillo, B.| Vázquez-Armijo, J.F.| Avendaño-Reyes, L.| Olmedo-Juárez, A.| Marie-Magdeleine, C.| López-Leyva, Y.","Universidad Autonoma de Baja California| Instituto Nacional de Investigaciones Forestales, Agricolas y Pecuarias| Universidad Autónoma Metropolitana| INRAE| Universidad Autonoma del Estado de Mexico| Universidad de Matanzas Camilo Cienfuegos",Mexico| Cuba| France,0
7006056546,7006056546,"Effect of palmitic acid on the mitigation of milk fat depression syndrome caused by trans-10, cis-12-conjugated linoleic acid in grazing dairy cows","Granados-Rivera, L.D.| Hernández-Mendo, O.| González-Muñoz, S.S.| Burgueño-Ferreira, J.A.| Mendoza-Martínez, G.D.| Arriaga-Jordán, C.M.",6.0,57195960043| 6504791444| 57951049300| 8237468600| 7006056546| 6602494830,2017.0,2017-11-02,Archives of Animal Nutrition,71,6,428-440,-,ISSN-1745039X,17657.0,Journal,Taylor and Francis Ltd.,English,1.17,21,3,13,0.831,13,1.33,28.0,22.0,0.69,4.36,25.0,39.0,0.0,0.0,"Granados-Rivera, L.D., Hernández-Mendo, O., González-Muñoz, S.S. and 3 more (...) (2017).Effect of palmitic acid on the mitigation of milk fat depression syndrome caused by trans-10, cis-12-conjugated linoleic acid in grazing dairy cows. Archives of Animal Nutrition,71(6) 428-440",https://www.scopus.com/record/display.url?eid=2-s2.0-85030530143&origin=resultslist,10.1080/1745039X.2017.1379165,Article,,2-s2.0-85030530143,28976228,Universidad Autónoma Metropolitana| Colegio de Postgraduados| Universidad Autonoma del Estado de Mexico| International Maize and Wheat Improvement Center,505017| 505003| 505051| 505044,Other| Academic,4.0,60033065| 60015079| 60010210| 60002281,Colegio De Postgraduados Campus Montecillo| Centro Internacional de Mejoramiento de Maiz y Trigo| Universidad Autónoma Metropolitana Unidad Xochimilco| Universidad Autónoma del Estado de México,57195960043,6602494830,6504791444,-,Mexico,1.0,1103| 3400,Animal Science and Zoology| General Veterinary,5,Life Sciences & Medicine,546| 502,Veterinary Science| Agriculture & Forestry,32,Life Sciences,30,"Agricultural, Veterinary And Food Sciences",3003,Animal production,-,Methane Reduction through Feed Supplementation Strategies,104,78.417,Fatty Acids and Their Impact on Dairy Milk,1199,96.292,Definitive,2017.0,22.0,N/A,"Granados-Rivera, L.D.| Hernández-Mendo, O.| González-Muñoz, S.S.| Burgueño-Ferreira, J.A.| Mendoza-Martínez, G.D.| Arriaga-Jordán, C.M.",Universidad Autónoma Metropolitana| Colegio de Postgraduados| Universidad Autonoma del Estado de Mexico| International Maize and Wheat Improvement Center,Mexico,0
7006056546,7006056546,Effects of dietary calcium propionate on growth performance and carcass characteristics of finishing lambs,"Mendoza-Martínez, G.D.| Pinos-Rodríguez, J.M.| Lee-Rangel, H.A.| Hernández-García, P.A.| Rojo-Rubio, R.| Relling, A.",6.0,7006056546| 6602784062| 52364351900| 7202206930| 9436627300| 22954293800,2016.0,2016-01-01,Animal Production Science,56,7,1194-1198,-,ISSN-18360939,16900154706.0,Journal,CSIRO,English,0.85,37,2.5,24,0.627,25,1.14,37.0,21.0,0.68,5.89,26.0,39.0,0.0,0.0,"Mendoza-Martínez, G.D., Pinos-Rodríguez, J.M., Lee-Rangel, H.A. and 3 more (...) (2016).Effects of dietary calcium propionate on growth performance and carcass characteristics of finishing lambs. Animal Production Science,56(7) 1194-1198",https://www.scopus.com/record/display.url?eid=2-s2.0-84971475389&origin=resultslist,10.1071/AN14824,Article,Bronze|Green,2-s2.0-84971475389,-,Universidad Nacional de La Plata| Universidad Autónoma Metropolitana| Universidad Autonoma de San Luis Potosi| Universidad Autonoma del Estado de Mexico,601006| 505017| 505014| 505051,Academic,4.0,60010210| 60031335| 60002281| 60032057,Universidad Autónoma Metropolitana Unidad Xochimilco| Universidad Autónoma de San Luis Potosí| Universidad Autónoma del Estado de México| Universidad Nacional de La Plata,7006056546,22954293800,52364351900,-,Mexico| Argentina,2.0,1103| 1106,Animal Science and Zoology| Food Science,5,Life Sciences & Medicine,502,Agriculture & Forestry,32,Life Sciences,31| 41| 30,"Biological Sciences| Environmental Sciences| Agricultural, Veterinary And Food Sciences",-,-,-,Reproductive Efficiency in Dairy and Meat Production,906,31.001,Metabolic Insights into Dairy Cow Nutrition,76415,40.432,Defensible,2016.0,21.0,N/A,"Mendoza-Martínez, G.D.| Pinos-Rodríguez, J.M.| Lee-Rangel, H.A.| Hernández-García, P.A.| Rojo-Rubio, R.| Relling, A.",Universidad Nacional de La Plata| Universidad Autónoma Metropolitana| Universidad Autonoma de San Luis Potosi| Universidad Autonoma del Estado de Mexico,Mexico| Argentina,0
7006056546,7006056546,Milk production in dairy cows supplemented with herbal choline and methionine,"Mendoza, G.D.| Oviedo, M.F.| Pinos, J.M.| Lee-Rangel, H.A.| Vázquez, A.| Flores, R.| Pérez, F.| Roque, A.| Cifuentes, O.",9.0,7006056546| 57217594261| 57217594343| 52364351900| 57201087553| 59055130900| 57217589779| 57217288094| 57217587262,2020.0,2020-01-01,Revista de la Facultad de Ciencias Agrarias,52,1,332-343,-,ISSN-03704661,19600161819.0,Journal,Universidad Nacional de Cuyo,English,0.86,40,1.3,63,0.283,60,2.55,61.0,21.0,1.48,10.1,23.0,18.0,0.0,0.0,"Mendoza, G.D., Oviedo, M.F., Pinos, J.M. and 6 more (...) (2020).Milk production in dairy cows supplemented with herbal choline and methionine. Revista de la Facultad de Ciencias Agrarias,52(1) 332-343",https://www.scopus.com/record/display.url?eid=2-s2.0-85087418442&origin=resultslist,-,Article,,2-s2.0-85087418442,-,Universidad Autónoma Metropolitana| Universidad Autonoma de San Luis Potosi| Universidad Autonoma del Estado de Mexico| Universidad Veracruzana,505017| 505014| 505051| 505056,Academic,4.0,60010210| 60031335| 60007909| 60002281,Universidad Autónoma Metropolitana Unidad Xochimilco| Universidad Autónoma de San Luis Potosí| Universidad Veracruzana| Universidad Autónoma del Estado de México,7006056546,57217587262,52364351900,-,Mexico,1.0,1102| 1110,Agronomy and Crop Science| Plant Science,5,Life Sciences & Medicine,502,Agriculture & Forestry,32,Life Sciences,30| 31,"Agricultural, Veterinary And Food Sciences| Biological Sciences",3008| 3109| 3004,Horticultural production| Zoology| Crop and pasture production,-,Reproductive Efficiency in Dairy and Meat Production,906,31.001,Choline Supplementation Effects on Dairy Cows,70208,71.814,Very Good,2020.0,21.0,N/A,"Mendoza, G.D.| Oviedo, M.F.| Pinos, J.M.| Lee-Rangel, H.A.| Vázquez, A.| Flores, R.| Pérez, F.| Roque, A.| Cifuentes, O.",Universidad Autónoma Metropolitana| Universidad Autonoma de San Luis Potosi| Universidad Autonoma del Estado de Mexico| Universidad Veracruzana,Mexico,0
7006056546,7006056546,"Effects of a Polyherbal Dietary Additive on Performance, Dietary Energetics, Carcass Traits, and Blood Metabolites of Finishing Lambs","Dorantes-Iturbide, G.| Orzuna-Orzuna, J.F.| Lara-Bueno, A.| Miranda-Romero, L.A.| Mendoza-Martínez, G.D.| Hernández-García, P.A.",6.0,57222573559| 57222567499| 27667624300| 6507011991| 7006056546| 7202206930,2022.0,2022-05-01,Metabolites,12,5,-,413,ISSN-22181989,21100403902.0,Journal,MDPI,English,1.02,29,5.3,40,0.944,29,0.85,18.0,21.0,1.16,12.95,15.0,25.0,0.0,0.0,"Dorantes-Iturbide, G., Orzuna-Orzuna, J.F., Lara-Bueno, A. and 3 more (...) (2022).Effects of a Polyherbal Dietary Additive on Performance, Dietary Energetics, Carcass Traits, and Blood Metabolites of Finishing Lambs. Metabolites,12(5) ",https://www.scopus.com/record/display.url?eid=2-s2.0-85130165264&origin=resultslist,10.3390/metabo12050413,Article,Gold|Green,2-s2.0-85130165264,-,Universidad Autónoma Metropolitana| Universidad Autonoma del Estado de Mexico| Universidad Autonoma Chapingo,505017| 505051| 505047,Academic,3.0,60010597| 60014923| 60010210| 60002281,Universidad Autónoma Chapingo| Universidad Autónoma Metropolitana| Universidad Autónoma Metropolitana Unidad Xochimilco| Universidad Autónoma del Estado de México,57222573559,7202206930,27667624300,-,Mexico,1.0,1303| 1312| 2712,"Biochemistry| Molecular Biology| Endocrinology, Diabetes and Metabolism",5,Life Sciences & Medicine,532| 507,Medicine| Biological Sciences,34| 32,Medical and Health| Life Sciences,34| 32| 31,Chemical Sciences| Biomedical And Clinical Sciences| Biological Sciences,3205| 3101| 3401,Medical biochemistry and metabolomics| Biochemistry and cell biology| Analytical chemistry,-,Methane Reduction through Feed Supplementation Strategies,104,78.417,Enhancing Rumen Function and Methane Reduction,9917,94.316,Defensible,2022.0,21.0,N/A,"Dorantes-Iturbide, G.| Orzuna-Orzuna, J.F.| Lara-Bueno, A.| Miranda-Romero, L.A.| Mendoza-Martínez, G.D.| Hernández-García, P.A.",Universidad Autónoma Metropolitana| Universidad Autonoma del Estado de Mexico| Universidad Autonoma Chapingo,Mexico,0
7006056546,7006056546,Effect of including herbal choline in the diet of a dairy herd; A multiyear evaluation,"Gutiérrez, R.A.| Gutiérrez, A.| Sánchez, C.| Mendoza, G.D.",4.0,57211137229| 57211136948| 57211139765| 7006056546,2019.0,2019-06-01,Emirates Journal of Food and Agriculture,31,6,477-481,-,ISSN-2079052X,21100200820.0,Journal,United Arab Emirates University,English,0.8,44,1.9,42,0.339,51,1.09,36.0,21.0,1.49,8.73,24.0,19.0,0.0,0.0,"Gutiérrez, R.A., Gutiérrez, A., Sánchez, C. and 1 more (...) (2019).Effect of including herbal choline in the diet of a dairy herd; A multiyear evaluation. Emirates Journal of Food and Agriculture,31(6) 477-481",https://www.scopus.com/record/display.url?eid=2-s2.0-85072771147&origin=resultslist,10.9755/ejfa.2019.v31.i6.1971,Article,Gold,2-s2.0-85072771147,-,Universidad Autónoma Metropolitana,505017,Academic,1.0,123238694| 60010210,Granja el Tepeyac| Universidad Autónoma Metropolitana Unidad Xochimilco,57211137229,7006056546,7006056546,-,Mexico,1.0,1102| 1103| 1106| 2402,Agronomy and Crop Science| Animal Science and Zoology| Food Science| Applied Microbiology and Biotechnology,5,Life Sciences & Medicine,507| 502,Biological Sciences| Agriculture & Forestry,32,Life Sciences,30,"Agricultural, Veterinary And Food Sciences",-,-,-,Reproductive Efficiency in Dairy and Meat Production,906,31.001,Choline Supplementation Effects on Dairy Cows,70208,71.814,Very Good,2019.0,21.0,N/A,"Gutiérrez, R.A.| Gutiérrez, A.| Sánchez, C.| Mendoza, G.D.",Universidad Autónoma Metropolitana,Mexico,0
7006056546,7006056546,Evaluation of an herbal choline feed plant additive in lamb feedlot rations,"Martínez-Aispuro, J.A.| Mendoza, G.D.| Cordero-Mora, J.L.| Ayala-Monter, M.A.| Sánchez-Torres, M.T.| Figueroa-Velasco, J.L.| Vázquez-Silva, G.| Gloria-Trujillo, A.",8.0,56196313300| 7006056546| 8917330400| 57209023702| 15048944100| 55509025800| 57192300739| 57206475339,2019.0,2019-01-01,Revista Brasileira de Zootecnia,48,-,-,e20190020,ISSN-15163598,18852.0,Journal,Sociedade Brasileira de Zootecnia,English,0.99,31,1.6,50,0.402,43,1.68,52.0,20.0,2.31,6.05,25.0,11.0,0.0,0.0,"Martínez-Aispuro, J.A., Mendoza, G.D., Cordero-Mora, J.L. and 5 more (...) (2019).Evaluation of an herbal choline feed plant additive in lamb feedlot rations. Revista Brasileira de Zootecnia,48",https://www.scopus.com/record/display.url?eid=2-s2.0-85080056665&origin=resultslist,10.1590/RBZ4820190020,Article,Gold|Green,2-s2.0-85080056665,-,Universidad Autónoma Metropolitana| Colegio de Postgraduados| Universidad Autónoma de Guerrero,505017| 505003| 714299,Academic,3.0,60033065| 60010210| 60022139,Colegio De Postgraduados Campus Montecillo| Universidad Autónoma Metropolitana Unidad Xochimilco| Universidad Autónoma de Guerrero,56196313300,57206475339,7006056546,-,Mexico,1.0,1103,Animal Science and Zoology,5,Life Sciences & Medicine,502,Agriculture & Forestry,32,Life Sciences,30,"Agricultural, Veterinary And Food Sciences",-,-,-,Reproductive Efficiency in Dairy and Meat Production,906,31.001,Choline Supplementation Effects on Dairy Cows,70208,71.814,Very Good,2019.0,20.0,N/A,"Martínez-Aispuro, J.A.| Mendoza, G.D.| Cordero-Mora, J.L.| Ayala-Monter, M.A.| Sánchez-Torres, M.T.| Figueroa-Velasco, J.L.| Vázquez-Silva, G.| Gloria-Trujillo, A.",Universidad Autónoma Metropolitana| Colegio de Postgraduados| Universidad Autónoma de Guerrero,Mexico,0
7006056546,7006056546,Effect of Caesalpinia coriaria Fruits and Soybean Oil on Finishing Lamb Performance and Meat Characteristics,"Sánchez, N.| Mendoza, G.D.| Martínez, J.A.| Hernández, P.A.| Camacho DIaz, L.M.| Lee-Rangel, H.A.| Vazquez, A.| Flores Ramirez, R.",8.0,58941465100| 7006056546| 55570653300| 7202206930| 56055970800| 52364351900| 57201087553| 59055130900,2018.0,2018-01-01,BioMed Research International,2018,-,-,9486258,ISSN-23146133,21100230018.0,Journal,Hindawi Limited,English,1.03,29,4.3,27,0.795,29,2.12,50.0,19.0,0.61,14.87,28.0,42.0,0.0,0.0,"Sánchez, N., Mendoza, G.D., Martínez, J.A. and 5 more (...) (2018).Effect of Caesalpinia coriaria Fruits and Soybean Oil on Finishing Lamb Performance and Meat Characteristics. BioMed Research International,2018",https://www.scopus.com/record/display.url?eid=2-s2.0-85043372438&origin=resultslist,10.1155/2018/9486258,Article,Hybrid gold|Green,2-s2.0-85043372438,29682572,Universidad Autónoma Metropolitana| Universidad Autonoma de San Luis Potosi| Universidad Autonoma del Estado de Mexico| Universidad Autónoma de Guerrero,505017| 505014| 505051| 714299,Academic,4.0,60010210| 60002281| 60022139| 60031335,Universidad Autónoma Metropolitana Unidad Xochimilco| Universidad Autónoma del Estado de México| Universidad Autónoma de Guerrero| Universidad Autónoma de San Luis Potosí,58941465100,59055130900,52364351900,-,Mexico,1.0,1300| 2400,"General Biochemistry,Genetics and Molecular Biology| General Immunology and Microbiology",5,Life Sciences & Medicine,507,Biological Sciences,32,Life Sciences,MD,Multidisciplinary,MD,Multidisciplinary,-,Methane Reduction through Feed Supplementation Strategies,104,78.417,Tannin Effects on Ruminant Digestibility and Methane,8451,88.334,Defensible,2018.0,19.0,N/A,"Sánchez, N.| Mendoza, G.D.| Martínez, J.A.| Hernández, P.A.| Camacho DIaz, L.M.| Lee-Rangel, H.A.| Vazquez, A.| Flores Ramirez, R.",Universidad Autónoma Metropolitana| Universidad Autonoma de San Luis Potosi| Universidad Autonoma del Estado de Mexico| Universidad Autónoma de Guerrero,Mexico,0
7006056546,7006056546,Influence of a Polyherbal Mixture in Dairy Calves: Growth Performance and Gene Expression,"Díaz Galván, C.| Méndez Olvera, E.T.| Martínez Gómez, D.| Gloria Trujillo, A.| Hernández García, P.A.| Espinosa Ayala, E.| Palacios Martínez, M.| Lara Bueno, A.| Mendoza Martínez, G.D.| Velázquez Cruz, L.A.",10.0,57222018692| 57191610013| 55556603400| 57206475339| 7202206930| 16241215200| 56278764700| 27667624300| 7006056546| 57222018799,2021.0,2021-01-26,Frontiers in Veterinary Science,7,-,-,623710,ISSN-22971769,21100843693.0,Journal,Frontiers Media S.A.,English,1.27,20,3.3,18,0.719,12,1.7,35.0,19.0,2.23,5.39,21.0,11.0,0.0,0.0,"Díaz Galván, C., Méndez Olvera, E.T., Martínez Gómez, D. and 7 more (...) (2021).Influence of a Polyherbal Mixture in Dairy Calves: Growth Performance and Gene Expression. Frontiers in Veterinary Science,7",https://www.scopus.com/record/display.url?eid=2-s2.0-85100955585&origin=resultslist,10.3389/fvets.2020.623710,Article,Gold|Green,2-s2.0-85100955585,-,Universidad Autónoma Metropolitana| Universidad Autonoma del Estado de Mexico| Universidad Autonoma Chapingo,505017| 505051| 505047,Academic,3.0,60010210| 60002281| 60010597,Universidad Autónoma Metropolitana Unidad Xochimilco| Universidad Autónoma del Estado de México| Universidad Autónoma Chapingo,57222018692,57222018799,57191610013,-,Mexico,1.0,3400,General Veterinary,5,Life Sciences & Medicine,546,Veterinary Science,32,Life Sciences,30,"Agricultural, Veterinary And Food Sciences",3009,Veterinary sciences,-,Reproductive Efficiency in Dairy and Meat Production,906,31.001,Choline Supplementation Effects on Dairy Cows,70208,71.814,Defensible,2021.0,19.0,N/A,"Díaz Galván, C.| Méndez Olvera, E.T.| Martínez Gómez, D.| Gloria Trujillo, A.| Hernández García, P.A.| Espinosa Ayala, E.| Palacios Martínez, M.| Lara Bueno, A.| Mendoza Martínez, G.D.| Velázquez Cruz, L.A.",Universidad Autónoma Metropolitana| Universidad Autonoma del Estado de Mexico| Universidad Autonoma Chapingo,Mexico,0
7006056546,7006056546,Effect of calcium propionate and monensin on in vitro digestibility and gas production,"Osorio-Teran, A.I.| Mendoza-Martínez, G.D.| Miranda-Romero, L.A.| Martínez-Gomez, D.| Hernández-García, P.A.| Martínez-García, J.A.",6.0,57194510538| 7006056546| 6507011991| 55556603400| 7202206930| 55570653300,2017.0,2017-01-01,Revista Brasileira de Zootecnia,46,4,348-353,-,ISSN-15163598,18852.0,Journal,Sociedade Brasileira de Zootecnia,English,0.9,35,1,65,0.337,56,1.08,32.0,18.0,0.8,5.02,29.0,35.0,0.0,0.0,"Osorio-Teran, A.I., Mendoza-Martínez, G.D., Miranda-Romero, L.A. and 3 more (...) (2017).Effect of calcium propionate and monensin on in vitro digestibility and gas production. Revista Brasileira de Zootecnia,46(4) 348-353",https://www.scopus.com/record/display.url?eid=2-s2.0-85020390394&origin=resultslist,10.1590/S1806-92902017000400011,Article,Gold|Green,2-s2.0-85020390394,-,Universidad Autónoma Metropolitana| Universidad Autonoma del Estado de Mexico| Universidad Autonoma Chapingo,505017| 505051| 505047,Academic,3.0,60010210| 60010597| 60002281,Universidad Autónoma Metropolitana Unidad Xochimilco| Universidad Autónoma Chapingo| Universidad Autónoma del Estado de México,57194510538,55570653300,7006056546,-,Mexico,1.0,1103,Animal Science and Zoology,5,Life Sciences & Medicine,502,Agriculture & Forestry,32,Life Sciences,30,"Agricultural, Veterinary And Food Sciences",-,-,SDG 13,Methane Reduction through Feed Supplementation Strategies,104,78.417,Enhancing Rumen Function and Methane Reduction,9917,94.316,Defensible,2017.0,18.0,N/A,"Osorio-Teran, A.I.| Mendoza-Martínez, G.D.| Miranda-Romero, L.A.| Martínez-Gomez, D.| Hernández-García, P.A.| Martínez-García, J.A.",Universidad Autónoma Metropolitana| Universidad Autonoma del Estado de Mexico| Universidad Autonoma Chapingo,Mexico,0
7006056546,7006056546,"Growth performance, carcass characteristics, and blood metabolites of lambs supplemented with a polyherbal mixture","Orzuna-Orzuna, J.F.| Dorantes-Iturbide, G.| Lara-Bueno, A.| Mendoza-Martínez, G.D.| Miranda-Romero, L.A.| Hernández-García, P.A.",6.0,57222567499| 57222573559| 27667624300| 7006056546| 6507011991| 7202206930,2021.0,2021-01-01,Animals,11,4,-,955,ISSN-20762615,21100244850.0,Journal,MDPI AG,English,1.12,26,2.7,24,0.61,15,0.47,11.0,18.0,2.03,5.9,23.0,12.0,0.0,0.0,"Orzuna-Orzuna, J.F., Dorantes-Iturbide, G., Lara-Bueno, A. and 3 more (...) (2021).Growth performance, carcass characteristics, and blood metabolites of lambs supplemented with a polyherbal mixture. Animals,11(4) ",https://www.scopus.com/record/display.url?eid=2-s2.0-85103240037&origin=resultslist,10.3390/ani11040955,Article,Gold|Green,2-s2.0-85103240037,-,Universidad Autónoma Metropolitana| Universidad Autonoma del Estado de Mexico| Universidad Autonoma Chapingo,505017| 505051| 505047,Academic,3.0,60010597| 60014923| 60010210| 60002281,Universidad Autónoma Chapingo| Universidad Autónoma Metropolitana| Universidad Autónoma Metropolitana Unidad Xochimilco| Universidad Autónoma del Estado de México,57222567499,7202206930,27667624300,-,Mexico,1.0,1103| 3400,Animal Science and Zoology| General Veterinary,5,Life Sciences & Medicine,546| 502,Veterinary Science| Agriculture & Forestry,32,Life Sciences,31| 30,"Biological Sciences| Agricultural, Veterinary And Food Sciences",3109| 3003| 3009,Zoology| Animal production| Veterinary sciences,-,Genetic Traits and Production in Livestock,1340,10.464,Lamb Meat Quality and Nutritional Insights,11270,86.779,Weak,2021.0,18.0,N/A,"Orzuna-Orzuna, J.F.| Dorantes-Iturbide, G.| Lara-Bueno, A.| Mendoza-Martínez, G.D.| Miranda-Romero, L.A.| Hernández-García, P.A.",Universidad Autónoma Metropolitana| Universidad Autonoma del Estado de Mexico| Universidad Autonoma Chapingo,Mexico,0
7006056546,7006056546,"Overlap in activity patterns between big cats and their main prey in northern Quintana Roo, Mexico","Ávila-Nájera, D.M.| Chávez, C.| Lazcano-Barrero, M.A.| Mendoza, G.D.| Perez-Elizalde, S.",5.0,53983764100| 56013690100| 57151250400| 7006056546| 24822884300,2016.0,2016-01-01,Therya,7,3,439-448,-,ISSN-20073364,21100469599.0,Journal,Asociacion Mexicana de Mastozoologia,Spanish,0,94,0.2,95,0.126,97,1.12,36.0,18.0,0.88,4.53,29.0,32.0,0.0,0.0,"Ávila-Nájera, D.M., Chávez, C., Lazcano-Barrero, M.A. and 2 more (...) (2016).Overlap in activity patterns between big cats and their main prey in northern Quintana Roo, Mexico. Therya,7(3) 439-448",https://www.scopus.com/record/display.url?eid=2-s2.0-84989233727&origin=resultslist,10.12933/therya-16-379,Article,Gold,2-s2.0-84989233727,-,Universidad Autónoma Metropolitana| Colegio de Postgraduados,505017| 505003,Academic,2.0,60010210| 60112837| 60033065,Universidad Autónoma Metropolitana Unidad Xochimilco| Universidad Autónoma Metropolitana-Lerma| Colegio De Postgraduados Campus Montecillo,53983764100,24822884300,24822884300,-,Mexico,1.0,1103,Animal Science and Zoology,5,Life Sciences & Medicine,502,Agriculture & Forestry,32,Life Sciences,31| 41,Biological Sciences| Environmental Sciences,3103| 3109| 4104,Ecology| Zoology| Environmental management,SDG 15,Conservation Strategies for Endangered Species Management,689,51.145,Conservation and Ecology of Neotropical Mammals,14100,88.533,Very Good,2016.0,18.0,N/A,"Ávila-Nájera, D.M.| Chávez, C.| Lazcano-Barrero, M.A.| Mendoza, G.D.| Perez-Elizalde, S.",Universidad Autónoma Metropolitana| Colegio de Postgraduados,Mexico,0
7006056546,7006056546,Supplemental herbal choline increases 5-hmC DNA on whole blood from pregnant ewes and offspring,"Roque-Jiménez, J.A.| Mendoza-Martínez, G.D.| Vázquez-Valladolid, A.| Guerrero-González, M.L.L.| Flores-Ramírez, R.| Pinos-Rodriguez, J.M.| Loor, J.J.| Relling, A.E.| Lee-Rangel, H.A.",9.0,57217288094| 7006056546| 57218406746| 45461158400| 59055130900| 6602784062| 57200267321| 22954293800| 52364351900,2020.0,2020-08-01,Animals,10,8,1-12,1277,ISSN-20762615,21100244850.0,Journal,MDPI AG,English,1.15,25,1.8,37,0.584,24,1.28,25.0,17.0,1.67,5.97,28.0,16.0,0.0,0.0,"Roque-Jiménez, J.A., Mendoza-Martínez, G.D., Vázquez-Valladolid, A. and 6 more (...) (2020).Supplemental herbal choline increases 5-hmC DNA on whole blood from pregnant ewes and offspring. Animals,10(8) 1-12",https://www.scopus.com/record/display.url?eid=2-s2.0-85089129760&origin=resultslist,10.3390/ani10081277,Article,Gold|Green,2-s2.0-85089129760,-,Universidad Autónoma Metropolitana| Universidad Autonoma de San Luis Potosi| Ohio State University| University of Illinois at Urbana-Champaign| Universidad Veracruzana,505017| 505014| 508179| 508285| 505056,Academic,5.0,60031335| 60010210| 60007909| 60000745| 60003500| 60013499,Universidad Autónoma de San Luis Potosí| Universidad Autónoma Metropolitana Unidad Xochimilco| Universidad Veracruzana| University of Illinois Urbana-Champaign| The Ohio State University| Ohio Agricultural Research and Development Center,57217288094,52364351900,52364351900,-,Mexico| United States,2.0,1103| 3400,Animal Science and Zoology| General Veterinary,5,Life Sciences & Medicine,502| 546,Agriculture & Forestry| Veterinary Science,32,Life Sciences,31| 30,"Biological Sciences| Agricultural, Veterinary And Food Sciences",3109| 3009| 3003,Zoology| Veterinary sciences| Animal production,-,Epigenetic Mechanisms in Cancer and Development,220,93.591,Epigenetic Mechanisms in Genetic Inheritance and Development,70937,32.84,Definitive,2020.0,17.0,N/A,"Roque-Jiménez, J.A.| Mendoza-Martínez, G.D.| Vázquez-Valladolid, A.| Guerrero-González, M.L.L.| Flores-Ramírez, R.| Pinos-Rodriguez, J.M.| Loor, J.J.| Relling, A.E.| Lee-Rangel, H.A.",Universidad Autónoma Metropolitana| Universidad Autonoma de San Luis Potosi| Ohio State University| University of Illinois at Urbana-Champaign| Universidad Veracruzana,Mexico| United States,0
7006056546,7006056546,"Productive performance, carcass traits, and meat quality in finishing lambs supplemented with a polyherbal mixture","Orzuna-Orzuna, J.F.| Dorantes-Iturbide, G.| Lara-Bueno, A.| Mendoza-Martínez, G.D.| Miranda-Romero, L.A.| López-Ordaz, R.| Hernández-García, P.A.",7.0,57222567499| 57222573559| 27667624300| 7006056546| 6507011991| 24280327000| 7202206930,2021.0,2021-10-01,Agriculture (Switzerland),11,10,-,942,ISSN-20770472,21100781511.0,Journal,MDPI,English,1.27,20,3.1,35,0.525,32,0.44,13.0,17.0,0.89,11.25,24.0,32.0,0.0,0.0,"Orzuna-Orzuna, J.F., Dorantes-Iturbide, G., Lara-Bueno, A. and 4 more (...) (2021).Productive performance, carcass traits, and meat quality in finishing lambs supplemented with a polyherbal mixture. Agriculture (Switzerland),11(10) ",https://www.scopus.com/record/display.url?eid=2-s2.0-85116073223&origin=resultslist,10.3390/agriculture11100942,Article,Gold|Green,2-s2.0-85116073223,-,Universidad Autónoma Metropolitana| Universidad Autonoma del Estado de Mexico| Universidad Autonoma Chapingo,505017| 505051| 505047,Academic,3.0,60010597| 60014923| 60010210| 60002281,Universidad Autónoma Chapingo| Universidad Autónoma Metropolitana| Universidad Autónoma Metropolitana Unidad Xochimilco| Universidad Autónoma del Estado de México,57222567499,7202206930,27667624300,-,Mexico,1.0,1102| 1106| 1110,Agronomy and Crop Science| Food Science| Plant Science,5,Life Sciences & Medicine,502,Agriculture & Forestry,32,Life Sciences,30,"Agricultural, Veterinary And Food Sciences",3002| 3003| 3004,"Agriculture, land and farm management| Animal production| Crop and pasture production",-,Methane Reduction through Feed Supplementation Strategies,104,78.417,Enhancing Rumen Function and Methane Reduction,9917,94.316,Defensible,2021.0,17.0,N/A,"Orzuna-Orzuna, J.F.| Dorantes-Iturbide, G.| Lara-Bueno, A.| Mendoza-Martínez, G.D.| Miranda-Romero, L.A.| López-Ordaz, R.| Hernández-García, P.A.",Universidad Autónoma Metropolitana| Universidad Autonoma del Estado de Mexico| Universidad Autonoma Chapingo,Mexico,0
7006056546,7006056546,"Effects of feeding yeast (Saccharomyces cerevisiae), organic selenium and chromium mixed on growth performance and carcass traits of hair lambs","Hernández-García, P.A.| Lara-Bueno, A.| Mendoza-Martínez, G.D.| Bárcena-Gama, J.R.| Plata-Pérez, F.X.| López-Ordaz, R.| Martínez-García, J.A.",7.0,7202206930| 27667624300| 7006056546| 9633092000| 9635011500| 24280327000| 55570653300,2015.0,2015-03-01,Journal of Integrative Agriculture,14,3,575-582,-,ISSN-20953119,21100203903.0,Journal,Editorial Department of Scientia Agricultura Sinica,English,0.61,54,1.8,36,0.358,52,2.07,80.0,17.0,0.46,6.51,31.0,47.0,0.0,0.0,"Hernández-García, P.A., Lara-Bueno, A., Mendoza-Martínez, G.D. and 4 more (...) (2015).Effects of feeding yeast (Saccharomyces cerevisiae), organic selenium and chromium mixed on growth performance and carcass traits of hair lambs. Journal of Integrative Agriculture,14(3) 575-582",https://www.scopus.com/record/display.url?eid=2-s2.0-84922896889&origin=resultslist,10.1016/S2095-3119(14)60833-9,Article,Hybrid gold|Green,2-s2.0-84922896889,-,Universidad Autónoma Metropolitana| Colegio de Postgraduados| Universidad Autonoma del Estado de Mexico| Universidad Autonoma Chapingo,505017| 505003| 505051| 505047,Academic,4.0,60002281| 60010597| 60010210| 60033065,Universidad Autónoma del Estado de México| Universidad Autónoma Chapingo| Universidad Autónoma Metropolitana Unidad Xochimilco| Colegio De Postgraduados Campus Montecillo,7202206930,55570653300,27667624300,-,Mexico,1.0,1102| 1103| 1106| 1110| 1303| 2303| 3403,Agronomy and Crop Science| Animal Science and Zoology| Food Science| Plant Science| Biochemistry| Ecology| Food Animals,5| 4,Life Sciences & Medicine| Natural Sciences,424| 502| 546| 507,Environmental Sciences| Agriculture & Forestry| Veterinary Science| Biological Sciences,37| 32,Physical Sciences| Life Sciences,30| 31,"Agricultural, Veterinary And Food Sciences| Biological Sciences",3004| 3105| 3108,Crop and pasture production| Genetics| Plant biology,-,Methane Reduction through Feed Supplementation Strategies,104,78.417,Probiotic Yeast Influence on Ruminant Nutrition,12918,89.078,Definitive,2015.0,17.0,N/A,"Hernández-García, P.A.| Lara-Bueno, A.| Mendoza-Martínez, G.D.| Bárcena-Gama, J.R.| Plata-Pérez, F.X.| López-Ordaz, R.| Martínez-García, J.A.",Universidad Autónoma Metropolitana| Colegio de Postgraduados| Universidad Autonoma del Estado de Mexico| Universidad Autonoma Chapingo,Mexico,0
7006056546,7006056546,Evaluation of a feed plant additive for coocidiosis control in broilers herbals for coccidiosis control,"Sánchez-Hernández, C.| Castañeda-Gómez Del Campo, J.A.| Trejo-Castro, L.| Mendoza-Martínez, G.D.| Gloria-Trujillo, A.",5.0,58376726500| 57209279048| 57190732859| 7006056546| 57206475339,2019.0,2019-01-01,Revista Brasileira de Ciencia Avicola / Brazilian Journal of Poultry Science,21,1,-,eRBCA-2019-0846,ISSN-1516635X,5000156908.0,Journal,Fundacao APINCO de Ciencia e Tecnologia Avicolas,English,0.89,38,1.1,66,0.282,64,0.73,26.0,15.0,0.83,6.05,31.0,34.0,0.0,0.0,"Sánchez-Hernández, C., Castañeda-Gómez Del Campo, J.A., Trejo-Castro, L. and 2 more (...) (2019).Evaluation of a feed plant additive for coocidiosis control in broilers herbals for coccidiosis control. Revista Brasileira de Ciencia Avicola / Brazilian Journal of Poultry Science,21(1) ",https://www.scopus.com/record/display.url?eid=2-s2.0-85067194963&origin=resultslist,10.1590/1806-9061-2018-0846,Article,Gold|Green,2-s2.0-85067194963,-,Universidad Autónoma Metropolitana,505017,Academic,1.0,128982518| 122697402| 60010210,Nuproxa México S de RL de CV| Servicios de Consultoria y Asesoria en Parasitologia Animal. 62550. Jiutepec| Universidad Autónoma Metropolitana Unidad Xochimilco,58376726500,57206475339,57206475339,-,Mexico,1.0,1103,Animal Science and Zoology,5,Life Sciences & Medicine,502,Agriculture & Forestry,32,Life Sciences,30,"Agricultural, Veterinary And Food Sciences",3003| 3009| 3006,Animal production| Veterinary sciences| Food sciences,-,Parasite Dynamics in Livestock and Wildlife,670,54.48,Eimeria Coccidiosis in Poultry Health Management,2619,95.426,Definitive,2019.0,15.0,N/A,"Sánchez-Hernández, C.| Castañeda-Gómez Del Campo, J.A.| Trejo-Castro, L.| Mendoza-Martínez, G.D.| Gloria-Trujillo, A.",Universidad Autónoma Metropolitana,Mexico,0
7006056546,7006056546,"Genetic variability and structure of an isolated population of Ambystoma altamirani, a mole salamander that lives in the mountains of one of the largest urban areas in the world","Heredia-Bobadilla, R.-L.| Monroy-Vilchis, O.| Zarco-González, M.M.| Martínez-Gómez, D.| Mendoza-Martínez, G.D.| Sunny, A.",6.0,56548900700| 14034649700| 24448776100| 55556603400| 7006056546| 55810400500,2017.0,2017-12-01,Journal of Genetics,96,6,873-883,-,ISSN-00221333,18924.0,Journal,Springer India,English,0.4,70,1.3,85,0.357,81,0.91,28.0,15.0,0.61,14.74,33.0,42.0,0.0,0.0,"Heredia-Bobadilla, R.-L., Monroy-Vilchis, O., Zarco-González, M.M. and 3 more (...) (2017).Genetic variability and structure of an isolated population of Ambystoma altamirani, a mole salamander that lives in the mountains of one of the largest urban areas in the world. Journal of Genetics,96(6) 873-883",https://www.scopus.com/record/display.url?eid=2-s2.0-85034078518&origin=resultslist,10.1007/s12041-017-0823-6,Article,Green,2-s2.0-85034078518,29321345,Universidad Autónoma Metropolitana| Universidad Autonoma del Estado de Mexico,505017| 505051,Academic,2.0,60002281| 60010210,Universidad Autónoma del Estado de México| Universidad Autónoma Metropolitana Unidad Xochimilco,56548900700,55810400500,14034649700,-,Mexico,1.0,1311,Genetics,5,Life Sciences & Medicine,507,Biological Sciences,32,Life Sciences,31,Biological Sciences,3105,Genetics,SDG 15,Genetic Diversity and Evolutionary Insights Across Species,10,80.706,Genetic Structure and Landscape Connectivity Insights,18267,83.484,Very Good,2017.0,15.0,N/A,"Heredia-Bobadilla, R.-L.| Monroy-Vilchis, O.| Zarco-González, M.M.| Martínez-Gómez, D.| Mendoza-Martínez, G.D.| Sunny, A.",Universidad Autónoma Metropolitana| Universidad Autonoma del Estado de Mexico,Mexico,0
7006056546,7006056546,An evaluation of the contemporary uses and cultural significance of mammals in Mexico,"Ávila-Nájera, D.M.| Naranjo, E.J.| Tigar, B.| Villarreal, O.| Mendoza, G.D.",5.0,53983764100| 55993766400| 6602117447| 39362786800| 7006056546,2018.0,2018-01-01,Ethnobiology Letters,9,2,124-135,-,ISSN-21598126,21100232418.0,Journal,Society of Ethnobiology,English,0.52,63,1.1,35,0.306,37,2.09,52.0,14.0,1.17,5.15,34.0,25.0,0.0,0.0,"Ávila-Nájera, D.M., Naranjo, E.J., Tigar, B. and 2 more (...) (2018).An evaluation of the contemporary uses and cultural significance of mammals in Mexico. Ethnobiology Letters,9(2) 124-135",https://www.scopus.com/record/display.url?eid=2-s2.0-85055785033&origin=resultslist,10.14237/ebl.9.2.2018.1106,Article,Gold,2-s2.0-85055785033,-,Consejo Nacional de Ciencia y Tecnologia Mexico| Benemerita Universidad Autonoma de Puebla| Universidad Autónoma Metropolitana| El Colegio de la Frontera Sur| University of Central Lancashire,704696| 505001| 505017| 717488| 315069,Government| Academic,5.0,113011269| 60121765| 60031259| 60024830| 60010210,Universidad Politécnica de Huatusco| El Colegio de la Frontera Sur| University of Central Lancashire| Benemérita Universidad Autónoma de Puebla| Universidad Autónoma Metropolitana Unidad Xochimilco,53983764100,7006056546,-,-,United Kingdom| Mexico,2.0,1100| 3314,General Agricultural and Biological Sciences| Anthropology,3| 5,Social Sciences & Management| Life Sciences & Medicine,502| 304,Agriculture & Forestry| Anthropology,32| 40,Life Sciences| Social Sciences,44| 43| 41,"Human Society| History, Heritage And Archaeology| Environmental Sciences",4401| 4301| 4104,Anthropology| Archaeology| Environmental management,SDG 15,Ethnopharmacology and Biodiversity in Traditional Medicine,1406,35.775,Traditional Medicine and Animal Species Utilization,18020,75.018,Defensible,2018.0,14.0,N/A,"Ávila-Nájera, D.M.| Naranjo, E.J.| Tigar, B.| Villarreal, O.| Mendoza, G.D.",Consejo Nacional de Ciencia y Tecnologia Mexico| Benemerita Universidad Autonoma de Puebla| Universidad Autónoma Metropolitana| El Colegio de la Frontera Sur| University of Central Lancashire,United Kingdom| Mexico,0
7006056546,7006056546,Influence of zeolite (clinoptilolite) supplementation on characteristics of digestion and ruminal fermentation of steers fed a steam-flaked corn-based finishing diet,"Urías-Estrada, J.D.| López-Soto, M.A.| Barreras, A.| Aguilar-Hernández, J.A.| González-Vizcarra, V.M.| Estrada-Angulo, A.| Zinn, R.A.| Mendoza, G.D.| Plascencia, A.",9.0,56975540100| 22934948100| 18036736900| 56017882600| 35487440200| 25627495600| 7006768678| 7006056546| 57204537538,2018.0,2018-01-01,Animal Production Science,58,7,1239-1245,-,ISSN-18360939,16900154706.0,Journal,CSIRO,English,0.99,31,2.5,26,0.631,26,0.76,25.0,13.0,0.13,7.52,36.0,69.0,0.0,0.0,"Urías-Estrada, J.D., López-Soto, M.A., Barreras, A. and 6 more (...) (2018).Influence of zeolite (clinoptilolite) supplementation on characteristics of digestion and ruminal fermentation of steers fed a steam-flaked corn-based finishing diet. Animal Production Science,58(7) 1239-1245",https://www.scopus.com/record/display.url?eid=2-s2.0-85047770569&origin=resultslist,10.1071/AN16128,Article,,2-s2.0-85047770569,-,Universidad Autonoma de Baja California| Universidad Autónoma Metropolitana| Universidad Autonoma de Sinaloa| University of California at Davis,505046| 505017| 704857| 508260,Academic,4.0,60005618| 60012676| 60014439| 60010210,"Universidad Autónoma de Baja California| Universidad Autónoma de Sinaloa| University of California, Davis| Universidad Autónoma Metropolitana Unidad Xochimilco",56975540100,57204537538,57204537538,-,Mexico| United States,2.0,1103| 1106,Animal Science and Zoology| Food Science,5,Life Sciences & Medicine,502,Agriculture & Forestry,32,Life Sciences,30| 41| 31,"Agricultural, Veterinary And Food Sciences| Environmental Sciences| Biological Sciences",-,-,-,Mycotoxin Detection and Impact on Health,642,76.39,Enhancing Livestock Performance through Feed Additives,25105,71.806,Very Good,2018.0,13.0,N/A,"Urías-Estrada, J.D.| López-Soto, M.A.| Barreras, A.| Aguilar-Hernández, J.A.| González-Vizcarra, V.M.| Estrada-Angulo, A.| Zinn, R.A.| Mendoza, G.D.| Plascencia, A.",Universidad Autonoma de Baja California| Universidad Autónoma Metropolitana| Universidad Autonoma de Sinaloa| University of California at Davis,Mexico| United States,0
7006056546,7006056546,"Genetic structure and diversity in an isolated population of an endemic mole salamander (Ambystoma rivulare Taylor, 1940) of central Mexico","Heredia-Bobadilla, R.-L.| Monroy-Vilchis, O.| Zarco-González, M.M.| Martínez-Gómez, D.| Mendoza-Martínez, G.D.| Sunny, A.",6.0,56548900700| 14034649700| 24448776100| 55556603400| 7006056546| 55810400500,2016.0,2016-12-01,Genetica,144,6,689-698,-,ISSN-00166707,22171.0,Journal,Springer International Publishing,English,0.66,50,2.1,30,0.666,23,2.09,45.0,13.0,1.1,6.36,36.0,27.0,0.0,0.0,"Heredia-Bobadilla, R.-L., Monroy-Vilchis, O., Zarco-González, M.M. and 3 more (...) (2016).Genetic structure and diversity in an isolated population of an endemic mole salamander (Ambystoma rivulare Taylor, 1940) of central Mexico. Genetica,144(6) 689-698",https://www.scopus.com/record/display.url?eid=2-s2.0-84992692316&origin=resultslist,10.1007/s10709-016-9935-9,Article,Green,2-s2.0-84992692316,27796527,Universidad Autónoma Metropolitana| Universidad Autonoma del Estado de Mexico,505017| 505051,Academic,2.0,60002281| 60010210,Universidad Autónoma del Estado de México| Universidad Autónoma Metropolitana Unidad Xochimilco,56548900700,55810400500,14034649700,-,Mexico,1.0,1103| 1109| 1110| 1311,Animal Science and Zoology| Insect Science| Plant Science| Genetics,5,Life Sciences & Medicine,507| 502,Biological Sciences| Agriculture & Forestry,32,Life Sciences,31,Biological Sciences,3105,Genetics,-,Genetic Diversity and Evolutionary Insights Across Species,10,80.706,Genetic Structure and Landscape Connectivity Insights,18267,83.484,Very Good,2016.0,13.0,N/A,"Heredia-Bobadilla, R.-L.| Monroy-Vilchis, O.| Zarco-González, M.M.| Martínez-Gómez, D.| Mendoza-Martínez, G.D.| Sunny, A.",Universidad Autónoma Metropolitana| Universidad Autonoma del Estado de Mexico,Mexico,0
7006056546,7006056546,Evaluation of local energy sources in milk production in a tropical silvopastoral system with Erythrina poeppigiana,"Jiménez-Ferrer, G.| Mendoza-Martínez, G.| Soto-Pinto, L.| Alayón-Gamboa, A.",4.0,55989767000| 7006056546| 6603423306| 22978124100,2015.0,2015-06-01,Tropical Animal Health and Production,47,5,903-908,-,ISSN-00494747,18937.0,Journal,Kluwer Academic Publishers,English,1.06,26,2.1,31,0.627,27,1.76,51.0,12.0,0.22,4.6,39.0,60.0,0.0,2.0,"Jiménez-Ferrer, G., Mendoza-Martínez, G., Soto-Pinto, L. and 1 more (...) (2015).Evaluation of local energy sources in milk production in a tropical silvopastoral system with Erythrina poeppigiana. Tropical Animal Health and Production,47(5) 903-908",https://www.scopus.com/record/display.url?eid=2-s2.0-84937759822&origin=resultslist,10.1007/s11250-015-0806-7,Article,,2-s2.0-84937759822,25863954,Consejo Nacional de Ciencia y Tecnologia Mexico| Universidad Autónoma Metropolitana| El Colegio de la Frontera Sur,704696| 505017| 717488,Government| Academic,3.0,60121765| 60010210| 60276880,El Colegio de la Frontera Sur| Universidad Autónoma Metropolitana Unidad Xochimilco| El Colegio de la Frontera Sur,55989767000,22978124100,55989767000,-,Mexico,1.0,1103| 3403,Animal Science and Zoology| Food Animals,5,Life Sciences & Medicine,502| 546,Agriculture & Forestry| Veterinary Science,32,Life Sciences,30,"Agricultural, Veterinary And Food Sciences",3009| 3003,Veterinary sciences| Animal production,SDG 2,Methane Reduction through Feed Supplementation Strategies,104,78.417,Nutritive Value and Digestibility in Animal Feed,2344,80.669,Defensible,2015.0,12.0,N/A,"Jiménez-Ferrer, G.| Mendoza-Martínez, G.| Soto-Pinto, L.| Alayón-Gamboa, A.",Consejo Nacional de Ciencia y Tecnologia Mexico| Universidad Autónoma Metropolitana| El Colegio de la Frontera Sur,Mexico,0
7006056546,7006056546,Partial substitution of soybean meal by Gliricidia sepium or Guazuma ulmifolia leaves in the rations of growing lambs,"Castrejón-Pineda, F.A.| Martínez-Pérez, P.| Corona, L.| Cerdán, J.L.V.| Mendoza, G.D.",5.0,6506424308| 56915995500| 57960110800| 56915743800| 7006056546,2016.0,2016-01-01,Tropical Animal Health and Production,48,1,133-137,-,ISSN-00494747,18937.0,Journal,Springer Netherlands,English,0.94,32,1.8,38,0.533,33,0.63,19.0,12.0,0.41,4.83,38.0,50.0,0.0,0.0,"Castrejón-Pineda, F.A., Martínez-Pérez, P., Corona, L. and 2 more (...) (2016).Partial substitution of soybean meal by Gliricidia sepium or Guazuma ulmifolia leaves in the rations of growing lambs. Tropical Animal Health and Production,48(1) 133-137",https://www.scopus.com/record/display.url?eid=2-s2.0-84954394958&origin=resultslist,10.1007/s11250-015-0932-2,Article,,2-s2.0-84954394958,26494547,Universidad Autónoma Metropolitana| Universidad Nacional Autónoma de México,505017| 505023,Academic,2.0,60032442| 115879081| 60010210,Universidad Nacional Autónoma de México| Centro de Bachillerato Tecnológico Agropecuario No. 194| Universidad Autónoma Metropolitana Unidad Xochimilco,6506424308,7006056546,57960110800,-,Mexico,1.0,1103| 3403,Animal Science and Zoology| Food Animals,5,Life Sciences & Medicine,546| 502,Veterinary Science| Agriculture & Forestry,32,Life Sciences,30,"Agricultural, Veterinary And Food Sciences",3003| 3009,Animal production| Veterinary sciences,-,Methane Reduction through Feed Supplementation Strategies,104,78.417,Enhancing Livestock Production through Silvopastoral Systems,57962,2.168,Very Good,2016.0,12.0,N/A,"Castrejón-Pineda, F.A.| Martínez-Pérez, P.| Corona, L.| Cerdán, J.L.V.| Mendoza, G.D.",Universidad Autónoma Metropolitana| Universidad Nacional Autónoma de México,Mexico,0
7006056546,7006056546,"A polyherbal phytogenic additive improved growth performance, health, and immune response in dairy calves","Sánchez, N.| Lee-Rangel, H.A.| Martínez-Cortés, I.| Mendoza, G.D.| Hernández, P.A.| Espinoza, E.| Vazque Valladolid, A.| Flores Ramírez, R.| Roque-Jimenez, A.| Campillo-Navarro, M.| Relling, A.E.",11.0,58941465100| 52364351900| 56404583800| 7006056546| 7202206930| 57237078200| 57235943700| 59055130900| 57217288094| 56575061600| 22954293800,2021.0,2021-01-01,Food and Agricultural Immunology,32,1,482-498,-,ISSN-09540105,15092.0,Journal,Taylor and Francis Ltd.,English,0.71,50,5.5,15,0.443,37,0.75,20.0,11.0,0.55,12.72,34.0,45.0,0.0,0.0,"Sánchez, N., Lee-Rangel, H.A., Martínez-Cortés, I. and 8 more (...) (2021).A polyherbal phytogenic additive improved growth performance, health, and immune response in dairy calves. Food and Agricultural Immunology,32(1) 482-498",https://www.scopus.com/record/display.url?eid=2-s2.0-85113794460&origin=resultslist,10.1080/09540105.2021.1967296,Article,Gold|Green,2-s2.0-85113794460,-,Universidad Autónoma Metropolitana| Universidad Autonoma de San Luis Potosi| Ohio State University| Universidad Autonoma del Estado de Mexico,505017| 505014| 508179| 505051,Academic,4.0,60031335| 60010210| 60002281| 60013499| 60003500| 60000123| 60001570,Universidad Autónoma de San Luis Potosí| Universidad Autónoma Metropolitana Unidad Xochimilco| Universidad Autónoma del Estado de México| Ohio Agricultural Research and Development Center| The Ohio State University| Hospital 20 de Noviembre| Instituto de Seguridad y Servicios Sociales de los Trabajadores del Estado - ISSSTE,58941465100,22954293800,52364351900,-,Mexico| United States,2.0,1102| 1106| 2403,Agronomy and Crop Science| Food Science| Immunology,5,Life Sciences & Medicine,507| 502,Biological Sciences| Agriculture & Forestry,32,Life Sciences,30| 32,"Agricultural, Veterinary And Food Sciences| Biomedical And Clinical Sciences",3006| 3204,Food sciences| Immunology,SDG 3,Methane Reduction through Feed Supplementation Strategies,104,78.417,Enhancing Rumen Function and Methane Reduction,9917,94.316,Very Good,2021.0,11.0,N/A,"Sánchez, N.| Lee-Rangel, H.A.| Martínez-Cortés, I.| Mendoza, G.D.| Hernández, P.A.| Espinoza, E.| Vazque Valladolid, A.| Flores Ramírez, R.| Roque-Jimenez, A.| Campillo-Navarro, M.| Relling, A.E.",Universidad Autónoma Metropolitana| Universidad Autonoma de San Luis Potosi| Ohio State University| Universidad Autonoma del Estado de Mexico,Mexico| United States,0
7006056546,7006056546,Influence of calcium propionate on in vitro fermentation of sorghum-based diets,"Miranda, L.A.| Lee-Rangel, H.A.| Mendoza-Martínez, G.D.| Crosby-Galván, M.M.| Relling, A.E.| Pinos-Rodríguez, J.M.| Rubio, R.R.| Hernandez, M.G.",8.0,12753806000| 52364351900| 7006056546| 35572779100| 22954293800| 6602784062| 9436627300| 57194615776,2017.0,2017-01-01,Revista de la Facultad de Ciencias Agrarias,49,1,185-192,-,ISSN-03704661,19600161819.0,Journal,Universidad Nacional de Cuyo,English,1.15,22,1.5,47,0.23,69,1.08,31.0,11.0,0.54,7.45,40.0,45.0,0.0,0.0,"Miranda, L.A., Lee-Rangel, H.A., Mendoza-Martínez, G.D. and 5 more (...) (2017).Influence of calcium propionate on in vitro fermentation of sorghum-based diets. Revista de la Facultad de Ciencias Agrarias,49(1) 185-192",https://www.scopus.com/record/display.url?eid=2-s2.0-85021222357&origin=resultslist,-,Article,,2-s2.0-85021222357,-,Consejo Nacional de Investigaciones Científicas y Técnicas| Universidad Nacional de La Plata| Universidad Autónoma Metropolitana| Universidad Autonoma de San Luis Potosi| Colegio de Postgraduados| Ohio State University| Universidad Autonoma del Estado de Mexico| Universidad Autonoma Chapingo,601002| 601006| 505017| 505014| 505003| 508179| 505051| 505047,Academic| Government,8.0,60010597| 60031335| 60010210| 60033065| 60013499| 60003500| 60004518| 60110312| 60032057| 60002281,"Universidad Autónoma Chapingo| Universidad Autónoma de San Luis Potosí| Universidad Autónoma Metropolitana Unidad Xochimilco| Colegio De Postgraduados Campus Montecillo| Ohio Agricultural Research and Development Center| The Ohio State University| Consejo Nacional de Investigaciones Científicas y Técnicas| Facultad de Ciencias Veterinarias, Universidad Nacional de La Plata| Universidad Nacional de La Plata| Universidad Autónoma del Estado de México",12753806000,57194615776,-,-,Mexico| United States| Argentina,3.0,1102| 1110,Agronomy and Crop Science| Plant Science,5,Life Sciences & Medicine,502,Agriculture & Forestry,32,Life Sciences,31| 30,"Biological Sciences| Agricultural, Veterinary And Food Sciences",3008| 3004| 3109,Horticultural production| Crop and pasture production| Zoology,-,Reproductive Efficiency in Dairy and Meat Production,906,31.001,Metabolic Insights into Dairy Cow Nutrition,76415,40.432,Defensible,2017.0,11.0,N/A,"Miranda, L.A.| Lee-Rangel, H.A.| Mendoza-Martínez, G.D.| Crosby-Galván, M.M.| Relling, A.E.| Pinos-Rodríguez, J.M.| Rubio, R.R.| Hernandez, M.G.",Consejo Nacional de Investigaciones Científicas y Técnicas| Universidad Nacional de La Plata| Universidad Autónoma Metropolitana| Universidad Autonoma de San Luis Potosi| Colegio de Postgraduados| Ohio State University| Universidad Autonoma del Estado de Mexico| Universidad Autonoma Chapingo,Mexico| United States| Argentina,0
7006056546,7006056546,Variation in the diet composition of the white tailed deer (Odocoileus virginianus) in the Tehuacán-Cuicatlán Biosphere Reserve,"Vasquez, Y.| Tarango, L.| López-Pérez, E.| Herrera, J.| Mendoza, G.| Mandujano, S.",6.0,57190813458| 6603214320| 57189698013| 57541723800| 7006056546| 55930549000,2015.0,2015-01-01,"Revista Chapingo, Serie Ciencias Forestales y del Ambiente",22,1,87-98,-,ISSN-20073828,19400158588.0,Journal,Universidad Autonoma Chapingo,English| Spanish,0.35,72,0.3,85,0.155,78,0.31,42.0,11.0,0.32,6.25,40.0,54.0,0.0,0.0,"Vasquez, Y., Tarango, L., López-Pérez, E. and 3 more (...) (2015).Variation in the diet composition of the white tailed deer (Odocoileus virginianus) in the Tehuacán-Cuicatlán Biosphere Reserve. Revista Chapingo, Serie Ciencias Forestales y del Ambiente,22(1) 87-98",https://www.scopus.com/record/display.url?eid=2-s2.0-84983336761&origin=resultslist,10.5154/r.rchscfa.2015.04.012,Article,Gold|Green,2-s2.0-84983336761,-,"Instituto de Ecologia, A.C.| Universidad Autónoma Metropolitana| Colegio de Postgraduados| Universidad Autonoma Chapingo",505034| 505017| 505003| 505047,Academic| Government,4.0,60033065| 60031998| 60010597| 60010210| 60024712,"Colegio De Postgraduados Campus Montecillo| Colegio De Postgraduados Campus San Luis Potosí| Universidad Autónoma Chapingo| Universidad Autónoma Metropolitana Unidad Xochimilco| Instituto de Ecología, A.C.",57190813458,55930549000,55930549000,-,Mexico,1.0,1107| 2303,Forestry| Ecology,5| 4,Life Sciences & Medicine| Natural Sciences,424| 502,Environmental Sciences| Agriculture & Forestry,37| 32,Physical Sciences| Life Sciences,41| 31| 30,"Environmental Sciences| Biological Sciences| Agricultural, Veterinary And Food Sciences",3199| 3007| 4104,Other biological sciences| Forestry sciences| Environmental management,SDG 15,Genetic Diversity and Evolutionary Insights Across Species,10,80.706,Cultural Practices in Plant Management and Diversity,63150,57.234,Defensible,2015.0,11.0,N/A,"Vasquez, Y.| Tarango, L.| López-Pérez, E.| Herrera, J.| Mendoza, G.| Mandujano, S.","Instituto de Ecologia, A.C.| Universidad Autónoma Metropolitana| Colegio de Postgraduados| Universidad Autonoma Chapingo",Mexico,0
7006056546,7006056546,"Influence of supplemental canola or soybean oil on milk yield, fatty acid profile and postpartum weight changes in grazing dairy goats","Lerma-Reyes, I.| Mendoza-Martínez, G.D.| Rojo-Rubio, R.| Mejia, M.| García-Lopez, J.C.| Lee-Rangel, H.A.",6.0,57200380259| 7006056546| 9436627300| 57200733912| 55993724600| 52364351900,2018.0,2018-02-01,Asian-Australasian Journal of Animal Sciences,31,2,225-229,-,ISSN-10112367,78414.0,Journal,Asian-Australasian Association of Animal Production Societies,English,-,-,2.4,26,0.638,25,1.98,54.0,10.0,0.82,7.31,41.0,34.0,0.0,0.0,"Lerma-Reyes, I., Mendoza-Martínez, G.D., Rojo-Rubio, R. and 3 more (...) (2018).Influence of supplemental canola or soybean oil on milk yield, fatty acid profile and postpartum weight changes in grazing dairy goats. Asian-Australasian Journal of Animal Sciences,31(2) 225-229",https://www.scopus.com/record/display.url?eid=2-s2.0-85041088113&origin=resultslist,10.5713/ajas.17.0058,Article,Gold|Green,2-s2.0-85041088113,-,Universidad Autónoma Metropolitana| Universidad Autonoma de San Luis Potosi| Universidad Autonoma de Sinaloa| Universidad Autonoma del Estado de Mexico,505017| 505014| 704857| 505051,Academic,4.0,60031335| 60010210| 60002281| 60012676,Universidad Autónoma de San Luis Potosí| Universidad Autónoma Metropolitana Unidad Xochimilco| Universidad Autónoma del Estado de México| Universidad Autónoma de Sinaloa,57200380259,52364351900,52364351900,-,Mexico,1.0,1103| 1106| 2200,Animal Science and Zoology| Food Science| General Engineering,2| 5,Engineering & Technology| Life Sciences & Medicine,502,Agriculture & Forestry,36| 32,Engineering| Life Sciences,30,"Agricultural, Veterinary And Food Sciences",3003,Animal production,-,Methane Reduction through Feed Supplementation Strategies,104,78.417,Fatty Acids and Their Impact on Dairy Milk,1199,96.292,Definitive,2018.0,10.0,N/A,"Lerma-Reyes, I.| Mendoza-Martínez, G.D.| Rojo-Rubio, R.| Mejia, M.| García-Lopez, J.C.| Lee-Rangel, H.A.",Universidad Autónoma Metropolitana| Universidad Autonoma de San Luis Potosi| Universidad Autonoma de Sinaloa| Universidad Autonoma del Estado de Mexico,Mexico,0
7006056546,7006056546,Effects of types and doses of yeast on gas production and in vitro digestibility of diets containing maize (Zea mays) and lucerne (Medicago sativa) or oat hay,"Elmasry, A.M.A.| Mendoza, G.D.| Miranda, L.A.| Vázquez, G.| Salem, A.Z.M.| Hernández, P.A.",6.0,57192687933| 7006056546| 12753806000| 57192300739| 56589498600| 7202206930,2016.0,2016-01-01,South African Journal of Animal Science,46,4,391-397,-,ISSN-03751589,54988.0,Journal,South African Bureau for Scientific Publications,English,0.67,50,1.3,53,0.337,56,1.19,38.0,10.0,0.44,4.53,42.0,49.0,0.0,1.0,"Elmasry, A.M.A., Mendoza, G.D., Miranda, L.A. and 3 more (...) (2016).Effects of types and doses of yeast on gas production and in vitro digestibility of diets containing maize (Zea mays) and lucerne (Medicago sativa) or oat hay. South African Journal of Animal Science,46(4) 391-397",https://www.scopus.com/record/display.url?eid=2-s2.0-85007381916&origin=resultslist,10.4314/sajas.v46i4.7,Article,Gold,2-s2.0-85007381916,-,Universidad Autónoma Metropolitana| Menoufia University| Universidad Autonoma del Estado de Mexico| Universidad Autonoma Chapingo,505017| 104009| 505051| 505047,Academic,4.0,60010210| 60273991| 60274028| 60023291| 60010597| 60002281,Universidad Autónoma Metropolitana Unidad Xochimilco| College of Agriculture| Faculty of Science| Menoufia University| Universidad Autónoma Chapingo| Universidad Autónoma del Estado de México,57192687933,7202206930,57192300739,-,Mexico| Egypt,2.0,1103,Animal Science and Zoology,5,Life Sciences & Medicine,502,Agriculture & Forestry,32,Life Sciences,30,"Agricultural, Veterinary And Food Sciences",3003,Animal production,-,Methane Reduction through Feed Supplementation Strategies,104,78.417,Probiotic Yeast Influence on Ruminant Nutrition,12918,89.078,Definitive,2016.0,10.0,N/A,"Elmasry, A.M.A.| Mendoza, G.D.| Miranda, L.A.| Vázquez, G.| Salem, A.Z.M.| Hernández, P.A.",Universidad Autónoma Metropolitana| Menoufia University| Universidad Autonoma del Estado de Mexico| Universidad Autonoma Chapingo,Mexico| Egypt,0
7006056546,7006056546,"Effects of increasing dietary concentrations of fish oil on lamb performance, ruminal fermentation, and leptin gene expression in perirenal fat","Hernández-García, P.A.| Mendoza-Martínez, G.D.| Sánchez, N.| Martínez-García, J.A.| Plata-Pérez, F.X.| Lara-Bueno, A.| Ferraro, S.M.",7.0,7202206930| 7006056546| 58941465100| 55570653300| 9635011500| 27667624300| 24400846900,2017.0,2017-06-01,Revista Brasileira de Zootecnia,46,6,521-526,-,ISSN-15163598,18852.0,Journal,Sociedade Brasileira de Zootecnia,English,0.9,35,1,65,0.337,56,0.92,31.0,10.0,0.2,5.02,42.0,63.0,0.0,0.0,"Hernández-García, P.A., Mendoza-Martínez, G.D., Sánchez, N. and 4 more (...) (2017).Effects of increasing dietary concentrations of fish oil on lamb performance, ruminal fermentation, and leptin gene expression in perirenal fat. Revista Brasileira de Zootecnia,46(6) 521-526",https://www.scopus.com/record/display.url?eid=2-s2.0-85026753162&origin=resultslist,10.1590/S1806-92902017000600007,Article,Gold|Green,2-s2.0-85026753162,-,Universidad Autónoma Metropolitana| Universidad Autonoma del Estado de Mexico| Universidad Autonoma Chapingo,505017| 505051| 505047,Academic,3.0,60002281| 60010210| 60010597,Universidad Autónoma del Estado de México| Universidad Autónoma Metropolitana Unidad Xochimilco| Universidad Autónoma Chapingo,7202206930,24400846900,7006056546,-,Mexico,1.0,1103,Animal Science and Zoology,5,Life Sciences & Medicine,502,Agriculture & Forestry,32,Life Sciences,30,"Agricultural, Veterinary And Food Sciences",-,-,-,Methane Reduction through Feed Supplementation Strategies,104,78.417,Conjugated Linoleic Acid and Its Health Implications,3938,86.597,Weak,2017.0,10.0,N/A,"Hernández-García, P.A.| Mendoza-Martínez, G.D.| Sánchez, N.| Martínez-García, J.A.| Plata-Pérez, F.X.| Lara-Bueno, A.| Ferraro, S.M.",Universidad Autónoma Metropolitana| Universidad Autonoma del Estado de Mexico| Universidad Autonoma Chapingo,Mexico,0
7006056546,7006056546,Effects of dietary calcium propionate supplementation on hypothalamic neuropeptide messenger rna expression and growth performance in finishing rambouillet lambs,"Cifuentes-Lopez, O.| Lee-Rangel, H.A.| Mendoza, G.D.| Delgado-Sanchez, P.| Guerrero-Gonzalez, L.| Chay-Canul, A.| Pinos-Rodriguez, J.M.| Flores-Ramírez, R.| Roque-Jiménez, J.A.| Relling, A.E.",10.0,57206483188| 52364351900| 7006056546| 36665982100| 57224998453| 56013716200| 6602784062| 59055130900| 57217288094| 22954293800,2021.0,2021-06-01,Life,11,6,-,566,ISSN-20751729,27202.0,Journal,MDPI AG,English,0.77,46,1.9,59,0.588,34,0.69,11.0,10.0,0.68,10.36,36.0,39.0,0.0,0.0,"Cifuentes-Lopez, O., Lee-Rangel, H.A., Mendoza, G.D. and 7 more (...) (2021).Effects of dietary calcium propionate supplementation on hypothalamic neuropeptide messenger rna expression and growth performance in finishing rambouillet lambs. Life,11(6) ",https://www.scopus.com/record/display.url?eid=2-s2.0-85108874961&origin=resultslist,10.3390/life11060566,Article,Gold|Green,2-s2.0-85108874961,-,Consejo Nacional de Ciencia y Tecnologia Mexico| Universidad Autónoma Metropolitana| Universidad Autonoma de San Luis Potosi| Ohio State University| Universidad Juarez Autonoma de Tabasco| Universidad Veracruzana,704696| 505017| 505014| 508179| 705961| 505056,Government| Academic,6.0,60031335| 60010210| 60025378| 60007909| 60027998| 60013499| 60003500,"Universidad Autónoma de San Luis Potosí| Universidad Autónoma Metropolitana Unidad Xochimilco| Universidad Juárez Autónoma de Tabasco| Universidad Veracruzana| Secretaría de Ciencia, Humanidades, Tecnología e Innovación| Ohio Agricultural Research and Development Center| The Ohio State University",57206483188,22954293800,52364351900,-,Mexico| United States,2.0,1105| 1300| 1911| 1912,"Ecology, Evolution, Behavior and Systematics| General Biochemistry,Genetics and Molecular Biology| Paleontology| Space and Planetary Science",5| 4,Life Sciences & Medicine| Natural Sciences,502| 451| 416| 450| 507,Agriculture & Forestry| Geophysics| Earth & Marine Sciences| Geology| Biological Sciences,37| 32,Physical Sciences| Life Sciences,31| 46,Biological Sciences| Information And Computing Sciences,3104| 3101| 4601,Evolutionary biology| Biochemistry and cell biology| Applied computing,-,Reproductive Efficiency in Dairy and Meat Production,906,31.001,Metabolic Insights into Dairy Cow Nutrition,76415,40.432,Very Good,2021.0,10.0,N/A,"Cifuentes-Lopez, O.| Lee-Rangel, H.A.| Mendoza, G.D.| Delgado-Sanchez, P.| Guerrero-Gonzalez, L.| Chay-Canul, A.| Pinos-Rodriguez, J.M.| Flores-Ramírez, R.| Roque-Jiménez, J.A.| Relling, A.E.",Consejo Nacional de Ciencia y Tecnologia Mexico| Universidad Autónoma Metropolitana| Universidad Autonoma de San Luis Potosi| Ohio State University| Universidad Juarez Autonoma de Tabasco| Universidad Veracruzana,Mexico| United States,0
7006056546,7006056546,Genetic variability and structure of jaguar (Panthera onca) in Mexican zoos,"Rueda-Zozaya, P.| Mendoza-Martínez, G.D.| Martínez-Gómez, D.| Monroy-Vilchis, O.| Godoy, J.A.| Sunny, A.| Palomares, F.| Chávez, C.| Herrera-Haro, J.",9.0,57063559400| 7006056546| 55556603400| 14034649700| 7005147724| 55810400500| 56512553700| 56013690100| 8910695700,2016.0,2016-02-01,Genetica,144,1,59-69,-,ISSN-00166707,22171.0,Journal,Springer International Publishing,English,0.66,50,2.1,30,0.666,23,2.36,49.0,10.0,0.79,6.36,42.0,35.0,0.0,0.0,"Rueda-Zozaya, P., Mendoza-Martínez, G.D., Martínez-Gómez, D. and 6 more (...) (2016).Genetic variability and structure of jaguar (Panthera onca) in Mexican zoos. Genetica,144(1) 59-69",https://www.scopus.com/record/display.url?eid=2-s2.0-84958042685&origin=resultslist,10.1007/s10709-015-9878-6,Article,Green,2-s2.0-84958042685,26790662,CSIC| Universidad Autónoma Metropolitana| Colegio de Postgraduados| Universidad Autonoma del Estado de Mexico| CSIC - Doñana Biological Station,312004| 505017| 505003| 505051| 714794,Government| Academic,5.0,60010210| 60002281| 60006754| 60006627| 60112837| 60033065,Universidad Autónoma Metropolitana Unidad Xochimilco| Universidad Autónoma del Estado de México| Consejo Superior de Investigaciones Científicas| CSIC - Estación Biológica de Doñana (EBD)| Universidad Autónoma Metropolitana-Lerma| Colegio De Postgraduados Campus Montecillo,57063559400,8910695700,55556603400,-,Mexico| Spain,2.0,1103| 1109| 1110| 1311,Animal Science and Zoology| Insect Science| Plant Science| Genetics,5,Life Sciences & Medicine,507| 502,Biological Sciences| Agriculture & Forestry,32,Life Sciences,31,Biological Sciences,3105,Genetics,SDG 15,Genetic Diversity and Evolutionary Insights Across Species,10,80.706,Genetic Diversity and Effective Population Management,9121,91.621,Very Good,2016.0,10.0,N/A,"Rueda-Zozaya, P.| Mendoza-Martínez, G.D.| Martínez-Gómez, D.| Monroy-Vilchis, O.| Godoy, J.A.| Sunny, A.| Palomares, F.| Chávez, C.| Herrera-Haro, J.",CSIC| Universidad Autónoma Metropolitana| Colegio de Postgraduados| Universidad Autonoma del Estado de Mexico| CSIC - Doñana Biological Station,Mexico| Spain,0
7006056546,7006056546,Ecology of puma concolor (Carnivora: Felidae) in a Mexican tropical forest: Adaptation to environmental disturbances,"Ávila-Nájera, D.M.| Chávez, C.| Pérez-Elizalde, S.| Guzmán-Plazola, R.A.| Mendoza, G.D.| Lazcano-Barrero, M.A.",6.0,53983764100| 56013690100| 24822884300| 15841342400| 7006056546| 57151250400,2018.0,2018-01-01,Revista de Biologia Tropical,66,1,78-90,-,ISSN-00347744,13567.0,Journal,Universidad de Costa Rica,English,0.5,65,1,49,0.328,42,2.12,70.0,10.0,0.84,7.13,41.0,34.0,0.0,0.0,"Ávila-Nájera, D.M., Chávez, C., Pérez-Elizalde, S. and 3 more (...) (2018).Ecology of puma concolor (Carnivora: Felidae) in a Mexican tropical forest: Adaptation to environmental disturbances. Revista de Biologia Tropical,66(1) 78-90",https://www.scopus.com/record/display.url?eid=2-s2.0-85041400762&origin=resultslist,10.15517/rbt.v66i1.27862,Article,Gold|Green,2-s2.0-85041400762,-,Universidad Autónoma Metropolitana| Colegio de Postgraduados,505017| 505003,Academic,2.0,60010210| 60112837| 60033065| 120172431,Universidad Autónoma Metropolitana Unidad Xochimilco| Universidad Autónoma Metropolitana-Lerma| Colegio De Postgraduados Campus Montecillo| El Eden Ecological Reserve,53983764100,57151250400,15841342400,-,Mexico,1.0,1100,General Agricultural and Biological Sciences,5,Life Sciences & Medicine,502,Agriculture & Forestry,32,Life Sciences,31| 41,Biological Sciences| Environmental Sciences,3103| 4104| 3109,Ecology| Environmental management| Zoology,SDG 15,Conservation Strategies for Endangered Species Management,689,51.145,Conservation Strategies for Jaguars and Pumas,24074,69.701,Very Good,2018.0,10.0,N/A,"Ávila-Nájera, D.M.| Chávez, C.| Pérez-Elizalde, S.| Guzmán-Plazola, R.A.| Mendoza, G.D.| Lazcano-Barrero, M.A.",Universidad Autónoma Metropolitana| Colegio de Postgraduados,Mexico,0
7006056546,7006056546,Milk production in dairy goats supplemented with different levels of ruminally protected methionine,"Alonso-Mélendez, E.| Mendoza, G.D.| Castrejón-Pineda, F.A.| Ducoing-Watty, A.E.",4.0,57188874268| 7006056546| 6506424308| 16244764800,2016.0,2016-05-01,Journal of Dairy Research,83,2,148-150,-,ISSN-00220299,39098.0,Journal,Cambridge University Press,English,0.9,35,2.7,20,0.648,23,0.74,27.0,9.0,0.17,5.89,44.0,64.0,0.0,0.0,"Alonso-Mélendez, E., Mendoza, G.D., Castrejón-Pineda, F.A. and 1 more (...) (2016).Milk production in dairy goats supplemented with different levels of ruminally protected methionine. Journal of Dairy Research,83(2) 148-150",https://www.scopus.com/record/display.url?eid=2-s2.0-84964048292&origin=resultslist,10.1017/S002202991600011X,Article,,2-s2.0-84964048292,27048778,Universidad Autónoma Metropolitana| Universidad Nacional Autónoma de México,505017| 505023,Academic,2.0,60032442| 60010210,Universidad Nacional Autónoma de México| Universidad Autónoma Metropolitana Unidad Xochimilco,57188874268,16244764800,7006056546,-,Mexico,1.0,1103| 1106,Animal Science and Zoology| Food Science,5,Life Sciences & Medicine,502,Agriculture & Forestry,32,Life Sciences,30,"Agricultural, Veterinary And Food Sciences",3006| 3003,Food sciences| Animal production,-,Methane Reduction through Feed Supplementation Strategies,104,78.417,Impact of Rumen-Protected Amino Acids on Dairy Cows,30892,66.584,Very Good,2016.0,9.0,N/A,"Alonso-Mélendez, E.| Mendoza, G.D.| Castrejón-Pineda, F.A.| Ducoing-Watty, A.E.",Universidad Autónoma Metropolitana| Universidad Nacional Autónoma de México,Mexico,0
7006056546,7006056546,Evaluation of polyherbal with vitamin C activity on lamb performance and meat characteristics,"Lozano-Sánchez, M.| Mendoza-Martínez, G.D.| Martínez-García, J.A.| de la Torre-Hernández, M.E.| Chamorro-Ramírez, F.H.| Martínez-Aispuro, J.A.| Cordero-Mora, J.L.| Sánchez-Torres, M.T.| Hernández-García, P.A.| Jones, R.",10.0,57812441400| 7006056546| 57219340115| 56598091900| 36714762600| 56196313300| 8917330400| 15048944100| 7202206930| 58333977300,2021.0,2021-01-01,Revista Brasileira de Zootecnia,50,-,-,e20200166,ISSN-15163598,18852.0,Journal,Sociedade Brasileira de Zootecnia,English,0.65,54,1.8,52,0.34,52,0.66,19.0,9.0,0.92,6.53,38.0,31.0,0.0,0.0,"Lozano-Sánchez, M., Mendoza-Martínez, G.D., Martínez-García, J.A. and 7 more (...) (2021).Evaluation of polyherbal with vitamin C activity on lamb performance and meat characteristics. Revista Brasileira de Zootecnia,50",https://www.scopus.com/record/display.url?eid=2-s2.0-85125271717&origin=resultslist,10.37496/RBZ5020200166,Article,Gold|Green,2-s2.0-85125271717,-,Universidad Autónoma Metropolitana| Colegio de Postgraduados| Universidad Autonoma del Estado de Mexico,505017| 505003| 505051,Academic,3.0,60014923| 60033065| 60002281| 127008008,Universidad Autónoma Metropolitana| Colegio De Postgraduados Campus Montecillo| Universidad Autónoma del Estado de México| Nuproxa Switzerland,57812441400,58333977300,7006056546,-,Mexico| Switzerland,2.0,1103,Animal Science and Zoology,5,Life Sciences & Medicine,502,Agriculture & Forestry,32,Life Sciences,30,"Agricultural, Veterinary And Food Sciences",-,-,-,Selenium and Vitamin C in Health Management,714,42.838,Vitamin C and Mastitis Management in Cattle,72782,21.64,Defensible,2021.0,9.0,N/A,"Lozano-Sánchez, M.| Mendoza-Martínez, G.D.| Martínez-García, J.A.| de la Torre-Hernández, M.E.| Chamorro-Ramírez, F.H.| Martínez-Aispuro, J.A.| Cordero-Mora, J.L.| Sánchez-Torres, M.T.| Hernández-García, P.A.| Jones, R.",Universidad Autónoma Metropolitana| Colegio de Postgraduados| Universidad Autonoma del Estado de Mexico,Mexico| Switzerland,0
7006056546,7006056546,An Indian polyherbal phytogenic source improved blood serum biochemistry and immune response of dairy calves,"Lee-Rangel, H.A.| Mendoza-Martinez, G.D.| Martínez-García, J.A.| Espinosa-Ayala, E.| Hernández-García, P.A.| Cifuentes-López, R.O.| Vazquez-Valladolid, A.| García-López, J.C.| Lara-Bueno, A.| Roque-Jiménez, J.A.",10.0,52364351900| 7006056546| 57219340115| 16241215200| 7202206930| 57206483188| 57218406746| 55993724600| 27667624300| 57217288094,2022.0,2022-01-01,Food and Agricultural Immunology,33,1,97-112,-,ISSN-09540105,15092.0,Journal,Taylor and Francis Ltd.,English,0.68,51,6,17,0.51,32,0.35,9.0,9.0,0.62,12.87,33.0,43.0,0.0,0.0,"Lee-Rangel, H.A., Mendoza-Martinez, G.D., Martínez-García, J.A. and 7 more (...) (2022).An Indian polyherbal phytogenic source improved blood serum biochemistry and immune response of dairy calves. Food and Agricultural Immunology,33(1) 97-112",https://www.scopus.com/record/display.url?eid=2-s2.0-85123415021&origin=resultslist,10.1080/09540105.2021.2024150,Article,Gold|Green,2-s2.0-85123415021,-,Universidad Autónoma Metropolitana| Universidad Autonoma de San Luis Potosi| Universidad Autonoma del Estado de Mexico| Universidad Autonoma Chapingo,505017| 505014| 505051| 505047,Academic,4.0,60031335| 60010210| 60002281| 60010597,Universidad Autónoma de San Luis Potosí| Universidad Autónoma Metropolitana Unidad Xochimilco| Universidad Autónoma del Estado de México| Universidad Autónoma Chapingo,52364351900,57217288094,57217288094,-,Mexico,1.0,1102| 1106| 2403,Agronomy and Crop Science| Food Science| Immunology,5,Life Sciences & Medicine,507| 502,Biological Sciences| Agriculture & Forestry,32,Life Sciences,32| 30,"Biomedical And Clinical Sciences| Agricultural, Veterinary And Food Sciences",3204| 3006,Immunology| Food sciences,-,Methane Reduction through Feed Supplementation Strategies,104,78.417,Enhancing Rumen Function and Methane Reduction,9917,94.316,Very Good,2022.0,9.0,N/A,"Lee-Rangel, H.A.| Mendoza-Martinez, G.D.| Martínez-García, J.A.| Espinosa-Ayala, E.| Hernández-García, P.A.| Cifuentes-López, R.O.| Vazquez-Valladolid, A.| García-López, J.C.| Lara-Bueno, A.| Roque-Jiménez, J.A.",Universidad Autónoma Metropolitana| Universidad Autonoma de San Luis Potosi| Universidad Autonoma del Estado de Mexico| Universidad Autonoma Chapingo,Mexico,0
7006056546,7006056546,"Effects of grain level on lamb performance, ruminal metabolism and leptin mRNA expression in perirenal adipose tissue","Hernández, P.A.| Mendoza, G.D.| Castro, A.| Lara, A.| Plata, F.X.| Martínez, J.A.| Ferraro, S.",7.0,7202206930| 7006056546| 57214144746| 57198056497| 9635011500| 55570653300| 24400846900,2017.0,2017-01-01,Animal Production Science,57,10,2001-2006,-,ISSN-18360939,16900154706.0,Journal,CSIRO,English,0.91,34,2.6,24,0.637,26,0.33,16.0,9.0,0.31,6.49,44.0,56.0,0.0,0.0,"Hernández, P.A., Mendoza, G.D., Castro, A. and 4 more (...) (2017).Effects of grain level on lamb performance, ruminal metabolism and leptin mRNA expression in perirenal adipose tissue. Animal Production Science,57(10) 2001-2006",https://www.scopus.com/record/display.url?eid=2-s2.0-85028625659&origin=resultslist,10.1071/AN15564,Article,,2-s2.0-85028625659,-,Universidad Autónoma Metropolitana| Universidad Autonoma del Estado de Mexico| Universidad Autonoma Chapingo,505017| 505051| 505047,Academic,3.0,60002281| 60010210| 60010597,Universidad Autónoma del Estado de México| Universidad Autónoma Metropolitana Unidad Xochimilco| Universidad Autónoma Chapingo,7202206930,24400846900,7006056546,-,Mexico,1.0,1103| 1106,Animal Science and Zoology| Food Science,5,Life Sciences & Medicine,502,Agriculture & Forestry,32,Life Sciences,41| 31| 30,"Environmental Sciences| Biological Sciences| Agricultural, Veterinary And Food Sciences",-,-,-,Methane Reduction through Feed Supplementation Strategies,104,78.417,Starch Digestibility in Grain-Based Diets,23037,68.253,Weak,2017.0,9.0,N/A,"Hernández, P.A.| Mendoza, G.D.| Castro, A.| Lara, A.| Plata, F.X.| Martínez, J.A.| Ferraro, S.",Universidad Autónoma Metropolitana| Universidad Autonoma del Estado de Mexico| Universidad Autonoma Chapingo,Mexico,0
7006056546,7006056546,"Nesting of Morelet’s crocodile, Crocodylus moreletii (Dumeril and Bibron), in Los Tuxtlas, Mexico","Villegas, A.| Mendoza, G.D.| Arcos-García, J.L.| Reynoso, V.H.",4.0,56192178400| 7006056546| 14053681900| 55993704600,2017.0,2017-11-01,Brazilian Journal of Biology,77,4,724-730,-,ISSN-15196984,13841.0,Journal,Instituto Internacional de Ecologia,English,0.73,47,1.4,44,0.523,29,0.98,26.0,9.0,0.31,6.39,44.0,56.0,0.0,0.0,"Villegas, A., Mendoza, G.D., Arcos-García, J.L. and 1 more (...) (2017).Nesting of Morelet’s crocodile, Crocodylus moreletii (Dumeril and Bibron), in Los Tuxtlas, Mexico. Brazilian Journal of Biology,77(4) 724-730",https://www.scopus.com/record/display.url?eid=2-s2.0-85030672498&origin=resultslist,10.1590/1519-6984.19015,Article,Gold|Green,2-s2.0-85030672498,28355391,Universidad del Mar| Universidad Autónoma Metropolitana| Universidad Nacional Autónoma de México,715579| 505017| 505023,Academic,3.0,60010210| 60032442| 60023058,"Universidad Autónoma Metropolitana Unidad Xochimilco| Universidad Nacional Autónoma de México| Universidad del Mar, Puerto Ángel",56192178400,55993704600,-,-,Mexico,1.0,1100,General Agricultural and Biological Sciences,5,Life Sciences & Medicine,502,Agriculture & Forestry,32,Life Sciences,31| 30,"Biological Sciences| Agricultural, Veterinary And Food Sciences",3005| 3109| 3103,Fisheries sciences| Zoology| Ecology,SDG 11,Conservation Strategies for Endangered Species Management,689,51.145,Crocodilian Population Dynamics and Genetic Insights,8242,73.898,Definitive,2017.0,9.0,N/A,"Villegas, A.| Mendoza, G.D.| Arcos-García, J.L.| Reynoso, V.H.",Universidad del Mar| Universidad Autónoma Metropolitana| Universidad Nacional Autónoma de México,Mexico,0
7006056546,7006056546,"Habitat use of jaguar (Panthera onca) in a tropical forest in northern Quintana Roo, Mexico","Ávila-Nájera, D.M.| Lazcano-Barrero, M.A.| Chávez, C.| Pérez-Elizalde, S.| Tigar, B.| Mendoza, G.D.",6.0,53983764100| 57151250400| 56013690100| 24822884300| 6602117447| 7006056546,2019.0,2019-01-01,Revista Mexicana de Biodiversidad,90,-,-,e902186,ISSN-18703453,4700152414.0,Journal,Universidad Nacional Autonoma de Mexico,English,0.85,40,1.4,64,0.342,65,2.72,59.0,8.0,0.35,8.53,45.0,55.0,0.0,0.0,"Ávila-Nájera, D.M., Lazcano-Barrero, M.A., Chávez, C. and 3 more (...) (2019).Habitat use of jaguar (Panthera onca) in a tropical forest in northern Quintana Roo, Mexico. Revista Mexicana de Biodiversidad,90",https://www.scopus.com/record/display.url?eid=2-s2.0-85063351912&origin=resultslist,10.22201/ib.20078706e.2019.90.2186,Article,Gold|Green,2-s2.0-85063351912,-,Universidad Autónoma Metropolitana| Colegio de Postgraduados| University of Central Lancashire,505017| 505003| 315069,Academic,3.0,60010210| 126775314| 122290704| 60112837| 60033065| 60031259,Universidad Autónoma Metropolitana Unidad Xochimilco| Universidad Politécnica de Huatusco| Reserva Ecológica El Edén A.C.| Universidad Autónoma Metropolitana-Lerma| Colegio De Postgraduados Campus Montecillo| University of Central Lancashire,53983764100,7006056546,7006056546,-,United Kingdom| Mexico,2.0,1105,"Ecology, Evolution, Behavior and Systematics",5,Life Sciences & Medicine,502,Agriculture & Forestry,32,Life Sciences,41| 31,Environmental Sciences| Biological Sciences,3103| 4104| 3109,Ecology| Environmental management| Zoology,SDG 15,Conservation Strategies for Endangered Species Management,689,51.145,Conservation Strategies for Jaguars and Pumas,24074,69.701,Very Good,2019.0,8.0,N/A,"Ávila-Nájera, D.M.| Lazcano-Barrero, M.A.| Chávez, C.| Pérez-Elizalde, S.| Tigar, B.| Mendoza, G.D.",Universidad Autónoma Metropolitana| Colegio de Postgraduados| University of Central Lancashire,United Kingdom| Mexico,0
7006056546,7006056546,Caesalpinia coriaria fruits and leaves extracts possess in vitro ovicidal activity against haemonchus contortus and haemonchus placei,"Rojo-Rubio, R.| González-Cortazar, M.| Olmedo-Juárez, A.| Zamilpa, A.| Arece-García, J.| Mendoza-Martínez, G.D.| Lee, H.A.| Vázquez-Armijo, J.F.| Gives, P.M.",9.0,57204538682| 56000817300| 55177191700| 55995895500| 18436046600| 7006056546| 57212566135| 26536891600| 55995488800,2019.0,2019-01-01,Veterinaria Mexico OA,6,4,-,-,ISSN-24486760,21101134316.0,Journal,-,English,0.22,83,-,-,0.149,79,0.96,33.0,7.0,0.6,5.0,47.0,43.0,0.0,0.0,"Rojo-Rubio, R., González-Cortazar, M., Olmedo-Juárez, A. and 6 more (...) (2019).Caesalpinia coriaria fruits and leaves extracts possess in vitro ovicidal activity against haemonchus contortus and haemonchus placei. Veterinaria Mexico OA,6(4) ",https://www.scopus.com/record/display.url?eid=2-s2.0-85077071713&origin=resultslist,10.22201/fmvz.24486760e.2019.4.601,Article,Gold,2-s2.0-85077071713,-,"Instituto Nacional de Investigaciones Forestales, Agricolas y Pecuarias| Universidad Autónoma Metropolitana| Universidad Autonoma de San Luis Potosi| Instituto Mexicano del Seguro Social| Universidad Autonoma del Estado de Mexico| Universidad de Matanzas Camilo Cienfuegos",505038| 505017| 505014| 505006| 505051| 717984,Academic| Government,6.0,60002281| 60008467| 60017983| 60069781| 60014923| 60031335,"Universidad Autónoma del Estado de México| Instituto Mexicano del Seguro Social| Instituto Nacional de Investigaciones Forestales, Agricolas y Pecuarias| University of Matanzas| Universidad Autónoma Metropolitana| Universidad Autónoma de San Luis Potosí",57204538682,55995488800,55177191700,-,Mexico| Cuba,2.0,3400,General Veterinary,5,Life Sciences & Medicine,546,Veterinary Science,32,Life Sciences,-,-,-,-,-,Parasite Dynamics in Livestock and Wildlife,670,54.48,Anthelmintic Potential of Plant Extracts Against Nematodes,17131,88.635,Definitive,2019.0,7.0,N/A,"Rojo-Rubio, R.| González-Cortazar, M.| Olmedo-Juárez, A.| Zamilpa, A.| Arece-García, J.| Mendoza-Martínez, G.D.| Lee, H.A.| Vázquez-Armijo, J.F.| Gives, P.M.","Instituto Nacional de Investigaciones Forestales, Agricolas y Pecuarias| Universidad Autónoma Metropolitana| Universidad Autonoma de San Luis Potosi| Instituto Mexicano del Seguro Social| Universidad Autonoma del Estado de Mexico| Universidad de Matanzas Camilo Cienfuegos",Mexico| Cuba,0
7006056546,7006056546,A simulation model to predict body weight gain in lambs fed high-grain diets,"Osorio, A.I.| Mendoza, G.D.| Plata, F.X.| Martínez, J.A.| Vargas, L.| Ortega, G.C.",6.0,56490098000| 7006056546| 9635011500| 55570653300| 6506041530| 57212808186,2015.0,2015-02-01,Small Ruminant Research,123,2-3,246-250,-,ISSN-09214488,92166.0,Journal,Elsevier B.V.,English,1.04,27,2.1,30,0.623,28,1.31,42.0,7.0,0.65,4.6,49.0,40.0,0.0,0.0,"Osorio, A.I., Mendoza, G.D., Plata, F.X. and 3 more (...) (2015).A simulation model to predict body weight gain in lambs fed high-grain diets. Small Ruminant Research,123(2-3) 246-250",https://www.scopus.com/record/display.url?eid=2-s2.0-84921443114&origin=resultslist,10.1016/j.smallrumres.2014.12.004,Article,,2-s2.0-84921443114,-,Universidad Autónoma Metropolitana| Colegio de Postgraduados,505017| 505003,Academic,2.0,60010210| 60006537,Universidad Autónoma Metropolitana Unidad Xochimilco| Colegio De Postgraduados Campus Tabasco,56490098000,57212808186,7006056546,-,Mexico,1.0,1103| 3403,Animal Science and Zoology| Food Animals,5,Life Sciences & Medicine,502| 546,Agriculture & Forestry| Veterinary Science,32,Life Sciences,30,"Agricultural, Veterinary And Food Sciences",3003,Animal production,-,Methane Reduction through Feed Supplementation Strategies,104,78.417,Enhancing Digestibility through Enzyme Applications,20113,71.098,Defensible,2015.0,7.0,N/A,"Osorio, A.I.| Mendoza, G.D.| Plata, F.X.| Martínez, J.A.| Vargas, L.| Ortega, G.C.",Universidad Autónoma Metropolitana| Colegio de Postgraduados,Mexico,0
7006056546,7006056546,Morphometric comparison of the growth curve in nile tilapia (Oreochromis niloticus) sexually reverted to masculinized and feminized,"Chávez-García, R.| Contreras-Ramos, A.| Ortega-Camarillo, C.| Figueroa-Lucero, G.| Prado-Flores, G.| Mendoza-Martínez, G.| Vergara-Onofre, M.",7.0,43461143200| 57206462984| 57188536060| 6506787363| 6507211403| 7006056546| 6506038633,2020.0,2020-01-01,Latin American Journal of Aquatic Research,48,1,1-6,-,ISSN-0718560X,12400154701.0,Journal,Escuela de Ciencias del Mar,English,0.69,51,1.5,67,0.357,63,1.16,35.0,6.0,0.21,9.61,50.0,65.0,0.0,0.0,"Chávez-García, R., Contreras-Ramos, A., Ortega-Camarillo, C. and 4 more (...) (2020).Morphometric comparison of the growth curve in nile tilapia (Oreochromis niloticus) sexually reverted to masculinized and feminized. Latin American Journal of Aquatic Research,48(1) 1-6",https://www.scopus.com/record/display.url?eid=2-s2.0-85081657294&origin=resultslist,10.3856/vol48-issue1-fulltext-2302,Article,Gold|Green,2-s2.0-85081657294,-,Hospital de Especialidades| Universidad Autónoma Metropolitana| Instituto Mexicano del Seguro Social,505031| 505017| 505006,Medical| Government| Academic,3.0,60010210| 101305673| 60019221| 60008467| 60028381,Universidad Autónoma Metropolitana Unidad Xochimilco| HIMFG| UMAE Hospital de Especialidades Centro Medico Nacional Siglo XXI| Instituto Mexicano del Seguro Social| Universidad Autónoma Metropolitana -Unidad Iztapalapa,43461143200,6506038633,6506038633,-,Mexico,1.0,1104| 1910,Aquatic Science| Oceanography,4| 5,Natural Sciences| Life Sciences & Medicine,502| 416| 450,Agriculture & Forestry| Earth & Marine Sciences| Geology,32| 37,Life Sciences| Physical Sciences,37,Earth Sciences,3708,Oceanography,SDG 14,Diversity and Conservation of Amphibian Species,317,46.109,Methyltestosterone Applications in Tilapia Growth and Sex Control,38705,56.747,Very Good,2020.0,6.0,N/A,"Chávez-García, R.| Contreras-Ramos, A.| Ortega-Camarillo, C.| Figueroa-Lucero, G.| Prado-Flores, G.| Mendoza-Martínez, G.| Vergara-Onofre, M.",Hospital de Especialidades| Universidad Autónoma Metropolitana| Instituto Mexicano del Seguro Social,Mexico,0
7006056546,7006056546,"Influence of a Polyherbal Choline Source in Dogs: Body Weight Changes, Blood Metabolites, and Gene Expression","Mendoza-Martínez, G.D.| Hernández-García, P.A.| Plata-Pérez, F.X.| Martínez-García, J.A.| Lizarazo-Chaparro, A.C.| Martínez-Cortes, I.| Campillo-Navarro, M.| Lee-Rangel, H.A.| Torre-Hernández, M.E.D.L.| Gloria-Trujillo, A.",10.0,7006056546| 7202206930| 9635011500| 57219340115| 57202080899| 56404583800| 56575061600| 52364351900| 56598091900| 57206475339,2022.0,2022-05-01,Animals,12,10,-,1313,ISSN-20762615,21100244850.0,Journal,MDPI,English,1.1,25,4.2,13,0.684,12,2.48,44.0,6.0,0.67,5.97,42.0,41.0,0.0,0.0,"Mendoza-Martínez, G.D., Hernández-García, P.A., Plata-Pérez, F.X. and 7 more (...) (2022).Influence of a Polyherbal Choline Source in Dogs: Body Weight Changes, Blood Metabolites, and Gene Expression. Animals,12(10) ",https://www.scopus.com/record/display.url?eid=2-s2.0-85130250181&origin=resultslist,10.3390/ani12101313,Article,Gold|Green,2-s2.0-85130250181,-,Consejo Nacional de Ciencia y Tecnologia Mexico| Universidad Autónoma Metropolitana| Universidad Autonoma de San Luis Potosi| Universidad Autonoma del Estado de Mexico| Universidad Nacional Autónoma de México,704696| 505017| 505014| 505051| 505023,Academic| Government,5.0,60010210| 60002281| 60032442| 60000123| 60001570| 60031335| 60027998,"Universidad Autónoma Metropolitana Unidad Xochimilco| Universidad Autónoma del Estado de México| Universidad Nacional Autónoma de México| Hospital 20 de Noviembre| Instituto de Seguridad y Servicios Sociales de los Trabajadores del Estado - ISSSTE| Universidad Autónoma de San Luis Potosí| Secretaría de Ciencia, Humanidades, Tecnología e Innovación",7006056546,57206475339,57206475339,-,Mexico,1.0,1103| 3400,Animal Science and Zoology| General Veterinary,5,Life Sciences & Medicine,546| 502,Veterinary Science| Agriculture & Forestry,32,Life Sciences,31| 30,"Biological Sciences| Agricultural, Veterinary And Food Sciences",3109| 3009| 3003,Zoology| Veterinary sciences| Animal production,SDG 3,Folic Acid and Homocysteine in Health Outcomes,710,34.859,Choline's Role in Cognitive and Metabolic Health,14193,89.696,Defensible,2022.0,6.0,N/A,"Mendoza-Martínez, G.D.| Hernández-García, P.A.| Plata-Pérez, F.X.| Martínez-García, J.A.| Lizarazo-Chaparro, A.C.| Martínez-Cortes, I.| Campillo-Navarro, M.| Lee-Rangel, H.A.| Torre-Hernández, M.E.D.L.| Gloria-Trujillo, A.",Consejo Nacional de Ciencia y Tecnologia Mexico| Universidad Autónoma Metropolitana| Universidad Autonoma de San Luis Potosi| Universidad Autonoma del Estado de Mexico| Universidad Nacional Autónoma de México,Mexico,0
7006056546,7006056546,Influence of wheat straw pelletizing and inclusion rate in dry rolled or steam-flaked corn-based finishing diets on characteristics of digestion for feedlot cattle,"Manríquez, O.M.| Montano, M.F.| Calderon, J.F.| Valdez, J.A.| Chirino, J.O.| Gonzalez, V.M.| Salinas-Chavira, J.| Mendoza, G.D.| Soto, S.| Zinn, R.A.",10.0,56020868400| 12753107600| 25951345800| 57213461278| 57189300262| 57210538024| 55989769200| 7006056546| 57213682051| 7006768678,2016.0,2016-06-01,Asian-Australasian Journal of Animal Sciences,29,6,823-829,-,ISSN-10112367,78414.0,Journal,Asian-Australasian Association of Animal Production Societies,English,-,-,1.9,36,0.57,30,0.45,18.0,6.0,0.68,5.89,51.0,39.0,0.0,0.0,"Manríquez, O.M., Montano, M.F., Calderon, J.F. and 7 more (...) (2016).Influence of wheat straw pelletizing and inclusion rate in dry rolled or steam-flaked corn-based finishing diets on characteristics of digestion for feedlot cattle. Asian-Australasian Journal of Animal Sciences,29(6) 823-829",https://www.scopus.com/record/display.url?eid=2-s2.0-84968796697&origin=resultslist,10.5713/ajas.15.0062,Article,Gold|Green,2-s2.0-84968796697,-,Universidad Autónoma de Tamaulipas| Universidad Autonoma de Baja California| Universidad Autónoma Metropolitana| New Mexico State University| University of California at Davis,714293| 505046| 505017| 508164| 508260,Academic,5.0,60005618| 60019607| 60010210| 60002162| 60014439,"Universidad Autónoma de Baja California| Universidad Autónoma de Tamaulipas| Universidad Autónoma Metropolitana Unidad Xochimilco| New Mexico State University| University of California, Davis",56020868400,7006768678,12753107600,-,Mexico| United States,2.0,1103| 1106,Animal Science and Zoology| Food Science,5,Life Sciences & Medicine,502,Agriculture & Forestry,32,Life Sciences,30,"Agricultural, Veterinary And Food Sciences",3003,Animal production,-,Methane Reduction through Feed Supplementation Strategies,104,78.417,Starch Digestibility in Grain-Based Diets,23037,68.253,Defensible,2016.0,6.0,N/A,"Manríquez, O.M.| Montano, M.F.| Calderon, J.F.| Valdez, J.A.| Chirino, J.O.| Gonzalez, V.M.| Salinas-Chavira, J.| Mendoza, G.D.| Soto, S.| Zinn, R.A.",Universidad Autónoma de Tamaulipas| Universidad Autonoma de Baja California| Universidad Autónoma Metropolitana| New Mexico State University| University of California at Davis,Mexico| United States,0
7006056546,7006056546,Short-term dietary concentrate supplementation during estrus synchronization treatment in beef cows increased IGF-I serum concentration but did not affect the reproductive response,"Rosales-Torres, A.M.| López-Cedillo, Z.B.| Hernández-Coronado, C.G.| Rosete-Fernández, J.V.| Mendoza, G.D.| Guzmán, A.",6.0,7005330981| 57191487721| 56436581100| 54901907000| 7006056546| 56435568900,2017.0,2017-01-01,Tropical Animal Health and Production,49,1,221-226,-,ISSN-00494747,18937.0,Journal,Springer Netherlands,English,0.92,34,1.9,39,0.511,35,0.44,18.0,6.0,0.0,5.23,51.0,72.0,0.0,0.0,"Rosales-Torres, A.M., López-Cedillo, Z.B., Hernández-Coronado, C.G. and 3 more (...) (2017).Short-term dietary concentrate supplementation during estrus synchronization treatment in beef cows increased IGF-I serum concentration but did not affect the reproductive response. Tropical Animal Health and Production,49(1) 221-226",https://www.scopus.com/record/display.url?eid=2-s2.0-84990944413&origin=resultslist,10.1007/s11250-016-1166-7,Article,,2-s2.0-84990944413,27726060,"Instituto Nacional de Investigaciones Forestales, Agricolas y Pecuarias| Universidad Autónoma Metropolitana",505038| 505017,Government| Academic,2.0,60010210| 60017983,"Universidad Autónoma Metropolitana Unidad Xochimilco| Instituto Nacional de Investigaciones Forestales, Agricolas y Pecuarias",7005330981,56435568900,56435568900,-,Mexico,1.0,1103| 3403,Animal Science and Zoology| Food Animals,5,Life Sciences & Medicine,502| 546,Agriculture & Forestry| Veterinary Science,32,Life Sciences,30,"Agricultural, Veterinary And Food Sciences",3009| 3003,Veterinary sciences| Animal production,-,Reproductive Efficiency in Dairy and Meat Production,906,31.001,Reproductive Performance and Management in Cattle,33199,34.498,Very Good,2017.0,6.0,N/A,"Rosales-Torres, A.M.| López-Cedillo, Z.B.| Hernández-Coronado, C.G.| Rosete-Fernández, J.V.| Mendoza, G.D.| Guzmán, A.","Instituto Nacional de Investigaciones Forestales, Agricolas y Pecuarias| Universidad Autónoma Metropolitana",Mexico,0
7006056546,7006056546,The effect of Saccharomyces cerevisiae on digestion and mortality in the volcano rabbit (Romerolagus diazi),"Campos-Morales, R.| Mendoza, G.D.| Ojeda, J.| Plata, F.X.| Martínez, J.A.",5.0,6507300345| 7006056546| 56517768200| 9635011500| 55570653300,2015.0,2015-03-01,Journal of Integrative Agriculture,14,3,520-525,-,ISSN-20953119,21100203903.0,Journal,Chinese Academy of Agricultural Sciences,English,0.61,54,1.8,36,0.358,52,1.04,33.0,5.0,0.15,6.51,54.0,64.0,0.0,0.0,"Campos-Morales, R., Mendoza, G.D., Ojeda, J. and 2 more (...) (2015).The effect of Saccharomyces cerevisiae on digestion and mortality in the volcano rabbit (Romerolagus diazi). Journal of Integrative Agriculture,14(3) 520-525",https://www.scopus.com/record/display.url?eid=2-s2.0-84922893387&origin=resultslist,10.1016/S2095-3119(14)60828-5,Article,Hybrid gold|Green,2-s2.0-84922893387,-,Universidad Autónoma Metropolitana,505017,Academic,1.0,114994174| 60010210,Nutrition Area Surveillance| Universidad Autónoma Metropolitana Unidad Xochimilco,6507300345,55570653300,7006056546,-,Mexico,1.0,1102| 1103| 1106| 1110| 1303| 2303| 3403,Agronomy and Crop Science| Animal Science and Zoology| Food Science| Plant Science| Biochemistry| Ecology| Food Animals,4| 5,Natural Sciences| Life Sciences & Medicine,502| 424| 507| 546,Agriculture & Forestry| Environmental Sciences| Biological Sciences| Veterinary Science,32| 37,Life Sciences| Physical Sciences,30| 31,"Agricultural, Veterinary And Food Sciences| Biological Sciences",3108| 3105| 3004,Plant biology| Genetics| Crop and pasture production,SDG 15,Methane Reduction through Feed Supplementation Strategies,104,78.417,Probiotic Yeast Influence on Ruminant Nutrition,12918,89.078,Defensible,2015.0,5.0,N/A,"Campos-Morales, R.| Mendoza, G.D.| Ojeda, J.| Plata, F.X.| Martínez, J.A.",Universidad Autónoma Metropolitana,Mexico,0
7006056546,7006056546,Growth of guinea pigs (Cavia porcellus) with feed for rabbits and supplementation of vitamin C,"Trejo-Sánchez, F.| Mendoza-Martínez, G.| Plata-Pérez, F.| Martínez-García, J.| Villarreal-Espino-Barros, O.A.",5.0,57219336267| 7006056546| 9635011500| 57219340115| 26532657900,2019.0,2019-01-01,Revista MVZ Cordoba,24,3,7286-7290,-,ISSN-01220268,19200156966.0,Journal,Biblioteca Universidad de Cordoba,Spanish,0.21,84,0.4,74,0.144,80,0.63,31.0,5.0,0.0,6.33,54.0,75.0,0.0,0.0,"Trejo-Sánchez, F., Mendoza-Martínez, G., Plata-Pérez, F. and 2 more (...) (2019).Growth of guinea pigs (Cavia porcellus) with feed for rabbits and supplementation of vitamin C. Revista MVZ Cordoba,24(3) 7286-7290",https://www.scopus.com/record/display.url?eid=2-s2.0-85092295580&origin=resultslist,10.21897/rmvz.1384,Article,Gold|Green,2-s2.0-85092295580,-,Benemerita Universidad Autonoma de Puebla| Universidad Autónoma Metropolitana,505001| 505017,Academic,2.0,60014923| 60024830,Universidad Autónoma Metropolitana| Benemérita Universidad Autónoma de Puebla,57219336267,26532657900,9635011500,-,Mexico,1.0,1103| 1104| 3400,Animal Science and Zoology| Aquatic Science| General Veterinary,5,Life Sciences & Medicine,546| 502,Veterinary Science| Agriculture & Forestry,32,Life Sciences,42| 30,"Health Sciences| Agricultural, Veterinary And Food Sciences",4203| 3003| 3009,Health services and systems| Animal production| Veterinary sciences,-,Methane Reduction through Feed Supplementation Strategies,104,78.417,Guinea Pig Production and Nutritional Optimization,40852,55.454,Defensible,2019.0,5.0,N/A,"Trejo-Sánchez, F.| Mendoza-Martínez, G.| Plata-Pérez, F.| Martínez-García, J.| Villarreal-Espino-Barros, O.A.",Benemerita Universidad Autonoma de Puebla| Universidad Autónoma Metropolitana,Mexico,0
7006056546,7006056546,Herbal Vitamin C Prevents DNA Oxidation and Modifies the Metabolomic Water Profile of Tilapia (Oreochromis spp.),"Villanueva, M.| Espinosa-Reyes, G.| Flores-Ramirez, R.| Rojas-Velazquez, A.N.| López, J.C.G.| Vazquez-Valladolid, A.| Roque-Jimenez, J.A.| Mendoza-Martinez, G.D.| Hernandez-Garcia, P.A.| Palacios-Martinez, M.| Chay-Canul, A.J.| Lee-Rangel, H.A.",12.0,57876504400| 56013578200| 59055130900| 57190798511| 59079024200| 57218406746| 57217288094| 7006056546| 7202206930| 56278764700| 56013716200| 52364351900,2022.0,2022-08-01,Life,12,8,-,1243,ISSN-20751729,27202.0,Journal,MDPI,English,0.71,48,2.7,46,0.634,28,1.47,25.0,5.0,0.3,10.01,46.0,61.0,0.0,0.0,"Villanueva, M., Espinosa-Reyes, G., Flores-Ramirez, R. and 9 more (...) (2022).Herbal Vitamin C Prevents DNA Oxidation and Modifies the Metabolomic Water Profile of Tilapia (Oreochromis spp.). Life,12(8) ",https://www.scopus.com/record/display.url?eid=2-s2.0-85137366464&origin=resultslist,10.3390/life12081243,Article,Gold|Green,2-s2.0-85137366464,-,Universidad Autónoma Metropolitana| Universidad Autonoma de San Luis Potosi| Universidad Autonoma del Estado de Mexico| Universidad Juarez Autonoma de Tabasco,505017| 505014| 505051| 705961,Academic,4.0,60031335| 60010210| 60002281| 60025378,Universidad Autónoma de San Luis Potosí| Universidad Autónoma Metropolitana Unidad Xochimilco| Universidad Autónoma del Estado de México| Universidad Juárez Autónoma de Tabasco,57876504400,52364351900,56013716200| 52364351900,-,Mexico,1.0,1105| 1300| 1911| 1912,"Ecology, Evolution, Behavior and Systematics| General Biochemistry,Genetics and Molecular Biology| Paleontology| Space and Planetary Science",5| 4,Life Sciences & Medicine| Natural Sciences,507| 416| 450| 502| 451,Biological Sciences| Earth & Marine Sciences| Geology| Agriculture & Forestry| Geophysics,37| 32,Physical Sciences| Life Sciences,31| 46,Biological Sciences| Information And Computing Sciences,4601| 3101| 3104,Applied computing| Biochemistry and cell biology| Evolutionary biology,SDG 6,Nutritional Enhancements in Aquaculture Feed Systems,713,82.603,Enhancing Fish Health through Immune Responses,2412,98.507,Defensible,2022.0,5.0,N/A,"Villanueva, M.| Espinosa-Reyes, G.| Flores-Ramirez, R.| Rojas-Velazquez, A.N.| López, J.C.G.| Vazquez-Valladolid, A.| Roque-Jimenez, J.A.| Mendoza-Martinez, G.D.| Hernandez-Garcia, P.A.| Palacios-Martinez, M.| Chay-Canul, A.J.| Lee-Rangel, H.A.",Universidad Autónoma Metropolitana| Universidad Autonoma de San Luis Potosi| Universidad Autonoma del Estado de Mexico| Universidad Juarez Autonoma de Tabasco,Mexico,0
7006056546,7006056546,"Evaluation of five treatments to control intestinal parasites in sheep in Ayapango, state of Mexico","Heredia, R.| Aguilar, E.| Romero, C.| Bautista, L.| Mendoza, G.",5.0,55419638100| 57192154590| 59662893700| 56856597600| 7006056546,2016.0,2016-01-01,Veterinary World,9,11,1233-1237,-,ISSN-09728988,21100201717.0,Journal,Veterinary World,English,0.84,38,0.9,52,0.313,47,0.54,12.0,4.0,0.28,3.55,58.0,58.0,0.0,0.0,"Heredia, R., Aguilar, E., Romero, C. and 2 more (...) (2016).Evaluation of five treatments to control intestinal parasites in sheep in Ayapango, state of Mexico. Veterinary World,9(11) 1233-1237",https://www.scopus.com/record/display.url?eid=2-s2.0-84998655110&origin=resultslist,10.14202/vetworld.2016.1233-1237,Article,Gold|Green,2-s2.0-84998655110,-,Universidad Autónoma Metropolitana| Universidad Autonoma del Estado de Mexico,505017| 505051,Academic,2.0,60002281| 60010210,Universidad Autónoma del Estado de México| Universidad Autónoma Metropolitana Unidad Xochimilco,55419638100,7006056546,59662893700,-,Mexico,1.0,3400,General Veterinary,5,Life Sciences & Medicine,546,Veterinary Science,32,Life Sciences,30| 31,"Agricultural, Veterinary And Food Sciences| Biological Sciences",3009| 3109,Veterinary sciences| Zoology,-,Nutritional Strategies for Preterm Infant Growth,674,49.902,Standards and Practices in Sterile Compounding,64902,19.667,Very Good,2016.0,4.0,N/A,"Heredia, R.| Aguilar, E.| Romero, C.| Bautista, L.| Mendoza, G.",Universidad Autónoma Metropolitana| Universidad Autonoma del Estado de Mexico,Mexico,0
7006056546,7006056546,Pleurotus ostreatus effects on agricultural waste degradation,"la Cruz, A.R.O.| Ortega-Jiménez, E.| Díaz-Rivera, P.| Aranda-Ibáñez, E.| Ramos-Juárez, J.| Mendoza-Martínez, G.",6.0,57206485054| 10041015000| 57200770894| 8660312300| 55846268600| 7006056546,2019.0,2019-01-01,Agrociencia,53,1,25-33,-,ISSN-14053195,145503.0,Journal,Colegio de Postgraduados,English| Spanish,0.47,67,0.6,75,0.181,68,5.88,189.0,4.0,0.11,8.9,57.0,71.0,0.0,0.0,"la Cruz, A.R.O., Ortega-Jiménez, E., Díaz-Rivera, P. and 3 more (...) (2019).Pleurotus ostreatus effects on agricultural waste degradation. Agrociencia,53(1) 25-33",https://www.scopus.com/record/display.url?eid=2-s2.0-85061718707&origin=resultslist,-,Article,,2-s2.0-85061718707,-,Universidad Autónoma Metropolitana| Colegio de Postgraduados,505017| 505003,Academic,2.0,60031140| 60006537| 60010210,Colegio De Postgraduados Campus Veracruz| Colegio De Postgraduados Campus Tabasco| Universidad Autónoma Metropolitana Unidad Xochimilco,57206485054,7006056546,8660312300,-,Mexico,1.0,1102| 1103| 1110| 2300,Agronomy and Crop Science| Animal Science and Zoology| Plant Science| General Environmental Science,5| 2,Life Sciences & Medicine| Engineering & Technology,424| 502,Environmental Sciences| Agriculture & Forestry,32| 37,Life Sciences| Physical Sciences,30,"Agricultural, Veterinary And Food Sciences",-,-,-,Methane Reduction through Feed Supplementation Strategies,104,78.417,Enhancing Digestibility through Enzyme Applications,20113,71.098,Very Good,2019.0,4.0,N/A,"la Cruz, A.R.O.| Ortega-Jiménez, E.| Díaz-Rivera, P.| Aranda-Ibáñez, E.| Ramos-Juárez, J.| Mendoza-Martínez, G.",Universidad Autónoma Metropolitana| Colegio de Postgraduados,Mexico,0
7006056546,7006056546,Intake and digestibility with nutritional blocks for brocked deers (Mazama Americana and Mazama temama),"Mendoza, G.D.| Plata, F.X.| Vázquez, G.| Sánchez-Trocino, M.| Hernández, P.A.| Martínez, J.A.",6.0,7006056546| 9635011500| 57192300739| 55570091900| 7202206930| 55570653300,2017.0,2017-01-01,International Journal of Applied Research in Veterinary Medicine,15,1,26-30,-,ISSN-15422666,19500157311.0,Journal,Veterinary Solutions LLC,English,0.3,77,0.6,61,0.248,56,0.99,23.0,4.0,0.52,3.86,58.0,46.0,0.0,0.0,"Mendoza, G.D., Plata, F.X., Vázquez, G. and 3 more (...) (2017).Intake and digestibility with nutritional blocks for brocked deers (Mazama Americana and Mazama temama). International Journal of Applied Research in Veterinary Medicine,15(1) 26-30",https://www.scopus.com/record/display.url?eid=2-s2.0-85020162311&origin=resultslist,-,Article,,2-s2.0-85020162311,-,Universidad Autónoma Metropolitana,505017,Academic,1.0,60010210| 118613132| 114650420,Universidad Autónoma Metropolitana Unidad Xochimilco| Nutritional Surveillance Area| University of the State of,7006056546,55570653300,55570653300,-,Mexico,1.0,3400,General Veterinary,5,Life Sciences & Medicine,546,Veterinary Science,32,Life Sciences,30| 31,"Agricultural, Veterinary And Food Sciences| Biological Sciences",3009| 3109| 3003,Veterinary sciences| Zoology| Animal production,-,Nutritional Enhancements in Animal Feed Supplementation,1245,24.133,Trace Mineral Supplementation in Livestock Nutrition,10697,83.688,Defensible,2017.0,4.0,N/A,"Mendoza, G.D.| Plata, F.X.| Vázquez, G.| Sánchez-Trocino, M.| Hernández, P.A.| Martínez, J.A.",Universidad Autónoma Metropolitana,Mexico,0
7006056546,7006056546,Identifying anti-Toxocara IgG antibodies in horses of Mexico,"Heredia, R.| Romero, C.| Mendoza, G.D.| Ponce, M.| Carpio, J.C.",5.0,55419638100| 59662893700| 7006056546| 56856558600| 42060961600,2018.0,2018-01-01,Arquivo Brasileiro de Medicina Veterinaria e Zootecnia,70,1,1-5,-,ISSN-01020935,17672.0,Journal,Universidade Federal de Minas Gerais,English,0.47,67,0.5,72,0.242,58,0.53,12.0,4.0,0.45,4.44,58.0,50.0,0.0,0.0,"Heredia, R., Romero, C., Mendoza, G.D. and 2 more (...) (2018).Identifying anti-Toxocara IgG antibodies in horses of Mexico. Arquivo Brasileiro de Medicina Veterinaria e Zootecnia,70(1) 1-5",https://www.scopus.com/record/display.url?eid=2-s2.0-85046031220&origin=resultslist,10.1590/1678-4162-9407,Article,Gold|Green,2-s2.0-85046031220,-,Universidad Autónoma Metropolitana| Universidad Autonoma del Estado de Mexico| Instituto Nacional de Pediatria,505017| 505051| 505041,Government| Academic,3.0,60002281| 60010210| 60004914| 60025912,Universidad Autónoma del Estado de México| Universidad Autónoma Metropolitana Unidad Xochimilco| Instituto Nacional de Pediatría| Instituto Nacional de Diagnostico y Referencia Epidemiologicos - InDRE,55419638100,42060961600,59662893700,-,Mexico,1.0,3400,General Veterinary,5,Life Sciences & Medicine,546,Veterinary Science,32,Life Sciences,30,"Agricultural, Veterinary And Food Sciences",3009| 3003,Veterinary sciences| Animal production,-,Parasite Dynamics in Livestock and Wildlife,670,54.48,Toxocariasis and Its Implications for Human Health,4922,80,Definitive,2018.0,4.0,N/A,"Heredia, R.| Romero, C.| Mendoza, G.D.| Ponce, M.| Carpio, J.C.",Universidad Autónoma Metropolitana| Universidad Autonoma del Estado de Mexico| Instituto Nacional de Pediatria,Mexico,0
7006056546,7006056546,Evaluation of polyherbal methionine and choline in feedlot rations for lambs,"Bárcena-Gama, J.R.| Martínez-Aispuro, J.A.| Mendoza-Martínez, G.D.| Cordero-Mora, J.L.| Sánchez-Torres, M.T.| Figueroa-Velasco, J.L.| Ayala-Monter, M.A.",7.0,9633092000| 56196313300| 7006056546| 8917330400| 15048944100| 55509025800| 57209023702,2021.0,2021-01-01,South African Journal of Animal Science,50,5,732-737,-,ISSN-03751589,54988.0,Journal,South African Bureau for Scientific Publications,English,0.67,52,2,46,0.342,51,0.66,16.0,4.0,0.46,6.53,55.0,50.0,0.0,0.0,"Bárcena-Gama, J.R., Martínez-Aispuro, J.A., Mendoza-Martínez, G.D. and 4 more (...) (2021).Evaluation of polyherbal methionine and choline in feedlot rations for lambs. South African Journal of Animal Science,50(5) 732-737",https://www.scopus.com/record/display.url?eid=2-s2.0-85100965318&origin=resultslist,10.4314/sajas.v50i5.11,Article,Gold,2-s2.0-85100965318,-,Universidad Autónoma Metropolitana| Colegio de Postgraduados| Universidad Autónoma de Guerrero,505017| 505003| 714299,Academic,3.0,60033065| 60014923| 60022139,Colegio De Postgraduados Campus Montecillo| Universidad Autónoma Metropolitana| Universidad Autónoma de Guerrero,9633092000,57209023702,56196313300,-,Mexico,1.0,1103,Animal Science and Zoology,5,Life Sciences & Medicine,502,Agriculture & Forestry,32,Life Sciences,30,"Agricultural, Veterinary And Food Sciences",3003,Animal production,-,Reproductive Efficiency in Dairy and Meat Production,906,31.001,Choline Supplementation Effects on Dairy Cows,70208,71.814,Very Good,2021.0,4.0,N/A,"Bárcena-Gama, J.R.| Martínez-Aispuro, J.A.| Mendoza-Martínez, G.D.| Cordero-Mora, J.L.| Sánchez-Torres, M.T.| Figueroa-Velasco, J.L.| Ayala-Monter, M.A.",Universidad Autónoma Metropolitana| Colegio de Postgraduados| Universidad Autónoma de Guerrero,Mexico,0
7006056546,7006056546,"Effect of the inclusion of herbal phosphatidylcholine on palatability, digestibility and metabolisable energy of the diet in dogs","Mendoza Martínez, G.D.| López, M.Á.| Hernández García, P.A.| Ríos Hilario, J.J.| González, J.| Trujillo, A.G.",6.0,7006056546| 57283667500| 7202206930| 57283889800| 57683173500| 57206475339,2021.0,2021-09-01,Austral Journal of Veterinary Sciences,53,3,161-167,-,ISSN-07198000,21100902145.0,Journal,Universidad Austral de Chile,English,0.68,52,1.6,46,0.297,48,1.17,27.0,4.0,0.37,5.39,55.0,55.0,0.0,0.0,"Mendoza Martínez, G.D., López, M.Á., Hernández García, P.A. and 3 more (...) (2021).Effect of the inclusion of herbal phosphatidylcholine on palatability, digestibility and metabolisable energy of the diet in dogs. Austral Journal of Veterinary Sciences,53(3) 161-167",https://www.scopus.com/record/display.url?eid=2-s2.0-85116341856&origin=resultslist,10.4067/S0719-81322021000300161,Article,Gold|Green,2-s2.0-85116341856,-,Universidad Autónoma Metropolitana| Universidad Autonoma del Estado de Mexico| Universidad Nacional Autónoma de México,505017| 505051| 505023,Academic,3.0,60014923| 127007762| 60002281| 60172565| 60032442| 127008008,Universidad Autónoma Metropolitana| Consultor Nutricionista de Mascotas| Universidad Autónoma del Estado de México| Facultad de Estudios Superiores Cuautitlán| Universidad Nacional Autónoma de México| Nuproxa Switzerland,7006056546,57206475339,57206475339,-,Mexico| Switzerland,2.0,3400,General Veterinary,5,Life Sciences & Medicine,546,Veterinary Science,32,Life Sciences,31| 30,"Biological Sciences| Agricultural, Veterinary And Food Sciences",3109| 3009| 3003,Zoology| Veterinary sciences| Animal production,-,Omega-3 Fatty Acids in Health and Disease,775,54.218,Digestibility and Nutritional Insights in Canine Diets,21636,82.673,Very Good,2021.0,4.0,N/A,"Mendoza Martínez, G.D.| López, M.Á.| Hernández García, P.A.| Ríos Hilario, J.J.| González, J.| Trujillo, A.G.",Universidad Autónoma Metropolitana| Universidad Autonoma del Estado de Mexico| Universidad Nacional Autónoma de México,Mexico| Switzerland,0
7006056546,7006056546,Effect of blocks with calcium propionate on lamb productive performance and in vitro GHG,"Sánchez, L.N.| Mendoza, M.G.| Martínez, G.J.| Hernández, G.P.| Miranda, R.L.| Villarreal, E.B.O.",6.0,58941465100| 7006056546| 57209414183| 59083461900| 57212117607| 57209409947,2019.0,2019-01-01,Revista MVZ Cordoba,24,2,7188-7192,-,ISSN-01220268,19200156966.0,Journal,Universidad de Cordoba,English,0.21,84,0.4,74,0.144,80,1.01,29.0,3.0,0.0,6.33,62.0,75.0,0.0,0.0,"Sánchez, L.N., Mendoza, M.G., Martínez, G.J. and 3 more (...) (2019).Effect of blocks with calcium propionate on lamb productive performance and in vitro GHG. Revista MVZ Cordoba,24(2) 7188-7192",https://www.scopus.com/record/display.url?eid=2-s2.0-85067671330&origin=resultslist,10.21897/rmvz.1229,Article,Gold|Green,2-s2.0-85067671330,-,Benemerita Universidad Autonoma de Puebla| Universidad Autónoma Metropolitana| Universidad Autonoma Chapingo,505001| 505017| 505047,Academic,3.0,60010210| 120984143| 60010597| 60024830,Universidad Autónoma Metropolitana Unidad Xochimilco| Centro Uni-versitario Amecameca| Universidad Autónoma Chapingo| Benemérita Universidad Autónoma de Puebla,58941465100,57209409947,57209409947,-,Mexico,1.0,1103| 1104| 3400,Animal Science and Zoology| Aquatic Science| General Veterinary,5,Life Sciences & Medicine,502| 546,Agriculture & Forestry| Veterinary Science,32,Life Sciences,30| 42,"Agricultural, Veterinary And Food Sciences| Health Sciences",3003| 3009| 4203,Animal production| Veterinary sciences| Health services and systems,SDG 13,Methane Reduction through Feed Supplementation Strategies,104,78.417,Mitigation Strategies for Methane Emissions in Ruminants,5698,97.119,Defensible,2019.0,3.0,N/A,"Sánchez, L.N.| Mendoza, M.G.| Martínez, G.J.| Hernández, G.P.| Miranda, R.L.| Villarreal, E.B.O.",Benemerita Universidad Autonoma de Puebla| Universidad Autónoma Metropolitana| Universidad Autonoma Chapingo,Mexico,0
7006056546,7006056546,"Abundance, characterization and habitat prediction for green iguana (Iguana iguana l. 1758) at la mancha reserve, Veracruz, Mexico","Leyequien-Abarca, L.| Mendoza-Martínez, G.D.| Clemente-Sánchez, F.| González-Saldivar, F.| Moreno-Casasola, P.| Arcos-García, J.L.",6.0,57211919655| 7006056546| 56168011600| 54412207300| 6603648471| 14053681900,2019.0,2019-01-01,Tropical and Subtropical Agroecosystems,22,2,537-545,-,ISSN-18700462,21100200406.0,Journal,Universidad Autonoma de Yucatan,Spanish,0.39,73,0.5,78,0.156,76,0.55,13.0,2.0,0.28,7.21,67.0,60.0,0.0,0.0,"Leyequien-Abarca, L., Mendoza-Martínez, G.D., Clemente-Sánchez, F. and 3 more (...) (2019).Abundance, characterization and habitat prediction for green iguana (Iguana iguana l. 1758) at la mancha reserve, Veracruz, Mexico. Tropical and Subtropical Agroecosystems,22(2) 537-545",https://www.scopus.com/record/display.url?eid=2-s2.0-85075391001&origin=resultslist,-,Article,,2-s2.0-85075391001,-,Universidad Autonoma de Nuevo Leon| Universidad del Mar| Universidad Autónoma Metropolitana| Colegio de Postgraduados,505013| 715579| 505017| 505003,Academic,4.0,119027695| 60010210| 60031998| 60025417| 105281727| 60023058,"Comisión Nacional de Áreas Naturales Protegidas| Universidad Autónoma Metropolitana Unidad Xochimilco| Colegio De Postgraduados Campus San Luis Potosí| Universidad Autónoma de Nuevo León| Instituto de Ecología| Universidad del Mar, Puerto Ángel",57211919655,14053681900,14053681900,-,Mexico,1.0,1101| 1105| 2303,"Agricultural and Biological Sciences (miscellaneous)| Ecology, Evolution, Behavior and Systematics| Ecology",4| 5,Natural Sciences| Life Sciences & Medicine,424| 502,Environmental Sciences| Agriculture & Forestry,32| 37,Life Sciences| Physical Sciences,31| 30,"Biological Sciences| Agricultural, Veterinary And Food Sciences",3009| 3003| 3109,Veterinary sciences| Animal production| Zoology,-,Diversity and Conservation of Amphibian Species,317,46.109,Iguana Populations and Invasive Species Dynamics,62948,34.66,Defensible,2019.0,2.0,N/A,"Leyequien-Abarca, L.| Mendoza-Martínez, G.D.| Clemente-Sánchez, F.| González-Saldivar, F.| Moreno-Casasola, P.| Arcos-García, J.L.",Universidad Autonoma de Nuevo Leon| Universidad del Mar| Universidad Autónoma Metropolitana| Colegio de Postgraduados,Mexico,0
7006056546,7006056546,Effect of α amylase (ec 3.2.1.1) on intake pattern and performance of lambs fed a high concentrate diet,"Plata, F.X.| Hernández, P.A.| Mendoza, G.D.| Martínez, J.A.",4.0,9635011500| 7202206930| 7006056546| 55570653300,2015.0,2015-01-01,Archivos de Medicina Veterinaria,47,2,161-166,-,ISSN-0301732X,17660.0,Journal,Universidad Austral de Chile,Spanish,-,-,0.6,65,0.203,66,1.85,69.0,1.0,0.0,3.62,72.0,69.0,0.0,0.0,"Plata, F.X., Hernández, P.A., Mendoza, G.D. and 1 more (...) (2015).Effect of α amylase (ec 3.2.1.1) on intake pattern and performance of lambs fed a high concentrate diet. Archivos de Medicina Veterinaria,47(2) 161-166",https://www.scopus.com/record/display.url?eid=2-s2.0-84943273267&origin=resultslist,10.4067/s0301-732x2015000200006,Article,Gold|Green,2-s2.0-84943273267,-,Universidad Autónoma Metropolitana| Universidad Autonoma del Estado de Mexico,505017| 505051,Academic,2.0,60014923| 60002281,Universidad Autónoma Metropolitana| Universidad Autónoma del Estado de México,9635011500,55570653300,-,-,Mexico,1.0,3400,General Veterinary,5,Life Sciences & Medicine,546,Veterinary Science,32,Life Sciences,30,"Agricultural, Veterinary And Food Sciences",3009,Veterinary sciences,-,Methane Reduction through Feed Supplementation Strategies,104,78.417,Enhancing Digestibility through Enzyme Applications,20113,71.098,Definitive,2015.0,1.0,N/A,"Plata, F.X.| Hernández, P.A.| Mendoza, G.D.| Martínez, J.A.",Universidad Autónoma Metropolitana| Universidad Autonoma del Estado de Mexico,Mexico,0
7006056546,7006056546,Productive response and progesterone concentration in holstein heifers supplemented with saccharomyces cerevisiae1077 or saccharomyces boulardii1079,"Coronel-Robles, U.| Ortega-Cerrilla, M.E.| Mendoza-Martínez, G.D.| Zetina-Córdoba, P.| Torres-Esqueda, M.T.S.| Munguía-Ameca, G.| Teco-Jácome, M.V.",7.0,57140791500| 6602953334| 7006056546| 55339772700| 57209449267| 55907884800| 57140842900,2016.0,2016-02-01,Journal of Animal and Plant Sciences,26,1,17-24,-,ISSN-10187081,19700170476.0,Journal,Pakistan Agricultural Scientists Forum,English,0.67,50,0.8,71,0.267,67,0.44,13.0,1.0,0.0,5.74,73.0,71.0,0.0,0.0,"Coronel-Robles, U., Ortega-Cerrilla, M.E., Mendoza-Martínez, G.D. and 4 more (...) (2016).Productive response and progesterone concentration in holstein heifers supplemented with saccharomyces cerevisiae1077 or saccharomyces boulardii1079. Journal of Animal and Plant Sciences,26(1) 17-24",https://www.scopus.com/record/display.url?eid=2-s2.0-84959089216&origin=resultslist,-,Article,,2-s2.0-84959089216,-,Universidad Autónoma Metropolitana| Colegio de Postgraduados,505017| 505003,Academic,2.0,60033065| 60010210| 126157027,Colegio De Postgraduados Campus Montecillo| Universidad Autónoma Metropolitana Unidad Xochimilco| Universidad Politécnica de Huatusco,57140791500,57140842900,6602953334,-,Mexico,1.0,1103| 1110,Animal Science and Zoology| Plant Science,5,Life Sciences & Medicine,502,Agriculture & Forestry,32,Life Sciences,30| 31,"Agricultural, Veterinary And Food Sciences| Biological Sciences",3003| 3108| 3109| 3005,Animal production| Plant biology| Zoology| Fisheries sciences,-,Methane Reduction through Feed Supplementation Strategies,104,78.417,Probiotic Yeast Influence on Ruminant Nutrition,12918,89.078,Definitive,2016.0,1.0,N/A,"Coronel-Robles, U.| Ortega-Cerrilla, M.E.| Mendoza-Martínez, G.D.| Zetina-Córdoba, P.| Torres-Esqueda, M.T.S.| Munguía-Ameca, G.| Teco-Jácome, M.V.",Universidad Autónoma Metropolitana| Colegio de Postgraduados,Mexico,0
7006056546,7006056546,Effect of Mineral Block Supplementation on In Vivo Digestibility and In Vitro Gas Production With Equine Fecal Bacteria,"Morones, E.| Mendoza, G.D.| Martínez, J.A.| Plata, F.X.| Palancares, C.| Hernández, P.A.",6.0,57193433052| 7006056546| 55570653300| 9635011500| 57193433092| 7202206930,2017.0,2017-06-01,Journal of Equine Veterinary Science,53,-,81-85,-,ISSN-07370806,18296.0,Journal,W.B. Saunders,English,0.76,45,1.4,50,0.39,57,0.55,18.0,1.0,0.0,5.03,73.0,72.0,0.0,0.0,"Morones, E., Mendoza, G.D., Martínez, J.A. and 3 more (...) (2017).Effect of Mineral Block Supplementation on In Vivo Digestibility and In Vitro Gas Production With Equine Fecal Bacteria. Journal of Equine Veterinary Science,5381-85",https://www.scopus.com/record/display.url?eid=2-s2.0-85013873712&origin=resultslist,10.1016/j.jevs.2017.01.009,Article,,2-s2.0-85013873712,-,Universidad Autónoma Metropolitana| Universidad Autonoma del Estado de Mexico,505017| 505051,Academic,2.0,118163697| 60014923| 60002281,Secretaría de Seguridad Pública del Distrito Federal| Universidad Autónoma Metropolitana| Universidad Autónoma del Estado de México,57193433052,7202206930,7202206930,-,Mexico,1.0,3402,Equine,5,Life Sciences & Medicine,546,Veterinary Science,32,Life Sciences,30| 31,"Agricultural, Veterinary And Food Sciences| Biological Sciences",3109| 3009,Zoology| Veterinary sciences,-,Equine Health Insights on Laminitis and Performance,1207,10.268,Microbial Dynamics and Digestive Efficiency in Equines,11802,80.371,Very Good,2017.0,1.0,N/A,"Morones, E.| Mendoza, G.D.| Martínez, J.A.| Plata, F.X.| Palancares, C.| Hernández, P.A.",Universidad Autónoma Metropolitana| Universidad Autonoma del Estado de Mexico,Mexico,0
7006056546,7006056546,Fibrolytic activity of four trichoderma strains grown on agro-industrial residues,"García, V.| Loera, O.| Montes, M.C.| Mendoza, G.D.",4.0,57212469042| 6603291244| 56240494000| 7006056546,2019.0,2019-07-01,Revista de la Facultad de Ciencias Agrarias,51,2,192-200,-,ISSN-03704661,19600161819.0,Journal,Universidad Nacional de Cuyo,English,0.75,47,1.3,59,0.21,73,1.13,30.0,1.0,0.0,9.14,73.0,75.0,0.0,0.0,"García, V., Loera, O., Montes, M.C. and 1 more (...) (2019).Fibrolytic activity of four trichoderma strains grown on agro-industrial residues. Revista de la Facultad de Ciencias Agrarias,51(2) 192-200",https://www.scopus.com/record/display.url?eid=2-s2.0-85076767633&origin=resultslist,-,Article,,2-s2.0-85076767633,-,Centro de Investigacion y de Estudios Avanzados del Instituto Politécnico Nacional| Universidad Autónoma Metropolitana,505002| 505017,Government| Academic,2.0,60010210| 60028381| 60017323,Universidad Autónoma Metropolitana Unidad Xochimilco| Universidad Autónoma Metropolitana -Unidad Iztapalapa| Centro de Investigacion y de Estudios Avanzados del Instituto Politécnico Nacional,57212469042,7006056546,57212469042,-,Mexico,1.0,1102| 1110,Agronomy and Crop Science| Plant Science,5,Life Sciences & Medicine,502,Agriculture & Forestry,32,Life Sciences,30| 31,"Agricultural, Veterinary And Food Sciences| Biological Sciences",3004| 3109| 3008,Crop and pasture production| Zoology| Horticultural production,SDG 11,Methane Reduction through Feed Supplementation Strategies,104,78.417,Enhancing Digestibility through Enzyme Applications,20113,71.098,Defensible,2019.0,1.0,N/A,"García, V.| Loera, O.| Montes, M.C.| Mendoza, G.D.",Centro de Investigacion y de Estudios Avanzados del Instituto Politécnico Nacional| Universidad Autónoma Metropolitana,Mexico,0
7006056546,7006056546,"Mexican tropical cream cheese yield using low-fat milk induced by trans-10, cis-12 conjugated linoleic acid: Effect of palmitic acid","Granados-Rivera, L.D.| Hernández-Mendo, O.| Burgueño-Ferreira, J.A.| González-Muñoz, S.S.| Mendoza-Martínez, G.D.| Mora-Flores, J.S.| Arriaga-Jordán, C.M.",7.0,57195960043| 6504791444| 8237468600| 57951049300| 7006056546| 8657241700| 6602494830,2018.0,2018-01-01,CYTA - Journal of Food,16,1,311-315,-,ISSN-19476337,19700201670.0,Journal,Taylor and Francis Ltd.,English,1.07,27,2.5,29,0.592,23,0.84,35.0,1.0,0.0,12.29,74.0,74.0,0.0,0.0,"Granados-Rivera, L.D., Hernández-Mendo, O., Burgueño-Ferreira, J.A. and 4 more (...) (2018).Mexican tropical cream cheese yield using low-fat milk induced by trans-10, cis-12 conjugated linoleic acid: Effect of palmitic acid. CYTA - Journal of Food,16(1) 311-315",https://www.scopus.com/record/display.url?eid=2-s2.0-85055526260&origin=resultslist,10.1080/19476337.2017.1404496,Article,Gold|Green,2-s2.0-85055526260,-,Universidad Autónoma Metropolitana| Colegio de Postgraduados| Universidad Autonoma del Estado de Mexico| International Maize and Wheat Improvement Center,505017| 505003| 505051| 505044,Other| Academic,4.0,60033065| 60015079| 60010210| 60002281,Colegio De Postgraduados Campus Montecillo| Centro Internacional de Mejoramiento de Maiz y Trigo| Universidad Autónoma Metropolitana Unidad Xochimilco| Universidad Autónoma del Estado de México,57195960043,6602494830,6504791444,-,Mexico,1.0,1106| 1500| 1600| 2209,Food Science| General Chemical Engineering| General Chemistry| Industrial and Manufacturing Engineering,4| 5| 2,Natural Sciences| Life Sciences & Medicine| Engineering & Technology,222| 409| 219| 502,Engineering - Mechanical| Chemistry| Engineering - Chemical| Agriculture & Forestry,32| 36| 37,Life Sciences| Engineering| Physical Sciences,30| 40,"Agricultural, Veterinary And Food Sciences| Engineering",4004| 3006,Chemical engineering| Food sciences,-,Methane Reduction through Feed Supplementation Strategies,104,78.417,Fatty Acids and Their Impact on Dairy Milk,1199,96.292,Very Good,2018.0,1.0,N/A,"Granados-Rivera, L.D.| Hernández-Mendo, O.| Burgueño-Ferreira, J.A.| González-Muñoz, S.S.| Mendoza-Martínez, G.D.| Mora-Flores, J.S.| Arriaga-Jordán, C.M.",Universidad Autónoma Metropolitana| Colegio de Postgraduados| Universidad Autonoma del Estado de Mexico| International Maize and Wheat Improvement Center,Mexico,0
7006056546,7006056546,In vitro gas production of high forage diets incubated with two live yeast (Biosaf SC47 and Procreatin 7),"Elmasry, A.M.A.| Mendoza, G.D.| Miranda, L.A.| Martínez, J.A.| Vázquez, G.| Plata, F.X.",6.0,57192687933| 7006056546| 12753806000| 55570653300| 57192300739| 9635011500,2018.0,2018-12-01,Indian Journal of Animal Sciences,88,12,1409-1411,-,ISSN-03678318,18247.0,Journal,Indian Council of Agricultural Research,English,0.36,74,0.4,76,0.203,65,0.87,28.0,0.0,0.0,4.96,82.0,74.0,0.0,0.0,"Elmasry, A.M.A., Mendoza, G.D., Miranda, L.A. and 3 more (...) (2018).In vitro gas production of high forage diets incubated with two live yeast (Biosaf SC47 and Procreatin 7). Indian Journal of Animal Sciences,88(12) 1409-1411",https://www.scopus.com/record/display.url?eid=2-s2.0-85060054315&origin=resultslist,-,Article,,2-s2.0-85060054315,-,Universidad Autónoma Metropolitana| Menoufia University| Universidad Autonoma Chapingo,505017| 104009| 505047,Academic,3.0,60010597| 60023291| 60273991| 60274028| 60010210,Universidad Autónoma Chapingo| Menoufia University| College of Agriculture| Faculty of Science| Universidad Autónoma Metropolitana Unidad Xochimilco,57192687933,9635011500,-,-,Mexico| Egypt,2.0,1103| 3400,Animal Science and Zoology| General Veterinary,5,Life Sciences & Medicine,502| 546,Agriculture & Forestry| Veterinary Science,32,Life Sciences,31| 30,"Biological Sciences| Agricultural, Veterinary And Food Sciences",3109| 3003| 3009,Zoology| Animal production| Veterinary sciences,-,Methane Reduction through Feed Supplementation Strategies,104,78.417,Probiotic Yeast Influence on Ruminant Nutrition,12918,89.078,Very Good,2018.0,0.0,N/A,"Elmasry, A.M.A.| Mendoza, G.D.| Miranda, L.A.| Martínez, J.A.| Vázquez, G.| Plata, F.X.",Universidad Autónoma Metropolitana| Menoufia University| Universidad Autonoma Chapingo,Mexico| Egypt,0
7006056546,7006056546,Economic and productive impact of an herbal mixture with choline derivatives on rabbit production,"Jaurez-Espinosa, M.| Hernández-García, P.A.| Osorio-Terán, A.I.| Mendoza-Martínez, G.D.| Ojeda-Carrasco, J.J.| Tapia-Rodríguez, M.Z.| Espinosa-Ayala, E.",7.0,57658703200| 7202206930| 57194510538| 7006056546| 57223980850| 57660582100| 16241215200,2022.0,2022-01-01,Revista Mexicana De Ciencias Pecuarias,13,1,82-96,-,ISSN-20071124,19700201528.0,Journal,INIFAP-CENID Parasitologia Veterinaria,English,0.35,75,1,64,0.195,67,0.97,19.0,0.0,0.0,5.97,81.0,80.0,0.0,0.0,"Jaurez-Espinosa, M., Hernández-García, P.A., Osorio-Terán, A.I. and 4 more (...) (2022).Economic and productive impact of an herbal mixture with choline derivatives on rabbit production. Revista Mexicana De Ciencias Pecuarias,13(1) 82-96",https://www.scopus.com/record/display.url?eid=2-s2.0-85129295964&origin=resultslist,10.22319/RMCP.V13I1.5939,Article,Gold|Green,2-s2.0-85129295964,-,Universidad Autónoma Metropolitana| Universidad Autonoma del Estado de Mexico,505017| 505051,Academic,2.0,60002281| 60010210,Universidad Autónoma del Estado de México| Universidad Autónoma Metropolitana Unidad Xochimilco,57658703200,16241215200,16241215200,-,Mexico,1.0,1103| 3400,Animal Science and Zoology| General Veterinary,5,Life Sciences & Medicine,546| 502,Veterinary Science| Agriculture & Forestry,32,Life Sciences,30| 31,"Agricultural, Veterinary And Food Sciences| Biological Sciences",3009| 3003| 3109,Veterinary sciences| Animal production| Zoology,-,Methane Reduction through Feed Supplementation Strategies,104,78.417,Nutritional Enhancement of Rabbit Meat Quality,22153,81.815,Defensible,2022.0,0.0,N/A,"Jaurez-Espinosa, M.| Hernández-García, P.A.| Osorio-Terán, A.I.| Mendoza-Martínez, G.D.| Ojeda-Carrasco, J.J.| Tapia-Rodríguez, M.Z.| Espinosa-Ayala, E.",Universidad Autónoma Metropolitana| Universidad Autonoma del Estado de Mexico,Mexico,0
7006056546,7006056546,"Effects of a glycogenic additive on intake, daily gain, and blood metabolites in weaned horses","Morones, E.| Pérez-Estrada, P.| Mendoza-Martínez, G.| Hernández-García, A.| Martínez-García, A.",5.0,57193433052| 57220930951| 7006056546| 57220932849| 57219340115,2020.0,2020-01-01,Revista de la Facultad de Ciencias Agrarias,52,2,389-394,-,ISSN-03704661,19600161819.0,Journal,Universidad Nacional de Cuyo,English,0.86,40,1.3,63,0.283,60,0.1,3.0,0.0,0.0,10.1,83.0,78.0,0.0,0.0,"Morones, E., Pérez-Estrada, P., Mendoza-Martínez, G. and 2 more (...) (2020).Effects of a glycogenic additive on intake, daily gain, and blood metabolites in weaned horses. Revista de la Facultad de Ciencias Agrarias,52(2) 389-394",https://www.scopus.com/record/display.url?eid=2-s2.0-85097880511&origin=resultslist,-,Article,,2-s2.0-85097880511,-,Universidad Autónoma Metropolitana| Universidad Autonoma del Estado de Mexico,505017| 505051,Academic,2.0,125552606| 60010210| 60002281,Secretaría de Seguridad Ciudadana| Universidad Autónoma Metropolitana Unidad Xochimilco| Universidad Autónoma del Estado de México,57193433052,57219340115,57219340115,-,Mexico,1.0,1102| 1110,Agronomy and Crop Science| Plant Science,5,Life Sciences & Medicine,502,Agriculture & Forestry,32,Life Sciences,31| 30,"Biological Sciences| Agricultural, Veterinary And Food Sciences",3109| 3004| 3008,Zoology| Crop and pasture production| Horticultural production,-,Alcohol Consumption and Its Health Implications,1268,15.631,Propylene Glycol Toxicity and Clinical Implications,68492,37.024,Defensible,2020.0,0.0,N/A,"Morones, E.| Pérez-Estrada, P.| Mendoza-Martínez, G.| Hernández-García, A.| Martínez-García, A.",Universidad Autónoma Metropolitana| Universidad Autonoma del Estado de Mexico,Mexico,0
7006056546,7006056546,Effect of protein level on growth of Goodea atripinnis (Pisces: Goodeidae),"Vásquez-González, A.| Arredondo-Figueroa, J.L.| Mendoza-Martínez, G.D.| Viana-Castrillón, M.T.| Plata-Pérez, F.X.",5.0,36149754200| 6602267799| 7006056546| 7005844257| 9635011500,2018.0,2018-01-01,Hidrobiologica,28,1,121-127,-,ISSN-01888897,21100220106.0,Journal,Universidad Autonoma Metropolitana,Spanish,0.25,82,0.4,80,0.175,74,0.04,10.0,0.0,0.0,8.82,82.0,74.0,0.0,0.0,"Vásquez-González, A., Arredondo-Figueroa, J.L., Mendoza-Martínez, G.D. and 2 more (...) (2018).Effect of protein level on growth of Goodea atripinnis (Pisces: Goodeidae). Hidrobiologica,28(1) 121-127",https://www.scopus.com/record/display.url?eid=2-s2.0-85116500498&origin=resultslist,10.24275/UAM/IZT/DCBS/HIDRO/2018V28N1/PLATA,Article,Gold,2-s2.0-85116500498,-,Universidad Autonoma de Baja California| Universidad Autónoma Metropolitana| Autonomous University of Aguascalientes,505046| 505017| 704841,Academic,3.0,60010210| 60014923| 60002520| 60005618,Universidad Autónoma Metropolitana Unidad Xochimilco| Universidad Autónoma Metropolitana| Universidad Autónoma de Aguascalientes| Universidad Autónoma de Baja California,36149754200,9635011500,9635011500,-,Mexico,1.0,1104| 1105| 1910| 2303| 2312,"Aquatic Science| Ecology, Evolution, Behavior and Systematics| Oceanography| Ecology| Water Science and Technology",4| 5| 2,Natural Sciences| Life Sciences & Medicine| Engineering & Technology,502| 424| 450| 416,Agriculture & Forestry| Environmental Sciences| Geology| Earth & Marine Sciences,32| 37,Life Sciences| Physical Sciences,30| 31,"Agricultural, Veterinary And Food Sciences| Biological Sciences",3005| 3108| 3103,Fisheries sciences| Plant biology| Ecology,SDG 15,Nutritional Enhancements in Aquaculture Feed Systems,713,82.603,Nutritional Dynamics in Fish Growth Performance,5156,94.818,Very Good,2018.0,0.0,N/A,"Vásquez-González, A.| Arredondo-Figueroa, J.L.| Mendoza-Martínez, G.D.| Viana-Castrillón, M.T.| Plata-Pérez, F.X.",Universidad Autonoma de Baja California| Universidad Autónoma Metropolitana| Autonomous University of Aguascalientes,Mexico,0
7006056546,7006056546,Short-term methionine supplementation during the early post-partum period in primiparous rabbits improves prolificacy associated with an increase in serum concentrations of IGF-I,"Lopéz-Cedillo, Z.B.| Rosales-Torres, A.M.| Mendoza, G.D.| Heuze, Y.| Ávila-Espítia, A.E.| Guzmán, A.",6.0,57191487721| 7005330981| 7006056546| 59869507700| 57191541615| 56435568900,2017.0,2017-10-01,Journal of Animal Physiology and Animal Nutrition,101,5,e394-e403,-,ISSN-09312439,23444.0,Journal,Blackwell Publishing Ltd,English,1.11,24,2.5,26,0.63,27,0.88,23.0,0.0,0.0,5.23,82.0,72.0,0.0,0.0,"Lopéz-Cedillo, Z.B., Rosales-Torres, A.M., Mendoza, G.D. and 3 more (...) (2017).Short-term methionine supplementation during the early post-partum period in primiparous rabbits improves prolificacy associated with an increase in serum concentrations of IGF-I. Journal of Animal Physiology and Animal Nutrition,101(5) e394-e403",https://www.scopus.com/record/display.url?eid=2-s2.0-84991449253&origin=resultslist,10.1111/jpn.12619,Article,,2-s2.0-84991449253,27747966,Universidad Autónoma Metropolitana,505017,Academic,1.0,60010210,Universidad Autónoma Metropolitana Unidad Xochimilco,57191487721,56435568900,56435568900,-,Mexico,1.0,1103| 3403,Animal Science and Zoology| Food Animals,5,Life Sciences & Medicine,502| 546,Agriculture & Forestry| Veterinary Science,32,Life Sciences,30| 31,"Agricultural, Veterinary And Food Sciences| Biological Sciences",3109| 3009| 3003,Zoology| Veterinary sciences| Animal production,-,Animal Welfare and Production in Livestock Systems,1094,40.419,Reproductive Performance and Health in Rabbits,26523,57.367,Defensible,2017.0,0.0,N/A,"Lopéz-Cedillo, Z.B.| Rosales-Torres, A.M.| Mendoza, G.D.| Heuze, Y.| Ávila-Espítia, A.E.| Guzmán, A.",Universidad Autónoma Metropolitana,Mexico,0
7006056546,7006056546,"Relationships among ß-hydroxybutyrate, calcium and non-esterified fatty acids in blood with milk yield losses at early lactation","López-Ordaz, R.| Pérez-Hernández, G.| Ramírez-Ramírez, H.A.| López-Ordaz, R.| Mendoza-Martínez, G.D.| Ruíz-Flores, A.",6.0,24280327000| 57216864726| 54794521700| 23009138300| 7006056546| 13404433600,2021.0,2021-01-01,Revista Mexicana De Ciencias Pecuarias,12,1,18-35,-,ISSN-20071124,19700201528.0,Journal,INIFAP-CENID Parasitologia Veterinaria,English,0.49,65,0.8,69,0.216,60,0.3,8.0,0.0,0.0,5.9,82.0,79.0,0.0,0.0,"López-Ordaz, R., Pérez-Hernández, G., Ramírez-Ramírez, H.A. and 3 more (...) (2021).Relationships among ß-hydroxybutyrate, calcium and non-esterified fatty acids in blood with milk yield losses at early lactation. Revista Mexicana De Ciencias Pecuarias,12(1) 18-35",https://www.scopus.com/record/display.url?eid=2-s2.0-85108809162&origin=resultslist,10.22319/RMCP.V12I1.5105,Article,Gold,2-s2.0-85108809162,-,Iowa State University| Universidad Autónoma Metropolitana| Universidad Autonoma Chapingo,508088| 505017| 505047,Academic,3.0,60010597| 60004354| 60014923,Universidad Autónoma Chapingo| Iowa State University| Universidad Autónoma Metropolitana,24280327000,13404433600,24280327000,-,Mexico| United States,2.0,1103| 3400,Animal Science and Zoology| General Veterinary,5,Life Sciences & Medicine,546| 502,Veterinary Science| Agriculture & Forestry,32,Life Sciences,30| 31,"Agricultural, Veterinary And Food Sciences| Biological Sciences",3009| 3003| 3109,Veterinary sciences| Animal production| Zoology,-,Reproductive Efficiency in Dairy and Meat Production,906,31.001,Metabolic Health and Performance in Dairy Cows,859,95.997,Very Good,2021.0,0.0,N/A,"López-Ordaz, R.| Pérez-Hernández, G.| Ramírez-Ramírez, H.A.| López-Ordaz, R.| Mendoza-Martínez, G.D.| Ruíz-Flores, A.",Iowa State University| Universidad Autónoma Metropolitana| Universidad Autonoma Chapingo,Mexico| United States,0
7006056546,7006056546,Effect of protein level on growth of goodea atripinnis (pisces: Goodeidae),"Vásquez-González, A.| Arredondo-Figueroa, J.L.| Mendoza-Martínez, G.D.| Viana-Castrillón, M.T.| Plata-Pérez, F.X.",5.0,36149754200| 6602267799| 7006056546| 7005844257| 9635011500,2018.0,2018-01-01,Hidrobiologica,28,1,121-127,-,ISSN-01888897,21100220106.0,Journal,Universidad Autonoma Metropolitana,Spanish,0.25,82,0.4,80,0.175,74,0.75,40.0,0.0,0.0,8.82,82.0,74.0,0.0,0.0,"Vásquez-González, A., Arredondo-Figueroa, J.L., Mendoza-Martínez, G.D. and 2 more (...) (2018).Effect of protein level on growth of goodea atripinnis (pisces: Goodeidae). Hidrobiologica,28(1) 121-127",https://www.scopus.com/record/display.url?eid=2-s2.0-85048252282&origin=resultslist,10.24275/uam/izt/dcbi/hidro/2017v28n1/plata,Article,Gold,2-s2.0-85048252282,-,Universidad Autonoma de Baja California| Universidad Autónoma Metropolitana| Autonomous University of Aguascalientes,505046| 505017| 704841,Academic,3.0,60010210| 60002520| 60005618,Universidad Autónoma Metropolitana Unidad Xochimilco| Universidad Autónoma de Aguascalientes| Universidad Autónoma de Baja California,36149754200,9635011500,-,-,Mexico,1.0,1104| 1105| 1910| 2303| 2312,"Aquatic Science| Ecology, Evolution, Behavior and Systematics| Oceanography| Ecology| Water Science and Technology",5| 4| 2,Life Sciences & Medicine| Natural Sciences| Engineering & Technology,502| 416| 424| 450,Agriculture & Forestry| Earth & Marine Sciences| Environmental Sciences| Geology,37| 32,Physical Sciences| Life Sciences,31| 30,"Biological Sciences| Agricultural, Veterinary And Food Sciences",3103| 3108| 3005,Ecology| Plant biology| Fisheries sciences,SDG 15,Nutritional Enhancements in Aquaculture Feed Systems,713,82.603,Nutritional Dynamics in Fish Growth Performance,5156,94.818,Very Good,2018.0,0.0,N/A,"Vásquez-González, A.| Arredondo-Figueroa, J.L.| Mendoza-Martínez, G.D.| Viana-Castrillón, M.T.| Plata-Pérez, F.X.",Universidad Autonoma de Baja California| Universidad Autónoma Metropolitana| Autonomous University of Aguascalientes,Mexico,0
