Autor,Autor_ID,Title,Authors,Number of Authors,Scopus Author Ids,Year,Full date,Scopus Source title,Volume,Issue,Pages,Article number,ISSN,Source ID,Source type,Publisher,Language,SNIP (publication year),SNIP percentile (publication year) *,CiteScore (publication year),CiteScore percentile (publication year) *,SJR (publication year),SJR percentile (publication year) *,Field-Weighted View Impact,Views,Citations,Field-Weighted Citation Impact,Field-Citation Average,"Outputs in Top Citation Percentiles, per percentile","Field-Weighted Outputs in Top Citation Percentiles, per percentile",Main patent families,Policy citations,Reference,Abstract,DOI,Publication type,Open Access,EID,PubMed ID,Institutions,Institution IDs,Sector,Number of Institutions,Scopus Affiliation IDs,Scopus Affiliation names,Scopus Author ID First Author,Scopus Author ID Last Author,Scopus Author ID Corresponding Author,Scopus Author ID Single Author,Country/Region,Number of Countries/Regions,All Science Journal Classification (ASJC) code,All Science Journal Classification (ASJC) field name,Quacquarelli Symonds (QS) Subject area code,Quacquarelli Symonds (QS) Subject area field name,Quacquarelli Symonds (QS) Subject code,Quacquarelli Symonds (QS) Subject field name,Times Higher Education (THE) code,Times Higher Education (THE) field name,ANZSRC FoR (2020) parent code,ANZSRC FoR (2020) parent name,ANZSRC FoR (2020) code,ANZSRC FoR (2020) name,Sustainable Development Goals (2025),Topic Cluster name,Topic Cluster number,Topic Cluster Prominence Percentile,Topic name,Topic number,Topic Prominence Percentile,Publication link to Topic strength,Año,Citas,Colaboracion,Autores,Instituciones,Regiones,Instituciones_Nacionales
57194437346,57194437346,Evaluation of the antioxidant activity of aqueous and methanol extracts of Pleurotus ostreatus in different growth stages,"González-Palma, I.| Escalona-Buendía, H.B.| Ponce-Alquicira, E.| Téllez-Téllez, M.| Gupta, V.K.| Díaz-Godínez, G.| Soriano-Santos, J.",7.0,57190765862| 57194437346| 57203801983| 56002742100| 36158104300| 55909571500| 55989678800,2016.0,2016-07-12,Frontiers in Microbiology,7,-,-,1099,ISSN-1664302X,21100226442.0,Journal,Frontiers Research Foundation,English,1.19,20,4.2,36,1.759,15,1.63,50.0,185.0,1.38,10.85,2.0,21.0,0.0,0.0,"González-Palma, I., Escalona-Buendía, H.B., Ponce-Alquicira, E. and 4 more (...) (2016).Evaluation of the antioxidant activity of aqueous and methanol extracts of Pleurotus ostreatus in different growth stages. Frontiers in Microbiology,7",https://www.scopus.com/record/display.url?eid=2-s2.0-84983042607&origin=resultslist,10.3389/fmicb.2016.01099,Article,Gold|Green,2-s2.0-84983042607,-,Universidad Autonoma del Estado de Morelos| Universidad Autónoma Metropolitana| University of Galway| Universidad Autónoma de Tlaxcala,505016| 505017| 319003| 714292,Academic,4.0,60028381| 60029589| 60025626| 60008539,Universidad Autónoma Metropolitana -Unidad Iztapalapa| Universidad Autónoma de Tlaxcala| Universidad Autónoma del Estado de Morelos| University of Galway,57190765862,55989678800,55989678800,-,Mexico| Ireland,2.0,2404| 2726,Microbiology| Microbiology (medical),5,Life Sciences & Medicine,507| 532,Biological Sciences| Medicine,34| 32,Medical and Health| Life Sciences,32| 31,Biomedical And Clinical Sciences| Biological Sciences,3107| 3207,Microbiology| Medical microbiology,-,Mushroom Compounds and Their Multifaceted Applications,1080,64.683,Medicinal Mushrooms and Their Bioactive Properties,3112,98.287,Very Good,2016.0,185.0,N/A,"González-Palma, I.| Escalona-Buendía, H.B.| Ponce-Alquicira, E.| Téllez-Téllez, M.| Gupta, V.K.| Díaz-Godínez, G.| Soriano-Santos, J.",Universidad Autonoma del Estado de Morelos| Universidad Autónoma Metropolitana| University of Galway| Universidad Autónoma de Tlaxcala,Mexico| Ireland,0
57194437346,57194437346,"Craft vs. industrial: Habits, attitudes and motivations towards beer consumption in Mexico","Gómez-Corona, C.| Escalona-Buendía, H.B.| García, M.| Chollet, S.| Valentin, D.",5.0,56902568500| 57194437346| 56902078700| 15131151000| 7004145055,2016.0,2016-01-01,Appetite,96,-,358-367,-,ISSN-01956663,29994.0,Journal,Academic Press,English,1.4,14,5.4,10,1.662,9,6.15,350.0,181.0,5.19,8.67,2.0,3.0,0.0,0.0,"Gómez-Corona, C., Escalona-Buendía, H.B., García, M. and 2 more (...) (2016).Craft vs. industrial: Habits, attitudes and motivations towards beer consumption in Mexico. Appetite,96358-367",https://www.scopus.com/record/display.url?eid=2-s2.0-84944224552&origin=resultslist,10.1016/j.appet.2015.10.002,Article,,2-s2.0-84944224552,26455311,Université d'Artois| Universidad Autónoma Metropolitana| CNRS| Université de Lille| L'Institut Agro| L'Institut Agro Dijon| INRAE| University of Liege| Université de Bourgogne| Université de Picardie Jules Verne| Université du Littoral Côte-d'Opale,314305| 505017| 314004| 714076| 725028| 722403| 314023| 303012| 314045| 314061| 314076,Academic| Government,11.0,60028381| 115843218| 60210140| 60112044| 60123163,Universidad Autónoma Metropolitana -Unidad Iztapalapa| Phenoma Targetting Lab| Institut Charles Viollette| Centre des Sciences du Goût et de l'Alimentation| INRAE,56902568500,7004145055,56902568500,-,Mexico| France,2.0,2916| 3200,Nutrition and Dietetics| General Psychology,5| 3,Life Sciences & Medicine| Social Sciences & Management,534| 541,Nursing| Psychology,39| 34,Psychology| Medical and Health,MD,Multidisciplinary,MD,Multidisciplinary,SDG 6,Institutional Change in Public Sector Management Accounting,940,71.027,Craft Beer Dynamics in Local Economies,19754,84.427,Very Good,2016.0,181.0,N/A,"Gómez-Corona, C.| Escalona-Buendía, H.B.| García, M.| Chollet, S.| Valentin, D.",Université d'Artois| Universidad Autónoma Metropolitana| CNRS| Université de Lille| L'Institut Agro| L'Institut Agro Dijon| INRAE| University of Liege| Université de Bourgogne| Université de Picardie Jules Verne| Université du Littoral Côte-d'Opale,Mexico| France,0
57194437346,57194437346,Effect of the weight ratio of alginate-modified tapioca starch on the physicochemical properties and release kinetics of chlorogenic acid containing beads,"Lozano-Vazquez, G.| Lobato-Calleros, C.| Escalona-Buendia, H.| Chavez, G.| Alvarez-Ramirez, J.| Vernon-Carter, E.J.",6.0,56566709400| 6603090042| 57194437346| 55773546500| 55399527300| 7004260997,2015.0,2015-06-01,Food Hydrocolloids,48,-,301-311,-,ISSN-0268005X,22597.0,Journal,Elsevier B.V.,English,2.01,6,7,5,1.802,4,1.8,93.0,125.0,2.76,9.44,3.0,9.0,1.0,0.0,"Lozano-Vazquez, G., Lobato-Calleros, C., Escalona-Buendia, H. and 3 more (...) (2015).Effect of the weight ratio of alginate-modified tapioca starch on the physicochemical properties and release kinetics of chlorogenic acid containing beads. Food Hydrocolloids,48301-311",https://www.scopus.com/record/display.url?eid=2-s2.0-84925379902&origin=resultslist,10.1016/j.foodhyd.2015.02.032,Article,,2-s2.0-84925379902,-,Universidad Autónoma Metropolitana| Universidad Autonoma Chapingo,505017| 505047,Academic,2.0,60028381| 60010597,Universidad Autónoma Metropolitana -Unidad Iztapalapa| Universidad Autónoma Chapingo,56566709400,7004260997,55399527300,-,Mexico,1.0,1106| 1500| 1600,Food Science| General Chemical Engineering| General Chemistry,4| 2| 5,Natural Sciences| Engineering & Technology| Life Sciences & Medicine,409| 219| 502,Chemistry| Engineering - Chemical| Agriculture & Forestry,32| 36| 37,Life Sciences| Engineering| Physical Sciences,40| 30,"Engineering| Agricultural, Veterinary And Food Sciences",3006| 4004,Food sciences| Chemical engineering,-,Innovative Drug Delivery Systems for Enhanced Absorption,147,89.47,Alginate-Based Systems for Enhanced Bioactive Delivery,93662,86.081,Defensible,2015.0,125.0,N/A,"Lozano-Vazquez, G.| Lobato-Calleros, C.| Escalona-Buendia, H.| Chavez, G.| Alvarez-Ramirez, J.| Vernon-Carter, E.J.",Universidad Autónoma Metropolitana| Universidad Autonoma Chapingo,Mexico,0
57194437346,57194437346,Optimization of the antioxidant and antimicrobial response of the combined effect of nisin and avocado byproducts,"Calderón-Oliver, M.| Escalona-Buendía, H.B.| Medina-Campos, O.N.| Pedraza-Chaverri, J.| Pedroza-Islas, R.| Ponce-Alquicira, E.",6.0,35749416700| 57194437346| 6602200343| 7007015511| 6602205937| 57203801983,2016.0,2016-01-01,LWT,65,-,46-52,-,ISSN-00236438,20744.0,Journal,Academic Press,English,1.54,11,4.6,11,1.352,9,2.82,168.0,119.0,3.09,8.42,3.0,7.0,0.0,0.0,"Calderón-Oliver, M., Escalona-Buendía, H.B., Medina-Campos, O.N. and 3 more (...) (2016).Optimization of the antioxidant and antimicrobial response of the combined effect of nisin and avocado byproducts. LWT,6546-52",https://www.scopus.com/record/display.url?eid=2-s2.0-84952059733&origin=resultslist,10.1016/j.lwt.2015.07.048,Article,,2-s2.0-84952059733,-,Universidad Autónoma Metropolitana| Universidad Iberoamericana (UIA)| Universidad Nacional Autónoma de México,505017| 702731| 505023,Academic,3.0,60028381| 60014923| 60032442| 60011923,Universidad Autónoma Metropolitana -Unidad Iztapalapa| Universidad Autónoma Metropolitana| Universidad Nacional Autónoma de México| Universidad Iberoamericana,35749416700,57203801983,57203801983,-,Mexico,1.0,1106,Food Science,5,Life Sciences & Medicine,502,Agriculture & Forestry,32,Life Sciences,32| 40| 30,"Biomedical And Clinical Sciences| Engineering| Agricultural, Veterinary And Food Sciences",3210| 4004| 3006,Nutrition and dietetics| Chemical engineering| Food sciences,-,Ethylene Regulation and Antioxidant Activity in Fruits,419,83.649,Avocado Quality and Nutritional Insights,13128,95.794,Very Good,2016.0,119.0,N/A,"Calderón-Oliver, M.| Escalona-Buendía, H.B.| Medina-Campos, O.N.| Pedraza-Chaverri, J.| Pedroza-Islas, R.| Ponce-Alquicira, E.",Universidad Autónoma Metropolitana| Universidad Iberoamericana (UIA)| Universidad Nacional Autónoma de México,Mexico,0
57194437346,57194437346,Comparative study of the microencapsulation by complex coacervation of nisin in combination with an avocado antioxidant extract,"Calderón-Oliver, M.| Pedroza-Islas, R.| Escalona-Buendía, H.B.| Pedraza-Chaverri, J.| Ponce-Alquicira, E.",5.0,35749416700| 6602205937| 57194437346| 7007015511| 57203801983,2017.0,2017-01-01,Food Hydrocolloids,62,-,49-57,-,ISSN-0268005X,22597.0,Journal,Elsevier B.V.,English,1.99,6,8.6,3,1.991,2,3.93,329.0,83.0,3.19,10.99,5.0,7.0,0.0,0.0,"Calderón-Oliver, M., Pedroza-Islas, R., Escalona-Buendía, H.B. and 2 more (...) (2017).Comparative study of the microencapsulation by complex coacervation of nisin in combination with an avocado antioxidant extract. Food Hydrocolloids,6249-57",https://www.scopus.com/record/display.url?eid=2-s2.0-84979936613&origin=resultslist,10.1016/j.foodhyd.2016.07.028,Article,,2-s2.0-84979936613,-,Universidad Autónoma Metropolitana| Universidad Iberoamericana (UIA)| Universidad Nacional Autónoma de México,505017| 702731| 505023,Academic,3.0,60028381| 60014923| 60011923| 60032442,Universidad Autónoma Metropolitana -Unidad Iztapalapa| Universidad Autónoma Metropolitana| Universidad Iberoamericana| Universidad Nacional Autónoma de México,35749416700,57203801983,57203801983,-,Mexico,1.0,1106| 1500| 1600,Food Science| General Chemical Engineering| General Chemistry,2| 4| 5,Engineering & Technology| Natural Sciences| Life Sciences & Medicine,502| 219| 409,Agriculture & Forestry| Engineering - Chemical| Chemistry,32| 37| 36,Life Sciences| Physical Sciences| Engineering,30| 40,"Agricultural, Veterinary And Food Sciences| Engineering",3006| 4004,Food sciences| Chemical engineering,-,Protein Emulsification and Functional Food Applications,582,95.487,Coacervation Mechanisms in Protein-Polysaccharide Interactions,9750,97.754,Very Good,2017.0,83.0,N/A,"Calderón-Oliver, M.| Pedroza-Islas, R.| Escalona-Buendía, H.B.| Pedraza-Chaverri, J.| Ponce-Alquicira, E.",Universidad Autónoma Metropolitana| Universidad Iberoamericana (UIA)| Universidad Nacional Autónoma de México,Mexico,0
57194437346,57194437346,Craft beer representation amongst men in two different cultures,"Gómez-Corona, C.| Lelievre-Desmas, M.| Escalona Buendía, H.B.| Chollet, S.| Valentin, D.",5.0,56902568500| 56826205600| 57194437346| 15131151000| 7004145055,2016.0,2016-10-01,Food Quality and Preference,53,-,19-28,-,ISSN-09503293,23161.0,Journal,Elsevier Ltd,English,1.7,9,6.6,6,1.17,10,2.94,137.0,70.0,2.45,8.98,7.0,10.0,0.0,0.0,"Gómez-Corona, C., Lelievre-Desmas, M., Escalona Buendía, H.B. and 2 more (...) (2016).Craft beer representation amongst men in two different cultures. Food Quality and Preference,5319-28",https://www.scopus.com/record/display.url?eid=2-s2.0-84971420090&origin=resultslist,10.1016/j.foodqual.2016.05.010,Article,,2-s2.0-84971420090,-,Université d'Artois| Universidad Autónoma Metropolitana| Université de Lille| CNRS| L'Institut Agro| INRAE| L'Institut Agro Dijon| University of Liege| Université de Bourgogne| Université de Picardie Jules Verne| Université du Littoral Côte-d'Opale,314305| 505017| 714076| 314004| 725028| 314023| 722403| 303012| 314045| 314061| 314076,Academic| Government,11.0,60014923| 60210140| 60112044,Universidad Autónoma Metropolitana| Institut Charles Viollette| Centre des Sciences du Goût et de l'Alimentation,56902568500,7004145055,57194437346,-,Mexico| France,2.0,1106| 2916,Food Science| Nutrition and Dietetics,5,Life Sciences & Medicine,534| 502,Nursing| Agriculture & Forestry,34| 32,Medical and Health| Life Sciences,30| 35| 32,"Agricultural, Veterinary And Food Sciences| Commerce, Management, Tourism And Services| Biomedical And Clinical Sciences",3210| 3506| 3006,Nutrition and dietetics| Marketing| Food sciences,-,Health Care Dynamics in Brazilian Communities,1024,13.146,Social Representation and Quality of Life in Brazil,13821,62.16,Defensible,2016.0,70.0,N/A,"Gómez-Corona, C.| Lelievre-Desmas, M.| Escalona Buendía, H.B.| Chollet, S.| Valentin, D.",Université d'Artois| Universidad Autónoma Metropolitana| Université de Lille| CNRS| L'Institut Agro| INRAE| L'Institut Agro Dijon| University of Liege| Université de Bourgogne| Université de Picardie Jules Verne| Université du Littoral Côte-d'Opale,Mexico| France,0
57194437346,57194437346,"Effects of CaCO3 treatment on the morphology, crystallinity, rheology and hydrolysis of gelatinized maize starch dispersions","Garcia-Diaz, S.| Hernandez-Jaimes, C.| Escalona-Buendia, H.B.| Bello-Perez, L.A.| Vernon-Carter, E.J.| Alvarez-Ramirez, J.",6.0,57188695640| 55327395000| 57194437346| 7003824557| 7004260997| 55399527300,2016.0,2016-09-15,Food Chemistry,207,-,139-147,-,ISSN-03088146,24039.0,Journal,Elsevier Ltd,English,2.11,5,7.8,3,1.731,4,2.17,90.0,46.0,1.32,9.88,12.0,22.0,0.0,0.0,"Garcia-Diaz, S., Hernandez-Jaimes, C., Escalona-Buendia, H.B. and 3 more (...) (2016).Effects of CaCO3 treatment on the morphology, crystallinity, rheology and hydrolysis of gelatinized maize starch dispersions. Food Chemistry,207139-147",https://www.scopus.com/record/display.url?eid=2-s2.0-84962388448&origin=resultslist,10.1016/j.foodchem.2016.03.095,Article,,2-s2.0-84962388448,27080890,Universidad Autónoma Metropolitana| Universidad Autonoma del Estado de Mexico| Instituto Politécnico Nacional,505017| 505051| 505011,Academic,3.0,60028381| 60002281| 60019176,Universidad Autónoma Metropolitana -Unidad Iztapalapa| Universidad Autónoma del Estado de México| Instituto Politécnico Nacional,57188695640,55399527300,55327395000,-,Mexico,1.0,1106| 1602,Food Science| Analytical Chemistry,5| 4,Life Sciences & Medicine| Natural Sciences,409| 502,Chemistry| Agriculture & Forestry,32| 37,Life Sciences| Physical Sciences,30,"Agricultural, Veterinary And Food Sciences",3006,Food sciences,-,Starch Properties and Applications in Food Science,737,83.584,Starch Properties and Applications in Food Science,99,99.766,Very Good,2016.0,46.0,N/A,"Garcia-Diaz, S.| Hernandez-Jaimes, C.| Escalona-Buendia, H.B.| Bello-Perez, L.A.| Vernon-Carter, E.J.| Alvarez-Ramirez, J.",Universidad Autónoma Metropolitana| Universidad Autonoma del Estado de Mexico| Instituto Politécnico Nacional,Mexico,0
57194437346,57194437346,Physicochemical and Sensory Characteristics of Sausages Made with Grasshopper (Sphenarium purpurascens) Flour,"Cruz-López, S.O.| Álvarez-Cisneros, Y.M.| Domínguez-Soberanes, J.| Escalona-Buendía, H.B.| Sánchez, C.N.",5.0,57223023218| 36704366800| 57201861035| 57194437346| 57201851558,2022.0,2022-03-01,Foods,11,5,-,704,ISSN-23048158,21100898636.0,Journal,MDPI,English,1.31,17,5.8,3,0.771,18,5.01,105.0,46.0,3.51,10.54,5.0,5.0,0.0,0.0,"Cruz-López, S.O., Álvarez-Cisneros, Y.M., Domínguez-Soberanes, J. and 2 more (...) (2022).Physicochemical and Sensory Characteristics of Sausages Made with Grasshopper (Sphenarium purpurascens) Flour. Foods,11(5) ",https://www.scopus.com/record/display.url?eid=2-s2.0-85126323705&origin=resultslist,10.3390/foods11050704,Article,Gold|Green,2-s2.0-85126323705,-,Universidad Autónoma Metropolitana| Universidad Panamericana (UP),505017| 702732,Academic,2.0,60028381| 60012895,Universidad Autónoma Metropolitana -Unidad Iztapalapa| Universidad Panamericana,57223023218,57201851558,36704366800,-,Mexico,1.0,1106| 1110| 2404| 3306| 3601,Food Science| Plant Science| Microbiology| Health (social science)| Health Professions (miscellaneous),5| 3,Life Sciences & Medicine| Social Sciences & Management,502| 507,Agriculture & Forestry| Biological Sciences,40| 34| 32,Social Sciences| Medical and Health| Life Sciences,31| 30,"Biological Sciences| Agricultural, Veterinary And Food Sciences",3006| 3106,Food sciences| Industrial biotechnology,-,Mercury Dynamics in Environmental and Health Contexts,694,91.89,Nutritional Potential of Edible Insects in Food,3070,99.535,Definitive,2022.0,46.0,N/A,"Cruz-López, S.O.| Álvarez-Cisneros, Y.M.| Domínguez-Soberanes, J.| Escalona-Buendía, H.B.| Sánchez, C.N.",Universidad Autónoma Metropolitana| Universidad Panamericana (UP),Mexico,0
57194437346,57194437346,"Agave fructans as fat and sugar replacers in ice cream: Sensory, thermal and texture properties","Jardines, A.P.| Arjona-Román, J.L.| Severiano-Pérez, P.| Totosaus-Sánchez, A.| Fiszman, S.| Escalona-Buendía, H.B.",6.0,57216930660| 56000886600| 14071941700| 55920259000| 56273262700| 57194437346,2020.0,2020-11-01,Food Hydrocolloids,108,-,-,106032,ISSN-0268005X,22597.0,Journal,Elsevier B.V.,English,2.16,5,12.2,2,2.471,2,3.26,109.0,43.0,1.69,14.78,10.0,15.0,0.0,0.0,"Jardines, A.P., Arjona-Román, J.L., Severiano-Pérez, P. and 3 more (...) (2020).Agave fructans as fat and sugar replacers in ice cream: Sensory, thermal and texture properties. Food Hydrocolloids,108",https://www.scopus.com/record/display.url?eid=2-s2.0-85085343795&origin=resultslist,10.1016/j.foodhyd.2020.106032,Article,Green,2-s2.0-85085343795,-,CSIC| Universidad Autónoma Metropolitana| CSIC - Institute of Agrochemistry and Food Technology| Universidad Nacional Autónoma de México,312004| 505017| 715387| 505023,Academic| Government,4.0,60014923| 60172565| 60032442| 100665784| 60004443| 60006754,Universidad Autónoma Metropolitana| Facultad de Estudios Superiores Cuautitlán| Universidad Nacional Autónoma de México| Food Science Lab| CSIC - Instituto de Agroquímica y Tecnología de Alimentos (IATA)| Consejo Superior de Investigaciones Científicas,57216930660,57194437346,57194437346,-,Mexico| Spain,2.0,1106| 1500| 1600,Food Science| General Chemical Engineering| General Chemistry,2| 4| 5,Engineering & Technology| Natural Sciences| Life Sciences & Medicine,409| 219| 502,Chemistry| Engineering - Chemical| Agriculture & Forestry,36| 37| 32,Engineering| Physical Sciences| Life Sciences,40| 30,"Engineering| Agricultural, Veterinary And Food Sciences",4004| 3006,Chemical engineering| Food sciences,-,Protein Emulsification and Functional Food Applications,582,95.487,Emulsification Techniques in Whipped Cream and Frozen Desserts,10797,95.346,Definitive,2020.0,43.0,N/A,"Jardines, A.P.| Arjona-Román, J.L.| Severiano-Pérez, P.| Totosaus-Sánchez, A.| Fiszman, S.| Escalona-Buendía, H.B.",CSIC| Universidad Autónoma Metropolitana| CSIC - Institute of Agrochemistry and Food Technology| Universidad Nacional Autónoma de México,Mexico| Spain,0
57194437346,57194437346,Effect of refrigerated storage (12.5°C) on tomato (Solanum lycopersicum) fruit flavor: A biochemical and sensory analysis,"Ponce-Valadez, M.| Escalona-Buendía, H.B.| Villa-Hernández, J.M.| de León-Sánchez, F.D.| Rivera-Cabrera, F.| Alia-Tejacal, I.| Pérez-Flores, L.J.",7.0,24588008600| 57194437346| 55782192900| 25928243500| 15846930100| 16425139500| 56013751300,2016.0,2016-01-01,Postharvest Biology and Technology,111,-,6-14,-,ISSN-09255214,16132.0,Journal,Elsevier,English,2.15,5,5.8,1,1.673,1,1.38,79.0,42.0,1.65,6.06,13.0,17.0,0.0,0.0,"Ponce-Valadez, M., Escalona-Buendía, H.B., Villa-Hernández, J.M. and 4 more (...) (2016).Effect of refrigerated storage (12.5°C) on tomato (Solanum lycopersicum) fruit flavor: A biochemical and sensory analysis. Postharvest Biology and Technology,1116-14",https://www.scopus.com/record/display.url?eid=2-s2.0-84938871180&origin=resultslist,10.1016/j.postharvbio.2015.07.010,Article,,2-s2.0-84938871180,-,Universidad Autonoma del Estado de Morelos| Universidad Autónoma Metropolitana,505016| 505017,Academic,2.0,60014923| 60025626,Universidad Autónoma Metropolitana| Universidad Autónoma del Estado de Morelos,24588008600,56013751300,56013751300,-,Mexico,1.0,1102| 1106| 1108,Agronomy and Crop Science| Food Science| Horticulture,5,Life Sciences & Medicine,502,Agriculture & Forestry,32,Life Sciences,30,"Agricultural, Veterinary And Food Sciences",3008,Horticultural production,-,Carotenoid Dynamics in Nutrition and Health,1002,62.525,Flavor and Aroma Profiles of Tomato Cultivars,28502,85.437,Very Good,2016.0,42.0,N/A,"Ponce-Valadez, M.| Escalona-Buendía, H.B.| Villa-Hernández, J.M.| de León-Sánchez, F.D.| Rivera-Cabrera, F.| Alia-Tejacal, I.| Pérez-Flores, L.J.",Universidad Autonoma del Estado de Morelos| Universidad Autónoma Metropolitana,Mexico,0
57194437346,57194437346,"Measuring the drinking experience of beer in real context situations. The impact of affects, senses, and cognition","Gómez-Corona, C.| Chollet, S.| Escalona-Buendía, H.B.| Valentin, D.",4.0,56902568500| 15131151000| 57194437346| 7004145055,2017.0,2017-09-01,Food Quality and Preference,60,-,113-122,-,ISSN-09503293,23161.0,Journal,Elsevier Ltd,English,1.57,11,6.8,6,1.237,10,3.53,125.0,42.0,2.27,9.68,13.0,11.0,0.0,0.0,"Gómez-Corona, C., Chollet, S., Escalona-Buendía, H.B. and 1 more (...) (2017).Measuring the drinking experience of beer in real context situations. The impact of affects, senses, and cognition. Food Quality and Preference,60113-122",https://www.scopus.com/record/display.url?eid=2-s2.0-85017559957&origin=resultslist,10.1016/j.foodqual.2017.04.002,Article,,2-s2.0-85017559957,-,Université d'Artois| Universidad Autónoma Metropolitana| CNRS| Université de Lille| L'Institut Agro| L'Institut Agro Dijon| INRAE| University of Liege| Université de Bourgogne| Université de Picardie Jules Verne| Université du Littoral Côte-d'Opale,314305| 505017| 314004| 714076| 725028| 722403| 314023| 303012| 314045| 314061| 314076,Academic| Government,11.0,60014923| 60210140| 60112044| 60008134| 60293501| 60123163,Universidad Autónoma Metropolitana| Institut Charles Viollette| Centre des Sciences du Goût et de l'Alimentation| CNRS Centre National de la Recherche Scientifique| Université Marie et Louis Pasteur| INRAE,56902568500,7004145055,56902568500,-,Mexico| France,2.0,1106| 2916,Food Science| Nutrition and Dietetics,5,Life Sciences & Medicine,534| 502,Nursing| Agriculture & Forestry,32| 34,Life Sciences| Medical and Health,30| 32| 35,"Agricultural, Veterinary And Food Sciences| Biomedical And Clinical Sciences| Commerce, Management, Tourism And Services",3006| 3210| 3506,Food sciences| Nutrition and dietetics| Marketing,-,Interplay of Taste and Olfactory Sensations,588,74.951,Consumer Perception and Sensory Experience in Food Choices,11640,93.768,Very Good,2017.0,42.0,N/A,"Gómez-Corona, C.| Chollet, S.| Escalona-Buendía, H.B.| Valentin, D.",Université d'Artois| Universidad Autónoma Metropolitana| CNRS| Université de Lille| L'Institut Agro| L'Institut Agro Dijon| INRAE| University of Liege| Université de Bourgogne| Université de Picardie Jules Verne| Université du Littoral Côte-d'Opale,Mexico| France,0
57194437346,57194437346,Ultrasound treatment for improving the bioactive compounds and quality properties of a Brazilian nopal (Opuntia ficus-indica) beverage during shelf-life,"de Albuquerque, J.G.| Escalona-Buendía, H.B.| de Magalhães Cordeiro, A.M.T.| dos Santos Lima, M.| de Souza Aquino, J.| da Silva Vasconcelos, M.A.",6.0,24464421100| 57194437346| 54408226900| 57949985700| 55576888700| 44161002600,2021.0,2021-09-01,LWT,149,-,-,111814,ISSN-00236438,20744.0,Journal,Academic Press,English,1.48,14,7.3,13,1.059,10,0.81,26.0,37.0,2.06,13.13,10.0,12.0,0.0,0.0,"de Albuquerque, J.G., Escalona-Buendía, H.B., de Magalhães Cordeiro, A.M.T. and 3 more (...) (2021).Ultrasound treatment for improving the bioactive compounds and quality properties of a Brazilian nopal (Opuntia ficus-indica) beverage during shelf-life. LWT,149",https://www.scopus.com/record/display.url?eid=2-s2.0-85107723198&origin=resultslist,10.1016/j.lwt.2021.111814,Article,,2-s2.0-85107723198,-,Universidad Autónoma Metropolitana| Universidade Federal de Pernambuco| Universidade Federal da Paraíba,505017| 602030| 602020,Academic,3.0,60014923| 60031482| 60011324| 112876454,Universidad Autónoma Metropolitana| Universidade Federal de Pernambuco| Universidade Federal da Paraíba| Instituto Federal do Sertão Pernambucano,24464421100,44161002600,57194437346,-,Mexico| Brazil,2.0,1106,Food Science,5,Life Sciences & Medicine,502,Agriculture & Forestry,32,Life Sciences,32| 30| 40,"Biomedical And Clinical Sciences| Agricultural, Veterinary And Food Sciences| Engineering",3210| 3006| 4004,Nutrition and dietetics| Food sciences| Chemical engineering,-,Meat Quality and Composition in Livestock,1321,37.802,Ultrasound Technology in Food Quality Enhancement,10184,97.229,Very Good,2021.0,37.0,N/A,"de Albuquerque, J.G.| Escalona-Buendía, H.B.| de Magalhães Cordeiro, A.M.T.| dos Santos Lima, M.| de Souza Aquino, J.| da Silva Vasconcelos, M.A.",Universidad Autónoma Metropolitana| Universidade Federal de Pernambuco| Universidade Federal da Paraíba,Mexico| Brazil,0
57194437346,57194437346,Consumer perception and use of nopal (Opuntia ficus-indica): A cross-cultural study between Mexico and Brazil,"de Albuquerque, J.G.| de Souza Aquino, J.| de Albuquerque, J.G.| de Farias, T.G.S.| Escalona-Buendía, H.B.| Bosquez-Molina, E.| Azoubel, P.M.",7.0,24464421100| 55576888700| 57203435020| 57203430052| 57194437346| 6507439295| 35618113300,2019.0,2019-10-01,Food Research International,124,-,101-108,-,ISSN-09639969,23180.0,Journal,Elsevier Ltd,English,1.66,10,6.2,11,1.44,6,1.73,68.0,35.0,1.52,11.84,14.0,19.0,0.0,0.0,"de Albuquerque, J.G., de Souza Aquino, J., de Albuquerque, J.G. and 4 more (...) (2019).Consumer perception and use of nopal (Opuntia ficus-indica): A cross-cultural study between Mexico and Brazil. Food Research International,124101-108",https://www.scopus.com/record/display.url?eid=2-s2.0-85051746650&origin=resultslist,10.1016/j.foodres.2018.08.036,Article,,2-s2.0-85051746650,31466628,Universidad Autónoma Metropolitana| Universidade Federal de Pernambuco| Universidade Federal da Paraíba,505017| 602030| 602020,Academic,3.0,60031482| 60011324| 60014923,Universidade Federal de Pernambuco| Universidade Federal da Paraíba| Universidad Autónoma Metropolitana,24464421100,35618113300,35618113300,-,Mexico| Brazil,2.0,1106,Food Science,5,Life Sciences & Medicine,502,Agriculture & Forestry,32,Life Sciences,30| 32| 40,"Agricultural, Veterinary And Food Sciences| Biomedical And Clinical Sciences| Engineering",3006| 3210| 4004,Food sciences| Nutrition and dietetics| Chemical engineering,-,Interplay of Taste and Olfactory Sensations,588,74.951,Sensory Analysis and Consumer Preferences in Food Products,4811,93.19,Defensible,2019.0,35.0,N/A,"de Albuquerque, J.G.| de Souza Aquino, J.| de Albuquerque, J.G.| de Farias, T.G.S.| Escalona-Buendía, H.B.| Bosquez-Molina, E.| Azoubel, P.M.",Universidad Autónoma Metropolitana| Universidade Federal de Pernambuco| Universidade Federal da Paraíba,Mexico| Brazil,0
57194437346,57194437346,Volatile compounds generation during different stages of the tequila production process: A preliminary study,"Prado-Jaramillo, N.| Estarrón-Espinosa, M.| Escalona-Buendía, H.| Cosío-Ramírez, R.| Martín-del-Campo, S.T.",5.0,56999142400| 6507522924| 57194437346| 16067961800| 16069226000,2015.0,2015-05-01,LWT,61,2,471-483,-,ISSN-00236438,20744.0,Journal,Academic Press,English,1.6,10,4,14,1.29,10,0.95,67.0,35.0,0.78,7.73,17.0,35.0,1.0,0.0,"Prado-Jaramillo, N., Estarrón-Espinosa, M., Escalona-Buendía, H. and 2 more (...) (2015).Volatile compounds generation during different stages of the tequila production process: A preliminary study. LWT,61(2) 471-483",https://www.scopus.com/record/display.url?eid=2-s2.0-84949632755&origin=resultslist,10.1016/j.lwt.2014.11.042,Article,,2-s2.0-84949632755,-,Universidad Autónoma Metropolitana| Instituto Tecnologico de Estudios Superiores de Monterrey,505017| 505012,Academic,2.0,60007966| 60079492| 60028381,Tecnológico de Monterrey| Brown-Forman Corporation| Universidad Autónoma Metropolitana -Unidad Iztapalapa,56999142400,16069226000,16069226000,-,Mexico| United States,2.0,1106,Food Science,5,Life Sciences & Medicine,502,Agriculture & Forestry,32,Life Sciences,32| 40| 30,"Biomedical And Clinical Sciences| Engineering| Agricultural, Veterinary And Food Sciences",4004| 3210| 3006,Chemical engineering| Nutrition and dietetics| Food sciences,-,Antioxidant Compounds in Wine and Tea,630,87.966,Authenticity and Quality in Whisky and Tequila,46658,74.403,Very Good,2015.0,35.0,N/A,"Prado-Jaramillo, N.| Estarrón-Espinosa, M.| Escalona-Buendía, H.| Cosío-Ramírez, R.| Martín-del-Campo, S.T.",Universidad Autónoma Metropolitana| Instituto Tecnologico de Estudios Superiores de Monterrey,Mexico| United States,0
57194437346,57194437346,"The influence of agave fructans on thermal properties of low-fat, and low-fat and sugar ice cream","Pintor-Jardines, A.| Arjona-Román, J.L.| Totosaus-Sánchez, A.| Severiano-Pérez, P.| González-González, L.R.| Escalona-Buendia, H.B.",6.0,57201633014| 56000886600| 55920259000| 14071941700| 57201641375| 57194437346,2018.0,2018-07-01,LWT,93,-,679-685,-,ISSN-00236438,20744.0,Journal,Academic Press,English,1.64,10,6.1,8,1.4,7,2.62,112.0,33.0,0.97,11.38,17.0,30.0,0.0,0.0,"Pintor-Jardines, A., Arjona-Román, J.L., Totosaus-Sánchez, A. and 3 more (...) (2018).The influence of agave fructans on thermal properties of low-fat, and low-fat and sugar ice cream. LWT,93679-685",https://www.scopus.com/record/display.url?eid=2-s2.0-85045440861&origin=resultslist,10.1016/j.lwt.2018.03.060,Article,,2-s2.0-85045440861,-,Universidad Autónoma Metropolitana| Universidad Nacional Autónoma de México,505017| 505023,Academic,2.0,60014923| 60172565| 100665784| 60032442,Universidad Autónoma Metropolitana| Facultad de Estudios Superiores Cuautitlán| Food Science Lab| Universidad Nacional Autónoma de México,57201633014,57194437346,57194437346,-,Mexico,1.0,1106,Food Science,5,Life Sciences & Medicine,502,Agriculture & Forestry,32,Life Sciences,32| 30| 40,"Biomedical And Clinical Sciences| Agricultural, Veterinary And Food Sciences| Engineering",3006| 4004| 3210,Food sciences| Chemical engineering| Nutrition and dietetics,-,Protein Emulsification and Functional Food Applications,582,95.487,Emulsification Techniques in Whipped Cream and Frozen Desserts,10797,95.346,Definitive,2018.0,33.0,N/A,"Pintor-Jardines, A.| Arjona-Román, J.L.| Totosaus-Sánchez, A.| Severiano-Pérez, P.| González-González, L.R.| Escalona-Buendia, H.B.",Universidad Autónoma Metropolitana| Universidad Nacional Autónoma de México,Mexico,0
57194437346,57194437346,The role of gender and product consumption in the mental representation of industrial and craft beers: An exploratory study with Mexican consumers,"Gómez-Corona, C.| Valentin, D.| Escalona-Buendía, H.B.| Chollet, S.",4.0,56902568500| 7004145055| 57194437346| 15131151000,2017.0,2017-09-01,Food Quality and Preference,60,-,31-39,-,ISSN-09503293,23161.0,Journal,Elsevier Ltd,English,1.57,11,6.8,6,1.237,10,2.92,117.0,33.0,1.45,9.68,17.0,20.0,0.0,0.0,"Gómez-Corona, C., Valentin, D., Escalona-Buendía, H.B. and 1 more (...) (2017).The role of gender and product consumption in the mental representation of industrial and craft beers: An exploratory study with Mexican consumers. Food Quality and Preference,6031-39",https://www.scopus.com/record/display.url?eid=2-s2.0-85016471037&origin=resultslist,10.1016/j.foodqual.2017.03.008,Article,,2-s2.0-85016471037,-,Université d'Artois| Universidad Autónoma Metropolitana| Université de Lille| CNRS| L'Institut Agro| INRAE| L'Institut Agro Dijon| University of Liege| Université de Bourgogne| Université de Picardie Jules Verne| Université du Littoral Côte-d'Opale,314305| 505017| 714076| 314004| 725028| 314023| 722403| 303012| 314045| 314061| 314076,Academic| Government,11.0,60014923| 60293501| 60112044| 60123163| 60210140,Universidad Autónoma Metropolitana| Université Marie et Louis Pasteur| Centre des Sciences du Goût et de l'Alimentation| INRAE| Institut Charles Viollette,56902568500,15131151000,56902568500,-,Mexico| France,2.0,1106| 2916,Food Science| Nutrition and Dietetics,5,Life Sciences & Medicine,502| 534,Agriculture & Forestry| Nursing,32| 34,Life Sciences| Medical and Health,32| 35| 30,"Biomedical And Clinical Sciences| Commerce, Management, Tourism And Services| Agricultural, Veterinary And Food Sciences",3506| 3210| 3006,Marketing| Nutrition and dietetics| Food sciences,-,Interplay of Taste and Olfactory Sensations,588,74.951,Sensory Analysis and Consumer Preferences in Food Products,4811,93.19,Defensible,2017.0,33.0,N/A,"Gómez-Corona, C.| Valentin, D.| Escalona-Buendía, H.B.| Chollet, S.",Université d'Artois| Universidad Autónoma Metropolitana| Université de Lille| CNRS| L'Institut Agro| INRAE| L'Institut Agro Dijon| University of Liege| Université de Bourgogne| Université de Picardie Jules Verne| Université du Littoral Côte-d'Opale,Mexico| France,0
57194437346,57194437346,Renewing Traditions: A Sensory and Chemical Characterisation of Mexican Pigmented Corn Beers,"Romero-Medina, A.| Estarrón-Espinosa, M.| Verde-Calvo, J.R.| Lelièvre-Desmas, M.| Escalona-Buendiá, H.B.",5.0,57218896654| 6507522924| 9740356900| 56826205600| 57194437346,2020.0,2020-07-01,Foods,9,7,-,886,ISSN-23048158,21100898636.0,Journal,MDPI Multidisciplinary Digital Publishing Institute,English,1.65,11,3,7,0.774,24,2.15,59.0,32.0,2.0,9.98,15.0,12.0,0.0,0.0,"Romero-Medina, A., Estarrón-Espinosa, M., Verde-Calvo, J.R. and 2 more (...) (2020).Renewing Traditions: A Sensory and Chemical Characterisation of Mexican Pigmented Corn Beers. Foods,9(7) ",https://www.scopus.com/record/display.url?eid=2-s2.0-85090662675&origin=resultslist,10.3390/foods9070886,Article,Gold|Green,2-s2.0-85090662675,-,CIATEJ Guadalajara| Consejo Nacional de Ciencia y Tecnologia Mexico| Université d'Artois| Universidad Autónoma Metropolitana| Université de Lille| INRAE| University of Liege| Université de Picardie Jules Verne| Université du Littoral Côte-d'Opale,703030| 704696| 314305| 505017| 714076| 314023| 303012| 314061| 314076,Academic| Government,9.0,60014923| 60069653| 60104665| 60123163| 60018178| 60017689| 60184253,Universidad Autónoma Metropolitana| Centro de Investigación y Asistencia en Tecnologia y Diseño del Estado de Jalisco| Université de Lille| INRAE| Université d'Artois| Université du Littoral Côte d‘Opale| UMR Transfrontalière BioEcoAgro,57218896654,57194437346,57194437346,-,Mexico| France,2.0,1106| 1110| 2404| 3306| 3601,Food Science| Plant Science| Microbiology| Health (social science)| Health Professions (miscellaneous),3| 5,Social Sciences & Management| Life Sciences & Medicine,502| 507,Agriculture & Forestry| Biological Sciences,34| 40| 32,Medical and Health| Social Sciences| Life Sciences,31| 30,"Biological Sciences| Agricultural, Veterinary And Food Sciences",3106| 3006,Industrial biotechnology| Food sciences,-,Antioxidant Compounds in Wine and Tea,630,87.966,Antioxidant Properties and Flavor Dynamics in Beer,8117,95.091,Very Good,2020.0,32.0,N/A,"Romero-Medina, A.| Estarrón-Espinosa, M.| Verde-Calvo, J.R.| Lelièvre-Desmas, M.| Escalona-Buendiá, H.B.",CIATEJ Guadalajara| Consejo Nacional de Ciencia y Tecnologia Mexico| Université d'Artois| Universidad Autónoma Metropolitana| Université de Lille| INRAE| University of Liege| Université de Picardie Jules Verne| Université du Littoral Côte-d'Opale,Mexico| France,0
57194437346,57194437346,Effect of inulin on melting and textural properties of low-fat and sugarreduced ice cream: Optimization via a response surface methodology,"Pintor, A.| Escalona-Buendía, H.B.| Totosaus, A.",3.0,55511573800| 57194437346| 55920259000,2017.0,2017-01-01,International Food Research Journal,24,4,1728-1734,-,ISSN-19854668,13000154721.0,Journal,Universiti Putra Malaysia,English,0.59,57,1,68,0.296,63,2.61,174.0,30.0,0.44,9.16,19.0,50.0,0.0,0.0,"Pintor, A., Escalona-Buendía, H.B., Totosaus, A. (2017).Effect of inulin on melting and textural properties of low-fat and sugarreduced ice cream: Optimization via a response surface methodology. International Food Research Journal,24(4) 1728-1734",https://www.scopus.com/record/display.url?eid=2-s2.0-85028386121&origin=resultslist,-,Article,,2-s2.0-85028386121,-,Universidad Autónoma Metropolitana,505017,Academic,1.0,60028381| 100665784,Universidad Autónoma Metropolitana -Unidad Iztapalapa| Food Science Lab,55511573800,55920259000,55920259000,-,Mexico,1.0,1106,Food Science,5,Life Sciences & Medicine,502,Agriculture & Forestry,32,Life Sciences,30,"Agricultural, Veterinary And Food Sciences",3006,Food sciences,-,Protein Emulsification and Functional Food Applications,582,95.487,Emulsification Techniques in Whipped Cream and Frozen Desserts,10797,95.346,Definitive,2017.0,30.0,N/A,"Pintor, A.| Escalona-Buendía, H.B.| Totosaus, A.",Universidad Autónoma Metropolitana,Mexico,0
57194437346,57194437346,The building blocks of drinking experience across men and women: A case study with craft and industrial beers,"Gómez-Corona, C.| Escalona-Buendía, H.B.| Chollet, S.| Valentin, D.",4.0,56902568500| 57194437346| 15131151000| 7004145055,2017.0,2017-09-01,Appetite,116,-,345-356,-,ISSN-01956663,29994.0,Journal,Academic Press,English,1.3,17,5.7,10,1.441,13,2.52,110.0,28.0,1.07,9.33,20.0,27.0,0.0,0.0,"Gómez-Corona, C., Escalona-Buendía, H.B., Chollet, S. and 1 more (...) (2017).The building blocks of drinking experience across men and women: A case study with craft and industrial beers. Appetite,116345-356",https://www.scopus.com/record/display.url?eid=2-s2.0-85019843539&origin=resultslist,10.1016/j.appet.2017.05.026,Article,,2-s2.0-85019843539,28527950,Université d'Artois| Universidad Autónoma Metropolitana| Université de Lille| CNRS| L'Institut Agro| INRAE| L'Institut Agro Dijon| University of Liege| Université de Bourgogne| Université de Picardie Jules Verne| Université du Littoral Côte-d'Opale,314305| 505017| 714076| 314004| 725028| 314023| 722403| 303012| 314045| 314061| 314076,Academic| Government,11.0,60014923| 60210140| 60123163| 60293501| 60112044,Universidad Autónoma Metropolitana| Institut Charles Viollette| INRAE| Université Marie et Louis Pasteur| Centre des Sciences du Goût et de l'Alimentation,56902568500,7004145055,56902568500,-,Mexico| France,2.0,2916| 3200,Nutrition and Dietetics| General Psychology,3| 5,Social Sciences & Management| Life Sciences & Medicine,541| 534,Psychology| Nursing,39| 34,Psychology| Medical and Health,MD,Multidisciplinary,MD,Multidisciplinary,-,Institutional Change in Public Sector Management Accounting,940,71.027,Craft Beer Dynamics in Local Economies,19754,84.427,Defensible,2017.0,28.0,N/A,"Gómez-Corona, C.| Escalona-Buendía, H.B.| Chollet, S.| Valentin, D.",Université d'Artois| Universidad Autónoma Metropolitana| Université de Lille| CNRS| L'Institut Agro| INRAE| L'Institut Agro Dijon| University of Liege| Université de Bourgogne| Université de Picardie Jules Verne| Université du Littoral Côte-d'Opale,Mexico| France,0
57194437346,57194437346,Effect of the addition of microcapsules with avocado peel extract and nisin on the quality of ground beef,"Calderón-Oliver, M.| Escalona-Buendía, H.B.| Ponce-Alquicira, E.",3.0,35749416700| 57194437346| 57203801983,2020.0,2020-03-01,Food Science and Nutrition,8,3,1325-1334,-,ISSN-20487177,21100464557.0,Journal,Wiley-Blackwell,English,1.2,22,2.7,45,0.614,33,2.07,73.0,27.0,1.2,12.49,18.0,23.0,0.0,0.0,"Calderón-Oliver, M., Escalona-Buendía, H.B., Ponce-Alquicira, E. (2020).Effect of the addition of microcapsules with avocado peel extract and nisin on the quality of ground beef. Food Science and Nutrition,8(3) 1325-1334",https://www.scopus.com/record/display.url?eid=2-s2.0-85081096057&origin=resultslist,10.1002/fsn3.1359,Article,Hybrid gold|Green,2-s2.0-85081096057,-,Universidad Autónoma Metropolitana| Instituto Tecnologico de Estudios Superiores de Monterrey,505017| 505012,Academic,2.0,60007966| 60028381,Tecnológico de Monterrey| Universidad Autónoma Metropolitana -Unidad Iztapalapa,35749416700,57203801983,57203801983,-,Mexico,1.0,1106,Food Science,5,Life Sciences & Medicine,502,Agriculture & Forestry,32,Life Sciences,30| 32,"Agricultural, Veterinary And Food Sciences| Biomedical And Clinical Sciences",3210| 3006,Nutrition and dietetics| Food sciences,-,Enhancing Meat Quality through Innovative Processing Techniques,871,78.875,Natural Antioxidants in Meat Preservation,6059,94.975,Defensible,2020.0,27.0,N/A,"Calderón-Oliver, M.| Escalona-Buendía, H.B.| Ponce-Alquicira, E.",Universidad Autónoma Metropolitana| Instituto Tecnologico de Estudios Superiores de Monterrey,Mexico,0
57194437346,57194437346,Characterization of Cooked Meat Models using Grasshopper (Sphenarium purpurascens) Soluble Protein Extracted by Alkalisation and Ultrasound as Meat-Extender,"Cruz-López, S.O.| Escalona-Buendía, H.B.| Román-Guerrero, A.| Domínguez-Soberanes, J.| Alvarez-Cisneros, Y.M.",5.0,57223023218| 57194437346| 56013603800| 57201861035| 36704366800,2022.0,2022-01-01,Food Science of Animal Resources,42,3,536-555,-,ISSN-26360772,21100940430.0,Journal,Korean Society for Food Science of Animal Resources,English,1,30,5.6,7,0.556,26,2.12,43.0,25.0,2.53,8.68,12.0,9.0,0.0,0.0,"Cruz-López, S.O., Escalona-Buendía, H.B., Román-Guerrero, A. and 2 more (...) (2022).Characterization of Cooked Meat Models using Grasshopper (Sphenarium purpurascens) Soluble Protein Extracted by Alkalisation and Ultrasound as Meat-Extender. Food Science of Animal Resources,42(3) 536-555",https://www.scopus.com/record/display.url?eid=2-s2.0-85132077885&origin=resultslist,10.5851/kosfa.2022.e22,Article,Gold|Green,2-s2.0-85132077885,-,Universidad Autónoma Metropolitana| Universidad Panamericana (UP),505017| 702732,Academic,2.0,60014923| 60028381| 60012895,Universidad Autónoma Metropolitana| Universidad Autónoma Metropolitana -Unidad Iztapalapa| Universidad Panamericana,57223023218,36704366800,36704366800,-,Mexico,1.0,1103| 1106,Animal Science and Zoology| Food Science,5,Life Sciences & Medicine,502,Agriculture & Forestry,32,Life Sciences,30| 40,"Agricultural, Veterinary And Food Sciences| Engineering",4004| 3006| 3001,Chemical engineering| Food sciences| Agricultural biotechnology,-,Mercury Dynamics in Environmental and Health Contexts,694,91.89,Nutritional Potential of Edible Insects in Food,3070,99.535,Definitive,2022.0,25.0,N/A,"Cruz-López, S.O.| Escalona-Buendía, H.B.| Román-Guerrero, A.| Domínguez-Soberanes, J.| Alvarez-Cisneros, Y.M.",Universidad Autónoma Metropolitana| Universidad Panamericana (UP),Mexico,0
57194437346,57194437346,Angiotensin I-Converting Enzyme inhibitory and antioxidant activities and surfactant properties of protein hydrolysates as obtained of Amaranthus hypochondriacus L. grain,"Soriano-Santos, J.| Escalona-Buendía, H.",2.0,55989678800| 57194437346,2015.0,2015-04-01,Journal of Food Science and Technology,52,4,2073-2082,-,ISSN-00221155,20617.0,Journal,Springer India,English,1.33,16,1.9,39,0.483,38,1.8,79.0,25.0,0.78,7.73,24.0,35.0,0.0,0.0,"Soriano-Santos, J., Escalona-Buendía, H. (2015).Angiotensin I-Converting Enzyme inhibitory and antioxidant activities and surfactant properties of protein hydrolysates as obtained of Amaranthus hypochondriacus L. grain. Journal of Food Science and Technology,52(4) 2073-2082",https://www.scopus.com/record/display.url?eid=2-s2.0-84925763737&origin=resultslist,10.1007/s13197-013-1223-4,Article,Bronze|Green,2-s2.0-84925763737,-,Universidad Autónoma Metropolitana,505017,Academic,1.0,60028381,Universidad Autónoma Metropolitana -Unidad Iztapalapa,55989678800,57194437346,55989678800,-,Mexico,1.0,1106,Food Science,5,Life Sciences & Medicine,502,Agriculture & Forestry,32,Life Sciences,40| 30,"Engineering| Agricultural, Veterinary And Food Sciences",3006| 4004,Food sciences| Chemical engineering,-,Bioactive Peptides and Antioxidant Properties in Health,953,73.578,Bioactive Peptides in Health and Nutrition,1303,99.388,Very Good,2015.0,25.0,N/A,"Soriano-Santos, J.| Escalona-Buendía, H.",Universidad Autónoma Metropolitana,Mexico,0
57194437346,57194437346,Chemical characterization and antioxidant capacity in blue corn (Zea mays L.) malt beers,"Flores-Calderón, A.M.D.| Luna, H.| Escalona-Buendía, H.B.| Verde-Calvo, J.R.",4.0,55819022400| 7003868746| 57194437346| 9740356900,2017.0,2017-10-01,Journal of the Institute of Brewing,123,4,506-518,-,ISSN-00469750,27705.0,Journal,John Wiley and Sons Inc,English,0.53,61,1.6,50,0.387,48,1.18,58.0,24.0,0.44,9.16,23.0,50.0,0.0,0.0,"Flores-Calderón, A.M.D., Luna, H., Escalona-Buendía, H.B. and 1 more (...) (2017).Chemical characterization and antioxidant capacity in blue corn (Zea mays L.) malt beers. Journal of the Institute of Brewing,123(4) 506-518",https://www.scopus.com/record/display.url?eid=2-s2.0-85026291828&origin=resultslist,10.1002/jib.444,Article,Gold,2-s2.0-85026291828,-,Universidad Autónoma Metropolitana,505017,Academic,1.0,60028381| 60010210,Universidad Autónoma Metropolitana -Unidad Iztapalapa| Universidad Autónoma Metropolitana Unidad Xochimilco,55819022400,9740356900,9740356900,-,Mexico,1.0,1106,Food Science,5,Life Sciences & Medicine,502,Agriculture & Forestry,32,Life Sciences,40| 34| 31,Engineering| Chemical Sciences| Biological Sciences,-,-,-,Antioxidant Compounds in Wine and Tea,630,87.966,Antioxidant Properties and Flavor Dynamics in Beer,8117,95.091,Very Good,2017.0,24.0,N/A,"Flores-Calderón, A.M.D.| Luna, H.| Escalona-Buendía, H.B.| Verde-Calvo, J.R.",Universidad Autónoma Metropolitana,Mexico,0
57194437346,57194437346,"Sensory descriptors of cocoa beans from cultivated trees of Soconusco, Chiapas, Mexico","Vázquez-Ovando, A.| Chacón-Martínez, L.| Betancur-Ancona, D.| Escalona-Buendía, H.| Salvador-Figueroa, M.",5.0,54413116600| 56748004900| 55995879500| 57194437346| 56013742700,2015.0,2015-07-31,Food Science and Technology (Brazil),35,2,285-290,-,ISSN-01012061,4500151502.0,Journal,"Sociedade Brasileira de Ciencia e Tecnologia de Alimentos, SBCTA",English,0.66,51,1,64,0.348,55,1.6,59.0,20.0,0.23,8.63,28.0,59.0,0.0,0.0,"Vázquez-Ovando, A., Chacón-Martínez, L., Betancur-Ancona, D. and 2 more (...) (2015).Sensory descriptors of cocoa beans from cultivated trees of Soconusco, Chiapas, Mexico. Food Science and Technology (Brazil),35(2) 285-290",https://www.scopus.com/record/display.url?eid=2-s2.0-84938361544&origin=resultslist,10.1590/1678-457X.6552,Article,Hybrid gold|Green,2-s2.0-84938361544,-,Universidad Autónoma Metropolitana| Universidad Autonoma de Chiapas| Universidad Autonoma de Yucatan,505017| 707221| 505015,Academic,3.0,60016888| 60000409| 60028381,Universidad Autónoma de Chiapas| Universidad Autónoma de Yucatán| Universidad Autónoma Metropolitana -Unidad Iztapalapa,54413116600,56013742700,56013742700,-,Mexico,1.0,1106| 1305,Food Science| Biotechnology,5,Life Sciences & Medicine,507| 502,Biological Sciences| Agriculture & Forestry,32,Life Sciences,30| 40,"Agricultural, Veterinary And Food Sciences| Engineering",4004| 3006,Chemical engineering| Food sciences,-,Flavonoids and Their Impact on Health,124,91.825,Cocoa Fermentation and Quality Enhancement Techniques,15263,95.448,Very Good,2015.0,20.0,N/A,"Vázquez-Ovando, A.| Chacón-Martínez, L.| Betancur-Ancona, D.| Escalona-Buendía, H.| Salvador-Figueroa, M.",Universidad Autónoma Metropolitana| Universidad Autonoma de Chiapas| Universidad Autonoma de Yucatan,Mexico,0
57194437346,57194437346,Antioxidant balance and regulation in tomato genotypes of different color,"Vela-Hinojosa, C.| Escalona-Buendía, H.B.| Mendoza-Espinoza, J.A.| Villa-Hernández, J.M.| Lobato-Ortíz, R.| Rodríguez-Pérez, J.E.| Pérez-Flores, L.J.",7.0,55621362000| 57194437346| 56002729700| 55782192900| 56002667100| 56013868200| 56013751300,2019.0,2019-01-01,Journal of the American Society for Horticultural Science,144,1,45-54,-,ISSN-00031062,26724.0,Journal,American Society for Horticultural Science,English,0.67,53,2,31,0.422,37,1.25,35.0,20.0,0.97,10.27,25.0,30.0,0.0,0.0,"Vela-Hinojosa, C., Escalona-Buendía, H.B., Mendoza-Espinoza, J.A. and 4 more (...) (2019).Antioxidant balance and regulation in tomato genotypes of different color. Journal of the American Society for Horticultural Science,144(1) 45-54",https://www.scopus.com/record/display.url?eid=2-s2.0-85065921621&origin=resultslist,10.21273/JASHS04525-18,Article,Gold,2-s2.0-85065921621,-,Universidad Autónoma Metropolitana| Universidad Autonoma de la Ciudad de Mexico| Colegio de Postgraduados| Universidad Autonoma Chapingo,505017| 708454| 505003| 505047,Academic,4.0,60028381| 60094425| 60033065| 60010597,Universidad Autónoma Metropolitana -Unidad Iztapalapa| Universidad Autónoma de la Ciudad de México| Colegio De Postgraduados Campus Montecillo| Universidad Autónoma Chapingo,55621362000,56013751300,56013751300,-,Mexico,1.0,1108| 1311,Horticulture| Genetics,5,Life Sciences & Medicine,507| 502,Biological Sciences| Agriculture & Forestry,32,Life Sciences,30| 31,"Agricultural, Veterinary And Food Sciences| Biological Sciences",3008| 3108,Horticultural production| Plant biology,-,Carotenoid Dynamics in Nutrition and Health,1002,62.525,Lycopene's Antioxidant Role in Health Benefits,3584,97.543,Defensible,2019.0,20.0,N/A,"Vela-Hinojosa, C.| Escalona-Buendía, H.B.| Mendoza-Espinoza, J.A.| Villa-Hernández, J.M.| Lobato-Ortíz, R.| Rodríguez-Pérez, J.E.| Pérez-Flores, L.J.",Universidad Autónoma Metropolitana| Universidad Autonoma de la Ciudad de Mexico| Colegio de Postgraduados| Universidad Autonoma Chapingo,Mexico,0
57194437346,57194437346,Development and antioxidant stability of edible films supplemented with a tamarind seed extract,"López-Hernández, L.H.| Calderón-Oliver, M.| Soriano-Santos, J.| Severiano-Pérez, P.| Escalona-Buendía, H.B.| Ponce-Alquicira, E.",6.0,57203801222| 35749416700| 55989678800| 14071941700| 57194437346| 57203801983,2018.0,2018-09-01,Revista Mexicana de Ingeniera Quimica,17,3,975-987,-,ISSN-16652738,19900192431.0,Journal,Universidad Autonoma Metropolitana Iztapalapa,English,0.59,59,1.4,59,0.269,57,2.0,88.0,17.0,1.0,10.99,30.0,29.0,0.0,0.0,"López-Hernández, L.H., Calderón-Oliver, M., Soriano-Santos, J. and 3 more (...) (2018).Development and antioxidant stability of edible films supplemented with a tamarind seed extract. Revista Mexicana de Ingeniera Quimica,17(3) 975-987",https://www.scopus.com/record/display.url?eid=2-s2.0-85052990770&origin=resultslist,10.24275/uam/izt/dcbi/revmexingquim/2018v17n3/Lopez,Article,,2-s2.0-85052990770,-,"Instituto Nacional de Investigaciones Forestales, Agricolas y Pecuarias| Universidad Autónoma Metropolitana| Universidad Nacional Autónoma de México",505038| 505017| 505023,Academic| Government,3.0,60017983| 60028381| 60032442,"Instituto Nacional de Investigaciones Forestales, Agricolas y Pecuarias| Universidad Autónoma Metropolitana -Unidad Iztapalapa| Universidad Nacional Autónoma de México",57203801222,57203801983,57203801983,-,Mexico,1.0,1500,General Chemical Engineering,2,Engineering & Technology,219,Engineering - Chemical,36,Engineering,31| 30| 40,"Biological Sciences| Agricultural, Veterinary And Food Sciences| Engineering",3006| 3106| 4004,Food sciences| Industrial biotechnology| Chemical engineering,-,Chitosan Applications in Health and Food Packaging,881,93.656,Biopolymer Edible Films for Sustainable Packaging,181,99.967,Very Good,2018.0,17.0,N/A,"López-Hernández, L.H.| Calderón-Oliver, M.| Soriano-Santos, J.| Severiano-Pérez, P.| Escalona-Buendía, H.B.| Ponce-Alquicira, E.","Instituto Nacional de Investigaciones Forestales, Agricolas y Pecuarias| Universidad Autónoma Metropolitana| Universidad Nacional Autónoma de México",Mexico,0
57194437346,57194437346,"Influence of the fiber from agro-industrial co-products as functional food ingredient on the acceptance, neophobia and sensory characteristics of cooked sausages","Díaz-Vela, J.| Totosaus, A.| Escalona-Buendía, H.B.| Pérez-Chabela, M.L.",4.0,25822220300| 55920259000| 57194437346| 55993683800,2017.0,2017-02-01,Journal of Food Science and Technology,54,2,379-385,-,ISSN-00221155,20617.0,Journal,Springer India,English,1.17,21,3.3,27,0.689,28,1.64,86.0,16.0,0.76,9.16,32.0,36.0,0.0,0.0,"Díaz-Vela, J., Totosaus, A., Escalona-Buendía, H.B. and 1 more (...) (2017).Influence of the fiber from agro-industrial co-products as functional food ingredient on the acceptance, neophobia and sensory characteristics of cooked sausages. Journal of Food Science and Technology,54(2) 379-385",https://www.scopus.com/record/display.url?eid=2-s2.0-85010952182&origin=resultslist,10.1007/s13197-016-2473-8,Article,Bronze|Green,2-s2.0-85010952182,-,Universidad Autónoma Metropolitana,505017,Academic,1.0,60028381| 113649655,Universidad Autónoma Metropolitana -Unidad Iztapalapa| Food Science Lab,25822220300,55993683800,55993683800,-,Mexico,1.0,1106,Food Science,5,Life Sciences & Medicine,502,Agriculture & Forestry,32,Life Sciences,30| 40,"Agricultural, Veterinary And Food Sciences| Engineering",3006| 4004,Food sciences| Chemical engineering,-,Interplay of Taste and Olfactory Sensations,588,74.951,Sensory Discrimination Methods in Consumer Testing,39322,59.475,Defensible,2017.0,16.0,N/A,"Díaz-Vela, J.| Totosaus, A.| Escalona-Buendía, H.B.| Pérez-Chabela, M.L.",Universidad Autónoma Metropolitana,Mexico,0
57194437346,57194437346,A Mild Thermal Pre-treatment of the Organic Fraction of Municipal Wastes Allows High Ethanol Production by Direct Solid-state Fermentation,"Estrada-Martínez, R.| Favela-Torres, E.| Soto-Cruz, N.O.| Escalona-Buendía, H.B.| Saucedo-Castañeda, G.",5.0,57208868108| 6603679732| 6506122195| 57194437346| 56013743400,2019.0,2019-03-01,Biotechnology and Bioprocess Engineering,24,2,401-412,-,ISSN-12268372,130021.0,Journal,Korean Society for Biotechnology and Bioengineering,English,0.78,45,2.8,51,0.537,48,1.35,44.0,16.0,0.53,13.23,30.0,46.0,0.0,0.0,"Estrada-Martínez, R., Favela-Torres, E., Soto-Cruz, N.O. and 2 more (...) (2019).A Mild Thermal Pre-treatment of the Organic Fraction of Municipal Wastes Allows High Ethanol Production by Direct Solid-state Fermentation. Biotechnology and Bioprocess Engineering,24(2) 401-412",https://www.scopus.com/record/display.url?eid=2-s2.0-85065973892&origin=resultslist,10.1007/s12257-019-0032-7,Article,,2-s2.0-85065973892,-,Universidad Autónoma Metropolitana,505017,Academic,1.0,60028381| 108198492,Universidad Autónoma Metropolitana -Unidad Iztapalapa| Durango Institute of Technology (ITD),57208868108,56013743400,56013743400,-,Mexico,1.0,1305| 1502| 2204| 2402,Biotechnology| Bioengineering| Biomedical Engineering| Applied Microbiology and Biotechnology,5| 2,Life Sciences & Medicine| Engineering & Technology,219| 507,Engineering - Chemical| Biological Sciences,32| 36,Life Sciences| Engineering,40| 31,Engineering| Biological Sciences,4004| 3101,Chemical engineering| Biochemistry and cell biology,SDG 7| SDG 11| SDG 12,Biomass Conversion and Catalytic Innovations,49,98.103,Bioethanol Production from Starch Sources,14254,90.076,Weak,2019.0,16.0,N/A,"Estrada-Martínez, R.| Favela-Torres, E.| Soto-Cruz, N.O.| Escalona-Buendía, H.B.| Saucedo-Castañeda, G.",Universidad Autónoma Metropolitana,Mexico,0
57194437346,57194437346,Multivariate study of the evolution of phenolic composition and sensory profile on mouth of Mexican red Merlot wine aged in barrels vs wood chips,"Espitia-López, J.| Escalona-Buendía, H.B.| Luna, H.| Verde-Calvo, J.R.",4.0,56155730800| 57194437346| 7003868746| 9740356900,2015.0,2015-01-02,CYTA - Journal of Food,13,1,26-31,-,ISSN-19476337,19700201670.0,Journal,Taylor and Francis Ltd.,English,0.55,59,1.4,36,0.351,33,3.16,114.0,14.0,0.33,9.05,35.0,54.0,0.0,0.0,"Espitia-López, J., Escalona-Buendía, H.B., Luna, H. and 1 more (...) (2015).Multivariate study of the evolution of phenolic composition and sensory profile on mouth of Mexican red Merlot wine aged in barrels vs wood chips. CYTA - Journal of Food,13(1) 26-31",https://www.scopus.com/record/display.url?eid=2-s2.0-84911457358&origin=resultslist,10.1080/19476337.2014.907826,Article,,2-s2.0-84911457358,-,Universidad Autónoma Metropolitana,505017,Academic,1.0,60028381| 60010210,Universidad Autónoma Metropolitana -Unidad Iztapalapa| Universidad Autónoma Metropolitana Unidad Xochimilco,56155730800,9740356900,9740356900,-,Mexico,1.0,1500| 1600| 2209,General Chemical Engineering| General Chemistry| Industrial and Manufacturing Engineering,2| 4,Engineering & Technology| Natural Sciences,219| 409| 222,Engineering - Chemical| Chemistry| Engineering - Mechanical,37| 36,Physical Sciences| Engineering,30| 40,"Agricultural, Veterinary And Food Sciences| Engineering",3006| 4004,Food sciences| Chemical engineering,-,Antioxidant Compounds in Wine and Tea,630,87.966,Influence of Oak Wood on Wine Aging,16949,87.213,Very Good,2015.0,14.0,N/A,"Espitia-López, J.| Escalona-Buendía, H.B.| Luna, H.| Verde-Calvo, J.R.",Universidad Autónoma Metropolitana,Mexico,0
57194437346,57194437346,Improvement on the productivity of continuous tequila fermentation by Saccharomyces cerevisiae of Agave tequilana juice with supplementation of yeast extract and aeration,"Hernández-Cortés, G.| Valle-Rodríguez, J.O.| Herrera-López, E.J.| Díaz-Montaño, D.M.| González-García, Y.| Escalona-Buendía, H.B.| Córdova, J.",7.0,36604503400| 36162090900| 36522898800| 23670100500| 56002713100| 57194437346| 14043122500,2016.0,2016-12-01,AMB Express,6,1,-,47,ISSN-21910855,21100198481.0,Journal,Springer Verlag,English,0.89,35,2.9,30,0.675,38,5.17,146.0,13.0,0.12,8.33,36.0,67.0,0.0,0.0,"Hernández-Cortés, G., Valle-Rodríguez, J.O., Herrera-López, E.J. and 4 more (...) (2016).Improvement on the productivity of continuous tequila fermentation by Saccharomyces cerevisiae of Agave tequilana juice with supplementation of yeast extract and aeration. AMB Express,6(1) ",https://www.scopus.com/record/display.url?eid=2-s2.0-84979207867&origin=resultslist,10.1186/s13568-016-0218-8,Article,Gold|Green,2-s2.0-84979207867,-,CIATEJ Guadalajara| Consejo Nacional de Ciencia y Tecnologia Mexico| Universidad Autónoma Metropolitana| Universidad de Guadalajara| Chalmers University of Technology,703030| 704696| 505017| 505019| 332001,Government| Academic,5.0,60069653| 60000990| 60008943| 60028381,Centro de Investigación y Asistencia en Tecnologia y Diseño del Estado de Jalisco| Chalmers University of Technology| Universidad de Guadalajara| Universidad Autónoma Metropolitana -Unidad Iztapalapa,36604503400,14043122500,14043122500,-,Mexico| Sweden,2.0,1304| 2402,Biophysics| Applied Microbiology and Biotechnology,5,Life Sciences & Medicine,507,Biological Sciences,32,Life Sciences,31,Biological Sciences,3106| 3107,Industrial biotechnology| Microbiology,SDG 9,Antioxidant Compounds in Wine and Tea,630,87.966,Nitrogen Dynamics in Saccharomyces Cerevisiae Fermentation,21066,85.07,Defensible,2016.0,13.0,N/A,"Hernández-Cortés, G.| Valle-Rodríguez, J.O.| Herrera-López, E.J.| Díaz-Montaño, D.M.| González-García, Y.| Escalona-Buendía, H.B.| Córdova, J.",CIATEJ Guadalajara| Consejo Nacional de Ciencia y Tecnologia Mexico| Universidad Autónoma Metropolitana| Universidad de Guadalajara| Chalmers University of Technology,Mexico| Sweden,0
57194437346,57194437346,Pairing beer and food in social media: Is it an image worth more than a thousand words?,"Arellano-Covarrubias, A.| Escalona-Buendía, H.B.| Gómez-Corona, C.| Varela, P.",4.0,57204901068| 57194437346| 56902568500| 56261320000,2022.0,2022-03-01,International Journal of Gastronomy and Food Science,27,-,-,100483,ISSN-1878450X,21100789945.0,Journal,AZTI-Tecnalia,English,1.17,22,4.5,3,0.617,6,3.54,71.0,12.0,2.38,5.03,26.0,10.0,0.0,0.0,"Arellano-Covarrubias, A., Escalona-Buendía, H.B., Gómez-Corona, C. and 1 more (...) (2022).Pairing beer and food in social media: Is it an image worth more than a thousand words?. International Journal of Gastronomy and Food Science,27",https://www.scopus.com/record/display.url?eid=2-s2.0-85124595987&origin=resultslist,10.1016/j.ijgfs.2022.100483,Article,Green,2-s2.0-85124595987,-,Nofima AS| Universidad Autónoma Metropolitana,706765| 505017,Academic| Government,2.0,60014923| 121761141| 60079864,Universidad Autónoma Metropolitana| XOC editorial| NOFIMA,57204901068,56261320000,57204901068| 57194437346,-,Norway| Mexico,2.0,1106| 3316,Food Science| Cultural Studies,3| 5,Social Sciences & Management| Life Sciences & Medicine,502| 311,Agriculture & Forestry| Communication & Media Studies,32| 40,Life Sciences| Social Sciences,30| 35,"Agricultural, Veterinary And Food Sciences| Commerce, Management, Tourism And Services",3099| 3504| 3006,"Other agricultural, veterinary and food sciences| Commercial services| Food sciences",-,Interplay of Taste and Olfactory Sensations,588,74.951,Consumer Perception of Sweeteners in Food Products,37467,84.703,Very Good,2022.0,12.0,N/A,"Arellano-Covarrubias, A.| Escalona-Buendía, H.B.| Gómez-Corona, C.| Varela, P.",Nofima AS| Universidad Autónoma Metropolitana,Norway| Mexico,0
57194437346,57194437346,"Effect of ph, temperature and protein and carbohydrates source in protease production by Yarrowia lipolytica in solid culture","López-Flores, A.R.| Luna-Urban, C.| Buenrostro-Figueroa, J.J.| Hernández-Martínez, R.| Huerta-Ochoa, S.| Escalona-Buendía, H.| Aguilar-González, C.N.| Prado-Barragán, L.A.",8.0,57186617100| 57186582800| 56303429300| 59797481700| 12144465900| 57194437346| 7102461199| 6508060194,2016.0,2016-01-01,Revista Mexicana de Ingeniera Quimica,15,1,57-67,-,ISSN-16652738,19900192431.0,Journal,Universidad Autonoma Metropolitana Iztapalapa,English,0.64,52,1.3,54,0.296,49,1.61,60.0,12.0,0.32,9.26,38.0,55.0,0.0,0.0,"López-Flores, A.R., Luna-Urban, C., Buenrostro-Figueroa, J.J. and 5 more (...) (2016).Effect of ph, temperature and protein and carbohydrates source in protease production by Yarrowia lipolytica in solid culture. Revista Mexicana de Ingeniera Quimica,15(1) 57-67",https://www.scopus.com/record/display.url?eid=2-s2.0-84961255879&origin=resultslist,-,Article,,2-s2.0-84961255879,-,Universidad Autonoma de Coahuila| Universidad Autónoma Metropolitana,704861| 505017,Academic,2.0,60028381| 116461771| 60019561,Universidad Autónoma Metropolitana -Unidad Iztapalapa| Instituto Tecnológico Superior de Tierra Blanca| Universidad Autónoma de Coahuila,57186617100,6508060194,6508060194,-,Mexico| Venezuela,2.0,1500,General Chemical Engineering,2,Engineering & Technology,219,Engineering - Chemical,36,Engineering,40| 31| 30,"Engineering| Biological Sciences| Agricultural, Veterinary And Food Sciences",3006| 4004| 3106,Food sciences| Chemical engineering| Industrial biotechnology,-,Bacillus Proteins and Enzymatic Applications in Biology,973,41.269,Alkaline Proteases in Diverse Industrial Applications,4871,94.076,Definitive,2016.0,12.0,N/A,"López-Flores, A.R.| Luna-Urban, C.| Buenrostro-Figueroa, J.J.| Hernández-Martínez, R.| Huerta-Ochoa, S.| Escalona-Buendía, H.| Aguilar-González, C.N.| Prado-Barragán, L.A.",Universidad Autonoma de Coahuila| Universidad Autónoma Metropolitana,Mexico| Venezuela,0
57194437346,57194437346,Physicochemical and techno-functional characterization of soluble proteins extracted by ultrasound from the cricket Acheta domesticus,"Cruz-López, S.O.| Escalona-Buendía, H.B.| Martinez-Arellano, I.| Domínguez-Soberanes, J.| Alvarez-Cisneros, Y.M.",5.0,57223023218| 57194437346| 55908068200| 57201861035| 36704366800,2024.0,2024-12-15,Heliyon,10,23,-,e40718,ISSN-24058440,21100411756.0,Journal,Elsevier Ltd,English,1.12,24,4.1,20,0.644,15,2.06,37.0,12.0,1.37,8.75,12.0,21.0,0.0,0.0,"Cruz-López, S.O., Escalona-Buendía, H.B., Martinez-Arellano, I. and 2 more (...) (2024).Physicochemical and techno-functional characterization of soluble proteins extracted by ultrasound from the cricket Acheta domesticus. Heliyon,10(23) ",https://www.scopus.com/record/display.url?eid=2-s2.0-85210608716&origin=resultslist,10.1016/j.heliyon.2024.e40718,Article,Gold|Green,2-s2.0-85210608716,-,Universidad Autónoma Metropolitana| Universidad Panamericana (UP)| Universidad Nacional Autónoma de México,505017| 702732| 505023,Academic,3.0,60028381| 60032442| 60012895,Universidad Autónoma Metropolitana -Unidad Iztapalapa| Universidad Nacional Autónoma de México| Universidad Panamericana,57223023218,36704366800,36704366800,-,Mexico,1.0,1000,Multidisciplinary,-,-,-,-,-,-,MD,Multidisciplinary,MD,Multidisciplinary,-,Mercury Dynamics in Environmental and Health Contexts,694,91.89,Nutritional Potential of Edible Insects in Food,3070,99.535,Definitive,2024.0,12.0,N/A,"Cruz-López, S.O.| Escalona-Buendía, H.B.| Martinez-Arellano, I.| Domínguez-Soberanes, J.| Alvarez-Cisneros, Y.M.",Universidad Autónoma Metropolitana| Universidad Panamericana (UP)| Universidad Nacional Autónoma de México,Mexico,0
57194437346,57194437346,Exploring food and beverage pairing from a cross-cultural projective mapping,"Arellano-Covarrubias, A.| Varela, P.| Escalona-Buendía, H.B.| Gómez-Corona, C.| Galmarini, M.",5.0,57204901068| 56261320000| 57194437346| 56902568500| 23389021000,2024.0,2024-08-01,Food Research International,189,-,-,114515,ISSN-09639969,23180.0,Journal,Elsevier Ltd,English,1.7,9,12.8,5,1.698,4,2.13,37.0,10.0,1.36,7.34,14.0,22.0,0.0,0.0,"Arellano-Covarrubias, A., Varela, P., Escalona-Buendía, H.B. and 2 more (...) (2024).Exploring food and beverage pairing from a cross-cultural projective mapping. Food Research International,189",https://www.scopus.com/record/display.url?eid=2-s2.0-85193730040&origin=resultslist,10.1016/j.foodres.2024.114515,Article,,2-s2.0-85193730040,38876601,Nofima AS| Universidad Autónoma Metropolitana,706765| 505017,Academic| Government,2.0,60112837| 60028381| 60079864| 130070596| 131277742| 131277446,Universidad Autónoma Metropolitana-Lerma| Universidad Autónoma Metropolitana -Unidad Iztapalapa| NOFIMA| XOC Estudio| Pontificia Universidad Católica| Member of CONICET (Consejo Nacional de Investigaciones Científicas y Tecnológicas),57204901068,23389021000,57204901068,-,Norway| Mexico,2.0,1106,Food Science,5,Life Sciences & Medicine,502,Agriculture & Forestry,32,Life Sciences,30| 40| 32,"Agricultural, Veterinary And Food Sciences| Engineering| Biomedical And Clinical Sciences",4004| 3210| 3006,Chemical engineering| Nutrition and dietetics| Food sciences,-,Interplay of Taste and Olfactory Sensations,588,74.951,Consumer Perception of Sweeteners in Food Products,37467,84.703,Definitive,2024.0,10.0,N/A,"Arellano-Covarrubias, A.| Varela, P.| Escalona-Buendía, H.B.| Gómez-Corona, C.| Galmarini, M.",Nofima AS| Universidad Autónoma Metropolitana,Norway| Mexico,0
57194437346,57194437346,"Nopal beverage (Opuntia ficus-indica) as a non-traditional food: Sensory properties, expectations, experiences, and emotions of low-income and food-insecure Brazilian potential consumers","de Albuquerque, J.G.| Escalona-Buendía, H.B.| de Souza Aquino, J.| da Silva Vasconcelos, M.A.",4.0,24464421100| 57194437346| 55576888700| 44161002600,2022.0,2022-02-01,Food Research International,152,-,-,110910,ISSN-09639969,23180.0,Journal,Elsevier Ltd,English,1.84,8,12,5,1.36,5,1.4,37.0,9.0,0.66,13.67,33.0,41.0,0.0,0.0,"de Albuquerque, J.G., Escalona-Buendía, H.B., de Souza Aquino, J. and 1 more (...) (2022).Nopal beverage (Opuntia ficus-indica) as a non-traditional food: Sensory properties, expectations, experiences, and emotions of low-income and food-insecure Brazilian potential consumers. Food Research International,152",https://www.scopus.com/record/display.url?eid=2-s2.0-85122271367&origin=resultslist,10.1016/j.foodres.2021.110910,Article,,2-s2.0-85122271367,35181082,Universidad Autónoma Metropolitana| Universidade Federal de Pernambuco| Universidade Federal da Paraíba,505017| 602030| 602020,Academic,3.0,60014923| 60031482| 60011324,Universidad Autónoma Metropolitana| Universidade Federal de Pernambuco| Universidade Federal da Paraíba,24464421100,44161002600,57194437346,-,Mexico| Brazil,2.0,1106,Food Science,5,Life Sciences & Medicine,502,Agriculture & Forestry,32,Life Sciences,32| 40| 30,"Biomedical And Clinical Sciences| Engineering| Agricultural, Veterinary And Food Sciences",4004| 3210| 3006,Chemical engineering| Nutrition and dietetics| Food sciences,SDG 2,Interplay of Taste and Olfactory Sensations,588,74.951,Consumer Perception and Sensory Experience in Food Choices,11640,93.768,Defensible,2022.0,9.0,N/A,"de Albuquerque, J.G.| Escalona-Buendía, H.B.| de Souza Aquino, J.| da Silva Vasconcelos, M.A.",Universidad Autónoma Metropolitana| Universidade Federal de Pernambuco| Universidade Federal da Paraíba,Mexico| Brazil,0
57194437346,57194437346,A food and beverage map: Exploring food-beverage pairing through projective mapping,"Arellano-Covarrubias, A.| Varela, P.| Escalona-Buendía, H.B.| Gómez-Corona, C.",4.0,57204901068| 56261320000| 57194437346| 56902568500,2022.0,2022-03-01,Food Quality and Preference,96,-,-,104431,ISSN-09503293,23161.0,Journal,Elsevier Ltd,English,1.6,11,10.7,7,1.161,8,1.35,40.0,9.0,0.64,12.55,33.0,42.0,0.0,0.0,"Arellano-Covarrubias, A., Varela, P., Escalona-Buendía, H.B. and 1 more (...) (2022).A food and beverage map: Exploring food-beverage pairing through projective mapping. Food Quality and Preference,96",https://www.scopus.com/record/display.url?eid=2-s2.0-85118556113&origin=resultslist,10.1016/j.foodqual.2021.104431,Article,Green,2-s2.0-85118556113,-,Nofima AS| Universidad Autónoma Metropolitana,706765| 505017,Government| Academic,2.0,60014923| 60079864| 121761141,Universidad Autónoma Metropolitana| NOFIMA| XOC editorial,57204901068,56902568500,57204901068,-,Norway| Mexico,2.0,1106| 2916,Food Science| Nutrition and Dietetics,5,Life Sciences & Medicine,534| 502,Nursing| Agriculture & Forestry,32| 34,Life Sciences| Medical and Health,32| 35| 30,"Biomedical And Clinical Sciences| Commerce, Management, Tourism And Services| Agricultural, Veterinary And Food Sciences",3506| 3006| 3210,Marketing| Food sciences| Nutrition and dietetics,-,Interplay of Taste and Olfactory Sensations,588,74.951,Consumer Perception of Sweeteners in Food Products,37467,84.703,Very Good,2022.0,9.0,N/A,"Arellano-Covarrubias, A.| Varela, P.| Escalona-Buendía, H.B.| Gómez-Corona, C.",Nofima AS| Universidad Autónoma Metropolitana,Norway| Mexico,0
57194437346,57194437346,Effect of Maturation with American Oak Chips on the Volatile and Sensory Profile of a Cabernet Sauvignon Rosé Wine and Its Comparison with Commercial Wines,"Hernández-Carapia, M.Á.| Verde-Calvo, J.R.| Escalona-Buendía, H.B.| Peña-Álvarez, A.",4.0,57222761137| 9740356900| 57194437346| 55419283100,2023.0,2023-09-01,Beverages,9,3,-,72,ISSN-23065710,21101019776.0,Journal,Multidisciplinary Digital Publishing Institute (MDPI),English,1.11,22,6.1,24,0.574,33,0.81,19.0,8.0,0.72,11.18,28.0,38.0,0.0,0.0,"Hernández-Carapia, M.Á., Verde-Calvo, J.R., Escalona-Buendía, H.B. and 1 more (...) (2023).Effect of Maturation with American Oak Chips on the Volatile and Sensory Profile of a Cabernet Sauvignon Rosé Wine and Its Comparison with Commercial Wines. Beverages,9(3) ",https://www.scopus.com/record/display.url?eid=2-s2.0-85172761338&origin=resultslist,10.3390/beverages9030072,Article,Gold|Green,2-s2.0-85172761338,-,Universidad Autónoma Metropolitana| Universidad Nacional Autónoma de México,505017| 505023,Academic,2.0,60014923| 60032442,Universidad Autónoma Metropolitana| Universidad Nacional Autónoma de México,57222761137,55419283100,9740356900,-,Mexico,1.0,1106,Food Science,5,Life Sciences & Medicine,502,Agriculture & Forestry,32,Life Sciences,30,"Agricultural, Veterinary And Food Sciences",3006,Food sciences,-,Antioxidant Compounds in Wine and Tea,630,87.966,Influence of Oak Wood on Wine Aging,16949,87.213,Definitive,2023.0,8.0,N/A,"Hernández-Carapia, M.Á.| Verde-Calvo, J.R.| Escalona-Buendía, H.B.| Peña-Álvarez, A.",Universidad Autónoma Metropolitana| Universidad Nacional Autónoma de México,Mexico,0
57194437346,57194437346,Inhibition of Aspergillus carbonarius growth and Ochratoxin A production using lactic acid bacteria cultivated in an optimized medium,"Domínguez-Gutiérrez, G.A.| Perraud-Gaime, I.| Escalona-Buendía, H.| Durand, N.| Champion-Martínez, E.I.| Fernández-Soto, R.R.| Saucedo-Castañeda, G.| Rodríguez-Serrano, G.",8.0,58503005100| 57211279113| 57194437346| 26653950700| 57449953000| 58503259000| 56013743400| 6505895038,2023.0,2023-11-02,International Journal of Food Microbiology,404,-,-,110320,ISSN-01681605,19760.0,Journal,Elsevier B.V.,English,1.38,14,10.4,9,1.026,11,1.83,37.0,8.0,0.73,10.95,28.0,38.0,0.0,0.0,"Domínguez-Gutiérrez, G.A., Perraud-Gaime, I., Escalona-Buendía, H. and 5 more (...) (2023).Inhibition of Aspergillus carbonarius growth and Ochratoxin A production using lactic acid bacteria cultivated in an optimized medium. International Journal of Food Microbiology,404",https://www.scopus.com/record/display.url?eid=2-s2.0-85165553524&origin=resultslist,10.1016/j.ijfoodmicro.2023.110320,Article,,2-s2.0-85165553524,37490784,Université de La Réunion| Aix-Marseille Université| Université de Montpellier| Universidad Autónoma Metropolitana| CNRS| Avignon Université| L'Institut Agro| Institut de recherche pour le développement| L’Institut Agro Montpellier| Centre de coopération internationale en recherche agronomique pour le développement,314308| 700232| 314084| 505017| 314004| 314306| 725028| 314274| 712786| 314145,Academic| Government,10.0,60014923| 60031214| 60028993| 60107032| 60008134| 60102127| 60031011| 60083820| 60000485| 60108501| 60108488| 126586054,Universidad Autónoma Metropolitana| Université d'Avignon et des Pays du Vaucluse| IRD Institut de Recherche pour le Developpement| Institut Méditerranéen de Biodiversité et d'Ecologie Marine et Continentale| CNRS Centre National de la Recherche Scientifique| Aix Marseille Université| CIRAD| L'Institut Agro Montpellier| Université de La Réunion| Démarche Intégrée pour l'Obtention d'Aliments de Qualité| Université de Montpellier| Technological University of the Center of Veracruz,58503005100,6505895038,6505895038,-,Mexico| France,2.0,1106| 2404,Food Science| Microbiology,5,Life Sciences & Medicine,502| 507,Agriculture & Forestry| Biological Sciences,32,Life Sciences,30| 31,"Agricultural, Veterinary And Food Sciences| Biological Sciences",3107| 3006,Microbiology| Food sciences,SDG 2,Mycotoxin Detection and Impact on Health,642,76.39,Antifungal Properties of Lactic Acid Bacteria,23940,93.355,Definitive,2023.0,8.0,N/A,"Domínguez-Gutiérrez, G.A.| Perraud-Gaime, I.| Escalona-Buendía, H.| Durand, N.| Champion-Martínez, E.I.| Fernández-Soto, R.R.| Saucedo-Castañeda, G.| Rodríguez-Serrano, G.",Université de La Réunion| Aix-Marseille Université| Université de Montpellier| Universidad Autónoma Metropolitana| CNRS| Avignon Université| L'Institut Agro| Institut de recherche pour le développement| L’Institut Agro Montpellier| Centre de coopération internationale en recherche agronomique pour le développement,Mexico| France,0
57194437346,57194437346,Chemical and sensory analysis of native genotypes and experimental lines of tomato (Solanum lycopersicum L.),"Vela-Hinojosa, C.| Escalona-Buendía, H.B.| Mendoza-Espinoza, J.A.| Díaz De León-Sánchez, F.| Lobato-Ortíz, R.| Rodríguez-Pérez, J.E.| Ramírez-Aguilar, M.| Pérez-Díaz, F.| Villa-Hernández, J.M.| Pérez-Flores, L.",10.0,55621362000| 57194437346| 56002729700| 25649284800| 56002667100| 56013868200| 57200618925| 57200621407| 55782192900| 56013751300,2018.0,2018-01-01,Fruits,73,1,60-71,-,ISSN-02481294,144783.0,Journal,International Society for Horticultural Science,English,0.98,32,1.5,40,0.385,42,2.91,92.0,7.0,0.64,7.78,49.0,41.0,0.0,0.0,"Vela-Hinojosa, C., Escalona-Buendía, H.B., Mendoza-Espinoza, J.A. and 7 more (...) (2018).Chemical and sensory analysis of native genotypes and experimental lines of tomato (Solanum lycopersicum L.). Fruits,73(1) 60-71",https://www.scopus.com/record/display.url?eid=2-s2.0-85041907992&origin=resultslist,10.17660/th2018/73.1.7,Article,,2-s2.0-85041907992,-,Universidad Autónoma Metropolitana| Universidad Autonoma de la Ciudad de Mexico| Colegio de Postgraduados| Universidad Autonoma Chapingo,505017| 708454| 505003| 505047,Academic,4.0,60028381| 60094425| 60033065| 60010597| 116013029,Universidad Autónoma Metropolitana -Unidad Iztapalapa| Universidad Autónoma de la Ciudad de México| Colegio De Postgraduados Campus Montecillo| Universidad Autónoma Chapingo| Comisión Federal para la Protección contra Riesgos Sanitarios,55621362000,56013751300,56013751300,-,Mexico,1.0,1102| 1106| 1108,Agronomy and Crop Science| Food Science| Horticulture,5,Life Sciences & Medicine,502,Agriculture & Forestry,32,Life Sciences,30,"Agricultural, Veterinary And Food Sciences",3008,Horticultural production,SDG 2,Carotenoid Dynamics in Nutrition and Health,1002,62.525,Flavor and Aroma Profiles of Tomato Cultivars,28502,85.437,Very Good,2018.0,7.0,N/A,"Vela-Hinojosa, C.| Escalona-Buendía, H.B.| Mendoza-Espinoza, J.A.| Díaz De León-Sánchez, F.| Lobato-Ortíz, R.| Rodríguez-Pérez, J.E.| Ramírez-Aguilar, M.| Pérez-Díaz, F.| Villa-Hernández, J.M.| Pérez-Flores, L.",Universidad Autónoma Metropolitana| Universidad Autonoma de la Ciudad de Mexico| Colegio de Postgraduados| Universidad Autonoma Chapingo,Mexico,0
57194437346,57194437346,Liking product landscape: Going deeper into understanding consumers' hedonic evaluations,"Sánchez, C.N.| Domínguez-Soberanes, J.| Escalona-Buendía, H.B.| Graff, M.| Gutiérrez, S.| Sánchez, G.",6.0,57201851558| 57201861035| 57194437346| 19638668800| 24490574800| 57211472345,2019.0,2019-01-01,Foods,8,10,-,461,ISSN-23048158,21100898636.0,Journal,MDPI Multidisciplinary Digital Publishing Institute,English,1.73,9,1.3,61,0.661,27,3.81,93.0,7.0,0.62,8.1,47.0,42.0,0.0,0.0,"Sánchez, C.N., Domínguez-Soberanes, J., Escalona-Buendía, H.B. and 3 more (...) (2019).Liking product landscape: Going deeper into understanding consumers' hedonic evaluations. Foods,8(10) ",https://www.scopus.com/record/display.url?eid=2-s2.0-85074100773&origin=resultslist,10.3390/foods8100461,Article,Gold|Green,2-s2.0-85074100773,-,Consejo Nacional de Ciencia y Tecnologia Mexico| Universidad Autónoma Metropolitana| Universidad Panamericana (UP),704696| 505017| 702732,Government| Academic,3.0,60012895| 60027998| 60028381,"Universidad Panamericana| Secretaría de Ciencia, Humanidades, Tecnología e Innovación| Universidad Autónoma Metropolitana -Unidad Iztapalapa",57201851558,57211472345,57201861035,-,Mexico,1.0,1106| 1110| 2404| 3306| 3601,Food Science| Plant Science| Microbiology| Health (social science)| Health Professions (miscellaneous),3| 5,Social Sciences & Management| Life Sciences & Medicine,502| 507,Agriculture & Forestry| Biological Sciences,40| 34| 32,Social Sciences| Medical and Health| Life Sciences,30| 31,"Agricultural, Veterinary And Food Sciences| Biological Sciences",3006| 3106,Food sciences| Industrial biotechnology,-,Interplay of Taste and Olfactory Sensations,588,74.951,Sensory Analysis and Consumer Preferences in Food Products,4811,93.19,Definitive,2019.0,7.0,N/A,"Sánchez, C.N.| Domínguez-Soberanes, J.| Escalona-Buendía, H.B.| Graff, M.| Gutiérrez, S.| Sánchez, G.",Consejo Nacional de Ciencia y Tecnologia Mexico| Universidad Autónoma Metropolitana| Universidad Panamericana (UP),Mexico,0
57194437346,57194437346,The potential of calcium nanoparticles in posthaverst conservation of fresh-cut seedless watermelon (Citrullus lanatus),"Jacuinde-Guzmán, J.K.| Escalona-Buendía, H.B.| Barbosa-Martínez, C.| Rivera-Cabrera, F.| Raddatz-Mota, D.| Soriano-Melgar, L.D.A.A.",6.0,35326854800| 57194437346| 35219676500| 15846930100| 57192300373| 54894491500,2024.0,2024-10-01,Postharvest Biology and Technology,216,-,-,113069,ISSN-09255214,16132.0,Journal,Elsevier B.V.,English,1.78,8,11.7,2,1.363,4,1.05,16.0,7.0,1.2,5.84,21.0,25.0,0.0,0.0,"Jacuinde-Guzmán, J.K., Escalona-Buendía, H.B., Barbosa-Martínez, C. and 3 more (...) (2024).The potential of calcium nanoparticles in posthaverst conservation of fresh-cut seedless watermelon (Citrullus lanatus). Postharvest Biology and Technology,216",https://www.scopus.com/record/display.url?eid=2-s2.0-85197376949&origin=resultslist,10.1016/j.postharvbio.2024.113069,Article,,2-s2.0-85197376949,-,Consejo Nacional de Ciencia y Tecnologia Mexico| Universidad Autonoma de Coahuila| Universidad Autónoma Metropolitana,704696| 704861| 505017,Academic| Government,3.0,60028381| 60019561| 60027998,"Universidad Autónoma Metropolitana -Unidad Iztapalapa| Universidad Autónoma de Coahuila| Secretaría de Ciencia, Humanidades, Tecnología e Innovación",35326854800,54894491500,15846930100,-,Mexico,1.0,1102| 1106| 1108,Agronomy and Crop Science| Food Science| Horticulture,5,Life Sciences & Medicine,502,Agriculture & Forestry,32,Life Sciences,30,"Agricultural, Veterinary And Food Sciences",3008,Horticultural production,-,Ethylene Regulation and Antioxidant Activity in Fruits,419,83.649,Quality Preservation in Fresh-Cut Produce Storage,7020,89.64,Definitive,2024.0,7.0,N/A,"Jacuinde-Guzmán, J.K.| Escalona-Buendía, H.B.| Barbosa-Martínez, C.| Rivera-Cabrera, F.| Raddatz-Mota, D.| Soriano-Melgar, L.D.A.A.",Consejo Nacional de Ciencia y Tecnologia Mexico| Universidad Autonoma de Coahuila| Universidad Autónoma Metropolitana,Mexico,0
57194437346,57194437346,Architectural diversity of the cuticle and epidermis of native and hybrid tomato fruit genotypes and the relation to polygalacturonase expression,"Vela-Hinojosa, C.| Barbosa-Martínez, C.| Escalona-Buendía, H.B.| Mendoza-Espinoza, J.A.| Lobato-Ortíz, R.| Rodríguez-Pérez, J.E.| Villa-Hernández, J.M.| Pérez-Flores, L.J.",8.0,55621362000| 35219676500| 57194437346| 56002729700| 56002667100| 56013868200| 55782192900| 56013751300,2018.0,2018-01-01,Notulae Botanicae Horti Agrobotanici Cluj-Napoca,46,1,45-51,-,ISSN-0255965X,17700156420.0,Journal,Academic Press,English,0.46,68,1.2,53,0.281,58,0.81,26.0,6.0,0.41,7.35,51.0,52.0,0.0,0.0,"Vela-Hinojosa, C., Barbosa-Martínez, C., Escalona-Buendía, H.B. and 5 more (...) (2018).Architectural diversity of the cuticle and epidermis of native and hybrid tomato fruit genotypes and the relation to polygalacturonase expression. Notulae Botanicae Horti Agrobotanici Cluj-Napoca,46(1) 45-51",https://www.scopus.com/record/display.url?eid=2-s2.0-85041922198&origin=resultslist,10.15835/nbha46111001,Article,Gold,2-s2.0-85041922198,-,Universidad Autónoma Metropolitana| Universidad Autonoma de la Ciudad de Mexico| Colegio de Postgraduados| Universidad Autonoma Chapingo,505017| 708454| 505003| 505047,Academic,4.0,60028381| 60094425| 60033065| 60010597,Universidad Autónoma Metropolitana -Unidad Iztapalapa| Universidad Autónoma de la Ciudad de México| Colegio De Postgraduados Campus Montecillo| Universidad Autónoma Chapingo,55621362000,56013751300,56013751300,-,Mexico,1.0,1102| 1108| 1110,Agronomy and Crop Science| Horticulture| Plant Science,5,Life Sciences & Medicine,502,Agriculture & Forestry,32,Life Sciences,30| 31,"Agricultural, Veterinary And Food Sciences| Biological Sciences",3008| 3108| 3004,Horticultural production| Plant biology| Crop and pasture production,-,Gene Expression and Developmental Mechanisms in Plants,880,62.132,Cuticular Wax Composition and Regulation in Plants,7125,95.409,Very Good,2018.0,6.0,N/A,"Vela-Hinojosa, C.| Barbosa-Martínez, C.| Escalona-Buendía, H.B.| Mendoza-Espinoza, J.A.| Lobato-Ortíz, R.| Rodríguez-Pérez, J.E.| Villa-Hernández, J.M.| Pérez-Flores, L.J.",Universidad Autónoma Metropolitana| Universidad Autonoma de la Ciudad de Mexico| Colegio de Postgraduados| Universidad Autonoma Chapingo,Mexico,0
57194437346,57194437346,"Sensory, melting and textural properties of fat-reduced ice cream inoculated with thermotolerant lactic acid bacteria","Fragoso, M.| Pérez-Chabela, M.L.| Hernández-Alcantara, A.M.| Escalona-Buendía, H.B.| Pintor, A.| Totosaus, A.",6.0,57191345468| 55993683800| 57192078590| 57194437346| 55511573800| 55920259000,2016.0,2016-01-01,Carpathian Journal of Food Science and Technology,8,2,11-21,-,ISSN-20666845,21100197902.0,Journal,North University of Baia Mare,English,0.04,92,0.2,88,0.113,94,0.62,60.0,6.0,0.36,8.42,51.0,53.0,0.0,0.0,"Fragoso, M., Pérez-Chabela, M.L., Hernández-Alcantara, A.M. and 3 more (...) (2016).Sensory, melting and textural properties of fat-reduced ice cream inoculated with thermotolerant lactic acid bacteria. Carpathian Journal of Food Science and Technology,8(2) 11-21",https://www.scopus.com/record/display.url?eid=2-s2.0-84996868208&origin=resultslist,-,Article,,2-s2.0-84996868208,-,Universidad Autónoma Metropolitana,505017,Academic,1.0,117729357| 60028381,Food Science Lab and Pilot Plant| Universidad Autónoma Metropolitana -Unidad Iztapalapa,57191345468,55920259000,55920259000,-,Mexico,1.0,1106,Food Science,5,Life Sciences & Medicine,502,Agriculture & Forestry,32,Life Sciences,30| 51| 40,"Agricultural, Veterinary And Food Sciences| Physical Sciences| Engineering",4017| 3006| 5199,Mechanical engineering| Food sciences| Other physical sciences,-,Probiotics and Their Impact on Health,525,88.031,Probiotic Viability in Functional Food Development,1849,99.364,Very Good,2016.0,6.0,N/A,"Fragoso, M.| Pérez-Chabela, M.L.| Hernández-Alcantara, A.M.| Escalona-Buendía, H.B.| Pintor, A.| Totosaus, A.",Universidad Autónoma Metropolitana,Mexico,0
57194437346,57194437346,Influence of paprika (Capsicum annuum L) on quality parameters and biogenic amines production of a ripened meat product (chorizo),"Carmona-Escutia, R.P.| Urías-Silvas, J.E.| García-Parra, M.D.| Ponce-Alquicira, E.| Villanueva-Rodríguez, S.J.| Escalona-Buendía, H.B.",6.0,57210638797| 56002754400| 35112976700| 57203801983| 36451648700| 57194437346,2019.0,2019-09-01,Revista Mexicana de Ingeniera Quimica,18,3,949-966,-,ISSN-16652738,19900192431.0,Journal,Universidad Autonoma Metropolitana Iztapalapa,English,0.58,59,1.7,57,0.277,55,1.98,97.0,6.0,0.15,13.0,50.0,68.0,0.0,0.0,"Carmona-Escutia, R.P., Urías-Silvas, J.E., García-Parra, M.D. and 3 more (...) (2019).Influence of paprika (Capsicum annuum L) on quality parameters and biogenic amines production of a ripened meat product (chorizo). Revista Mexicana de Ingeniera Quimica,18(3) 949-966",https://www.scopus.com/record/display.url?eid=2-s2.0-85071148882&origin=resultslist,10.24275/uam/izt/dcbi/revmexingquim/2019v18n3/Carmona,Article,Hybrid gold,2-s2.0-85071148882,-,CIATEJ Guadalajara| Consejo Nacional de Ciencia y Tecnologia Mexico| Universidad Autónoma Metropolitana,703030| 704696| 505017,Academic| Government,3.0,60028381| 60069653,Universidad Autónoma Metropolitana -Unidad Iztapalapa| Centro de Investigación y Asistencia en Tecnologia y Diseño del Estado de Jalisco,57210638797,57194437346,57194437346,-,Mexico,1.0,1500,General Chemical Engineering,2,Engineering & Technology,219,Engineering - Chemical,36,Engineering,30| 31| 40,"Agricultural, Veterinary And Food Sciences| Biological Sciences| Engineering",3006| 4004| 3106,Food sciences| Chemical engineering| Industrial biotechnology,-,Microbial Diversity and Gene Analysis in Pathogens,40,89.993,Biogenic Amines in Food Safety and Quality,1382,98.342,Definitive,2019.0,6.0,N/A,"Carmona-Escutia, R.P.| Urías-Silvas, J.E.| García-Parra, M.D.| Ponce-Alquicira, E.| Villanueva-Rodríguez, S.J.| Escalona-Buendía, H.B.",CIATEJ Guadalajara| Consejo Nacional de Ciencia y Tecnologia Mexico| Universidad Autónoma Metropolitana,Mexico,0
57194437346,57194437346,"Pigmented corn for brewing purpose: From grains to malt, a study of volatile composition","Romero-Medina, A.| Estarrón-Espinosa, M.| Verde-Calvo, J.R.| Lelièvre-Desmas, M.| Escalona-Buendía, H.B.",5.0,57218896654| 6507522924| 9740356900| 56826205600| 57194437346,2021.0,2021-12-01,Journal of Food Processing and Preservation,45,12,-,e16057,ISSN-01458892,20590.0,Journal,John Wiley and Sons Inc,English,0.74,48,3,47,0.472,39,0.88,25.0,5.0,0.07,14.93,51.0,77.0,0.0,0.0,"Romero-Medina, A., Estarrón-Espinosa, M., Verde-Calvo, J.R. and 2 more (...) (2021).Pigmented corn for brewing purpose: From grains to malt, a study of volatile composition. Journal of Food Processing and Preservation,45(12) ",https://www.scopus.com/record/display.url?eid=2-s2.0-85118583265&origin=resultslist,10.1111/jfpp.16057,Article,,2-s2.0-85118583265,-,CIATEJ Guadalajara| Consejo Nacional de Ciencia y Tecnologia Mexico| Université d'Artois| Universidad Autónoma Metropolitana| Université de Lille| INRAE| University of Liege| Université de Picardie Jules Verne| Université du Littoral Côte-d'Opale,703030| 704696| 314305| 505017| 714076| 314023| 303012| 314061| 314076,Academic| Government,9.0,60014923| 60069653| 60018178| 60123163| 60000964| 60184253| 60104665| 60017689,Universidad Autónoma Metropolitana| Centro de Investigación y Asistencia en Tecnologia y Diseño del Estado de Jalisco| Université d'Artois| INRAE| Université de Liège| UMR Transfrontalière BioEcoAgro| Université de Lille| Université du Littoral Côte d‘Opale,57218896654,57194437346,57194437346,-,Belgium| Mexico| France,3.0,1106| 1500| 1600,Food Science| General Chemical Engineering| General Chemistry,5| 2| 4,Life Sciences & Medicine| Engineering & Technology| Natural Sciences,219| 409| 502,Engineering - Chemical| Chemistry| Agriculture & Forestry,32| 37| 36,Life Sciences| Physical Sciences| Engineering,40| 30,"Engineering| Agricultural, Veterinary And Food Sciences",3006| 4004,Food sciences| Chemical engineering,-,Antioxidant Compounds in Wine and Tea,630,87.966,Antioxidant Properties and Flavor Dynamics in Beer,8117,95.091,Very Good,2021.0,5.0,N/A,"Romero-Medina, A.| Estarrón-Espinosa, M.| Verde-Calvo, J.R.| Lelièvre-Desmas, M.| Escalona-Buendía, H.B.",CIATEJ Guadalajara| Consejo Nacional de Ciencia y Tecnologia Mexico| Université d'Artois| Universidad Autónoma Metropolitana| Université de Lille| INRAE| University of Liege| Université de Picardie Jules Verne| Université du Littoral Côte-d'Opale,Belgium| Mexico| France,0
57194437346,57194437346,"Identification, quantification, and sensory profile of esters and alcohols of a Mexican red Merlot wine comparing barrel ageing with wood chips, using a multivariable analysis","Espitia-López, J.| Luna, H.| Escalona-Buendía, H.B.| Verde-Calvo, J.R.",4.0,56155730800| 7003868746| 57194437346| 9740356900,2018.0,2018-02-01,Journal of Food Processing and Preservation,42,2,-,e13433,ISSN-01458892,20590.0,Journal,Blackwell Publishing Ltd,English,0.68,52,2,42,0.491,34,2.88,122.0,4.0,0.16,12.37,58.0,67.0,0.0,0.0,"Espitia-López, J., Luna, H., Escalona-Buendía, H.B. and 1 more (...) (2018).Identification, quantification, and sensory profile of esters and alcohols of a Mexican red Merlot wine comparing barrel ageing with wood chips, using a multivariable analysis. Journal of Food Processing and Preservation,42(2) ",https://www.scopus.com/record/display.url?eid=2-s2.0-85026539015&origin=resultslist,10.1111/jfpp.13433,Article,,2-s2.0-85026539015,-,Universidad Autónoma Metropolitana| Universidad Autonoma del Estado de Hidalgo,505017| 505050,Academic,2.0,60027135| 60010210| 60028381,Universidad Autónoma del Estado de Hidalgo| Universidad Autónoma Metropolitana Unidad Xochimilco| Universidad Autónoma Metropolitana -Unidad Iztapalapa,56155730800,9740356900,9740356900,-,Mexico,1.0,1106| 1500| 1600,Food Science| General Chemical Engineering| General Chemistry,5| 4| 2,Life Sciences & Medicine| Natural Sciences| Engineering & Technology,409| 502| 219,Chemistry| Agriculture & Forestry| Engineering - Chemical,36| 32| 37,Engineering| Life Sciences| Physical Sciences,40| 30,"Engineering| Agricultural, Veterinary And Food Sciences",3006| 4004,Food sciences| Chemical engineering,SDG 9,Antioxidant Compounds in Wine and Tea,630,87.966,Influence of Oak Wood on Wine Aging,16949,87.213,Very Good,2018.0,4.0,N/A,"Espitia-López, J.| Luna, H.| Escalona-Buendía, H.B.| Verde-Calvo, J.R.",Universidad Autónoma Metropolitana| Universidad Autonoma del Estado de Hidalgo,Mexico,0
57194437346,57194437346,Effect of information about mandarin internal maturity on consumer hedonic and sensory expectations: a cross-cultural study in Spain and Mexico,"Tarancón, P.| Pintor-Jardines, A.| Escalona-Buendía, H.B.| Besada, C.",4.0,55214012200| 57201633014| 57194437346| 23466257700,2021.0,2021-12-01,Journal of the Science of Food and Agriculture,101,15,6586-6594,-,ISSN-00225142,33928.0,Journal,John Wiley and Sons Ltd,English,1.26,21,6.9,11,0.705,19,0.78,28.0,4.0,0.25,12.11,55.0,63.0,0.0,2.0,"Tarancón, P., Pintor-Jardines, A., Escalona-Buendía, H.B. and 1 more (...) (2021).Effect of information about mandarin internal maturity on consumer hedonic and sensory expectations: a cross-cultural study in Spain and Mexico. Journal of the Science of Food and Agriculture,101(15) 6586-6594",https://www.scopus.com/record/display.url?eid=2-s2.0-85106207062&origin=resultslist,10.1002/jsfa.11302,Article,Green,2-s2.0-85106207062,33969494,Universidad Autónoma Metropolitana| Instituto Valenciano de Investigaciones Agrarias,505017| 312151,Government| Academic,2.0,60024124| 60014923| 60028381,Instituto Valenciano de Investigaciones Agrarias| Universidad Autónoma Metropolitana| Universidad Autónoma Metropolitana -Unidad Iztapalapa,55214012200,23466257700,23466257700,-,Mexico| Spain,2.0,1102| 1106| 1305| 2916,Agronomy and Crop Science| Food Science| Biotechnology| Nutrition and Dietetics,5,Life Sciences & Medicine,534| 502| 507,Nursing| Agriculture & Forestry| Biological Sciences,32| 34,Life Sciences| Medical and Health,30| 40,"Agricultural, Veterinary And Food Sciences| Engineering",-,-,-,Interplay of Taste and Olfactory Sensations,588,74.951,Sensory Analysis and Consumer Preferences in Food Products,4811,93.19,Defensible,2021.0,4.0,N/A,"Tarancón, P.| Pintor-Jardines, A.| Escalona-Buendía, H.B.| Besada, C.",Universidad Autónoma Metropolitana| Instituto Valenciano de Investigaciones Agrarias,Mexico| Spain,0
57194437346,57194437346,Influence of temperature and germination time on diastatic power of blue and red maize (Zea mays L.) malts,"Hernández-Carapia, M.Á.| Escalona-Buendía, H.B.| Verde-Calvo, J.R.",3.0,57222761137| 57194437346| 9740356900,2021.0,2021-01-01,Emirates Journal of Food and Agriculture,33,1,56-66,-,ISSN-2079052X,21100200820.0,Journal,United Arab Emirates University,English,0.59,58,1.9,50,0.273,60,1.21,28.0,4.0,0.11,9.43,55.0,74.0,0.0,0.0,"Hernández-Carapia, M.Á., Escalona-Buendía, H.B., Verde-Calvo, J.R. (2021).Influence of temperature and germination time on diastatic power of blue and red maize (Zea mays L.) malts. Emirates Journal of Food and Agriculture,33(1) 56-66",https://www.scopus.com/record/display.url?eid=2-s2.0-85103999935&origin=resultslist,10.9755/ejfa.2021.v33.i1.2352,Article,Gold,2-s2.0-85103999935,-,Universidad Autónoma Metropolitana,505017,Academic,1.0,60014923,Universidad Autónoma Metropolitana,57222761137,9740356900,9740356900,-,Mexico,1.0,1102| 1103| 1106| 2402,Agronomy and Crop Science| Animal Science and Zoology| Food Science| Applied Microbiology and Biotechnology,5,Life Sciences & Medicine,507| 502,Biological Sciences| Agriculture & Forestry,32,Life Sciences,30,"Agricultural, Veterinary And Food Sciences",-,-,-,Celiac Disease and Gluten Sensitivity Insights,1005,35.056,Malting and Brewing with Sorghum,25111,62.825,Very Good,2021.0,4.0,N/A,"Hernández-Carapia, M.Á.| Escalona-Buendía, H.B.| Verde-Calvo, J.R.",Universidad Autónoma Metropolitana,Mexico,0
57194437346,57194437346,Changes in the Sensory Odor Profile during Chorizo Maturation and Their Relationship with Volatile Compound Patterns by Partial Least Square Regression (PLS),"Carmona-Escutia, R.P.| Ponce-Alquicira, E.| García-Parra, M.D.| Villanueva-Rodríguez, S.J.| Escalona-Buendía, H.B.",5.0,57210638797| 57203801983| 35112976700| 36451648700| 57194437346,2023.0,2023-03-01,Foods,12,5,-,932,ISSN-23048158,21100898636.0,Journal,MDPI,English,1.25,17,7.4,2,0.87,12,2.14,42.0,3.0,0.36,8.42,49.0,56.0,0.0,0.0,"Carmona-Escutia, R.P., Ponce-Alquicira, E., García-Parra, M.D. and 2 more (...) (2023).Changes in the Sensory Odor Profile during Chorizo Maturation and Their Relationship with Volatile Compound Patterns by Partial Least Square Regression (PLS). Foods,12(5) ",https://www.scopus.com/record/display.url?eid=2-s2.0-85149785855&origin=resultslist,10.3390/foods12050932,Article,Gold|Green,2-s2.0-85149785855,-,CIATEJ Guadalajara| Consejo Nacional de Ciencia y Tecnologia Mexico| Universidad Autónoma Metropolitana| Universidad Panamericana (UP),703030| 704696| 505017| 702732,Academic| Government,4.0,60012895| 60014923| 60069653,Universidad Panamericana| Universidad Autónoma Metropolitana| Centro de Investigación y Asistencia en Tecnologia y Diseño del Estado de Jalisco,57210638797,57194437346,57210638797| 57194437346,-,Mexico,1.0,1106| 1110| 2404| 3306| 3601,Food Science| Plant Science| Microbiology| Health (social science)| Health Professions (miscellaneous),5| 3,Life Sciences & Medicine| Social Sciences & Management,502| 507,Agriculture & Forestry| Biological Sciences,40| 34| 32,Social Sciences| Medical and Health| Life Sciences,30| 31,"Agricultural, Veterinary And Food Sciences| Biological Sciences",3106| 3006,Industrial biotechnology| Food sciences,-,Enhancing Meat Quality through Innovative Processing Techniques,871,78.875,Fermented Meat Products and Starter Cultures,5267,96.309,Definitive,2023.0,3.0,N/A,"Carmona-Escutia, R.P.| Ponce-Alquicira, E.| García-Parra, M.D.| Villanueva-Rodríguez, S.J.| Escalona-Buendía, H.B.",CIATEJ Guadalajara| Consejo Nacional de Ciencia y Tecnologia Mexico| Universidad Autónoma Metropolitana| Universidad Panamericana (UP),Mexico,0
57194437346,57194437346,Association Between SSR Molecular Markers and Chemical and Sensory Traits of Cacao Samples Using Multiple Regression Analysis,"Vázquez-Ovando, A.| Escalona-Buendía, H.| Ovando-Medina, I.| Salvador-Figueroa, M.",4.0,54413116600| 57194437346| 14066434000| 56013742700,2019.0,2019-04-01,Biochemical Genetics,57,2,301-322,-,ISSN-00062928,21745.0,Journal,Springer New York LLC,English,0.85,40,3.6,28,0.544,44,1.73,58.0,3.0,0.0,12.87,62.0,75.0,0.0,0.0,"Vázquez-Ovando, A., Escalona-Buendía, H., Ovando-Medina, I. and 1 more (...) (2019).Association Between SSR Molecular Markers and Chemical and Sensory Traits of Cacao Samples Using Multiple Regression Analysis. Biochemical Genetics,57(2) 301-322",https://www.scopus.com/record/display.url?eid=2-s2.0-85054574066&origin=resultslist,10.1007/s10528-018-9891-4,Article,,2-s2.0-85054574066,30284127,Universidad Autónoma Metropolitana| Universidad Autonoma de Chiapas,505017| 707221,Academic,2.0,60016888| 60028381,Universidad Autónoma de Chiapas| Universidad Autónoma Metropolitana -Unidad Iztapalapa,54413116600,56013742700,56013742700,-,Mexico,1.0,1105| 1303| 1311| 1312,"Ecology, Evolution, Behavior and Systematics| Biochemistry| Genetics| Molecular Biology",5,Life Sciences & Medicine,502| 507,Agriculture & Forestry| Biological Sciences,32,Life Sciences,31,Biological Sciences,3105| 3101,Genetics| Biochemistry and cell biology,-,Diversity and Resistance in Plant Pathogens,919,45.258,Genetic Diversity and Resistance in Cacao Populations,21687,77.865,Definitive,2019.0,3.0,N/A,"Vázquez-Ovando, A.| Escalona-Buendía, H.| Ovando-Medina, I.| Salvador-Figueroa, M.",Universidad Autónoma Metropolitana| Universidad Autonoma de Chiapas,Mexico,0
57194437346,57194437346,Using antimicrobials as a food safety measure during phytosanitary treatments in mangoes,"Kakani, G.| Taylor, T.M.| Martínez-Gonzáles, N.E.| Rodriguez-García, M.O.| Martinez-Cardenas, C.| Escalona-Buendia, H.B.| Castillo, A.",7.0,51161401700| 10239563100| 6505833382| 7004568955| 53981891500| 57194437346| 15070401300,2018.0,2018-04-01,Postharvest Biology and Technology,138,-,114-124,-,ISSN-09255214,16132.0,Journal,Elsevier B.V.,English,2.21,5,6.8,1,1.664,1,1.61,51.0,3.0,0.26,7.78,63.0,60.0,0.0,0.0,"Kakani, G., Taylor, T.M., Martínez-Gonzáles, N.E. and 4 more (...) (2018).Using antimicrobials as a food safety measure during phytosanitary treatments in mangoes. Postharvest Biology and Technology,138114-124",https://www.scopus.com/record/display.url?eid=2-s2.0-85041103910&origin=resultslist,10.1016/j.postharvbio.2018.01.007,Article,,2-s2.0-85041103910,-,CIATEJ Guadalajara| Consejo Nacional de Ciencia y Tecnologia Mexico| Universidad Autónoma Metropolitana| Texas A&M University| Universidad de Guadalajara,703030| 704696| 505017| 508230| 505019,Academic| Government,5.0,60020547| 60008943| 60069653| 60028381,Texas A&M University| Universidad de Guadalajara| Centro de Investigación y Asistencia en Tecnologia y Diseño del Estado de Jalisco| Universidad Autónoma Metropolitana -Unidad Iztapalapa,51161401700,15070401300,15070401300,-,Mexico| United States,2.0,1102| 1106| 1108,Agronomy and Crop Science| Food Science| Horticulture,5,Life Sciences & Medicine,502,Agriculture & Forestry,32,Life Sciences,30,"Agricultural, Veterinary And Food Sciences",3008,Horticultural production,-,Microbial Diversity and Gene Analysis in Pathogens,40,89.993,Microbial Safety in Fresh Produce Management,1753,96.388,Definitive,2018.0,3.0,N/A,"Kakani, G.| Taylor, T.M.| Martínez-Gonzáles, N.E.| Rodriguez-García, M.O.| Martinez-Cardenas, C.| Escalona-Buendia, H.B.| Castillo, A.",CIATEJ Guadalajara| Consejo Nacional de Ciencia y Tecnologia Mexico| Universidad Autónoma Metropolitana| Texas A&M University| Universidad de Guadalajara,Mexico| United States,0
57194437346,57194437346,Product design of a ready to eat Sous vide marinated pork meat based on consumer acceptability and prebiotic index,"Domínguez-Soberanes, J.| Escalona-Buendía, H.B.| Flores-Nájera, A.| De-La-Rocha González, A.| Chávez-Vela, N.| Rodríguez-Serrano, G.",6.0,57201861035| 57194437346| 26635050100| 57195474356| 25824635400| 6505895038,2017.0,2017-08-01,Revista Mexicana de Ingeniera Quimica,16,2,497-501,-,ISSN-16652738,19900192431.0,Journal,Universidad Autonoma Metropolitana Iztapalapa,English,0.65,52,1.6,50,0.328,47,3.41,112.0,3.0,0.1,10.49,62.0,69.0,0.0,0.0,"Domínguez-Soberanes, J., Escalona-Buendía, H.B., Flores-Nájera, A. and 3 more (...) (2017).Product design of a ready to eat Sous vide marinated pork meat based on consumer acceptability and prebiotic index. Revista Mexicana de Ingeniera Quimica,16(2) 497-501",https://www.scopus.com/record/display.url?eid=2-s2.0-85028304021&origin=resultslist,-,Article,,2-s2.0-85028304021,-,Universidad Autónoma Metropolitana| Universidad Panamericana (UP)| Autonomous University of Aguascalientes,505017| 702732| 704841,Academic,3.0,60012895| 60029446| 60028381,Universidad Panamericana| Autonomous University of Aguascalientes Centro de Ciencias Basicas| Universidad Autónoma Metropolitana -Unidad Iztapalapa,57201861035,6505895038,6505895038,-,Mexico,1.0,1500,General Chemical Engineering,2,Engineering & Technology,219,Engineering - Chemical,36,Engineering,31| 40| 30,"Biological Sciences| Engineering| Agricultural, Veterinary And Food Sciences",3106| 4004| 3006,Industrial biotechnology| Chemical engineering| Food sciences,-,Interplay of Taste and Olfactory Sensations,588,74.951,Sensory Analysis and Consumer Preferences in Food Products,4811,93.19,Defensible,2017.0,3.0,N/A,"Domínguez-Soberanes, J.| Escalona-Buendía, H.B.| Flores-Nájera, A.| De-La-Rocha González, A.| Chávez-Vela, N.| Rodríguez-Serrano, G.",Universidad Autónoma Metropolitana| Universidad Panamericana (UP)| Autonomous University of Aguascalientes,Mexico,0
57194437346,57194437346,Dedicated odor-taste stimulation design for fMRI flavor studies,"Santoyo-Zedillo, M.| Andriot, I.| Lucchi, G.| Pacheco-Lopez, G.| Escalona-Buendía, H.| Thomas-Danguin, T.| Sinding, C.",7.0,56377864700| 6507284729| 16053101100| 57196369184| 57194437346| 7801658930| 36560464800,2023.0,2023-06-01,Journal of Neuroscience Methods,393,-,-,109881,ISSN-01650270,16765.0,Journal,Elsevier B.V.,English,0.91,33,7.1,28,0.935,40,1.83,27.0,3.0,0.33,9.01,49.0,58.0,0.0,0.0,"Santoyo-Zedillo, M., Andriot, I., Lucchi, G. and 4 more (...) (2023).Dedicated odor-taste stimulation design for fMRI flavor studies. Journal of Neuroscience Methods,393",https://www.scopus.com/record/display.url?eid=2-s2.0-85160040502&origin=resultslist,10.1016/j.jneumeth.2023.109881,Article,Green,2-s2.0-85160040502,37172913,Universidad Autónoma Metropolitana| CNRS| L'Institut Agro| L'Institut Agro Dijon| INRAE| Université de Bourgogne,505017| 314004| 725028| 722403| 314023| 314045,Government| Academic,6.0,60107782| 60293501| 60123163| 60112044| 60008134| 129761725| 60112837| 60014923,L'Institut Agro Dijon| Université Marie et Louis Pasteur| INRAE| Centre des Sciences du Goût et de l'Alimentation| CNRS Centre National de la Recherche Scientifique| Doctorado en Ciencias Biológicas y de la Salud – Universidad Autónoma Metropolitana (UAM)| Universidad Autónoma Metropolitana-Lerma| Universidad Autónoma Metropolitana,56377864700,36560464800,36560464800,-,Mexico| France,2.0,2800,General Neuroscience,5,Life Sciences & Medicine,532,Medicine,34,Medical and Health,32,Biomedical And Clinical Sciences,3209,Neurosciences,-,Interplay of Taste and Olfactory Sensations,588,74.951,Flavor Perception and Aroma Release in Foods,9163,94.114,Definitive,2023.0,3.0,N/A,"Santoyo-Zedillo, M.| Andriot, I.| Lucchi, G.| Pacheco-Lopez, G.| Escalona-Buendía, H.| Thomas-Danguin, T.| Sinding, C.",Universidad Autónoma Metropolitana| CNRS| L'Institut Agro| L'Institut Agro Dijon| INRAE| Université de Bourgogne,Mexico| France,0
57194437346,57194437346,Chemical analysis of blue corn base malt and the effect of malting and roasting of blue corn malts on color and antioxidant compounds associated with antioxidant capacity,"Flores-Calderón, A.M.D.| Hernández-Carapia, M.Á.| Luna, H.| Escalona-Buendía, H.B.| Verde-Calvo, J.R.",5.0,55819022400| 57222761137| 7003868746| 57194437346| 9740356900,2022.0,2022-01-01,Emirates Journal of Food and Agriculture,34,11,938-948,-,ISSN-2079052X,21100200820.0,Journal,United Arab Emirates University,English,0.47,66,1.9,50,0.284,57,0.79,16.0,3.0,0.21,9.57,56.0,68.0,0.0,0.0,"Flores-Calderón, A.M.D., Hernández-Carapia, M.Á., Luna, H. and 2 more (...) (2022).Chemical analysis of blue corn base malt and the effect of malting and roasting of blue corn malts on color and antioxidant compounds associated with antioxidant capacity. Emirates Journal of Food and Agriculture,34(11) 938-948",https://www.scopus.com/record/display.url?eid=2-s2.0-85147008828&origin=resultslist,10.9755/ejfa.2022.v34.i11.2953,Article,Gold,2-s2.0-85147008828,-,Universidad Autónoma Metropolitana,505017,Academic,1.0,60014923,Universidad Autónoma Metropolitana,55819022400,9740356900,9740356900,-,Mexico,1.0,1102| 1103| 1106| 2402,Agronomy and Crop Science| Animal Science and Zoology| Food Science| Applied Microbiology and Biotechnology,5,Life Sciences & Medicine,507| 502,Biological Sciences| Agriculture & Forestry,32,Life Sciences,30,"Agricultural, Veterinary And Food Sciences",-,-,-,Anthocyanins and Their Multifaceted Health Benefits,771,79.987,Anthocyanin-Rich Maize and Antioxidant Potential,45588,85.038,Defensible,2022.0,3.0,N/A,"Flores-Calderón, A.M.D.| Hernández-Carapia, M.Á.| Luna, H.| Escalona-Buendía, H.B.| Verde-Calvo, J.R.",Universidad Autónoma Metropolitana,Mexico,0
57194437346,57194437346,"Biochemical and visual changes in cactus stems (Opuntia ficus-indicaMill.) stored at 4, 12 and 26C","Rodríguez-Verástegui, L.L.| Osorio-Córdoba, J.| de León-Sánchez, F.D.| Pelayo-Zaldívar, C.| Díaz-Pontones, D.M.| Bosquez-Molina, E.| Márquez-Guzmán, G.J.| Escalona-Buendía, H.B.| Verde-Calvo, J.R.| Pérez-Flores, L.J.",10.0,56728685400| 42962094400| 25928243500| 55993664900| 6507628084| 6507439295| 56728596500| 57194437346| 9740356900| 7801521790,2015.0,2015-08-01,Journal of Food Biochemistry,39,4,449-461,-,ISSN-01458884,20580.0,Journal,-,English,0.63,53,2,37,0.428,43,0.63,35.0,3.0,0.11,9.03,62.0,67.0,0.0,0.0,"Rodríguez-Verástegui, L.L., Osorio-Córdoba, J., de León-Sánchez, F.D. and 7 more (...) (2015).Biochemical and visual changes in cactus stems (Opuntia ficus-indicaMill.) stored at 4, 12 and 26C. Journal of Food Biochemistry,39(4) 449-461",https://www.scopus.com/record/display.url?eid=2-s2.0-84937397974&origin=resultslist,10.1111/jfbc.12144,Article,,2-s2.0-84937397974,-,Universidad Autónoma Metropolitana| Universidad Nacional Autónoma de México,505017| 505023,Academic,2.0,60028381| 60032442,Universidad Autónoma Metropolitana -Unidad Iztapalapa| Universidad Nacional Autónoma de México,56728685400,7801521790,25928243500,-,Mexico,1.0,1106| 1304| 1307| 3004,Food Science| Biophysics| Cell Biology| Pharmacology,5,Life Sciences & Medicine,502| 507| 537,Agriculture & Forestry| Biological Sciences| Pharmacy & Pharmacology,32| 34,Life Sciences| Medical and Health,30,"Agricultural, Veterinary And Food Sciences",3006,Food sciences,-,Methane Reduction through Feed Supplementation Strategies,104,78.417,Nutritional and Functional Benefits of Opuntia,6183,95.44,Very Good,2015.0,3.0,N/A,"Rodríguez-Verástegui, L.L.| Osorio-Córdoba, J.| de León-Sánchez, F.D.| Pelayo-Zaldívar, C.| Díaz-Pontones, D.M.| Bosquez-Molina, E.| Márquez-Guzmán, G.J.| Escalona-Buendía, H.B.| Verde-Calvo, J.R.| Pérez-Flores, L.J.",Universidad Autónoma Metropolitana| Universidad Nacional Autónoma de México,Mexico,0
57194437346,57194437346,Postharvest Preservation of Cactus Fruits (Stenocereus pruinosus and Stenocereus stellatus) Produced in Semidesertic Area of Oaxaca by Biopolymer Coatings,"Hernandez-Valencia, C.G.| Shirai, K.| Mejía, P.| Blanco, S.| Guerrero, A.R.| Lourdes Yáñez López, M.| Escalona, H.",7.0,57205406851| 55993639400| 57214693032| 57214681212| 56013603800| 57214669556| 57194437346,2016.0,2016-01-01,International Journal of Interdisciplinary Social Sciences,11,1,15-26,-,ISSN-18331882,19900193276.0,Journal,Common Ground Research Networks,English,0,94,-,-,0.103,94,0.0,32.0,2.0,0.31,3.26,67.0,56.0,0.0,0.0,"Hernandez-Valencia, C.G., Shirai, K., Mejía, P. and 4 more (...) (2016).Postharvest Preservation of Cactus Fruits (Stenocereus pruinosus and Stenocereus stellatus) Produced in Semidesertic Area of Oaxaca by Biopolymer Coatings. International Journal of Interdisciplinary Social Sciences,11(1) 15-26",https://www.scopus.com/record/display.url?eid=2-s2.0-85060174035&origin=resultslist,10.18848/1833-1882/CGP/15-26,Article,,2-s2.0-85060174035,-,Universidad Autónoma Metropolitana,505017,Academic,1.0,60014923,Universidad Autónoma Metropolitana,57205406851,57194437346,-,-,Mexico,1.0,3300,General Social Sciences,3,Social Sciences & Management,-,-,40,Social Sciences,44| 35,"Human Society| Commerce, Management, Tourism And Services",4409| 3506| 4410,Social work| Marketing| Sociology,-,Antioxidant Compounds and Their Medicinal Potential,6,97.711,Betalains: Antioxidant Pigments in Food Applications,9172,97.792,Defensible,2016.0,2.0,N/A,"Hernandez-Valencia, C.G.| Shirai, K.| Mejía, P.| Blanco, S.| Guerrero, A.R.| Lourdes Yáñez López, M.| Escalona, H.",Universidad Autónoma Metropolitana,Mexico,0
57194437346,57194437346,Influence of tannins on the physical and sensory attributes of meat from feedlot cattle,"Ortiz-López, B.| Mariezcurrena-Berasaín, M.A.| Barajas-Cruz, R.| López-Perea, P.| Escalona-Buendía, H.B.| Borquez-Gastelum, J.L.| Mariezcurrena-Berasaín, M.D.",7.0,57464997400| 55176720000| 53979259500| 57808211500| 57194437346| 55922492100| 57190215122,2016.0,2016-07-01,Revista Mexicana De Ciencias Pecuarias,7,3,309-320,-,ISSN-20071124,19700201528.0,Journal,INIFAP-CENID Parasitologia Veterinaria,English| Spanish,0.72,46,0.6,63,0.306,47,1.47,36.0,2.0,0.0,3.98,67.0,71.0,0.0,0.0,"Ortiz-López, B., Mariezcurrena-Berasaín, M.A., Barajas-Cruz, R. and 4 more (...) (2016).Influence of tannins on the physical and sensory attributes of meat from feedlot cattle. Revista Mexicana De Ciencias Pecuarias,7(3) 309-320",https://www.scopus.com/record/display.url?eid=2-s2.0-84978484272&origin=resultslist,10.22319/rmcp.v7i3.4212,Article,Gold|Green,2-s2.0-84978484272,-,Universidad Autónoma Metropolitana| Universidad Autonoma de Sinaloa| Universidad Autonoma del Estado de Mexico,505017| 704857| 505051,Academic,3.0,60002281| 60012676| 60014923,Universidad Autónoma del Estado de México| Universidad Autónoma de Sinaloa| Universidad Autónoma Metropolitana,57464997400,57190215122,57190215122,-,Mexico,1.0,1103| 3400,Animal Science and Zoology| General Veterinary,5,Life Sciences & Medicine,546| 502,Veterinary Science| Agriculture & Forestry,32,Life Sciences,31| 30,"Biological Sciences| Agricultural, Veterinary And Food Sciences",3003| 3009| 3109,Animal production| Veterinary sciences| Zoology,-,Meat Quality and Composition in Livestock,1321,37.802,Meat Quality and Tenderness in Beef Production,1562,94.351,Very Good,2016.0,2.0,N/A,"Ortiz-López, B.| Mariezcurrena-Berasaín, M.A.| Barajas-Cruz, R.| López-Perea, P.| Escalona-Buendía, H.B.| Borquez-Gastelum, J.L.| Mariezcurrena-Berasaín, M.D.",Universidad Autónoma Metropolitana| Universidad Autonoma de Sinaloa| Universidad Autonoma del Estado de Mexico,Mexico,0
57194437346,57194437346,Chasing the chill: Unveiling the dynamic flavors and textures of ice cream formulations,"Pintor-Jardines, A.| Luque-Ramírez, M.| Varela, P.| Escalona-Buendia, H.| Severiano-Pérez, P.",5.0,57201633014| 59278797200| 56261320000| 57194437346| 14071941700,2024.0,2024-08-01,Journal of Texture Studies,55,4,-,e12862,ISSN-00224901,20634.0,Journal,John Wiley and Sons Inc,English,1.01,29,6,28,0.689,29,3.4,53.0,2.0,0.29,6.8,45.0,58.0,0.0,0.0,"Pintor-Jardines, A., Luque-Ramírez, M., Varela, P. and 2 more (...) (2024).Chasing the chill: Unveiling the dynamic flavors and textures of ice cream formulations. Journal of Texture Studies,55(4) ",https://www.scopus.com/record/display.url?eid=2-s2.0-85201642102&origin=resultslist,10.1111/jtxs.12862,Article,Hybrid gold|Green,2-s2.0-85201642102,39164782,Nofima AS| Universidad Autónoma Metropolitana| Universidad Nacional Autónoma de México,706765| 505017| 505023,Government| Academic,3.0,60028381| 60032442| 60079864,Universidad Autónoma Metropolitana -Unidad Iztapalapa| Universidad Nacional Autónoma de México| NOFIMA,57201633014,14071941700,14071941700,-,Norway| Mexico,2.0,1106| 3003,Food Science| Pharmaceutical Science,5,Life Sciences & Medicine,502| 537,Agriculture & Forestry| Pharmacy & Pharmacology,34| 32,Medical and Health| Life Sciences,40| 30,"Engineering| Agricultural, Veterinary And Food Sciences",3006| 4004,Food sciences| Chemical engineering,-,Protein Emulsification and Functional Food Applications,582,95.487,Emulsification Techniques in Whipped Cream and Frozen Desserts,10797,95.346,Definitive,2024.0,2.0,N/A,"Pintor-Jardines, A.| Luque-Ramírez, M.| Varela, P.| Escalona-Buendia, H.| Severiano-Pérez, P.",Nofima AS| Universidad Autónoma Metropolitana| Universidad Nacional Autónoma de México,Norway| Mexico,0
57194437346,57194437346,Quality and novel indicators of commercial life in Valencia oranges (Citrus sinensis osbeck),"Macías-Ojeda, D.A.| Cervantes-Arista, C.| Pelayo-Zaldívar, C.| Escalona-Buendía, H.B.| Alia-Tejacal, I.| Mendoza-Espinoza, J.A.| Rodríguez-Verástegui, L.L.| Díaz de León-Sánchez, F.",8.0,57210639114| 57210643271| 8592491400| 57194437346| 16425139500| 56002729700| 56728685400| 25649284800,2019.0,2019-09-01,Revista Mexicana de Ingeniera Quimica,18,3,979-994,-,ISSN-16652738,19900192431.0,Journal,Universidad Autonoma Metropolitana Iztapalapa,English,0.58,59,1.7,57,0.277,55,1.54,55.0,1.0,0.08,13.0,73.0,73.0,0.0,0.0,"Macías-Ojeda, D.A., Cervantes-Arista, C., Pelayo-Zaldívar, C. and 5 more (...) (2019).Quality and novel indicators of commercial life in Valencia oranges (Citrus sinensis osbeck). Revista Mexicana de Ingeniera Quimica,18(3) 979-994",https://www.scopus.com/record/display.url?eid=2-s2.0-85071152442&origin=resultslist,10.24275/uam/izt/dcbi/revmexingquim/2019v18n3/Macias,Article,Hybrid gold,2-s2.0-85071152442,-,Universidad Autonoma del Estado de Morelos| Universidad Autónoma Metropolitana| Universidad Autonoma de la Ciudad de Mexico,505016| 505017| 708454,Academic,3.0,60028381| 60025626| 60094425| 100975289,Universidad Autónoma Metropolitana -Unidad Iztapalapa| Universidad Autónoma del Estado de Morelos| Universidad Autónoma de la Ciudad de México| Universidad Politécnica de Tlaxcala,57210639114,25649284800,25649284800,-,Mexico,1.0,1500,General Chemical Engineering,2,Engineering & Technology,219,Engineering - Chemical,36,Engineering,30| 40| 31,"Agricultural, Veterinary And Food Sciences| Engineering| Biological Sciences",4004| 3106| 3006,Chemical engineering| Industrial biotechnology| Food sciences,-,Antioxidant and Antimicrobial Properties of Essential Oils,275,87.901,Citrus Essential Oils and Their Flavor Profiles,12028,87.889,Very Good,2019.0,1.0,N/A,"Macías-Ojeda, D.A.| Cervantes-Arista, C.| Pelayo-Zaldívar, C.| Escalona-Buendía, H.B.| Alia-Tejacal, I.| Mendoza-Espinoza, J.A.| Rodríguez-Verástegui, L.L.| Díaz de León-Sánchez, F.",Universidad Autonoma del Estado de Morelos| Universidad Autónoma Metropolitana| Universidad Autonoma de la Ciudad de Mexico,Mexico,0
57194437346,57194437346,Relationship between protein markers and the sensory/ physicochemical parameters of ovine meat during refrigerated storage,"Martínez-Arellano, I.| Severiano-Pérez, P.| Fernández, F.J.| Escalona-Buendía, H.| Ponce-Alquicira, E.",5.0,55908068200| 14071941700| 57207967743| 57194437346| 57203801983,2020.0,2020-01-01,"Biotechnology, Agronomy and Society and Environment",24,3,184-191,-,ISSN-13706233,19200156920.0,Journal,FAC UNIV SCIENCES AGRONOMIQUES GEMBLOUX,English,0.8,44,2.4,33,0.34,46,1.08,28.0,1.0,0.0,10.65,74.0,78.0,0.0,0.0,"Martínez-Arellano, I., Severiano-Pérez, P., Fernández, F.J. and 2 more (...) (2020).Relationship between protein markers and the sensory/ physicochemical parameters of ovine meat during refrigerated storage. Biotechnology, Agronomy and Society and Environment,24(3) 184-191",https://www.scopus.com/record/display.url?eid=2-s2.0-85087082475&origin=resultslist,10.25518/1780-4507.18668,Article,Gold|Green,2-s2.0-85087082475,-,Universidad Autónoma Metropolitana| Universidad Nacional Autónoma de México,505017| 505023,Academic,2.0,60032442| 60028381,Universidad Nacional Autónoma de México| Universidad Autónoma Metropolitana -Unidad Iztapalapa,55908068200,57203801983,57207967743,-,Mexico,1.0,1102| 1107| 1110| 1305| 3305,"Agronomy and Crop Science| Forestry| Plant Science| Biotechnology| Geography, Planning and Development",5| 3,Life Sciences & Medicine| Social Sciences & Management,502| 507| 425,Agriculture & Forestry| Biological Sciences| Geography,32| 40,Life Sciences| Social Sciences,31| 30,"Biological Sciences| Agricultural, Veterinary And Food Sciences",3008| 3007| 3109,Horticultural production| Forestry sciences| Zoology,-,Meat Quality and Composition in Livestock,1321,37.802,Proteomics Insights into Meat Quality and Tenderness,33196,91.683,Defensible,2020.0,1.0,N/A,"Martínez-Arellano, I.| Severiano-Pérez, P.| Fernández, F.J.| Escalona-Buendía, H.| Ponce-Alquicira, E.",Universidad Autónoma Metropolitana| Universidad Nacional Autónoma de México,Mexico,0
57194437346,57194437346,Preservation of fresh edible cactus stems (Opuntia ficus indica Mill.) by modified atmosphere packaging,"Osorio-Córdoba, J.| Rodriguez-Verástegui, L.L.| Díaz de León-Sánchez, F.| Bosquez-Molina, E.| Verde-Calvo, J.R.| Escalona-Buendía, H.B.| Pérez-Flores, L.J.| Pelayo-Zaldívar, C.",8.0,42962094400| 56728685400| 25649284800| 6507439295| 9740356900| 57194437346| 7801521790| 55993664900,2015.0,2015-01-01,Phyton-International Journal of Experimental Botany,84,2,375-384,-,ISSN-00319457,16555.0,Journal,Fundacion Romulo Raggio,English,0.22,81,0.2,92,0.135,94,0.57,35.0,1.0,0.0,9.68,72.0,69.0,0.0,0.0,"Osorio-Córdoba, J., Rodriguez-Verástegui, L.L., Díaz de León-Sánchez, F. and 5 more (...) (2015).Preservation of fresh edible cactus stems (Opuntia ficus indica Mill.) by modified atmosphere packaging. Phyton-International Journal of Experimental Botany,84(2) 375-384",https://www.scopus.com/record/display.url?eid=2-s2.0-84957798155&origin=resultslist,-,Article,,2-s2.0-84957798155,-,Universidad Autónoma Metropolitana,505017,Academic,1.0,60028381,Universidad Autónoma Metropolitana -Unidad Iztapalapa,42962094400,55993664900,55993664900,-,Mexico,1.0,1110| 1303| 1314,Plant Science| Biochemistry| Physiology,5,Life Sciences & Medicine,507| 503| 502,Biological Sciences| Anatomy & Physiology| Agriculture & Forestry,32,Life Sciences,41| 31,Environmental Sciences| Biological Sciences,3108| 4106,Plant biology| Soil sciences,-,Methane Reduction through Feed Supplementation Strategies,104,78.417,Nutritional and Functional Benefits of Opuntia,6183,95.44,Very Good,2015.0,1.0,N/A,"Osorio-Córdoba, J.| Rodriguez-Verástegui, L.L.| Díaz de León-Sánchez, F.| Bosquez-Molina, E.| Verde-Calvo, J.R.| Escalona-Buendía, H.B.| Pérez-Flores, L.J.| Pelayo-Zaldívar, C.",Universidad Autónoma Metropolitana,Mexico,0
