Autor,Autor_ID,Title,Authors,Number of Authors,Scopus Author Ids,Year,Full date,Scopus Source title,Volume,Issue,Pages,Article number,ISSN,Source ID,Source type,Publisher,Language,SNIP (publication year),SNIP percentile (publication year) *,CiteScore (publication year),CiteScore percentile (publication year) *,SJR (publication year),SJR percentile (publication year) *,Field-Weighted View Impact,Views,Citations,Field-Weighted Citation Impact,Field-Citation Average,"Outputs in Top Citation Percentiles, per percentile","Field-Weighted Outputs in Top Citation Percentiles, per percentile",Main patent families,Policy citations,Reference,Abstract,DOI,Publication type,Open Access,EID,PubMed ID,Institutions,Institution IDs,Sector,Number of Institutions,Scopus Affiliation IDs,Scopus Affiliation names,Scopus Author ID First Author,Scopus Author ID Last Author,Scopus Author ID Corresponding Author,Scopus Author ID Single Author,Country/Region,Number of Countries/Regions,All Science Journal Classification (ASJC) code,All Science Journal Classification (ASJC) field name,Quacquarelli Symonds (QS) Subject area code,Quacquarelli Symonds (QS) Subject area field name,Quacquarelli Symonds (QS) Subject code,Quacquarelli Symonds (QS) Subject field name,Times Higher Education (THE) code,Times Higher Education (THE) field name,ANZSRC FoR (2020) parent code,ANZSRC FoR (2020) parent name,ANZSRC FoR (2020) code,ANZSRC FoR (2020) name,Sustainable Development Goals (2025),Topic Cluster name,Topic Cluster number,Topic Cluster Prominence Percentile,Topic name,Topic number,Topic Prominence Percentile,Publication link to Topic strength,Año,Citas,Colaboracion,Autores,Instituciones,Regiones,Instituciones_Nacionales
6603801645,6603801645,INFLUENCE OF TEMPERATURE ON THE THERMODYNAMICS AND KINETICS OF COBALT ELECTROCHEMICAL NUCLEATION AND GROWTH,"Palomar-Pardavé, M.| Aldana-González, J.| Botello, L.E.| Arce-Estrada, E.M.| Ramírez-Silva, M.T.| Mostany, J.| Romero-Romo, M.",7.0,6603788018| 55842149700| 57193007448| 8413430200| 6603801645| 57201663285| 6602576873,2017.0,2017-07-01,Electrochimica Acta,241,-,162-169,-,ISSN-00134686,25181.0,Journal,Elsevier Ltd,English,1.13,23,8.6,5,1.439,8,2.11,89.0,66.0,1.9,11.59,7.0,14.0,0.0,0.0,"Palomar-Pardavé, M., Aldana-González, J., Botello, L.E. and 4 more (...) (2017).INFLUENCE OF TEMPERATURE ON THE THERMODYNAMICS AND KINETICS OF COBALT ELECTROCHEMICAL NUCLEATION AND GROWTH. Electrochimica Acta,241162-169",https://www.scopus.com/record/display.url?eid=2-s2.0-85018962317&origin=resultslist,10.1016/j.electacta.2017.04.126,Article,,2-s2.0-85018962317,-,Universidad Simón Bolívar| Universidad Autónoma Metropolitana| Instituto Politécnico Nacional,607005| 505017| 505011,Academic,3.0,60023193| 60019176| 60006489| 60028381| 60026438,Universidad Autónoma Metropolitana - Azcapotzalco| Instituto Politécnico Nacional| Escuela Superior de Ingenieria Quimica e Industrias Extractivas| Universidad Autónoma Metropolitana -Unidad Iztapalapa| Universidad Simón Bolívar,6603788018,6602576873,6603788018,-,Mexico| Venezuela,2.0,1500| 1603,General Chemical Engineering| Electrochemistry,4| 2,Natural Sciences| Engineering & Technology,219| 409,Engineering - Chemical| Chemistry,36| 37,Engineering| Physical Sciences,40| 34| 51,Engineering| Chemical Sciences| Physical Sciences,-,-,-,Electrodeposition Techniques for Enhanced Coating Properties,1019,29.627,Electrodeposition Mechanisms in Nanostructured Materials,15817,78.905,Definitive,2017.0,66.0,N/A,"Palomar-Pardavé, M.| Aldana-González, J.| Botello, L.E.| Arce-Estrada, E.M.| Ramírez-Silva, M.T.| Mostany, J.| Romero-Romo, M.",Universidad Simón Bolívar| Universidad Autónoma Metropolitana| Instituto Politécnico Nacional,Mexico| Venezuela,0
6603801645,6603801645,On the electrochemical formation of nickel nanoparticles onto glassy carbon from a deep eutectic solvent,"Aldana-González, J.| Romero-Romo, M.| Robles-Peralta, J.| Morales-Gil, P.| Palacios-González, E.| Ramírez-Silva, M.T.| Mostany, J.| Palomar-Pardavé, M.",8.0,55842149700| 6602576873| 57202002225| 56117026900| 55506080000| 6603801645| 57201663285| 6603788018,2018.0,2018-06-20,Electrochimica Acta,276,-,417-423,-,ISSN-00134686,25181.0,Journal,Elsevier Ltd,English,1.12,24,9.1,5,1.365,8,3.06,110.0,65.0,2.25,12.46,7.0,11.0,0.0,0.0,"Aldana-González, J., Romero-Romo, M., Robles-Peralta, J. and 5 more (...) (2018).On the electrochemical formation of nickel nanoparticles onto glassy carbon from a deep eutectic solvent. Electrochimica Acta,276417-423",https://www.scopus.com/record/display.url?eid=2-s2.0-85046736620&origin=resultslist,10.1016/j.electacta.2018.04.192,Article,,2-s2.0-85046736620,-,Universidad Simón Bolívar| Universidad Autónoma Metropolitana| Instituto Mexicano del Petroleo,607005| 505017| 505005,Academic| Government,3.0,60023193| 60019271| 60028381| 60026438,Universidad Autónoma Metropolitana - Azcapotzalco| Instituto Mexicano Del Petroleo| Universidad Autónoma Metropolitana -Unidad Iztapalapa| Universidad Simón Bolívar,55842149700,6603788018,6603788018,-,Mexico| Venezuela,2.0,1500| 1603,General Chemical Engineering| Electrochemistry,2| 4,Engineering & Technology| Natural Sciences,219| 409,Engineering - Chemical| Chemistry,36| 37,Engineering| Physical Sciences,40| 34| 51,Engineering| Chemical Sciences| Physical Sciences,-,-,-,Electrodeposition Techniques for Enhanced Coating Properties,1019,29.627,Electrodeposition Techniques Using Deep Eutectic Solvents,37849,89.238,Very Good,2018.0,65.0,N/A,"Aldana-González, J.| Romero-Romo, M.| Robles-Peralta, J.| Morales-Gil, P.| Palacios-González, E.| Ramírez-Silva, M.T.| Mostany, J.| Palomar-Pardavé, M.",Universidad Simón Bolívar| Universidad Autónoma Metropolitana| Instituto Mexicano del Petroleo,Mexico| Venezuela,0
6603801645,6603801645,Mechanism and kinetics of chromium electrochemical nucleation and growth from a choline chloride/ethylene glycol deep eutectic solvent,"Mejía-Caballero, I.| Aldana-González, J.| Le Manh, T.| Romero-Romo, M.| Arce-Estrada, E.M.| Campos-Silva, I.| Ramírez-Silva, M.T.| Palomar-Pardave, M.",8.0,56182243500| 55842149700| 57205572924| 6602576873| 8413430200| 56682127800| 6603801645| 6603788018,2018.0,2018-01-01,Journal of the Electrochemical Society,165,9,D393-D401,-,ISSN-00134651,25169.0,Journal,Electrochemical Society Inc.,English,0.93,34,6.2,11,1.138,10,1.74,60.0,60.0,1.64,12.84,8.0,17.0,0.0,0.0,"Mejía-Caballero, I., Aldana-González, J., Le Manh, T. and 5 more (...) (2018).Mechanism and kinetics of chromium electrochemical nucleation and growth from a choline chloride/ethylene glycol deep eutectic solvent. Journal of the Electrochemical Society,165(9) D393-D401",https://www.scopus.com/record/display.url?eid=2-s2.0-85049256519&origin=resultslist,10.1149/2.0851809jes,Article,,2-s2.0-85049256519,-,Universidad Autónoma Metropolitana| Instituto Politécnico Nacional,505017| 505011,Academic,2.0,60023193| 60006489| 60019176| 60028381,Universidad Autónoma Metropolitana - Azcapotzalco| Escuela Superior de Ingenieria Quimica e Industrias Extractivas| Instituto Politécnico Nacional| Universidad Autónoma Metropolitana -Unidad Iztapalapa,56182243500,6603788018,-,-,Mexico,1.0,1603| 2105| 2504| 2505| 2508| 3104,"Electrochemistry| Renewable Energy, Sustainability and the Environment| Electronic, Optical and Magnetic Materials| Materials Chemistry| Surfaces, Coatings and Films| Condensed Matter Physics",4| 2,Natural Sciences| Engineering & Technology,221| 433| 439| 409,Engineering - Electrical & Electronic| Materials Science| Physics & Astronomy| Chemistry,36| 37,Engineering| Physical Sciences,34| 40,Chemical Sciences| Engineering,4016| 3406,Materials engineering| Physical chemistry,-,Electrodeposition Techniques for Enhanced Coating Properties,1019,29.627,Electrodeposition Techniques Using Deep Eutectic Solvents,37849,89.238,Very Good,2018.0,60.0,N/A,"Mejía-Caballero, I.| Aldana-González, J.| Le Manh, T.| Romero-Romo, M.| Arce-Estrada, E.M.| Campos-Silva, I.| Ramírez-Silva, M.T.| Palomar-Pardave, M.",Universidad Autónoma Metropolitana| Instituto Politécnico Nacional,Mexico,0
6603801645,6603801645,Palladium nanoparticles electrodeposition onto glassy carbon from a deep eutectic solvent at 298 K and their catalytic performance toward formic acid oxidation,"Espino-López, I.E.| Romero-Romo, M.| De Oca-Yemha, M.G.M.| Morales-Gil, P.| Ramírez-Silva, M.T.| Mostany, J.| Palomar-Pardavé, M.",7.0,57207856170| 6602576873| 24399524500| 56117026900| 6603801645| 57201663285| 6603788018,2019.0,2019-01-01,Journal of the Electrochemical Society,166,1,D3205-D3211,-,ISSN-00134651,25169.0,Journal,Electrochemical Society Inc.,English,1.02,30,5.8,12,1.153,11,2.44,78.0,52.0,1.83,14.23,9.0,15.0,0.0,0.0,"Espino-López, I.E., Romero-Romo, M., De Oca-Yemha, M.G.M. and 4 more (...) (2019).Palladium nanoparticles electrodeposition onto glassy carbon from a deep eutectic solvent at 298 K and their catalytic performance toward formic acid oxidation. Journal of the Electrochemical Society,166(1) D3205-D3211",https://www.scopus.com/record/display.url?eid=2-s2.0-85063107196&origin=resultslist,10.1149/2.0251901jes,Article,Hybrid gold,2-s2.0-85063107196,-,Universidad Simón Bolívar| Universidad Autónoma Metropolitana| Instituto Mexicano del Petroleo,607005| 505017| 505005,Academic| Government,3.0,60023193| 60019271| 60028381| 60026438,Universidad Autónoma Metropolitana - Azcapotzalco| Instituto Mexicano Del Petroleo| Universidad Autónoma Metropolitana -Unidad Iztapalapa| Universidad Simón Bolívar,57207856170,6603788018,-,-,Mexico| Venezuela,2.0,1603| 2105| 2504| 2505| 2508,"Electrochemistry| Renewable Energy, Sustainability and the Environment| Electronic, Optical and Magnetic Materials| Materials Chemistry| Surfaces, Coatings and Films",4| 2,Natural Sciences| Engineering & Technology,221| 409| 433,Engineering - Electrical & Electronic| Chemistry| Materials Science,37| 36,Physical Sciences| Engineering,34| 40,Chemical Sciences| Engineering,4016| 3406,Materials engineering| Physical chemistry,-,Fuel Cells and Polymer Electrolytes,79,97.646,Catalytic Innovations in Formic Acid Fuel Cells,13583,92.101,Very Good,2019.0,52.0,N/A,"Espino-López, I.E.| Romero-Romo, M.| De Oca-Yemha, M.G.M.| Morales-Gil, P.| Ramírez-Silva, M.T.| Mostany, J.| Palomar-Pardavé, M.",Universidad Simón Bolívar| Universidad Autónoma Metropolitana| Instituto Mexicano del Petroleo,Mexico| Venezuela,0
6603801645,6603801645,NEW INSIGTHS on the KINETICS and MECHANISM of the ELECTROCHEMICAL OXIDATION of DICLOFENAC in NEUTRAL AQUEOUS MEDIUM,"Cid-Cerón, M.M.| Guzmán-Hernández, D.S.| Ramírez-Silva, M.T.| Galano, A.| Romero-Romo, M.| Palomar-Pardavé, M.",6.0,56667658300| 35195662800| 6603801645| 55995932900| 6602576873| 6603788018,2016.0,2016-05-01,Electrochimica Acta,199,-,92-98,-,ISSN-00134686,25181.0,Journal,Elsevier Ltd,English,1.19,20,8,4,1.355,8,3.26,111.0,51.0,1.04,10.58,11.0,28.0,0.0,1.0,"Cid-Cerón, M.M., Guzmán-Hernández, D.S., Ramírez-Silva, M.T. and 3 more (...) (2016).NEW INSIGTHS on the KINETICS and MECHANISM of the ELECTROCHEMICAL OXIDATION of DICLOFENAC in NEUTRAL AQUEOUS MEDIUM. Electrochimica Acta,19992-98",https://www.scopus.com/record/display.url?eid=2-s2.0-84964345944&origin=resultslist,10.1016/j.electacta.2016.03.094,Article,,2-s2.0-84964345944,-,Universidad Autónoma Metropolitana| Universidad Autonoma del Estado de Hidalgo,505017| 505050,Academic,2.0,60028381| 60023193| 60027135,Universidad Autónoma Metropolitana -Unidad Iztapalapa| Universidad Autónoma Metropolitana - Azcapotzalco| Universidad Autónoma del Estado de Hidalgo,56667658300,6603788018,6603788018,-,Mexico,1.0,1500| 1603,General Chemical Engineering| Electrochemistry,2| 4,Engineering & Technology| Natural Sciences,409| 219,Chemistry| Engineering - Chemical,37| 36,Physical Sciences| Engineering,40| 34| 51,Engineering| Chemical Sciences| Physical Sciences,-,-,-,Electrochemical Sensors and Molecular Imprinting Techniques,718,81.949,Electrochemical Detection Methods for Diclofenac Analysis,41294,74.616,Very Good,2016.0,51.0,N/A,"Cid-Cerón, M.M.| Guzmán-Hernández, D.S.| Ramírez-Silva, M.T.| Galano, A.| Romero-Romo, M.| Palomar-Pardavé, M.",Universidad Autónoma Metropolitana| Universidad Autonoma del Estado de Hidalgo,Mexico,0
6603801645,6603801645,Aluminum electrochemical nucleation and growth onto a glassy carbon electrode from a deep eutectic solvent,"Rodríguez-Clemente, E.| Manh, T.L.| Guinto-Pano, C.E.| Romero-Romo, M.| Mejía-Caballero, I.| Morales-Gil, P.| Palacios-González, E.| Ramírez-Silva, M.T.| Palomar-Pardavé, M.",9.0,54881302600| 57205572924| 57207855568| 6602576873| 56182243500| 56117026900| 55506080000| 6603801645| 6603788018,2019.0,2019-01-01,Journal of the Electrochemical Society,166,1,D3035-D3041,-,ISSN-00134651,25169.0,Journal,Electrochemical Society Inc.,English,1.02,30,5.8,12,1.153,11,2.6,83.0,37.0,1.33,13.55,13.0,22.0,0.0,0.0,"Rodríguez-Clemente, E., Manh, T.L., Guinto-Pano, C.E. and 6 more (...) (2019).Aluminum electrochemical nucleation and growth onto a glassy carbon electrode from a deep eutectic solvent. Journal of the Electrochemical Society,166(1) D3035-D3041",https://www.scopus.com/record/display.url?eid=2-s2.0-85063092695&origin=resultslist,10.1149/2.0051901jes,Article,Hybrid gold,2-s2.0-85063092695,-,Universidad Autónoma Metropolitana| Instituto Politécnico Nacional| Instituto Mexicano del Petroleo,505017| 505011| 505005,Academic| Government,3.0,60023193| 60006489| 60019176| 60019271| 60028381,Universidad Autónoma Metropolitana - Azcapotzalco| Escuela Superior de Ingenieria Quimica e Industrias Extractivas| Instituto Politécnico Nacional| Instituto Mexicano Del Petroleo| Universidad Autónoma Metropolitana -Unidad Iztapalapa,54881302600,6603788018,-,-,Mexico,1.0,1603| 2105| 2504| 2505| 2508| 3104,"Electrochemistry| Renewable Energy, Sustainability and the Environment| Electronic, Optical and Magnetic Materials| Materials Chemistry| Surfaces, Coatings and Films| Condensed Matter Physics",4| 2,Natural Sciences| Engineering & Technology,409| 439| 433| 221,Chemistry| Physics & Astronomy| Materials Science| Engineering - Electrical & Electronic,36| 37,Engineering| Physical Sciences,40| 34,Engineering| Chemical Sciences,4016| 3406,Materials engineering| Physical chemistry,-,Ionic Liquids in Catalysis and Extraction Processes,424,80.052,Electrodeposition Techniques in Ionic Liquid Systems,13603,73.162,Very Good,2019.0,37.0,N/A,"Rodríguez-Clemente, E.| Manh, T.L.| Guinto-Pano, C.E.| Romero-Romo, M.| Mejía-Caballero, I.| Morales-Gil, P.| Palacios-González, E.| Ramírez-Silva, M.T.| Palomar-Pardavé, M.",Universidad Autónoma Metropolitana| Instituto Politécnico Nacional| Instituto Mexicano del Petroleo,Mexico,0
6603801645,6603801645,Quercetin spectrofluorometric quantification in aqueous media using different surfactants as fluorescence promoters,"Alva-Ensastegui, J.C.| Palomar-Pardavé, M.| Romero-Romo, M.| Ramírez-Silva, M.T.",4.0,57201295949| 6603788018| 6602576873| 6603801645,2018.0,2018-01-01,RSC Advances,8,20,10980-10986,-,ISSN-20462069,21100199840.0,Journal,Royal Society of Chemistry,English,0.8,43,6.5,11,0.807,19,1.4,46.0,36.0,0.54,12.92,15.0,45.0,0.0,0.0,"Alva-Ensastegui, J.C., Palomar-Pardavé, M., Romero-Romo, M. and 1 more (...) (2018).Quercetin spectrofluorometric quantification in aqueous media using different surfactants as fluorescence promoters. RSC Advances,8(20) 10980-10986",https://www.scopus.com/record/display.url?eid=2-s2.0-85044216075&origin=resultslist,10.1039/c8ra01213j,Article,Gold|Green,2-s2.0-85044216075,-,Universidad Autónoma Metropolitana,505017,Academic,1.0,60028381| 60023193,Universidad Autónoma Metropolitana -Unidad Iztapalapa| Universidad Autónoma Metropolitana - Azcapotzalco,57201295949,6603801645,6603801645,-,Mexico,1.0,1500| 1600,General Chemical Engineering| General Chemistry,4| 2,Natural Sciences| Engineering & Technology,219| 409,Engineering - Chemical| Chemistry,37| 36,Physical Sciences| Engineering,34,Chemical Sciences,-,-,-,Flavonoids and Their Impact on Health,124,91.825,Electrochemical Detection of Flavonoids Using Modified Sensors,31254,91.526,Defensible,2018.0,36.0,N/A,"Alva-Ensastegui, J.C.| Palomar-Pardavé, M.| Romero-Romo, M.| Ramírez-Silva, M.T.",Universidad Autónoma Metropolitana,Mexico,0
6603801645,6603801645,Electrochemical study and physicochemical characterization of iron nanoparticles electrodeposited onto HOPG from Fe(III) ions dissolved in the choline chloride-urea deep eutectic solvent,"Palomar-Pardavé, M.| Mostany, J.| Muñoz-Rizo, R.| Botello, L.E.| Aldana-González, J.| Arce-Estrada, E.M.| de Oca-Yemha, M.G.M.| Ramírez-Silva, M.T.| Romo, M.R.",9.0,6603788018| 57201663285| 57211003414| 57193007448| 55842149700| 8413430200| 55368334500| 6603801645| 24400015200,2019.0,2019-10-10,Journal of Electroanalytical Chemistry,851,-,-,113453,ISSN-15726657,9500154039.0,Journal,Elsevier B.V.,English,0.88,38,5.4,17,0.758,21,2.12,75.0,32.0,1.02,14.68,16.0,28.0,0.0,0.0,"Palomar-Pardavé, M., Mostany, J., Muñoz-Rizo, R. and 6 more (...) (2019).Electrochemical study and physicochemical characterization of iron nanoparticles electrodeposited onto HOPG from Fe(III) ions dissolved in the choline chloride-urea deep eutectic solvent. Journal of Electroanalytical Chemistry,851",https://www.scopus.com/record/display.url?eid=2-s2.0-85072165430&origin=resultslist,10.1016/j.jelechem.2019.113453,Article,,2-s2.0-85072165430,-,Universidad Simón Bolívar| Universidad Autónoma Metropolitana| Instituto Politécnico Nacional,607005| 505017| 505011,Academic,3.0,60023193| 60026438| 60006489| 60019176| 60028381,Universidad Autónoma Metropolitana - Azcapotzalco| Universidad Simón Bolívar| Escuela Superior de Ingenieria Quimica e Industrias Extractivas| Instituto Politécnico Nacional| Universidad Autónoma Metropolitana -Unidad Iztapalapa,6603788018,24400015200,6603788018,-,Mexico| Venezuela,2.0,1500| 1602| 1603,General Chemical Engineering| Analytical Chemistry| Electrochemistry,2| 4,Engineering & Technology| Natural Sciences,409| 219,Chemistry| Engineering - Chemical,37| 36,Physical Sciences| Engineering,34,Chemical Sciences,3401| 3406,Analytical chemistry| Physical chemistry,-,Electrodeposition Techniques for Enhanced Coating Properties,1019,29.627,Electrodeposition Techniques Using Deep Eutectic Solvents,37849,89.238,Very Good,2019.0,32.0,N/A,"Palomar-Pardavé, M.| Mostany, J.| Muñoz-Rizo, R.| Botello, L.E.| Aldana-González, J.| Arce-Estrada, E.M.| de Oca-Yemha, M.G.M.| Ramírez-Silva, M.T.| Romo, M.R.",Universidad Simón Bolívar| Universidad Autónoma Metropolitana| Instituto Politécnico Nacional,Mexico| Venezuela,0
6603801645,6603801645,A deep eutectic solvent as leaching agent and electrolytic bath for silver recovery from spent silver oxide batteries,"Sánchez-Ortiz, W.| Aldana-González, J.| Manh, T.L.| Romero-Romo, M.| Mejía-Caballero, I.| Ramírez-Silva, M.T.| Arce-Estrada, E.M.| Mugica-Álvarez, V.| Palomar-Pardavé, M.",9.0,56492999600| 55842149700| 59454693800| 6602576873| 56182243500| 6603801645| 8413430200| 57204835583| 6603788018,2021.0,2021-01-01,Journal of the Electrochemical Society,168,1,-,016508,ISSN-00134651,25169.0,Journal,IOP Publishing Ltd,English,0.94,35,7,16,1.066,12,2.16,58.0,30.0,1.38,14.51,13.0,20.0,0.0,0.0,"Sánchez-Ortiz, W., Aldana-González, J., Manh, T.L. and 6 more (...) (2021).A deep eutectic solvent as leaching agent and electrolytic bath for silver recovery from spent silver oxide batteries. Journal of the Electrochemical Society,168(1) ",https://www.scopus.com/record/display.url?eid=2-s2.0-85099884937&origin=resultslist,10.1149/1945-7111/abdb01,Article,Hybrid gold,2-s2.0-85099884937,-,Phenikaa University| Universidad Autónoma Metropolitana| Instituto Politécnico Nacional,716231| 505017| 505011,Academic,3.0,60023193| 60006489| 60019176| 60112782| 60028381,Universidad Autónoma Metropolitana - Azcapotzalco| Escuela Superior de Ingenieria Quimica e Industrias Extractivas| Instituto Politécnico Nacional| Phenikaa University| Universidad Autónoma Metropolitana -Unidad Iztapalapa,56492999600,6603788018,6603788018,-,Mexico| Viet Nam,2.0,1603| 2105| 2504| 2505| 2508| 3104,"Electrochemistry| Renewable Energy, Sustainability and the Environment| Electronic, Optical and Magnetic Materials| Materials Chemistry| Surfaces, Coatings and Films| Condensed Matter Physics",4| 2,Natural Sciences| Engineering & Technology,439| 433| 221| 409,Physics & Astronomy| Materials Science| Engineering - Electrical & Electronic| Chemistry,37| 36,Physical Sciences| Engineering,34| 40,Chemical Sciences| Engineering,4016| 3406,Materials engineering| Physical chemistry,-,Electrodeposition Techniques for Enhanced Coating Properties,1019,29.627,Electrodeposition Techniques Using Deep Eutectic Solvents,37849,89.238,Defensible,2021.0,30.0,N/A,"Sánchez-Ortiz, W.| Aldana-González, J.| Manh, T.L.| Romero-Romo, M.| Mejía-Caballero, I.| Ramírez-Silva, M.T.| Arce-Estrada, E.M.| Mugica-Álvarez, V.| Palomar-Pardavé, M.",Phenikaa University| Universidad Autónoma Metropolitana| Instituto Politécnico Nacional,Mexico| Viet Nam,0
6603801645,6603801645,New insights on the chemical stability of curcumin in aqueous media at different pH: Influence of the experimental conditions,"Martínez-Guerra, J.| Palomar-Pardavé, M.| Romero-Romo, M.| Corona-Avendaño, S.| Rojas-Hernández, A.| Ramírez-Silva, M.T.",6.0,57209586150| 6603788018| 6602576873| 6507494250| 7004253053| 6603801645,2016.0,2016-06-01,International Journal of Electrochemical Science,14,6,5373-5385,-,ISSN-14523981,19200156944.0,Journal,Electrochemical Science Group,English,0.82,39,3.1,57,0.426,57,0.06,32.0,29.0,0.0,12.35,20.0,71.0,0.0,0.0,"Martínez-Guerra, J., Palomar-Pardavé, M., Romero-Romo, M. and 3 more (...) (2016).New insights on the chemical stability of curcumin in aqueous media at different pH: Influence of the experimental conditions. International Journal of Electrochemical Science,14(6) 5373-5385",https://www.scopus.com/record/display.url?eid=2-s2.0-85068167884&origin=resultslist,10.20964/2019.06.24,Article,Gold|Green,2-s2.0-85068167884,-,Universidad Autónoma Metropolitana,505017,Academic,1.0,60028381| 60023193,Universidad Autónoma Metropolitana -Unidad Iztapalapa| Universidad Autónoma Metropolitana - Azcapotzalco,57209586150,6603801645,-,-,Mexico,1.0,1603,Electrochemistry,4,Natural Sciences,409,Chemistry,37,Physical Sciences,34,Chemical Sciences,3401| 3406,Analytical chemistry| Physical chemistry,-,Flavonoids and Their Impact on Health,124,91.825,Curcumin's Multifaceted Impact on Cancer Therapy,140,99.494,Definitive,2016.0,29.0,N/A,"Martínez-Guerra, J.| Palomar-Pardavé, M.| Romero-Romo, M.| Corona-Avendaño, S.| Rojas-Hernández, A.| Ramírez-Silva, M.T.",Universidad Autónoma Metropolitana,Mexico,0
6603801645,6603801645,New insights on the spectrophotometric determination of melatonin pKa values and melatonin-βCD inclusion complex formation constant,"Zafra-Roldán, A.| Corona-Avendaño, S.| Montes-Sánchez, R.| Palomar-Pardavé, M.| Romero-Romo, M.| Ramírez-Silva, M.T.",6.0,35197714700| 6507494250| 57195770441| 6603788018| 6602576873| 6603801645,2018.0,2018-02-05,Spectrochimica Acta - Part A: Molecular and Biomolecular Spectroscopy,190,-,442-449,-,ISSN-13861425,24530.0,Journal,Elsevier B.V.,English,1.1,25,6,7,0.574,35,2.78,102.0,27.0,0.94,10.64,20.0,31.0,0.0,0.0,"Zafra-Roldán, A., Corona-Avendaño, S., Montes-Sánchez, R. and 3 more (...) (2018).New insights on the spectrophotometric determination of melatonin pKa values and melatonin-βCD inclusion complex formation constant. Spectrochimica Acta - Part A: Molecular and Biomolecular Spectroscopy,190442-449",https://www.scopus.com/record/display.url?eid=2-s2.0-85029817000&origin=resultslist,10.1016/j.saa.2017.09.042,Article,,2-s2.0-85029817000,28961528,Universidad Autónoma Metropolitana,505017,Academic,1.0,60023193| 60028381,Universidad Autónoma Metropolitana - Azcapotzalco| Universidad Autónoma Metropolitana -Unidad Iztapalapa,35197714700,6603801645,6507494250,-,Mexico,1.0,1602| 1607| 3105| 3107,"Analytical Chemistry| Spectroscopy| Instrumentation| Atomic and Molecular Physics, and Optics",4,Natural Sciences,439| 409,Physics & Astronomy| Chemistry,37,Physical Sciences,34,Chemical Sciences,3406| 3401| 3403,Physical chemistry| Analytical chemistry| Macromolecular and materials chemistry,-,Melatonin's Influence on Circadian Rhythms and Stress Response,232,84.565,Electrochemical Methods for Melatonin Detection,63215,71.628,Defensible,2018.0,27.0,N/A,"Zafra-Roldán, A.| Corona-Avendaño, S.| Montes-Sánchez, R.| Palomar-Pardavé, M.| Romero-Romo, M.| Ramírez-Silva, M.T.",Universidad Autónoma Metropolitana,Mexico,0
6603801645,6603801645,"Mechanism and Kinetics of Palladium Nanoparticles Electrochemical Formation onto Glassy Carbon, from a Deep Eutectic Solvent (Reline)","Juárez-Marmolejo, L.| Maldonado-Teodocio, B.| Montes De Oca-Yemha, M.G.| Romero-Romo, M.| Ramírez-Silva, M.T.| Arce-Estrada, E.M.| Morales-Gil, P.| Mostany, J.| Palomar-Pardavé, M.",9.0,57204944845| 57216796803| 24399524500| 6602576873| 6603801645| 8413430200| 56117026900| 57201663285| 6603788018,2020.0,2020-05-14,Journal of Physical Chemistry B,124,19,3973-3983,-,ISSN-15206106,26970.0,Journal,American Chemical Society,English,0.91,37,5.1,21,0.864,17,2.26,63.0,26.0,0.98,13.2,19.0,28.0,0.0,0.0,"Juárez-Marmolejo, L., Maldonado-Teodocio, B., Montes De Oca-Yemha, M.G. and 6 more (...) (2020).Mechanism and Kinetics of Palladium Nanoparticles Electrochemical Formation onto Glassy Carbon, from a Deep Eutectic Solvent (Reline). Journal of Physical Chemistry B,124(19) 3973-3983",https://www.scopus.com/record/display.url?eid=2-s2.0-85084695331&origin=resultslist,10.1021/acs.jpcb.0c01014,Article,,2-s2.0-85084695331,32309944,Universidad Autónoma Metropolitana| Instituto Politécnico Nacional| Instituto Mexicano del Petroleo,505017| 505011| 505005,Academic| Government,3.0,60023193| 60028381| 60006489| 60019176| 60019271| 60043688,Universidad Autónoma Metropolitana - Azcapotzalco| Universidad Autónoma Metropolitana -Unidad Iztapalapa| Escuela Superior de Ingenieria Quimica e Industrias Extractivas| Instituto Politécnico Nacional| Instituto Mexicano Del Petroleo| Universidad Nacional Experimental Simon Rodriuez,57204944845,6603788018,24399524500,-,Mexico| Venezuela,2.0,1606| 2505| 2508,"Physical and Theoretical Chemistry| Materials Chemistry| Surfaces, Coatings and Films",4| 2,Natural Sciences| Engineering & Technology,433| 249| 409,Materials Science| Engineering - Petroleum| Chemistry,36| 37,Engineering| Physical Sciences,34| 51| 40,Chemical Sciences| Physical Sciences| Engineering,-,-,-,Electrodeposition Techniques for Enhanced Coating Properties,1019,29.627,Electrodeposition Mechanisms in Nanostructured Materials,15817,78.905,Defensible,2020.0,26.0,N/A,"Juárez-Marmolejo, L.| Maldonado-Teodocio, B.| Montes De Oca-Yemha, M.G.| Romero-Romo, M.| Ramírez-Silva, M.T.| Arce-Estrada, E.M.| Morales-Gil, P.| Mostany, J.| Palomar-Pardavé, M.",Universidad Autónoma Metropolitana| Instituto Politécnico Nacional| Instituto Mexicano del Petroleo,Mexico| Venezuela,0
6603801645,6603801645,Electrochemical quantification of the electro-active surface area of Au nanoparticles supported onto an ITO electrode by means of Cu upd,"Aldana-González, J.| Olvera-García, J.| Montes De Oca, M.G.| Romero-Romo, M.| Ramírez-Silva, M.T.| Palomar-Pardavé, M.",6.0,55842149700| 37122426800| 24399524500| 6602576873| 6603801645| 6603788018,2015.0,2015-05-10,Electrochemistry Communications,56,-,70-74,-,ISSN-13882481,25180.0,Journal,Elsevier Inc.,English,1.19,20,8.9,9,1.628,11,1.5,81.0,25.0,0.32,12.54,24.0,54.0,0.0,0.0,"Aldana-González, J., Olvera-García, J., Montes De Oca, M.G. and 3 more (...) (2015).Electrochemical quantification of the electro-active surface area of Au nanoparticles supported onto an ITO electrode by means of Cu upd. Electrochemistry Communications,5670-74",https://www.scopus.com/record/display.url?eid=2-s2.0-84928941622&origin=resultslist,10.1016/j.elecom.2015.04.014,Article,Green,2-s2.0-84928941622,-,Universidad Autónoma Metropolitana,505017,Academic,1.0,60023193| 114805472| 60028381,Universidad Autónoma Metropolitana - Azcapotzalco| Universidad Tecnológica de México| Universidad Autónoma Metropolitana -Unidad Iztapalapa,55842149700,6603788018,6603788018,-,Mexico,1.0,1603,Electrochemistry,4,Natural Sciences,409,Chemistry,37,Physical Sciences,40| 34,Engineering| Chemical Sciences,-,-,-,Electrodeposition Techniques for Enhanced Coating Properties,1019,29.627,Electrodeposition Mechanisms in Nanostructured Materials,15817,78.905,Defensible,2015.0,25.0,N/A,"Aldana-González, J.| Olvera-García, J.| Montes De Oca, M.G.| Romero-Romo, M.| Ramírez-Silva, M.T.| Palomar-Pardavé, M.",Universidad Autónoma Metropolitana,Mexico,0
6603801645,6603801645,Electrochemical nucleation and growth of Cu onto Au nanoparticles supported on a Si (111) wafer electrode,"Romero-Romo, M.| Aldana-González, J.| Botello, L.E.| Montes de Oca, M.G.| Ramírez-Silva, M.T.| Corona-Avendaño, S.| Palomar-Pardavé, M.",7.0,6602576873| 55842149700| 57193007448| 24399524500| 6603801645| 6507494250| 6603788018,2017.0,2017-04-15,Journal of Electroanalytical Chemistry,791,-,1-7,-,ISSN-15726657,9500154039.0,Journal,Elsevier B.V.,English,0.84,39,4.7,17,0.765,22,1.72,69.0,25.0,0.67,12.02,22.0,39.0,0.0,0.0,"Romero-Romo, M., Aldana-González, J., Botello, L.E. and 4 more (...) (2017).Electrochemical nucleation and growth of Cu onto Au nanoparticles supported on a Si (111) wafer electrode. Journal of Electroanalytical Chemistry,7911-7",https://www.scopus.com/record/display.url?eid=2-s2.0-85014848672&origin=resultslist,10.1016/j.jelechem.2017.03.003,Article,,2-s2.0-85014848672,-,Universidad Autónoma Metropolitana,505017,Academic,1.0,60023193| 60028381,Universidad Autónoma Metropolitana - Azcapotzalco| Universidad Autónoma Metropolitana -Unidad Iztapalapa,6602576873,6603788018,6603788018,-,Mexico,1.0,1500| 1602| 1603,General Chemical Engineering| Analytical Chemistry| Electrochemistry,4| 2,Natural Sciences| Engineering & Technology,219| 409,Engineering - Chemical| Chemistry,36| 37,Engineering| Physical Sciences,34,Chemical Sciences,3401| 3406,Analytical chemistry| Physical chemistry,-,Electrodeposition Techniques for Enhanced Coating Properties,1019,29.627,Electrodeposition Mechanisms in Nanostructured Materials,15817,78.905,Very Good,2017.0,25.0,N/A,"Romero-Romo, M.| Aldana-González, J.| Botello, L.E.| Montes de Oca, M.G.| Ramírez-Silva, M.T.| Corona-Avendaño, S.| Palomar-Pardavé, M.",Universidad Autónoma Metropolitana,Mexico,0
6603801645,6603801645,Electrochemical nucleation and growth of Mn and Mn-Zn alloy from leached liquors of spent alkaline batteries using a deep eutectic solvent,"Aldana-González, J.| Sampayo-Garrido, A.| Montes De Oca-Yemha, M.G.| Sánchez, W.| Ramírez-Silva, M.T.| Arce-Estrada, E.M.| Romero-Romo, M.| Palomar-Pardavé, M.",8.0,55842149700| 57209195568| 24399524500| 57209197984| 6603801645| 8413430200| 6602576873| 6603788018,2019.0,2019-01-01,Journal of the Electrochemical Society,166,6,D199-D204,-,ISSN-00134651,25169.0,Journal,Electrochemical Society Inc.,English,1.02,30,5.8,12,1.153,11,1.54,54.0,23.0,0.77,14.23,22.0,36.0,0.0,0.0,"Aldana-González, J., Sampayo-Garrido, A., Montes De Oca-Yemha, M.G. and 5 more (...) (2019).Electrochemical nucleation and growth of Mn and Mn-Zn alloy from leached liquors of spent alkaline batteries using a deep eutectic solvent. Journal of the Electrochemical Society,166(6) D199-D204",https://www.scopus.com/record/display.url?eid=2-s2.0-85066815624&origin=resultslist,10.1149/2.0761906jes,Article,,2-s2.0-85066815624,-,Universidad Autónoma Metropolitana| Instituto Politécnico Nacional,505017| 505011,Academic,2.0,60023193| 60020223| 60019176| 60006489| 60028381,Universidad Autónoma Metropolitana - Azcapotzalco| Universidad Tecnológica de México| Instituto Politécnico Nacional| Escuela Superior de Ingenieria Quimica e Industrias Extractivas| Universidad Autónoma Metropolitana -Unidad Iztapalapa,55842149700,6603788018,-,-,Mexico,1.0,1603| 2105| 2504| 2505| 2508,"Electrochemistry| Renewable Energy, Sustainability and the Environment| Electronic, Optical and Magnetic Materials| Materials Chemistry| Surfaces, Coatings and Films",4| 2,Natural Sciences| Engineering & Technology,409| 433| 221,Chemistry| Materials Science| Engineering - Electrical & Electronic,36| 37,Engineering| Physical Sciences,34| 40,Chemical Sciences| Engineering,3406| 4016,Physical chemistry| Materials engineering,-,Electrodeposition Techniques for Enhanced Coating Properties,1019,29.627,Electrodeposition Techniques Using Deep Eutectic Solvents,37849,89.238,Very Good,2019.0,23.0,N/A,"Aldana-González, J.| Sampayo-Garrido, A.| Montes De Oca-Yemha, M.G.| Sánchez, W.| Ramírez-Silva, M.T.| Arce-Estrada, E.M.| Romero-Romo, M.| Palomar-Pardavé, M.",Universidad Autónoma Metropolitana| Instituto Politécnico Nacional,Mexico,0
6603801645,6603801645,"Novel electrochemical method to evaluate the antioxidant capacity of infusions and beverages, based on in situ formation of free superoxide radicals","Juárez-Gómez, J.| Ramírez-Silva, M.T.| Guzmán-Hernández, D.S.| Romero-Romo, M.| Palomar-Pardavé, M.",5.0,35758590500| 6603801645| 35195662800| 6602576873| 6603788018,2020.0,2020-12-01,Food Chemistry,332,-,-,127409,ISSN-03088146,24039.0,Journal,Elsevier Ltd,English,2.23,5,11.9,3,1.772,4,2.04,69.0,21.0,0.93,14.03,23.0,30.0,0.0,0.0,"Juárez-Gómez, J., Ramírez-Silva, M.T., Guzmán-Hernández, D.S. and 2 more (...) (2020).Novel electrochemical method to evaluate the antioxidant capacity of infusions and beverages, based on in situ formation of free superoxide radicals. Food Chemistry,332",https://www.scopus.com/record/display.url?eid=2-s2.0-85087000230&origin=resultslist,10.1016/j.foodchem.2020.127409,Article,,2-s2.0-85087000230,32615388,Universidad Autónoma Metropolitana,505017,Academic,1.0,60028381| 60023193,Universidad Autónoma Metropolitana -Unidad Iztapalapa| Universidad Autónoma Metropolitana - Azcapotzalco,35758590500,6603788018,6603801645,-,Mexico,1.0,1106| 1602,Food Science| Analytical Chemistry,5| 4,Life Sciences & Medicine| Natural Sciences,409| 502,Chemistry| Agriculture & Forestry,37| 32,Physical Sciences| Life Sciences,30,"Agricultural, Veterinary And Food Sciences",3006,Food sciences,-,Wearable Biosensors for Glucose and Hydrogen Peroxide Detection,634,82.472,Electrochemical Biosensors for Superoxide Detection,48822,67.319,Weak,2020.0,21.0,N/A,"Juárez-Gómez, J.| Ramírez-Silva, M.T.| Guzmán-Hernández, D.S.| Romero-Romo, M.| Palomar-Pardavé, M.",Universidad Autónoma Metropolitana,Mexico,0
6603801645,6603801645,Electrocatalytic oxidation of formic acid by palladium nanoparticles electrochemically synthesized from a deep eutectic solvent,"Juárez-Marmolejo, L.| Maldonado-Teodocio, B.| de Oca-Yemha, M.G.M.| Romero-Romo, M.| Arce-Estrada, E.M.| Ezeta-Mejía, A.| Ramírez-Silva, M.T.| Mostany, J.| Palomar-Pardavé, M.",9.0,57204944845| 57216796803| 55368334500| 6602576873| 8413430200| 55585038300| 6603801645| 57201663285| 6603788018,2022.0,2022-07-01,Catalysis Today,394-396,-,190-197,-,ISSN-09205861,16377.0,Journal,Elsevier B.V.,English,1.08,26,11.9,10,1.053,15,2.27,66.0,19.0,0.82,20.72,17.0,35.0,0.0,0.0,"Juárez-Marmolejo, L., Maldonado-Teodocio, B., de Oca-Yemha, M.G.M. and 6 more (...) (2022).Electrocatalytic oxidation of formic acid by palladium nanoparticles electrochemically synthesized from a deep eutectic solvent. Catalysis Today,394-396190-197",https://www.scopus.com/record/display.url?eid=2-s2.0-85118542468&origin=resultslist,10.1016/j.cattod.2021.10.012,Article,,2-s2.0-85118542468,-,Universidad Simón Bolívar| Universidad Autónoma Metropolitana| Instituto Politécnico Nacional,607005| 505017| 505011,Academic,3.0,60023193| 60006489| 60019176| 60028381| 60026438,Universidad Autónoma Metropolitana - Azcapotzalco| Escuela Superior de Ingenieria Quimica e Industrias Extractivas| Instituto Politécnico Nacional| Universidad Autónoma Metropolitana -Unidad Iztapalapa| Universidad Simón Bolívar,57204944845,6603788018,6603788018,-,Mexico| Venezuela,2.0,1503| 1600,Catalysis| General Chemistry,2| 4,Engineering & Technology| Natural Sciences,249| 219| 409,Engineering - Petroleum| Engineering - Chemical| Chemistry,37| 36,Physical Sciences| Engineering,34| 40,Chemical Sciences| Engineering,-,-,-,Fuel Cells and Polymer Electrolytes,79,97.646,Catalytic Innovations in Formic Acid Fuel Cells,13583,92.101,Very Good,2022.0,19.0,N/A,"Juárez-Marmolejo, L.| Maldonado-Teodocio, B.| de Oca-Yemha, M.G.M.| Romero-Romo, M.| Arce-Estrada, E.M.| Ezeta-Mejía, A.| Ramírez-Silva, M.T.| Mostany, J.| Palomar-Pardavé, M.",Universidad Simón Bolívar| Universidad Autónoma Metropolitana| Instituto Politécnico Nacional,Mexico| Venezuela,0
6603801645,6603801645,"Ion-selective electrodes for mercury determination at low concentrations: construction, optimization and application","Juárez-Gómez, J.| Ramírez-Silva, M.T.| Romero-Romo, M.| Rodríguez-Sevilla, E.| Pérez-García, F.| Palomar-Pardavé, M.",6.0,35758590500| 6603801645| 6602576873| 56483270800| 15048540400| 6603788018,2016.0,2016-01-01,Journal of the Electrochemical Society,163,3,B90-B96,-,ISSN-00134651,25169.0,Journal,Electrochemical Society Inc.,English,0.99,29,5.5,10,1.222,8,3.02,100.0,18.0,0.61,11.45,29.0,42.0,0.0,0.0,"Juárez-Gómez, J., Ramírez-Silva, M.T., Romero-Romo, M. and 3 more (...) (2016).Ion-selective electrodes for mercury determination at low concentrations: construction, optimization and application. Journal of the Electrochemical Society,163(3) B90-B96",https://www.scopus.com/record/display.url?eid=2-s2.0-84955472321&origin=resultslist,10.1149/2.0621603jes,Article,,2-s2.0-84955472321,-,Universidad Autónoma Metropolitana| Universidad Autonoma del Estado de Mexico| Universidad Nacional Autónoma de México,505017| 505051| 505023,Academic,3.0,60028381| 60002281| 60175860| 60023193| 108113083,Universidad Autónoma Metropolitana -Unidad Iztapalapa| Universidad Autónoma del Estado de México| Centro Conjunto de Investigación en Química Sustentable UAEM-UNAM| Universidad Autónoma Metropolitana - Azcapotzalco| Universidad Tecnológica de Tula-Tepeji,35758590500,6603788018,-,-,Mexico,1.0,1603| 2105| 2504| 2505| 2508,"Electrochemistry| Renewable Energy, Sustainability and the Environment| Electronic, Optical and Magnetic Materials| Materials Chemistry| Surfaces, Coatings and Films",2| 4,Engineering & Technology| Natural Sciences,433| 221| 409,Materials Science| Engineering - Electrical & Electronic| Chemistry,36| 37,Engineering| Physical Sciences,34| 40,Chemical Sciences| Engineering,4016| 3406,Materials engineering| Physical chemistry,-,Innovative Methods for Dye Removal and Analysis,470,77.894,Ion-Selective Electrodes for Metal Detection,3356,84.236,Definitive,2016.0,18.0,N/A,"Juárez-Gómez, J.| Ramírez-Silva, M.T.| Romero-Romo, M.| Rodríguez-Sevilla, E.| Pérez-García, F.| Palomar-Pardavé, M.",Universidad Autónoma Metropolitana| Universidad Autonoma del Estado de Mexico| Universidad Nacional Autónoma de México,Mexico,0
6603801645,6603801645,"Effective mercury(II) bioremoval from aqueous solution, and its electrochemical determination","Balderas-Hernández, P.| Roa-Morales, G.| Ramírez-Silva, M.T.| Romero-Romo, M.| Rodríguez-Sevilla, E.| Esparza-Schulz, J.M.| Juárez-Gómez, J.",7.0,6506479802| 7801436463| 6603801645| 6602576873| 56483270800| 55856922200| 35758590500,2017.0,2017-01-01,Chemosphere,167,-,314-321,-,ISSN-00456535,24657.0,Journal,Elsevier Ltd,English,1.48,12,6.4,10,1.435,12,2.81,125.0,16.0,0.74,13.51,32.0,37.0,0.0,0.0,"Balderas-Hernández, P., Roa-Morales, G., Ramírez-Silva, M.T. and 4 more (...) (2017).Effective mercury(II) bioremoval from aqueous solution, and its electrochemical determination. Chemosphere,167314-321",https://www.scopus.com/record/display.url?eid=2-s2.0-84991246974&origin=resultslist,10.1016/j.chemosphere.2016.10.009,Article,,2-s2.0-84991246974,27732923,Universidad Autónoma Metropolitana| Universidad Autonoma del Estado de Mexico| Universidad Nacional Autónoma de México,505017| 505051| 505023,Academic,3.0,60175860| 60002281| 60028381| 60023193| 60032442,Centro Conjunto de Investigación en Química Sustentable UAEM-UNAM| Universidad Autónoma del Estado de México| Universidad Autónoma Metropolitana -Unidad Iztapalapa| Universidad Autónoma Metropolitana - Azcapotzalco| Universidad Nacional Autónoma de México,6506479802,35758590500,35758590500,-,Mexico,1.0,1600| 2304| 2305| 2307| 2310,"General Chemistry| Environmental Chemistry| Environmental Engineering| Health, Toxicology and Mutagenesis| Pollution",3| 2| 4| 5,Social Sciences & Management| Engineering & Technology| Natural Sciences| Life Sciences & Medicine,409| 249| 424,Chemistry| Engineering - Petroleum| Environmental Sciences,34| 37,Medical and Health| Physical Sciences,MD,Multidisciplinary,MD,Multidisciplinary,SDG 6,Adsorption Mechanisms for Metal Ion Removal,54,98.234,Biosorption Mechanisms for Heavy Metal Removal,89,99.148,Defensible,2017.0,16.0,N/A,"Balderas-Hernández, P.| Roa-Morales, G.| Ramírez-Silva, M.T.| Romero-Romo, M.| Rodríguez-Sevilla, E.| Esparza-Schulz, J.M.| Juárez-Gómez, J.",Universidad Autónoma Metropolitana| Universidad Autonoma del Estado de Mexico| Universidad Nacional Autónoma de México,Mexico,0
6603801645,6603801645,Spectro-electrochemical characterization and quantification of Rutin in aqueous media,"Guzmán-Hernández, D.S.| Palomar-Pardavé, M.| Sánchez-Pérez, F.| Juárez-Gómez, J.| Corona-Avendaño, S.| Romero-Romo, M.| Ramírez-Silva, M.T.",7.0,35195662800| 6603788018| 57214720409| 35758590500| 6507494250| 6602576873| 6603801645,2020.0,2020-03-05,Spectrochimica Acta - Part A: Molecular and Biomolecular Spectroscopy,228,-,-,117814,ISSN-13861425,24530.0,Journal,Elsevier B.V.,English,1.09,27,5.8,9,0.606,31,2.09,51.0,15.0,0.41,12.21,31.0,51.0,0.0,0.0,"Guzmán-Hernández, D.S., Palomar-Pardavé, M., Sánchez-Pérez, F. and 4 more (...) (2020).Spectro-electrochemical characterization and quantification of Rutin in aqueous media. Spectrochimica Acta - Part A: Molecular and Biomolecular Spectroscopy,228",https://www.scopus.com/record/display.url?eid=2-s2.0-85079013676&origin=resultslist,10.1016/j.saa.2019.117814,Article,,2-s2.0-85079013676,31780308,Consejo Nacional de Ciencia y Tecnologia Mexico| Universidad Autónoma Metropolitana,704696| 505017,Government| Academic,2.0,60027998| 60028381| 60023193,"Secretaría de Ciencia, Humanidades, Tecnología e Innovación| Universidad Autónoma Metropolitana -Unidad Iztapalapa| Universidad Autónoma Metropolitana - Azcapotzalco",35195662800,6603801645,6603801645,-,Mexico,1.0,1602| 1607| 3105| 3107,"Analytical Chemistry| Spectroscopy| Instrumentation| Atomic and Molecular Physics, and Optics",4,Natural Sciences,409| 439,Chemistry| Physics & Astronomy,37,Physical Sciences,34,Chemical Sciences,3406| 3403| 3401,Physical chemistry| Macromolecular and materials chemistry| Analytical chemistry,-,Flavonoids and Their Impact on Health,124,91.825,Electrochemical Detection of Flavonoids Using Modified Sensors,31254,91.526,Defensible,2020.0,15.0,N/A,"Guzmán-Hernández, D.S.| Palomar-Pardavé, M.| Sánchez-Pérez, F.| Juárez-Gómez, J.| Corona-Avendaño, S.| Romero-Romo, M.| Ramírez-Silva, M.T.",Consejo Nacional de Ciencia y Tecnologia Mexico| Universidad Autónoma Metropolitana,Mexico,0
6603801645,6603801645,Electrochemical Deposition of Pd@Pd(OH)2Core-Shell Nanoparticles onto Glassy Carbon from a Deep Eutectic Solvent (Reline) and their Use as Electrocatalyst for the Methanol Oxidation Reaction,"Juárez-Marmolejo, L.| Maldonado-Teodocio, B.| Montes De Oca-Yemha, M.G.| Romero-Romo, M.| Ramírez-Silva, M.T.| Arce-Estrada, E.M.| Morales-Gil, P.| Mostany, J.| Palomar-Pardavé, M.",9.0,57204944845| 57216796803| 24399524500| 6602576873| 6603801645| 8413430200| 56117026900| 57201663285| 6603788018,2020.0,2020-01-08,Journal of the Electrochemical Society,167,11,-,112509,ISSN-00134651,25169.0,Journal,IOP Publishing Ltd,English,1,32,6.6,13,1.258,10,0.95,30.0,15.0,0.28,14.36,31.0,60.0,0.0,0.0,"Juárez-Marmolejo, L., Maldonado-Teodocio, B., Montes De Oca-Yemha, M.G. and 6 more (...) (2020).Electrochemical Deposition of Pd@Pd(OH)2Core-Shell Nanoparticles onto Glassy Carbon from a Deep Eutectic Solvent (Reline) and their Use as Electrocatalyst for the Methanol Oxidation Reaction. Journal of the Electrochemical Society,167(11) ",https://www.scopus.com/record/display.url?eid=2-s2.0-85094955625&origin=resultslist,10.1149/1945-7111/aba7d9,Article,,2-s2.0-85094955625,-,Universidad Simón Bolívar| Universidad Autónoma Metropolitana| Instituto Politécnico Nacional| Instituto Mexicano del Petroleo,607005| 505017| 505011| 505005,Government| Academic,4.0,60023193| 60028381| 60019176| 60006489| 60019271| 60026438,Universidad Autónoma Metropolitana - Azcapotzalco| Universidad Autónoma Metropolitana -Unidad Iztapalapa| Instituto Politécnico Nacional| Escuela Superior de Ingenieria Quimica e Industrias Extractivas| Instituto Mexicano Del Petroleo| Universidad Simón Bolívar,57204944845,6603788018,24399524500,-,Mexico| Venezuela,2.0,1603| 2105| 2504| 2505| 2508| 3104,"Electrochemistry| Renewable Energy, Sustainability and the Environment| Electronic, Optical and Magnetic Materials| Materials Chemistry| Surfaces, Coatings and Films| Condensed Matter Physics",4| 2,Natural Sciences| Engineering & Technology,439| 433| 409| 221,Physics & Astronomy| Materials Science| Chemistry| Engineering - Electrical & Electronic,37| 36,Physical Sciences| Engineering,40| 34,Engineering| Chemical Sciences,3406| 4016,Physical chemistry| Materials engineering,-,Fuel Cells and Polymer Electrolytes,79,97.646,Catalytic Nanoparticles for Enhanced Fuel Cell Performance,1035,99.459,Very Good,2020.0,15.0,N/A,"Juárez-Marmolejo, L.| Maldonado-Teodocio, B.| Montes De Oca-Yemha, M.G.| Romero-Romo, M.| Ramírez-Silva, M.T.| Arce-Estrada, E.M.| Morales-Gil, P.| Mostany, J.| Palomar-Pardavé, M.",Universidad Simón Bolívar| Universidad Autónoma Metropolitana| Instituto Politécnico Nacional| Instituto Mexicano del Petroleo,Mexico| Venezuela,0
6603801645,6603801645,Electrochemical nucleation and growth of aluminum nanoparticles and leaf-like flat microstructures from reline deep eutectic solvent: Effect of temperature and angular speed of working electrode,"VIDAL-GARCÍA, G.| GUINTO-PANO, C.E.| GARCÍA-HERNÁNDEZ, I.| RODRÍGUEZ-CLEMENTE, E.| MORALES-GIL, P.| RAMÍREZ-SILVA, M.T.| ROMERO-ROMO, M.| PALOMAR-PARDAVÉ, M.",8.0,57578398400| 57207855568| 57577509900| 54881302600| 56117026900| 6603801645| 6602576873| 6603788018,2022.0,2022-03-01,Transactions of Nonferrous Metals Society of China (English Edition),32,3,1050-1060,-,ISSN-10036326,27854.0,Journal,Nonferrous Metals Society of China,English,1.45,14,6.5,17,0.875,14,0.92,19.0,15.0,0.99,12.16,21.0,29.0,0.0,0.0,"VIDAL-GARCÍA, G., GUINTO-PANO, C.E., GARCÍA-HERNÁNDEZ, I. and 5 more (...) (2022).Electrochemical nucleation and growth of aluminum nanoparticles and leaf-like flat microstructures from reline deep eutectic solvent: Effect of temperature and angular speed of working electrode. Transactions of Nonferrous Metals Society of China (English Edition),32(3) 1050-1060",https://www.scopus.com/record/display.url?eid=2-s2.0-85128336849&origin=resultslist,10.1016/S1003-6326(22)65854-0,Article,Gold,2-s2.0-85128336849,-,Universidad Autónoma Metropolitana| Instituto Mexicano del Petroleo,505017| 505005,Government| Academic,2.0,60023193| 60019271| 60028381,Universidad Autónoma Metropolitana - Azcapotzalco| Instituto Mexicano Del Petroleo| Universidad Autónoma Metropolitana -Unidad Iztapalapa,57578398400,6603788018,6603788018,-,Mexico,1.0,1909| 2505| 2506| 3104,Geotechnical Engineering and Engineering Geology| Materials Chemistry| Metals and Alloys| Condensed Matter Physics,2| 4,Engineering & Technology| Natural Sciences,247| 249| 416| 433| 439| 451| 450,Engineering - Mineral & Mining| Engineering - Petroleum| Earth & Marine Sciences| Materials Science| Physics & Astronomy| Geophysics| Geology,37| 36,Physical Sciences| Engineering,40,Engineering,4016| 4019| 4017,Materials engineering| Resources engineering and extractive metallurgy| Mechanical engineering,-,Ionic Liquids in Catalysis and Extraction Processes,424,80.052,Electrodeposition Techniques in Ionic Liquid Systems,13603,73.162,Very Good,2022.0,15.0,N/A,"VIDAL-GARCÍA, G.| GUINTO-PANO, C.E.| GARCÍA-HERNÁNDEZ, I.| RODRÍGUEZ-CLEMENTE, E.| MORALES-GIL, P.| RAMÍREZ-SILVA, M.T.| ROMERO-ROMO, M.| PALOMAR-PARDAVÉ, M.",Universidad Autónoma Metropolitana| Instituto Mexicano del Petroleo,Mexico,0
6603801645,6603801645,"Simultaneous electrochemical quantification of naproxen, acetaminophen and diclofenac using a bare carbon paste electrode","Guzmán-Hernández, D.S.| Martínez-Cruz, M.A.| Ramírez-Silva, M.T.| Romero-Romo, M.| Corona-Avendaño, S.| Mendoza-Huizar, L.H.| Palomar-Pardavé, M.",7.0,35195662800| 57191961664| 6603801645| 6602576873| 6507494250| 6507875400| 6603788018,2016.0,2016-11-28,Analytical Methods,8,44,7868-7872,-,ISSN-17599660,19700175229.0,Journal,Royal Society of Chemistry,English,0.64,52,3.3,16,0.595,19,1.72,83.0,13.0,0.4,7.46,36.0,51.0,0.0,0.0,"Guzmán-Hernández, D.S., Martínez-Cruz, M.A., Ramírez-Silva, M.T. and 4 more (...) (2016).Simultaneous electrochemical quantification of naproxen, acetaminophen and diclofenac using a bare carbon paste electrode. Analytical Methods,8(44) 7868-7872",https://www.scopus.com/record/display.url?eid=2-s2.0-84995480743&origin=resultslist,10.1039/c6ay02691e,Article,,2-s2.0-84995480743,-,Consejo Nacional de Ciencia y Tecnologia Mexico| Universidad Autónoma Metropolitana| Universidad Autonoma del Estado de Hidalgo,704696| 505017| 505050,Academic| Government,3.0,60027998| 60028381| 60023193| 60027135,"Secretaría de Ciencia, Humanidades, Tecnología e Innovación| Universidad Autónoma Metropolitana -Unidad Iztapalapa| Universidad Autónoma Metropolitana - Azcapotzalco| Universidad Autónoma del Estado de Hidalgo",35195662800,6603788018,6603801645,-,Mexico,1.0,1500| 1602| 2200,General Chemical Engineering| Analytical Chemistry| General Engineering,4| 2,Natural Sciences| Engineering & Technology,219| 409,Engineering - Chemical| Chemistry,36| 37,Engineering| Physical Sciences,34| 40,Chemical Sciences| Engineering,3401| 4004,Analytical chemistry| Chemical engineering,-,Electrochemical Sensors and Molecular Imprinting Techniques,718,81.949,Electrochemical Detection Methods for Diclofenac Analysis,41294,74.616,Defensible,2016.0,13.0,N/A,"Guzmán-Hernández, D.S.| Martínez-Cruz, M.A.| Ramírez-Silva, M.T.| Romero-Romo, M.| Corona-Avendaño, S.| Mendoza-Huizar, L.H.| Palomar-Pardavé, M.",Consejo Nacional de Ciencia y Tecnologia Mexico| Universidad Autónoma Metropolitana| Universidad Autonoma del Estado de Hidalgo,Mexico,0
6603801645,6603801645,Quinizarin characterization and quantification in aqueous media using UV-VIS spectrophotometry and cyclic voltammetry,"Rivas-Sánchez, A.K.| Guzmán-Hernández, D.S.| Ramírez-Silva, M.T.| Romero-Romo, M.| Palomar-Pardavé, M.",5.0,57218602328| 35195662800| 6603801645| 6602576873| 6603788018,2021.0,2021-01-01,Dyes and Pigments,184,-,-,108641,ISSN-01437208,23502.0,Journal,Elsevier Ltd,English,0.88,39,8.1,12,0.699,24,1.52,71.0,13.0,0.53,15.09,30.0,46.0,0.0,0.0,"Rivas-Sánchez, A.K., Guzmán-Hernández, D.S., Ramírez-Silva, M.T. and 2 more (...) (2021).Quinizarin characterization and quantification in aqueous media using UV-VIS spectrophotometry and cyclic voltammetry. Dyes and Pigments,184",https://www.scopus.com/record/display.url?eid=2-s2.0-85089741407&origin=resultslist,10.1016/j.dyepig.2020.108641,Article,,2-s2.0-85089741407,-,Consejo Nacional de Ciencia y Tecnologia Mexico| Universidad Autónoma Metropolitana,704696| 505017,Government| Academic,2.0,60028381| 60027998| 60023193,"Universidad Autónoma Metropolitana -Unidad Iztapalapa| Secretaría de Ciencia, Humanidades, Tecnología e Innovación| Universidad Autónoma Metropolitana - Azcapotzalco",57218602328,6603788018,6603801645,-,Mexico,1.0,1500| 1508,General Chemical Engineering| Process Chemistry and Technology,2,Engineering & Technology,219| 249,Engineering - Chemical| Engineering - Petroleum,36,Engineering,34,Chemical Sciences,3406| 3403,Physical chemistry| Macromolecular and materials chemistry,-,Microbial Solutions for Hydrocarbon Biodegradation,308,83.322,Ethanol Influence on Groundwater Biodegradation Dynamics,69957,33.164,Defensible,2021.0,13.0,N/A,"Rivas-Sánchez, A.K.| Guzmán-Hernández, D.S.| Ramírez-Silva, M.T.| Romero-Romo, M.| Palomar-Pardavé, M.",Consejo Nacional de Ciencia y Tecnologia Mexico| Universidad Autónoma Metropolitana,Mexico,0
6603801645,6603801645,"Laccase Inhibition by Mercury: Kinetics, Inhibition Mechanism, and Preliminary Application in the Spectrophotometric Quantification of Mercury Ions","Juárez-Gómez, J.| Rosas-Tate, E.S.| Roa-Morales, G.| Balderas-Hernández, P.| Romero-Romo, M.| Ramírez-Silva, M.T.",6.0,35758590500| 57202706326| 7801436463| 6506479802| 6602576873| 6603801645,2018.0,2018-01-01,Journal of Chemistry,2018,-,-,7462697,ISSN-20909063,21100208308.0,Journal,Hindawi Limited,English,0.68,52,2.1,51,0.341,48,1.19,33.0,12.0,0.38,15.69,38.0,53.0,0.0,0.0,"Juárez-Gómez, J., Rosas-Tate, E.S., Roa-Morales, G. and 3 more (...) (2018).Laccase Inhibition by Mercury: Kinetics, Inhibition Mechanism, and Preliminary Application in the Spectrophotometric Quantification of Mercury Ions. Journal of Chemistry,2018",https://www.scopus.com/record/display.url?eid=2-s2.0-85049104071&origin=resultslist,10.1155/2018/7462697,Article,Gold|Green,2-s2.0-85049104071,-,Universidad Autónoma Metropolitana| Universidad Autonoma del Estado de Mexico| Universidad Nacional Autónoma de México,505017| 505051| 505023,Academic,3.0,60028381| 60002281| 60175860| 60023193,Universidad Autónoma Metropolitana -Unidad Iztapalapa| Universidad Autónoma del Estado de México| Centro Conjunto de Investigación en Química Sustentable UAEM-UNAM| Universidad Autónoma Metropolitana - Azcapotzalco,35758590500,6603801645,6603801645,-,Mexico,1.0,1600,General Chemistry,4,Natural Sciences,409,Chemistry,37,Physical Sciences,34,Chemical Sciences,-,-,-,Nanozymes and Pesticide Residue Detection Methods,579,92.74,Biosensor Innovations for Heavy Metal Detection,68748,36.351,Defensible,2018.0,12.0,N/A,"Juárez-Gómez, J.| Rosas-Tate, E.S.| Roa-Morales, G.| Balderas-Hernández, P.| Romero-Romo, M.| Ramírez-Silva, M.T.",Universidad Autónoma Metropolitana| Universidad Autonoma del Estado de Mexico| Universidad Nacional Autónoma de México,Mexico,0
6603801645,6603801645,Electrodeposition of nanostructured chromium conglomerates from Cr(III) dissolved in a deep eutectic solvent: Influence of forced convection,"Mejía-Caballero, I.| Le Manh, T.| Aldana-González, J.| Arce-Estrada, E.M.| Romero-Romo, M.| Campos-Silva, I.| Ramírez-Silva, M.T.| Palomar-Pardavé, M.",8.0,56182243500| 57205572924| 55842149700| 8413430200| 6602576873| 56682127800| 6603801645| 6603788018,2021.0,2021-11-01,Journal of the Electrochemical Society,168,11,-,112512,ISSN-00134651,25169.0,Journal,IOP Publishing Ltd,English,0.94,35,7,16,1.066,12,1.8,56.0,12.0,0.39,15.21,32.0,54.0,0.0,0.0,"Mejía-Caballero, I., Le Manh, T., Aldana-González, J. and 5 more (...) (2021).Electrodeposition of nanostructured chromium conglomerates from Cr(III) dissolved in a deep eutectic solvent: Influence of forced convection. Journal of the Electrochemical Society,168(11) ",https://www.scopus.com/record/display.url?eid=2-s2.0-85121099642&origin=resultslist,10.1149/1945-7111/ac39d7,Article,,2-s2.0-85121099642,-,Phenikaa University| Universidad Autónoma Metropolitana| Instituto Politécnico Nacional,716231| 505017| 505011,Academic,3.0,60023193| 60019176| 60112782| 60028381,Universidad Autónoma Metropolitana - Azcapotzalco| Instituto Politécnico Nacional| Phenikaa University| Universidad Autónoma Metropolitana -Unidad Iztapalapa,56182243500,6603788018,56182243500| 6603788018,-,Mexico| Viet Nam,2.0,1603| 2105| 2504| 2505| 2508,"Electrochemistry| Renewable Energy, Sustainability and the Environment| Electronic, Optical and Magnetic Materials| Materials Chemistry| Surfaces, Coatings and Films",2| 4,Engineering & Technology| Natural Sciences,221| 409| 433,Engineering - Electrical & Electronic| Chemistry| Materials Science,36| 37,Engineering| Physical Sciences,34| 40,Chemical Sciences| Engineering,3406| 4016,Physical chemistry| Materials engineering,-,Biomass Conversion and Catalytic Innovations,49,98.103,Natural Deep Eutectic Solvents in Extraction Applications,2617,99.885,Very Good,2021.0,12.0,N/A,"Mejía-Caballero, I.| Le Manh, T.| Aldana-González, J.| Arce-Estrada, E.M.| Romero-Romo, M.| Campos-Silva, I.| Ramírez-Silva, M.T.| Palomar-Pardavé, M.",Phenikaa University| Universidad Autónoma Metropolitana| Instituto Politécnico Nacional,Mexico| Viet Nam,0
6603801645,6603801645,Construction and Optimization of a Novel Acetylcholine Ion-Selective Electrode and its Application for Trace Level Determination of Propoxur Pesticide,"Juárez-Gómez, J.| Ramírez-Silva, M.T.| Guzmán-Hernández, D.| Romero-Romo, M.| Palomar-Pardavé, M.",5.0,35758590500| 6603801645| 35195662800| 6602576873| 6603788018,2020.0,2020-01-05,Journal of the Electrochemical Society,167,8,-,087501,ISSN-00134651,25169.0,Journal,Institute of Physics Publishing,English,1,32,6.6,13,1.258,10,0.89,27.0,11.0,0.66,15.09,38.0,39.0,0.0,0.0,"Juárez-Gómez, J., Ramírez-Silva, M.T., Guzmán-Hernández, D. and 2 more (...) (2020).Construction and Optimization of a Novel Acetylcholine Ion-Selective Electrode and its Application for Trace Level Determination of Propoxur Pesticide. Journal of the Electrochemical Society,167(8) ",https://www.scopus.com/record/display.url?eid=2-s2.0-85084765872&origin=resultslist,10.1149/1945-7111/ab8874,Article,,2-s2.0-85084765872,-,Universidad Autónoma Metropolitana,505017,Academic,1.0,60028381| 60023193,Universidad Autónoma Metropolitana -Unidad Iztapalapa| Universidad Autónoma Metropolitana - Azcapotzalco,35758590500,6603788018,-,-,Mexico,1.0,1603| 2105| 2504| 2505| 2508,"Electrochemistry| Renewable Energy, Sustainability and the Environment| Electronic, Optical and Magnetic Materials| Materials Chemistry| Surfaces, Coatings and Films",2| 4,Engineering & Technology| Natural Sciences,409| 433| 221,Chemistry| Materials Science| Engineering - Electrical & Electronic,37| 36,Physical Sciences| Engineering,34| 40,Chemical Sciences| Engineering,4016| 3406,Materials engineering| Physical chemistry,-,Nanozymes and Pesticide Residue Detection Methods,579,92.74,Pesticide Residue Detection in Food Matrices,812,97.946,Defensible,2020.0,11.0,N/A,"Juárez-Gómez, J.| Ramírez-Silva, M.T.| Guzmán-Hernández, D.| Romero-Romo, M.| Palomar-Pardavé, M.",Universidad Autónoma Metropolitana,Mexico,0
6603801645,6603801645,Electrochemical Nucleation and Growth of Cobalt after Leaching Waste Lithium-Ion Batteries Using a Deep Eutectic Solvent,"Aldana-González, J.| Sampayo-Garrido, A.| Hernández-Pérez, D.| de Oca-Yemha, M.G.M.| Arce-Estrada, E.M.| Ramírez-Silva, M.T.| Morales-Gil, P.| Romero-Romo, M.| Mugica-Álvarez, V.| Palomar-Pardavé, M.",10.0,55842149700| 57209195568| 57934060800| 55368334500| 8413430200| 6603801645| 56117026900| 6602576873| 57204835583| 6603788018,2022.0,2022-10-01,Journal of the Electrochemical Society,169,10,-,102504,ISSN-00134651,25169.0,Journal,Institute of Physics,English,0.89,37,7.2,16,0.954,17,1.97,47.0,11.0,0.62,14.56,28.0,43.0,0.0,0.0,"Aldana-González, J., Sampayo-Garrido, A., Hernández-Pérez, D. and 7 more (...) (2022).Electrochemical Nucleation and Growth of Cobalt after Leaching Waste Lithium-Ion Batteries Using a Deep Eutectic Solvent. Journal of the Electrochemical Society,169(10) ",https://www.scopus.com/record/display.url?eid=2-s2.0-85140234846&origin=resultslist,10.1149/1945-7111/ac96b3,Article,,2-s2.0-85140234846,-,Universidad Autónoma Metropolitana| Instituto Politécnico Nacional| Instituto Mexicano del Petroleo,505017| 505011| 505005,Academic| Government,3.0,60023193| 60019176| 60006489| 60028381| 60019271,Universidad Autónoma Metropolitana - Azcapotzalco| Instituto Politécnico Nacional| Escuela Superior de Ingenieria Quimica e Industrias Extractivas| Universidad Autónoma Metropolitana -Unidad Iztapalapa| Instituto Mexicano Del Petroleo,55842149700,6603788018,-,-,Mexico,1.0,1603| 2105| 2504| 2505| 2508| 3104,"Electrochemistry| Renewable Energy, Sustainability and the Environment| Electronic, Optical and Magnetic Materials| Materials Chemistry| Surfaces, Coatings and Films| Condensed Matter Physics",4| 2,Natural Sciences| Engineering & Technology,433| 439| 409| 221,Materials Science| Physics & Astronomy| Chemistry| Engineering - Electrical & Electronic,37| 36,Physical Sciences| Engineering,34| 40,Chemical Sciences| Engineering,3406| 4016,Physical chemistry| Materials engineering,SDG 7| SDG 12,Ion Exchange and Lithium Recovery,486,91.563,Recycling Innovations for Lithium-Ion Battery Sustainability,6483,99.925,Very Good,2022.0,11.0,N/A,"Aldana-González, J.| Sampayo-Garrido, A.| Hernández-Pérez, D.| de Oca-Yemha, M.G.M.| Arce-Estrada, E.M.| Ramírez-Silva, M.T.| Morales-Gil, P.| Romero-Romo, M.| Mugica-Álvarez, V.| Palomar-Pardavé, M.",Universidad Autónoma Metropolitana| Instituto Politécnico Nacional| Instituto Mexicano del Petroleo,Mexico,0
6603801645,6603801645,Electrodeposition of gold and silver nanoparticles onto TiO2 nanotubes anodically formed on Ti using reline deep eutectic solvent,"Morales-Gil, P.| de Oca-Yemha, M.G.M.| Pérez-Cruz, F.| Romero-Romo, M.| Ramírez-Silva, M.T.| Aldana-González, J.| Pardavé, M.P.",7.0,56117026900| 55368334500| 58477497300| 6602576873| 6603801645| 55842149700| 57211168509,2023.0,2023-09-15,Journal of Molecular Liquids,386,-,-,122499,ISSN-01677322,26965.0,Journal,Elsevier B.V.,English,1.11,22,10.3,9,0.918,15,2.11,35.0,10.0,0.97,10.34,23.0,30.0,0.0,0.0,"Morales-Gil, P., de Oca-Yemha, M.G.M., Pérez-Cruz, F. and 4 more (...) (2023).Electrodeposition of gold and silver nanoparticles onto TiO2 nanotubes anodically formed on Ti using reline deep eutectic solvent. Journal of Molecular Liquids,386",https://www.scopus.com/record/display.url?eid=2-s2.0-85164228486&origin=resultslist,10.1016/j.molliq.2023.122499,Article,,2-s2.0-85164228486,-,Universidad Autónoma Metropolitana| Instituto Mexicano del Petroleo,505017| 505005,Government| Academic,2.0,60019271| 60023193| 60028381,Instituto Mexicano Del Petroleo| Universidad Autónoma Metropolitana - Azcapotzalco| Universidad Autónoma Metropolitana -Unidad Iztapalapa,56117026900,57211168509,55368334500,-,Mexico,1.0,1606| 1607| 2504| 2505| 3104| 3107,"Physical and Theoretical Chemistry| Spectroscopy| Electronic, Optical and Magnetic Materials| Materials Chemistry| Condensed Matter Physics| Atomic and Molecular Physics, and Optics",4| 2,Natural Sciences| Engineering & Technology,433| 439| 249| 409,Materials Science| Physics & Astronomy| Engineering - Petroleum| Chemistry,36| 37,Engineering| Physical Sciences,34| 40,Chemical Sciences| Engineering,3406| 4004,Physical chemistry| Chemical engineering,-,Photocatalytic Properties of Titanium Dioxide Structures,62,94.768,Titanium Dioxide Nanotubes in Advanced Applications,1007,97.417,Definitive,2023.0,10.0,N/A,"Morales-Gil, P.| de Oca-Yemha, M.G.M.| Pérez-Cruz, F.| Romero-Romo, M.| Ramírez-Silva, M.T.| Aldana-González, J.| Pardavé, M.P.",Universidad Autónoma Metropolitana| Instituto Mexicano del Petroleo,Mexico,0
6603801645,6603801645,Taking advantage of CTAB micelles for the simultaneous electrochemical quantification of diclofenac and acetaminophen in aqueous media,"Guzmán-Hernández, D.S.| Cid-Cerón, M.M.| Romero-Romo, M.| Ramírez-Silva, M.T.| Páez-Hernández, M.E.| Corona-Avendaño, S.| Palomar-Pardavé, M.",7.0,35195662800| 56667658300| 6602576873| 6603801645| 56000741200| 6507494250| 6603788018,2017.0,2017-01-01,RSC Advances,7,64,40401-40410,-,ISSN-20462069,21100199840.0,Journal,Royal Society of Chemistry,English,0.74,46,5.5,12,0.863,17,1.38,50.0,10.0,0.25,12.2,42.0,60.0,0.0,0.0,"Guzmán-Hernández, D.S., Cid-Cerón, M.M., Romero-Romo, M. and 4 more (...) (2017).Taking advantage of CTAB micelles for the simultaneous electrochemical quantification of diclofenac and acetaminophen in aqueous media. RSC Advances,7(64) 40401-40410",https://www.scopus.com/record/display.url?eid=2-s2.0-85028001387&origin=resultslist,10.1039/c7ra07269d,Article,Gold,2-s2.0-85028001387,-,Consejo Nacional de Ciencia y Tecnologia Mexico| Universidad Autónoma Metropolitana| Universidad Autonoma del Estado de Hidalgo,704696| 505017| 505050,Government| Academic,3.0,60027998| 60028381| 60023193| 60027135,"Secretaría de Ciencia, Humanidades, Tecnología e Innovación| Universidad Autónoma Metropolitana -Unidad Iztapalapa| Universidad Autónoma Metropolitana - Azcapotzalco| Universidad Autónoma del Estado de Hidalgo",35195662800,6603788018,6603801645,-,Mexico,1.0,1500| 1600,General Chemical Engineering| General Chemistry,2| 4,Engineering & Technology| Natural Sciences,219| 409,Engineering - Chemical| Chemistry,37| 36,Physical Sciences| Engineering,34,Chemical Sciences,-,-,-,Electrochemical Sensors and Molecular Imprinting Techniques,718,81.949,Electrochemical Detection of Paracetamol Using Nanoparticles,13882,94.99,Defensible,2017.0,10.0,N/A,"Guzmán-Hernández, D.S.| Cid-Cerón, M.M.| Romero-Romo, M.| Ramírez-Silva, M.T.| Páez-Hernández, M.E.| Corona-Avendaño, S.| Palomar-Pardavé, M.",Consejo Nacional de Ciencia y Tecnologia Mexico| Universidad Autónoma Metropolitana| Universidad Autonoma del Estado de Hidalgo,Mexico,0
6603801645,6603801645,Mechanism and kinetics of Gold Nanoparticles Electrodeposited from Au (III) Ions Dissolved in a Deep Eutectic Solvent and Its Analytical Performance Towards Dopamine Quantification,"Godoy-Colin, E.| Corona-Avendaño, S.| Ramírez-Silva, M.T.| Aldana-Gonzalez, J.| Vázquez-Huerta, G.| Ángeles-Beltrán, D.| Romero-Romo, M.| Palomar-Pardavé, M.",8.0,57898291000| 6507494250| 6603801645| 55842149700| 56002702300| 15049353600| 6602576873| 6603788018,2022.0,2022-09-01,Journal of the Electrochemical Society,169,9,-,092506,ISSN-00134651,25169.0,Journal,Institute of Physics,English,0.89,37,7.2,16,0.954,17,1.93,44.0,9.0,0.55,14.56,33.0,46.0,0.0,0.0,"Godoy-Colin, E., Corona-Avendaño, S., Ramírez-Silva, M.T. and 5 more (...) (2022).Mechanism and kinetics of Gold Nanoparticles Electrodeposited from Au (III) Ions Dissolved in a Deep Eutectic Solvent and Its Analytical Performance Towards Dopamine Quantification. Journal of the Electrochemical Society,169(9) ",https://www.scopus.com/record/display.url?eid=2-s2.0-85138444009&origin=resultslist,10.1149/1945-7111/ac8d31,Article,,2-s2.0-85138444009,-,Universidad Autónoma Metropolitana,505017,Academic,1.0,60023193| 60028381,Universidad Autónoma Metropolitana - Azcapotzalco| Universidad Autónoma Metropolitana -Unidad Iztapalapa,57898291000,6603788018,57898291000,-,Mexico,1.0,1603| 2105| 2504| 2505| 2508| 3104,"Electrochemistry| Renewable Energy, Sustainability and the Environment| Electronic, Optical and Magnetic Materials| Materials Chemistry| Surfaces, Coatings and Films| Condensed Matter Physics",4| 2,Natural Sciences| Engineering & Technology,433| 221| 409| 439,Materials Science| Engineering - Electrical & Electronic| Chemistry| Physics & Astronomy,36| 37,Engineering| Physical Sciences,34| 40,Chemical Sciences| Engineering,3406| 4016,Physical chemistry| Materials engineering,-,Electrodeposition Techniques for Enhanced Coating Properties,1019,29.627,Electrodeposition Mechanisms in Nanostructured Materials,15817,78.905,Defensible,2022.0,9.0,N/A,"Godoy-Colin, E.| Corona-Avendaño, S.| Ramírez-Silva, M.T.| Aldana-Gonzalez, J.| Vázquez-Huerta, G.| Ángeles-Beltrán, D.| Romero-Romo, M.| Palomar-Pardavé, M.",Universidad Autónoma Metropolitana,Mexico,0
6603801645,6603801645,On the Curcumin and β-Cyclodextrin Interaction in Aqueous Media. Spectrophotometric and Electrochemical Study,"Martínez-Guerra, J.| Palomar-Pardavé, M.| Romero-Romo, M.| Corona-Avendaño, S.| Guzmán-Hernández, D.-S.| Rojas-Hernández, A.| Ramírez-Silva, M.T.",7.0,57209586150| 6603788018| 6602576873| 6507494250| 35195662800| 7004253053| 6603801645,2022.0,2022-04-11,ChemElectroChem,9,7,-,e202101534,ISSN-21960216,21100399828.0,Journal,John Wiley and Sons Inc,English,0.63,54,8,27,1.024,23,2.15,51.0,9.0,0.48,18.6,33.0,50.0,0.0,0.0,"Martínez-Guerra, J., Palomar-Pardavé, M., Romero-Romo, M. and 4 more (...) (2022).On the Curcumin and β-Cyclodextrin Interaction in Aqueous Media. Spectrophotometric and Electrochemical Study. ChemElectroChem,9(7) ",https://www.scopus.com/record/display.url?eid=2-s2.0-85128198731&origin=resultslist,10.1002/celc.202101534,Article,,2-s2.0-85128198731,-,Consejo Nacional de Ciencia y Tecnologia Mexico| Universidad Autónoma Metropolitana,704696| 505017,Government| Academic,2.0,60028381| 60023193| 60027998,"Universidad Autónoma Metropolitana -Unidad Iztapalapa| Universidad Autónoma Metropolitana - Azcapotzalco| Secretaría de Ciencia, Humanidades, Tecnología e Innovación",57209586150,6603801645,6603788018| 6603801645,-,Mexico,1.0,1503| 1603,Catalysis| Electrochemistry,4| 2,Natural Sciences| Engineering & Technology,219| 409| 249,Engineering - Chemical| Chemistry| Engineering - Petroleum,36| 37,Engineering| Physical Sciences,34,Chemical Sciences,3406| 3405| 3403,Physical chemistry| Organic chemistry| Macromolecular and materials chemistry,-,Flavonoids and Their Impact on Health,124,91.825,Curcumin's Multifaceted Impact on Cancer Therapy,140,99.494,Very Good,2022.0,9.0,N/A,"Martínez-Guerra, J.| Palomar-Pardavé, M.| Romero-Romo, M.| Corona-Avendaño, S.| Guzmán-Hernández, D.-S.| Rojas-Hernández, A.| Ramírez-Silva, M.T.",Consejo Nacional de Ciencia y Tecnologia Mexico| Universidad Autónoma Metropolitana,Mexico,0
6603801645,6603801645,Spectrophotometric quantification of the thermodynamic constants of the complexes formed by dopamine and Cu(II) in aqueous media,"Verastegui-Omaña, B.| Palomar-Pardavé, M.| Rojas-Hernández, A.| Corona Avendaño, S.| Romero-Romo, M.| Ramírez-Silva, M.T.",6.0,56529554300| 6603788018| 7004253053| 6507494250| 6602576873| 6603801645,2015.0,2015-05-15,Spectrochimica Acta - Part A: Molecular and Biomolecular Spectroscopy,143,-,187-191,-,ISSN-13861425,24530.0,Journal,Elsevier,English,1.21,20,4,17,0.709,23,2.09,62.0,9.0,0.36,8.26,44.0,52.0,0.0,0.0,"Verastegui-Omaña, B., Palomar-Pardavé, M., Rojas-Hernández, A. and 3 more (...) (2015).Spectrophotometric quantification of the thermodynamic constants of the complexes formed by dopamine and Cu(II) in aqueous media. Spectrochimica Acta - Part A: Molecular and Biomolecular Spectroscopy,143187-191",https://www.scopus.com/record/display.url?eid=2-s2.0-84923608327&origin=resultslist,10.1016/j.saa.2015.01.067,Article,,2-s2.0-84923608327,25727295,Universidad Autónoma Metropolitana,505017,Academic,1.0,60028381| 60023193,Universidad Autónoma Metropolitana -Unidad Iztapalapa| Universidad Autónoma Metropolitana - Azcapotzalco,56529554300,6603801645,6603801645,-,Mexico,1.0,1602| 1607| 3105| 3107,"Analytical Chemistry| Spectroscopy| Instrumentation| Atomic and Molecular Physics, and Optics",4,Natural Sciences,439| 409,Physics & Astronomy| Chemistry,37,Physical Sciences,34,Chemical Sciences,3406| 3401| 3403,Physical chemistry| Analytical chemistry| Macromolecular and materials chemistry,-,Electrochemical Sensors and Molecular Imprinting Techniques,718,81.949,Electrochemical Sensors for Dopamine and Ascorbic Acid Detection,2242,98.947,Defensible,2015.0,9.0,N/A,"Verastegui-Omaña, B.| Palomar-Pardavé, M.| Rojas-Hernández, A.| Corona Avendaño, S.| Romero-Romo, M.| Ramírez-Silva, M.T.",Universidad Autónoma Metropolitana,Mexico,0
6603801645,6603801645,"Electrophilic and nucleophilic chemical reactivity of neutral and anionic forms of 4-CPA, 24D-CPA, 34-CPA and 245T-CPA through conceptual DFT reactivity descriptors","Mendoza-Huizar, L.H.| Rios-Reyes, C.H.| Álvarez-Romero, G.A.| Palomar-Pardavé, M.E.| Ramírez-Silva, M.T.",5.0,6507875400| 56013701100| 55995905400| 6603788018| 6603801645,2017.0,2017-03-01,Journal of the Chilean Chemical Society,62,1,3411-3416,-,ISSN-07179324,23432.0,Journal,Sociedad Chilena de Quimica,English,0.33,75,0.8,74,0.201,71,0.79,23.0,8.0,0.07,14.58,46.0,72.0,0.0,0.0,"Mendoza-Huizar, L.H., Rios-Reyes, C.H., Álvarez-Romero, G.A. and 2 more (...) (2017).Electrophilic and nucleophilic chemical reactivity of neutral and anionic forms of 4-CPA, 24D-CPA, 34-CPA and 245T-CPA through conceptual DFT reactivity descriptors. Journal of the Chilean Chemical Society,62(1) 3411-3416",https://www.scopus.com/record/display.url?eid=2-s2.0-85019432390&origin=resultslist,10.4067/S0717-97072017000100022,Article,Gold|Green,2-s2.0-85019432390,-,Universidad Autónoma Metropolitana| Universidad Autonoma del Estado de Hidalgo,505017| 505050,Academic,2.0,60027135| 60023193| 60028381,Universidad Autónoma del Estado de Hidalgo| Universidad Autónoma Metropolitana - Azcapotzalco| Universidad Autónoma Metropolitana -Unidad Iztapalapa,6507875400,6603801645,-,-,Mexico,1.0,1600,General Chemistry,4,Natural Sciences,409,Chemistry,37,Physical Sciences,34,Chemical Sciences,-,-,-,Quantum Chemistry and Molecular Interaction Insights,8,83.453,Conceptual Framework of Chemical Reactivity and Electronegativity,4614,87.536,Very Good,2017.0,8.0,N/A,"Mendoza-Huizar, L.H.| Rios-Reyes, C.H.| Álvarez-Romero, G.A.| Palomar-Pardavé, M.E.| Ramírez-Silva, M.T.",Universidad Autónoma Metropolitana| Universidad Autonoma del Estado de Hidalgo,Mexico,0
6603801645,6603801645,On the transition from 2 to 3D nucleation during the potentiostatic Zn electrodeposition from reline deep eutectic solvent,"Vidal-García, G.| Aldana-González, J.| Romero-Romo, M.| Ramírez-Silva, M.T.| Teutli-León, M.M.M.| Hernández‑Pérez, D.| Mostany, J.| Scharifker, B.R.| Palomar-Pardavé, M.",9.0,57578398400| 55842149700| 6602576873| 6603801645| 55989662500| 58538879000| 57201663285| 7003360786| 6603788018,2024.0,2024-05-01,Journal of Solid State Electrochemistry,28,5,1631-1639,-,ISSN-14328488,25199.0,Journal,Springer Science and Business Media Deutschland GmbH,English,0.58,58,4.6,33,0.552,38,1.95,42.0,8.0,0.92,8.66,18.0,32.0,0.0,0.0,"Vidal-García, G., Aldana-González, J., Romero-Romo, M. and 6 more (...) (2024).On the transition from 2 to 3D nucleation during the potentiostatic Zn electrodeposition from reline deep eutectic solvent. Journal of Solid State Electrochemistry,28(5) 1631-1639",https://www.scopus.com/record/display.url?eid=2-s2.0-85168093273&origin=resultslist,10.1007/s10008-023-05623-6,Article,,2-s2.0-85168093273,-,Benemerita Universidad Autonoma de Puebla| Universidad Simón Bolívar| Universidad Autónoma Metropolitana,505001| 607005| 505017,Academic,3.0,60023193| 60024830| 60028381| 60026438,Universidad Autónoma Metropolitana - Azcapotzalco| Benemérita Universidad Autónoma de Puebla| Universidad Autónoma Metropolitana -Unidad Iztapalapa| Universidad Simón Bolívar,57578398400,6603788018,6603788018,-,Mexico| Venezuela,2.0,1603| 2102| 2208| 2500| 2505| 3104,Electrochemistry| Energy Engineering and Power Technology| Electrical and Electronic Engineering| General Materials Science| Materials Chemistry| Condensed Matter Physics,4| 2,Natural Sciences| Engineering & Technology,409| 249| 433| 439| 221,Chemistry| Engineering - Petroleum| Materials Science| Physics & Astronomy| Engineering - Electrical & Electronic,37| 36,Physical Sciences| Engineering,34,Chemical Sciences,3406| 3403,Physical chemistry| Macromolecular and materials chemistry,-,Electrodeposition Techniques for Enhanced Coating Properties,1019,29.627,Electrodeposition Mechanisms in Nanostructured Materials,15817,78.905,Definitive,2024.0,8.0,N/A,"Vidal-García, G.| Aldana-González, J.| Romero-Romo, M.| Ramírez-Silva, M.T.| Teutli-León, M.M.M.| Hernández‑Pérez, D.| Mostany, J.| Scharifker, B.R.| Palomar-Pardavé, M.",Benemerita Universidad Autonoma de Puebla| Universidad Simón Bolívar| Universidad Autónoma Metropolitana,Mexico| Venezuela,0
6603801645,6603801645,An exact method to determine the conductivity of aqueous solutions in acid-base titrations,"Rodríguez-Laguna, N.| Rojas-Hernández, A.| Ramírez-Silva, M.T.| Hernández-García, L.| Romero-Romo, M.",5.0,56168243200| 7004253053| 6603801645| 56541276000| 6602576873,2015.0,2015-01-01,Journal of Chemistry,2015,-,-,540368,ISSN-20909063,21100208308.0,Journal,Hindawi Publishing Corporation,English,0.61,55,1.3,58,0.238,64,0.67,47.0,8.0,0.0,12.77,46.0,69.0,0.0,0.0,"Rodríguez-Laguna, N., Rojas-Hernández, A., Ramírez-Silva, M.T. and 2 more (...) (2015).An exact method to determine the conductivity of aqueous solutions in acid-base titrations. Journal of Chemistry,2015",https://www.scopus.com/record/display.url?eid=2-s2.0-84924299922&origin=resultslist,10.1155/2015/540368,Article,Gold|Green,2-s2.0-84924299922,-,Universidad Autónoma Metropolitana,505017,Academic,1.0,60028381| 60023193,Universidad Autónoma Metropolitana -Unidad Iztapalapa| Universidad Autónoma Metropolitana - Azcapotzalco,56168243200,6602576873,7004253053,-,Mexico,1.0,1600,General Chemistry,4,Natural Sciences,409,Chemistry,37,Physical Sciences,34,Chemical Sciences,-,-,-,Innovative Methods for Dye Removal and Analysis,470,77.894,Buffer Systems and Titration Dynamics in Chemistry,39987,43.339,Very Good,2015.0,8.0,N/A,"Rodríguez-Laguna, N.| Rojas-Hernández, A.| Ramírez-Silva, M.T.| Hernández-García, L.| Romero-Romo, M.",Universidad Autónoma Metropolitana,Mexico,0
6603801645,6603801645,Spectrophotometric and electrochemical quantification of the host-guest interaction of tenoxicam and β-CD in aqueous solution at different pH values,"Guzmán-Hernández, D.S.| Ramírez-Silva, M.T.| Rojas-Hernández, A.| Corona-Avendaño, S.| Romero-Romo, M.| Palomar-Pardavé, M.",6.0,35195662800| 6603801645| 7004253053| 6507494250| 6602576873| 6603788018,2015.0,2015-01-01,Journal of Electroanalytical Chemistry,738,-,20-26,-,ISSN-15726657,9500154039.0,Journal,Elsevier B.V.,English,0.87,36,4.4,16,0.714,23,1.53,76.0,7.0,0.28,10.76,49.0,57.0,0.0,0.0,"Guzmán-Hernández, D.S., Ramírez-Silva, M.T., Rojas-Hernández, A. and 3 more (...) (2015).Spectrophotometric and electrochemical quantification of the host-guest interaction of tenoxicam and β-CD in aqueous solution at different pH values. Journal of Electroanalytical Chemistry,73820-26",https://www.scopus.com/record/display.url?eid=2-s2.0-84915808211&origin=resultslist,10.1016/j.jelechem.2014.10.031,Article,,2-s2.0-84915808211,-,Universidad Autónoma Metropolitana,505017,Academic,1.0,60028381| 60023193,Universidad Autónoma Metropolitana -Unidad Iztapalapa| Universidad Autónoma Metropolitana - Azcapotzalco,35195662800,6603788018,6603801645,-,Mexico,1.0,1500| 1602| 1603,General Chemical Engineering| Analytical Chemistry| Electrochemistry,4| 2,Natural Sciences| Engineering & Technology,219| 409,Engineering - Chemical| Chemistry,36| 37,Engineering| Physical Sciences,34,Chemical Sciences,3406| 3401,Physical chemistry| Analytical chemistry,-,Electrodeposition Techniques for Enhanced Coating Properties,1019,29.627,Electrodeposition Mechanisms in Nanostructured Materials,15817,78.905,Defensible,2015.0,7.0,N/A,"Guzmán-Hernández, D.S.| Ramírez-Silva, M.T.| Rojas-Hernández, A.| Corona-Avendaño, S.| Romero-Romo, M.| Palomar-Pardavé, M.",Universidad Autónoma Metropolitana,Mexico,0
6603801645,6603801645,Effect of carbonate and chloride ions on the corrosion susceptibility of pipeline steel samples artificially aged,"Gil, P.M.| Palomar-Pardavé, M.| de Oca-Yemha, M.G.M.| Ramírez-Silva, M.T.| Ángeles-Chávez, C.| Romero-Romo, M.",6.0,56117026900| 6603788018| 24399524500| 6603801645| 6602070278| 6602576873,2018.0,2018-01-01,International Journal of Electrochemical Science,13,2,1844-1858,-,ISSN-14523981,19200156944.0,Journal,Electrochemical Science Group,English,0.52,64,2.3,57,0.324,69,0.91,31.0,6.0,0.07,14.38,51.0,73.0,0.0,0.0,"Gil, P.M., Palomar-Pardavé, M., de Oca-Yemha, M.G.M. and 3 more (...) (2018).Effect of carbonate and chloride ions on the corrosion susceptibility of pipeline steel samples artificially aged. International Journal of Electrochemical Science,13(2) 1844-1858",https://www.scopus.com/record/display.url?eid=2-s2.0-85041923030&origin=resultslist,10.20964/2018.02.53,Article,Gold|Green,2-s2.0-85041923030,-,Universidad Autónoma Metropolitana| Instituto Mexicano del Petroleo,505017| 505005,Academic| Government,2.0,60019271| 60023193| 60028381,Instituto Mexicano Del Petroleo| Universidad Autónoma Metropolitana - Azcapotzalco| Universidad Autónoma Metropolitana -Unidad Iztapalapa,56117026900,6602576873,-,-,Mexico,1.0,1603,Electrochemistry,4,Natural Sciences,409,Chemistry,37,Physical Sciences,34,Chemical Sciences,3401| 3406,Analytical chemistry| Physical chemistry,-,Electrodeposition Techniques for Enhanced Coating Properties,1019,29.627,Electrodeposition Mechanisms in Nanostructured Materials,15817,78.905,Defensible,2018.0,6.0,N/A,"Gil, P.M.| Palomar-Pardavé, M.| de Oca-Yemha, M.G.M.| Ramírez-Silva, M.T.| Ángeles-Chávez, C.| Romero-Romo, M.",Universidad Autónoma Metropolitana| Instituto Mexicano del Petroleo,Mexico,0
6603801645,6603801645,Quercetin displacement caused by sodium dodecyl sulphate on inclusion complex quercetin-beta cyclodextrin in an acid environment,"Alva-Ensastegui, J.C.| Palomar-Pardavé, M.| Ramírez-Silva, M.T.| Aparicio-Gutierrez, N.",4.0,57201295949| 6603788018| 6603801645| 58016883400,2023.0,2023-03-01,Journal of Photochemistry and Photobiology A: Chemistry,436,-,-,114392,ISSN-10106030,26966.0,Journal,Elsevier B.V.,English,0.8,40,7.9,14,0.646,29,1.49,33.0,6.0,0.45,13.47,34.0,51.0,0.0,0.0,"Alva-Ensastegui, J.C., Palomar-Pardavé, M., Ramírez-Silva, M.T. and 1 more (...) (2023).Quercetin displacement caused by sodium dodecyl sulphate on inclusion complex quercetin-beta cyclodextrin in an acid environment. Journal of Photochemistry and Photobiology A: Chemistry,436",https://www.scopus.com/record/display.url?eid=2-s2.0-85141944204&origin=resultslist,10.1016/j.jphotochem.2022.114392,Article,,2-s2.0-85141944204,-,Universidad Autónoma Metropolitana,505017,Academic,1.0,60024080| 60023193| 60028381,Universidad Autónoma Metropolitana Unidad Cuajimalpa| Universidad Autónoma Metropolitana - Azcapotzalco| Universidad Autónoma Metropolitana -Unidad Iztapalapa,57201295949,58016883400,57201295949,-,Mexico,1.0,1500| 1600| 3100,General Chemical Engineering| General Chemistry| General Physics and Astronomy,2| 4,Engineering & Technology| Natural Sciences,219| 439| 409,Engineering - Chemical| Physics & Astronomy| Chemistry,36| 37,Engineering| Physical Sciences,31| 34| 40,Biological Sciences| Chemical Sciences| Engineering,-,-,-,Enzyme Immobilization Techniques for Enhanced Biocatalysis,722,72.073,Interactions of Cyclodextrins with Surfactants in Solutions,38738,59.74,Definitive,2023.0,6.0,N/A,"Alva-Ensastegui, J.C.| Palomar-Pardavé, M.| Ramírez-Silva, M.T.| Aparicio-Gutierrez, N.",Universidad Autónoma Metropolitana,Mexico,0
6603801645,6603801645,Juice from fescue grain sorghum to produce bioethanol for gasoline additive,"Salinas Hernández, P.| Morales Anzures, F.| Martínez Mendoza, E.| Romero Romo, M.A.| Ramírez Silva, M.T.",5.0,6603056398| 23982844700| 57207108701| 6602576873| 6603801645,2019.0,2019-11-01,Journal of Chemical Technology and Biotechnology,94,11,3512-3522,-,ISSN-02682575,16083.0,Journal,John Wiley and Sons Ltd,English,0.85,40,4.8,21,0.661,23,1.17,46.0,5.0,0.13,15.02,54.0,70.0,0.0,0.0,"Salinas Hernández, P., Morales Anzures, F., Martínez Mendoza, E. and 2 more (...) (2019).Juice from fescue grain sorghum to produce bioethanol for gasoline additive. Journal of Chemical Technology and Biotechnology,94(11) 3512-3522",https://www.scopus.com/record/display.url?eid=2-s2.0-85073531654&origin=resultslist,10.1002/jctb.5971,Article,,2-s2.0-85073531654,-,Universidad Autónoma Metropolitana,505017,Academic,1.0,110150716| 60023193| 60028381,Instituto de Estudios de la Energiá| Universidad Autónoma Metropolitana - Azcapotzalco| Universidad Autónoma Metropolitana -Unidad Iztapalapa,6603056398,6603801645,6603056398,-,Mexico,1.0,1305| 1500| 1604| 1605| 2103| 2105| 2310| 2311,"Biotechnology| General Chemical Engineering| Inorganic Chemistry| Organic Chemistry| Fuel Technology| Renewable Energy, Sustainability and the Environment| Pollution| Waste Management and Disposal",2| 3| 5| 4,Engineering & Technology| Social Sciences & Management| Life Sciences & Medicine| Natural Sciences,507| 424| 219| 221| 249| 409,Biological Sciences| Environmental Sciences| Engineering - Chemical| Engineering - Electrical & Electronic| Engineering - Petroleum| Chemistry,36| 37| 32,Engineering| Physical Sciences| Life Sciences,MD,Multidisciplinary,MD,Multidisciplinary,SDG 7,Combustion Engine Performance and Emissions,206,79.464,Ethanol Blends in Spark Ignition Engines,6117,96.295,Defensible,2019.0,5.0,N/A,"Salinas Hernández, P.| Morales Anzures, F.| Martínez Mendoza, E.| Romero Romo, M.A.| Ramírez Silva, M.T.",Universidad Autónoma Metropolitana,Mexico,0
6603801645,6603801645,"Modulating the analytical performance of an electrochemical biosensor through varying, at the working electrode, the surface area ratio between that covered by the enzyme and the enzyme-free one","Rodríguez-Sevilla, E.| Palomar-Pardavé, M.| Romero-Romo, M.| Ramírez-Silva, M.T.",4.0,56483270800| 6603788018| 6602576873| 6603801645,2015.0,2015-10-21,Analytical Methods,7,20,8568-8571,-,ISSN-17599660,19700175229.0,Journal,Royal Society of Chemistry,English,0.65,52,2.8,19,0.593,20,0.56,29.0,5.0,0.65,6.16,54.0,40.0,0.0,0.0,"Rodríguez-Sevilla, E., Palomar-Pardavé, M., Romero-Romo, M. and 1 more (...) (2015).Modulating the analytical performance of an electrochemical biosensor through varying, at the working electrode, the surface area ratio between that covered by the enzyme and the enzyme-free one. Analytical Methods,7(20) 8568-8571",https://www.scopus.com/record/display.url?eid=2-s2.0-84944348556&origin=resultslist,10.1039/c5ay01594d,Article,,2-s2.0-84944348556,-,Universidad Autónoma Metropolitana,505017,Academic,1.0,60028381| 60023193,Universidad Autónoma Metropolitana -Unidad Iztapalapa| Universidad Autónoma Metropolitana - Azcapotzalco,56483270800,6603801645,6603801645,-,Mexico,1.0,1500| 1602| 2200,General Chemical Engineering| Analytical Chemistry| General Engineering,2| 4,Engineering & Technology| Natural Sciences,409| 219,Chemistry| Engineering - Chemical,37| 36,Physical Sciences| Engineering,34| 40,Chemical Sciences| Engineering,3401| 4004,Analytical chemistry| Chemical engineering,-,Wearable Biosensors for Glucose and Hydrogen Peroxide Detection,634,82.472,Electrochemical Biosensors for Phenolic Compound Detection,16094,83.287,Very Good,2015.0,5.0,N/A,"Rodríguez-Sevilla, E.| Palomar-Pardavé, M.| Romero-Romo, M.| Ramírez-Silva, M.T.",Universidad Autónoma Metropolitana,Mexico,0
6603801645,6603801645,Design and optimization of a Cr(VI)-Selective Electrode based on a polymeric ß-cyclodextrin membrane modified with sulfur donor groups,"Ochoa-Pérez, M.| Juárez-Gómez, J.| Meneses-Aparicio, S.| Guzmán-Hernández, D.S.| Lara, V.| Rojas-Hernández, A.| Ramírez-Silva, M.T.",7.0,59221699200| 35758590500| 59222118300| 35195662800| 7004454749| 7004253053| 6603801645,2024.0,2024-12-01,Sensors and Actuators Reports,8,-,-,100226,ISSN-26660539,21101057896.0,Journal,Elsevier B.V.,English,1.45,14,11,7,1.025,11,2.02,25.0,5.0,0.77,6.51,27.0,36.0,0.0,0.0,"Ochoa-Pérez, M., Juárez-Gómez, J., Meneses-Aparicio, S. and 4 more (...) (2024).Design and optimization of a Cr(VI)-Selective Electrode based on a polymeric ß-cyclodextrin membrane modified with sulfur donor groups. Sensors and Actuators Reports,8",https://www.scopus.com/record/display.url?eid=2-s2.0-85198712351&origin=resultslist,10.1016/j.snr.2024.100226,Article,Gold|Green,2-s2.0-85198712351,-,Consejo Nacional de Ciencia y Tecnologia Mexico| Universidad Autónoma Metropolitana,704696| 505017,Government| Academic,2.0,60028381| 60027998,"Universidad Autónoma Metropolitana -Unidad Iztapalapa| Secretaría de Ciencia, Humanidades, Tecnología e Innovación",59221699200,6603801645,35758590500,-,Mexico,1.0,1701| 2208| 2504| 3105| 3107,"Computer Science (miscellaneous)| Electrical and Electronic Engineering| Electronic, Optical and Magnetic Materials| Instrumentation| Atomic and Molecular Physics, and Optics",4| 2,Natural Sciences| Engineering & Technology,433| 249| 221| 439| 212,Materials Science| Engineering - Petroleum| Engineering - Electrical & Electronic| Physics & Astronomy| Computer Science & Information Systems,37| 36| 38,Physical Sciences| Engineering| Computer Science,31| 34| 40,Biological Sciences| Chemical Sciences| Engineering,4009| 3401| 3101,"Electronics, sensors and digital hardware| Analytical chemistry| Biochemistry and cell biology",-,Selenium and Chromium Detection in Environmental Samples,1225,19.686,Chromium Speciation Methods for Environmental Monitoring,8896,87.807,Definitive,2024.0,5.0,N/A,"Ochoa-Pérez, M.| Juárez-Gómez, J.| Meneses-Aparicio, S.| Guzmán-Hernández, D.S.| Lara, V.| Rojas-Hernández, A.| Ramírez-Silva, M.T.",Consejo Nacional de Ciencia y Tecnologia Mexico| Universidad Autónoma Metropolitana,Mexico,0
6603801645,6603801645,Evaluation of activated composite membranes for the facilitated transport of phenol,"Pérez-Silva, I.| Galán-Vidal, C.A.| Ramírez-Silva, M.T.| Álvarez Romero, G.A.| Páez-Hernández, M.E.",5.0,54901735200| 6603437155| 6603801645| 55995905400| 56000741200,2018.0,2018-07-26,E-Polymers,18,4,313-319,-,ISSN-16187229,12916.0,Journal,European Polymer Federation,English,0.44,69,1.9,47,0.311,50,1.05,31.0,4.0,0.28,10.87,58.0,59.0,0.0,0.0,"Pérez-Silva, I., Galán-Vidal, C.A., Ramírez-Silva, M.T. and 2 more (...) (2018).Evaluation of activated composite membranes for the facilitated transport of phenol. E-Polymers,18(4) 313-319",https://www.scopus.com/record/display.url?eid=2-s2.0-85046538834&origin=resultslist,10.1515/epoly-2018-0002,Article,Hybrid gold,2-s2.0-85046538834,-,Universidad Autónoma Metropolitana| Universidad Autonoma del Estado de Hidalgo,505017| 505050,Academic,2.0,60027135| 60028381,Universidad Autónoma del Estado de Hidalgo| Universidad Autónoma Metropolitana -Unidad Iztapalapa,54901735200,56000741200,56000741200,-,Mexico,1.0,1500| 1606| 2507,General Chemical Engineering| Physical and Theoretical Chemistry| Polymers and Plastics,2| 4,Engineering & Technology| Natural Sciences,249| 219| 433| 409,Engineering - Petroleum| Engineering - Chemical| Materials Science| Chemistry,36| 37,Engineering| Physical Sciences,34,Chemical Sciences,3403,Macromolecular and materials chemistry,SDG 9| SDG 12,Ion Exchange and Lithium Recovery,486,91.563,Liquid Membrane Technologies for Metal Ion Extraction,3542,91.594,Very Good,2018.0,4.0,N/A,"Pérez-Silva, I.| Galán-Vidal, C.A.| Ramírez-Silva, M.T.| Álvarez Romero, G.A.| Páez-Hernández, M.E.",Universidad Autónoma Metropolitana| Universidad Autonoma del Estado de Hidalgo,Mexico,0
6603801645,6603801645,"Study of the interaction between polyphenol, quercetin and three micelles with different electric charges in acidic and aqueous media","Alva-Ensastegui, J.C.| Ramírez-Silva, M.T.",2.0,57201295949| 6603801645,2023.0,2023-09-01,Journal of the Indian Chemical Society,100,9,-,101063,ISSN-00194522,24097.0,Journal,Elsevier B.V.,English,0.58,56,3.5,53,0.351,58,0.62,11.0,4.0,0.39,10.19,43.0,55.0,0.0,0.0,"Alva-Ensastegui, J.C., Ramírez-Silva, M.T. (2023).Study of the interaction between polyphenol, quercetin and three micelles with different electric charges in acidic and aqueous media. Journal of the Indian Chemical Society,100(9) ",https://www.scopus.com/record/display.url?eid=2-s2.0-85169433073&origin=resultslist,10.1016/j.jics.2023.101063,Article,,2-s2.0-85169433073,-,Universidad Autónoma Metropolitana| Universidad Autonoma del Estado de Mexico,505017| 505051,Academic,2.0,60002281| 60028381,Universidad Autónoma del Estado de México| Universidad Autónoma Metropolitana -Unidad Iztapalapa,57201295949,6603801645,57201295949,-,Mexico,1.0,1603| 1604| 1605| 1606| 3002,Electrochemistry| Inorganic Chemistry| Organic Chemistry| Physical and Theoretical Chemistry| Drug Discovery,2| 5| 4,Engineering & Technology| Life Sciences & Medicine| Natural Sciences,409| 249| 537,Chemistry| Engineering - Petroleum| Pharmacy & Pharmacology,34| 37,Medical and Health| Physical Sciences,34,Chemical Sciences,-,-,-,Flavonoids and Their Impact on Health,124,91.825,Quercetin's Multifaceted Impact on Health,1256,98.76,Definitive,2023.0,4.0,N/A,"Alva-Ensastegui, J.C.| Ramírez-Silva, M.T.",Universidad Autónoma Metropolitana| Universidad Autonoma del Estado de Mexico,Mexico,0
6603801645,6603801645,Simultaneous Electrochemical Quantification of Foodstuff Dyes Allura Red and Tartrazine Using a Bare Carbon Paste Electrode,"Rivera-Hernández, S.I.| Corona-Avendano, S.| Vázquez-Huerta, G.| Palomar-Pardavé, M.| Romero-Romo, M.| Ramírez-Silva, M.T.",6.0,56664376400| 6507494250| 56002702300| 6603788018| 6602576873| 6603801645,2021.0,2021-05-01,Journal of the Electrochemical Society,168,5,-,057514,ISSN-00134651,25169.0,Journal,IOP Publishing Ltd,English,0.94,35,7,16,1.066,12,1.73,47.0,4.0,0.21,14.51,55.0,66.0,0.0,0.0,"Rivera-Hernández, S.I., Corona-Avendano, S., Vázquez-Huerta, G. and 3 more (...) (2021).Simultaneous Electrochemical Quantification of Foodstuff Dyes Allura Red and Tartrazine Using a Bare Carbon Paste Electrode. Journal of the Electrochemical Society,168(5) ",https://www.scopus.com/record/display.url?eid=2-s2.0-85107920885&origin=resultslist,10.1149/1945-7111/abff64,Article,,2-s2.0-85107920885,-,Universidad Autónoma Metropolitana,505017,Academic,1.0,60023193| 60028381,Universidad Autónoma Metropolitana - Azcapotzalco| Universidad Autónoma Metropolitana -Unidad Iztapalapa,56664376400,6603801645,-,-,Mexico,1.0,1603| 2105| 2504| 2505| 2508| 3104,"Electrochemistry| Renewable Energy, Sustainability and the Environment| Electronic, Optical and Magnetic Materials| Materials Chemistry| Surfaces, Coatings and Films| Condensed Matter Physics",2| 4,Engineering & Technology| Natural Sciences,409| 221| 433| 439,Chemistry| Engineering - Electrical & Electronic| Materials Science| Physics & Astronomy,37| 36,Physical Sciences| Engineering,40| 34,Engineering| Chemical Sciences,4016| 3406,Materials engineering| Physical chemistry,-,Innovative Methods for Dye Removal and Analysis,470,77.894,Synthetic Food Dyes and Detection Methods,12789,96.051,Definitive,2021.0,4.0,N/A,"Rivera-Hernández, S.I.| Corona-Avendano, S.| Vázquez-Huerta, G.| Palomar-Pardavé, M.| Romero-Romo, M.| Ramírez-Silva, M.T.",Universidad Autónoma Metropolitana,Mexico,0
6603801645,6603801645,Evaluation of the use of solvent impregnated resins in the analysis of salbutamol in human urine followed by capillary electrophoresis,"Pérez-Silva, I.| Ramírez-Silva, M.T.| Galán-Vidal, C.A.| Álvarez-Romero, G.A.| Rodríguez, J.A.| Páez-Hernández, M.E.",6.0,54901735200| 6603801645| 6603437155| 55995905400| 57202148624| 56000741200,2016.0,2016-08-01,Reactive and Functional Polymers,105,-,89-94,-,ISSN-13815148,14240.0,Journal,Elsevier B.V.,English,1.1,24,5.2,12,0.871,15,1.02,41.0,4.0,0.28,10.61,58.0,58.0,0.0,0.0,"Pérez-Silva, I., Ramírez-Silva, M.T., Galán-Vidal, C.A. and 3 more (...) (2016).Evaluation of the use of solvent impregnated resins in the analysis of salbutamol in human urine followed by capillary electrophoresis. Reactive and Functional Polymers,10589-94",https://www.scopus.com/record/display.url?eid=2-s2.0-84974604077&origin=resultslist,10.1016/j.reactfunctpolym.2016.05.018,Article,,2-s2.0-84974604077,-,Universidad Autónoma Metropolitana| Universidad Autonoma del Estado de Hidalgo,505017| 505050,Academic,2.0,60028381| 60027135,Universidad Autónoma Metropolitana -Unidad Iztapalapa| Universidad Autónoma del Estado de Hidalgo,54901735200,56000741200,56000741200,-,Mexico,1.0,1303| 1500| 1600| 2304| 2505| 2507,Biochemistry| General Chemical Engineering| General Chemistry| Environmental Chemistry| Materials Chemistry| Polymers and Plastics,4| 5| 2,Natural Sciences| Life Sciences & Medicine| Engineering & Technology,433| 507| 249| 219| 424| 409,Materials Science| Biological Sciences| Engineering - Petroleum| Engineering - Chemical| Environmental Sciences| Chemistry,32| 36| 37,Life Sciences| Engineering| Physical Sciences,34| 40,Chemical Sciences| Engineering,3403| 4004,Macromolecular and materials chemistry| Chemical engineering,-,Electrochemical Sensors and Molecular Imprinting Techniques,718,81.949,Clenbuterol and Ractopamine Detection Innovations,12065,87.263,Very Good,2016.0,4.0,N/A,"Pérez-Silva, I.| Ramírez-Silva, M.T.| Galán-Vidal, C.A.| Álvarez-Romero, G.A.| Rodríguez, J.A.| Páez-Hernández, M.E.",Universidad Autónoma Metropolitana| Universidad Autonoma del Estado de Hidalgo,Mexico,0
6603801645,6603801645,Development of a second type electrode based on the silver/silver ibuprofenate pair for ibuprofen quantification in pharmaceutical samples,"Rivera-Hernández, S.I.| Álvarez-Romero, G.A.| Corona-Avendaño, S.| Páez-Hernández, M.E.| Galán-Vidal, C.A.| Romero-Romo, M.| Ramírez-Silva, M.T.",7.0,56664376400| 55995905400| 6507494250| 56000741200| 6603437155| 6602576873| 6603801645,2017.0,2017-01-01,Quimica Nova,40,1,68-73,-,ISSN-01004042,21479.0,Journal,Sociedade Brasileira de Quimica,English,0.45,67,1.3,61,0.255,63,1.1,39.0,3.0,0.07,14.58,62.0,72.0,0.0,0.0,"Rivera-Hernández, S.I., Álvarez-Romero, G.A., Corona-Avendaño, S. and 4 more (...) (2017).Development of a second type electrode based on the silver/silver ibuprofenate pair for ibuprofen quantification in pharmaceutical samples. Quimica Nova,40(1) 68-73",https://www.scopus.com/record/display.url?eid=2-s2.0-85015973534&origin=resultslist,10.21577/0100-4042.20160166,Article,Gold|Green,2-s2.0-85015973534,-,Universidad Autónoma Metropolitana| Universidad Autonoma del Estado de Hidalgo,505017| 505050,Academic,2.0,60027135| 60023193| 60028381,Universidad Autónoma del Estado de Hidalgo| Universidad Autónoma Metropolitana - Azcapotzalco| Universidad Autónoma Metropolitana -Unidad Iztapalapa,56664376400,6603801645,-,-,Mexico,1.0,1600,General Chemistry,4,Natural Sciences,409,Chemistry,37,Physical Sciences,34,Chemical Sciences,-,-,-,Electrochemical Sensors and Molecular Imprinting Techniques,718,81.949,Sensitive Electrochemical Methods for Drug Quantification,67327,60.657,Very Good,2017.0,3.0,N/A,"Rivera-Hernández, S.I.| Álvarez-Romero, G.A.| Corona-Avendaño, S.| Páez-Hernández, M.E.| Galán-Vidal, C.A.| Romero-Romo, M.| Ramírez-Silva, M.T.",Universidad Autónoma Metropolitana| Universidad Autonoma del Estado de Hidalgo,Mexico,0
6603801645,6603801645,Electrochemical behaviour of API 5L X52 steel samples immersed in sulphate aqueous solutions with different pH,"Gil, P.M.| Julien, B.| Palomar-Pardavé, M.| de Oca-Yemha, M.G.M.| Ramírez-Silva, M.T.| Romero-Romo, M.",6.0,56117026900| 59428788400| 6603788018| 24399524500| 6603801645| 6602576873,2018.0,2018-04-01,International Journal of Electrochemical Science,13,4,3297-3308,-,ISSN-14523981,19200156944.0,Journal,Electrochemical Science Group,English,0.52,64,2.3,57,0.324,69,0.82,27.0,3.0,0.21,14.38,63.0,64.0,0.0,0.0,"Gil, P.M., Julien, B., Palomar-Pardavé, M. and 3 more (...) (2018).Electrochemical behaviour of API 5L X52 steel samples immersed in sulphate aqueous solutions with different pH. International Journal of Electrochemical Science,13(4) 3297-3308",https://www.scopus.com/record/display.url?eid=2-s2.0-85045007548&origin=resultslist,10.20964/2018.04.08,Article,Gold|Green,2-s2.0-85045007548,-,Institut national des sciences appliquées Lyon| Universidad Autónoma Metropolitana| Instituto Mexicano del Petroleo,314026| 505017| 505005,Government| Academic,3.0,60019271| 60016253| 60023193,Instituto Mexicano Del Petroleo| INSA Lyon| Universidad Autónoma Metropolitana - Azcapotzalco,56117026900,6602576873,-,-,Mexico| France,2.0,1603,Electrochemistry,4,Natural Sciences,409,Chemistry,37,Physical Sciences,34,Chemical Sciences,3401| 3406,Analytical chemistry| Physical chemistry,-,Electrodeposition Techniques for Enhanced Coating Properties,1019,29.627,Electrodeposition Mechanisms in Nanostructured Materials,15817,78.905,Definitive,2018.0,3.0,N/A,"Gil, P.M.| Julien, B.| Palomar-Pardavé, M.| de Oca-Yemha, M.G.M.| Ramírez-Silva, M.T.| Romero-Romo, M.",Institut national des sciences appliquées Lyon| Universidad Autónoma Metropolitana| Instituto Mexicano del Petroleo,Mexico| France,0
6603801645,6603801645,Electrocatalytic oxidation of formic acid in acid medium at Pd electrodeposited onto TiO2 nanotubes,"Aldana-González, J.| Uruchurtu-Chavarin, J.| Montes de Oca, M.G.| Ramírez-Silva, M.T.| Palomar-Pardavé, M.| Romero-Romo, M.",6.0,55842149700| 6602981882| 24399524500| 6603801645| 6603788018| 6602576873,2016.0,2016-01-01,International Journal of Electrochemical Science,11,11,9402-9412,-,ISSN-14523981,19200156944.0,Journal,Electrochemical Science Group,English,0.82,39,3.1,57,0.426,57,0.91,41.0,3.0,0.08,12.35,62.0,70.0,0.0,0.0,"Aldana-González, J., Uruchurtu-Chavarin, J., Montes de Oca, M.G. and 3 more (...) (2016).Electrocatalytic oxidation of formic acid in acid medium at Pd electrodeposited onto TiO2 nanotubes. International Journal of Electrochemical Science,11(11) 9402-9412",https://www.scopus.com/record/display.url?eid=2-s2.0-84997159403&origin=resultslist,10.20964/2016.11.54,Article,Gold|Green,2-s2.0-84997159403,-,Universidad Autonoma del Estado de Morelos| Universidad Autónoma Metropolitana,505016| 505017,Academic,2.0,60023193| 60025626| 60028381,Universidad Autónoma Metropolitana - Azcapotzalco| Universidad Autónoma del Estado de Morelos| Universidad Autónoma Metropolitana -Unidad Iztapalapa,55842149700,6602576873,6602576873,-,Mexico,1.0,1603,Electrochemistry,4,Natural Sciences,409,Chemistry,37,Physical Sciences,34,Chemical Sciences,3401| 3406,Analytical chemistry| Physical chemistry,-,Fuel Cells and Polymer Electrolytes,79,97.646,Catalytic Innovations in Formic Acid Fuel Cells,13583,92.101,Definitive,2016.0,3.0,N/A,"Aldana-González, J.| Uruchurtu-Chavarin, J.| Montes de Oca, M.G.| Ramírez-Silva, M.T.| Palomar-Pardavé, M.| Romero-Romo, M.",Universidad Autonoma del Estado de Morelos| Universidad Autónoma Metropolitana,Mexico,0
6603801645,6603801645,"Hydrocortisone UV-Vis Spectrophotometric Study: Stability, Determination of Its Acidity Constants and Quantification","Ramos-Reyes, G.M.| Corona-Avendaño, S.| Ramírez-Silva, M.T.| Romero-Romo, M.| Palomar-Pardavé, M.",5.0,57997426400| 6507494250| 6603801645| 6602576873| 6603788018,2024.0,2024-03-01,Journal of Applied Spectroscopy,91,1,218-227,-,ISSN-00219037,12155.0,Journal,Springer,English,0.41,71,1.3,81,0.213,81,1.63,21.0,1.0,0.14,6.91,56.0,67.0,0.0,0.0,"Ramos-Reyes, G.M., Corona-Avendaño, S., Ramírez-Silva, M.T. and 2 more (...) (2024).Hydrocortisone UV-Vis Spectrophotometric Study: Stability, Determination of Its Acidity Constants and Quantification. Journal of Applied Spectroscopy,91(1) 218-227",https://www.scopus.com/record/display.url?eid=2-s2.0-85186892108&origin=resultslist,10.1007/s10812-024-01709-9,Article,,2-s2.0-85186892108,-,Universidad Autónoma Metropolitana,505017,Academic,1.0,60023193| 60028381,Universidad Autónoma Metropolitana - Azcapotzalco| Universidad Autónoma Metropolitana -Unidad Iztapalapa,57997426400,6603788018,6507494250| 6603801645,-,Mexico,1.0,1607| 3104,Spectroscopy| Condensed Matter Physics,4,Natural Sciences,439| 409,Physics & Astronomy| Chemistry,37,Physical Sciences,40| 32| 34,Engineering| Biomedical And Clinical Sciences| Chemical Sciences,3212| 4013| 3403,Ophthalmology and optometry| Geomatic engineering| Macromolecular and materials chemistry,-,Oxytocin and Cortisol in Behavioral Neuroscience,680,48.463,Cortisol Detection Technologies for Health Monitoring,74534,90.282,Definitive,2024.0,1.0,N/A,"Ramos-Reyes, G.M.| Corona-Avendaño, S.| Ramírez-Silva, M.T.| Romero-Romo, M.| Palomar-Pardavé, M.",Universidad Autónoma Metropolitana,Mexico,0
