Autor,Autor_ID,Title,Authors,Number of Authors,Scopus Author Ids,Year,Full date,Scopus Source title,Volume,Issue,Pages,Article number,ISSN,Source ID,Source type,Publisher,Language,SNIP (publication year),SNIP percentile (publication year) *,CiteScore (publication year),CiteScore percentile (publication year) *,SJR (publication year),SJR percentile (publication year) *,Field-Weighted View Impact,Views,Citations,Field-Weighted Citation Impact,Field-Citation Average,"Outputs in Top Citation Percentiles, per percentile","Field-Weighted Outputs in Top Citation Percentiles, per percentile",Main patent families,Policy citations,Reference,Abstract,DOI,Publication type,Open Access,EID,PubMed ID,Institutions,Institution IDs,Sector,Number of Institutions,Scopus Affiliation IDs,Scopus Affiliation names,Scopus Author ID First Author,Scopus Author ID Last Author,Scopus Author ID Corresponding Author,Scopus Author ID Single Author,Country/Region,Number of Countries/Regions,All Science Journal Classification (ASJC) code,All Science Journal Classification (ASJC) field name,Quacquarelli Symonds (QS) Subject area code,Quacquarelli Symonds (QS) Subject area field name,Quacquarelli Symonds (QS) Subject code,Quacquarelli Symonds (QS) Subject field name,Times Higher Education (THE) code,Times Higher Education (THE) field name,ANZSRC FoR (2020) parent code,ANZSRC FoR (2020) parent name,ANZSRC FoR (2020) code,ANZSRC FoR (2020) name,Sustainable Development Goals (2025),Topic Cluster name,Topic Cluster number,Topic Cluster Prominence Percentile,Topic name,Topic number,Topic Prominence Percentile,Publication link to Topic strength,Año,Citas,Colaboracion,Autores,Instituciones,Regiones,Instituciones_Nacionales
56000734700,56000734700,Curcumin effectively inhibits oncogenic NF-κB signaling and restrains stemness features in liver cancer,"Marquardt, J.U.| Gomez-Quiroz, L.| Arreguin Camacho, L.O.| Pinna, F.| Lee, Y.-H.| Kitade, M.| Domínguez, M.P.| Castven, D.| Breuhahn, K.| Conner, E.A.| Galle, P.R.| Andersen, J.B.| Factor, V.M.| Thorgeirsson, S.S.",14.0,36096818000| 56000734700| 56705519600| 22952021300| 35754480200| 35553682400| 55839214600| 56705376400| 6603321273| 7006581554| 35373462100| 26540929900| 7003497054| 35434346900,2015.0,2015-09-01,Journal of Hepatology,63,3,661-669,5656,ISSN-01688278,25297.0,Journal,Elsevier B.V.,English,3.5,2,19.6,1,4.686,3,2.22,54.0,285.0,2.92,18.16,1.0,8.0,0.0,0.0,"Marquardt, J.U., Gomez-Quiroz, L., Arreguin Camacho, L.O. and 11 more (...) (2015).Curcumin effectively inhibits oncogenic NF-κB signaling and restrains stemness features in liver cancer. Journal of Hepatology,63(3) 661-669",https://www.scopus.com/record/display.url?eid=2-s2.0-84939270207&origin=resultslist,10.1016/j.jhep.2015.04.018,Article,Green,2-s2.0-84939270207,26466409,National Institutes of Health| University of Copenhagen| Universidad Autónoma Metropolitana| Heidelberg University | Johannes Gutenberg University Mainz,508156| 310011| 505017| 309076| 309084,Academic| Government,5.0,60013409| 60006577| 60031216| 60028381| 60003280| 60030840| 60083854,National Cancer Institute (NCI)| National Institutes of Health (NIH)| Johannes Gutenberg-Universität Mainz| Universidad Autónoma Metropolitana -Unidad Iztapalapa| Universitätsklinikum Heidelberg| Københavns Universitet| Biotech Research & Innovation Centre,36096818000,35434346900,36096818000,-,Mexico| United States| Germany| Denmark,4.0,2721,Hepatology,5,Life Sciences & Medicine,532,Medicine,34,Medical and Health,32,Biomedical And Clinical Sciences,3202,Clinical sciences,SDG 3,Flavonoids and Their Impact on Health,124,91.825,Curcumin's Multifaceted Impact on Cancer Therapy,140,99.494,Very Good,2015.0,285.0,N/A,"Marquardt, J.U.| Gomez-Quiroz, L.| Arreguin Camacho, L.O.| Pinna, F.| Lee, Y.-H.| Kitade, M.| Domínguez, M.P.| Castven, D.| Breuhahn, K.| Conner, E.A.| Galle, P.R.| Andersen, J.B.| Factor, V.M.| Thorgeirsson, S.S.",National Institutes of Health| University of Copenhagen| Universidad Autónoma Metropolitana| Heidelberg University | Johannes Gutenberg University Mainz,Mexico| United States| Germany| Denmark,0
56000734700,56000734700,Cholesterol burden in the liver induces mitochondrial dynamic changes and resistance to apoptosis,"Domínguez-Pérez, M.| Simoni-Nieves, A.| Rosales, P.| Nuño-Lámbarri, N.| Rosas-Lemus, M.| Souza, V.| Miranda, R.U.| Bucio, L.| Uribe Carvajal, S.| Marquardt, J.U.| Seo, D.| Gomez-Quiroz, L.E.| Gutiérrez-Ruiz, M.C.",13.0,55935050800| 57197856358| 57191040184| 57189267060| 55789855400| 55993744400| 36017234400| 55989671200| 55653269200| 36096818000| 36601393800| 56000734700| 7004019071,2019.0,2019-05-01,Journal of Cellular Physiology,234,5,7213-7223,-,ISSN-00219541,23455.0,Journal,Wiley-Liss Inc.,English,1.19,22,5.2,27,1.267,14,3.5,82.0,66.0,3.5,12.84,6.0,6.0,0.0,0.0,"Domínguez-Pérez, M., Simoni-Nieves, A., Rosales, P. and 10 more (...) (2019).Cholesterol burden in the liver induces mitochondrial dynamic changes and resistance to apoptosis. Journal of Cellular Physiology,234(5) 7213-7223",https://www.scopus.com/record/display.url?eid=2-s2.0-85053673945&origin=resultslist,10.1002/jcp.27474,Article,,2-s2.0-85053673945,30239004,Fundación Clínica Médica Sur| Universidad Autónoma Metropolitana| Macrogen Inc| Instituto Nacional de Medicina Genomica| Johannes Gutenberg University Mainz| Instituto Nacional de Cardiologia Ignacio Chavez| Universidad Nacional Autónoma de México,717814| 505017| 709486| 707723| 309084| 505008| 505023,Medical| Academic| Government| Corporate,7.0,60028381| 60095231| 60032216| 60032442| 60069652| 60010748| 60031216| 60111896,"Universidad Autónoma Metropolitana -Unidad Iztapalapa| Instituto Nacional de Medicina Genómica| Fundacion Clinica Medica Sur| Universidad Nacional Autónoma de México| Instituto de Fisiologia Celular de la UNAM| Instituto Nacional de Cardiologia Ignacio Chavez| Johannes Gutenberg-Universität Mainz| Macrogen, Inc.",55935050800,7004019071,7004019071,-,Mexico| United States| Germany,3.0,1307| 1308| 1314,Cell Biology| Clinical Biochemistry| Physiology,5,Life Sciences & Medicine,507| 503,Biological Sciences| Anatomy & Physiology,32,Life Sciences,31| 32,Biological Sciences| Biomedical And Clinical Sciences,3208| 3101| 3109,Medical physiology| Biochemistry and cell biology| Zoology,SDG 3,Hepatocyte Dynamics in Liver Health and Disease,797,47.547,Hepatocyte Growth Factor in Cellular Dynamics,7141,65.994,Defensible,2019.0,66.0,N/A,"Domínguez-Pérez, M.| Simoni-Nieves, A.| Rosales, P.| Nuño-Lámbarri, N.| Rosas-Lemus, M.| Souza, V.| Miranda, R.U.| Bucio, L.| Uribe Carvajal, S.| Marquardt, J.U.| Seo, D.| Gomez-Quiroz, L.E.| Gutiérrez-Ruiz, M.C.",Fundación Clínica Médica Sur| Universidad Autónoma Metropolitana| Macrogen Inc| Instituto Nacional de Medicina Genomica| Johannes Gutenberg University Mainz| Instituto Nacional de Cardiologia Ignacio Chavez| Universidad Nacional Autónoma de México,Mexico| United States| Germany,0
56000734700,56000734700,Oxidative status in testis and epididymal sperm parameters after acute and chronic stress by cold-water immersion in the adult rat,"García-Díaz, E.C.| Gómez-Quiroz, L.E.| Arenas-Ríos, E.| Aragón-Martínez, A.| Ibarra-Arias, J.A.| Retana-Márquez, M.D.S.I.",6.0,55048678400| 56000734700| 11540211600| 56453399300| 56662165400| 56055644000,2015.0,2015-06-01,Systems Biology in Reproductive Medicine,61,3,150-160,-,ISSN-19396368,11700154736.0,Journal,Informa Healthcare,English,0.69,49,2.9,27,0.536,40,2.42,71.0,62.0,1.64,7.92,9.0,17.0,0.0,0.0,"García-Díaz, E.C., Gómez-Quiroz, L.E., Arenas-Ríos, E. and 3 more (...) (2015).Oxidative status in testis and epididymal sperm parameters after acute and chronic stress by cold-water immersion in the adult rat. Systems Biology in Reproductive Medicine,61(3) 150-160",https://www.scopus.com/record/display.url?eid=2-s2.0-84930176894&origin=resultslist,10.3109/19396368.2015.1008071,Article,Bronze,2-s2.0-84930176894,25640572,Universidad Autónoma de Tamaulipas| Universidad Autónoma Metropolitana| Universidad Anáhuac,714293| 505017| 702750,Academic,3.0,60028381| 60019607| 60027461,Universidad Autónoma Metropolitana -Unidad Iztapalapa| Universidad Autónoma de Tamaulipas| Universidad Anáhuac México,55048678400,56055644000,56055644000,-,Mexico,1.0,2743| 2748,Reproductive Medicine| Urology,5,Life Sciences & Medicine,532,Medicine,34,Medical and Health,31| 32,Biological Sciences| Biomedical And Clinical Sciences,3215| 3109,Reproductive medicine| Zoology,-,Pituitary Gland Disorders and Hormonal Regulation,68,57.881,Corticosterone Effects on Leydig Cell Function,66483,26.429,Defensible,2015.0,62.0,N/A,"García-Díaz, E.C.| Gómez-Quiroz, L.E.| Arenas-Ríos, E.| Aragón-Martínez, A.| Ibarra-Arias, J.A.| Retana-Márquez, M.D.S.I.",Universidad Autónoma de Tamaulipas| Universidad Autónoma Metropolitana| Universidad Anáhuac,Mexico,0
56000734700,56000734700,Acetylcholinesterase is associated with a decrease in cell proliferation of hepatocellular carcinoma cells,"Pérez-Aguilar, B.| Vidal, C.J.| Palomec, G.| García-Dolores, F.| Gutiérrez-Ruiz, M.C.| Bucio, L.| Gómez-Olivares, J.L.| Gómez-Quiroz, L.E.",8.0,56595152200| 55430198000| 56595225200| 55331834800| 7004019071| 55989671200| 6503993523| 56000734700,2015.0,2015-07-01,Biochimica et Biophysica Acta - Molecular Basis of Disease,1852,7,1380-1387,-,ISSN-09254439,21722.0,Journal,Elsevier,English,1.53,11,9.7,9,2.818,8,2.24,49.0,55.0,1.85,11.35,10.0,15.0,0.0,0.0,"Pérez-Aguilar, B., Vidal, C.J., Palomec, G. and 5 more (...) (2015).Acetylcholinesterase is associated with a decrease in cell proliferation of hepatocellular carcinoma cells. Biochimica et Biophysica Acta - Molecular Basis of Disease,1852(7) 1380-1387",https://www.scopus.com/record/display.url?eid=2-s2.0-84927720992&origin=resultslist,10.1016/j.bbadis.2015.04.003,Article,,2-s2.0-84927720992,25869328,Universidad Autónoma Metropolitana| University of Murcia,505017| 312028,Academic,2.0,60028381| 60000130| 115604893,Universidad Autónoma Metropolitana -Unidad Iztapalapa| Universidad de Murcia| Mexico D.F,56595152200,56000734700,6503993523,-,Spain| Mexico,2.0,1312| 1313,Molecular Biology| Molecular Medicine,5,Life Sciences & Medicine,532| 507,Medicine| Biological Sciences,32,Life Sciences,32| 31,Biomedical And Clinical Sciences| Biological Sciences,3205| 3101,Medical biochemistry and metabolomics| Biochemistry and cell biology,SDG 3,Innovative Approaches in Acetylcholinesterase Inhibition,848,43.362,Acetylcholinesterase Function in Cholinergic Systems,11178,66.251,Very Good,2015.0,55.0,N/A,"Pérez-Aguilar, B.| Vidal, C.J.| Palomec, G.| García-Dolores, F.| Gutiérrez-Ruiz, M.C.| Bucio, L.| Gómez-Olivares, J.L.| Gómez-Quiroz, L.E.",Universidad Autónoma Metropolitana| University of Murcia,Spain| Mexico,0
56000734700,56000734700,Cadmium exposure exacerbates hyperlipidemia in cholesterol-overloaded hepatocytes via autophagy dysregulation,"Rosales-Cruz, P.| Domínguez-Pérez, M.| Reyes-Zárate, E.| Bello-Monroy, O.| Enríquez-Cortina, C.| Miranda-Labra, R.| Bucio, L.| Gómez-Quiroz, L.E.| Rojas-Del Castillo, E.| Gutiérrez-Ruíz, M.C.| Souza-Arroyo, V.",11.0,57191040184| 55935050800| 57189002017| 55838918400| 55573866600| 36017234400| 15736680000| 56000734700| 7102863871| 7004019071| 55993744400,2018.0,2018-04-01,Toxicology,398-399,-,41-51,-,ISSN-0300483X,25219.0,Journal,Elsevier Ireland Ltd,English,1.05,28,6.2,16,1.025,21,1.62,44.0,42.0,0.91,12.15,13.0,31.0,0.0,0.0,"Rosales-Cruz, P., Domínguez-Pérez, M., Reyes-Zárate, E. and 8 more (...) (2018).Cadmium exposure exacerbates hyperlipidemia in cholesterol-overloaded hepatocytes via autophagy dysregulation. Toxicology,398-39941-51",https://www.scopus.com/record/display.url?eid=2-s2.0-85043310845&origin=resultslist,10.1016/j.tox.2018.02.007,Article,,2-s2.0-85043310845,29486218,Universidad Autónoma Metropolitana| Instituto Nacional de Medicina Genomica| Instituto Nacional de Cardiologia Ignacio Chavez| Universidad Nacional Autónoma de México,505017| 707723| 505008| 505023,Academic| Government,4.0,60028381| 60095231| 60010748| 60032442,Universidad Autónoma Metropolitana -Unidad Iztapalapa| Instituto Nacional de Medicina Genómica| Instituto Nacional de Cardiologia Ignacio Chavez| Universidad Nacional Autónoma de México,57191040184,55993744400,7004019071,-,Mexico,1.0,3005,Toxicology,5,Life Sciences & Medicine,537,Pharmacy & Pharmacology,32,Life Sciences,32,Biomedical And Clinical Sciences,3214,Pharmacology and pharmaceutical sciences,-,Health Risks of Lead and Cadmium Exposure,824,62.263,Cadmium Toxicity and Cellular Mechanisms of Response,2121,97.723,Very Good,2018.0,42.0,N/A,"Rosales-Cruz, P.| Domínguez-Pérez, M.| Reyes-Zárate, E.| Bello-Monroy, O.| Enríquez-Cortina, C.| Miranda-Labra, R.| Bucio, L.| Gómez-Quiroz, L.E.| Rojas-Del Castillo, E.| Gutiérrez-Ruíz, M.C.| Souza-Arroyo, V.",Universidad Autónoma Metropolitana| Instituto Nacional de Medicina Genomica| Instituto Nacional de Cardiologia Ignacio Chavez| Universidad Nacional Autónoma de México,Mexico,0
56000734700,56000734700,Animal model of acute gout reproduces the inflammatory and ultrasonographic joint changes of human gout,"Pineda, C.| Fuentes-Gómez, A.J.| Hernández-Díaz, C.| Zamudio-Cuevas, Y.| Fernández-Torres, J.| López-Macay, A.| Alba-Sánchez, I.| Camacho-Galindo, J.| Ventura, L.| Gómez-Quiróz, L.E.| Gutiérrez-Ruíz, M.C.| García-Vázquez, F.| Reginato, A.M.| Gutiérrez, M.| López-Reyes, A.",15.0,55989786100| 56021808700| 25824331600| 56022186700| 56789952200| 55533456800| 56611958600| 8313575400| 24178076600| 56000734700| 7004019071| 37013017700| 36437479200| 26635137500| 15837159600,2015.0,2015-12-14,Arthritis Research and Therapy,17,1,-,37,ISSN-14786354,27592.0,Journal,BioMed Central Ltd.,English,1.37,15,6.8,22,1.955,17,1.86,32.0,40.0,0.67,11.9,15.0,39.0,0.0,0.0,"Pineda, C., Fuentes-Gómez, A.J., Hernández-Díaz, C. and 12 more (...) (2015).Animal model of acute gout reproduces the inflammatory and ultrasonographic joint changes of human gout. Arthritis Research and Therapy,17(1) ",https://www.scopus.com/record/display.url?eid=2-s2.0-84928752473&origin=resultslist,10.1186/s13075-015-0550-4,Article,Gold|Green,2-s2.0-84928752473,25889158,Brown University| Marche Polytechnic University| Universidad Autónoma Metropolitana| Instituto Nacional de Rehabilitación| Lifespan| Rhode Island Hospital| Instituto Politécnico Nacional| Instituto Nacional de Pediatria,508018| 321034| 505017| 715278| 722043| 709823| 505011| 505041,Medical| Academic| Government,8.0,60084250| 60028381| 60004914| 60011460| 60017866| 60009796| 60031624| 60019176,Instituto Nacional de Rehabilitación| Universidad Autónoma Metropolitana -Unidad Iztapalapa| Instituto Nacional de Pediatría| Brown University| Rhode Island Hospital| The Warren Alpert Medical School| Università Politecnica delle Marche| Instituto Politécnico Nacional,55989786100,15837159600,15837159600,-,Mexico| United States| Italy,3.0,2403| 2723| 2745,Immunology| Immunology and Allergy| Rheumatology,5,Life Sciences & Medicine,507| 532,Biological Sciences| Medicine,32| 34,Life Sciences| Medical and Health,32,Biomedical And Clinical Sciences,3204| 3202,Immunology| Clinical sciences,-,Uric Acid and Inflammatory Disease Management,772,66.972,Gout Diagnosis and Imaging Techniques in Patients,16020,79.312,Very Good,2015.0,40.0,N/A,"Pineda, C.| Fuentes-Gómez, A.J.| Hernández-Díaz, C.| Zamudio-Cuevas, Y.| Fernández-Torres, J.| López-Macay, A.| Alba-Sánchez, I.| Camacho-Galindo, J.| Ventura, L.| Gómez-Quiróz, L.E.| Gutiérrez-Ruíz, M.C.| García-Vázquez, F.| Reginato, A.M.| Gutiérrez, M.| López-Reyes, A.",Brown University| Marche Polytechnic University| Universidad Autónoma Metropolitana| Instituto Nacional de Rehabilitación| Lifespan| Rhode Island Hospital| Instituto Politécnico Nacional| Instituto Nacional de Pediatria,Mexico| United States| Italy,0
56000734700,56000734700,Cholesterol overload in the liver aggravates oxidative stressmediated DNA damage and accelerates hepatocarcinogenesis,"Enríquez-Cortina, C.| Bello-Monroy, O.| Rosales-Cruz, P.| Souza, V.| Miranda, R.U.| Toledo-Pérez, R.| Luna-López, A.L.| Simoni-Nieves, A.| Hernández-Pando, R.| Gutiérrez-Ruiz, M.C.| Calvisi, D.F.| Marquardt, J.U.| Bucio, L.| Gomez-Quiroz, L.E.",14.0,55573866600| 55838918400| 57191040184| 55993744400| 36017234400| 57197785094| 56013551000| 57197856358| 7007157049| 7004019071| 6602483208| 36096818000| 15736680000| 56000734700,2017.0,2017-01-01,Oncotarget,8,61,104136-104148,-,ISSN-19492553,19900191708.0,Journal,Impact Journals LLC,English,1.06,26,4.9,34,1.942,16,1.39,26.0,37.0,1.07,13.13,15.0,27.0,0.0,0.0,"Enríquez-Cortina, C., Bello-Monroy, O., Rosales-Cruz, P. and 11 more (...) (2017).Cholesterol overload in the liver aggravates oxidative stressmediated DNA damage and accelerates hepatocarcinogenesis. Oncotarget,8(61) 104136-104148",https://www.scopus.com/record/display.url?eid=2-s2.0-85035337585&origin=resultslist,10.18632/oncotarget.22024,Article,Gold|Green,2-s2.0-85035337585,29262627,Instituto Nacional de Geriatría| University of Greifswald| Universidad Autónoma Metropolitana| Johannes Gutenberg University Mainz| Instituto Nacional de Ciencias Medicas y Nutricion Salvador Zubiran,714711| 309074| 505017| 309084| 505009,Other| Academic| Government,5.0,60028381| 60108388| 60009149| 60021311| 60031216,Universidad Autónoma Metropolitana -Unidad Iztapalapa| Instituto Nacional de Geriatría| Instituto Nacional de la Nutrición Salvador Zubiran| Universität Greifswald| Johannes Gutenberg-Universität Mainz,55573866600,56000734700,56000734700,-,Mexico| Germany,2.0,2730,Oncology,5,Life Sciences & Medicine,532,Medicine,34,Medical and Health,32,Biomedical And Clinical Sciences,3211,Oncology and carcinogenesis,SDG 3,Cellular Mechanisms Linking Diabetes and Cancer Risk,254,66.514,Fatty Acid Synthase and Lipid Metabolism in Cancer,9333,97.526,Defensible,2017.0,37.0,N/A,"Enríquez-Cortina, C.| Bello-Monroy, O.| Rosales-Cruz, P.| Souza, V.| Miranda, R.U.| Toledo-Pérez, R.| Luna-López, A.L.| Simoni-Nieves, A.| Hernández-Pando, R.| Gutiérrez-Ruiz, M.C.| Calvisi, D.F.| Marquardt, J.U.| Bucio, L.| Gomez-Quiroz, L.E.",Instituto Nacional de Geriatría| University of Greifswald| Universidad Autónoma Metropolitana| Johannes Gutenberg University Mainz| Instituto Nacional de Ciencias Medicas y Nutricion Salvador Zubiran,Mexico| Germany,0
56000734700,56000734700,Intrinsic and extrinsic apoptotic pathways are involved in rat testis by cold water immersion-induced acute and chronic stress,"Juárez-Rojas, A.L.| García-Lorenzana, M.| Aragón-Martínez, A.| Gómez-Quiroz, L.E.| Del Socorro Retana-Márquez, M.",5.0,56716215600| 15744964200| 56453399300| 56000734700| 56055644000,2015.0,2015-08-01,Systems Biology in Reproductive Medicine,61,4,211-221,-,ISSN-19396368,11700154736.0,Journal,Taylor and Francis Ltd.,English,0.69,49,2.9,27,0.536,40,1.05,26.0,34.0,0.5,7.92,18.0,45.0,0.0,0.0,"Juárez-Rojas, A.L., García-Lorenzana, M., Aragón-Martínez, A. and 2 more (...) (2015).Intrinsic and extrinsic apoptotic pathways are involved in rat testis by cold water immersion-induced acute and chronic stress. Systems Biology in Reproductive Medicine,61(4) 211-221",https://www.scopus.com/record/display.url?eid=2-s2.0-84936759160&origin=resultslist,10.3109/19396368.2015.1030473,Article,,2-s2.0-84936759160,25867867,Universidad Autónoma de Tamaulipas| Universidad Autónoma Metropolitana,714293| 505017,Academic,2.0,60028381| 60019607,Universidad Autónoma Metropolitana -Unidad Iztapalapa| Universidad Autónoma de Tamaulipas,56716215600,56055644000,56055644000,-,Mexico,1.0,2743| 2748,Reproductive Medicine| Urology,5,Life Sciences & Medicine,532,Medicine,34,Medical and Health,31| 32,Biological Sciences| Biomedical And Clinical Sciences,3215| 3109,Reproductive medicine| Zoology,-,Induced Pluripotent Stem Cells in Regenerative Medicine,253,65.991,Spermatogenesis and Apoptosis in Testicular Health,20184,75.705,Very Good,2015.0,34.0,N/A,"Juárez-Rojas, A.L.| García-Lorenzana, M.| Aragón-Martínez, A.| Gómez-Quiroz, L.E.| Del Socorro Retana-Márquez, M.",Universidad Autónoma de Tamaulipas| Universidad Autónoma Metropolitana,Mexico,0
56000734700,56000734700,Hepatocyte growth factor reduces free cholesterol-mediated lipotoxicity in primary hepatocytes by countering oxidative stress,"Domínguez-Pérez, M.| Nuño-Lámbarri, N.| Clavijo-Cornejo, D.| Luna-López, A.| Souza, V.| Bucio, L.| Miranda, R.U.| Muñoz, L.| Gomez-Quiroz, L.E.| Uribe-Carvajal, S.| Gutiérrez-Ruiz, M.C.",11.0,55935050800| 57189267060| 55573688100| 56013551000| 55993744400| 55989671200| 36017234400| 7101704154| 56000734700| 55653269200| 7004019071,2016.0,2016-01-01,Oxidative Medicine and Cellular Longevity,2016,-,-,7960386,ISSN-19420900,19700175026.0,Journal,Hindawi Publishing Corporation,English,1.49,12,5.6,28,1.547,10,1.9,44.0,32.0,1.06,12.26,18.0,28.0,0.0,0.0,"Domínguez-Pérez, M., Nuño-Lámbarri, N., Clavijo-Cornejo, D. and 8 more (...) (2016).Hepatocyte growth factor reduces free cholesterol-mediated lipotoxicity in primary hepatocytes by countering oxidative stress. Oxidative Medicine and Cellular Longevity,2016",https://www.scopus.com/record/display.url?eid=2-s2.0-84966430860&origin=resultslist,10.1155/2016/7960386,Article,Hybrid gold|Green,2-s2.0-84966430860,27143995,Instituto Nacional de Geriatría| Universidad Autonoma de Nuevo Leon| Universidad Autónoma Metropolitana| Instituto Nacional de Rehabilitación| Universidad Nacional Autónoma de México,714711| 505013| 505017| 715278| 505023,Other| Medical| Academic,5.0,60028381| 107019362| 60084250| 60108388| 60013839| 60025417| 60018249| 60032442,Universidad Autónoma Metropolitana -Unidad Iztapalapa| Fundación Médica Sur| Instituto Nacional de Rehabilitación| Instituto Nacional de Geriatría| Secretaria de Salud| Universidad Autónoma de Nuevo León| Hospital Universitario Dr. Jose Eleuterio Gonzalez| Universidad Nacional Autónoma de México,55935050800,7004019071,7004019071,-,Mexico,1.0,1302| 1303| 1307,Aging| Biochemistry| Cell Biology,5,Life Sciences & Medicine,507,Biological Sciences,32,Life Sciences,42| 32,Health Sciences| Biomedical And Clinical Sciences,-,-,-,Hepatocyte Dynamics in Liver Health and Disease,797,47.547,Hepatocyte Growth Factor in Cellular Dynamics,7141,65.994,Very Good,2016.0,32.0,N/A,"Domínguez-Pérez, M.| Nuño-Lámbarri, N.| Clavijo-Cornejo, D.| Luna-López, A.| Souza, V.| Bucio, L.| Miranda, R.U.| Muñoz, L.| Gomez-Quiroz, L.E.| Uribe-Carvajal, S.| Gutiérrez-Ruiz, M.C.",Instituto Nacional de Geriatría| Universidad Autonoma de Nuevo Leon| Universidad Autónoma Metropolitana| Instituto Nacional de Rehabilitación| Universidad Nacional Autónoma de México,Mexico,0
56000734700,56000734700,GDF11 exhibits tumor suppressive properties in hepatocellular carcinoma cells by restricting clonal expansion and invasion,"Gerardo-Ramírez, M.| Lazzarini-Lechuga, R.| Hernández-Rizo, S.| Jiménez-Salazar, J.E.| Simoni-Nieves, A.| García-Ruiz, C.| Fernández-Checa, J.C.| Marquardt, J.U.| Coulouarn, C.| Gutiérrez-Ruiz, M.C.| Pérez-Aguilar, B.| Gomez-Quiroz, L.E.",12.0,57201998149| 56063896900| 57207829280| 56154429000| 57197856358| 57210820683| 7006683009| 36096818000| 14017664700| 7004019071| 56595152200| 56000734700,2019.0,2019-06-01,Biochimica et Biophysica Acta - Molecular Basis of Disease,1865,6,1540-1554,-,ISSN-09254439,21722.0,Journal,Elsevier B.V.,English,1.14,24,7.7,17,1.649,18,1.02,25.0,32.0,1.01,14.84,16.0,29.0,0.0,0.0,"Gerardo-Ramírez, M., Lazzarini-Lechuga, R., Hernández-Rizo, S. and 9 more (...) (2019).GDF11 exhibits tumor suppressive properties in hepatocellular carcinoma cells by restricting clonal expansion and invasion. Biochimica et Biophysica Acta - Molecular Basis of Disease,1865(6) 1540-1554",https://www.scopus.com/record/display.url?eid=2-s2.0-85062991211&origin=resultslist,10.1016/j.bbadis.2019.03.003,Article,Green,2-s2.0-85062991211,30890427,CSIC| Université de Rennes| Universidad Autónoma Metropolitana| Centro de Investigación Biomédica en Red| INRAE| Institut national de la santé et de la recherche médicale| CSIC - Institute of Biomedical Research of Barcelona| Instituto de Salud Carlos III| Johannes Gutenberg University Mainz| Universidad Nacional Autónoma de México| Instituto Nacional de Cardiologia Ignacio Chavez,312004| 314065| 505017| 724421| 314023| 314027| 714775| 312009| 309084| 505023| 505008,Government| Academic,11.0,60028381| 60078879| 60002928| 60030315| 60006754| 60022135| 60031216| 60112105| 60000905| 60123163| 60030553| 60010748| 60032442| 60013259,"Universidad Autónoma Metropolitana -Unidad Iztapalapa| Centro de Investigación Biomédica en Red de Enfermedades Hepáticas y Digestivas| CSIC - Instituto de Investigaciones Biomedicas de Barcelona (IIBB)| Hospital Clínic de Barcelona| Consejo Superior de Investigaciones Científicas| Universitätsmedizin Mainz| Johannes Gutenberg-Universität Mainz| Nutrition, Métabolismes et Cancer| Inserm| INRAE| Université de Rennes| Instituto Nacional de Cardiologia Ignacio Chavez| Universidad Nacional Autónoma de México| Instituto de Investigaciones Biomedicas de la UNAM",57201998149,56000734700,56000734700,-,Spain| Mexico| Germany| France,4.0,1312| 1313,Molecular Biology| Molecular Medicine,5,Life Sciences & Medicine,507| 532,Biological Sciences| Medicine,32,Life Sciences,31| 32,Biological Sciences| Biomedical And Clinical Sciences,3101| 3205,Biochemistry and cell biology| Medical biochemistry and metabolomics,SDG 3,Muscle Regeneration and Dystrophy Mechanisms,685,52.126,Growth Differentiation Factors in Aging and Regeneration,64045,90.703,Very Good,2019.0,32.0,N/A,"Gerardo-Ramírez, M.| Lazzarini-Lechuga, R.| Hernández-Rizo, S.| Jiménez-Salazar, J.E.| Simoni-Nieves, A.| García-Ruiz, C.| Fernández-Checa, J.C.| Marquardt, J.U.| Coulouarn, C.| Gutiérrez-Ruiz, M.C.| Pérez-Aguilar, B.| Gomez-Quiroz, L.E.",CSIC| Université de Rennes| Universidad Autónoma Metropolitana| Centro de Investigación Biomédica en Red| INRAE| Institut national de la santé et de la recherche médicale| CSIC - Institute of Biomedical Research of Barcelona| Instituto de Salud Carlos III| Johannes Gutenberg University Mainz| Universidad Nacional Autónoma de México| Instituto Nacional de Cardiologia Ignacio Chavez,Spain| Mexico| Germany| France,0
56000734700,56000734700,Hyperlipidemic microenvironment conditionates damage mechanisms in human chondrocytes by oxidative stress,"Medina-Luna, D.| Santamaría-Olmedo, M.G.| Zamudio-Cuevas, Y.| Martínez-Flores, K.| Fernández-Torres, J.| Martínez-Nava, G.A.| Clavijo-Cornejo, D.| Hernández-Díaz, C.| Olivos-Meza, A.| Gomez-Quiroz, L.E.| Gutiérrez-Ruiz, M.C.| Pineda, C.| Blanco, F.| Reginato, A.M.| López-Reyes, A.",15.0,57189341163| 56022015700| 56022186700| 55613345600| 56789952200| 46661582100| 55573688100| 25824331600| 37038322600| 56000734700| 7004019071| 55989786100| 7102243071| 36437479200| 15837159600,2017.0,2017-06-12,Lipids in Health and Disease,16,1,-,114,ISSN-1476511X,14126.0,Journal,BioMed Central Ltd.,English,0.86,37,3.7,38,0.915,27,0.83,29.0,29.0,0.67,8.91,19.0,39.0,0.0,0.0,"Medina-Luna, D., Santamaría-Olmedo, M.G., Zamudio-Cuevas, Y. and 12 more (...) (2017).Hyperlipidemic microenvironment conditionates damage mechanisms in human chondrocytes by oxidative stress. Lipids in Health and Disease,16(1) ",https://www.scopus.com/record/display.url?eid=2-s2.0-85020483474&origin=resultslist,10.1186/s12944-017-0510-x,Article,Gold|Green,2-s2.0-85020483474,28606092,Brown University| Universidad Autónoma Metropolitana| Instituto Nacional de Rehabilitación| Instituto Nacional de Cancerologia - Mexico| Instituto de Salud Carlos III,508018| 505017| 715278| 505036| 312009,Medical| Academic| Government,5.0,60084250| 60028381| 60010210| 60019825| 60013839| 60001602| 60009796| 60011460,"Instituto Nacional de Rehabilitación| Universidad Autónoma Metropolitana -Unidad Iztapalapa| Universidad Autónoma Metropolitana Unidad Xochimilco| Instituto Nacional de Cancerologia, México| Secretaria de Salud| Instituto de Salud Carlos III| The Warren Alpert Medical School| Brown University",57189341163,15837159600,15837159600,-,Spain| Mexico| United States,3.0,1308| 1310| 2704| 2712,"Clinical Biochemistry| Endocrinology| Biochemistry (medical)| Endocrinology, Diabetes and Metabolism",5,Life Sciences & Medicine,507| 532,Biological Sciences| Medicine,32| 34,Life Sciences| Medical and Health,32,Biomedical And Clinical Sciences,3205| 3210,Medical biochemistry and metabolomics| Nutrition and dietetics,SDG 3,Osteoarthritis Mechanisms and Treatment Innovations,74,86.331,Leptin's Influence on Osteoarthritis and Cartilage Health,24265,93.04,Very Good,2017.0,29.0,N/A,"Medina-Luna, D.| Santamaría-Olmedo, M.G.| Zamudio-Cuevas, Y.| Martínez-Flores, K.| Fernández-Torres, J.| Martínez-Nava, G.A.| Clavijo-Cornejo, D.| Hernández-Díaz, C.| Olivos-Meza, A.| Gomez-Quiroz, L.E.| Gutiérrez-Ruiz, M.C.| Pineda, C.| Blanco, F.| Reginato, A.M.| López-Reyes, A.",Brown University| Universidad Autónoma Metropolitana| Instituto Nacional de Rehabilitación| Instituto Nacional de Cancerologia - Mexico| Instituto de Salud Carlos III,Spain| Mexico| United States,0
56000734700,56000734700,Liver Cholesterol Overload Aggravates Obstructive Cholestasis by Inducing Oxidative Stress and Premature Death in Mice,"Nuño-Lámbarri, N.| Domínguez-Pérez, M.| Baulies-Domenech, A.| Monte, M.J.| Marin, J.J.G.| Rosales-Cruz, P.| Souza, V.| Miranda, R.U.| Bucio, L.| Montalvo-Jave, E.E.| Concepción Gutiérrez-Ruiz, M.| García-Ruiz, C.| Fernández-Checa, J.C.| Gomez-Quiroz, L.E.",14.0,57189267060| 55935050800| 55808454800| 7006098915| 7201368581| 57191040184| 55993744400| 36017234400| 55989671200| 57203626386| 7004019071| 57210820683| 7006683009| 56000734700,2016.0,2016-01-01,Oxidative Medicine and Cellular Longevity,2016,-,-,9895176,ISSN-19420900,19700175026.0,Journal,Hindawi Limited,English,1.49,12,5.6,28,1.547,10,1.03,33.0,29.0,1.06,12.26,20.0,28.0,0.0,0.0,"Nuño-Lámbarri, N., Domínguez-Pérez, M., Baulies-Domenech, A. and 11 more (...) (2016).Liver Cholesterol Overload Aggravates Obstructive Cholestasis by Inducing Oxidative Stress and Premature Death in Mice. Oxidative Medicine and Cellular Longevity,2016",https://www.scopus.com/record/display.url?eid=2-s2.0-84985911791&origin=resultslist,10.1155/2016/9895176,Article,Hybrid gold|Green,2-s2.0-84985911791,27635189,CSIC| University of Southern California| Fundación Clínica Médica Sur| Universidad Autónoma Metropolitana| Hospital General de Mexico| Universidad de Salamanca| CSIC - Institute of Biomedical Research of Barcelona| August Pi i Sunyer Biomedical Research Institute,312004| 508341| 717814| 505017| 505032| 312030| 714775| 700989,Medical| Academic| Government,8.0,60028381| 60032216| 60002928| 60010814| 60025028| 117304461| 60013839| 60015684| 60029311| 60015183,Universidad Autónoma Metropolitana -Unidad Iztapalapa| Fundacion Clinica Medica Sur| CSIC - Instituto de Investigaciones Biomedicas de Barcelona (IIBB)| Institut d'Investigacions Biomèdiques August Pi i Sunyer - IDIBAPS| Universidad de Salamanca| Red Fisiopatología de Enfermedades Hepáticas PRODEP-SEP| Secretaria de Salud| Hospital General de Mexico| University of Southern California| Keck School of Medicine of USC,57189267060,56000734700,7006683009,-,Spain| Mexico| United States,3.0,1302| 1303| 1307,Aging| Biochemistry| Cell Biology,5,Life Sciences & Medicine,507,Biological Sciences,32,Life Sciences,42| 32,Health Sciences| Biomedical And Clinical Sciences,-,-,-,Non-Alcoholic Fatty Liver Disease and Fibrosis Insights,483,91.105,Nonalcoholic Fatty Liver Disease Mechanisms,19358,96.763,Defensible,2016.0,29.0,N/A,"Nuño-Lámbarri, N.| Domínguez-Pérez, M.| Baulies-Domenech, A.| Monte, M.J.| Marin, J.J.G.| Rosales-Cruz, P.| Souza, V.| Miranda, R.U.| Bucio, L.| Montalvo-Jave, E.E.| Concepción Gutiérrez-Ruiz, M.| García-Ruiz, C.| Fernández-Checa, J.C.| Gomez-Quiroz, L.E.",CSIC| University of Southern California| Fundación Clínica Médica Sur| Universidad Autónoma Metropolitana| Hospital General de Mexico| Universidad de Salamanca| CSIC - Institute of Biomedical Research of Barcelona| August Pi i Sunyer Biomedical Research Institute,Spain| Mexico| United States,0
56000734700,56000734700,Nicotinamide sensitizes human breast cancer cells to the cytotoxic effects of radiation and cisplatin,"Domínguez-Gómez, G.| Díaz-Chávez, J.| Chávez-Blanco, A.| Gonzalez-Fiero, A.| Jiménez-Salazar, J.E.| Damián-Matsumura, P.| Gómez-Quiroz, L.E.| Dueñas-González, A.",8.0,40361042400| 23569516700| 56000743300| 56454450900| 56154429000| 6602141018| 56000734700| 55993735700,2015.0,2015-12-01,Oncology Reports,33,2,721-728,-,ISSN-1021335X,12568.0,Journal,Spandidos Publications,English,0.76,44,4.3,40,1.001,21,2.67,97.0,26.0,0.22,13.61,23.0,60.0,0.0,0.0,"Domínguez-Gómez, G., Díaz-Chávez, J., Chávez-Blanco, A. and 5 more (...) (2015).Nicotinamide sensitizes human breast cancer cells to the cytotoxic effects of radiation and cisplatin. Oncology Reports,33(2) 721-728",https://www.scopus.com/record/display.url?eid=2-s2.0-84919444238&origin=resultslist,10.3892/or.2014.3661,Article,Bronze,2-s2.0-84919444238,25504347,Universidad Autónoma Metropolitana| Universidad Nacional Autónoma de México,505017| 505023,Academic,2.0,60028381| 60032442| 126988928,Universidad Autónoma Metropolitana -Unidad Iztapalapa| Universidad Nacional Autónoma de México| Tumor Study Group A.C. Mexico,40361042400,55993735700,55993735700,-,Mexico,1.0,1306| 2730,Cancer Research| Oncology,5,Life Sciences & Medicine,507| 532,Biological Sciences| Medicine,34,Medical and Health,31| 32,Biological Sciences| Biomedical And Clinical Sciences,3101| 3211,Biochemistry and cell biology| Oncology and carcinogenesis,SDG 3,Drug Delivery and Skin Protection,227,87.574,PARP Inhibitors in Cancer Treatment Paradigms,2133,99.316,Defensible,2015.0,26.0,N/A,"Domínguez-Gómez, G.| Díaz-Chávez, J.| Chávez-Blanco, A.| Gonzalez-Fiero, A.| Jiménez-Salazar, J.E.| Damián-Matsumura, P.| Gómez-Quiroz, L.E.| Dueñas-González, A.",Universidad Autónoma Metropolitana| Universidad Nacional Autónoma de México,Mexico,0
56000734700,56000734700,Role of phospholipase D in migration and invasion induced by linoleic acid in breast cancer cells,"Diaz-Aragon, R.| Ramirez-Ricardo, J.| Cortes-Reynosa, P.| Simoni-Nieves, A.| Gomez-Quiroz, L.-E.| Salazar, E.P.",6.0,57194044681| 57204468956| 56002737600| 57197856358| 56000734700| 57204538519,2019.0,2019-07-01,Molecular and Cellular Biochemistry,457,1-2,119-132,-,ISSN-03008177,14134.0,Journal,Springer,English,0.84,41,5.1,30,0.836,27,0.7,15.0,24.0,1.0,13.06,21.0,29.0,0.0,0.0,"Diaz-Aragon, R., Ramirez-Ricardo, J., Cortes-Reynosa, P. and 3 more (...) (2019).Role of phospholipase D in migration and invasion induced by linoleic acid in breast cancer cells. Molecular and Cellular Biochemistry,457(1-2) 119-132",https://www.scopus.com/record/display.url?eid=2-s2.0-85063040403&origin=resultslist,10.1007/s11010-019-03517-8,Article,,2-s2.0-85063040403,30877512,Centro de Investigacion y de Estudios Avanzados del Instituto Politécnico Nacional| Universidad Autónoma Metropolitana,505002| 505017,Academic| Government,2.0,60017323| 60028381,Centro de Investigacion y de Estudios Avanzados del Instituto Politécnico Nacional| Universidad Autónoma Metropolitana -Unidad Iztapalapa,57194044681,57204538519,57204538519,-,Mexico,1.0,1307| 1308| 1312,Cell Biology| Clinical Biochemistry| Molecular Biology,5,Life Sciences & Medicine,507,Biological Sciences,32,Life Sciences,32| 34| 31,Biomedical And Clinical Sciences| Chemical Sciences| Biological Sciences,3205| 3101| 3404,Medical biochemistry and metabolomics| Biochemistry and cell biology| Medicinal and biomolecular chemistry,SDG 3,Therapeutic Advances in Lysosomal Storage Disorders,312,63.244,Phospholipase D and Phosphatidic Acid in Cellular Dynamics,9892,72.555,Very Good,2019.0,24.0,N/A,"Diaz-Aragon, R.| Ramirez-Ricardo, J.| Cortes-Reynosa, P.| Simoni-Nieves, A.| Gomez-Quiroz, L.-E.| Salazar, E.P.",Centro de Investigacion y de Estudios Avanzados del Instituto Politécnico Nacional| Universidad Autónoma Metropolitana,Mexico,0
56000734700,56000734700,Loss of c-Met signaling sensitizes hepatocytes to lipotoxicity and induces cholestatic liver damage by aggravating oxidative stress,"Gomez-Quiroz, L.E.| Seo, D.| Lee, Y.-H.| Kitade, M.| Gaiser, T.| Gillen, M.| Lee, S.-B.| Gutierrez-Ruiz, M.C.| Conner, E.A.| Factor, V.M.| Thorgeirsson, S.S.| Marquardt, J.U.",12.0,56000734700| 36601393800| 35754480200| 35553682400| 55382763100| 50061130100| 55204917400| 7004019071| 7006581554| 7003497054| 35434346900| 36096818000,2016.0,2016-06-15,Toxicology,361-362,-,39-48,-,ISSN-0300483X,25219.0,Journal,Elsevier Ireland Ltd,English,1.21,19,7.6,11,1.468,14,0.62,29.0,22.0,0.81,9.87,25.0,34.0,0.0,0.0,"Gomez-Quiroz, L.E., Seo, D., Lee, Y.-H. and 9 more (...) (2016).Loss of c-Met signaling sensitizes hepatocytes to lipotoxicity and induces cholestatic liver damage by aggravating oxidative stress. Toxicology,361-36239-48",https://www.scopus.com/record/display.url?eid=2-s2.0-84978197082&origin=resultslist,10.1016/j.tox.2016.07.004,Article,,2-s2.0-84978197082,27394961,National Institutes of Health| Universidad Autónoma Metropolitana| Heidelberg University | Yonsei University| Johannes Gutenberg University Mainz,508156| 505017| 309076| 209077| 309084,Government| Academic,5.0,60006577| 60013409| 60028381| 60016728| 60001972| 60022135| 60031216,National Institutes of Health (NIH)| National Cancer Institute (NCI)| Universidad Autónoma Metropolitana -Unidad Iztapalapa| Yonsei University College of Medicine| Universitätsklinikum Mannheim| Universitätsmedizin Mainz| Johannes Gutenberg-Universität Mainz,56000734700,36096818000,36096818000,-,South Korea| Mexico| United States| Germany,4.0,3005,Toxicology,5,Life Sciences & Medicine,537,Pharmacy & Pharmacology,32,Life Sciences,32,Biomedical And Clinical Sciences,3214,Pharmacology and pharmaceutical sciences,-,Hepatocyte Dynamics in Liver Health and Disease,797,47.547,Hepatocyte Growth Factor in Cellular Dynamics,7141,65.994,Very Good,2016.0,22.0,N/A,"Gomez-Quiroz, L.E.| Seo, D.| Lee, Y.-H.| Kitade, M.| Gaiser, T.| Gillen, M.| Lee, S.-B.| Gutierrez-Ruiz, M.C.| Conner, E.A.| Factor, V.M.| Thorgeirsson, S.S.| Marquardt, J.U.",National Institutes of Health| Universidad Autónoma Metropolitana| Heidelberg University | Yonsei University| Johannes Gutenberg University Mainz,South Korea| Mexico| United States| Germany,0
56000734700,56000734700,Cholesterol enhances the toxic effect of ethanol and acetaldehyde in primary mouse hepatocytes,"López-Islas, A.| Chagoya-Hazas, V.| Pérez-Aguilar, B.| Palestino-Domínguez, M.| Souza, V.| Miranda, R.U.| Bucio, L.| Gómez-Quiroz, L.E.| Gutiérrez-Ruiz, M.-C.",9.0,57220238175| 16315183400| 56595152200| 55839214600| 55993744400| 36017234400| 55989671200| 56000734700| 7004019071,2016.0,2016-01-01,Oxidative Medicine and Cellular Longevity,2016,-,-,9209825,ISSN-19420900,19700175026.0,Journal,Hindawi Publishing Corporation,English,1.49,12,5.6,28,1.547,10,1.69,43.0,22.0,1.06,12.26,25.0,28.0,0.0,0.0,"López-Islas, A., Chagoya-Hazas, V., Pérez-Aguilar, B. and 6 more (...) (2016).Cholesterol enhances the toxic effect of ethanol and acetaldehyde in primary mouse hepatocytes. Oxidative Medicine and Cellular Longevity,2016",https://www.scopus.com/record/display.url?eid=2-s2.0-84953924423&origin=resultslist,10.1155/2016/9209825,Article,Hybrid gold|Green,2-s2.0-84953924423,26788255,Universidad Autónoma Metropolitana| Universidad Nacional Autónoma de México,505017| 505023,Academic,2.0,60028381| 60032442,Universidad Autónoma Metropolitana -Unidad Iztapalapa| Universidad Nacional Autónoma de México,57220238175,7004019071,7004019071,-,Mexico,1.0,1302| 1303| 1307,Aging| Biochemistry| Cell Biology,5,Life Sciences & Medicine,507,Biological Sciences,32,Life Sciences,42| 32,Health Sciences| Biomedical And Clinical Sciences,-,-,SDG 3,Glutathione Transferase and Ethanol Exposure Effects,995,26.684,Ethanol-Induced Oxidative Stress and Liver Injury,6375,66.504,Defensible,2016.0,22.0,N/A,"López-Islas, A.| Chagoya-Hazas, V.| Pérez-Aguilar, B.| Palestino-Domínguez, M.| Souza, V.| Miranda, R.U.| Bucio, L.| Gómez-Quiroz, L.E.| Gutiérrez-Ruiz, M.-C.",Universidad Autónoma Metropolitana| Universidad Nacional Autónoma de México,Mexico,0
56000734700,56000734700,HGF induces protective effects in α-naphthylisothiocyanate-induced intrahepatic cholestasis by counteracting oxidative stress,"Salas-Silva, S.| Simoni-Nieves, A.| Razori, M.V.| López-Ramirez, J.| Barrera-Chimal, J.| Lazzarini, R.| Bello, O.| Souza, V.| Miranda-Labra, R.U.| Gutiérrez-Ruiz, M.C.| Gomez-Quiroz, L.E.| Roma, M.G.| Bucio-Ortiz, L.",13.0,57205326890| 57197856358| 56512307400| 57205326866| 36655413000| 56063896900| 57214096616| 55993744400| 36017234400| 7004019071| 56000734700| 7004568500| 55989671200,2020.0,2020-04-01,Biochemical Pharmacology,174,-,-,113812,ISSN-00062952,20063.0,Journal,Elsevier Inc.,English,1.34,18,8.4,12,1.595,12,1.05,26.0,20.0,0.93,12.84,24.0,30.0,0.0,0.0,"Salas-Silva, S., Simoni-Nieves, A., Razori, M.V. and 10 more (...) (2020).HGF induces protective effects in α-naphthylisothiocyanate-induced intrahepatic cholestasis by counteracting oxidative stress. Biochemical Pharmacology,174",https://www.scopus.com/record/display.url?eid=2-s2.0-85078183313&origin=resultslist,10.1016/j.bcp.2020.113812,Article,Green,2-s2.0-85078183313,31954718,Consejo Nacional de Investigaciones Científicas y Técnicas| Universidad Nacional de Rosario| Universidad Autónoma Metropolitana| Instituto Nacional de Cardiologia Ignacio Chavez| Universidad Nacional Autónoma de México,601002| 601009| 505017| 505008| 505023,Academic| Government,5.0,60028381| 60025699| 60104580| 60032442| 60010748| 60014923,Universidad Autónoma Metropolitana -Unidad Iztapalapa| Universidad Nacional de Rosario| Instituto de Fisiología Experimental| Universidad Nacional Autónoma de México| Instituto Nacional de Cardiologia Ignacio Chavez| Universidad Autónoma Metropolitana,57205326890,55989671200,7004568500,-,Mexico| Argentina,2.0,1303| 3004,Biochemistry| Pharmacology,5,Life Sciences & Medicine,537| 507,Pharmacy & Pharmacology| Biological Sciences,34| 32,Medical and Health| Life Sciences,32| 31,Biomedical And Clinical Sciences| Biological Sciences,3214| 3101,Pharmacology and pharmaceutical sciences| Biochemistry and cell biology,-,Cholesterol Regulation and Bile Acid Interactions,1109,53.826,ANIT-Induced Liver Injury and Cholestasis Mechanisms,91499,39.242,Defensible,2020.0,20.0,N/A,"Salas-Silva, S.| Simoni-Nieves, A.| Razori, M.V.| López-Ramirez, J.| Barrera-Chimal, J.| Lazzarini, R.| Bello, O.| Souza, V.| Miranda-Labra, R.U.| Gutiérrez-Ruiz, M.C.| Gomez-Quiroz, L.E.| Roma, M.G.| Bucio-Ortiz, L.",Consejo Nacional de Investigaciones Científicas y Técnicas| Universidad Nacional de Rosario| Universidad Autónoma Metropolitana| Instituto Nacional de Cardiologia Ignacio Chavez| Universidad Nacional Autónoma de México,Mexico| Argentina,0
56000734700,56000734700,Recombinant human hepatocyte growth factor provides protective effects in cerulein-induced acute pancreatitis in mice,"Palestino-Dominguez, M.| Pelaez-Luna, M.| Lazzarini-Lechuga, R.| Rodriguez-Ochoa, I.| Souza, V.| Miranda, R.U.| Perez-Aguilar, B.| Bucio, L.| Marquardt, J.U.| Gomez-Quiroz, L.E.| Gutierrez-Ruiz, M.C.",11.0,55839214600| 6507254551| 56063896900| 57204146874| 55993744400| 36017234400| 56595152200| 55989671200| 36096818000| 56000734700| 7004019071,2018.0,2018-12-01,Journal of Cellular Physiology,233,12,9354-9364,-,ISSN-00219541,23455.0,Journal,Wiley-Liss Inc.,English,1.09,26,5.8,23,1.445,12,1.47,32.0,19.0,1.05,10.47,28.0,28.0,0.0,0.0,"Palestino-Dominguez, M., Pelaez-Luna, M., Lazzarini-Lechuga, R. and 8 more (...) (2018).Recombinant human hepatocyte growth factor provides protective effects in cerulein-induced acute pancreatitis in mice. Journal of Cellular Physiology,233(12) 9354-9364",https://www.scopus.com/record/display.url?eid=2-s2.0-85054622387&origin=resultslist,10.1002/jcp.26444,Article,,2-s2.0-85054622387,29341114,Universidad Autónoma Metropolitana| Johannes Gutenberg University Mainz| Instituto Nacional de Cardiologia Ignacio Chavez| Universidad Nacional Autónoma de México| Instituto Nacional de Ciencias Medicas y Nutricion Salvador Zubiran,505017| 309084| 505008| 505023| 505009,Academic| Government,5.0,60028381| 60009149| 60010748| 60032442| 60031216,Universidad Autónoma Metropolitana -Unidad Iztapalapa| Instituto Nacional de la Nutrición Salvador Zubiran| Instituto Nacional de Cardiologia Ignacio Chavez| Universidad Nacional Autónoma de México| Johannes Gutenberg-Universität Mainz,55839214600,7004019071,7004019071,-,Mexico| Germany,2.0,1307| 1308| 1314,Cell Biology| Clinical Biochemistry| Physiology,5,Life Sciences & Medicine,507| 503,Biological Sciences| Anatomy & Physiology,32,Life Sciences,31| 32,Biological Sciences| Biomedical And Clinical Sciences,3109| 3208| 3101,Zoology| Medical physiology| Biochemistry and cell biology,-,Hepatocyte Dynamics in Liver Health and Disease,797,47.547,Hepatocyte Growth Factor in Cellular Dynamics,7141,65.994,Defensible,2018.0,19.0,N/A,"Palestino-Dominguez, M.| Pelaez-Luna, M.| Lazzarini-Lechuga, R.| Rodriguez-Ochoa, I.| Souza, V.| Miranda, R.U.| Perez-Aguilar, B.| Bucio, L.| Marquardt, J.U.| Gomez-Quiroz, L.E.| Gutierrez-Ruiz, M.C.",Universidad Autónoma Metropolitana| Johannes Gutenberg University Mainz| Instituto Nacional de Cardiologia Ignacio Chavez| Universidad Nacional Autónoma de México| Instituto Nacional de Ciencias Medicas y Nutricion Salvador Zubiran,Mexico| Germany,0
56000734700,56000734700,GDF11 restricts aberrant lipogenesis and changes in mitochondrial structure and function in human hepatocellular carcinoma cells,"Hernandez, S.| Simoni-Nieves, A.| Gerardo-Ramírez, M.| Torres, S.| Fucho, R.| Gonzalez, J.| Castellanos-Tapia, L.| Hernández-Pando, R.| Tejero-Barrera, E.| Bucio, L.| Souza, V.| Miranda-Labra, R.| Fernández-Checa, J.C.| Marquardt, J.U.| Gomez-Quiroz, L.E.| García-Ruiz, C.| Gutiérrez-Ruiz, M.C.",17.0,57220052219| 57197856358| 57201998149| 56438932500| 16241734200| 57220048072| 26424574000| 55989672100| 57119964900| 55989671200| 55993744400| 36017234400| 7006683009| 36096818000| 56000734700| 57210820683| 7004019071,2021.0,2021-05-01,Journal of Cellular Physiology,236,5,4076-4090,-,ISSN-00219541,23455.0,Journal,Wiley-Liss Inc.,English,1.35,18,13.4,7,1.308,13,2.07,38.0,19.0,1.24,12.09,21.0,23.0,0.0,0.0,"Hernandez, S., Simoni-Nieves, A., Gerardo-Ramírez, M. and 14 more (...) (2021).GDF11 restricts aberrant lipogenesis and changes in mitochondrial structure and function in human hepatocellular carcinoma cells. Journal of Cellular Physiology,236(5) 4076-4090",https://www.scopus.com/record/display.url?eid=2-s2.0-85096681669&origin=resultslist,10.1002/jcp.30151,Article,,2-s2.0-85096681669,33174245,CSIC| University of Southern California| Universidad Autónoma Metropolitana| Centro de Investigación Biomédica en Red| University of Lübeck| Kiel University| CSIC - Institute of Biomedical Research of Barcelona| Instituto Nacional de Medicina Genomica| August Pi i Sunyer Biomedical Research Institute| Universidad Nacional Autónoma de México| Instituto de Salud Carlos III| Instituto Nacional de Cardiologia Ignacio Chavez| Instituto Nacional de Ciencias Medicas y Nutricion Salvador Zubiran,312004| 508341| 505017| 724421| 309083| 309080| 714775| 707723| 700989| 505023| 312009| 505008| 505009,Government| Academic,13.0,60028381| 60078879| 60010814| 60006754| 60015183| 60030315| 60029311| 60002928| 60095231| 60009149| 60010748| 60013259| 60032442| 60015196,Universidad Autónoma Metropolitana -Unidad Iztapalapa| Centro de Investigación Biomédica en Red de Enfermedades Hepáticas y Digestivas| Institut d'Investigacions Biomèdiques August Pi i Sunyer - IDIBAPS| Consejo Superior de Investigaciones Científicas| Keck School of Medicine of USC| Hospital Clínic de Barcelona| University of Southern California| CSIC - Instituto de Investigaciones Biomedicas de Barcelona (IIBB)| Instituto Nacional de Medicina Genómica| Instituto Nacional de la Nutrición Salvador Zubiran| Instituto Nacional de Cardiologia Ignacio Chavez| Instituto de Investigaciones Biomedicas de la UNAM| Universidad Nacional Autónoma de México| Universitätsklinikum Schleswig-Holstein Campus Lübeck,57220052219,7004019071,56000734700| 57210820683| 7004019071,-,Mexico| Spain| United States| Germany,4.0,1307| 1308| 1314,Cell Biology| Clinical Biochemistry| Physiology,5,Life Sciences & Medicine,507| 503,Biological Sciences| Anatomy & Physiology,32,Life Sciences,32| 31,Biomedical And Clinical Sciences| Biological Sciences,3101| 3208| 3109,Biochemistry and cell biology| Medical physiology| Zoology,SDG 3,Muscle Regeneration and Dystrophy Mechanisms,685,52.126,Growth Differentiation Factors in Aging and Regeneration,64045,90.703,Defensible,2021.0,19.0,N/A,"Hernandez, S.| Simoni-Nieves, A.| Gerardo-Ramírez, M.| Torres, S.| Fucho, R.| Gonzalez, J.| Castellanos-Tapia, L.| Hernández-Pando, R.| Tejero-Barrera, E.| Bucio, L.| Souza, V.| Miranda-Labra, R.| Fernández-Checa, J.C.| Marquardt, J.U.| Gomez-Quiroz, L.E.| García-Ruiz, C.| Gutiérrez-Ruiz, M.C.",CSIC| University of Southern California| Universidad Autónoma Metropolitana| Centro de Investigación Biomédica en Red| University of Lübeck| Kiel University| CSIC - Institute of Biomedical Research of Barcelona| Instituto Nacional de Medicina Genomica| August Pi i Sunyer Biomedical Research Institute| Universidad Nacional Autónoma de México| Instituto de Salud Carlos III| Instituto Nacional de Cardiologia Ignacio Chavez| Instituto Nacional de Ciencias Medicas y Nutricion Salvador Zubiran,Mexico| Spain| United States| Germany,0
56000734700,56000734700,Neuroendocrine disruption is associated to infertility in chronically stressed female rats,"Retana-Márquez, S.| Juárez-Rojas, L.| Ávila-Quintero, A.| Rojas-Maya, S.| Perera, G.| Casillas, F.| Betancourt, M.| Gómez-Quiroz, L.",8.0,55989788400| 56453552800| 57218534501| 6508047005| 57220437597| 56344304000| 7006573702| 56000734700,2020.0,2020-12-01,Reproductive Biology,20,4,474-483,-,ISSN-1642431X,69085.0,Journal,Elsevier Sp. z o.o.,English,0.74,48,3.1,24,0.646,25,0.73,15.0,18.0,0.75,9.31,26.0,35.0,0.0,0.0,"Retana-Márquez, S., Juárez-Rojas, L., Ávila-Quintero, A. and 5 more (...) (2020).Neuroendocrine disruption is associated to infertility in chronically stressed female rats. Reproductive Biology,20(4) 474-483",https://www.scopus.com/record/display.url?eid=2-s2.0-85089443160&origin=resultslist,10.1016/j.repbio.2020.07.011,Article,,2-s2.0-85089443160,32807716,Universidad Autónoma Metropolitana| Universidad Nacional Autónoma de México,505017| 505023,Academic,2.0,60028381| 60032442,Universidad Autónoma Metropolitana -Unidad Iztapalapa| Universidad Nacional Autónoma de México,55989788400,56000734700,55989788400,-,Mexico,1.0,1103| 1309| 1310,Animal Science and Zoology| Developmental Biology| Endocrinology,5,Life Sciences & Medicine,502| 507,Agriculture & Forestry| Biological Sciences,32| 34,Life Sciences| Medical and Health,32,Biomedical And Clinical Sciences,3215,Reproductive medicine,-,Interplay of Leptin and Ghrelin in Energy Regulation,414,39.634,Stress Effects on Luteinizing Hormone Regulation,52071,44.034,Defensible,2020.0,18.0,N/A,"Retana-Márquez, S.| Juárez-Rojas, L.| Ávila-Quintero, A.| Rojas-Maya, S.| Perera, G.| Casillas, F.| Betancourt, M.| Gómez-Quiroz, L.",Universidad Autónoma Metropolitana| Universidad Nacional Autónoma de México,Mexico,0
56000734700,56000734700,"Cacalol Acetate, a Sesquiterpene from Psacalium decompositum, Exerts an Anti-inflammatory Effect through LPS/NF-KB Signaling in Raw 264.7 Macrophages","Mora-Ramiro, B.| Jiménez-Estrada, M.| Zentella-Dehesa, A.| Ventura-Gallegos, J.L.| Gomez-Quiroz, L.E.| Rosiles-Alanis, W.| Alarcón-Aguilar, F.J.| Almanza-Pérez, J.C.",8.0,57218221962| 7003438732| 55587548900| 56013713600| 56000734700| 57218226097| 55989721500| 56013541000,2020.0,2020-08-28,Journal of Natural Products,83,8,2447-2455,-,ISSN-01633864,23053.0,Journal,American Chemical Society,English,1.51,13,6.5,6,0.976,6,1.19,31.0,17.0,0.72,11.18,28.0,36.0,0.0,0.0,"Mora-Ramiro, B., Jiménez-Estrada, M., Zentella-Dehesa, A. and 5 more (...) (2020).Cacalol Acetate, a Sesquiterpene from Psacalium decompositum, Exerts an Anti-inflammatory Effect through LPS/NF-KB Signaling in Raw 264.7 Macrophages. Journal of Natural Products,83(8) 2447-2455",https://www.scopus.com/record/display.url?eid=2-s2.0-85088397876&origin=resultslist,10.1021/acs.jnatprod.0c00300,Article,,2-s2.0-85088397876,32672964,Universidad Autónoma Metropolitana| Universidad Nacional Autónoma de México,505017| 505023,Academic,2.0,60028381| 60032442| 101373995,Universidad Autónoma Metropolitana -Unidad Iztapalapa| Universidad Nacional Autónoma de México| Instituto Nacional de Ciências Médicas e Nutrição Salvador Zubirán,57218221962,56013541000,56013541000,-,Mexico,1.0,1313| 1602| 1605| 2707| 3002| 3003| 3004,Molecular Medicine| Analytical Chemistry| Organic Chemistry| Complementary and Alternative Medicine| Drug Discovery| Pharmaceutical Science| Pharmacology,2| 4| 5,Engineering & Technology| Natural Sciences| Life Sciences & Medicine,532| 249| 409| 537,Medicine| Engineering - Petroleum| Chemistry| Pharmacy & Pharmacology,37| 34| 32,Physical Sciences| Medical and Health| Life Sciences,42,Health Sciences,4208,"Traditional, complementary and integrative medicine",SDG 9,Chemical Compounds and Their Biological Activities,1142,27.861,Therapeutic Applications of Ligularia Compounds,24511,49.02,Defensible,2020.0,17.0,N/A,"Mora-Ramiro, B.| Jiménez-Estrada, M.| Zentella-Dehesa, A.| Ventura-Gallegos, J.L.| Gomez-Quiroz, L.E.| Rosiles-Alanis, W.| Alarcón-Aguilar, F.J.| Almanza-Pérez, J.C.",Universidad Autónoma Metropolitana| Universidad Nacional Autónoma de México,Mexico,0
56000734700,56000734700,Free fatty acids enhance the oxidative damage induced by ethanol metabolism in an in vitro model,"Hernández, I.| Domínguez-Pérez, M.| Bucio, L.| Souza, V.| Miranda, R.U.| Clemens, D.L.| Gomez-Quiroz, L.E.| Gutiérrez-Ruiz, M.C.",8.0,57196619804| 55935050800| 55989671200| 55993744400| 36017234400| 16933972600| 56000734700| 7004019071,2015.0,2015-02-01,Food and Chemical Toxicology,76,-,109-115,-,ISSN-02786915,25096.0,Journal,Elsevier Ltd,English,1.42,14,7.1,4,1.202,12,1.71,57.0,16.0,1.16,8.63,33.0,25.0,0.0,0.0,"Hernández, I., Domínguez-Pérez, M., Bucio, L. and 5 more (...) (2015).Free fatty acids enhance the oxidative damage induced by ethanol metabolism in an in vitro model. Food and Chemical Toxicology,76109-115",https://www.scopus.com/record/display.url?eid=2-s2.0-84920749415&origin=resultslist,10.1016/j.fct.2014.12.005,Article,,2-s2.0-84920749415,25528116,Universidad Autónoma Metropolitana| University of Nebraska Medical Center| VA Medical Center,505017| 508314| 508762,Medical| Academic,3.0,60028381| 114880920| 60014232| 60016261,Universidad Autónoma Metropolitana -Unidad Iztapalapa| Red Fisiopatología de Enferemedades Hepáticas PROMEP-SEP| VA Medical Center| University of Nebraska Medical Center,57196619804,7004019071,7004019071,-,Mexico| United States,2.0,1106| 3005,Food Science| Toxicology,5,Life Sciences & Medicine,502| 537,Agriculture & Forestry| Pharmacy & Pharmacology,32,Life Sciences,32| 30,"Biomedical And Clinical Sciences| Agricultural, Veterinary And Food Sciences",3214| 3006,Pharmacology and pharmaceutical sciences| Food sciences,-,Glutathione Transferase and Ethanol Exposure Effects,995,26.684,Ethanol-Induced Oxidative Stress and Liver Injury,6375,66.504,Defensible,2015.0,16.0,N/A,"Hernández, I.| Domínguez-Pérez, M.| Bucio, L.| Souza, V.| Miranda, R.U.| Clemens, D.L.| Gomez-Quiroz, L.E.| Gutiérrez-Ruiz, M.C.",Universidad Autónoma Metropolitana| University of Nebraska Medical Center| VA Medical Center,Mexico| United States,0
56000734700,56000734700,The consumption of cholesterol-enriched diets conditions the development of a subtype of hcc with high aggressiveness and poor prognosis,"Simoni-Nieves, A.| Salas-Silva, S.| Chávez-Rodríguez, L.| Escobedo-Calvario, A.| Desoteux, M.| Bucio, L.| Souza, V.| Miranda-Labra, R.U.| Muñoz-Espinosa, L.E.| Coulouarn, C.| Gutiérrez-Ruiz, M.C.| Marquardt, J.U.| Gomez-Quiroz, L.E.",13.0,57197856358| 57205326890| 57211517745| 57218378934| 57211826817| 55989671200| 55993744400| 36017234400| 56002664200| 14017664700| 7004019071| 36096818000| 56000734700,2021.0,2021-04-01,Cancers,13,7,-,1721,ISSN-20726694,19700188419.0,Journal,MDPI AG,English,1.26,21,5.8,35,1.349,20,0.82,12.0,16.0,0.82,14.67,25.0,34.0,0.0,0.0,"Simoni-Nieves, A., Salas-Silva, S., Chávez-Rodríguez, L. and 10 more (...) (2021).The consumption of cholesterol-enriched diets conditions the development of a subtype of hcc with high aggressiveness and poor prognosis. Cancers,13(7) ",https://www.scopus.com/record/display.url?eid=2-s2.0-85103567685&origin=resultslist,10.3390/cancers13071721,Article,Gold|Green,2-s2.0-85103567685,-,Université de Rennes| Universidad Autonoma de Nuevo Leon| Universidad Autónoma Metropolitana| University of Lübeck| Kiel University| Institut national de la santé et de la recherche médicale| Instituto Nacional de Cardiologia Ignacio Chavez| Universidad Nacional Autónoma de México,314065| 505013| 505017| 309083| 309080| 314027| 505008| 505023,Government| Academic,8.0,60028381| 60138518| 60000905| 60030553| 60032442| 60010748| 60025417| 60018249| 60015196,Universidad Autónoma Metropolitana -Unidad Iztapalapa| Chemistry Oncogenesis Stress Signaling (COSS)| Inserm| Université de Rennes| Universidad Nacional Autónoma de México| Instituto Nacional de Cardiologia Ignacio Chavez| Universidad Autónoma de Nuevo León| Hospital Universitario Dr. Jose Eleuterio Gonzalez| Universitätsklinikum Schleswig-Holstein Campus Lübeck,57197856358,56000734700,56000734700,-,Mexico| Germany| France,3.0,1306| 2730,Cancer Research| Oncology,5,Life Sciences & Medicine,507| 532,Biological Sciences| Medicine,34,Medical and Health,32,Biomedical And Clinical Sciences,3211,Oncology and carcinogenesis,SDG 3,Non-Alcoholic Fatty Liver Disease and Fibrosis Insights,483,91.105,Nonalcoholic Fatty Liver Disease Mechanisms,19358,96.763,Defensible,2021.0,16.0,N/A,"Simoni-Nieves, A.| Salas-Silva, S.| Chávez-Rodríguez, L.| Escobedo-Calvario, A.| Desoteux, M.| Bucio, L.| Souza, V.| Miranda-Labra, R.U.| Muñoz-Espinosa, L.E.| Coulouarn, C.| Gutiérrez-Ruiz, M.C.| Marquardt, J.U.| Gomez-Quiroz, L.E.",Université de Rennes| Universidad Autonoma de Nuevo Leon| Universidad Autónoma Metropolitana| University of Lübeck| Kiel University| Institut national de la santé et de la recherche médicale| Instituto Nacional de Cardiologia Ignacio Chavez| Universidad Nacional Autónoma de México,Mexico| Germany| France,0
56000734700,56000734700,Ginkgo biloba induces different gene expression signatures and oncogenic pathways in malignant and non-malignant cells of the liver,"Czauderna, C.| Palestino-Dominguez, M.| Castven, D.| Becker, D.| Zanon-Rodriguez, L.| Hajduk, J.| Mahn, F.L.| Herr, M.| Strand, D.| Strand, S.| Heilmann-Heimbach, S.| Gomez-Quiroz, L.E.| Wörns, M.A.| Galle, P.R.| Marquardt, J.U.",15.0,57193847641| 55839214600| 56705376400| 55236755200| 56055161200| 57205180204| 36087859800| 59777180200| 56248918400| 57208516126| 56872898400| 56000734700| 14057436800| 35373462100| 36096818000,2018.0,2018-12-01,PLoS ONE,13,12,-,e0209067,ISSN-19326203,10600153309.0,Journal,Public Library of Science,English,1.18,22,5.4,9,1.1,14,0.65,24.0,13.0,0.36,19.27,36.0,54.0,0.0,0.0,"Czauderna, C., Palestino-Dominguez, M., Castven, D. and 12 more (...) (2018).Ginkgo biloba induces different gene expression signatures and oncogenic pathways in malignant and non-malignant cells of the liver. PLoS ONE,13(12) ",https://www.scopus.com/record/display.url?eid=2-s2.0-85058919447&origin=resultslist,10.1371/journal.pone.0209067,Article,Gold|Green,2-s2.0-85058919447,30576355,Universidad Autónoma Metropolitana| Life & Brain GmbH| Johannes Gutenberg University Mainz| University of Bonn,505017| 713586| 309084| 309066,Academic| Corporate,4.0,60031216| 121860605| 60028381| 60007493| 60116974,Johannes Gutenberg-Universität Mainz| Lichtenberg Research Group “Molecular Hepatocarcinogenesis”| Universidad Autónoma Metropolitana -Unidad Iztapalapa| Universität Bonn| LIFE & BRAIN GmbH,57193847641,36096818000,36096818000,-,Mexico| Germany,2.0,1000,Multidisciplinary,-,-,-,-,-,-,MD,Multidisciplinary,MD,Multidisciplinary,SDG 3,Complementary and Alternative Medicine in Patient Care,687,36.821,Ginkgo Biloba Extract and Its Multifaceted Benefits,3922,92.076,Very Good,2018.0,13.0,N/A,"Czauderna, C.| Palestino-Dominguez, M.| Castven, D.| Becker, D.| Zanon-Rodriguez, L.| Hajduk, J.| Mahn, F.L.| Herr, M.| Strand, D.| Strand, S.| Heilmann-Heimbach, S.| Gomez-Quiroz, L.E.| Wörns, M.A.| Galle, P.R.| Marquardt, J.U.",Universidad Autónoma Metropolitana| Life & Brain GmbH| Johannes Gutenberg University Mainz| University of Bonn,Mexico| Germany,0
56000734700,56000734700,A low-intensity lifelong exercise routine changes miRNA expression in aging and prevents osteosarcopenic obesity by modulating inflammation,"Pedraza-Vázquez, G.| Mena-Montes, B.| Hernández-Álvarez, D.| Gómez-Verjan, J.C.| Toledo-Pérez, R.| López-Teros, M.T.| Königsberg, M.| Gómez-Quiroz, L.E.| Luna-López, A.",9.0,57188802651| 57201979302| 57202954781| 56078912600| 57197785094| 56202449600| 55995895600| 56000734700| 56013551000,2023.0,2023-02-01,Archives of Gerontology and Geriatrics,105,-,-,104856,ISSN-01674943,28541.0,Journal,Elsevier Ireland Ltd,English,1.13,21,7.3,9,1.054,13,1.9,48.0,13.0,1.66,7.84,18.0,17.0,0.0,0.0,"Pedraza-Vázquez, G., Mena-Montes, B., Hernández-Álvarez, D. and 6 more (...) (2023).A low-intensity lifelong exercise routine changes miRNA expression in aging and prevents osteosarcopenic obesity by modulating inflammation. Archives of Gerontology and Geriatrics,105",https://www.scopus.com/record/display.url?eid=2-s2.0-85141984153&origin=resultslist,10.1016/j.archger.2022.104856,Article,,2-s2.0-85141984153,36399890,Instituto Nacional de Geriatría| Universidad Autónoma Metropolitana| Universidad Iberoamericana (UIA),714711| 505017| 702731,Other| Academic,3.0,60028381| 60014923| 60011923| 60108388,Universidad Autónoma Metropolitana -Unidad Iztapalapa| Universidad Autónoma Metropolitana| Universidad Iberoamericana| Instituto Nacional de Geriatría,57188802651,56013551000,56013551000,-,Mexico,1.0,1302| 2717| 2909| 3306,Aging| Geriatrics and Gerontology| Gerontology| Health (social science),5| 3,Life Sciences & Medicine| Social Sciences & Management,534| 507| 532,Nursing| Biological Sciences| Medicine,40| 32| 34,Social Sciences| Life Sciences| Medical and Health,32| 42,Biomedical And Clinical Sciences| Health Sciences,4206| 3202,Public health| Clinical sciences,SDG 3,Sarcopenia and Quality of Life in Patients,344,84.5,Sarcopenia and Muscle Strength in Aging Populations,370,99.792,Definitive,2023.0,13.0,N/A,"Pedraza-Vázquez, G.| Mena-Montes, B.| Hernández-Álvarez, D.| Gómez-Verjan, J.C.| Toledo-Pérez, R.| López-Teros, M.T.| Königsberg, M.| Gómez-Quiroz, L.E.| Luna-López, A.",Instituto Nacional de Geriatría| Universidad Autónoma Metropolitana| Universidad Iberoamericana (UIA),Mexico,0
56000734700,56000734700,Regulation of Cas9 by viral proteins Tat and Rev for HIV-1 inactivation,"Vergara-Mendoza, M.| Gomez-Quiroz, L.E.| Miranda-Labra, R.U.| Fuentes-Romero, L.L.| Romero-Rodríguez, D.P.| González-Ruiz, J.| Hernández-Rizo, S.| Viveros-Rogel, M.",8.0,57217583436| 56000734700| 36017234400| 6505663424| 36610502400| 57217592829| 57207829280| 8568681000,2020.0,2020-08-01,Antiviral Research,180,-,-,104856,ISSN-01663542,19617.0,Journal,Elsevier B.V.,English,1.94,7,10.6,5,2.052,7,0.81,19.0,11.0,0.63,14.38,38.0,40.0,0.0,0.0,"Vergara-Mendoza, M., Gomez-Quiroz, L.E., Miranda-Labra, R.U. and 5 more (...) (2020).Regulation of Cas9 by viral proteins Tat and Rev for HIV-1 inactivation. Antiviral Research,180",https://www.scopus.com/record/display.url?eid=2-s2.0-85087408091&origin=resultslist,10.1016/j.antiviral.2020.104856,Article,,2-s2.0-85087408091,32579898,Universidad Autónoma Metropolitana| Instituto Nacional de Enfermedades Respiratorias| Instituto Nacional de Ciencias Medicas y Nutricion Salvador Zubiran,505017| 505037| 505009,Academic| Government,3.0,60009149| 60028381| 60008205,Instituto Nacional de la Nutrición Salvador Zubiran| Universidad Autónoma Metropolitana -Unidad Iztapalapa| Instituto Nacional de Enfermedades Respiratorias,57217583436,8568681000,8568681000,-,Mexico,1.0,2406| 3004,Virology| Pharmacology,5,Life Sciences & Medicine,507| 537,Biological Sciences| Pharmacy & Pharmacology,32| 34,Life Sciences| Medical and Health,31| 32,Biological Sciences| Biomedical And Clinical Sciences,3207| 3214| 3107,Medical microbiology| Pharmacology and pharmaceutical sciences| Microbiology,SDG 3,Human Immunodeficiency Virus Dynamics,161,53.957,HIV Reservoir Dynamics and Latency Mechanisms,2275,97.938,Very Good,2020.0,11.0,N/A,"Vergara-Mendoza, M.| Gomez-Quiroz, L.E.| Miranda-Labra, R.U.| Fuentes-Romero, L.L.| Romero-Rodríguez, D.P.| González-Ruiz, J.| Hernández-Rizo, S.| Viveros-Rogel, M.",Universidad Autónoma Metropolitana| Instituto Nacional de Enfermedades Respiratorias| Instituto Nacional de Ciencias Medicas y Nutricion Salvador Zubiran,Mexico,0
56000734700,56000734700,GLUT4 translocation in C2C12 myoblasts and primary mouse hepatocytes by an antihyperglycemic flavone from Tillandsia usneoides,"Miranda-Nuñez, J.E.| Zamilpa-Alvarez, A.| Fortis-Barrera, A.| Alarcon-Aguilar, F.J.| Loza-Rodriguez, H.| Gomez-Quiroz, L.E.| Salas-Silva, S.| Flores-Cruz, M.| Zavala-Sanchez, M.A.| Blancas-Flores, G.",10.0,57224781787| 55995895500| 37461408700| 55989721500| 55892600700| 56000734700| 57205326890| 6507403501| 55644775600| 56013707500,2021.0,2021-08-01,Phytomedicine,89,-,-,153622,ISSN-09447113,17067.0,Journal,Elsevier GmbH,English,1.53,13,9.6,2,0.981,4,1.12,22.0,11.0,0.9,9.96,34.0,32.0,0.0,0.0,"Miranda-Nuñez, J.E., Zamilpa-Alvarez, A., Fortis-Barrera, A. and 7 more (...) (2021).GLUT4 translocation in C2C12 myoblasts and primary mouse hepatocytes by an antihyperglycemic flavone from Tillandsia usneoides. Phytomedicine,89",https://www.scopus.com/record/display.url?eid=2-s2.0-85108255506&origin=resultslist,10.1016/j.phymed.2021.153622,Article,,2-s2.0-85108255506,34161895,Universidad Autónoma Metropolitana| Instituto Mexicano del Seguro Social,505017| 505006,Academic| Government,2.0,60028381| 60008467| 60010210,Universidad Autónoma Metropolitana -Unidad Iztapalapa| Instituto Mexicano del Seguro Social| Universidad Autónoma Metropolitana Unidad Xochimilco,57224781787,56013707500,56013707500,-,Mexico,1.0,1313| 2707| 3002| 3003| 3004,Molecular Medicine| Complementary and Alternative Medicine| Drug Discovery| Pharmaceutical Science| Pharmacology,5,Life Sciences & Medicine,532| 537,Medicine| Pharmacy & Pharmacology,32| 34,Life Sciences| Medical and Health,32| 42,Biomedical And Clinical Sciences| Health Sciences,4208| 3214,"Traditional, complementary and integrative medicine| Pharmacology and pharmaceutical sciences",SDG 3,Antioxidant Compounds and Their Medicinal Potential,6,97.711,Antioxidant Capacity of Plant Extracts and Compounds,75690,51.007,Defensible,2021.0,11.0,N/A,"Miranda-Nuñez, J.E.| Zamilpa-Alvarez, A.| Fortis-Barrera, A.| Alarcon-Aguilar, F.J.| Loza-Rodriguez, H.| Gomez-Quiroz, L.E.| Salas-Silva, S.| Flores-Cruz, M.| Zavala-Sanchez, M.A.| Blancas-Flores, G.",Universidad Autónoma Metropolitana| Instituto Mexicano del Seguro Social,Mexico,0
56000734700,56000734700,"Reactive oxygen species production, induced by atmospheric modification, alter conidial quality of Beauveria bassiana","Pérez-Guzmán, D.| Montesinos-Matías, R.| Arce-Cervantes, O.| Gómez-Quiroz, L.E.| Loera, O.| Garza-López, P.M.",6.0,57189663928| 55022204300| 55681277700| 56000734700| 56398432300| 41761186700,2016.0,2016-08-01,Journal of Applied Microbiology,121,2,453-460,-,ISSN-13645072,20217.0,Journal,-,English,0.95,31,4.2,28,0.84,27,0.33,17.0,10.0,0.47,8.43,42.0,47.0,0.0,0.0,"Pérez-Guzmán, D., Montesinos-Matías, R., Arce-Cervantes, O. and 3 more (...) (2016).Reactive oxygen species production, induced by atmospheric modification, alter conidial quality of Beauveria bassiana. Journal of Applied Microbiology,121(2) 453-460",https://www.scopus.com/record/display.url?eid=2-s2.0-84978481200&origin=resultslist,10.1111/jam.13156,Article,Bronze,2-s2.0-84978481200,27107399,Universidad Autónoma Metropolitana| Universidad Autonoma del Estado de Hidalgo,505017| 505050,Academic,2.0,115086446| 126204304| 60027135| 60028381,División de Ingeniería Ambiental| Centro Nacional de Referencia de Control Biológico| Universidad Autónoma del Estado de Hidalgo| Universidad Autónoma Metropolitana -Unidad Iztapalapa,57189663928,41761186700,41761186700,-,Mexico,1.0,1305| 2402,Biotechnology| Applied Microbiology and Biotechnology,5,Life Sciences & Medicine,507,Biological Sciences,32,Life Sciences,32| 31| 30,"Biomedical And Clinical Sciences| Biological Sciences| Agricultural, Veterinary And Food Sciences",-,-,-,Entomopathogenic Fungi in Biological Control Strategies,1415,16.612,Efficacy of Entomopathogenic Fungi in Pest Control,885,95.312,Definitive,2016.0,10.0,N/A,"Pérez-Guzmán, D.| Montesinos-Matías, R.| Arce-Cervantes, O.| Gómez-Quiroz, L.E.| Loera, O.| Garza-López, P.M.",Universidad Autónoma Metropolitana| Universidad Autonoma del Estado de Hidalgo,Mexico,0
56000734700,56000734700,The proximal segment of the embryonic outflow (conus) does not participate in aortic vestibule development,"Lazzarini, R.| Gómez-Quiroz, L.E.| González-Márquez, H.| Villavicencio-Guzmán, L.| Salazar-García, M.| Sánchez-Gómez, C.",6.0,56063896900| 56000734700| 7801445359| 6505640506| 6506728773| 6603345008,2018.0,2018-12-01,PLoS ONE,13,12,-,e0209930,ISSN-19326203,10600153309.0,Journal,Public Library of Science,English,1.18,22,5.4,9,1.1,14,0.43,15.0,9.0,0.16,19.27,44.0,67.0,0.0,0.0,"Lazzarini, R., Gómez-Quiroz, L.E., González-Márquez, H. and 3 more (...) (2018).The proximal segment of the embryonic outflow (conus) does not participate in aortic vestibule development. PLoS ONE,13(12) ",https://www.scopus.com/record/display.url?eid=2-s2.0-85059253105&origin=resultslist,10.1371/journal.pone.0209930,Article,Gold|Green,2-s2.0-85059253105,30596770,Universidad Autónoma Metropolitana| Hospital Infantil de Mexico Federico Gomez,505017| 505033,Medical| Academic,2.0,60014923| 60028381| 60000328,Universidad Autónoma Metropolitana| Universidad Autónoma Metropolitana -Unidad Iztapalapa| Hospital Infantil de México Federico Gómez,56063896900,6603345008,6603345008,-,Mexico,1.0,1000,Multidisciplinary,-,-,-,-,-,-,MD,Multidisciplinary,MD,Multidisciplinary,-,Gene Expression and Cardiac Development Insights,1333,10.726,Cardiac Development and Signaling Pathways in Disease,3264,93.062,Definitive,2018.0,9.0,N/A,"Lazzarini, R.| Gómez-Quiroz, L.E.| González-Márquez, H.| Villavicencio-Guzmán, L.| Salazar-García, M.| Sánchez-Gómez, C.",Universidad Autónoma Metropolitana| Hospital Infantil de Mexico Federico Gomez,Mexico,0
56000734700,56000734700,Impact of the gene-gene interactions related to the HIF-1α signaling pathway with the knee osteoarthritis development,"Fernández-Torres, J.| Martínez-Nava, G.A.| Zamudio-Cuevas, Y.| Martínez-Flores, K.| Gutiérrez-Ruíz, M.C.| Gómez-Quiroz, L.E.| Garrido-Rodríguez, D.| Muñoz-Valle, J.F.| Oregón-Romero, E.| Lozada, C.| Cornejo, D.C.| Pineda, C.| López-Reyes, A.",13.0,56789952200| 46661582100| 56022186700| 55613345600| 7004019071| 56000734700| 34771366700| 55995916100| 56000750600| 57210863365| 57209498635| 55989786100| 15837159600,2019.0,2019-10-01,Clinical Rheumatology,38,10,2897-2907,-,ISSN-07703198,19187.0,Journal,Springer London,English,0.95,34,4,39,0.755,31,1.18,26.0,9.0,0.67,10.42,42.0,40.0,0.0,0.0,"Fernández-Torres, J., Martínez-Nava, G.A., Zamudio-Cuevas, Y. and 10 more (...) (2019).Impact of the gene-gene interactions related to the HIF-1α signaling pathway with the knee osteoarthritis development. Clinical Rheumatology,38(10) 2897-2907",https://www.scopus.com/record/display.url?eid=2-s2.0-85068011904&origin=resultslist,10.1007/s10067-019-04635-w,Article,,2-s2.0-85068011904,31236747,Universidad Autónoma Metropolitana| Instituto Nacional de Rehabilitación| Instituto Nacional de Enfermedades Respiratorias| Universidad de Guadalajara,505017| 715278| 505037| 505019,Medical| Academic| Government,4.0,60084250| 60028381| 60008205| 60008943,Instituto Nacional de Rehabilitación| Universidad Autónoma Metropolitana -Unidad Iztapalapa| Instituto Nacional de Enfermedades Respiratorias| Universidad de Guadalajara,56789952200,15837159600,15837159600,-,Mexico,1.0,2745,Rheumatology,5,Life Sciences & Medicine,532,Medicine,34,Medical and Health,32| 42,Biomedical And Clinical Sciences| Health Sciences,3202| 3204| 4201,Clinical sciences| Immunology| Allied health and rehabilitation science,-,Hypoxia and Tumor Metabolism in Cancer Progression,834,53.695,Genetic Variants of Hypoxia Inducible Factor 1alpha in Cancer Risk,88978,16.105,Weak,2019.0,9.0,N/A,"Fernández-Torres, J.| Martínez-Nava, G.A.| Zamudio-Cuevas, Y.| Martínez-Flores, K.| Gutiérrez-Ruíz, M.C.| Gómez-Quiroz, L.E.| Garrido-Rodríguez, D.| Muñoz-Valle, J.F.| Oregón-Romero, E.| Lozada, C.| Cornejo, D.C.| Pineda, C.| López-Reyes, A.",Universidad Autónoma Metropolitana| Instituto Nacional de Rehabilitación| Instituto Nacional de Enfermedades Respiratorias| Universidad de Guadalajara,Mexico,0
56000734700,56000734700,TBHQ Induces a Hormetic Response That Protects L6 Myoblasts against the Toxic Effect of Palmitate,"Posadas-Rodríguez, P.| Posadas-Rodríguez, N.E.| González-Puertos, V.Y.| Toledo-Pérez, R.| Ventura-Gallegos, J.L.| Zentella, A.| Gómez-Quiroz, L.E.| Königsberg, M.| Luna-López, A.",9.0,56154840800| 57216968040| 16028207500| 57197785094| 56013713600| 55587548900| 56000734700| 55995895600| 56013551000,2020.0,2020-01-01,Oxidative Medicine and Cellular Longevity,2020,-,-,3123268,ISSN-19420900,19700175026.0,Journal,Hindawi Limited,English,1.53,13,7.9,16,1.494,11,0.6,18.0,7.0,0.38,15.66,47.0,53.0,0.0,0.0,"Posadas-Rodríguez, P., Posadas-Rodríguez, N.E., González-Puertos, V.Y. and 6 more (...) (2020).TBHQ Induces a Hormetic Response That Protects L6 Myoblasts against the Toxic Effect of Palmitate. Oxidative Medicine and Cellular Longevity,2020",https://www.scopus.com/record/display.url?eid=2-s2.0-85085558556&origin=resultslist,10.1155/2020/3123268,Article,Hybrid gold|Green,2-s2.0-85085558556,32509140,SSA Mexico| Instituto Nacional de Geriatría| Universidad Autónoma Metropolitana| Universidad Nacional Autónoma de México| Instituto Nacional de Ciencias Medicas y Nutricion Salvador Zubiran,720866| 714711| 505017| 505023| 505009,Other| Academic| Government| Corporate,5.0,60028381| 60032442| 60009149| 60004064| 60108388,Universidad Autónoma Metropolitana -Unidad Iztapalapa| Universidad Nacional Autónoma de México| Instituto Nacional de la Nutrición Salvador Zubiran| SSA Mexico| Instituto Nacional de Geriatría,56154840800,56013551000,56013551000,-,Mexico,1.0,1302| 1303| 1307,Aging| Biochemistry| Cell Biology,5,Life Sciences & Medicine,507,Biological Sciences,32,Life Sciences,42| 32,Health Sciences| Biomedical And Clinical Sciences,-,-,SDG 3,Nrf2 Regulation and Aquaporin Function in Cells,366,62.982,Nrf2 Pathway in Cancer and Oxidative Stress,521,99.462,Defensible,2020.0,7.0,N/A,"Posadas-Rodríguez, P.| Posadas-Rodríguez, N.E.| González-Puertos, V.Y.| Toledo-Pérez, R.| Ventura-Gallegos, J.L.| Zentella, A.| Gómez-Quiroz, L.E.| Königsberg, M.| Luna-López, A.",SSA Mexico| Instituto Nacional de Geriatría| Universidad Autónoma Metropolitana| Universidad Nacional Autónoma de México| Instituto Nacional de Ciencias Medicas y Nutricion Salvador Zubiran,Mexico,0
56000734700,56000734700,"Hepatocyte growth factor enhances the clearance of a multidrug-resistant Mycobacterium tuberculosis strain by high doses of conventional chemotherapy, preserving liver function","Bello-Monroy, O.| Mata-Espinosa, D.| Enríquez-Cortina, C.| Souza, V.| Miranda, R.U.| Bucio, L.| Barrios-Payán, J.| Marquina-Castillo, B.| Rodríguez-Ochoa, I.| Rosales, P.| Gutiérrez-Ruiz, M.C.| Hernández-Pando, R.| Gomez-Quiroz, L.E.",13.0,55838918400| 56013578900| 55573866600| 55993744400| 36017234400| 55989671200| 56002743300| 41361603700| 57204146874| 57191040184| 7004019071| 55989672100| 56000734700,2020.0,2020-02-01,Journal of Cellular Physiology,235,2,1637-1648,-,ISSN-00219541,23455.0,Journal,Wiley-Liss Inc.,English,1.23,21,8.9,11,1.529,12,2.01,43.0,7.0,0.46,12.98,47.0,49.0,0.0,0.0,"Bello-Monroy, O., Mata-Espinosa, D., Enríquez-Cortina, C. and 10 more (...) (2020).Hepatocyte growth factor enhances the clearance of a multidrug-resistant Mycobacterium tuberculosis strain by high doses of conventional chemotherapy, preserving liver function. Journal of Cellular Physiology,235(2) 1637-1648",https://www.scopus.com/record/display.url?eid=2-s2.0-85075521223&origin=resultslist,10.1002/jcp.29082,Article,,2-s2.0-85075521223,31283037,Universidad Autónoma Metropolitana| Instituto Nacional de Cardiologia Ignacio Chavez| Universidad Nacional Autónoma de México| Instituto Nacional de Ciencias Medicas y Nutricion Salvador Zubiran,505017| 505008| 505023| 505009,Government| Academic,4.0,60028381| 60009149| 60032442| 60010748,Universidad Autónoma Metropolitana -Unidad Iztapalapa| Instituto Nacional de la Nutrición Salvador Zubiran| Universidad Nacional Autónoma de México| Instituto Nacional de Cardiologia Ignacio Chavez,55838918400,56000734700,55989672100,-,Mexico,1.0,1307| 1308| 1314,Cell Biology| Clinical Biochemistry| Physiology,5,Life Sciences & Medicine,507| 503,Biological Sciences| Anatomy & Physiology,32,Life Sciences,31| 32,Biological Sciences| Biomedical And Clinical Sciences,3101| 3109| 3208,Biochemistry and cell biology| Zoology| Medical physiology,SDG 3,Hepatocyte Dynamics in Liver Health and Disease,797,47.547,Hepatocyte Growth Factor in Cellular Dynamics,7141,65.994,Defensible,2020.0,7.0,N/A,"Bello-Monroy, O.| Mata-Espinosa, D.| Enríquez-Cortina, C.| Souza, V.| Miranda, R.U.| Bucio, L.| Barrios-Payán, J.| Marquina-Castillo, B.| Rodríguez-Ochoa, I.| Rosales, P.| Gutiérrez-Ruiz, M.C.| Hernández-Pando, R.| Gomez-Quiroz, L.E.",Universidad Autónoma Metropolitana| Instituto Nacional de Cardiologia Ignacio Chavez| Universidad Nacional Autónoma de México| Instituto Nacional de Ciencias Medicas y Nutricion Salvador Zubiran,Mexico,0
56000734700,56000734700,Enzymatic Activity of Glutathione S-Transferase and Dental Fluorosis Among Children Receiving Two Different Levels of Naturally Fluoridated Water,"Bonola-Gallardo, I.| Irigoyen-Camacho, M.E.| Vera-Robles, L.| Campero, A.| Gómez-Quiroz, L.",5.0,57190341787| 6603265505| 16835598700| 7003916318| 56000734700,2017.0,2017-03-01,Biological Trace Element Research,176,1,40-47,-,ISSN-01634984,16901.0,Journal,Humana Press Inc.,English,0.92,34,4,33,0.719,32,1.88,47.0,7.0,0.11,9.19,49.0,69.0,0.0,0.0,"Bonola-Gallardo, I., Irigoyen-Camacho, M.E., Vera-Robles, L. and 2 more (...) (2017).Enzymatic Activity of Glutathione S-Transferase and Dental Fluorosis Among Children Receiving Two Different Levels of Naturally Fluoridated Water. Biological Trace Element Research,176(1) 40-47",https://www.scopus.com/record/display.url?eid=2-s2.0-84979266661&origin=resultslist,10.1007/s12011-016-0806-0,Article,,2-s2.0-84979266661,27449362,Universidad Autónoma Metropolitana,505017,Academic,1.0,60014923| 60010210| 60028381,Universidad Autónoma Metropolitana| Universidad Autónoma Metropolitana Unidad Xochimilco| Universidad Autónoma Metropolitana -Unidad Iztapalapa,57190341787,56000734700,6603265505,-,Mexico,1.0,1303| 1308| 1604| 2704| 2712,"Biochemistry| Clinical Biochemistry| Inorganic Chemistry| Biochemistry (medical)| Endocrinology, Diabetes and Metabolism",5| 4,Life Sciences & Medicine| Natural Sciences,532| 507| 409,Medicine| Biological Sciences| Chemistry,34| 37| 32,Medical and Health| Physical Sciences| Life Sciences,31,Biological Sciences,3102,Bioinformatics and computational biology,-,Fluoride and Oral Health in Children,293,70.634,Fluoride's Impact on Dental Health and Fluorosis,4825,81.625,Very Good,2017.0,7.0,N/A,"Bonola-Gallardo, I.| Irigoyen-Camacho, M.E.| Vera-Robles, L.| Campero, A.| Gómez-Quiroz, L.",Universidad Autónoma Metropolitana,Mexico,0
56000734700,56000734700,Ultrasound in the interstitial pulmonary fibrosis. Can it facilitate a best routine assessment in rheumatic disorders?,"Gutierrez, M.| Gomez-Quiroz, L.E.| Clavijo-Cornejo, D.| Lozada, C.A.| Lozada-Navarro, A.C.| Labra, R.U.M.| Fernandez-Torres, J.| Sanchez-Bringas, G.| Salaffi, F.| Bertolazzi, C.| Pineda, C.",11.0,26635137500| 56000734700| 55573688100| 57210863365| 59454684800| 57189843864| 56789952200| 36967729100| 7007020179| 26634834500| 55989786100,2016.0,2016-10-01,Clinical Rheumatology,35,10,2387-2395,-,ISSN-07703198,19187.0,Journal,Springer London,English,0.98,30,3.5,43,0.873,26,1.55,26.0,7.0,0.72,8.35,48.0,37.0,0.0,0.0,"Gutierrez, M., Gomez-Quiroz, L.E., Clavijo-Cornejo, D. and 8 more (...) (2016).Ultrasound in the interstitial pulmonary fibrosis. Can it facilitate a best routine assessment in rheumatic disorders?. Clinical Rheumatology,35(10) 2387-2395",https://www.scopus.com/record/display.url?eid=2-s2.0-84975297363&origin=resultslist,10.1007/s10067-016-3329-3,Article,,2-s2.0-84975297363,27325229,Marche Polytechnic University| Universidad Autónoma Metropolitana| Instituto Nacional de Rehabilitación,321034| 505017| 715278,Medical| Academic,3.0,60084250| 60028381| 60031624,Instituto Nacional de Rehabilitación| Universidad Autónoma Metropolitana -Unidad Iztapalapa| Università Politecnica delle Marche,26635137500,55989786100,26635137500,-,Mexico| Italy,2.0,2745,Rheumatology,5,Life Sciences & Medicine,532,Medicine,34,Medical and Health,42| 32,Health Sciences| Biomedical And Clinical Sciences,3204| 4201| 3202,Immunology| Allied health and rehabilitation science| Clinical sciences,SDG 3,Point-of-Care Ultrasound in Neonatal Care,515,40.092,Lung Ultrasound Applications in Patient Diagnosis,2090,97.258,Definitive,2016.0,7.0,N/A,"Gutierrez, M.| Gomez-Quiroz, L.E.| Clavijo-Cornejo, D.| Lozada, C.A.| Lozada-Navarro, A.C.| Labra, R.U.M.| Fernandez-Torres, J.| Sanchez-Bringas, G.| Salaffi, F.| Bertolazzi, C.| Pineda, C.",Marche Polytechnic University| Universidad Autónoma Metropolitana| Instituto Nacional de Rehabilitación,Mexico| Italy,0
56000734700,56000734700,Cholesterol accumulation in hepatocytes overactivates nicotinamide adenine dinucleotide phosphate (NADPH) oxidase but abrogates protection response of the hepatocyte growth factor (HGF),"López-Reyes, A.G.| Martínez-Flores, K.| Clavijo-Cornejo, D.| Nuño-Lámbarri, N.| Palestino-Domínguez, M.| Souza, V.| Bucio, L.| Panduro, A.| Miranda, R.U.| Gómez-Quiroz, L.E.| Gutiérrez-Ruiz, M.C.",11.0,15837159600| 55613345600| 55573688100| 57189267060| 55839214600| 55993744400| 55989671200| 7003693449| 36017234400| 56000734700| 7004019071,2015.0,2015-07-01,Gaceta Medica de Mexico,151,4,456-464,-,ISSN-00163813,28023.0,Journal,Academia Nacional de Medicina,English| Spanish,0.24,79,0.5,82,0.163,75,0.95,18.0,7.0,0.67,5.97,49.0,39.0,0.0,0.0,"López-Reyes, A.G., Martínez-Flores, K., Clavijo-Cornejo, D. and 8 more (...) (2015).Cholesterol accumulation in hepatocytes overactivates nicotinamide adenine dinucleotide phosphate (NADPH) oxidase but abrogates protection response of the hepatocyte growth factor (HGF). Gaceta Medica de Mexico,151(4) 456-464",https://www.scopus.com/record/display.url?eid=2-s2.0-84942757988&origin=resultslist,-,Article,,2-s2.0-84942757988,26290021,Universidad Autónoma Metropolitana| Instituto Nacional de Rehabilitación| Universidad de Guadalajara,505017| 715278| 505019,Medical| Academic,3.0,60028381| 60084250| 101976313| 60008943| 60032700,Universidad Autónoma Metropolitana -Unidad Iztapalapa| Instituto Nacional de Rehabilitación| PROMEP-SEP| Universidad de Guadalajara| Hospital Civil de Guadalajara,15837159600,7004019071,7004019071,-,Mexico,1.0,2700,General Medicine,5,Life Sciences & Medicine,532,Medicine,34,Medical and Health,32,Biomedical And Clinical Sciences,3201| 3213| 3202,Cardiovascular medicine and haematology| Paediatrics| Clinical sciences,SDG 3,Hepatocyte Dynamics in Liver Health and Disease,797,47.547,Hepatocyte Growth Factor in Cellular Dynamics,7141,65.994,Very Good,2015.0,7.0,N/A,"López-Reyes, A.G.| Martínez-Flores, K.| Clavijo-Cornejo, D.| Nuño-Lámbarri, N.| Palestino-Domínguez, M.| Souza, V.| Bucio, L.| Panduro, A.| Miranda, R.U.| Gómez-Quiroz, L.E.| Gutiérrez-Ruiz, M.C.",Universidad Autónoma Metropolitana| Instituto Nacional de Rehabilitación| Universidad de Guadalajara,Mexico,0
56000734700,56000734700,The Critical Role of Hypoxia in the Re-Differentiation of Human Articular Chondrocytes,"Martinez-Armenta, C.| Suarez-Ahedo, C.| Olivos-Meza, A.| Camacho-Rea, M.C.| Martínez-Gómez, L.E.| Jimenez-Gutierrez, G.E.| Martínez-Nava, G.A.| Gomez-Quiroz, L.E.| Pineda, C.| López-Reyes, A.",10.0,57219907563| 28568049600| 37038322600| 57218129704| 53363829200| 57198810738| 46661582100| 56000734700| 57197229968| 15837159600,2022.0,2022-08-01,Cells,11,16,-,2553,ISSN-20734409,21100978391.0,Journal,MDPI,English,1.26,19,9,16,1.537,14,0.78,15.0,6.0,0.28,18.03,42.0,63.0,0.0,0.0,"Martinez-Armenta, C., Suarez-Ahedo, C., Olivos-Meza, A. and 7 more (...) (2022).The Critical Role of Hypoxia in the Re-Differentiation of Human Articular Chondrocytes. Cells,11(16) ",https://www.scopus.com/record/display.url?eid=2-s2.0-85136635969&origin=resultslist,10.3390/cells11162553,Article,Gold|Green,2-s2.0-85136635969,36010629,Universidad Autónoma Metropolitana| Instituto Nacional de Rehabilitación| Instituto Nacional de Ciencias Medicas y Nutricion Salvador Zubiran,505017| 715278| 505009,Medical| Government| Academic,3.0,60028381| 60084250| 60013839| 60009149,Universidad Autónoma Metropolitana -Unidad Iztapalapa| Instituto Nacional de Rehabilitación| Secretaria de Salud| Instituto Nacional de la Nutrición Salvador Zubiran,57219907563,15837159600,15837159600,-,Mexico,1.0,1300,"General Biochemistry,Genetics and Molecular Biology",5,Life Sciences & Medicine,507,Biological Sciences,32,Life Sciences,32| 31,Biomedical And Clinical Sciences| Biological Sciences,-,-,-,Ankle Joint Cartilage Repair,325,62.067,Chondrogenesis and Stem Cell Applications in Cartilage Repair,7346,92.531,Very Good,2022.0,6.0,N/A,"Martinez-Armenta, C.| Suarez-Ahedo, C.| Olivos-Meza, A.| Camacho-Rea, M.C.| Martínez-Gómez, L.E.| Jimenez-Gutierrez, G.E.| Martínez-Nava, G.A.| Gomez-Quiroz, L.E.| Pineda, C.| López-Reyes, A.",Universidad Autónoma Metropolitana| Instituto Nacional de Rehabilitación| Instituto Nacional de Ciencias Medicas y Nutricion Salvador Zubiran,Mexico,0
56000734700,56000734700,Fast morphological gallbladder changes triggered by a hypercholesterolemic diet,"López-Reyes, A.| Clavijo-Cornejo, D.| Fernández-Torres, J.| Medina-Luna, D.| Estrada-Villaseñor, E.G.| Gómez-Quiroz, L.E.| Gutiérrez, M.| Granados, J.| Vargas-Alarcón, G.| Pineda, C.| García, H.| Morales-Garza, L.A.| Gutiérrez-Ruiz, M.C.| Martínez-Flores, K.",14.0,15837159600| 55573688100| 56789952200| 57189341163| 57224261708| 56000734700| 26635137500| 55995937700| 55665539100| 55989786100| 57203683131| 23498232000| 7004019071| 55613345600,2018.0,2018-09-01,Annals of Hepatology,17,5,857-863,-,ISSN-16652681,38551.0,Journal,Fundacion Clinica Medica Sur,English,0.66,53,2.8,65,0.628,38,1.45,25.0,4.0,0.04,23.88,58.0,74.0,0.0,0.0,"López-Reyes, A., Clavijo-Cornejo, D., Fernández-Torres, J. and 11 more (...) (2018).Fast morphological gallbladder changes triggered by a hypercholesterolemic diet. Annals of Hepatology,17(5) 857-863",https://www.scopus.com/record/display.url?eid=2-s2.0-85052637207&origin=resultslist,10.5604/01.3001.0012.3160,Article,Hybrid gold|Green,2-s2.0-85052637207,30145572,Universidad Autónoma Metropolitana| Instituto Nacional de Cardiologia Ignacio Chavez| Instituto Tecnologico de Estudios Superiores de Monterrey| Instituto Nacional de Ciencias Medicas y Nutricion Salvador Zubiran,505017| 505008| 505012| 505009,Government| Academic,4.0,108146965| 60014923| 60009149| 60010748| 60007966| 60001285,Ministry of Health| Universidad Autónoma Metropolitana| Instituto Nacional de la Nutrición Salvador Zubiran| Instituto Nacional de Cardiologia Ignacio Chavez| Tecnológico de Monterrey| Escuela de Medicina y Ciencias de la Salud TecSalud,15837159600,55613345600,55613345600,-,Mexico,1.0,2721,Hepatology,5,Life Sciences & Medicine,532,Medicine,34,Medical and Health,32,Biomedical And Clinical Sciences,3202,Clinical sciences,SDG 3,Biliary Complications and Management Strategies in Cholecystectomy,502,33.159,Cholesterol Dynamics and Gallstone Formation Mechanisms,25068,36.834,Defensible,2018.0,4.0,N/A,"López-Reyes, A.| Clavijo-Cornejo, D.| Fernández-Torres, J.| Medina-Luna, D.| Estrada-Villaseñor, E.G.| Gómez-Quiroz, L.E.| Gutiérrez, M.| Granados, J.| Vargas-Alarcón, G.| Pineda, C.| García, H.| Morales-Garza, L.A.| Gutiérrez-Ruiz, M.C.| Martínez-Flores, K.",Universidad Autónoma Metropolitana| Instituto Nacional de Cardiologia Ignacio Chavez| Instituto Tecnologico de Estudios Superiores de Monterrey| Instituto Nacional de Ciencias Medicas y Nutricion Salvador Zubiran,Mexico,0
56000734700,56000734700,Effect of synthesis variables of plasma synthesized polymers on growth of hepg2 cells,"Pérez-Tejada, E.| Morales-Corona, J.| Gómez-Quiróz, L.E.| Gutierrez-Ruiz, M.C.| Olayo, R.",5.0,57204127584| 26655036900| 56000734700| 7004019071| 7004460174,2017.0,2017-01-01,Biocell,41,2-3,41-43,-,ISSN-03279545,18414.0,Journal,Centro Regional de Invest. Cientif. y Tecn.,English,0.1,89,0.2,99,0.116,98,0.48,18.0,4.0,0.13,14.89,58.0,67.0,0.0,0.0,"Pérez-Tejada, E., Morales-Corona, J., Gómez-Quiróz, L.E. and 2 more (...) (2017).Effect of synthesis variables of plasma synthesized polymers on growth of hepg2 cells. Biocell,41(2-3) 41-43",https://www.scopus.com/record/display.url?eid=2-s2.0-85054555639&origin=resultslist,10.32604/biocell.2017.00041,Article,Bronze,2-s2.0-85054555639,-,Universidad Autónoma Metropolitana| Instituto Politécnico Nacional,505017| 505011,Academic,2.0,60028381| 60019176,Universidad Autónoma Metropolitana -Unidad Iztapalapa| Instituto Politécnico Nacional,57204127584,7004460174,57204127584,-,Mexico,1.0,1307,Cell Biology,5,Life Sciences & Medicine,507,Biological Sciences,32,Life Sciences,31,Biological Sciences,3101,Biochemistry and cell biology,-,Nanostructured Films and Ion Transport Mechanisms,1011,42.708,Plasma Polymerization for Enhanced Surface Properties,7173,89.383,Very Good,2017.0,4.0,N/A,"Pérez-Tejada, E.| Morales-Corona, J.| Gómez-Quiróz, L.E.| Gutierrez-Ruiz, M.C.| Olayo, R.",Universidad Autónoma Metropolitana| Instituto Politécnico Nacional,Mexico,0
56000734700,56000734700,Mediterranean-like mix of fatty acids induces cellular protection on lipid-overloaded hepatocytes from western diet fed mice,"Castellanos-Tapia, L.| Tejero-Barrera, M.E.| Salas-Silva, S.| Simoni-Nieves, A.| Escobedo-Calvario, A.| Gomez-Quiroz, L.E.",6.0,26424574000| 57193799152| 57205326890| 57197856358| 57218378934| 56000734700,2020.0,2020-09-01,Annals of Hepatology,19,5,489-496,-,ISSN-16652681,38551.0,Journal,Elsevier Espana S.L.,English,0.87,40,4,58,0.705,39,0.95,18.0,4.0,0.04,22.8,58.0,78.0,0.0,0.0,"Castellanos-Tapia, L., Tejero-Barrera, M.E., Salas-Silva, S. and 3 more (...) (2020).Mediterranean-like mix of fatty acids induces cellular protection on lipid-overloaded hepatocytes from western diet fed mice. Annals of Hepatology,19(5) 489-496",https://www.scopus.com/record/display.url?eid=2-s2.0-85089011002&origin=resultslist,10.1016/j.aohep.2020.06.005,Article,Gold|Green,2-s2.0-85089011002,32663612,Universidad Autónoma Metropolitana| Instituto Nacional de Medicina Genomica,505017| 707723,Government| Academic,2.0,60095231| 60028381,Instituto Nacional de Medicina Genómica| Universidad Autónoma Metropolitana -Unidad Iztapalapa,26424574000,56000734700,56000734700,-,Mexico,1.0,2721,Hepatology,5,Life Sciences & Medicine,532,Medicine,34,Medical and Health,32,Biomedical And Clinical Sciences,3202,Clinical sciences,-,Non-Alcoholic Fatty Liver Disease and Fibrosis Insights,483,91.105,Dietary Patterns and Nonalcoholic Fatty Liver Disease,36950,93.66,Defensible,2020.0,4.0,N/A,"Castellanos-Tapia, L.| Tejero-Barrera, M.E.| Salas-Silva, S.| Simoni-Nieves, A.| Escobedo-Calvario, A.| Gomez-Quiroz, L.E.",Universidad Autónoma Metropolitana| Instituto Nacional de Medicina Genomica,Mexico,0
56000734700,56000734700,Characterization of hemodynamic ex vivo model to study endothelial activation by tumor necrosis factor α (TNF-α) in perfused human veins,"López-Macay, A.| Ruiz-Medina, E.J.| Ventura-Gallegos, J.L.| Arechavaleta-Velasco, F.| Gómez-Quiroz, L.E.| Konigsberg-Fainstein, M.| Zentella-Dehesa, A.",7.0,55533456800| 8107461200| 56013713600| 6602245068| 56000734700| 56711903300| 55587548900,2015.0,2015-01-01,Gaceta Medica de Mexico,151,2,206-215,-,ISSN-00163813,28023.0,Journal,Academia Nacional de Medicina,English| Spanish,0.24,79,0.5,82,0.163,75,0.64,12.0,4.0,0.0,5.97,58.0,69.0,0.0,0.0,"López-Macay, A., Ruiz-Medina, E.J., Ventura-Gallegos, J.L. and 4 more (...) (2015).Characterization of hemodynamic ex vivo model to study endothelial activation by tumor necrosis factor α (TNF-α) in perfused human veins. Gaceta Medica de Mexico,151(2) 206-215",https://www.scopus.com/record/display.url?eid=2-s2.0-84935883507&origin=resultslist,-,Article,,2-s2.0-84935883507,25946532,Universidad Autónoma Metropolitana| Instituto Nacional de Rehabilitación| Instituto Mexicano del Seguro Social| Universidad Nacional Autónoma de México| Instituto Nacional de Ciencias Medicas y Nutricion Salvador Zubiran,505017| 715278| 505006| 505023| 505009,Medical| Government| Academic,5.0,60028381| 60032442| 60008467| 60084250| 60009149,Universidad Autónoma Metropolitana -Unidad Iztapalapa| Universidad Nacional Autónoma de México| Instituto Mexicano del Seguro Social| Instituto Nacional de Rehabilitación| Instituto Nacional de la Nutrición Salvador Zubiran,55533456800,55587548900,55587548900,-,Mexico,1.0,2700,General Medicine,5,Life Sciences & Medicine,532,Medicine,34,Medical and Health,32,Biomedical And Clinical Sciences,3202| 3201| 3213,Clinical sciences| Cardiovascular medicine and haematology| Paediatrics,SDG 3,Integrin Interactions in Cancer and Endothelial Dynamics,300,57.096,Mechanisms of Cell Adhesion in Shear Flow,27799,57.809,Weak,2015.0,4.0,N/A,"López-Macay, A.| Ruiz-Medina, E.J.| Ventura-Gallegos, J.L.| Arechavaleta-Velasco, F.| Gómez-Quiroz, L.E.| Konigsberg-Fainstein, M.| Zentella-Dehesa, A.",Universidad Autónoma Metropolitana| Instituto Nacional de Rehabilitación| Instituto Mexicano del Seguro Social| Universidad Nacional Autónoma de México| Instituto Nacional de Ciencias Medicas y Nutricion Salvador Zubiran,Mexico,0
56000734700,56000734700,Organic-polymeric radial flow biorreactor for liver models,"Ramírez-Fernández, O.| Zúñiga-Aguilar, E.| Gómez-Quiroz, L.E.| Gutiérrez-Ruiz, M.C.| Godínez, R.",5.0,55628112600| 55628067500| 56000734700| 7004019071| 6505991168,2016.0,2016-09-01,Revista Mexicana de Ingenieria Biomedica,37,3,165-179,-,ISSN-01889532,21100200412.0,Journal,Sociedad Mexicana de Ingenieria Biomedica,English,0.04,92,0.3,95,0.116,93,0.92,42.0,3.0,0.11,8.88,62.0,68.0,0.0,0.0,"Ramírez-Fernández, O., Zúñiga-Aguilar, E., Gómez-Quiroz, L.E. and 2 more (...) (2016).Organic-polymeric radial flow biorreactor for liver models. Revista Mexicana de Ingenieria Biomedica,37(3) 165-179",https://www.scopus.com/record/display.url?eid=2-s2.0-84983607910&origin=resultslist,10.17488/RMIB.37.3.1,Article,Gold,2-s2.0-84983607910,-,Universidad Autónoma Metropolitana,505017,Academic,1.0,60028381,Universidad Autónoma Metropolitana -Unidad Iztapalapa,55628112600,6505991168,55628112600,-,Mexico,1.0,2204,Biomedical Engineering,2,Engineering & Technology,507,Biological Sciences,36,Engineering,40| 32,Engineering| Biomedical And Clinical Sciences,4003| 3209| 4007,"Biomedical engineering| Neurosciences| Control engineering, mechatronics and robotics",-,Hepatocyte Dynamics in Liver Health and Disease,797,47.547,Hepatocyte Culture and Tissue Engineering,3917,86.636,Very Good,2016.0,3.0,N/A,"Ramírez-Fernández, O.| Zúñiga-Aguilar, E.| Gómez-Quiroz, L.E.| Gutiérrez-Ruiz, M.C.| Godínez, R.",Universidad Autónoma Metropolitana,Mexico,0
56000734700,56000734700,Superficial modification of biopolymeric scaffolds for tridimensional hepatic cell model,"Ramírez-Fernández, O.| Godínez, R.| Zuñiga-Aguilar, E.| Gómez-Quiroz, L.E.| Gutiérrez-Ruiz, M.C.| Morales, J.| Olayo, R.",7.0,55628112600| 6505991168| 55628067500| 56000734700| 7004019071| 57195064243| 7004460174,2015.0,2015-01-01,International Journal of Medical Engineering and Informatics,7,2,110-123,-,ISSN-17550653,19700175025.0,Journal,Inderscience Publishers,English,0.36,72,0.5,87,0.175,73,1.42,50.0,3.0,0.1,10.41,62.0,67.0,0.0,0.0,"Ramírez-Fernández, O., Godínez, R., Zuñiga-Aguilar, E. and 4 more (...) (2015).Superficial modification of biopolymeric scaffolds for tridimensional hepatic cell model. International Journal of Medical Engineering and Informatics,7(2) 110-123",https://www.scopus.com/record/display.url?eid=2-s2.0-84926612898&origin=resultslist,10.1504/IJMEI.2015.068505,Article,,2-s2.0-84926612898,-,Universidad Autónoma Metropolitana,505017,Academic,1.0,60028381,Universidad Autónoma Metropolitana -Unidad Iztapalapa,55628112600,7004460174,55628112600,-,Mexico,1.0,2204| 2502| 2701| 2718,Biomedical Engineering| Biomaterials| Medicine (miscellaneous)| Health Informatics,4| 5| 2,Natural Sciences| Life Sciences & Medicine| Engineering & Technology,507| 532| 433,Biological Sciences| Medicine| Materials Science,36| 34,Engineering| Medical and Health,46| 40,Information And Computing Sciences| Engineering,4003| 4601,Biomedical engineering| Applied computing,-,Conductive Polymers and Their Multifaceted Applications,963,32.832,Conductive Polymers in Tissue Engineering Applications,11678,96.123,Defensible,2015.0,3.0,N/A,"Ramírez-Fernández, O.| Godínez, R.| Zuñiga-Aguilar, E.| Gómez-Quiroz, L.E.| Gutiérrez-Ruiz, M.C.| Morales, J.| Olayo, R.",Universidad Autónoma Metropolitana,Mexico,0
56000734700,56000734700,Cell cocultures on coated scaffolds applied to liver models,"Ramírez-Fernández, O.| Godínez, R.| Zuñiga-Aguilar, E.| Gómez-Quiroz, L.E.| Gutiérrez-Ruiz, M.C.| Morales, J.| Olayo, R.",7.0,55628112600| 6505991168| 55628067500| 56000734700| 7004019071| 57195064243| 7004460174,2017.0,2017-01-01,International Journal of Medical Engineering and Informatics,9,4,332-350,-,ISSN-17550653,19700175025.0,Journal,Inderscience Publishers,English,0.32,76,0.5,82,0.181,74,0.58,23.0,2.0,0.0,11.64,67.0,72.0,0.0,0.0,"Ramírez-Fernández, O., Godínez, R., Zuñiga-Aguilar, E. and 4 more (...) (2017).Cell cocultures on coated scaffolds applied to liver models. International Journal of Medical Engineering and Informatics,9(4) 332-350",https://www.scopus.com/record/display.url?eid=2-s2.0-85030695952&origin=resultslist,10.1504/IJMEI.2017.086895,Article,,2-s2.0-85030695952,-,Universidad Autónoma Metropolitana,505017,Academic,1.0,60028381,Universidad Autónoma Metropolitana -Unidad Iztapalapa,55628112600,7004460174,55628112600,-,Mexico,1.0,2204| 2502| 2701| 2718,Biomedical Engineering| Biomaterials| Medicine (miscellaneous)| Health Informatics,4| 5| 2,Natural Sciences| Life Sciences & Medicine| Engineering & Technology,433| 532| 507,Materials Science| Medicine| Biological Sciences,34| 36,Medical and Health| Engineering,46| 40,Information And Computing Sciences| Engineering,4601| 4003,Applied computing| Biomedical engineering,-,Conductive Polymers and Their Multifaceted Applications,963,32.832,Conductive Polymers in Tissue Engineering Applications,11678,96.123,Defensible,2017.0,2.0,N/A,"Ramírez-Fernández, O.| Godínez, R.| Zuñiga-Aguilar, E.| Gómez-Quiroz, L.E.| Gutiérrez-Ruiz, M.C.| Morales, J.| Olayo, R.",Universidad Autónoma Metropolitana,Mexico,0
56000734700,56000734700,Erk1/2 signaling mediates the HGF-induced protection against ethanol and acetaldehyde-induced toxicity in the pancreatic RINm5F cell line,"Palestino-Domínguez, M.| Escobedo-Calvario, A.| Salas-Silva, S.| Vergara-Mendoza, M.| Souza-Arroyo, V.| Lazzarini, R.| Miranda-Labra, R.| Bucio-Ortiz, L.| Gutiérrez-Ruiz, M.C.| Gomez-Quiroz, L.E.",10.0,55839214600| 57218378934| 57205326890| 57217583436| 55993744400| 58067154800| 36017234400| 55989671200| 7004019071| 56000734700,2023.0,2023-04-01,Journal of Biochemical and Molecular Toxicology,37,4,-,e23302,ISSN-10956670,29550.0,Journal,John Wiley and Sons Inc,English,0.69,48,5.8,37,0.7,36,0.65,13.0,1.0,0.09,11.36,65.0,74.0,0.0,0.0,"Palestino-Domínguez, M., Escobedo-Calvario, A., Salas-Silva, S. and 7 more (...) (2023).Erk1/2 signaling mediates the HGF-induced protection against ethanol and acetaldehyde-induced toxicity in the pancreatic RINm5F cell line. Journal of Biochemical and Molecular Toxicology,37(4) ",https://www.scopus.com/record/display.url?eid=2-s2.0-85146325244&origin=resultslist,10.1002/jbt.23302,Article,,2-s2.0-85146325244,36636782,Universidad Autónoma Metropolitana| Instituto Nacional de Cardiologia Ignacio Chavez| Universidad Nacional Autónoma de México,505017| 505008| 505023,Academic| Government,3.0,60028381| 60010748| 60032442,Universidad Autónoma Metropolitana -Unidad Iztapalapa| Instituto Nacional de Cardiologia Ignacio Chavez| Universidad Nacional Autónoma de México,55839214600,56000734700,56000734700,-,Mexico,1.0,1303| 1312| 1313| 2307| 3005,"Biochemistry| Molecular Biology| Molecular Medicine| Health, Toxicology and Mutagenesis| Toxicology",5,Life Sciences & Medicine,532| 424| 537| 507,Medicine| Environmental Sciences| Pharmacy & Pharmacology| Biological Sciences,32| 34,Life Sciences| Medical and Health,31| 32,Biological Sciences| Biomedical And Clinical Sciences,3214| 3101,Pharmacology and pharmaceutical sciences| Biochemistry and cell biology,-,Hepatocyte Dynamics in Liver Health and Disease,797,47.547,Hepatocyte Growth Factor in Cellular Dynamics,7141,65.994,Definitive,2023.0,1.0,N/A,"Palestino-Domínguez, M.| Escobedo-Calvario, A.| Salas-Silva, S.| Vergara-Mendoza, M.| Souza-Arroyo, V.| Lazzarini, R.| Miranda-Labra, R.| Bucio-Ortiz, L.| Gutiérrez-Ruiz, M.C.| Gomez-Quiroz, L.E.",Universidad Autónoma Metropolitana| Instituto Nacional de Cardiologia Ignacio Chavez| Universidad Nacional Autónoma de México,Mexico,0
56000734700,56000734700,Hepatocyte growth factor reverses cholemic nephropathy associated with α-naphthylisothiocyanate-induced cholestasis in mice,"Salas-Silva, S.| López-Ramirez, J.| Barrera-Chimal, J.| Lazzarini-Lechuga, R.| Simoni-Nieves, A.| Souza, V.| Miranda-Labra, R.U.| Masso, F.| Roma, M.G.| Gutiérrez-Ruiz, M.C.| Bucio-Ortiz, L.| Gomez-Quiroz, L.E.",12.0,57205326890| 57205326866| 36655413000| 56063896900| 57197856358| 55993744400| 36017234400| 57210610002| 7004568500| 7004019071| 55989671200| 56000734700,2022.0,2022-04-15,Life Sciences,295,-,-,120423,ISSN-00243205,20473.0,Journal,Elsevier Inc.,English,1.13,24,10.8,4,1.207,5,1.0,19.0,1.0,0.11,9.45,70.0,75.0,0.0,0.0,"Salas-Silva, S., López-Ramirez, J., Barrera-Chimal, J. and 9 more (...) (2022).Hepatocyte growth factor reverses cholemic nephropathy associated with α-naphthylisothiocyanate-induced cholestasis in mice. Life Sciences,295",https://www.scopus.com/record/display.url?eid=2-s2.0-85124883982&origin=resultslist,10.1016/j.lfs.2022.120423,Article,,2-s2.0-85124883982,35196530,Consejo Nacional de Investigaciones Científicas y Técnicas| Universidad Nacional de Rosario| Universidad Autónoma Metropolitana| Instituto Nacional de Cardiologia Ignacio Chavez| Universidad Nacional Autónoma de México,601002| 601009| 505017| 505008| 505023,Academic| Government,5.0,60028381| 60032442| 60010748| 60014923| 60104580| 60025699,Universidad Autónoma Metropolitana -Unidad Iztapalapa| Universidad Nacional Autónoma de México| Instituto Nacional de Cardiologia Ignacio Chavez| Universidad Autónoma Metropolitana| Instituto de Fisiología Experimental| Universidad Nacional de Rosario,57205326890,56000734700,55989671200,-,Mexico| Argentina,2.0,1300| 3000,"General Biochemistry,Genetics and Molecular Biology| General Pharmacology, Toxicology and Pharmaceutics",5,Life Sciences & Medicine,507| 537,Biological Sciences| Pharmacy & Pharmacology,34| 32,Medical and Health| Life Sciences,31| 32,Biological Sciences| Biomedical And Clinical Sciences,3214| 3101,Pharmacology and pharmaceutical sciences| Biochemistry and cell biology,-,Pancreatic Cancer Treatment and Research,214,74.689,Cholestasis and Its Impact on Renal Function,68457,64.443,Defensible,2022.0,1.0,N/A,"Salas-Silva, S.| López-Ramirez, J.| Barrera-Chimal, J.| Lazzarini-Lechuga, R.| Simoni-Nieves, A.| Souza, V.| Miranda-Labra, R.U.| Masso, F.| Roma, M.G.| Gutiérrez-Ruiz, M.C.| Bucio-Ortiz, L.| Gomez-Quiroz, L.E.",Consejo Nacional de Investigaciones Científicas y Técnicas| Universidad Nacional de Rosario| Universidad Autónoma Metropolitana| Instituto Nacional de Cardiologia Ignacio Chavez| Universidad Nacional Autónoma de México,Mexico| Argentina,0
56000734700,56000734700,Changes in D4 and GABAA subunit α3 receptors in the thalamic reticular nucleus caused by unilateral lesion of the globus pallidus,"Montoya-Gress, L.| Juárez-Rojas, L.| Almanza-Pérez, J.| Farfán-García, E.| Gómez-Quiroz, L.| Ommati, M.M.| Heidari, R.| Querejeta-Villagómez, E.| Alatorre-Pérez, A.| Retana-Márquez, S.",10.0,59362213900| 56453552800| 56013541000| 55762063500| 56000734700| 55696276900| 25822454600| 59362331500| 59362254400| 8790024700,2024.0,2024-10-11,Acta Neurobiologiae Experimentalis,84,3,275-287,-,ISSN-00651400,17540.0,Journal,Nencki Institute of Experimental Biology,English,0.4,71,2.6,76,0.421,60,0.88,9.0,1.0,0.19,5.19,56.0,64.0,0.0,0.0,"Montoya-Gress, L., Juárez-Rojas, L., Almanza-Pérez, J. and 7 more (...) (2024).Changes in D4 and GABAA subunit α3 receptors in the thalamic reticular nucleus caused by unilateral lesion of the globus pallidus. Acta Neurobiologiae Experimentalis,84(3) 275-287",https://www.scopus.com/record/display.url?eid=2-s2.0-85206065011&origin=resultslist,10.55782/ane-2024-2544,Article,Gold,2-s2.0-85206065011,39392023,Henan University of Science and Technology| Universidad Autónoma Metropolitana| Shiraz University of Medical Sciences| Instituto Politécnico Nacional,203093| 505017| 404020| 505011,Academic,4.0,60028381| 60019176| 60073587| 60021948| 60159515,Universidad Autónoma Metropolitana -Unidad Iztapalapa| Instituto Politécnico Nacional| Henan University of Science and Technology| Shiraz University of Medical Sciences| Pharmaceutical Sciences Research Center (SUMS),59362213900,8790024700,-,-,China| Mexico| Iran,3.0,2800,General Neuroscience,5,Life Sciences & Medicine,532,Medicine,34,Medical and Health,32| 52,Biomedical And Clinical Sciences| Psychology,3209| 5202,Neurosciences| Biological psychology,-,Deep Brain Stimulation and Robotic Innovations in Tremor Management,455,72.335,Thalamic Neuron Dynamics and Cortical Interactions,8893,77.297,Other,2024.0,1.0,N/A,"Montoya-Gress, L.| Juárez-Rojas, L.| Almanza-Pérez, J.| Farfán-García, E.| Gómez-Quiroz, L.| Ommati, M.M.| Heidari, R.| Querejeta-Villagómez, E.| Alatorre-Pérez, A.| Retana-Márquez, S.",Henan University of Science and Technology| Universidad Autónoma Metropolitana| Shiraz University of Medical Sciences| Instituto Politécnico Nacional,China| Mexico| Iran,0
56000734700,56000734700,HGF/c-Met regulates p22phox subunit of the NADPH oxidase complex in primary mouse hepatocytes by transcriptional and post-translational mechanisms,"Simoni-Nieves, A.| Clavijo-Cornejo, D.| Salas-Silva, S.| Escobedo-Calvario, A.| Bucio, L.| Souza, V.| Gutiérrez-Ruiz, M.C.| Miranda-Labra, R.U.| Gomez-Quiroz, L.E.",9.0,57197856358| 55573688100| 57205326890| 57218378934| 55989671200| 55993744400| 7004019071| 36017234400| 56000734700,2021.0,2021-11-01,Annals of Hepatology,25,-,-,100339,ISSN-16652681,38551.0,Journal,Elsevier Espana S.L.,English,0.87,39,4.7,54,0.676,37,1.29,18.0,1.0,0.06,18.12,73.0,78.0,0.0,0.0,"Simoni-Nieves, A., Clavijo-Cornejo, D., Salas-Silva, S. and 6 more (...) (2021).HGF/c-Met regulates p22phox subunit of the NADPH oxidase complex in primary mouse hepatocytes by transcriptional and post-translational mechanisms. Annals of Hepatology,25",https://www.scopus.com/record/display.url?eid=2-s2.0-85103360130&origin=resultslist,10.1016/j.aohep.2021.100339,Article,Gold|Green,2-s2.0-85103360130,33675999,Universidad Autónoma Metropolitana| Instituto Nacional de Rehabilitación| Instituto Nacional de Cardiologia Ignacio Chavez| Universidad Nacional Autónoma de México,505017| 715278| 505008| 505023,Medical| Academic| Government,4.0,60028381| 60084250| 60032442| 60010748,Universidad Autónoma Metropolitana -Unidad Iztapalapa| Instituto Nacional de Rehabilitación| Universidad Nacional Autónoma de México| Instituto Nacional de Cardiologia Ignacio Chavez,57197856358,56000734700,36017234400,-,Mexico,1.0,2721,Hepatology,5,Life Sciences & Medicine,532,Medicine,34,Medical and Health,32,Biomedical And Clinical Sciences,3202,Clinical sciences,-,Hepatocyte Dynamics in Liver Health and Disease,797,47.547,Hepatocyte Growth Factor in Cellular Dynamics,7141,65.994,Very Good,2021.0,1.0,N/A,"Simoni-Nieves, A.| Clavijo-Cornejo, D.| Salas-Silva, S.| Escobedo-Calvario, A.| Bucio, L.| Souza, V.| Gutiérrez-Ruiz, M.C.| Miranda-Labra, R.U.| Gomez-Quiroz, L.E.",Universidad Autónoma Metropolitana| Instituto Nacional de Rehabilitación| Instituto Nacional de Cardiologia Ignacio Chavez| Universidad Nacional Autónoma de México,Mexico,0
56000734700,56000734700,"Typhus, yellow fever and medicine in Mexico during the French intervention","Gerardo-Ramírez, M.| Zavaleta-Castro, J.| Gómez-Quiroz, L.E.",3.0,57201998149| 57202017576| 56000734700,2018.0,2018-01-01,Gaceta Medica de Mexico,154,1,111-117,-,ISSN-00163813,28023.0,Journal,Academia Nacional de Medicina,Spanish,0.32,77,0.6,54,0.168,75,1.22,24.0,0.0,0.0,8.46,82.0,74.0,0.0,0.0,"Gerardo-Ramírez, M., Zavaleta-Castro, J., Gómez-Quiroz, L.E. (2018).Typhus, yellow fever and medicine in Mexico during the French intervention. Gaceta Medica de Mexico,154(1) 111-117",https://www.scopus.com/record/display.url?eid=2-s2.0-85046786375&origin=resultslist,10.24875/GMM.17002811,Article,Gold,2-s2.0-85046786375,29420526,Universidad Autónoma Metropolitana,505017,Academic,1.0,60028381| 120667900,Universidad Autónoma Metropolitana -Unidad Iztapalapa| Instituto Estatal de Documentación de Morelos,57201998149,56000734700,56000734700,-,Mexico,1.0,2700,General Medicine,5,Life Sciences & Medicine,532,Medicine,34,Medical and Health,32,Biomedical And Clinical Sciences,3202| 3213| 3201,Clinical sciences| Paediatrics| Cardiovascular medicine and haematology,SDG 3,"Indigenous Rights, Autonomy, and Resource Management",1482,9.68,Testimonio and Identity in Latin American Narratives,39964,20.424,Definitive,2018.0,0.0,N/A,"Gerardo-Ramírez, M.| Zavaleta-Castro, J.| Gómez-Quiroz, L.E.",Universidad Autónoma Metropolitana,Mexico,0
