Autor,Autor_ID,Title,Authors,Number of Authors,Scopus Author Ids,Year,Full date,Scopus Source title,Volume,Issue,Pages,Article number,ISSN,Source ID,Source type,Publisher,Language,SNIP (publication year),SNIP percentile (publication year) *,CiteScore (publication year),CiteScore percentile (publication year) *,SJR (publication year),SJR percentile (publication year) *,Field-Weighted View Impact,Views,Citations,Field-Weighted Citation Impact,Field-Citation Average,"Outputs in Top Citation Percentiles, per percentile","Field-Weighted Outputs in Top Citation Percentiles, per percentile",Main patent families,Policy citations,Reference,Abstract,DOI,Publication type,Open Access,EID,PubMed ID,Institutions,Institution IDs,Sector,Number of Institutions,Scopus Affiliation IDs,Scopus Affiliation names,Scopus Author ID First Author,Scopus Author ID Last Author,Scopus Author ID Corresponding Author,Scopus Author ID Single Author,Country/Region,Number of Countries/Regions,All Science Journal Classification (ASJC) code,All Science Journal Classification (ASJC) field name,Quacquarelli Symonds (QS) Subject area code,Quacquarelli Symonds (QS) Subject area field name,Quacquarelli Symonds (QS) Subject code,Quacquarelli Symonds (QS) Subject field name,Times Higher Education (THE) code,Times Higher Education (THE) field name,ANZSRC FoR (2020) parent code,ANZSRC FoR (2020) parent name,ANZSRC FoR (2020) code,ANZSRC FoR (2020) name,Sustainable Development Goals (2025),Topic Cluster name,Topic Cluster number,Topic Cluster Prominence Percentile,Topic name,Topic number,Topic Prominence Percentile,Publication link to Topic strength,Año,Citas,Colaboracion,Autores,Instituciones,Regiones,Instituciones_Nacionales
55989686000,55989686000,MOF Materials for the Capture of Highly Toxic H2S and SO2,"Martínez-Ahumada, E.| López-Olvera, A.| Jancik, V.| Sánchez-Bautista, J.E.| González-Zamora, E.| Martis, V.| Williams, D.R.| Ibarra, I.A.",8.0,57212137584| 57192953714| 6603651982| 57208326065| 55989686000| 34973230300| 55574201884| 55000477500,2020.0,2020-04-13,Organometallics,39,7,883-915,-,ISSN-02767333,26423.0,Journal,American Chemical Society,English,0.85,41,7,13,1.231,12,2.81,80.0,182.0,9.28,11.96,2.0,1.0,0.0,0.0,"Martínez-Ahumada, E., López-Olvera, A., Jancik, V. and 5 more (...) (2020).MOF Materials for the Capture of Highly Toxic H2S and SO2. Organometallics,39(7) 883-915",https://www.scopus.com/record/display.url?eid=2-s2.0-85078657359&origin=resultslist,10.1021/acs.organomet.9b00735,Article,,2-s2.0-85078657359,-,Universidad Autónoma Metropolitana| Imperial College London| Universidad Autonoma del Estado de Mexico| Universidad Nacional Autónoma de México,505017| 315018| 505051| 505023,Academic,4.0,60032442| 60175860| 60028381| 60175955| 60015150,Universidad Nacional Autónoma de México| Centro Conjunto de Investigación en Química Sustentable UAEM-UNAM| Universidad Autónoma Metropolitana -Unidad Iztapalapa| Surface Measurement Systems Ltd.| Imperial College London,57212137584,55000477500,6603651982,-,United Kingdom| Mexico,2.0,1604| 1605| 1606,Inorganic Chemistry| Organic Chemistry| Physical and Theoretical Chemistry,4| 2,Natural Sciences| Engineering & Technology,249| 409,Engineering - Petroleum| Chemistry,37,Physical Sciences,34,Chemical Sciences,3402| 3406,Inorganic chemistry| Physical chemistry,-,Metal-Organic Frameworks in Environmental Applications,99,98.496,Tailored MOFs for Selective Gas Adsorption,19124,99.42,Very Good,2020.0,182.0,N/A,"Martínez-Ahumada, E.| López-Olvera, A.| Jancik, V.| Sánchez-Bautista, J.E.| González-Zamora, E.| Martis, V.| Williams, D.R.| Ibarra, I.A.",Universidad Autónoma Metropolitana| Imperial College London| Universidad Autonoma del Estado de Mexico| Universidad Nacional Autónoma de México,United Kingdom| Mexico,0
55989686000,55989686000,Structure stability of HKUST-1 towards water and ethanol and their effect on its CO2 capture properties,"Álvarez, J.R.| Sánchez-González, E.| Pérez, E.| Schneider-Revueltas, E.| Martínez, A.| Tejeda-Cruz, A.| Islas-Jácome, A.| González-Zamora, E.| Ibarra, I.A.",9.0,56982347300| 24172136000| 57217261574| 57195036346| 7404025645| 6505992035| 48161545400| 55989686000| 55000477500,2017.0,2017-01-01,Dalton Transactions,46,28,9192-9200,-,ISSN-14779226,9500153949.0,Journal,Royal Society of Chemistry,English,0.91,34,7.3,14,1.306,15,1.78,86.0,133.0,3.93,9.67,3.0,5.0,1.0,0.0,"Álvarez, J.R., Sánchez-González, E., Pérez, E. and 6 more (...) (2017).Structure stability of HKUST-1 towards water and ethanol and their effect on its CO2 capture properties. Dalton Transactions,46(28) 9192-9200",https://www.scopus.com/record/display.url?eid=2-s2.0-85024912008&origin=resultslist,10.1039/c7dt01845b,Article,,2-s2.0-85024912008,28678240,Universidad Autónoma Metropolitana| Universidad Nacional Autónoma de México,505017| 505023,Academic,2.0,60032442| 60028381,Universidad Nacional Autónoma de México| Universidad Autónoma Metropolitana -Unidad Iztapalapa,56982347300,55000477500,48161545400,-,Mexico,1.0,1604,Inorganic Chemistry,4,Natural Sciences,409,Chemistry,37,Physical Sciences,34,Chemical Sciences,3402,Inorganic chemistry,SDG 13,Metal-Organic Frameworks in Environmental Applications,99,98.496,Metal Organic Frameworks in Gas Storage Applications,74,99.688,Definitive,2017.0,133.0,N/A,"Álvarez, J.R.| Sánchez-González, E.| Pérez, E.| Schneider-Revueltas, E.| Martínez, A.| Tejeda-Cruz, A.| Islas-Jácome, A.| González-Zamora, E.| Ibarra, I.A.",Universidad Autónoma Metropolitana| Universidad Nacional Autónoma de México,Mexico,0
55989686000,55989686000,Highly reversible sorption of H2S and CO2 by an environmentally friendly Mg-based MOF,"Sánchez-González, E.| Mileo, P.G.M.| Sagastuy-Breña, M.| Álvarez, J.R.| Reynolds, J.E.| Villarreal, A.| Gutiérrez-Alejandre, A.| Ramírez, J.| Balmaseda, J.| González-Zamora, E.| Maurin, G.| Humphrey, S.M.| Ibarra, I.A.",13.0,24172136000| 26027178100| 57203916478| 56982347300| 57201659853| 56092675400| 6603164478| 35551024700| 6603286727| 55989686000| 8914339300| 7101601899| 55000477500,2018.0,2018-01-01,Journal of Materials Chemistry A,6,35,16900-16909,-,ISSN-20507488,21100232403.0,Journal,Royal Society of Chemistry,English,1.6,10,17.2,4,3.372,5,2.31,100.0,98.0,2.84,18.29,4.0,8.0,0.0,0.0,"Sánchez-González, E., Mileo, P.G.M., Sagastuy-Breña, M. and 10 more (...) (2018).Highly reversible sorption of H2S and CO2 by an environmentally friendly Mg-based MOF. Journal of Materials Chemistry A,6(35) 16900-16909",https://www.scopus.com/record/display.url?eid=2-s2.0-85053556326&origin=resultslist,10.1039/c8ta05400b,Article,,2-s2.0-85053556326,-,University of Texas at Austin| Université de Montpellier| Universidad Autónoma Metropolitana| CNRS| Universidad Nacional Autónoma de México| École nationale supérieure de chimie de Montpellier,508345| 314084| 505017| 314004| 505023| 314010,Academic| Government,6.0,60032442| 60108488| 60008134| 60103239| 60024243| 60150456| 60013372| 60027613| 60028381,Universidad Nacional Autónoma de México| Université de Montpellier| CNRS Centre National de la Recherche Scientifique| Institut Charles Gerhardt Montpellier| École Nationale Supérieure de Chimie de Montpellier| College of Natural Sciences| The University of Texas at Austin| Unidad de Investigacion en Catalisis| Universidad Autónoma Metropolitana -Unidad Iztapalapa,24172136000,55000477500,8914339300,-,Mexico| United States| France,3.0,1600| 2105| 2500,"General Chemistry| Renewable Energy, Sustainability and the Environment| General Materials Science",2| 4,Engineering & Technology| Natural Sciences,221| 409| 433,Engineering - Electrical & Electronic| Chemistry| Materials Science,37| 36,Physical Sciences| Engineering,40| 34,Engineering| Chemical Sciences,4016| 4004| 3403,Materials engineering| Chemical engineering| Macromolecular and materials chemistry,-,Metal-Organic Frameworks in Environmental Applications,99,98.496,Metal Organic Frameworks in Gas Storage Applications,74,99.688,Very Good,2018.0,98.0,N/A,"Sánchez-González, E.| Mileo, P.G.M.| Sagastuy-Breña, M.| Álvarez, J.R.| Reynolds, J.E.| Villarreal, A.| Gutiérrez-Alejandre, A.| Ramírez, J.| Balmaseda, J.| González-Zamora, E.| Maurin, G.| Humphrey, S.M.| Ibarra, I.A.",University of Texas at Austin| Université de Montpellier| Universidad Autónoma Metropolitana| CNRS| Universidad Nacional Autónoma de México| École nationale supérieure de chimie de Montpellier,Mexico| United States| France,0
55989686000,55989686000,Greener synthesis of Cu-MOF-74 and its catalytic use for the generation of vanillin,"Flores, J.G.| Sánchez-González, E.| Gutiérrez-Alejandre, A.| Aguilar-Pliego, J.| Martínez, A.| Jurado-Vázquez, T.| Lima, E.| González-Zamora, E.| Díaz-García, M.| Sánchez-Sánchez, M.| Ibarra, I.A.",11.0,57206442858| 24172136000| 6603164478| 56013754600| 7404025645| 57191247913| 7103348371| 55989686000| 56081239100| 15763667700| 55000477500,2018.0,2018-01-01,Dalton Transactions,47,13,4639-4645,-,ISSN-14779226,9500153949.0,Journal,Royal Society of Chemistry,English,0.91,36,7.3,11,1.12,16,4.67,221.0,94.0,4.15,10.83,4.0,4.0,1.0,0.0,"Flores, J.G., Sánchez-González, E., Gutiérrez-Alejandre, A. and 8 more (...) (2018).Greener synthesis of Cu-MOF-74 and its catalytic use for the generation of vanillin. Dalton Transactions,47(13) 4639-4645",https://www.scopus.com/record/display.url?eid=2-s2.0-85044516732&origin=resultslist,10.1039/c7dt04701k,Article,,2-s2.0-85044516732,29521389,CSIC| CSIC - Institute of Catalysis and Petrochemistry| Universidad Autónoma Metropolitana| Universidad Nacional Autónoma de México,312004| 715433| 505017| 505023,Academic| Government,4.0,60023193| 60032442| 60027613| 60028381| 60021246| 60006754,Universidad Autónoma Metropolitana - Azcapotzalco| Universidad Nacional Autónoma de México| Unidad de Investigacion en Catalisis| Universidad Autónoma Metropolitana -Unidad Iztapalapa| CSIC - Instituto de Catálisis y Petroleoquímica (ICP)| Consejo Superior de Investigaciones Científicas,57206442858,55000477500,56013754600,-,Mexico| Spain,2.0,1604,Inorganic Chemistry,4,Natural Sciences,409,Chemistry,37,Physical Sciences,34,Chemical Sciences,3402,Inorganic chemistry,-,Metal-Organic Frameworks in Environmental Applications,99,98.496,Metal Organic Frameworks in Gas Storage Applications,74,99.688,Very Good,2018.0,94.0,N/A,"Flores, J.G.| Sánchez-González, E.| Gutiérrez-Alejandre, A.| Aguilar-Pliego, J.| Martínez, A.| Jurado-Vázquez, T.| Lima, E.| González-Zamora, E.| Díaz-García, M.| Sánchez-Sánchez, M.| Ibarra, I.A.",CSIC| CSIC - Institute of Catalysis and Petrochemistry| Universidad Autónoma Metropolitana| Universidad Nacional Autónoma de México,Mexico| Spain,0
55989686000,55989686000,High and energy-efficient reversible SO2 uptake by a robust Sc(III)-based MOF,"Zárate, J.A.| Sánchez-González, E.| Williams, D.R.| González-Zamora, E.| Martis, V.| Martínez, A.| Balmaseda, J.| Maurin, G.| Ibarra, I.A.",9.0,56432561800| 24172136000| 55574201884| 55989686000| 34973230300| 7404025645| 6603286727| 8914339300| 55000477500,2019.0,2019-01-01,Journal of Materials Chemistry A,7,26,15580-15584,-,ISSN-20507488,21100232403.0,Journal,Royal Society of Chemistry,English,1.66,10,17.1,4,3.432,5,1.19,45.0,92.0,2.81,19.21,4.0,8.0,0.0,0.0,"Zárate, J.A., Sánchez-González, E., Williams, D.R. and 6 more (...) (2019).High and energy-efficient reversible SO2 uptake by a robust Sc(III)-based MOF. Journal of Materials Chemistry A,7(26) 15580-15584",https://www.scopus.com/record/display.url?eid=2-s2.0-85068497643&origin=resultslist,10.1039/c9ta02585e,Article,,2-s2.0-85068497643,-,Université de Montpellier| Universidad Autónoma Metropolitana| CNRS| Imperial College London| Universidad Nacional Autónoma de México| École nationale supérieure de chimie de Montpellier,314084| 505017| 314004| 315018| 505023| 314010,Academic| Government,6.0,60032442| 60103239| 60024243| 60108488| 60008134| 60015150| 60028381| 60175955,Universidad Nacional Autónoma de México| Institut Charles Gerhardt Montpellier| École Nationale Supérieure de Chimie de Montpellier| Université de Montpellier| CNRS Centre National de la Recherche Scientifique| Imperial College London| Universidad Autónoma Metropolitana -Unidad Iztapalapa| Surface Measurement Systems Ltd.,56432561800,55000477500,8914339300,-,United Kingdom| Mexico| France,3.0,1600| 2105| 2500,"General Chemistry| Renewable Energy, Sustainability and the Environment| General Materials Science",2| 4,Engineering & Technology| Natural Sciences,409| 221| 433,Chemistry| Engineering - Electrical & Electronic| Materials Science,37| 36,Physical Sciences| Engineering,40| 34,Engineering| Chemical Sciences,4004| 3403| 4016,Chemical engineering| Macromolecular and materials chemistry| Materials engineering,-,Metal-Organic Frameworks in Environmental Applications,99,98.496,Tailored MOFs for Selective Gas Adsorption,19124,99.42,Very Good,2019.0,92.0,N/A,"Zárate, J.A.| Sánchez-González, E.| Williams, D.R.| González-Zamora, E.| Martis, V.| Martínez, A.| Balmaseda, J.| Maurin, G.| Ibarra, I.A.",Université de Montpellier| Universidad Autónoma Metropolitana| CNRS| Imperial College London| Universidad Nacional Autónoma de México| École nationale supérieure de chimie de Montpellier,United Kingdom| Mexico| France,0
55989686000,55989686000,Catalytic activity of HKUST-1 in the oxidation of trans-ferulic acid to vanillin,"Yepez, R.| García, S.| Schachat, P.| Sánchez-Sánchez, M.| González-Estefan, J.H.| González-Zamora, E.| Ibarra, I.A.| Aguilar-Pliego, J.",8.0,35084708300| 56817714100| 56703374300| 15763667700| 56584487500| 55989686000| 55000477500| 56013754600,2015.0,2015-07-01,New Journal of Chemistry,39,7,5112-5115,-,ISSN-11440546,24824.0,Journal,Royal Society of Chemistry,English,0.82,39,4,16,0.935,14,2.87,98.0,81.0,2.1,12.85,6.0,13.0,0.0,0.0,"Yepez, R., García, S., Schachat, P. and 5 more (...) (2015).Catalytic activity of HKUST-1 in the oxidation of trans-ferulic acid to vanillin. New Journal of Chemistry,39(7) 5112-5115",https://www.scopus.com/record/display.url?eid=2-s2.0-84933555828&origin=resultslist,10.1039/c5nj00247h,Article,,2-s2.0-84933555828,-,CSIC| CSIC - Institute of Catalysis and Petrochemistry| Universidad Autónoma Metropolitana| Universidad Nacional Autónoma de México| Instituto Mexicano del Petroleo,312004| 715433| 505017| 505023| 505005,Academic| Government,5.0,60023193| 60019271| 60021246| 60006754| 60005971| 60032442| 60028381,Universidad Autónoma Metropolitana - Azcapotzalco| Instituto Mexicano Del Petroleo| CSIC - Instituto de Catálisis y Petroleoquímica (ICP)| Consejo Superior de Investigaciones Científicas| Instituto de Investigaciones en Materiales| Universidad Nacional Autónoma de México| Universidad Autónoma Metropolitana -Unidad Iztapalapa,35084708300,56013754600,55989686000,-,Spain| Mexico,2.0,1503| 1600| 2505,Catalysis| General Chemistry| Materials Chemistry,4| 2,Natural Sciences| Engineering & Technology,249| 409| 219| 433,Engineering - Petroleum| Chemistry| Engineering - Chemical| Materials Science,36| 37,Engineering| Physical Sciences,34,Chemical Sciences,-,-,-,Metal-Organic Frameworks in Environmental Applications,99,98.496,Metal Organic Frameworks in Gas Storage Applications,74,99.688,Very Good,2015.0,81.0,N/A,"Yepez, R.| García, S.| Schachat, P.| Sánchez-Sánchez, M.| González-Estefan, J.H.| González-Zamora, E.| Ibarra, I.A.| Aguilar-Pliego, J.",CSIC| CSIC - Institute of Catalysis and Petrochemistry| Universidad Autónoma Metropolitana| Universidad Nacional Autónoma de México| Instituto Mexicano del Petroleo,Spain| Mexico,0
55989686000,55989686000,Outstanding reversible H2S capture by an Al(iii)-based MOF,"Antonio Zárate, J.| Sánchez-González, E.| Jurado-Vázquez, T.| Gutiérrez-Alejandre, A.| González-Zamora, E.| Castillo, I.| Maurin, G.| Ibarra, I.A.",8.0,57201281238| 24172136000| 57191247913| 6603164478| 55989686000| 7005794756| 8914339300| 55000477500,2019.0,2019-01-01,Chemical Communications,55,21,3049-3052,-,ISSN-13597345,22781.0,Journal,Royal Society of Chemistry,English,1.13,24,9.8,4,1.992,3,2.66,97.0,78.0,3.09,13.61,5.0,7.0,0.0,0.0,"Antonio Zárate, J., Sánchez-González, E., Jurado-Vázquez, T. and 5 more (...) (2019).Outstanding reversible H2S capture by an Al(iii)-based MOF. Chemical Communications,55(21) 3049-3052",https://www.scopus.com/record/display.url?eid=2-s2.0-85062632305&origin=resultslist,10.1039/c8cc09379b,Article,,2-s2.0-85062632305,30714581,Université de Montpellier| Universidad Autónoma Metropolitana| CNRS| Universidad Nacional Autónoma de México| École nationale supérieure de chimie de Montpellier,314084| 505017| 314004| 505023| 314010,Academic| Government,5.0,60032442| 60008134| 60024243| 60108488| 60103239| 60028381,Universidad Nacional Autónoma de México| CNRS Centre National de la Recherche Scientifique| École Nationale Supérieure de Chimie de Montpellier| Université de Montpellier| Institut Charles Gerhardt Montpellier| Universidad Autónoma Metropolitana -Unidad Iztapalapa,57201281238,55000477500,57201281238,-,Mexico| France,2.0,1503| 1600| 2503| 2504| 2505| 2506| 2508,"Catalysis| General Chemistry| Ceramics and Composites| Electronic, Optical and Magnetic Materials| Materials Chemistry| Metals and Alloys| Surfaces, Coatings and Films",2| 4,Engineering & Technology| Natural Sciences,409| 249| 433| 219,Chemistry| Engineering - Petroleum| Materials Science| Engineering - Chemical,36| 37,Engineering| Physical Sciences,40| 34,Engineering| Chemical Sciences,-,-,-,Metal-Organic Frameworks in Environmental Applications,99,98.496,Metal Organic Frameworks in Gas Storage Applications,74,99.688,Very Good,2019.0,78.0,N/A,"Antonio Zárate, J.| Sánchez-González, E.| Jurado-Vázquez, T.| Gutiérrez-Alejandre, A.| González-Zamora, E.| Castillo, I.| Maurin, G.| Ibarra, I.A.",Université de Montpellier| Universidad Autónoma Metropolitana| CNRS| Universidad Nacional Autónoma de México| École nationale supérieure de chimie de Montpellier,Mexico| France,0
55989686000,55989686000,Water adsorption properties of a Sc(III) porous coordination polymer for CO2 capture applications,"Álvarez, J.R.| Peralta, R.A.| Balmaseda, J.| González-Zamora, E.| Ibarra, I.A.",5.0,56982347300| 56879898700| 6603286727| 55989686000| 55000477500,2015.0,2015-12-01,Inorganic Chemistry Frontiers,2,12,1080-1084,-,ISSN-20521553,21100403917.0,Journal,Royal Society of Chemistry,English,0.95,32,2.9,53,1.442,10,0.96,37.0,58.0,2.22,9.48,10.0,12.0,0.0,0.0,"Álvarez, J.R., Peralta, R.A., Balmaseda, J. and 2 more (...) (2015).Water adsorption properties of a Sc(III) porous coordination polymer for CO2 capture applications. Inorganic Chemistry Frontiers,2(12) 1080-1084",https://www.scopus.com/record/display.url?eid=2-s2.0-84948685201&origin=resultslist,10.1039/c5qi00176e,Article,,2-s2.0-84948685201,-,Universidad Autónoma Metropolitana| Universidad Nacional Autónoma de México,505017| 505023,Academic,2.0,60032442| 60028381,Universidad Nacional Autónoma de México| Universidad Autónoma Metropolitana -Unidad Iztapalapa,56982347300,55000477500,55989686000,-,Mexico,1.0,1604,Inorganic Chemistry,4,Natural Sciences,409,Chemistry,37,Physical Sciences,34,Chemical Sciences,3402| 3403,Inorganic chemistry| Macromolecular and materials chemistry,SDG 13,Metal-Organic Frameworks in Environmental Applications,99,98.496,Metal Organic Frameworks in Gas Storage Applications,74,99.688,Definitive,2015.0,58.0,N/A,"Álvarez, J.R.| Peralta, R.A.| Balmaseda, J.| González-Zamora, E.| Ibarra, I.A.",Universidad Autónoma Metropolitana| Universidad Nacional Autónoma de México,Mexico,0
55989686000,55989686000,Carbon dioxide capture in the presence of water vapour in InOF-1,"Peralta, R.A.| Alcántar-Vázquez, B.| Sánchez-Serratos, M.| González-Zamora, E.| Ibarra, I.A.",5.0,56879898700| 55827211900| 56880342300| 55989686000| 55000477500,2015.0,2015-10-01,Inorganic Chemistry Frontiers,2,10,898-903,-,ISSN-20521553,21100403917.0,Journal,Royal Society of Chemistry,English,0.95,32,2.9,53,1.442,10,1.64,48.0,58.0,1.79,9.48,10.0,16.0,0.0,0.0,"Peralta, R.A., Alcántar-Vázquez, B., Sánchez-Serratos, M. and 2 more (...) (2015).Carbon dioxide capture in the presence of water vapour in InOF-1. Inorganic Chemistry Frontiers,2(10) 898-903",https://www.scopus.com/record/display.url?eid=2-s2.0-84942764507&origin=resultslist,10.1039/c5qi00077g,Article,,2-s2.0-84942764507,-,Universidad Autónoma Metropolitana| Universidad Nacional Autónoma de México,505017| 505023,Academic,2.0,60032442| 60028381,Universidad Nacional Autónoma de México| Universidad Autónoma Metropolitana -Unidad Iztapalapa,56879898700,55000477500,55989686000,-,Mexico,1.0,1604,Inorganic Chemistry,4,Natural Sciences,409,Chemistry,37,Physical Sciences,34,Chemical Sciences,3402| 3403,Inorganic chemistry| Macromolecular and materials chemistry,SDG 13,Metal-Organic Frameworks in Environmental Applications,99,98.496,Metal Organic Frameworks in Gas Storage Applications,74,99.688,Definitive,2015.0,58.0,N/A,"Peralta, R.A.| Alcántar-Vázquez, B.| Sánchez-Serratos, M.| González-Zamora, E.| Ibarra, I.A.",Universidad Autónoma Metropolitana| Universidad Nacional Autónoma de México,Mexico,0
55989686000,55989686000,Partially fluorinated MIL-101(Cr): From a miniscule structure modification to a huge chemical environment transformation inspected by 129Xe NMR,"Díaz-Ramírez, M.L.| Sánchez-González, E.| Álvarez, J.R.| González-Martínez, G.A.| Horike, S.| Kadota, K.| Sumida, K.| González-Zamora, E.| Springuel-Huet, M.-A.| Gutiérrez-Alejandre, A.| Jancik, V.| Furukawa, S.| Kitagawa, S.| Ibarra, I.A.| Lima, E.",15.0,57209578929| 24172136000| 56982347300| 60121603200| 6601908495| 56789617400| 35182099900| 55989686000| 6701774218| 6603164478| 6603651982| 7401638716| 7201690696| 55000477500| 7103348371,2019.0,2019-01-01,Journal of Materials Chemistry A,7,25,15101-15112,-,ISSN-20507488,21100232403.0,Journal,Royal Society of Chemistry,English,1.66,10,17.1,4,3.432,5,2.1,86.0,55.0,1.15,19.21,8.0,25.0,1.0,0.0,"Díaz-Ramírez, M.L., Sánchez-González, E., Álvarez, J.R. and 12 more (...) (2019).Partially fluorinated MIL-101(Cr): From a miniscule structure modification to a huge chemical environment transformation inspected by 129Xe NMR. Journal of Materials Chemistry A,7(25) 15101-15112",https://www.scopus.com/record/display.url?eid=2-s2.0-85068167000&origin=resultslist,10.1039/c9ta02237f,Article,,2-s2.0-85068167000,-,Kyoto University| Université PSL| Universidad Autónoma Metropolitana| CNRS| Adelaide University| Universidad Autonoma del Estado de Mexico| Sorbonne Université| Universidad Nacional Autónoma de México,208081| 707274| 505017| 314004| 725812| 505051| 314089| 505023,Academic| Government,8.0,60032442| 60119339| 60028381| 60082339| 60158061| 60175860,"Universidad Nacional Autónoma de México| Institute for Integrated Cell-Material Sciences| Universidad Autónoma Metropolitana -Unidad Iztapalapa| School of Physics, Chemistry and Earth Sciences| Laboratoire de Chimie de la Matière Condensée de Paris| Centro Conjunto de Investigación en Química Sustentable UAEM-UNAM",57209578929,7103348371,7401638716,-,Mexico| Japan| Australia| France,4.0,1600| 2105| 2500,"General Chemistry| Renewable Energy, Sustainability and the Environment| General Materials Science",4| 2,Natural Sciences| Engineering & Technology,409| 221| 433,Chemistry| Engineering - Electrical & Electronic| Materials Science,36| 37,Engineering| Physical Sciences,34| 40,Chemical Sciences| Engineering,3403| 4016| 4004,Macromolecular and materials chemistry| Materials engineering| Chemical engineering,-,Metal-Organic Frameworks in Environmental Applications,99,98.496,Metal Organic Frameworks in Gas Storage Applications,74,99.688,Definitive,2019.0,55.0,N/A,"Díaz-Ramírez, M.L.| Sánchez-González, E.| Álvarez, J.R.| González-Martínez, G.A.| Horike, S.| Kadota, K.| Sumida, K.| González-Zamora, E.| Springuel-Huet, M.-A.| Gutiérrez-Alejandre, A.| Jancik, V.| Furukawa, S.| Kitagawa, S.| Ibarra, I.A.| Lima, E.",Kyoto University| Université PSL| Universidad Autónoma Metropolitana| CNRS| Adelaide University| Universidad Autonoma del Estado de Mexico| Sorbonne Université| Universidad Nacional Autónoma de México,Mexico| Japan| Australia| France,0
55989686000,55989686000,Partially Reversible H2S Adsorption by MFM-300(Sc): Formation of Polysulfides,"Flores, J.G.| Zárate-Colín, J.A.| Sánchez-González, E.| Valenzuela, J.R.| Gutiérrez-Alejandre, A.| Ramírez, J.| Jancik, V.| Aguilar-Pliego, J.| Zorrilla, M.C.| Lara-García, H.A.| González-Zamora, E.| Guzmán-González, G.| González, I.| Maurin, G.| Ibarra, I.A.",15.0,57206442858| 57216604029| 24172136000| 57216604913| 6603164478| 35551024700| 6603651982| 56013754600| 57216604651| 56285455400| 55989686000| 57189004847| 7102176710| 8914339300| 55000477500,2020.0,2020-04-22,ACS Applied Materials and Interfaces,12,16,18885-18892,-,ISSN-19448244,19700171101.0,Journal,American Chemical Society,English,1.46,15,14,7,2.535,5,2.49,82.0,53.0,1.58,18.32,8.0,17.0,0.0,0.0,"Flores, J.G., Zárate-Colín, J.A., Sánchez-González, E. and 12 more (...) (2020).Partially Reversible H2S Adsorption by MFM-300(Sc): Formation of Polysulfides. ACS Applied Materials and Interfaces,12(16) 18885-18892",https://www.scopus.com/record/display.url?eid=2-s2.0-85084026242&origin=resultslist,10.1021/acsami.0c02340,Article,,2-s2.0-85084026242,32233387,Kyoto University| Université de Montpellier| Universidad Autónoma Metropolitana| CNRS| Universidad Autonoma del Estado de Mexico| Universidad Nacional Autónoma de México| École nationale supérieure de chimie de Montpellier,208081| 314084| 505017| 314004| 505051| 505023| 314010,Academic| Government,7.0,60032442| 60023193| 60108488| 60008134| 60024243| 60103239| 60027613| 60175860| 60028381| 60119339| 60011001,Universidad Nacional Autónoma de México| Universidad Autónoma Metropolitana - Azcapotzalco| Université de Montpellier| CNRS Centre National de la Recherche Scientifique| École Nationale Supérieure de Chimie de Montpellier| Institut Charles Gerhardt Montpellier| Unidad de Investigacion en Catalisis| Centro Conjunto de Investigación en Química Sustentable UAEM-UNAM| Universidad Autónoma Metropolitana -Unidad Iztapalapa| Institute for Integrated Cell-Material Sciences| Kyoto University,57206442858,55000477500,6603164478| 8914339300| 55000477500,-,Mexico| Japan| France,3.0,2500,General Materials Science,2,Engineering & Technology,433,Materials Science,36,Engineering,51| 34| 40,Physical Sciences| Chemical Sciences| Engineering,-,-,SDG 7,Metal-Organic Frameworks in Environmental Applications,99,98.496,Tailored MOFs for Selective Gas Adsorption,19124,99.42,Defensible,2020.0,53.0,N/A,"Flores, J.G.| Zárate-Colín, J.A.| Sánchez-González, E.| Valenzuela, J.R.| Gutiérrez-Alejandre, A.| Ramírez, J.| Jancik, V.| Aguilar-Pliego, J.| Zorrilla, M.C.| Lara-García, H.A.| González-Zamora, E.| Guzmán-González, G.| González, I.| Maurin, G.| Ibarra, I.A.",Kyoto University| Université de Montpellier| Universidad Autónoma Metropolitana| CNRS| Universidad Autonoma del Estado de Mexico| Universidad Nacional Autónoma de México| École nationale supérieure de chimie de Montpellier,Mexico| Japan| France,0
55989686000,55989686000,CO2 capture under humid conditions in NH2-MIL-53(Al): The influence of the amine functional group,"Zárate, A.| Peralta, R.A.| Bayliss, P.A.| Howie, R.| Sánchez-Serratos, M.| Carmona-Monroy, P.| Solis-Ibarra, D.| González-Zamora, E.| Ibarra, I.A.",9.0,57187901800| 56879898700| 55272881200| 57187942000| 56880342300| 57188359500| 35099497400| 55989686000| 55000477500,2016.0,2016-01-01,RSC Advances,6,12,9978-9983,-,ISSN-20462069,21100199840.0,Journal,Royal Society of Chemistry,English,0.76,43,4.1,18,0.889,14,3.16,96.0,48.0,2.06,10.69,11.0,13.0,0.0,0.0,"Zárate, A., Peralta, R.A., Bayliss, P.A. and 6 more (...) (2016).CO2 capture under humid conditions in NH2-MIL-53(Al): The influence of the amine functional group. RSC Advances,6(12) 9978-9983",https://www.scopus.com/record/display.url?eid=2-s2.0-84961349900&origin=resultslist,10.1039/c5ra26517g,Article,,2-s2.0-84961349900,-,Universidad Autónoma Metropolitana| University of Nottingham| Universidad Nacional Autónoma de México,505017| 315090| 505023,Academic,3.0,60032442| 60015138| 60028381,Universidad Nacional Autónoma de México| University of Nottingham| Universidad Autónoma Metropolitana -Unidad Iztapalapa,57187901800,55000477500,35099497400,-,United Kingdom| Mexico,2.0,1500| 1600,General Chemical Engineering| General Chemistry,2| 4,Engineering & Technology| Natural Sciences,409| 219,Chemistry| Engineering - Chemical,37| 36,Physical Sciences| Engineering,34,Chemical Sciences,-,-,SDG 13,Metal-Organic Frameworks in Environmental Applications,99,98.496,Metal Organic Frameworks in Gas Storage Applications,74,99.688,Definitive,2016.0,48.0,N/A,"Zárate, A.| Peralta, R.A.| Bayliss, P.A.| Howie, R.| Sánchez-Serratos, M.| Carmona-Monroy, P.| Solis-Ibarra, D.| González-Zamora, E.| Ibarra, I.A.",Universidad Autónoma Metropolitana| University of Nottingham| Universidad Nacional Autónoma de México,United Kingdom| Mexico,0
55989686000,55989686000,CO2 capture enhancement in InOF-1: Via the bottleneck effect of confined ethanol,"Peralta, R.A.| Campos-Reales-Pineda, A.| Pfeiffer, H.| Álvarez, J.R.| Zárate, J.A.| Balmaseda, J.| González-Zamora, E.| Martínez, A.| Martínez-Otero, D.| Jancik, V.| Ibarra, I.A.",11.0,56879898700| 24281317500| 7103003652| 56982347300| 56432561800| 6603286727| 55989686000| 7404025645| 35318236600| 6603651982| 55000477500,2016.0,2016-01-01,Chemical Communications,52,67,10273-10276,-,ISSN-13597345,22781.0,Journal,Royal Society of Chemistry,English,1.18,21,11.3,2,2.538,3,1.53,58.0,46.0,2.06,10.69,12.0,13.0,0.0,0.0,"Peralta, R.A., Campos-Reales-Pineda, A., Pfeiffer, H. and 8 more (...) (2016).CO2 capture enhancement in InOF-1: Via the bottleneck effect of confined ethanol. Chemical Communications,52(67) 10273-10276",https://www.scopus.com/record/display.url?eid=2-s2.0-84982107405&origin=resultslist,10.1039/c6cc04734c,Article,,2-s2.0-84982107405,-,Universidad Autónoma Metropolitana| Universidad Autonoma del Estado de Mexico| Universidad Nacional Autónoma de México,505017| 505051| 505023,Academic,3.0,60032442| 60028381| 60175860,Universidad Nacional Autónoma de México| Universidad Autónoma Metropolitana -Unidad Iztapalapa| Centro Conjunto de Investigación en Química Sustentable UAEM-UNAM,56879898700,55000477500,55000477500,-,Mexico,1.0,1503| 1600| 2503| 2504| 2505| 2506| 2508,"Catalysis| General Chemistry| Ceramics and Composites| Electronic, Optical and Magnetic Materials| Materials Chemistry| Metals and Alloys| Surfaces, Coatings and Films",2| 4,Engineering & Technology| Natural Sciences,433| 409| 219| 249,Materials Science| Chemistry| Engineering - Chemical| Engineering - Petroleum,37| 36,Physical Sciences| Engineering,34| 40,Chemical Sciences| Engineering,-,-,SDG 13,Metal-Organic Frameworks in Environmental Applications,99,98.496,Metal Organic Frameworks in Gas Storage Applications,74,99.688,Definitive,2016.0,46.0,N/A,"Peralta, R.A.| Campos-Reales-Pineda, A.| Pfeiffer, H.| Álvarez, J.R.| Zárate, J.A.| Balmaseda, J.| González-Zamora, E.| Martínez, A.| Martínez-Otero, D.| Jancik, V.| Ibarra, I.A.",Universidad Autónoma Metropolitana| Universidad Autonoma del Estado de Mexico| Universidad Nacional Autónoma de México,Mexico,0
55989686000,55989686000,Water Adsorption Properties of NOTT-401 and CO2 Capture under Humid Conditions,"Sánchez-González, E.| Álvarez, J.R.| Peralta, R.A.| Campos-Reales-Pineda, A.| Tejeda-Cruz, A.| Lima, E.| Balmaseda, J.| González-Zamora, E.| Ibarra, I.A.",9.0,24172136000| 56982347300| 56879898700| 24281317500| 6505992035| 7103348371| 6603286727| 55989686000| 55000477500,2016.0,2016-08-31,ACS Omega,1,2,305-310,-,ISSN-24701343,21100828963.0,Journal,American Chemical Society,English,-,-,-,-,-,-,0.45,32.0,46.0,1.87,10.69,12.0,15.0,0.0,0.0,"Sánchez-González, E., Álvarez, J.R., Peralta, R.A. and 6 more (...) (2016).Water Adsorption Properties of NOTT-401 and CO2 Capture under Humid Conditions. ACS Omega,1(2) 305-310",https://www.scopus.com/record/display.url?eid=2-s2.0-85021732513&origin=resultslist,10.1021/acsomega.6b00102,Article,Gold|Green,2-s2.0-85021732513,-,Universidad Autónoma Metropolitana| Universidad Nacional Autónoma de México,505017| 505023,Academic,2.0,60032442| 60028381,Universidad Nacional Autónoma de México| Universidad Autónoma Metropolitana -Unidad Iztapalapa,24172136000,55000477500,55000477500,-,Mexico,1.0,1500| 1600,General Chemical Engineering| General Chemistry,4| 2,Natural Sciences| Engineering & Technology,409| 219,Chemistry| Engineering - Chemical,37| 36,Physical Sciences| Engineering,40| 34,Engineering| Chemical Sciences,3403| 4004| 3406,Macromolecular and materials chemistry| Chemical engineering| Physical chemistry,SDG 13,Metal-Organic Frameworks in Environmental Applications,99,98.496,Metal Organic Frameworks in Gas Storage Applications,74,99.688,Definitive,2016.0,46.0,N/A,"Sánchez-González, E.| Álvarez, J.R.| Peralta, R.A.| Campos-Reales-Pineda, A.| Tejeda-Cruz, A.| Lima, E.| Balmaseda, J.| González-Zamora, E.| Ibarra, I.A.",Universidad Autónoma Metropolitana| Universidad Nacional Autónoma de México,Mexico,0
55989686000,55989686000,CO2 adsorption under humid conditions: Self-regulated water content in CAU-10,"López-Cervantes, V.B.| Sánchez-González, E.| Jurado-Vázquez, T.| Tejeda-Cruz, A.| González-Zamora, E.| Ibarra, I.A.",6.0,57203690559| 24172136000| 57191247913| 6505992035| 55989686000| 55000477500,2018.0,2018-11-15,Polyhedron,155,-,163-169,-,ISSN-02775387,25303.0,Journal,Elsevier Ltd,English,0.63,56,3.8,25,0.426,42,1.24,49.0,39.0,1.18,11.04,14.0,24.0,0.0,0.0,"López-Cervantes, V.B., Sánchez-González, E., Jurado-Vázquez, T. and 3 more (...) (2018).CO2 adsorption under humid conditions: Self-regulated water content in CAU-10. Polyhedron,155163-169",https://www.scopus.com/record/display.url?eid=2-s2.0-85052614894&origin=resultslist,10.1016/j.poly.2018.08.043,Article,,2-s2.0-85052614894,-,Universidad Autónoma Metropolitana| Universidad Nacional Autónoma de México,505017| 505023,Academic,2.0,60032442| 60005971| 60028381,Universidad Nacional Autónoma de México| Instituto de Investigaciones en Materiales| Universidad Autónoma Metropolitana -Unidad Iztapalapa,57203690559,55000477500,24172136000,-,Mexico,1.0,1604| 1606| 2505,Inorganic Chemistry| Physical and Theoretical Chemistry| Materials Chemistry,4| 2,Natural Sciences| Engineering & Technology,433| 409| 249,Materials Science| Chemistry| Engineering - Petroleum,36| 37,Engineering| Physical Sciences,34,Chemical Sciences,3403| 3402,Macromolecular and materials chemistry| Inorganic chemistry,SDG 9| SDG 13,Metal-Organic Frameworks in Environmental Applications,99,98.496,Metal Organic Frameworks in Gas Storage Applications,74,99.688,Definitive,2018.0,39.0,N/A,"López-Cervantes, V.B.| Sánchez-González, E.| Jurado-Vázquez, T.| Tejeda-Cruz, A.| González-Zamora, E.| Ibarra, I.A.",Universidad Autónoma Metropolitana| Universidad Nacional Autónoma de México,Mexico,0
55989686000,55989686000,"Methylene blue adsorption in DUT-5: Relatively strong host-guest interactions elucidated by FTIR, solid-state NMR, and XPS","Obeso, J.L.| López-Olvera, A.| Flores, C.V.| Martínez-Ahumada, E.| Paz, R.| Viltres, H.| Islas-Jácome, A.| González-Zamora, E.| Balmaseda, J.| López-Morales, S.| Vera, M.A.| Lima, E.| Ibarra, I.A.| Leyva, C.",14.0,57580822200| 57192953714| 58023746200| 57212137584| 57219991378| 57193744866| 48161545400| 55989686000| 6603286727| 6504222250| 55398162500| 7103348371| 55000477500| 15829455800,2022.0,2022-12-15,Journal of Molecular Liquids,368,-,-,120758,ISSN-01677322,26965.0,Journal,Elsevier B.V.,English,1.24,20,9.7,8,0.914,16,3.47,70.0,36.0,2.47,12.12,7.0,9.0,0.0,0.0,"Obeso, J.L., López-Olvera, A., Flores, C.V. and 11 more (...) (2022).Methylene blue adsorption in DUT-5: Relatively strong host-guest interactions elucidated by FTIR, solid-state NMR, and XPS. Journal of Molecular Liquids,368",https://www.scopus.com/record/display.url?eid=2-s2.0-85144378265&origin=resultslist,10.1016/j.molliq.2022.120758,Article,,2-s2.0-85144378265,-,McMaster University| Universidad Autónoma Metropolitana| Instituto Politécnico Nacional| Universidad Nacional Autónoma de México,501017| 505017| 505011| 505023,Academic,4.0,60019176| 60005971| 60032442| 60031828| 60028381,Instituto Politécnico Nacional| Instituto de Investigaciones en Materiales| Universidad Nacional Autónoma de México| McMaster University| Universidad Autónoma Metropolitana -Unidad Iztapalapa,57580822200,15829455800,7103348371,-,Mexico| Canada,2.0,1606| 1607| 2504| 2505| 3104| 3107,"Physical and Theoretical Chemistry| Spectroscopy| Electronic, Optical and Magnetic Materials| Materials Chemistry| Condensed Matter Physics| Atomic and Molecular Physics, and Optics",2| 4,Engineering & Technology| Natural Sciences,249| 439| 433| 409,Engineering - Petroleum| Physics & Astronomy| Materials Science| Chemistry,37| 36,Physical Sciences| Engineering,40| 34,Engineering| Chemical Sciences,3406| 4004,Physical chemistry| Chemical engineering,-,Metal-Organic Frameworks in Environmental Applications,99,98.496,Metal-Organic Frameworks for Water Contaminant Removal,15456,99.479,Defensible,2022.0,36.0,N/A,"Obeso, J.L.| López-Olvera, A.| Flores, C.V.| Martínez-Ahumada, E.| Paz, R.| Viltres, H.| Islas-Jácome, A.| González-Zamora, E.| Balmaseda, J.| López-Morales, S.| Vera, M.A.| Lima, E.| Ibarra, I.A.| Leyva, C.",McMaster University| Universidad Autónoma Metropolitana| Instituto Politécnico Nacional| Universidad Nacional Autónoma de México,Mexico| Canada,0
55989686000,55989686000,CO2 capture in the presence of water vapour in MIL-53(Al),"Sánchez-Serratos, M.| Bayliss, P.A.| Peralta, R.A.| González-Zamora, E.| Lima, E.| Ibarra, I.A.",6.0,56880342300| 55272881200| 56879898700| 55989686000| 7103348371| 55000477500,2016.0,2016-01-01,New Journal of Chemistry,40,1,68-72,-,ISSN-11440546,24824.0,Journal,Royal Society of Chemistry,English,0.76,43,4.4,17,0.869,16,3.23,102.0,34.0,1.07,13.13,17.0,27.0,0.0,0.0,"Sánchez-Serratos, M., Bayliss, P.A., Peralta, R.A. and 3 more (...) (2016).CO2 capture in the presence of water vapour in MIL-53(Al). New Journal of Chemistry,40(1) 68-72",https://www.scopus.com/record/display.url?eid=2-s2.0-84953259643&origin=resultslist,10.1039/c5nj02312b,Article,,2-s2.0-84953259643,-,Universidad Autónoma Metropolitana| University of Nottingham| Universidad Nacional Autónoma de México,505017| 315090| 505023,Academic,3.0,60032442| 60015138| 60028381,Universidad Nacional Autónoma de México| University of Nottingham| Universidad Autónoma Metropolitana -Unidad Iztapalapa,56880342300,55000477500,55989686000,-,United Kingdom| Mexico,2.0,1503| 1600| 2505,Catalysis| General Chemistry| Materials Chemistry,4| 2,Natural Sciences| Engineering & Technology,219| 409| 433| 249,Engineering - Chemical| Chemistry| Materials Science| Engineering - Petroleum,36| 37,Engineering| Physical Sciences,34,Chemical Sciences,-,-,SDG 13,Metal-Organic Frameworks in Environmental Applications,99,98.496,Metal Organic Frameworks in Gas Storage Applications,74,99.688,Definitive,2016.0,34.0,N/A,"Sánchez-Serratos, M.| Bayliss, P.A.| Peralta, R.A.| González-Zamora, E.| Lima, E.| Ibarra, I.A.",Universidad Autónoma Metropolitana| University of Nottingham| Universidad Nacional Autónoma de México,United Kingdom| Mexico,0
55989686000,55989686000,"Bottleneck Effect of N,N-Dimethylformamide in InOF-1: Increasing CO2 Capture in Porous Coordination Polymers","Sánchez-González, E.| González-Zamora, E.| Martínez-Otero, D.| Jancik, V.| Ibarra, I.A.",5.0,24172136000| 55989686000| 35318236600| 6603651982| 55000477500,2017.0,2017-05-15,Inorganic Chemistry,56,10,5863-5872,-,ISSN-00201669,25264.0,Journal,American Chemical Society,English,1.12,23,8.1,9,1.892,7,1.49,46.0,34.0,2.08,10.11,17.0,12.0,0.0,0.0,"Sánchez-González, E., González-Zamora, E., Martínez-Otero, D. and 2 more (...) (2017).Bottleneck Effect of N,N-Dimethylformamide in InOF-1: Increasing CO2 Capture in Porous Coordination Polymers. Inorganic Chemistry,56(10) 5863-5872",https://www.scopus.com/record/display.url?eid=2-s2.0-85019483248&origin=resultslist,10.1021/acs.inorgchem.7b00519,Article,,2-s2.0-85019483248,28448142,Universidad Autónoma Metropolitana| Universidad Autonoma del Estado de Mexico| Universidad Nacional Autónoma de México,505017| 505051| 505023,Academic,3.0,60032442| 60005971| 60028381| 60175860| 60002281,Universidad Nacional Autónoma de México| Instituto de Investigaciones en Materiales| Universidad Autónoma Metropolitana -Unidad Iztapalapa| Centro Conjunto de Investigación en Química Sustentable UAEM-UNAM| Universidad Autónoma del Estado de México,24172136000,55000477500,55989686000,-,Mexico,1.0,1604| 1606,Inorganic Chemistry| Physical and Theoretical Chemistry,4| 2,Natural Sciences| Engineering & Technology,409| 249,Chemistry| Engineering - Petroleum,37,Physical Sciences,34,Chemical Sciences,3403| 3402,Macromolecular and materials chemistry| Inorganic chemistry,SDG 13,Metal-Organic Frameworks in Environmental Applications,99,98.496,Metal Organic Frameworks in Gas Storage Applications,74,99.688,Definitive,2017.0,34.0,N/A,"Sánchez-González, E.| González-Zamora, E.| Martínez-Otero, D.| Jancik, V.| Ibarra, I.A.",Universidad Autónoma Metropolitana| Universidad Autonoma del Estado de Mexico| Universidad Nacional Autónoma de México,Mexico,0
55989686000,55989686000,Humidity-induced CO2 capture enhancement in Mg-CUK-1,"Sagastuy-Breña, M.| Mileo, P.G.M.| Sánchez-González, E.| Reynolds, J.E.| Jurado-Vázquez, T.| Balmaseda, J.| González-Zamora, E.| Devautour-Vinot, S.| Humphrey, S.M.| Maurin, G.| Ibarra, I.A.",11.0,57203916478| 26027178100| 24172136000| 57201659853| 57191247913| 6603286727| 55989686000| 6506388164| 7101601899| 8914339300| 55000477500,2018.0,2018-01-01,Dalton Transactions,47,44,15827-15834,-,ISSN-14779226,9500153949.0,Journal,Royal Society of Chemistry,English,0.91,36,7.3,11,1.12,16,0.87,34.0,32.0,1.11,10.83,17.0,26.0,0.0,0.0,"Sagastuy-Breña, M., Mileo, P.G.M., Sánchez-González, E. and 8 more (...) (2018).Humidity-induced CO2 capture enhancement in Mg-CUK-1. Dalton Transactions,47(44) 15827-15834",https://www.scopus.com/record/display.url?eid=2-s2.0-85056354986&origin=resultslist,10.1039/c8dt03365j,Article,,2-s2.0-85056354986,30358783,University of Texas at Austin| Université de Montpellier| Universidad Autónoma Metropolitana| CNRS| Universidad Nacional Autónoma de México| École nationale supérieure de chimie de Montpellier,508345| 314084| 505017| 314004| 505023| 314010,Academic| Government,6.0,60032442| 60024243| 60108488| 60008134| 60103239| 60013372| 60150456| 60028381,Universidad Nacional Autónoma de México| École Nationale Supérieure de Chimie de Montpellier| Université de Montpellier| CNRS Centre National de la Recherche Scientifique| Institut Charles Gerhardt Montpellier| The University of Texas at Austin| College of Natural Sciences| Universidad Autónoma Metropolitana -Unidad Iztapalapa,57203916478,55000477500,7101601899,-,Mexico| United States| France,3.0,1604,Inorganic Chemistry,4,Natural Sciences,409,Chemistry,37,Physical Sciences,34,Chemical Sciences,3402,Inorganic chemistry,SDG 13,Metal-Organic Frameworks in Environmental Applications,99,98.496,Metal Organic Frameworks in Gas Storage Applications,74,99.688,Definitive,2018.0,32.0,N/A,"Sagastuy-Breña, M.| Mileo, P.G.M.| Sánchez-González, E.| Reynolds, J.E.| Jurado-Vázquez, T.| Balmaseda, J.| González-Zamora, E.| Devautour-Vinot, S.| Humphrey, S.M.| Maurin, G.| Ibarra, I.A.",University of Texas at Austin| Université de Montpellier| Universidad Autónoma Metropolitana| CNRS| Universidad Nacional Autónoma de México| École nationale supérieure de chimie de Montpellier,Mexico| United States| France,0
55989686000,55989686000,Synthesis of vanillin: Via a catalytically active Cu(II)-metal organic polyhedron,"Sánchez-González, E.| López-Olvera, A.| Monroy, O.| Aguilar-Pliego, J.| Gabriel Flores, J.| Islas-Jácome, A.| Rincón-Guevara, M.A.| González-Zamora, E.| Rodríguez-Molina, B.| Ibarra, I.A.",10.0,24172136000| 57192953714| 57203628457| 56013754600| 57195242626| 48161545400| 57193608846| 55989686000| 56013723300| 55000477500,2017.0,2017-01-01,CrystEngComm,19,29,4142-4146,-,ISSN-14668033,130039.0,Journal,Royal Society of Chemistry,English,0.83,40,6.7,8,0.998,19,1.25,58.0,32.0,1.27,12.64,18.0,23.0,1.0,0.0,"Sánchez-González, E., López-Olvera, A., Monroy, O. and 7 more (...) (2017).Synthesis of vanillin: Via a catalytically active Cu(II)-metal organic polyhedron. CrystEngComm,19(29) 4142-4146",https://www.scopus.com/record/display.url?eid=2-s2.0-85026461993&origin=resultslist,10.1039/c6ce02621d,Article,,2-s2.0-85026461993,-,Universidad Autónoma Metropolitana| Universidad Nacional Autónoma de México,505017| 505023,Academic,2.0,60032442| 60014923| 60028381,Universidad Nacional Autónoma de México| Universidad Autónoma Metropolitana| Universidad Autónoma Metropolitana -Unidad Iztapalapa,24172136000,55000477500,55989686000,-,Mexico,1.0,1600| 2500| 3104,General Chemistry| General Materials Science| Condensed Matter Physics,4| 2,Natural Sciences| Engineering & Technology,439| 409| 433,Physics & Astronomy| Chemistry| Materials Science,36| 37,Engineering| Physical Sciences,34,Chemical Sciences,3402| 3403,Inorganic chemistry| Macromolecular and materials chemistry,-,Metal-Organic Frameworks in Environmental Applications,99,98.496,Metal Organic Frameworks in Gas Storage Applications,74,99.688,Very Good,2017.0,32.0,N/A,"Sánchez-González, E.| López-Olvera, A.| Monroy, O.| Aguilar-Pliego, J.| Gabriel Flores, J.| Islas-Jácome, A.| Rincón-Guevara, M.A.| González-Zamora, E.| Rodríguez-Molina, B.| Ibarra, I.A.",Universidad Autónoma Metropolitana| Universidad Nacional Autónoma de México,Mexico,0
55989686000,55989686000,"An efficient Ugi-3CR/aza Diels-Alder/Pomeranz-Fritsch protocol towards novel aza-analogues of (±)-nuevamine, (±)-lennoxamine and magallanesine: a diversity oriented synthesis approach","Vázquez-Vera, Ó.| Sánchez-Badillo, J.S.| Islas-Jácome, A.| Rentería-Gómez, M.A.| Pharande, S.G.| Cortes-García, C.J.| Rincón-Guevara, M.A.| Ibarra, I.A.| Gámez-Montaño, R.| González-Zamora, E.",10.0,57193614626| 57200567519| 48161545400| 57188538355| 55573758800| 55855714400| 57193608846| 55000477500| 7801607252| 55989686000,2017.0,2017-01-01,Organic and Biomolecular Chemistry,15,11,2363-2369,-,ISSN-14770520,26388.0,Journal,Royal Society of Chemistry,English,0.78,43,6.2,16,1.281,17,1.84,50.0,31.0,0.98,11.26,18.0,30.0,0.0,0.0,"Vázquez-Vera, Ó., Sánchez-Badillo, J.S., Islas-Jácome, A. and 7 more (...) (2017).An efficient Ugi-3CR/aza Diels-Alder/Pomeranz-Fritsch protocol towards novel aza-analogues of (±)-nuevamine, (±)-lennoxamine and magallanesine: a diversity oriented synthesis approach. Organic and Biomolecular Chemistry,15(11) 2363-2369",https://www.scopus.com/record/display.url?eid=2-s2.0-85015165760&origin=resultslist,10.1039/c6ob02572b,Article,,2-s2.0-85015165760,28066847,Universidad de Guanajuato| Universidad Autónoma Metropolitana| Universidad Nacional Autónoma de México,505020| 505017| 505023,Academic,3.0,60028381| 60033291| 60032442,Universidad Autónoma Metropolitana -Unidad Iztapalapa| Universidad de Guanajuato| Universidad Nacional Autónoma de México,57193614626,55989686000,55000477500,-,Mexico,1.0,1303| 1605| 1606,Biochemistry| Organic Chemistry| Physical and Theoretical Chemistry,2| 5| 4,Engineering & Technology| Life Sciences & Medicine| Natural Sciences,409| 249| 507,Chemistry| Engineering - Petroleum| Biological Sciences,32| 37,Life Sciences| Physical Sciences,34,Chemical Sciences,3404| 3405,Medicinal and biomolecular chemistry| Organic chemistry,-,Catalytic Innovations in Organic Synthesis and Activation,450,92.152,Isoindolinone Derivatives in Chemical Synthesis,22213,61.485,Very Good,2017.0,31.0,N/A,"Vázquez-Vera, Ó.| Sánchez-Badillo, J.S.| Islas-Jácome, A.| Rentería-Gómez, M.A.| Pharande, S.G.| Cortes-García, C.J.| Rincón-Guevara, M.A.| Ibarra, I.A.| Gámez-Montaño, R.| González-Zamora, E.",Universidad de Guanajuato| Universidad Autónoma Metropolitana| Universidad Nacional Autónoma de México,Mexico,0
55989686000,55989686000,Confinement of alcohols to enhance CO2 capture in MIL-53(Al),"González-Martínez, G.A.| Zárate, J.A.| Martínez, A.| Sánchez-González, E.| Álvarez, J.R.| Lima, E.| González-Zamora, E.| Ibarra, I.A.",8.0,60121603200| 56432561800| 7404025645| 24172136000| 56982347300| 7103348371| 55989686000| 55000477500,2017.0,2017-01-01,RSC Advances,7,40,24833-24840,-,ISSN-20462069,21100199840.0,Journal,Royal Society of Chemistry,English,0.74,46,5.5,12,0.863,17,1.03,55.0,27.0,1.15,12.2,21.0,26.0,0.0,0.0,"González-Martínez, G.A., Zárate, J.A., Martínez, A. and 5 more (...) (2017).Confinement of alcohols to enhance CO2 capture in MIL-53(Al). RSC Advances,7(40) 24833-24840",https://www.scopus.com/record/display.url?eid=2-s2.0-85021725187&origin=resultslist,10.1039/c7ra03608f,Article,Gold,2-s2.0-85021725187,-,Universidad Autónoma Metropolitana| Universidad Nacional Autónoma de México,505017| 505023,Academic,2.0,60032442| 60028381,Universidad Nacional Autónoma de México| Universidad Autónoma Metropolitana -Unidad Iztapalapa,60121603200,55000477500,60121603200,-,Mexico,1.0,1500| 1600,General Chemical Engineering| General Chemistry,4| 2,Natural Sciences| Engineering & Technology,219| 409,Engineering - Chemical| Chemistry,36| 37,Engineering| Physical Sciences,34,Chemical Sciences,-,-,SDG 13,Metal-Organic Frameworks in Environmental Applications,99,98.496,Metal Organic Frameworks in Gas Storage Applications,74,99.688,Definitive,2017.0,27.0,N/A,"González-Martínez, G.A.| Zárate, J.A.| Martínez, A.| Sánchez-González, E.| Álvarez, J.R.| Lima, E.| González-Zamora, E.| Ibarra, I.A.",Universidad Autónoma Metropolitana| Universidad Nacional Autónoma de México,Mexico,0
55989686000,55989686000,Confinement of H2O and EtOH to enhance CO2 capture in MIL-53(Al)-TDC,"González-Martí, G.A.| Jurado-Vázquez, T.| Solís-Ibarra, D.| Vargas, B.| Sánchez-González, E.| Martínez, A.| Vargas, R.| González-Zamora, E.| Ibarra, I.A.",9.0,57203005466| 57191247913| 35099497400| 57194947554| 24172136000| 7404025645| 55989742600| 55989686000| 55000477500,2018.0,2018-01-01,Dalton Transactions,47,28,9459-9465,-,ISSN-14779226,9500153949.0,Journal,Royal Society of Chemistry,English,0.91,36,7.3,11,1.12,16,1.7,62.0,27.0,1.11,10.83,20.0,26.0,0.0,0.0,"González-Martí, G.A., Jurado-Vázquez, T., Solís-Ibarra, D. and 6 more (...) (2018).Confinement of H2O and EtOH to enhance CO2 capture in MIL-53(Al)-TDC. Dalton Transactions,47(28) 9459-9465",https://www.scopus.com/record/display.url?eid=2-s2.0-85050215029&origin=resultslist,10.1039/c8dt01369a,Article,,2-s2.0-85050215029,29956710,Universidad Autónoma Metropolitana| Universidad Nacional Autónoma de México,505017| 505023,Academic,2.0,60032442| 60028381,Universidad Nacional Autónoma de México| Universidad Autónoma Metropolitana -Unidad Iztapalapa,57203005466,55000477500,35099497400,-,Mexico,1.0,1604,Inorganic Chemistry,4,Natural Sciences,409,Chemistry,37,Physical Sciences,34,Chemical Sciences,3402,Inorganic chemistry,SDG 13,Metal-Organic Frameworks in Environmental Applications,99,98.496,Metal Organic Frameworks in Gas Storage Applications,74,99.688,Definitive,2018.0,27.0,N/A,"González-Martí, G.A.| Jurado-Vázquez, T.| Solís-Ibarra, D.| Vargas, B.| Sánchez-González, E.| Martínez, A.| Vargas, R.| González-Zamora, E.| Ibarra, I.A.",Universidad Autónoma Metropolitana| Universidad Nacional Autónoma de México,Mexico,0
55989686000,55989686000,Confined methanol within InOF-1: CO2 capture enhancement,"Sánchez-González, E.| Mileo, P.G.M.| Álvarez, J.R.| González-Zamora, E.| Maurin, G.| Ibarra, I.A.",6.0,24172136000| 26027178100| 56982347300| 55989686000| 8914339300| 55000477500,2017.0,2017-01-01,Dalton Transactions,46,44,15208-15215,-,ISSN-14779226,9500153949.0,Journal,Royal Society of Chemistry,English,0.91,34,7.3,14,1.306,15,1.03,35.0,26.0,1.65,9.67,22.0,17.0,0.0,0.0,"Sánchez-González, E., Mileo, P.G.M., Álvarez, J.R. and 3 more (...) (2017).Confined methanol within InOF-1: CO2 capture enhancement. Dalton Transactions,46(44) 15208-15215",https://www.scopus.com/record/display.url?eid=2-s2.0-85034217015&origin=resultslist,10.1039/c7dt02709e,Article,,2-s2.0-85034217015,28852759,Université de Montpellier| Universidad Autónoma Metropolitana| CNRS| Universidad Nacional Autónoma de México| École nationale supérieure de chimie de Montpellier,314084| 505017| 314004| 505023| 314010,Government| Academic,5.0,60032442| 60008134| 60103239| 60108488| 60024243| 60028381,Universidad Nacional Autónoma de México| CNRS Centre National de la Recherche Scientifique| Institut Charles Gerhardt Montpellier| Université de Montpellier| École Nationale Supérieure de Chimie de Montpellier| Universidad Autónoma Metropolitana -Unidad Iztapalapa,24172136000,55000477500,8914339300,-,Mexico| France,2.0,1604,Inorganic Chemistry,4,Natural Sciences,409,Chemistry,37,Physical Sciences,34,Chemical Sciences,3402,Inorganic chemistry,SDG 13,Metal-Organic Frameworks in Environmental Applications,99,98.496,Metal Organic Frameworks in Gas Storage Applications,74,99.688,Definitive,2017.0,26.0,N/A,"Sánchez-González, E.| Mileo, P.G.M.| Álvarez, J.R.| González-Zamora, E.| Maurin, G.| Ibarra, I.A.",Université de Montpellier| Universidad Autónoma Metropolitana| CNRS| Universidad Nacional Autónoma de México| École nationale supérieure de chimie de Montpellier,Mexico| France,0
55989686000,55989686000,Fluorometric detection of iodine by MIL-53(Al)-TDC,"Díaz-Ramírez, M.L.| Vargas, B.| Raziel Álvarez, J.| Landeros-Rivera, B.| Rivera-Almazo, M.| Ramos, C.| Gabriel Flores, J.| Morales, E.| Vargas, R.| Garza, J.| González-Zamora, E.| Martínez, A.| Solís-Ibarra, D.| Ibarra, I.A.",14.0,57209578929| 57194947554| 57216958934| 57192995930| 57200856573| 57216959549| 57195242626| 57216957849| 55989742600| 57204698538| 55989686000| 7404025645| 35099497400| 55000477500,2020.0,2020-05-28,Dalton Transactions,49,20,6572-6577,-,ISSN-14779226,9500153949.0,Journal,Royal Society of Chemistry,English,0.86,41,6.7,14,0.98,16,1.77,44.0,25.0,1.49,11.42,20.0,18.0,0.0,0.0,"Díaz-Ramírez, M.L., Vargas, B., Raziel Álvarez, J. and 11 more (...) (2020).Fluorometric detection of iodine by MIL-53(Al)-TDC. Dalton Transactions,49(20) 6572-6577",https://www.scopus.com/record/display.url?eid=2-s2.0-85085535577&origin=resultslist,10.1039/d0dt00945h,Article,,2-s2.0-85085535577,32338666,Universidad Autónoma Metropolitana| Universidad Nacional Autónoma de México,505017| 505023,Academic,2.0,60032442| 60028381,Universidad Nacional Autónoma de México| Universidad Autónoma Metropolitana -Unidad Iztapalapa,57209578929,55000477500,7404025645,-,Mexico,1.0,1604,Inorganic Chemistry,4,Natural Sciences,409,Chemistry,37,Physical Sciences,34,Chemical Sciences,3402,Inorganic chemistry,-,Metal-Organic Frameworks in Environmental Applications,99,98.496,Iodine Adsorption Materials for Radioactive Waste Management,20195,97.276,Defensible,2020.0,25.0,N/A,"Díaz-Ramírez, M.L.| Vargas, B.| Raziel Álvarez, J.| Landeros-Rivera, B.| Rivera-Almazo, M.| Ramos, C.| Gabriel Flores, J.| Morales, E.| Vargas, R.| Garza, J.| González-Zamora, E.| Martínez, A.| Solís-Ibarra, D.| Ibarra, I.A.",Universidad Autónoma Metropolitana| Universidad Nacional Autónoma de México,Mexico,0
55989686000,55989686000,Water Adsorption Properties of Fe(pz)[Pt(CN)4] and the Capture of CO2 and CO,"Alvarado-Alvarado, D.| González-Estefan, J.H.| Flores, J.G.| Álvarez, J.R.| Aguilar-Pliego, J.| Islas-Jácome, A.| Chastanet, G.| González-Zamora, E.| Lara-García, H.A.| Alcántar-Vázquez, B.| Gonidec, M.| Ibarra, I.A.",12.0,57211347708| 56584487500| 57206442858| 56982347300| 56013754600| 48161545400| 7801425508| 55989686000| 56285455400| 55827211900| 55907081200| 55000477500,2020.0,2020-04-13,Organometallics,39,7,949-955,-,ISSN-02767333,26423.0,Journal,American Chemical Society,English,0.85,41,7,13,1.231,12,2.63,67.0,20.0,1.09,11.96,24.0,25.0,0.0,0.0,"Alvarado-Alvarado, D., González-Estefan, J.H., Flores, J.G. and 9 more (...) (2020).Water Adsorption Properties of Fe(pz)[Pt(CN)4] and the Capture of CO2 and CO. Organometallics,39(7) 949-955",https://www.scopus.com/record/display.url?eid=2-s2.0-85079030973&origin=resultslist,10.1021/acs.organomet.9b00711,Article,,2-s2.0-85079030973,-,Institut de chimie de la matière condensée de Bordeaux| Universidad Autónoma Metropolitana| CNRS| Bordeaux INP| Universidad Nacional Autónoma de México| Université de Bordeaux,314239| 505017| 314004| 706328| 505023| 702554,Government| Academic,6.0,60032442| 60012805| 60008134| 60102125| 60023193| 60028381,Universidad Nacional Autónoma de México| Institut de Chimie de la Matière Condensée de Bordeaux| CNRS Centre National de la Recherche Scientifique| Université de Bordeaux| Universidad Autónoma Metropolitana - Azcapotzalco| Universidad Autónoma Metropolitana -Unidad Iztapalapa,57211347708,55000477500,48161545400,-,Mexico| France,2.0,1604| 1605| 1606,Inorganic Chemistry| Organic Chemistry| Physical and Theoretical Chemistry,2| 4,Engineering & Technology| Natural Sciences,409| 249,Chemistry| Engineering - Petroleum,37,Physical Sciences,34,Chemical Sciences,3406| 3402,Physical chemistry| Inorganic chemistry,SDG 13,Metal-Organic Frameworks in Environmental Applications,99,98.496,Metal Organic Frameworks in Gas Storage Applications,74,99.688,Very Good,2020.0,20.0,N/A,"Alvarado-Alvarado, D.| González-Estefan, J.H.| Flores, J.G.| Álvarez, J.R.| Aguilar-Pliego, J.| Islas-Jácome, A.| Chastanet, G.| González-Zamora, E.| Lara-García, H.A.| Alcántar-Vázquez, B.| Gonidec, M.| Ibarra, I.A.",Institut de chimie de la matière condensée de Bordeaux| Universidad Autónoma Metropolitana| CNRS| Bordeaux INP| Universidad Nacional Autónoma de México| Université de Bordeaux,Mexico| France,0
55989686000,55989686000,Synthesis of cyclic analogues of hexamethylenebis(3-pyridine)amide (HMBPA) in a one-pot process,"Zamudio-Medina, A.| García-González, M.C.| Gutierrez-Carrillo, A.| González-Zamora, E.",4.0,36188956400| 26640370300| 6505811955| 55989686000,2015.0,2015-01-21,Tetrahedron Letters,56,4,627-629,-,ISSN-00404039,26514.0,Journal,Elsevier Ltd,English,0.74,45,4.3,32,0.748,33,1.46,50.0,19.0,0.52,9.54,29.0,45.0,0.0,0.0,"Zamudio-Medina, A., García-González, M.C., Gutierrez-Carrillo, A. and 1 more (...) (2015).Synthesis of cyclic analogues of hexamethylenebis(3-pyridine)amide (HMBPA) in a one-pot process. Tetrahedron Letters,56(4) 627-629",https://www.scopus.com/record/display.url?eid=2-s2.0-84920164855&origin=resultslist,10.1016/j.tetlet.2014.12.018,Article,,2-s2.0-84920164855,-,Universidad Autónoma Metropolitana,505017,Academic,1.0,60028381,Universidad Autónoma Metropolitana -Unidad Iztapalapa,36188956400,55989686000,55989686000,-,Mexico,1.0,1303| 1605| 3002,Biochemistry| Organic Chemistry| Drug Discovery,5| 4| 2,Life Sciences & Medicine| Natural Sciences| Engineering & Technology,249| 507| 409| 537,Engineering - Petroleum| Biological Sciences| Chemistry| Pharmacy & Pharmacology,37| 32| 34,Physical Sciences| Life Sciences| Medical and Health,34| 31,Chemical Sciences| Biological Sciences,3101| 3405| 3404,Biochemistry and cell biology| Organic chemistry| Medicinal and biomolecular chemistry,-,Multicomponent Reactions in Antimicrobial and Anticancer Development,945,47.09,Innovative Multicomponent Reactions with Isocyanides,3597,91.969,Definitive,2015.0,19.0,N/A,"Zamudio-Medina, A.| García-González, M.C.| Gutierrez-Carrillo, A.| González-Zamora, E.",Universidad Autónoma Metropolitana,Mexico,0
55989686000,55989686000,Adsorption of 1-Propanol in the Channel-Like InOF-1 Metal-Organic Framework and Its Influence on the CO2 Capture Performances,"Raziel Álvarez, J.| Mileo, P.G.M.| Sánchez-González, E.| Antonio Zárate, J.| Rodríguez-Hernández, J.| González-Zamora, E.| Maurin, G.| Ibarra, I.A.",8.0,56982347300| 26027178100| 24172136000| 57201281238| 7003677891| 55989686000| 8914339300| 55000477500,2018.0,2018-03-15,Journal of Physical Chemistry C,122,10,5566-5577,-,ISSN-19327447,5200153123.0,Journal,American Chemical Society,English,1.1,25,7.6,8,1.652,6,0.91,36.0,19.0,1.1,12.68,28.0,26.0,0.0,0.0,"Raziel Álvarez, J., Mileo, P.G.M., Sánchez-González, E. and 5 more (...) (2018).Adsorption of 1-Propanol in the Channel-Like InOF-1 Metal-Organic Framework and Its Influence on the CO2 Capture Performances. Journal of Physical Chemistry C,122(10) 5566-5577",https://www.scopus.com/record/display.url?eid=2-s2.0-85044115353&origin=resultslist,10.1021/acs.jpcc.8b00215,Article,,2-s2.0-85044115353,-,Université de Montpellier| Center for Research in Applied Chemistry| Universidad Autónoma Metropolitana| CNRS| Universidad Nacional Autónoma de México| École nationale supérieure de chimie de Montpellier,314084| 703028| 505017| 314004| 505023| 314010,Academic| Government,6.0,60032442| 60024243| 60103239| 60108488| 60008134| 60029922| 60028381,"Universidad Nacional Autónoma de México| École Nationale Supérieure de Chimie de Montpellier| Institut Charles Gerhardt Montpellier| Université de Montpellier| CNRS Centre National de la Recherche Scientifique| Centro de Investigacion en Quimica Aplicada, Saltillo| Universidad Autónoma Metropolitana -Unidad Iztapalapa",56982347300,55000477500,8914339300,-,Mexico| France,2.0,1606| 2100| 2504| 2508,"Physical and Theoretical Chemistry| General Energy| Electronic, Optical and Magnetic Materials| Surfaces, Coatings and Films",2| 4,Engineering & Technology| Natural Sciences,249| 409| 433| 221,Engineering - Petroleum| Chemistry| Materials Science| Engineering - Electrical & Electronic,37| 36,Physical Sciences| Engineering,34| 40,Chemical Sciences| Engineering,-,-,SDG 13,Metal-Organic Frameworks in Environmental Applications,99,98.496,Metal Organic Frameworks in Gas Storage Applications,74,99.688,Definitive,2018.0,19.0,N/A,"Raziel Álvarez, J.| Mileo, P.G.M.| Sánchez-González, E.| Antonio Zárate, J.| Rodríguez-Hernández, J.| González-Zamora, E.| Maurin, G.| Ibarra, I.A.",Université de Montpellier| Center for Research in Applied Chemistry| Universidad Autónoma Metropolitana| CNRS| Universidad Nacional Autónoma de México| École nationale supérieure de chimie de Montpellier,Mexico| France,0
55989686000,55989686000, CO 2 capture enhancement for InOF-1: confinement of 2-propanol ,"Sánchez-Bautista, J.E.| Landeros-Rivera, B.| Jurado-Vázquez, T.| Martínez, A.| González-Zamora, E.| Balmaseda, J.| Vargas, R.| Ibarra, I.A.",8.0,57208326065| 57192995930| 57191247913| 7404025645| 55989686000| 6603286727| 55989742600| 55000477500,2019.0,2019-01-01,Dalton Transactions,48,16,5176-5182,-,ISSN-14779226,9500153949.0,Journal,Royal Society of Chemistry,English,0.93,35,6.8,13,1.048,15,1.37,42.0,15.0,0.68,11.7,31.0,39.0,0.0,0.0,"Sánchez-Bautista, J.E., Landeros-Rivera, B., Jurado-Vázquez, T. and 5 more (...) (2019). CO 2 capture enhancement for InOF-1: confinement of 2-propanol . Dalton Transactions,48(16) 5176-5182",https://www.scopus.com/record/display.url?eid=2-s2.0-85064516043&origin=resultslist,10.1039/c9dt00384c,Article,,2-s2.0-85064516043,30869732,Universidad Autónoma Metropolitana| Universidad Nacional Autónoma de México,505017| 505023,Academic,2.0,60032442| 60028381,Universidad Nacional Autónoma de México| Universidad Autónoma Metropolitana -Unidad Iztapalapa,57208326065,55000477500,7404025645,-,Mexico,1.0,1604,Inorganic Chemistry,4,Natural Sciences,409,Chemistry,37,Physical Sciences,34,Chemical Sciences,3402,Inorganic chemistry,SDG 13,Metal-Organic Frameworks in Environmental Applications,99,98.496,Metal Organic Frameworks in Gas Storage Applications,74,99.688,Very Good,2019.0,15.0,N/A,"Sánchez-Bautista, J.E.| Landeros-Rivera, B.| Jurado-Vázquez, T.| Martínez, A.| González-Zamora, E.| Balmaseda, J.| Vargas, R.| Ibarra, I.A.",Universidad Autónoma Metropolitana| Universidad Nacional Autónoma de México,Mexico,0
55989686000,55989686000,Relevance of hydrogen bonding in CO2 capture enhancement within InOF-1: An energy and vibrational analysis,"Lara-García, H.A.| Landeros-Rivera, B.| González-Zamora, E.| Aguilar-Pliego, J.| Gómez-Cortés, A.| Martínez, A.| Vargas, R.| Diaz, G.| Ibarra, I.A.",9.0,56285455400| 57192995930| 55989686000| 56013754600| 6602668306| 7404025645| 55989742600| 7201671446| 55000477500,2019.0,2019-01-01,Dalton Transactions,48,24,8611-8616,-,ISSN-14779226,9500153949.0,Journal,Royal Society of Chemistry,English,0.93,35,6.8,13,1.048,15,1.63,54.0,15.0,0.77,11.7,31.0,36.0,0.0,0.0,"Lara-García, H.A., Landeros-Rivera, B., González-Zamora, E. and 6 more (...) (2019).Relevance of hydrogen bonding in CO2 capture enhancement within InOF-1: An energy and vibrational analysis. Dalton Transactions,48(24) 8611-8616",https://www.scopus.com/record/display.url?eid=2-s2.0-85067433527&origin=resultslist,10.1039/c9dt01266d,Article,,2-s2.0-85067433527,31070211,Universidad Autónoma Metropolitana| Universidad Nacional Autónoma de México,505017| 505023,Academic,2.0,60032442| 60028381| 60023193,Universidad Nacional Autónoma de México| Universidad Autónoma Metropolitana -Unidad Iztapalapa| Universidad Autónoma Metropolitana - Azcapotzalco,56285455400,55000477500,57192995930,-,Mexico,1.0,1604,Inorganic Chemistry,4,Natural Sciences,409,Chemistry,37,Physical Sciences,34,Chemical Sciences,3402,Inorganic chemistry,SDG 13,Metal-Organic Frameworks in Environmental Applications,99,98.496,Metal Organic Frameworks in Gas Storage Applications,74,99.688,Very Good,2019.0,15.0,N/A,"Lara-García, H.A.| Landeros-Rivera, B.| González-Zamora, E.| Aguilar-Pliego, J.| Gómez-Cortés, A.| Martínez, A.| Vargas, R.| Diaz, G.| Ibarra, I.A.",Universidad Autónoma Metropolitana| Universidad Nacional Autónoma de México,Mexico,0
55989686000,55989686000,Sulfadiazine hosted in MIL-53(Al) as a biocide topical delivery system,"Águila-Rosas, J.| Quirino-Barreda, T.| Leyva-Gómez, G.| González-Zamora, E.| Ibarra, I.A.| Lima, E.",6.0,57189875920| 57218244612| 26021334500| 55989686000| 55000477500| 7103348371,2020.0,2020-07-07,RSC Advances,10,43,25645-25651,-,ISSN-20462069,21100199840.0,Journal,Royal Society of Chemistry,English,0.86,40,5.9,18,0.746,22,1.68,53.0,15.0,0.43,16.26,31.0,50.0,0.0,0.0,"Águila-Rosas, J., Quirino-Barreda, T., Leyva-Gómez, G. and 3 more (...) (2020).Sulfadiazine hosted in MIL-53(Al) as a biocide topical delivery system. RSC Advances,10(43) 25645-25651",https://www.scopus.com/record/display.url?eid=2-s2.0-85088463308&origin=resultslist,10.1039/d0ra03636f,Article,Gold|Green,2-s2.0-85088463308,-,Universidad Autónoma Metropolitana| Universidad Nacional Autónoma de México,505017| 505023,Academic,2.0,60010210| 60032442| 60028381| 60005971| 124842032,Universidad Autónoma Metropolitana Unidad Xochimilco| Universidad Nacional Autónoma de México| Universidad Autónoma Metropolitana -Unidad Iztapalapa| Instituto de Investigaciones en Materiales| Pharma View Consulting SC,57189875920,7103348371,55000477500| 7103348371,-,Mexico,1.0,1500| 1600,General Chemical Engineering| General Chemistry,2| 4,Engineering & Technology| Natural Sciences,219| 409,Engineering - Chemical| Chemistry,37| 36,Physical Sciences| Engineering,34,Chemical Sciences,-,-,-,Metal-Organic Frameworks in Environmental Applications,99,98.496,Metal Organic Frameworks in Targeted Drug Delivery,31745,98.641,Weak,2020.0,15.0,N/A,"Águila-Rosas, J.| Quirino-Barreda, T.| Leyva-Gómez, G.| González-Zamora, E.| Ibarra, I.A.| Lima, E.",Universidad Autónoma Metropolitana| Universidad Nacional Autónoma de México,Mexico,0
55989686000,55989686000,Confined toluene within InOF-1: CO2 capture enhancement,"Garrido-Olvera, L.P.| Sanchez-Bautista, J.E.| Alvarado-Alvarado, D.| Landeros-Rivera, B.| Álvarez, J.R.| Vargas, R.| González-Zamora, E.| Balmaseda, J.| Lara-García, H.A.| Martínez, A.| Ibarra, I.A.",11.0,6504423846| 57208326065| 57211347708| 57192995930| 56982347300| 55989742600| 55989686000| 6603286727| 56285455400| 7404025645| 55000477500,2019.0,2019-01-01,RSC Advances,9,56,32864-32872,-,ISSN-20462069,21100199840.0,Journal,Royal Society of Chemistry,English,0.81,43,6.5,13,0.736,21,0.73,24.0,14.0,0.41,14.81,33.0,52.0,0.0,0.0,"Garrido-Olvera, L.P., Sanchez-Bautista, J.E., Alvarado-Alvarado, D. and 8 more (...) (2019).Confined toluene within InOF-1: CO2 capture enhancement. RSC Advances,9(56) 32864-32872",https://www.scopus.com/record/display.url?eid=2-s2.0-85073607124&origin=resultslist,10.1039/c9ra05991a,Article,Gold|Green,2-s2.0-85073607124,-,Universidad Autónoma Metropolitana| Universidad Nacional Autónoma de México,505017| 505023,Academic,2.0,60032442| 60028381,Universidad Nacional Autónoma de México| Universidad Autónoma Metropolitana -Unidad Iztapalapa,6504423846,55000477500,57192995930,-,Mexico,1.0,1500| 1600,General Chemical Engineering| General Chemistry,2| 4,Engineering & Technology| Natural Sciences,219| 409,Engineering - Chemical| Chemistry,37| 36,Physical Sciences| Engineering,34,Chemical Sciences,-,-,SDG 9| SDG 13,Mesoporous Silica Materials for Advanced Applications,577,60.105,Fluid Behavior in Confined Porous Media,12137,79.333,Defensible,2019.0,14.0,N/A,"Garrido-Olvera, L.P.| Sanchez-Bautista, J.E.| Alvarado-Alvarado, D.| Landeros-Rivera, B.| Álvarez, J.R.| Vargas, R.| González-Zamora, E.| Balmaseda, J.| Lara-García, H.A.| Martínez, A.| Ibarra, I.A.",Universidad Autónoma Metropolitana| Universidad Nacional Autónoma de México,Mexico,0
55989686000,55989686000,Evaluation of the catalytic activity of Zn-MOF-74 for the alcoholysis of cyclohexene oxide,"Flores, J.G.| Obeso, J.L.| Martínez-Jiménez, V.| Martín-Guaregua, N.| Islas-Jácome, A.| González-Zamora, E.| Serrano-Espejel, H.| Mondragón-Rodríguez, B.| Leyva, C.| Solís-Casados, D.A.| Ibarra, I.A.| Peralta, R.A.| Aguilar-Pliego, J.| Antonio de los Reyes, J.",14.0,57206442858| 57580822200| 58559113700| 57204120910| 48161545400| 55989686000| 58620060500| 58620323500| 15829455800| 26221500700| 55000477500| 56879898700| 56013754600| 15723341500,2023.0,2023-09-11,RSC Advances,13,39,27174-27179,-,ISSN-20462069,21100199840.0,Journal,Royal Society of Chemistry,English,0.86,36,7.5,21,0.715,25,3.16,66.0,13.0,0.9,14.5,18.0,32.0,0.0,0.0,"Flores, J.G., Obeso, J.L., Martínez-Jiménez, V. and 11 more (...) (2023).Evaluation of the catalytic activity of Zn-MOF-74 for the alcoholysis of cyclohexene oxide. RSC Advances,13(39) 27174-27179",https://www.scopus.com/record/display.url?eid=2-s2.0-85172314839&origin=resultslist,10.1039/d3ra03122e,Article,Gold|Green,2-s2.0-85172314839,-,Universidad Autónoma Metropolitana| Universidad Autonoma del Estado de Mexico| Instituto Politécnico Nacional| Universidad Nacional Autónoma de México,505017| 505051| 505011| 505023,Academic,4.0,60028381| 60014923| 60019176| 60032442| 60175860| 60002281,Universidad Autónoma Metropolitana -Unidad Iztapalapa| Universidad Autónoma Metropolitana| Instituto Politécnico Nacional| Universidad Nacional Autónoma de México| Centro Conjunto de Investigación en Química Sustentable UAEM-UNAM| Universidad Autónoma del Estado de México,57206442858,15723341500,56879898700| 56013754600| 15723341500,-,Mexico,1.0,1500| 1600,General Chemical Engineering| General Chemistry,2| 4,Engineering & Technology| Natural Sciences,219| 409,Engineering - Chemical| Chemistry,36| 37,Engineering| Physical Sciences,34,Chemical Sciences,-,-,-,Metal-Organic Frameworks in Environmental Applications,99,98.496,Metal Organic Frameworks in Gas Storage Applications,74,99.688,Definitive,2023.0,13.0,N/A,"Flores, J.G.| Obeso, J.L.| Martínez-Jiménez, V.| Martín-Guaregua, N.| Islas-Jácome, A.| González-Zamora, E.| Serrano-Espejel, H.| Mondragón-Rodríguez, B.| Leyva, C.| Solís-Casados, D.A.| Ibarra, I.A.| Peralta, R.A.| Aguilar-Pliego, J.| Antonio de los Reyes, J.",Universidad Autónoma Metropolitana| Universidad Autonoma del Estado de Mexico| Instituto Politécnico Nacional| Universidad Nacional Autónoma de México,Mexico,0
55989686000,55989686000,"Selective reaction route in the construction of the pyrrolo[3,4-b]pyridin-5-one core from a variety of 5-aminooxazoles and maleic anhydride. A DFT study","Islas-Jácome, A.| Rentería-Gómez, A.| Rentería-Gómez, M.A.| González-Zamora, E.| Jiménez-Halla, J.O.C.| Gámez-Montaño, R.",6.0,48161545400| 55855935200| 57188538355| 55989686000| 14621501700| 7801607252,2016.0,2016-01-01,Tetrahedron Letters,57,31,3496-3500,-,ISSN-00404039,26514.0,Journal,Elsevier Ltd,English,0.65,52,4.2,34,0.754,35,0.46,24.0,13.0,0.51,9.74,36.0,46.0,0.0,0.0,"Islas-Jácome, A., Rentería-Gómez, A., Rentería-Gómez, M.A. and 3 more (...) (2016).Selective reaction route in the construction of the pyrrolo[3,4-b]pyridin-5-one core from a variety of 5-aminooxazoles and maleic anhydride. A DFT study. Tetrahedron Letters,57(31) 3496-3500",https://www.scopus.com/record/display.url?eid=2-s2.0-84979008526&origin=resultslist,10.1016/j.tetlet.2016.06.099,Article,,2-s2.0-84979008526,-,Universidad de Guanajuato| Universidad Autónoma Metropolitana,505020| 505017,Academic,2.0,60033291| 60028381,Universidad de Guanajuato| Universidad Autónoma Metropolitana -Unidad Iztapalapa,48161545400,7801607252,14621501700,-,Mexico,1.0,1303| 1605| 3002,Biochemistry| Organic Chemistry| Drug Discovery,4| 2| 5,Natural Sciences| Engineering & Technology| Life Sciences & Medicine,507| 249| 409| 537,Biological Sciences| Engineering - Petroleum| Chemistry| Pharmacy & Pharmacology,37| 34| 32,Physical Sciences| Medical and Health| Life Sciences,31| 34,Biological Sciences| Chemical Sciences,3405| 3404| 3101,Organic chemistry| Medicinal and biomolecular chemistry| Biochemistry and cell biology,-,Multicomponent Reactions in Antimicrobial and Anticancer Development,945,47.09,Innovative Multicomponent Reactions with Isocyanides,3597,91.969,Definitive,2016.0,13.0,N/A,"Islas-Jácome, A.| Rentería-Gómez, A.| Rentería-Gómez, M.A.| González-Zamora, E.| Jiménez-Halla, J.O.C.| Gámez-Montaño, R.",Universidad de Guanajuato| Universidad Autónoma Metropolitana,Mexico,0
55989686000,55989686000,"Synthesis of pyrrolo[3,4-b]pyridin-5-ones via multicomponent reactions and in vitro–in silico studies against SiHa, HeLa, and CaSki human cervical carcinoma cell lines","Segura-Olvera, D.| García-González, A.N.| Morales-Salazar, I.| Islas-Jácome, A.| Rojas-Aguirre, Y.| Ibarra, I.| Díaz-Cervantes, E.| Alcaraz-Estrada, S.L.| González-Zamora, E.",9.0,57203930200| 57201431883| 57210142617| 48161545400| 36696912900| 55000477500| 55856094600| 56047021500| 55989686000,2019.0,2019-07-22,Molecules,24,14,-,2648;,ISSN-14203049,26370.0,Journal,MDPI AG,English,1.15,23,4.1,29,0.698,22,2.0,51.0,13.0,0.25,12.12,34.0,62.0,0.0,0.0,"Segura-Olvera, D., García-González, A.N., Morales-Salazar, I. and 6 more (...) (2019).Synthesis of pyrrolo[3,4-b]pyridin-5-ones via multicomponent reactions and in vitro–in silico studies against SiHa, HeLa, and CaSki human cervical carcinoma cell lines. Molecules,24(14) ",https://www.scopus.com/record/display.url?eid=2-s2.0-85069678045&origin=resultslist,10.3390/molecules24142648,Article,Gold|Green,2-s2.0-85069678045,31336585,Universidad de Guanajuato| Universidad Autónoma Metropolitana| Universidad Nacional Autónoma de México,505020| 505017| 505023,Academic,3.0,60028381| 60032442| 60033291| 60001570| 60000123,Universidad Autónoma Metropolitana -Unidad Iztapalapa| Universidad Nacional Autónoma de México| Universidad de Guanajuato| Instituto de Seguridad y Servicios Sociales de los Trabajadores del Estado - ISSSTE| Hospital 20 de Noviembre,57203930200,55989686000,55856094600,-,Mexico,1.0,1313| 1601| 1602| 1605| 1606| 3002| 3003,Molecular Medicine| Chemistry (miscellaneous)| Analytical Chemistry| Organic Chemistry| Physical and Theoretical Chemistry| Drug Discovery| Pharmaceutical Science,4| 5| 2,Natural Sciences| Life Sciences & Medicine| Engineering & Technology,532| 537| 409| 249,Medicine| Pharmacy & Pharmacology| Chemistry| Engineering - Petroleum,34| 37| 32,Medical and Health| Physical Sciences| Life Sciences,34,Chemical Sciences,3404| 3405,Medicinal and biomolecular chemistry| Organic chemistry,SDG 3,Multicomponent Reactions in Antimicrobial and Anticancer Development,945,47.09,Innovative Multicomponent Reactions with Isocyanides,3597,91.969,Defensible,2019.0,13.0,N/A,"Segura-Olvera, D.| García-González, A.N.| Morales-Salazar, I.| Islas-Jácome, A.| Rojas-Aguirre, Y.| Ibarra, I.| Díaz-Cervantes, E.| Alcaraz-Estrada, S.L.| González-Zamora, E.",Universidad de Guanajuato| Universidad Autónoma Metropolitana| Universidad Nacional Autónoma de México,Mexico,0
55989686000,55989686000,Confined benzene within InOF-1: Contrasting CO2 and SO2 capture behaviours,"Barrios-Vargas, L.J.| Ruiz-Montoya, J.G.| Landeros-Rivera, B.| Álvarez, J.R.| Alvarado-Alvarado, D.| Vargas, R.| Martínez, A.| González-Zamora, E.| Cáceres, L.M.| Morales, J.C.| Ibarra, I.A.",11.0,57215543987| 56809410500| 57192995930| 56982347300| 57211347708| 55989742600| 7404025645| 55989686000| 57226648235| 57215544806| 55000477500,2020.0,2020-03-07,Dalton Transactions,49,9,2786-2793,-,ISSN-14779226,9500153949.0,Journal,Royal Society of Chemistry,English,0.86,41,6.7,14,0.98,16,3.58,92.0,13.0,0.61,11.42,34.0,41.0,0.0,0.0,"Barrios-Vargas, L.J., Ruiz-Montoya, J.G., Landeros-Rivera, B. and 8 more (...) (2020).Confined benzene within InOF-1: Contrasting CO2 and SO2 capture behaviours. Dalton Transactions,49(9) 2786-2793",https://www.scopus.com/record/display.url?eid=2-s2.0-85081137778&origin=resultslist,10.1039/c9dt04667d,Article,,2-s2.0-85081137778,32043501,"Universidad Autónoma Metropolitana| Universidad Nacional de Ingeniería, Peru| Universidad de Lima| Universidad Nacional Autónoma de México",505017| 701195| 701188| 505023,Academic,4.0,60032442| 60071255| 60028381| 60078115,"Universidad Nacional Autónoma de México| Universidad Nacional de Ingenieria, Lima| Universidad Autónoma Metropolitana -Unidad Iztapalapa| Universidad de Lima",57215543987,55000477500,55989742600,-,Mexico| Peru,2.0,1604,Inorganic Chemistry,4,Natural Sciences,409,Chemistry,37,Physical Sciences,34,Chemical Sciences,3402,Inorganic chemistry,SDG 13,Mesoporous Silica Materials for Advanced Applications,577,60.105,Fluid Behavior in Confined Porous Media,12137,79.333,Defensible,2020.0,13.0,N/A,"Barrios-Vargas, L.J.| Ruiz-Montoya, J.G.| Landeros-Rivera, B.| Álvarez, J.R.| Alvarado-Alvarado, D.| Vargas, R.| Martínez, A.| González-Zamora, E.| Cáceres, L.M.| Morales, J.C.| Ibarra, I.A.","Universidad Autónoma Metropolitana| Universidad Nacional de Ingeniería, Peru| Universidad de Lima| Universidad Nacional Autónoma de México",Mexico| Peru,0
55989686000,55989686000,MFM-300: From air pollution remediation to toxic gas detection,"Jurado-Vázquez, T.| Sánchez-González, E.| Campos-Reales-Pineda, A.E.| Islas-Jácome, A.| Lima, E.| González-Zamora, E.| Ibarra, I.A.",7.0,57191247913| 24172136000| 24281317500| 48161545400| 7103348371| 55989686000| 55000477500,2019.0,2019-01-01,Polyhedron,157,-,495-504,-,ISSN-02775387,25303.0,Journal,Elsevier Ltd,English,0.65,54,3.9,25,0.451,40,2.01,74.0,12.0,0.84,11.96,36.0,34.0,0.0,0.0,"Jurado-Vázquez, T., Sánchez-González, E., Campos-Reales-Pineda, A.E. and 4 more (...) (2019).MFM-300: From air pollution remediation to toxic gas detection. Polyhedron,157495-504",https://www.scopus.com/record/display.url?eid=2-s2.0-85055907288&origin=resultslist,10.1016/j.poly.2018.10.025,Article,,2-s2.0-85055907288,-,Benemerita Universidad Autonoma de Puebla| Universidad Autónoma Metropolitana| Universidad Nacional Autónoma de México,505001| 505017| 505023,Academic,3.0,60005971| 60032442| 60024830| 60028381,Instituto de Investigaciones en Materiales| Universidad Nacional Autónoma de México| Benemérita Universidad Autónoma de Puebla| Universidad Autónoma Metropolitana -Unidad Iztapalapa,57191247913,55000477500,55989686000,-,Mexico,1.0,1604| 1606| 2505,Inorganic Chemistry| Physical and Theoretical Chemistry| Materials Chemistry,4| 2,Natural Sciences| Engineering & Technology,433| 249| 409,Materials Science| Engineering - Petroleum| Chemistry,36| 37,Engineering| Physical Sciences,34,Chemical Sciences,3403| 3402,Macromolecular and materials chemistry| Inorganic chemistry,-,Metal-Organic Frameworks in Environmental Applications,99,98.496,Metal Organic Frameworks in Gas Storage Applications,74,99.688,Very Good,2019.0,12.0,N/A,"Jurado-Vázquez, T.| Sánchez-González, E.| Campos-Reales-Pineda, A.E.| Islas-Jácome, A.| Lima, E.| González-Zamora, E.| Ibarra, I.A.",Benemerita Universidad Autonoma de Puebla| Universidad Autónoma Metropolitana| Universidad Nacional Autónoma de México,Mexico,0
55989686000,55989686000,HKUST-1 as a heterogeneous catalyst for the synthesis of vanillin,"Yépez, R.| Illescas, J.F.| Gijón, P.| Sánchez-Sánchez, M.| González-Zamora, E.| Santillan, R.| Raziel Álvarez, J.| Ibarra, I.A.| Aguilar-Pliego, J.",9.0,35084708300| 47861182100| 57190422372| 15763667700| 55989686000| 35515968200| 56982347300| 55000477500| 56013754600,2016.0,2016-07-23,Journal of Visualized Experiments,2016,113,-,e54054,ISSN-1940087X,19900191993.0,Journal,Journal of Visualized Experiments,English,0.46,65,2.1,39,0.867,15,4.42,115.0,11.0,0.27,11.15,40.0,58.0,0.0,0.0,"Yépez, R., Illescas, J.F., Gijón, P. and 6 more (...) (2016).HKUST-1 as a heterogeneous catalyst for the synthesis of vanillin. Journal of Visualized Experiments,2016(113) ",https://www.scopus.com/record/display.url?eid=2-s2.0-84979895698&origin=resultslist,10.3791/54054,Article,,2-s2.0-84979895698,27501027,Universidad Autónoma Metropolitana| Universidad Nacional Autónoma de México,505017| 505023,Academic,2.0,60023193| 117075229| 60028381| 117075245| 60032442,Universidad Autónoma Metropolitana - Azcapotzalco| ICP-CSIC| Universidad Autónoma Metropolitana -Unidad Iztapalapa| Center of Investigation and Superior Studies (IPN| Universidad Nacional Autónoma de México,35084708300,56013754600,55000477500,-,Mexico,1.0,1300| 1500| 2400| 2800,"General Biochemistry,Genetics and Molecular Biology| General Chemical Engineering| General Immunology and Microbiology| General Neuroscience",5| 2,Life Sciences & Medicine| Engineering & Technology,507| 532| 219,Biological Sciences| Medicine| Engineering - Chemical,32| 36| 34,Life Sciences| Engineering| Medical and Health,31,Biological Sciences,3101,Biochemistry and cell biology,-,Metal-Organic Frameworks in Environmental Applications,99,98.496,Metal Organic Frameworks in Gas Storage Applications,74,99.688,Definitive,2016.0,11.0,N/A,"Yépez, R.| Illescas, J.F.| Gijón, P.| Sánchez-Sánchez, M.| González-Zamora, E.| Santillan, R.| Raziel Álvarez, J.| Ibarra, I.A.| Aguilar-Pliego, J.",Universidad Autónoma Metropolitana| Universidad Nacional Autónoma de México,Mexico,0
55989686000,55989686000,"Synthesis of bis-furyl-pyrrolo[3,4-b]pyridin-5-ones via Ugi-Zhu reaction and in vitro activity assays against human SARS-CoV-2 and in silico studies on its main proteins","Morales-Salazar, I.| Montes-Enríquez, F.P.| Garduño-Albino, C.E.| García-Sánchez, M.A.| Ibarra, I.A.| Rojas-Aguirre, Y.| García-Hernández, M.E.| Sarmiento-Silva, R.E.| Alcaraz-Estrada, S.L.| Díaz-Cervantes, E.| González-Zamora, E.| Islas-Jácome, A.",12.0,57210142617| 57995072300| 57994753200| 7005999404| 55000477500| 36696912900| 57190018498| 7006766335| 56047021500| 55856094600| 55989686000| 48161545400,2022.0,2022-11-18,RSC Medicinal Chemistry,14,1,154-165,-,ISSN-26328682,21100977423.0,Journal,Royal Society of Chemistry,English,1.11,25,7.5,16,0.866,12,1.15,22.0,11.0,0.84,11.93,28.0,34.0,0.0,0.0,"Morales-Salazar, I., Montes-Enríquez, F.P., Garduño-Albino, C.E. and 9 more (...) (2022).Synthesis of bis-furyl-pyrrolo[3,4-b]pyridin-5-ones via Ugi-Zhu reaction and in vitro activity assays against human SARS-CoV-2 and in silico studies on its main proteins. RSC Medicinal Chemistry,14(1) 154-165",https://www.scopus.com/record/display.url?eid=2-s2.0-85143434106&origin=resultslist,10.1039/d2md00350c,Article,Green,2-s2.0-85143434106,-,Universidad de Guanajuato| Universidad Autónoma Metropolitana| Universidad Nacional Autónoma de México,505020| 505017| 505023,Academic,3.0,60028381| 60005971| 60032442| 60022869| 60000123| 60001570| 60033291,"Universidad Autónoma Metropolitana -Unidad Iztapalapa| Instituto de Investigaciones en Materiales| Universidad Nacional Autónoma de México| Universidad Nacional Autónoma de México, Facultad de Medicina| Hospital 20 de Noviembre| Instituto de Seguridad y Servicios Sociales de los Trabajadores del Estado - ISSSTE| Universidad de Guanajuato",57210142617,48161545400,56047021500| 55856094600| 55989686000| 48161545400,-,Mexico,1.0,1303| 1313| 1605| 3002| 3003| 3004,Biochemistry| Molecular Medicine| Organic Chemistry| Drug Discovery| Pharmaceutical Science| Pharmacology,2| 4| 5,Engineering & Technology| Natural Sciences| Life Sciences & Medicine,409| 537| 532| 249| 507,Chemistry| Pharmacy & Pharmacology| Medicine| Engineering - Petroleum| Biological Sciences,32| 37| 34,Life Sciences| Physical Sciences| Medical and Health,34| 31| 32,Chemical Sciences| Biological Sciences| Biomedical And Clinical Sciences,3404| 3101| 3205,Medicinal and biomolecular chemistry| Biochemistry and cell biology| Medical biochemistry and metabolomics,SDG 3,Multicomponent Reactions in Antimicrobial and Anticancer Development,945,47.09,Innovative Multicomponent Reactions with Isocyanides,3597,91.969,Defensible,2022.0,11.0,N/A,"Morales-Salazar, I.| Montes-Enríquez, F.P.| Garduño-Albino, C.E.| García-Sánchez, M.A.| Ibarra, I.A.| Rojas-Aguirre, Y.| García-Hernández, M.E.| Sarmiento-Silva, R.E.| Alcaraz-Estrada, S.L.| Díaz-Cervantes, E.| González-Zamora, E.| Islas-Jácome, A.",Universidad de Guanajuato| Universidad Autónoma Metropolitana| Universidad Nacional Autónoma de México,Mexico,0
55989686000,55989686000,"Synthesis of Pyrrolo[3,4-b]pyridin-5-ones via Ugi–Zhu Reaction and In Vitro–In Silico Studies against Breast Carcinoma","Morales-Salazar, I.| Garduño-Albino, C.E.| Montes-Enríquez, F.P.| Nava-Tapia, D.A.| Navarro-Tito, N.| Herrera-Zúñiga, L.D.| González-Zamora, E.| Islas-Jácome, A.",8.0,57210142617| 57994753200| 57995072300| 57369396600| 24923529100| 57204576896| 55989686000| 48161545400,2023.0,2023-11-01,Pharmaceuticals,16,11,-,1562,ISSN-14248247,17700156714.0,Journal,Multidisciplinary Digital Publishing Institute (MDPI),English,0.97,29,6.1,31,0.845,17,1.19,23.0,10.0,1.01,9.86,23.0,29.0,0.0,0.0,"Morales-Salazar, I., Garduño-Albino, C.E., Montes-Enríquez, F.P. and 5 more (...) (2023).Synthesis of Pyrrolo[3,4-b]pyridin-5-ones via Ugi–Zhu Reaction and In Vitro–In Silico Studies against Breast Carcinoma. Pharmaceuticals,16(11) ",https://www.scopus.com/record/display.url?eid=2-s2.0-85178351471&origin=resultslist,10.3390/ph16111562,Article,Gold|Green,2-s2.0-85178351471,-,Universidad Autónoma Metropolitana| Universidad Autónoma de Guerrero,505017| 714299,Academic,2.0,60028381| 60022139,Universidad Autónoma Metropolitana -Unidad Iztapalapa| Universidad Autónoma de Guerrero,57210142617,48161545400,24923529100| 57204576896| 48161545400,-,Mexico,1.0,1313| 3002| 3003,Molecular Medicine| Drug Discovery| Pharmaceutical Science,5,Life Sciences & Medicine,537| 532,Pharmacy & Pharmacology| Medicine,34| 32,Medical and Health| Life Sciences,32,Biomedical And Clinical Sciences,3214,Pharmacology and pharmaceutical sciences,SDG 3,Innovative Approaches in Drug Discovery and Protein Structure,210,95.029,Molecular Docking and Virtual Screening Innovations,1675,99.228,Definitive,2023.0,10.0,N/A,"Morales-Salazar, I.| Garduño-Albino, C.E.| Montes-Enríquez, F.P.| Nava-Tapia, D.A.| Navarro-Tito, N.| Herrera-Zúñiga, L.D.| González-Zamora, E.| Islas-Jácome, A.",Universidad Autónoma Metropolitana| Universidad Autónoma de Guerrero,Mexico,0
55989686000,55989686000,"Synthesis of polyheterocyclic pyrrolo[3,4-b]pyridin-5-ones via a one-pot (Ugi-3CR/aza diels-alder/N-acylation/aromatization/SN2) process. A suitable alternative towards novel Aza-analogues of falipamil","Zamudio-Medina, A.| García-González, A.N.| Herrera-Carrillo, G.K.| Zárate-Zárate, D.| Benavides-Macías, A.| Tamariz, J.| Ibarra, I.A.| Islas-Jácome, A.| González-Zamora, E.",9.0,36188956400| 57201431883| 57201434839| 56728799400| 7004263190| 7003851509| 55000477500| 48161545400| 55989686000,2018.0,2018-01-01,Molecules,23,4,-,763,ISSN-14203049,26370.0,Journal,MDPI AG,English,1.23,20,4.1,22,0.757,19,1.0,34.0,10.0,0.35,11.45,41.0,55.0,0.0,0.0,"Zamudio-Medina, A., García-González, A.N., Herrera-Carrillo, G.K. and 6 more (...) (2018).Synthesis of polyheterocyclic pyrrolo[3,4-b]pyridin-5-ones via a one-pot (Ugi-3CR/aza diels-alder/N-acylation/aromatization/SN2) process. A suitable alternative towards novel Aza-analogues of falipamil. Molecules,23(4) ",https://www.scopus.com/record/display.url?eid=2-s2.0-85044733474&origin=resultslist,10.3390/molecules23040763,Article,Gold|Green,2-s2.0-85044733474,29584639,Universidad Autónoma Metropolitana| Instituto Politécnico Nacional| Universidad Nacional Autónoma de México,505017| 505011| 505023,Academic,3.0,60019176| 60028381| 60032442,Instituto Politécnico Nacional| Universidad Autónoma Metropolitana -Unidad Iztapalapa| Universidad Nacional Autónoma de México,36188956400,55989686000,55000477500,-,Mexico,1.0,1313| 1601| 1602| 1605| 1606| 3002| 3003,Molecular Medicine| Chemistry (miscellaneous)| Analytical Chemistry| Organic Chemistry| Physical and Theoretical Chemistry| Drug Discovery| Pharmaceutical Science,4| 2| 5,Natural Sciences| Engineering & Technology| Life Sciences & Medicine,409| 532| 249| 537,Chemistry| Medicine| Engineering - Petroleum| Pharmacy & Pharmacology,34| 32| 37,Medical and Health| Life Sciences| Physical Sciences,34,Chemical Sciences,3404| 3405,Medicinal and biomolecular chemistry| Organic chemistry,-,Multicomponent Reactions in Antimicrobial and Anticancer Development,945,47.09,Innovative Multicomponent Reactions with Isocyanides,3597,91.969,Very Good,2018.0,10.0,N/A,"Zamudio-Medina, A.| García-González, A.N.| Herrera-Carrillo, G.K.| Zárate-Zárate, D.| Benavides-Macías, A.| Tamariz, J.| Ibarra, I.A.| Islas-Jácome, A.| González-Zamora, E.",Universidad Autónoma Metropolitana| Instituto Politécnico Nacional| Universidad Nacional Autónoma de México,Mexico,0
55989686000,55989686000,SO2 Capture at Low Pressure in a Prototypical MIL-53 Aluminum MOF Family: The Influence of Pore Expansion,"López-Olvera, A.| Zárate, J.A.| Obeso, J.L.| Sánchez-González, E.| de los Reyes, J.A.| Peralta, R.A.| González-Zamora, E.| Ibarra, I.A.",8.0,57192953714| 57207870668| 57580822200| 24172136000| 6701672264| 56879898700| 55989686000| 55000477500,2023.0,2023-12-25,Inorganic Chemistry,62,51,20901-20905,-,ISSN-00201669,25264.0,Journal,American Chemical Society,English,0.89,34,7.6,15,0.928,11,2.33,37.0,8.0,0.85,9.42,28.0,34.0,0.0,0.0,"López-Olvera, A., Zárate, J.A., Obeso, J.L. and 5 more (...) (2023).SO2 Capture at Low Pressure in a Prototypical MIL-53 Aluminum MOF Family: The Influence of Pore Expansion. Inorganic Chemistry,62(51) 20901-20905",https://www.scopus.com/record/display.url?eid=2-s2.0-85180071808&origin=resultslist,10.1021/acs.inorgchem.3c03179,Article,,2-s2.0-85180071808,38085262,Universidad Autónoma Metropolitana| Instituto Politécnico Nacional| Universidad Nacional Autónoma de México| Stockholm University,505017| 505011| 505023| 332014,Academic,4.0,60032442| 60005971| 60028381| 60019176| 60028378,Universidad Nacional Autónoma de México| Instituto de Investigaciones en Materiales| Universidad Autónoma Metropolitana -Unidad Iztapalapa| Instituto Politécnico Nacional| Stockholms universitet,57192953714,55000477500,57192953714| 55989686000| 55000477500,-,Mexico| Sweden,2.0,1604| 1606,Inorganic Chemistry| Physical and Theoretical Chemistry,2| 4,Engineering & Technology| Natural Sciences,409| 249,Chemistry| Engineering - Petroleum,37,Physical Sciences,34,Chemical Sciences,3403| 3402,Macromolecular and materials chemistry| Inorganic chemistry,-,Metal-Organic Frameworks in Environmental Applications,99,98.496,Tailored MOFs for Selective Gas Adsorption,19124,99.42,Definitive,2023.0,8.0,N/A,"López-Olvera, A.| Zárate, J.A.| Obeso, J.L.| Sánchez-González, E.| de los Reyes, J.A.| Peralta, R.A.| González-Zamora, E.| Ibarra, I.A.",Universidad Autónoma Metropolitana| Instituto Politécnico Nacional| Universidad Nacional Autónoma de México| Stockholm University,Mexico| Sweden,0
55989686000,55989686000,UTSA-16(Zn) for SO2 detection: elucidating the fluorescence mechanism,"López-Cervantes, V.B.| Martínez, M.L.| Obeso, J.L.| García-Carvajal, C.| Portillo-Vélez, N.S.| Guzmán-Vargas, A.| Peralta, R.A.| González-Zamora, E.| Ibarra, I.A.| Solis-Ibarra, D.| Woodliffe, J.L.| Amador-Sánchez, Y.A.",12.0,57203690559| 59472870900| 57580822200| 57205668106| 55777159700| 6507649596| 56879898700| 55989686000| 55000477500| 35099497400| 57219378847| 56010091300,2024.0,2024-12-04,Dalton Transactions,54,4,1646-1654,-,ISSN-14779226,9500153949.0,Journal,Royal Society of Chemistry,English,0.69,49,6,36,0.653,28,2.8,30.0,7.0,1.17,6.01,21.0,25.0,0.0,0.0,"López-Cervantes, V.B., Martínez, M.L., Obeso, J.L. and 9 more (...) (2024).UTSA-16(Zn) for SO2 detection: elucidating the fluorescence mechanism. Dalton Transactions,54(4) 1646-1654",https://www.scopus.com/record/display.url?eid=2-s2.0-85212125876&origin=resultslist,10.1039/d4dt02852j,Article,Green,2-s2.0-85212125876,39665278,"Tecnológico Nacional de México, Mexico City| Consejo Nacional de Investigaciones Científicas y Técnicas| Universidad Autónoma Metropolitana| Universidad Nacional de San Luis| University of Nottingham| Instituto Politécnico Nacional| Universidad Nacional Autónoma de México",719128| 601002| 505017| 601010| 315090| 505011| 505023,Academic| Government,7.0,60005971| 60032442| 60019176| 60134870| 60002218| 60004518| 60028381| 60015138,Instituto de Investigaciones en Materiales| Universidad Nacional Autónoma de México| Instituto Politécnico Nacional| Tecnológico Nacional de México| Universidad Nacional de San Luis| Consejo Nacional de Investigaciones Científicas y Técnicas| Universidad Autónoma Metropolitana -Unidad Iztapalapa| University of Nottingham,57203690559,56010091300,35099497400| 57219378847| 56010091300,-,United Kingdom| Mexico| Argentina,3.0,1604,Inorganic Chemistry,4,Natural Sciences,409,Chemistry,37,Physical Sciences,34,Chemical Sciences,3402,Inorganic chemistry,-,Metal-Organic Frameworks in Environmental Applications,99,98.496,Metal Organic Frameworks in Gas Storage Applications,74,99.688,Definitive,2024.0,7.0,N/A,"López-Cervantes, V.B.| Martínez, M.L.| Obeso, J.L.| García-Carvajal, C.| Portillo-Vélez, N.S.| Guzmán-Vargas, A.| Peralta, R.A.| González-Zamora, E.| Ibarra, I.A.| Solis-Ibarra, D.| Woodliffe, J.L.| Amador-Sánchez, Y.A.","Tecnológico Nacional de México, Mexico City| Consejo Nacional de Investigaciones Científicas y Técnicas| Universidad Autónoma Metropolitana| Universidad Nacional de San Luis| University of Nottingham| Instituto Politécnico Nacional| Universidad Nacional Autónoma de México",United Kingdom| Mexico| Argentina,0
55989686000,55989686000,SO2 capture enhancement due to confined methanol within MIL-53(Al)-TDC,"Zárate, J.A.| González-Zamora, E.| Ibarra, I.A.| Díaz, G.",4.0,56432561800| 55989686000| 55000477500| 7201671446,2022.0,2022-11-24,Dalton Transactions,52,1,16-19,-,ISSN-14779226,9500153949.0,Journal,Royal Society of Chemistry,English,0.8,42,7.1,17,0.79,16,1.68,32.0,5.0,0.36,11.0,46.0,57.0,0.0,0.0,"Zárate, J.A., González-Zamora, E., Ibarra, I.A. and 1 more (...) (2022).SO2 capture enhancement due to confined methanol within MIL-53(Al)-TDC. Dalton Transactions,52(1) 16-19",https://www.scopus.com/record/display.url?eid=2-s2.0-85143964948&origin=resultslist,10.1039/d2dt03105a,Article,,2-s2.0-85143964948,36472152,Universidad Autónoma Metropolitana| Universidad Nacional Autónoma de México,505017| 505023,Academic,2.0,60032442| 60028381| 60005971,Universidad Nacional Autónoma de México| Universidad Autónoma Metropolitana -Unidad Iztapalapa| Instituto de Investigaciones en Materiales,56432561800,7201671446,55000477500| 7201671446,-,Mexico,1.0,1604,Inorganic Chemistry,4,Natural Sciences,409,Chemistry,37,Physical Sciences,34,Chemical Sciences,3402,Inorganic chemistry,-,Metal-Organic Frameworks in Environmental Applications,99,98.496,Tailored MOFs for Selective Gas Adsorption,19124,99.42,Defensible,2022.0,5.0,N/A,"Zárate, J.A.| González-Zamora, E.| Ibarra, I.A.| Díaz, G.",Universidad Autónoma Metropolitana| Universidad Nacional Autónoma de México,Mexico,0
55989686000,55989686000,Understanding the Mechanism of Amorphization for Co-URJC-5,"López-Olvera, A.| Montes-Andrés, H.| Martínez-Ahumada, E.| López-Cervantes, V.B.| Martínez-Serrano, R.D.| González-Zamora, E.| Martínez, A.| Leo, P.| Martos, C.| Ibarra, I.A.| Orcajo, G.",11.0,57192953714| 57201822069| 57212137584| 57203690559| 57218370482| 55989686000| 7404025645| 56155468100| 36796898700| 55000477500| 55566230900,2021.0,2021-11-22,European Journal of Inorganic Chemistry,2021,43,4458-4462,-,ISSN-14341948,25256.0,Journal,John Wiley and Sons Inc,English,0.59,58,4.3,39,0.553,35,1.5,37.0,4.0,0.18,10.87,55.0,68.0,0.0,0.0,"López-Olvera, A., Montes-Andrés, H., Martínez-Ahumada, E. and 8 more (...) (2021).Understanding the Mechanism of Amorphization for Co-URJC-5. European Journal of Inorganic Chemistry,2021(43) 4458-4462",https://www.scopus.com/record/display.url?eid=2-s2.0-85118195423&origin=resultslist,10.1002/ejic.202100664,Article,,2-s2.0-85118195423,-,Universidad Rey Juan Carlos| Universidad Autónoma Metropolitana| Universidad Nacional Autónoma de México,312044| 505017| 505023,Academic,3.0,60005971| 60032442| 60018940| 60028381| 60005847,"Instituto de Investigaciones en Materiales| Universidad Nacional Autónoma de México| Universidad Rey Juan Carlos| Universidad Autónoma Metropolitana -Unidad Iztapalapa| Universidad Nacional Autónoma de México, Facultad de Quimica",57192953714,55566230900,7404025645| 55000477500| 55566230900,-,Mexico| Spain,2.0,1604,Inorganic Chemistry,4,Natural Sciences,409,Chemistry,37,Physical Sciences,34,Chemical Sciences,3402,Inorganic chemistry,-,Metal-Organic Frameworks in Environmental Applications,99,98.496,Metal-Organic Framework Glasses for Advanced Applications,90523,95.23,Defensible,2021.0,4.0,N/A,"López-Olvera, A.| Montes-Andrés, H.| Martínez-Ahumada, E.| López-Cervantes, V.B.| Martínez-Serrano, R.D.| González-Zamora, E.| Martínez, A.| Leo, P.| Martos, C.| Ibarra, I.A.| Orcajo, G.",Universidad Rey Juan Carlos| Universidad Autónoma Metropolitana| Universidad Nacional Autónoma de México,Mexico| Spain,0
55989686000,55989686000,"Synthesis of new 5-aryl-benzo[f][1,7]naphthyridines via a cascade process (Ugi-3CR/intramolecular aza-diels-alder cycloaddition)/aromatization","Vázquez-Vera, Ó.| Segura-Olvera, D.| Rincón-Guevara, M.A.| Gutiérrez-Carrillo, A.| García-Sánchez, M.A.| Ibarra, I.A.| Lomas-Romero, L.| Islas-Jácome, A.| González-Zamora, E.",9.0,57193614626| 57203930200| 57193608846| 6505811955| 7005999404| 55000477500| 55138289300| 48161545400| 55989686000,2018.0,2018-08-14,Molecules,23,8,-,2029,ISSN-14203049,26370.0,Journal,MDPI AG,English,1.23,20,4.1,22,0.757,19,1.48,46.0,4.0,0.09,11.45,58.0,72.0,0.0,0.0,"Vázquez-Vera, Ó., Segura-Olvera, D., Rincón-Guevara, M.A. and 6 more (...) (2018).Synthesis of new 5-aryl-benzo[f][1,7]naphthyridines via a cascade process (Ugi-3CR/intramolecular aza-diels-alder cycloaddition)/aromatization. Molecules,23(8) ",https://www.scopus.com/record/display.url?eid=2-s2.0-85053617253&origin=resultslist,10.3390/molecules23082029,Article,Gold|Green,2-s2.0-85053617253,30110915,Universidad Autónoma Metropolitana| Instituto Politécnico Nacional| Universidad Nacional Autónoma de México,505017| 505011| 505023,Academic,3.0,60019176| 60028381| 60032442,Instituto Politécnico Nacional| Universidad Autónoma Metropolitana -Unidad Iztapalapa| Universidad Nacional Autónoma de México,57193614626,55989686000,55138289300,-,Mexico,1.0,1313| 1601| 1602| 1605| 1606| 3002| 3003,Molecular Medicine| Chemistry (miscellaneous)| Analytical Chemistry| Organic Chemistry| Physical and Theoretical Chemistry| Drug Discovery| Pharmaceutical Science,4| 2| 5,Natural Sciences| Engineering & Technology| Life Sciences & Medicine,537| 409| 249| 532,Pharmacy & Pharmacology| Chemistry| Engineering - Petroleum| Medicine,37| 34| 32,Physical Sciences| Medical and Health| Life Sciences,34,Chemical Sciences,3405| 3404,Organic chemistry| Medicinal and biomolecular chemistry,-,Multicomponent Reactions in Antimicrobial and Anticancer Development,945,47.09,Innovative Multicomponent Reactions with Isocyanides,3597,91.969,Very Good,2018.0,4.0,N/A,"Vázquez-Vera, Ó.| Segura-Olvera, D.| Rincón-Guevara, M.A.| Gutiérrez-Carrillo, A.| García-Sánchez, M.A.| Ibarra, I.A.| Lomas-Romero, L.| Islas-Jácome, A.| González-Zamora, E.",Universidad Autónoma Metropolitana| Instituto Politécnico Nacional| Universidad Nacional Autónoma de México,Mexico,0
55989686000,55989686000,Bottleneck effect explained by Le Bail Refinements: Structure transformation of Mg-CUK-1 by confining H2O molecules,"Sánchez-González, E.| Flores, J.G.| Flores-Reyes, J.C.| Morales-Salazar, I.| Blanco-Carapia, R.E.| Rincón-Guevara, M.A.| Islas-Jácome, A.| González-Zamora, E.| Aguilar-Pliego, J.| Ibarra, I.A.",10.0,24172136000| 57206442858| 57216764833| 57210142617| 57216765986| 57193608846| 48161545400| 55989686000| 56013754600| 55000477500,2020.0,2020-04-01,Materials,13,8,-,1840,ISSN-19961944,76627.0,Journal,MDPI AG,English,1.26,20,4.2,33,0.682,31,1.23,34.0,3.0,0.14,14.16,62.0,70.0,0.0,0.0,"Sánchez-González, E., Flores, J.G., Flores-Reyes, J.C. and 7 more (...) (2020).Bottleneck effect explained by Le Bail Refinements: Structure transformation of Mg-CUK-1 by confining H2O molecules. Materials,13(8) ",https://www.scopus.com/record/display.url?eid=2-s2.0-85084591814&origin=resultslist,10.3390/MA13081840,Article,Gold|Green,2-s2.0-85084591814,-,CSIC| Kyoto University| CSIC - Institute of Catalysis and Petrochemistry| Universidad Autónoma Metropolitana| Universidad Nacional Autónoma de México,312004| 208081| 715433| 505017| 505023,Government| Academic,5.0,60032442| 60011001| 60119339| 60023193| 60006754| 60021246| 60028381,Universidad Nacional Autónoma de México| Kyoto University| Institute for Integrated Cell-Material Sciences| Universidad Autónoma Metropolitana - Azcapotzalco| Consejo Superior de Investigaciones Científicas| CSIC - Instituto de Catálisis y Petroleoquímica (ICP)| Universidad Autónoma Metropolitana -Unidad Iztapalapa,24172136000,55000477500,55989686000,-,Mexico| Spain| Japan,3.0,2500| 3104,General Materials Science| Condensed Matter Physics,2| 4,Engineering & Technology| Natural Sciences,433| 439,Materials Science| Physics & Astronomy,37| 36,Physical Sciences| Engineering,34| 40,Chemical Sciences| Engineering,-,-,SDG 13,Metal-Organic Frameworks in Environmental Applications,99,98.496,Metal Organic Frameworks in Gas Storage Applications,74,99.688,Definitive,2020.0,3.0,N/A,"Sánchez-González, E.| Flores, J.G.| Flores-Reyes, J.C.| Morales-Salazar, I.| Blanco-Carapia, R.E.| Rincón-Guevara, M.A.| Islas-Jácome, A.| González-Zamora, E.| Aguilar-Pliego, J.| Ibarra, I.A.",CSIC| Kyoto University| CSIC - Institute of Catalysis and Petrochemistry| Universidad Autónoma Metropolitana| Universidad Nacional Autónoma de México,Mexico| Spain| Japan,0
55989686000,55989686000,"In Vitro and In Silico Studies of Bis-furyl-pyrrolo[3,4-b]pyridin-5-ones on Dengue Virus","Morales-Salazar, I.| Garduño-Albino, C.E.| Montes-Enríquez, F.P.| Carrillo, A.G.| Rojas-Aguirre, Y.| Estrada-Toledo, N.V.| Sandoval-Basilio, J.| Alcaraz-Estrada, S.L.| Díaz-Cervantes, E.| González-Zamora, E.| Jácome, A.I.",11.0,57210142617| 57994753200| 57995072300| 58804388000| 36696912900| 58804614300| 57190870779| 56047021500| 55856094600| 55989686000| 48161545400,2024.0,2024-01-01,Journal of the Mexican Chemical Society,68,1,170-183,-,ISSN-1870249X,19700174729.0,Journal,Sociedad Quimica de Mexico A.C.,English,0.33,77,2.1,64,0.221,73,1.51,22.0,3.0,0.28,10.89,38.0,58.0,0.0,0.0,"Morales-Salazar, I., Garduño-Albino, C.E., Montes-Enríquez, F.P. and 8 more (...) (2024).In Vitro and In Silico Studies of Bis-furyl-pyrrolo[3,4-b]pyridin-5-ones on Dengue Virus. Journal of the Mexican Chemical Society,68(1) 170-183",https://www.scopus.com/record/display.url?eid=2-s2.0-85181969882&origin=resultslist,10.29356/jmcs.v68i1.2103,Article,Gold,2-s2.0-85181969882,-,Universidad de Guanajuato| Universidad Autónoma Metropolitana| Universidad Nacional Autónoma de México,505020| 505017| 505023,Academic,3.0,60028381| 60005971| 60032442| 60367548| 129089068| 60000123| 60001570| 60033291,Universidad Autónoma Metropolitana -Unidad Iztapalapa| Instituto de Investigaciones en Materiales| Universidad Nacional Autónoma de México| Health Pharma Professional Research S.A de C.V.| Universidad Hipócrates| Hospital 20 de Noviembre| Instituto de Seguridad y Servicios Sociales de los Trabajadores del Estado - ISSSTE| Universidad de Guanajuato,57210142617,48161545400,56047021500| 55856094600| 55989686000| 48161545400,-,Mexico,1.0,1600,General Chemistry,4,Natural Sciences,409,Chemistry,37,Physical Sciences,34,Chemical Sciences,3404| 3405| 3406,Medicinal and biomolecular chemistry| Organic chemistry| Physical chemistry,SDG 3,Dengue and Zika Virus Dynamics in Public Health,343,76.717,Dengue Virus Mechanisms and Therapeutic Innovations,7514,95.354,Definitive,2024.0,3.0,N/A,"Morales-Salazar, I.| Garduño-Albino, C.E.| Montes-Enríquez, F.P.| Carrillo, A.G.| Rojas-Aguirre, Y.| Estrada-Toledo, N.V.| Sandoval-Basilio, J.| Alcaraz-Estrada, S.L.| Díaz-Cervantes, E.| González-Zamora, E.| Jácome, A.I.",Universidad de Guanajuato| Universidad Autónoma Metropolitana| Universidad Nacional Autónoma de México,Mexico,0
55989686000,55989686000,"Multicomponent synthesis and photophysical properties of meso-thienyl BODIPY-pyrrolo[3,4-b]pyridin-5-ones. An experimental and theoretical study","Flores-Reyes, J.C.| Rojas-Montoya, S.M.| Blancarte-Carrazco, L.| Xochitiotzi-Flores, E.| Guarin, C.A.| Farfán, N.| Galano, A.| Islas-Jácome, A.| González-Zamora, E.",9.0,57216764833| 57192025521| 59145951000| 56650905000| 45961322600| 7003791879| 55995932900| 48161545400| 55989686000,2024.0,2024-09-01,Journal of Luminescence,273,-,-,120698,ISSN-00222313,12179.0,Journal,Elsevier B.V.,English,0.89,36,7,17,0.585,35,3.28,40.0,2.0,0.29,6.94,45.0,58.0,0.0,0.0,"Flores-Reyes, J.C., Rojas-Montoya, S.M., Blancarte-Carrazco, L. and 6 more (...) (2024).Multicomponent synthesis and photophysical properties of meso-thienyl BODIPY-pyrrolo[3,4-b]pyridin-5-ones. An experimental and theoretical study. Journal of Luminescence,273",https://www.scopus.com/record/display.url?eid=2-s2.0-85194314064&origin=resultslist,10.1016/j.jlumin.2024.120698,Article,,2-s2.0-85194314064,-,Consejo Nacional de Ciencia y Tecnologia Mexico| Universidad Autónoma Metropolitana| Universidad Nacional Autónoma de México,704696| 505017| 505023,Academic| Government,3.0,60028381| 60032442| 60027998,"Universidad Autónoma Metropolitana -Unidad Iztapalapa| Universidad Nacional Autónoma de México| Secretaría de Ciencia, Humanidades, Tecnología e Innovación",57216764833,55989686000,7003791879| 55995932900| 55989686000,-,Mexico,1.0,1303| 1304| 1600| 3104| 3107,"Biochemistry| Biophysics| General Chemistry| Condensed Matter Physics| Atomic and Molecular Physics, and Optics",4| 5,Natural Sciences| Life Sciences & Medicine,507| 439| 409,Biological Sciences| Physics & Astronomy| Chemistry,37| 32,Physical Sciences| Life Sciences,34,Chemical Sciences,3402,Inorganic chemistry,-,Porphyrin and Phthalocyanine Complexes in Catalysis,870,28.058,BODIPY Compounds in Fluorescent Applications and Properties,3761,97.646,Definitive,2024.0,2.0,N/A,"Flores-Reyes, J.C.| Rojas-Montoya, S.M.| Blancarte-Carrazco, L.| Xochitiotzi-Flores, E.| Guarin, C.A.| Farfán, N.| Galano, A.| Islas-Jácome, A.| González-Zamora, E.",Consejo Nacional de Ciencia y Tecnologia Mexico| Universidad Autónoma Metropolitana| Universidad Nacional Autónoma de México,Mexico,0
55989686000,55989686000,"Synthesis of BODIPY-pyrrolo[3,4-b]pyridin-5-ones via Ugi-Zhu/cascade reactions and studies of fluorescence response toward viscosity","Flores-Reyes, J.C.| Galano, A.| Rojas-Montoya, S.M.| Blancarte-Carrazco, L.| Xochitiotzi-Flores, E.| García-Ortega, H.| Farfán, N.| Islas-Jácome, A.| González-Zamora, E.",9.0,57216764833| 55995932900| 57192025521| 59145951000| 56650905000| 6507347515| 7003791879| 48161545400| 55989686000,2024.0,2024-01-01,Frontiers in Chemistry,12,-,-,1488933,ISSN-22962646,21100461983.0,Journal,Frontiers Media SA,English,0.89,36,8.4,18,0.83,25,1.44,21.0,2.0,0.18,10.89,45.0,65.0,0.0,0.0,"Flores-Reyes, J.C., Galano, A., Rojas-Montoya, S.M. and 6 more (...) (2024).Synthesis of BODIPY-pyrrolo[3,4-b]pyridin-5-ones via Ugi-Zhu/cascade reactions and studies of fluorescence response toward viscosity. Frontiers in Chemistry,12",https://www.scopus.com/record/display.url?eid=2-s2.0-85208649621&origin=resultslist,10.3389/fchem.2024.1488933,Article,Gold|Green,2-s2.0-85208649621,-,Universidad Autónoma Metropolitana| Universidad Nacional Autónoma de México,505017| 505023,Academic,2.0,60028381| 60005847| 60032442,"Universidad Autónoma Metropolitana -Unidad Iztapalapa| Universidad Nacional Autónoma de México, Facultad de Quimica| Universidad Nacional Autónoma de México",57216764833,55989686000,7003791879| 48161545400| 55989686000,-,Mexico,1.0,1600,General Chemistry,4,Natural Sciences,409,Chemistry,37,Physical Sciences,34,Chemical Sciences,-,-,-,Porphyrin and Phthalocyanine Complexes in Catalysis,870,28.058,BODIPY Compounds in Fluorescent Applications and Properties,3761,97.646,Definitive,2024.0,2.0,N/A,"Flores-Reyes, J.C.| Galano, A.| Rojas-Montoya, S.M.| Blancarte-Carrazco, L.| Xochitiotzi-Flores, E.| García-Ortega, H.| Farfán, N.| Islas-Jácome, A.| González-Zamora, E.",Universidad Autónoma Metropolitana| Universidad Nacional Autónoma de México,Mexico,0
55989686000,55989686000,"Synthesis of New Polyheterocyclic Pyrrolo[3,4-b]pyridin-5-ones via an Ugi-Zhu/Cascade/Click Strategy","Blanco-Carapia, R.E.| Aguilar-Rangel, E.A.| Rincón-Guevara, M.A.| Islas-Jácome, A.| González-Zamora, E.",5.0,57216765986| 57904154400| 57193608846| 48161545400| 55989686000,2023.0,2023-05-01,Molecules,28,10,-,4087,ISSN-14203049,26370.0,Journal,MDPI,English,1.06,24,7.4,17,0.744,24,1.18,22.0,2.0,0.19,10.44,56.0,67.0,0.0,0.0,"Blanco-Carapia, R.E., Aguilar-Rangel, E.A., Rincón-Guevara, M.A. and 2 more (...) (2023).Synthesis of New Polyheterocyclic Pyrrolo[3,4-b]pyridin-5-ones via an Ugi-Zhu/Cascade/Click Strategy. Molecules,28(10) ",https://www.scopus.com/record/display.url?eid=2-s2.0-85160377754&origin=resultslist,10.3390/molecules28104087,Article,Gold|Green,2-s2.0-85160377754,37241828,Universidad Autónoma Metropolitana,505017,Academic,1.0,60028381,Universidad Autónoma Metropolitana -Unidad Iztapalapa,57216765986,55989686000,48161545400| 55989686000,-,Mexico,1.0,1313| 1601| 1602| 1605| 1606| 3002| 3003,Molecular Medicine| Chemistry (miscellaneous)| Analytical Chemistry| Organic Chemistry| Physical and Theoretical Chemistry| Drug Discovery| Pharmaceutical Science,5| 4| 2,Life Sciences & Medicine| Natural Sciences| Engineering & Technology,249| 409| 532| 537,Engineering - Petroleum| Chemistry| Medicine| Pharmacy & Pharmacology,32| 37| 34,Life Sciences| Physical Sciences| Medical and Health,34,Chemical Sciences,3405| 3404,Organic chemistry| Medicinal and biomolecular chemistry,-,Quantum Chemistry and Molecular Interaction Insights,8,83.453,Tetrazole Compounds as Versatile Catalysts and Therapeutics,11102,90.345,Definitive,2023.0,2.0,N/A,"Blanco-Carapia, R.E.| Aguilar-Rangel, E.A.| Rincón-Guevara, M.A.| Islas-Jácome, A.| González-Zamora, E.",Universidad Autónoma Metropolitana,Mexico,0
55989686000,55989686000,"2-Benzyl-7-(4-chlorophenyl)-3-morpholino-6-((1-phenyl-1H-1,2,3-triazol-4-yl)methyl)-6,7-dihydro-5H-pyrrolo[3,4-b]pyridin-5-one","Islas-Jácome, P.| García-Falcón, C.| Castañón-Alonso, S.L.| Calderón-Jaimes, E.| Canseco-González, D.| Islas-Jácome, A.| González-Zamora, E.",7.0,58625759200| 58625896500| 36500729200| 7004312695| 7801376407| 48161545400| 55989686000,2023.0,2023-09-01,MolBank,2023,3,-,M1693,ISSN-14228599,12100155516.0,Journal,Multidisciplinary Digital Publishing Institute (MDPI),English,0.2,86,0.7,91,0.15,93,0.72,13.0,1.0,0.09,10.58,65.0,74.0,0.0,0.0,"Islas-Jácome, P., García-Falcón, C., Castañón-Alonso, S.L. and 4 more (...) (2023).2-Benzyl-7-(4-chlorophenyl)-3-morpholino-6-((1-phenyl-1H-1,2,3-triazol-4-yl)methyl)-6,7-dihydro-5H-pyrrolo[3,4-b]pyridin-5-one. MolBank,2023(3) ",https://www.scopus.com/record/display.url?eid=2-s2.0-85172808544&origin=resultslist,10.3390/M1693,Article,Gold|Green,2-s2.0-85172808544,-,Consejo Nacional de Ciencia y Tecnologia Mexico| Universidad Autónoma Metropolitana| Hospital Infantil de Mexico Federico Gomez| Universidad Autonoma Chapingo,704696| 505017| 505033| 505047,Medical| Government| Academic,4.0,60028381| 60000328| 60010597| 60027998,"Universidad Autónoma Metropolitana -Unidad Iztapalapa| Hospital Infantil de México Federico Gómez| Universidad Autónoma Chapingo| Secretaría de Ciencia, Humanidades, Tecnología e Innovación",58625759200,55989686000,7801376407| 48161545400| 55989686000,-,Mexico,1.0,1303| 1605| 1606,Biochemistry| Organic Chemistry| Physical and Theoretical Chemistry,5| 4| 2,Life Sciences & Medicine| Natural Sciences| Engineering & Technology,249| 507| 409,Engineering - Petroleum| Biological Sciences| Chemistry,32| 37,Life Sciences| Physical Sciences,34,Chemical Sciences,3404| 3401,Medicinal and biomolecular chemistry| Analytical chemistry,-,Multicomponent Reactions in Antimicrobial and Anticancer Development,945,47.09,Innovative Multicomponent Reactions with Isocyanides,3597,91.969,Definitive,2023.0,1.0,N/A,"Islas-Jácome, P.| García-Falcón, C.| Castañón-Alonso, S.L.| Calderón-Jaimes, E.| Canseco-González, D.| Islas-Jácome, A.| González-Zamora, E.",Consejo Nacional de Ciencia y Tecnologia Mexico| Universidad Autónoma Metropolitana| Hospital Infantil de Mexico Federico Gomez| Universidad Autonoma Chapingo,Mexico,0
55989686000,55989686000,"Multicomponent synthesis of 7-(diethylamino)coumarin–pyrrolo[3,4-b]pyridin-5-one conjugates and modulation of their twisted intramolecular charge transfer (TICT) processes","Flores-Reyes, J.C.| Valderrama-Celestino, A.| Trejo-Velasco, M.F.| Jaramillo-Márquez, K.I.| González, F.| Rojas-Hernández, A.| Galano, A.| Islas-Jácome, A.| González-Zamora, E.",9.0,57216764833| 59389410800| 59389766200| 59389292500| 56000780400| 7004253053| 55995932900| 48161545400| 55989686000,2024.0,2024-12-01,Tetrahedron,168,-,-,134335,ISSN-00404020,26512.0,Journal,Elsevier Ltd,English,0.6,56,4.1,55,0.426,56,1.11,14.0,1.0,0.15,6.72,56.0,66.0,0.0,0.0,"Flores-Reyes, J.C., Valderrama-Celestino, A., Trejo-Velasco, M.F. and 6 more (...) (2024).Multicomponent synthesis of 7-(diethylamino)coumarin–pyrrolo[3,4-b]pyridin-5-one conjugates and modulation of their twisted intramolecular charge transfer (TICT) processes. Tetrahedron,168",https://www.scopus.com/record/display.url?eid=2-s2.0-85207807252&origin=resultslist,10.1016/j.tet.2024.134335,Article,,2-s2.0-85207807252,-,Universidad Autónoma Metropolitana,505017,Academic,1.0,60028381,Universidad Autónoma Metropolitana -Unidad Iztapalapa,57216764833,55989686000,48161545400| 55989686000,-,Mexico,1.0,1303| 1605| 3002,Biochemistry| Organic Chemistry| Drug Discovery,5| 4| 2,Life Sciences & Medicine| Natural Sciences| Engineering & Technology,409| 507| 537| 249,Chemistry| Biological Sciences| Pharmacy & Pharmacology| Engineering - Petroleum,37| 34| 32,Physical Sciences| Medical and Health| Life Sciences,31| 34,Biological Sciences| Chemical Sciences,3405| 3404| 3101,Organic chemistry| Medicinal and biomolecular chemistry| Biochemistry and cell biology,-,Multicomponent Reactions in Antimicrobial and Anticancer Development,945,47.09,Fluorescent Coumarin Compounds in Device Applications,57261,58.76,Definitive,2024.0,1.0,N/A,"Flores-Reyes, J.C.| Valderrama-Celestino, A.| Trejo-Velasco, M.F.| Jaramillo-Márquez, K.I.| González, F.| Rojas-Hernández, A.| Galano, A.| Islas-Jácome, A.| González-Zamora, E.",Universidad Autónoma Metropolitana,Mexico,0
55989686000,55989686000,"One-pot synthesis of phenyl- and biphenyl-linked bis-pyrrolo[3,4-b]pyridin-5-ones via a pseudo-repetitive Ugi-Zhu-5CR coupled to a double cascade process (aza-Diels-Alder/N-acylation/decarboxylation/dehydration)","Blanco-Carapia, R.E.| Islas-Jácome, P.| Gutiérrez-Carrillo, A.| García-Sánchez, M.A.| González-Zamora, E.| Islas-Jácome, A.",6.0,57216765986| 58625759200| 6505811955| 7005999404| 55989686000| 48161545400,2024.0,2024-11-13,Tetrahedron Letters,151,-,-,155322,ISSN-00404039,26514.0,Journal,Elsevier Ltd,English,0.43,69,3.2,67,0.334,69,1.18,15.0,1.0,0.15,6.72,56.0,66.0,0.0,0.0,"Blanco-Carapia, R.E., Islas-Jácome, P., Gutiérrez-Carrillo, A. and 3 more (...) (2024).One-pot synthesis of phenyl- and biphenyl-linked bis-pyrrolo[3,4-b]pyridin-5-ones via a pseudo-repetitive Ugi-Zhu-5CR coupled to a double cascade process (aza-Diels-Alder/N-acylation/decarboxylation/dehydration). Tetrahedron Letters,151",https://www.scopus.com/record/display.url?eid=2-s2.0-85206282451&origin=resultslist,10.1016/j.tetlet.2024.155322,Article,,2-s2.0-85206282451,-,Universidad Autónoma Metropolitana,505017,Academic,1.0,60028381,Universidad Autónoma Metropolitana -Unidad Iztapalapa,57216765986,48161545400,55989686000,-,Mexico,1.0,1303| 1605| 3002,Biochemistry| Organic Chemistry| Drug Discovery,4| 5| 2,Natural Sciences| Life Sciences & Medicine| Engineering & Technology,409| 249| 537| 507,Chemistry| Engineering - Petroleum| Pharmacy & Pharmacology| Biological Sciences,34| 37| 32,Medical and Health| Physical Sciences| Life Sciences,31| 34,Biological Sciences| Chemical Sciences,3101| 3405| 3404,Biochemistry and cell biology| Organic chemistry| Medicinal and biomolecular chemistry,-,Multicomponent Reactions in Antimicrobial and Anticancer Development,945,47.09,Innovative Multicomponent Reactions with Isocyanides,3597,91.969,Definitive,2024.0,1.0,N/A,"Blanco-Carapia, R.E.| Islas-Jácome, P.| Gutiérrez-Carrillo, A.| García-Sánchez, M.A.| González-Zamora, E.| Islas-Jácome, A.",Universidad Autónoma Metropolitana,Mexico,0
55989686000,55989686000,Ferrocenyl-bis-(1-(4-benzyl-5-morpholinooxazol-2-yl)-N-(4-(trifluoromethyl)benzyl)methanamine),"Blanco-Carapia, R.E.| Aguilar-Rangel, E.A.| Islas-Jácome, A.| González-Zamora, E.",4.0,57216765986| 57904154400| 48161545400| 55989686000,2022.0,2022-09-01,MolBank,2022,3,-,M1444,ISSN-14228599,12100155516.0,Journal,MDPI,English,0.2,85,0.7,93,0.148,93,0.7,14.0,1.0,0.08,12.37,70.0,77.0,0.0,0.0,"Blanco-Carapia, R.E., Aguilar-Rangel, E.A., Islas-Jácome, A. and 1 more (...) (2022).Ferrocenyl-bis-(1-(4-benzyl-5-morpholinooxazol-2-yl)-N-(4-(trifluoromethyl)benzyl)methanamine). MolBank,2022(3) ",https://www.scopus.com/record/display.url?eid=2-s2.0-85138672730&origin=resultslist,10.3390/M1444,Article,Gold|Green,2-s2.0-85138672730,-,Universidad Autónoma Metropolitana,505017,Academic,1.0,60028381,Universidad Autónoma Metropolitana -Unidad Iztapalapa,57216765986,55989686000,48161545400| 55989686000,-,Mexico,1.0,1303| 1605| 1606,Biochemistry| Organic Chemistry| Physical and Theoretical Chemistry,4| 2| 5,Natural Sciences| Engineering & Technology| Life Sciences & Medicine,507| 249| 409,Biological Sciences| Engineering - Petroleum| Chemistry,32| 37,Life Sciences| Physical Sciences,34,Chemical Sciences,3401| 3404,Analytical chemistry| Medicinal and biomolecular chemistry,-,Multicomponent Reactions in Antimicrobial and Anticancer Development,945,47.09,Innovative Multicomponent Reactions with Isocyanides,3597,91.969,Very Good,2022.0,1.0,N/A,"Blanco-Carapia, R.E.| Aguilar-Rangel, E.A.| Islas-Jácome, A.| González-Zamora, E.",Universidad Autónoma Metropolitana,Mexico,0
55989686000,55989686000,"2-Benzyl-3-morpholino-7-(thiophen-2-yl)-6-(thiophen-2-ylmethyl)-6,7-dihydro-5H-pyrrolo[3,4-b]pyridin-5-one","Morales-Salazar, I.| Rincón-Guevara, M.A.| González-Zamora, E.| Islas-Jácome, A.",4.0,57210142617| 57193608846| 55989686000| 48161545400,2022.0,2022-12-01,MolBank,2022,4,-,M1503,ISSN-14228599,12100155516.0,Journal,MDPI,English,0.2,85,0.7,93,0.148,93,0.15,3.0,1.0,0.08,12.37,70.0,77.0,0.0,0.0,"Morales-Salazar, I., Rincón-Guevara, M.A., González-Zamora, E. and 1 more (...) (2022).2-Benzyl-3-morpholino-7-(thiophen-2-yl)-6-(thiophen-2-ylmethyl)-6,7-dihydro-5H-pyrrolo[3,4-b]pyridin-5-one. MolBank,2022(4) ",https://www.scopus.com/record/display.url?eid=2-s2.0-85144696383&origin=resultslist,10.3390/M1503,Article,Gold|Green,2-s2.0-85144696383,-,Universidad Autónoma Metropolitana,505017,Academic,1.0,60028381,Universidad Autónoma Metropolitana -Unidad Iztapalapa,57210142617,48161545400,55989686000| 48161545400,-,Mexico,1.0,1303| 1605| 1606,Biochemistry| Organic Chemistry| Physical and Theoretical Chemistry,5| 2| 4,Life Sciences & Medicine| Engineering & Technology| Natural Sciences,507| 249| 409,Biological Sciences| Engineering - Petroleum| Chemistry,32| 37,Life Sciences| Physical Sciences,34,Chemical Sciences,3404| 3401,Medicinal and biomolecular chemistry| Analytical chemistry,-,Multicomponent Reactions in Antimicrobial and Anticancer Development,945,47.09,Innovative Multicomponent Reactions with Isocyanides,3597,91.969,Very Good,2022.0,1.0,N/A,"Morales-Salazar, I.| Rincón-Guevara, M.A.| González-Zamora, E.| Islas-Jácome, A.",Universidad Autónoma Metropolitana,Mexico,0
