Autor,Autor_ID,Title,Authors,Number of Authors,Scopus Author Ids,Year,Full date,Scopus Source title,Volume,Issue,Pages,Article number,ISSN,Source ID,Source type,Publisher,Language,SNIP (publication year),SNIP percentile (publication year) *,CiteScore (publication year),CiteScore percentile (publication year) *,SJR (publication year),SJR percentile (publication year) *,Field-Weighted View Impact,Views,Citations,Field-Weighted Citation Impact,Field-Citation Average,"Outputs in Top Citation Percentiles, per percentile","Field-Weighted Outputs in Top Citation Percentiles, per percentile",Main patent families,Policy citations,Reference,Abstract,DOI,Publication type,Open Access,EID,PubMed ID,Institutions,Institution IDs,Sector,Number of Institutions,Scopus Affiliation IDs,Scopus Affiliation names,Scopus Author ID First Author,Scopus Author ID Last Author,Scopus Author ID Corresponding Author,Scopus Author ID Single Author,Country/Region,Number of Countries/Regions,All Science Journal Classification (ASJC) code,All Science Journal Classification (ASJC) field name,Quacquarelli Symonds (QS) Subject area code,Quacquarelli Symonds (QS) Subject area field name,Quacquarelli Symonds (QS) Subject code,Quacquarelli Symonds (QS) Subject field name,Times Higher Education (THE) code,Times Higher Education (THE) field name,ANZSRC FoR (2020) parent code,ANZSRC FoR (2020) parent name,ANZSRC FoR (2020) code,ANZSRC FoR (2020) name,Sustainable Development Goals (2025),Topic Cluster name,Topic Cluster number,Topic Cluster Prominence Percentile,Topic name,Topic number,Topic Prominence Percentile,Publication link to Topic strength,Año,Citas,Colaboracion,Autores,Instituciones,Regiones,Instituciones_Nacionales
11142275100,11142275100,Prognostic Implications of Serum Albumin Levels in Patients With Acute Coronary Syndromes,"González-Pacheco, H.| Amezcua-Guerra, L.M.| Sandoval, J.| Martínez-Sánchez, C.| Ortiz-León, X.A.| Peña-Cabral, M.A.| Bojalil, R.",7.0,6603437053| 11142275100| 6602002676| 6603888909| 57193140109| 55129207600| 6701775532,2017.0,2017-04-01,American Journal of Cardiology,119,7,951-958,-,ISSN-00029149,22415.0,Journal,Elsevier Inc.,English,1.21,20,5.9,18,1.93,13,0.46,15.0,121.0,3.49,10.9,3.0,6.0,0.0,0.0,"González-Pacheco, H., Amezcua-Guerra, L.M., Sandoval, J. and 4 more (...) (2017).Prognostic Implications of Serum Albumin Levels in Patients With Acute Coronary Syndromes. American Journal of Cardiology,119(7) 951-958",https://www.scopus.com/record/display.url?eid=2-s2.0-85011092570&origin=resultslist,10.1016/j.amjcard.2016.11.054,Article,,2-s2.0-85011092570,28160977,Universidad Autónoma Metropolitana| Instituto Nacional de Cardiologia Ignacio Chavez,505017| 505008,Academic| Government,2.0,60010748| 60014923,Instituto Nacional de Cardiologia Ignacio Chavez| Universidad Autónoma Metropolitana,6603437053,6701775532,6603437053,-,Mexico,1.0,2705,Cardiology and Cardiovascular Medicine,5,Life Sciences & Medicine,532,Medicine,34,Medical and Health,32,Biomedical And Clinical Sciences,3201,Cardiovascular medicine and haematology,-,Nutrition and Quality of Life in Cancer Care,177,81.622,Serum Albumin and Nutritional Status in Heart Failure,29735,94.064,Definitive,2017.0,121.0,N/A,"González-Pacheco, H.| Amezcua-Guerra, L.M.| Sandoval, J.| Martínez-Sánchez, C.| Ortiz-León, X.A.| Peña-Cabral, M.A.| Bojalil, R.",Universidad Autónoma Metropolitana| Instituto Nacional de Cardiologia Ignacio Chavez,Mexico,0
11142275100,11142275100,Levels of Cytokines and MicroRNAs in Individuals With Asymptomatic Hyperuricemia and Ultrasonographic Findings of Gout: A Bench-to-Bedside Approach,"Estevez-Garcia, I.O.| Gallegos-Nava, S.| Vera-Pérez, E.| Silveira, L.H.| Ventura-Ríos, L.| Vancini, G.| Hernández-Díaz, C.| Sánchez-Muñoz, F.| Ballinas-Verdugo, M.A.| Gutierrez, M.| Pineda, C.| Rodriguez-Henriquez, P.| Castillo-Martínez, D.| Amezcua-Guerra, L.M.",14.0,57194946640| 36835416900| 57193121260| 7004430209| 25622744900| 57204528081| 25824331600| 56002771800| 6505845271| 26635137500| 57197229968| 35485702400| 35483559100| 11142275100,2018.0,2018-12-01,Arthritis Care and Research,70,12,1814-1821,-,ISSN-2151464X,19143.0,Journal,John Wiley and Sons Inc.,English,1.62,10,7.8,13,2.501,6,1.07,22.0,52.0,1.74,9.76,10.0,16.0,0.0,0.0,"Estevez-Garcia, I.O., Gallegos-Nava, S., Vera-Pérez, E. and 11 more (...) (2018).Levels of Cytokines and MicroRNAs in Individuals With Asymptomatic Hyperuricemia and Ultrasonographic Findings of Gout: A Bench-to-Bedside Approach. Arthritis Care and Research,70(12) 1814-1821",https://www.scopus.com/record/display.url?eid=2-s2.0-85055942179&origin=resultslist,10.1002/acr.23549,Article,,2-s2.0-85055942179,29457379,"Universidad Autónoma Metropolitana| Instituto Nacional de Rehabilitación| Instituto Mexicano del Seguro Social| Instituto Nacional de Cardiologia Ignacio Chavez| Universidad Nacional Autónoma de México| Hospital General ""Dr. Manuel Gea González""",505017| 715278| 505006| 505008| 505023| 715276,Medical| Academic| Government,6.0,60010748| 60001570| 60084250| 60095178| 60003352| 60008467| 60010210| 60032442,"Instituto Nacional de Cardiologia Ignacio Chavez| Instituto de Seguridad y Servicios Sociales de los Trabajadores del Estado - ISSSTE| Instituto Nacional de Rehabilitación| Hospital General Darío Fernández Fierro| Hospital General ""Dr. Manuel Gea González""| Instituto Mexicano del Seguro Social| Universidad Autónoma Metropolitana Unidad Xochimilco| Universidad Nacional Autónoma de México",57194946640,11142275100,11142275100,-,Mexico,1.0,2745,Rheumatology,5,Life Sciences & Medicine,532,Medicine,34,Medical and Health,32| 42,Biomedical And Clinical Sciences| Health Sciences,3202| 4201,Clinical sciences| Allied health and rehabilitation science,-,Uric Acid and Inflammatory Disease Management,772,66.972,Uric Acid Transport Mechanisms in Gout Management,8030,97.659,Very Good,2018.0,52.0,N/A,"Estevez-Garcia, I.O.| Gallegos-Nava, S.| Vera-Pérez, E.| Silveira, L.H.| Ventura-Ríos, L.| Vancini, G.| Hernández-Díaz, C.| Sánchez-Muñoz, F.| Ballinas-Verdugo, M.A.| Gutierrez, M.| Pineda, C.| Rodriguez-Henriquez, P.| Castillo-Martínez, D.| Amezcua-Guerra, L.M.","Universidad Autónoma Metropolitana| Instituto Nacional de Rehabilitación| Instituto Mexicano del Seguro Social| Instituto Nacional de Cardiologia Ignacio Chavez| Universidad Nacional Autónoma de México| Hospital General ""Dr. Manuel Gea González""",Mexico,0
11142275100,11142275100,Performance of the 2012 Systemic Lupus International Collaborating Clinics and the 1997 American College of Rheumatology classification criteria for systemic lupus erythematosus in a real-life scenario,"Amezcua-Guerra, L.M.| Higuera-Ortiz, V.| Arteaga-García, U.| Gallegos-Nava, S.| Hübbe-Tena, C.",5.0,11142275100| 56525195300| 56525256700| 36835416900| 56223961300,2015.0,2015-03-01,Arthritis Care and Research,67,3,437-441,-,ISSN-2151464X,19143.0,Journal,John Wiley and Sons Inc,English,2.1,5,9.6,7,2.77,7,1.07,18.0,52.0,3.07,9.45,11.0,7.0,0.0,0.0,"Amezcua-Guerra, L.M., Higuera-Ortiz, V., Arteaga-García, U. and 2 more (...) (2015).Performance of the 2012 Systemic Lupus International Collaborating Clinics and the 1997 American College of Rheumatology classification criteria for systemic lupus erythematosus in a real-life scenario. Arthritis Care and Research,67(3) 437-441",https://www.scopus.com/record/display.url?eid=2-s2.0-84923298010&origin=resultslist,10.1002/acr.22422,Article,,2-s2.0-84923298010,25073545,Universidad Autónoma Metropolitana| Instituto Nacional de Cardiologia Ignacio Chavez,505017| 505008,Academic| Government,2.0,60010210| 60010748,Universidad Autónoma Metropolitana Unidad Xochimilco| Instituto Nacional de Cardiologia Ignacio Chavez,11142275100,56223961300,11142275100,-,Mexico,1.0,2745,Rheumatology,5,Life Sciences & Medicine,532,Medicine,34,Medical and Health,32| 42,Biomedical And Clinical Sciences| Health Sciences,3202| 4201,Clinical sciences| Allied health and rehabilitation science,-,Systemic Lupus Erythematosus and Patient Outcomes,564,55.657,Systemic Lupus Erythematosus Impact and Management,1384,98.163,Definitive,2015.0,52.0,N/A,"Amezcua-Guerra, L.M.| Higuera-Ortiz, V.| Arteaga-García, U.| Gallegos-Nava, S.| Hübbe-Tena, C.",Universidad Autónoma Metropolitana| Instituto Nacional de Cardiologia Ignacio Chavez,Mexico,0
11142275100,11142275100,"Type III Interferons in Systemic Lupus Erythematosus: Association between Interferon λ3, Disease Activity, and Anti-Ro/SSA Antibodies","Amezcua-Guerra, L.M.| Márquez-Velasco, R.| Chávez-Rueda, A.K.| Castillo-Martínez, D.| Massó, F.| Páez, A.| Colín-Fuentes, J.| Bojalil, R.",8.0,11142275100| 55993786700| 6507687071| 35483559100| 57210610002| 7004827881| 57200320497| 6701775532,2017.0,2017-10-01,Journal of Clinical Rheumatology,23,7,368-375,-,ISSN-10761608,19236.0,Journal,Lippincott Williams and Wilkins,English,0.67,51,2.9,54,0.727,34,0.84,15.0,36.0,1.02,9.83,16.0,28.0,0.0,0.0,"Amezcua-Guerra, L.M., Márquez-Velasco, R., Chávez-Rueda, A.K. and 5 more (...) (2017).Type III Interferons in Systemic Lupus Erythematosus: Association between Interferon λ3, Disease Activity, and Anti-Ro/SSA Antibodies. Journal of Clinical Rheumatology,23(7) 368-375",https://www.scopus.com/record/display.url?eid=2-s2.0-85040794084&origin=resultslist,10.1097/RHU.0000000000000581,Article,,2-s2.0-85040794084,28937472,Universidad Autónoma Metropolitana| Instituto Mexicano del Seguro Social,505017| 505006,Government| Academic,2.0,60014923| 60010210| 109913842| 60008467,Universidad Autónoma Metropolitana| Universidad Autónoma Metropolitana Unidad Xochimilco| Instituto Nacional de Cardiologa Ignacio Chvez| Instituto Mexicano del Seguro Social,11142275100,6701775532,6701775532,-,Mexico,1.0,2745,Rheumatology,5,Life Sciences & Medicine,532,Medicine,34,Medical and Health,32,Biomedical And Clinical Sciences,3202,Clinical sciences,-,Systemic Lupus Erythematosus and Patient Outcomes,564,55.657,Interferon Pathways in Systemic Lupus Erythematosus,20984,94.914,Very Good,2017.0,36.0,N/A,"Amezcua-Guerra, L.M.| Márquez-Velasco, R.| Chávez-Rueda, A.K.| Castillo-Martínez, D.| Massó, F.| Páez, A.| Colín-Fuentes, J.| Bojalil, R.",Universidad Autónoma Metropolitana| Instituto Mexicano del Seguro Social,Mexico,0
11142275100,11142275100,Patients with seronegative rheumatoid arthritis have a different phenotype than seropositive patients: A clinical and ultrasound study,"Carbonell-Bobadilla, N.| Soto-Fajardo, C.| Amezcua-Guerra, L.M.| Batres-Marroquín, A.B.| Vargas, T.| Hernández-Diazcouder, A.| Jiménez-Rojas, V.| Medina-García, A.C.| Pineda, C.| Silveira, L.H.",10.0,57869027100| 57203388164| 11142275100| 57397147400| 57868862200| 57209457566| 57194388583| 57397340300| 55989786100| 7004430209,2022.0,2022-08-16,Frontiers in Medicine,9,-,-,978351,ISSN-2296858X,21100868809.0,Journal,Frontiers Media S.A.,English,0.96,32,3.6,28,0.926,22,0.95,13.0,32.0,3.68,7.6,9.0,5.0,0.0,0.0,"Carbonell-Bobadilla, N., Soto-Fajardo, C., Amezcua-Guerra, L.M. and 7 more (...) (2022).Patients with seronegative rheumatoid arthritis have a different phenotype than seropositive patients: A clinical and ultrasound study. Frontiers in Medicine,9",https://www.scopus.com/record/display.url?eid=2-s2.0-85137041591&origin=resultslist,10.3389/fmed.2022.978351,Article,Gold|Green,2-s2.0-85137041591,-,Universidad Autónoma Metropolitana| Instituto Nacional de Rehabilitación| Instituto Nacional de Cardiologia Ignacio Chavez,505017| 715278| 505008,Medical| Academic| Government,3.0,60010748| 60084250| 60010210,Instituto Nacional de Cardiologia Ignacio Chavez| Instituto Nacional de Rehabilitación| Universidad Autónoma Metropolitana Unidad Xochimilco,57869027100,7004430209,55989786100,-,Mexico,1.0,2700,General Medicine,5,Life Sciences & Medicine,532,Medicine,34,Medical and Health,42| 32,Health Sciences| Biomedical And Clinical Sciences,-,-,-,Infection Management in Joint Replacement Procedures,536,52.845,Rheumatoid Arthritis and Cardiovascular Disease Risk,3818,94.964,Very Good,2022.0,32.0,N/A,"Carbonell-Bobadilla, N.| Soto-Fajardo, C.| Amezcua-Guerra, L.M.| Batres-Marroquín, A.B.| Vargas, T.| Hernández-Diazcouder, A.| Jiménez-Rojas, V.| Medina-García, A.C.| Pineda, C.| Silveira, L.H.",Universidad Autónoma Metropolitana| Instituto Nacional de Rehabilitación| Instituto Nacional de Cardiologia Ignacio Chavez,Mexico,0
11142275100,11142275100,Levels of uric acid may predict the future development of pulmonary hypertension in systemic lupus erythematosus: A seven-year follow-up study,"Castillo-Martínez, D.| Marroquín-Fabián, E.| Lozada-Navarro, A.C.| Mora-Ramírez, M.| Juárez, M.| Sánchez-Muñoz, F.| Vargas-Barrón, J.| Sandoval, J.| Amezcua-Guerra, L.M.",9.0,35483559100| 57016711500| 59454684800| 57016654600| 57016326100| 56002771800| 7004704558| 6602002676| 11142275100,2016.0,2016-01-01,Lupus,25,1,61-66,-,ISSN-09612033,19243.0,Journal,SAGE Publications Ltd,English,1.01,28,4.6,31,1.171,27,1.74,29.0,28.0,1.44,8.35,20.0,20.0,0.0,0.0,"Castillo-Martínez, D., Marroquín-Fabián, E., Lozada-Navarro, A.C. and 6 more (...) (2016).Levels of uric acid may predict the future development of pulmonary hypertension in systemic lupus erythematosus: A seven-year follow-up study. Lupus,25(1) 61-66",https://www.scopus.com/record/display.url?eid=2-s2.0-84951304839&origin=resultslist,10.1177/0961203315600539,Article,,2-s2.0-84951304839,26306740,Universidad La Salle| Universidad Autónoma Metropolitana| Instituto Mexicano del Seguro Social| Instituto Nacional de Cardiologia Ignacio Chavez,705325| 505017| 505006| 505008,Academic| Government,4.0,60008467| 60010748| 60010210| 60004252,Instituto Mexicano del Seguro Social| Instituto Nacional de Cardiologia Ignacio Chavez| Universidad Autónoma Metropolitana Unidad Xochimilco| Universidad La Salle,35483559100,11142275100,11142275100,-,Mexico,1.0,2745,Rheumatology,5,Life Sciences & Medicine,532,Medicine,34,Medical and Health,32,Biomedical And Clinical Sciences,3202,Clinical sciences,SDG 3,Ventricular Assist Devices and Pulmonary Hypertension,257,61.413,Genetic Insights and Treatment Strategies in Pulmonary Hypertension,314,97.774,Very Good,2016.0,28.0,N/A,"Castillo-Martínez, D.| Marroquín-Fabián, E.| Lozada-Navarro, A.C.| Mora-Ramírez, M.| Juárez, M.| Sánchez-Muñoz, F.| Vargas-Barrón, J.| Sandoval, J.| Amezcua-Guerra, L.M.",Universidad La Salle| Universidad Autónoma Metropolitana| Instituto Mexicano del Seguro Social| Instituto Nacional de Cardiologia Ignacio Chavez,Mexico,0
11142275100,11142275100,Derivation and validation of a simple inflammation-based risk score system for predicting in-hospital mortality in acute coronary syndrome patients,"González-Pacheco, H.| Bojalil, R.| Amezcua-Guerra, L.M.| Sandoval, J.| Eid-Lidt, G.| Arias-Mendoza, A.| Azar-Manzur, F.| Álvarez-Sangabriel, A.| Altamirano-Castillo, A.| Briseño-Cruz, J.L.| Carrillo-Vega, J.| Vazquez-Rangel, A.| Abbate, A.| Gomez-Arroyo, J.| Martínez-Sánchez, C.",15.0,6603437053| 6701775532| 11142275100| 6602002676| 6602564297| 12777214400| 57194672218| 55179415900| 56161910200| 56160830000| 57205224151| 55601434500| 7006812173| 54905458500| 6603888909,2019.0,2019-05-01,Journal of Cardiology,73,5,416-424,-,ISSN-09145087,23828.0,Journal,Japanese College of Cardiology (Nippon-Sinzobyo-Gakkai),English,0.94,34,4.6,25,0.888,28,1.04,22.0,24.0,0.74,12.16,21.0,37.0,0.0,0.0,"González-Pacheco, H., Bojalil, R., Amezcua-Guerra, L.M. and 12 more (...) (2019).Derivation and validation of a simple inflammation-based risk score system for predicting in-hospital mortality in acute coronary syndrome patients. Journal of Cardiology,73(5) 416-424",https://www.scopus.com/record/display.url?eid=2-s2.0-85059123634&origin=resultslist,10.1016/j.jjcc.2018.11.010,Article,Bronze,2-s2.0-85059123634,30600191,Universidad Autónoma Metropolitana| Virginia Commonwealth University| Instituto Nacional de Cardiologia Ignacio Chavez| University of Cincinnati,505017| 508365| 505008| 508271,Academic| Government,4.0,60010748| 60014923| 60002476| 60025152| 60017412,Instituto Nacional de Cardiologia Ignacio Chavez| Universidad Autónoma Metropolitana| Virginia Commonwealth University| University of Cincinnati| University of Cincinnati College of Medicine,6603437053,6603888909,6603437053,-,Mexico| United States,2.0,2705,Cardiology and Cardiovascular Medicine,5,Life Sciences & Medicine,532,Medicine,34,Medical and Health,32,Biomedical And Clinical Sciences,3201,Cardiovascular medicine and haematology,-,Prognostic Factors in Cancer and Inflammation,600,57.554,C-Reactive Protein as a Cardiovascular Risk Marker,477,94.874,Very Good,2019.0,24.0,N/A,"González-Pacheco, H.| Bojalil, R.| Amezcua-Guerra, L.M.| Sandoval, J.| Eid-Lidt, G.| Arias-Mendoza, A.| Azar-Manzur, F.| Álvarez-Sangabriel, A.| Altamirano-Castillo, A.| Briseño-Cruz, J.L.| Carrillo-Vega, J.| Vazquez-Rangel, A.| Abbate, A.| Gomez-Arroyo, J.| Martínez-Sánchez, C.",Universidad Autónoma Metropolitana| Virginia Commonwealth University| Instituto Nacional de Cardiologia Ignacio Chavez| University of Cincinnati,Mexico| United States,0
11142275100,11142275100,Hyperuricemia on admission predicts short-term mortality due to myocardial infarction in a population with high prevalence of cardiovascular risk factors,"Mora-Ramírez, M.| Estevez-Garcia, I.O.| Irigoyen-Camacho, M.E.| Bojalil, R.| Gonzalez-Pacheco, H.| Amezcua-Guerra, L.M.",6.0,57016654600| 57194946640| 6603265505| 6701775532| 6603437053| 11142275100,2017.0,2017-09-01,Revista de Investigacion Clinica,69,5,247-253,-,ISSN-00348376,18238.0,Journal,Instituto Nacional de la Nutricion Salvador Zubiran,English,0.48,65,1.4,26,0.328,60,0.29,10.0,22.0,0.89,7.86,25.0,32.0,0.0,0.0,"Mora-Ramírez, M., Estevez-Garcia, I.O., Irigoyen-Camacho, M.E. and 3 more (...) (2017).Hyperuricemia on admission predicts short-term mortality due to myocardial infarction in a population with high prevalence of cardiovascular risk factors. Revista de Investigacion Clinica,69(5) 247-253",https://www.scopus.com/record/display.url?eid=2-s2.0-85040608440&origin=resultslist,10.24875/RIC.17002167,Article,Bronze,2-s2.0-85040608440,29077696,Universidad La Salle| Universidad Autónoma Metropolitana| Instituto Nacional de Cardiologia Ignacio Chavez,705325| 505017| 505008,Academic| Government,3.0,60010748| 60010210| 60004252,Instituto Nacional de Cardiologia Ignacio Chavez| Universidad Autónoma Metropolitana Unidad Xochimilco| Universidad La Salle,57016654600,11142275100,11142275100,-,Mexico,1.0,2700,General Medicine,5,Life Sciences & Medicine,532,Medicine,34,Medical and Health,32,Biomedical And Clinical Sciences,3204| 3202| 3201,Immunology| Clinical sciences| Cardiovascular medicine and haematology,SDG 3,Uric Acid and Inflammatory Disease Management,772,66.972,Uric Acid's Role in Cardiovascular Health,875,98.333,Very Good,2017.0,22.0,N/A,"Mora-Ramírez, M.| Estevez-Garcia, I.O.| Irigoyen-Camacho, M.E.| Bojalil, R.| Gonzalez-Pacheco, H.| Amezcua-Guerra, L.M.",Universidad La Salle| Universidad Autónoma Metropolitana| Instituto Nacional de Cardiologia Ignacio Chavez,Mexico,0
11142275100,11142275100,Levels of High-Density Lipoprotein Cholesterol are Associated with Biomarkers of Inflammation in Patients with Acute Coronary Syndrome,"González-Pacheco, H.| Amezcua-Guerra, L.M.| Vazquez-Rangel, A.| Martínez-Sánchez, C.| Pérez-Méndez, O.| Verdejo, J.| Bojalil, R.",7.0,6603437053| 11142275100| 55601434500| 6603888909| 55891804800| 7004224697| 6701775532,2015.0,2015-12-01,American Journal of Cardiology,116,11,1651-1657,-,ISSN-00029149,22415.0,Journal,Elsevier Inc.,English,1.39,14,6.5,14,2.084,11,1.04,19.0,17.0,0.5,9.91,31.0,45.0,0.0,0.0,"González-Pacheco, H., Amezcua-Guerra, L.M., Vazquez-Rangel, A. and 4 more (...) (2015).Levels of High-Density Lipoprotein Cholesterol are Associated with Biomarkers of Inflammation in Patients with Acute Coronary Syndrome. American Journal of Cardiology,116(11) 1651-1657",https://www.scopus.com/record/display.url?eid=2-s2.0-84947489171&origin=resultslist,10.1016/j.amjcard.2015.09.009,Article,,2-s2.0-84947489171,26456205,Universidad Autónoma Metropolitana| Instituto Nacional de Cardiologia Ignacio Chavez,505017| 505008,Government| Academic,2.0,60010748| 60014923,Instituto Nacional de Cardiologia Ignacio Chavez| Universidad Autónoma Metropolitana,6603437053,6701775532,6603437053,-,Mexico,1.0,2705,Cardiology and Cardiovascular Medicine,5,Life Sciences & Medicine,532,Medicine,34,Medical and Health,32,Biomedical And Clinical Sciences,3201,Cardiovascular medicine and haematology,-,Apolipoproteins and Lipid Dynamics in Disease,617,56.181,High-Density Lipoprotein's Role in Cardiovascular Health,3233,96.488,Very Good,2015.0,17.0,N/A,"González-Pacheco, H.| Amezcua-Guerra, L.M.| Vazquez-Rangel, A.| Martínez-Sánchez, C.| Pérez-Méndez, O.| Verdejo, J.| Bojalil, R.",Universidad Autónoma Metropolitana| Instituto Nacional de Cardiologia Ignacio Chavez,Mexico,0
11142275100,11142275100,Type-III interferons and rheumatoid arthritis: Correlation between interferon lambda 1 (interleukin 29) and antimutated citrullinated vimentin antibody levels,"Castillo-Martínez, D.| Juarez, M.| Patlán, M.| Páez, A.| Massó, F.| Amezcua-Guerra, L.M.",6.0,35483559100| 57016326100| 57031949600| 7004827881| 57210610002| 11142275100,2017.0,2017-02-17,Autoimmunity,50,2,82-85,-,ISSN-08916934,20688.0,Journal,Taylor and Francis Ltd,English,0.8,41,4.9,42,0.556,65,0.77,15.0,16.0,0.42,14.26,32.0,50.0,0.0,0.0,"Castillo-Martínez, D., Juarez, M., Patlán, M. and 3 more (...) (2017).Type-III interferons and rheumatoid arthritis: Correlation between interferon lambda 1 (interleukin 29) and antimutated citrullinated vimentin antibody levels. Autoimmunity,50(2) 82-85",https://www.scopus.com/record/display.url?eid=2-s2.0-85012929175&origin=resultslist,10.1080/08916934.2017.1289181,Article,Green,2-s2.0-85012929175,28263098,Universidad La Salle| Universidad Autónoma Metropolitana| Instituto Mexicano del Seguro Social| Instituto Nacional de Cardiologia Ignacio Chavez,705325| 505017| 505006| 505008,Academic| Government,4.0,60008467| 60010748| 60010210| 60004252,Instituto Mexicano del Seguro Social| Instituto Nacional de Cardiologia Ignacio Chavez| Universidad Autónoma Metropolitana Unidad Xochimilco| Universidad La Salle,35483559100,11142275100,11142275100,-,Mexico,1.0,2403| 2723,Immunology| Immunology and Allergy,5,Life Sciences & Medicine,507| 532,Biological Sciences| Medicine,32,Life Sciences,32,Biomedical And Clinical Sciences,3204,Immunology,SDG 3,Pharmacotherapy and Antiphospholipid Antibody Insights,98,44.931,Interferon Lambda's Role in Viral Defense Mechanisms,36755,84.229,Definitive,2017.0,16.0,N/A,"Castillo-Martínez, D.| Juarez, M.| Patlán, M.| Páez, A.| Massó, F.| Amezcua-Guerra, L.M.",Universidad La Salle| Universidad Autónoma Metropolitana| Instituto Mexicano del Seguro Social| Instituto Nacional de Cardiologia Ignacio Chavez,Mexico,0
11142275100,11142275100,Two murine models of sepsis: immunopathological differences between the sexes—possible role of TGFβ1 in female resistance to endotoxemia,"Bojalil, R.| Ruíz-Hernández, A.| Villanueva-Arias, A.| Amezcua-Guerra, L.M.| Cásarez-Alvarado, S.| Hernández-Dueñas, A.M.| Rodríguez-Galicia, V.| Pavón, L.| Marquina, B.| Becerril-Villanueva, E.| Hernández-Pando, R.| Márquez-Velasco, R.",12.0,6701775532| 56574101700| 58657163400| 11142275100| 57226819309| 35098456600| 55256148200| 6603158043| 41361603700| 55189540100| 55989672100| 55993786700,2023.0,2023-12-01,Biological Research,56,1,-,54,ISSN-07169760,13260.0,Journal,BioMed Central Ltd,English,1.35,14,10.1,6,1.3,7,0.52,9.0,16.0,1.71,9.35,14.0,16.0,0.0,0.0,"Bojalil, R., Ruíz-Hernández, A., Villanueva-Arias, A. and 9 more (...) (2023).Two murine models of sepsis: immunopathological differences between the sexes—possible role of TGFβ1 in female resistance to endotoxemia. Biological Research,56(1) ",https://www.scopus.com/record/display.url?eid=2-s2.0-85174614062&origin=resultslist,10.1186/s40659-023-00469-8,Article,Gold|Green,2-s2.0-85174614062,37875957,Instituto Nacional de Psiquiatria Ramon de la Fuente| Universidad Autonoma de Baja California| Universidad Autónoma Metropolitana| Instituto Nacional de Cardiologia Ignacio Chavez| Instituto Nacional de Ciencias Medicas y Nutricion Salvador Zubiran,505042| 505046| 505017| 505008| 505009,Academic| Government,5.0,60010748| 60010210| 60005618| 60001818| 60009149,Instituto Nacional de Cardiologia Ignacio Chavez| Universidad Autónoma Metropolitana Unidad Xochimilco| Universidad Autónoma de Baja California| Instituto Nacional de Psiquiatría Ramon de la Fuente| Instituto Nacional de la Nutrición Salvador Zubiran,6701775532,55993786700,55993786700,-,Mexico,1.0,1100| 1300,"General Agricultural and Biological Sciences| General Biochemistry,Genetics and Molecular Biology",5,Life Sciences & Medicine,502| 507,Agriculture & Forestry| Biological Sciences,32,Life Sciences,31,Biological Sciences,-,-,-,Sepsis Management and Biomarkers in Critical Care,67,80.772,Immunosuppression and Cytokine Dynamics in Sepsis,4265,96.8,Definitive,2023.0,16.0,N/A,"Bojalil, R.| Ruíz-Hernández, A.| Villanueva-Arias, A.| Amezcua-Guerra, L.M.| Cásarez-Alvarado, S.| Hernández-Dueñas, A.M.| Rodríguez-Galicia, V.| Pavón, L.| Marquina, B.| Becerril-Villanueva, E.| Hernández-Pando, R.| Márquez-Velasco, R.",Instituto Nacional de Psiquiatria Ramon de la Fuente| Universidad Autonoma de Baja California| Universidad Autónoma Metropolitana| Instituto Nacional de Cardiologia Ignacio Chavez| Instituto Nacional de Ciencias Medicas y Nutricion Salvador Zubiran,Mexico,0
11142275100,11142275100,Anti-Ro/SSA antibodies are associated with severe mitral valve regurgitation in patients with systemic lupus erythematosus,"Higuera-Ortiz, V.| Mora-Arias, T.| Castillo-Martinez, D.| Amezcua-Guerra, L.M.",4.0,56525195300| 36125431500| 35483559100| 11142275100,2017.0,2017-05-04,Modern Rheumatology,27,3,476-480,-,ISSN-14397595,19273.0,Journal,Taylor and Francis Ltd,English,0.84,39,3.2,50,0.743,32,0.42,18.0,15.0,0.31,9.83,33.0,56.0,0.0,0.0,"Higuera-Ortiz, V., Mora-Arias, T., Castillo-Martinez, D. and 1 more (...) (2017).Anti-Ro/SSA antibodies are associated with severe mitral valve regurgitation in patients with systemic lupus erythematosus. Modern Rheumatology,27(3) 476-480",https://www.scopus.com/record/display.url?eid=2-s2.0-84978733625&origin=resultslist,10.1080/14397595.2016.1208136,Article,,2-s2.0-84978733625,27425425,Universidad La Salle| Universidad Autónoma Metropolitana| Instituto Mexicano del Seguro Social| Universidad Anáhuac| Instituto Nacional de Cardiologia Ignacio Chavez,705325| 505017| 505006| 702750| 505008,Academic| Government,5.0,60010748| 60027127| 60008467| 60027461| 60010210| 60004252,Instituto Nacional de Cardiologia Ignacio Chavez| Hospital Angeles del Pedregal| Instituto Mexicano del Seguro Social| Universidad Anáhuac México| Universidad Autónoma Metropolitana Unidad Xochimilco| Universidad La Salle,56525195300,11142275100,11142275100,-,Mexico,1.0,2745,Rheumatology,5,Life Sciences & Medicine,532,Medicine,34,Medical and Health,32,Biomedical And Clinical Sciences,3202,Clinical sciences,-,Cardiac Device Therapies and Management,546,35.121,Congenital Heart Block and Maternal Antibodies,7216,81.295,Defensible,2017.0,15.0,N/A,"Higuera-Ortiz, V.| Mora-Arias, T.| Castillo-Martinez, D.| Amezcua-Guerra, L.M.",Universidad La Salle| Universidad Autónoma Metropolitana| Instituto Mexicano del Seguro Social| Universidad Anáhuac| Instituto Nacional de Cardiologia Ignacio Chavez,Mexico,0
11142275100,11142275100,Is Takayasu arteritis the result of a Mycobacterium tuberculosis infection? The use of TNF inhibitors may be the proof-of-concept to demonstrate that this association is epiphenomenal,"Castillo-Martínez, D.| Amezcua-Castillo, L.M.| Granados, J.| Pineda, C.| Amezcua-Guerra, L.M.",5.0,35483559100| 57208176248| 55995937700| 55989786100| 11142275100,2020.0,2020-06-01,Clinical Rheumatology,39,6,2003-2009,-,ISSN-07703198,19187.0,Journal,Springer,English,0.98,33,4.5,39,0.835,32,0.66,10.0,15.0,1.12,10.72,31.0,25.0,0.0,0.0,"Castillo-Martínez, D., Amezcua-Castillo, L.M., Granados, J. and 2 more (...) (2020).Is Takayasu arteritis the result of a Mycobacterium tuberculosis infection? The use of TNF inhibitors may be the proof-of-concept to demonstrate that this association is epiphenomenal. Clinical Rheumatology,39(6) 2003-2009",https://www.scopus.com/record/display.url?eid=2-s2.0-85082851185&origin=resultslist,10.1007/s10067-020-05045-z,Article,,2-s2.0-85082851185,32198554,Universidad Autónoma Metropolitana| Instituto Nacional de Rehabilitación| Instituto Mexicano del Seguro Social| Instituto Nacional de Cardiologia Ignacio Chavez| Universidad Nacional Autónoma de México| Instituto Nacional de Ciencias Medicas y Nutricion Salvador Zubiran,505017| 715278| 505006| 505008| 505023| 505009,Medical| Academic| Government,6.0,60008467| 60032442| 60084250| 60009149| 60010748| 60010210,Instituto Mexicano del Seguro Social| Universidad Nacional Autónoma de México| Instituto Nacional de Rehabilitación| Instituto Nacional de la Nutrición Salvador Zubiran| Instituto Nacional de Cardiologia Ignacio Chavez| Universidad Autónoma Metropolitana Unidad Xochimilco,35483559100,11142275100,11142275100,-,Mexico,1.0,2745,Rheumatology,5,Life Sciences & Medicine,532,Medicine,34,Medical and Health,32| 42,Biomedical And Clinical Sciences| Health Sciences,3204| 4201| 3202,Immunology| Allied health and rehabilitation science| Clinical sciences,SDG 3,Autoimmune Diseases and Vasculitis Mechanisms,217,59.254,Takayasu's Arteritis and Vasculitis,2615,88.646,Definitive,2020.0,15.0,N/A,"Castillo-Martínez, D.| Amezcua-Castillo, L.M.| Granados, J.| Pineda, C.| Amezcua-Guerra, L.M.",Universidad Autónoma Metropolitana| Instituto Nacional de Rehabilitación| Instituto Mexicano del Seguro Social| Instituto Nacional de Cardiologia Ignacio Chavez| Universidad Nacional Autónoma de México| Instituto Nacional de Ciencias Medicas y Nutricion Salvador Zubiran,Mexico,0
11142275100,11142275100,A simple and readily available inflammation-based risk scoring system on admission predicts the need for mechanical ventilation in patients with COVID-19,"Amezcua-Guerra, L.M.| Audelo, K.| Guzmán, J.| Santiago, D.| González-Flores, J.| García-Ávila, C.| Torres, Z.| Baranda-Tovar, F.| Tavera-Alonso, C.| Sandoval, J.| González-Pacheco, H.",11.0,11142275100| 57223325545| 57223313861| 57223318778| 57223200742| 57223206912| 57222748010| 56376439000| 57222902795| 6602002676| 6603437053,2021.0,2021-06-01,Inflammation Research,70,6,731-742,-,ISSN-10233830,22410.0,Journal,Springer Science and Business Media Deutschland GmbH,English,1.38,17,8.7,16,1.332,12,0.65,11.0,14.0,0.77,13.02,28.0,36.0,0.0,0.0,"Amezcua-Guerra, L.M., Audelo, K., Guzmán, J. and 8 more (...) (2021).A simple and readily available inflammation-based risk scoring system on admission predicts the need for mechanical ventilation in patients with COVID-19. Inflammation Research,70(6) 731-742",https://www.scopus.com/record/display.url?eid=2-s2.0-85105569894&origin=resultslist,10.1007/s00011-021-01466-x,Article,Hybrid gold|Green,2-s2.0-85105569894,33973018,Universidad Autónoma Metropolitana| Instituto Nacional de Cardiologia Ignacio Chavez,505017| 505008,Academic| Government,2.0,60010748| 60010210,Instituto Nacional de Cardiologia Ignacio Chavez| Universidad Autónoma Metropolitana Unidad Xochimilco,11142275100,6603437053,11142275100,-,Mexico,1.0,2403| 3004,Immunology| Pharmacology,5,Life Sciences & Medicine,537| 507,Pharmacy & Pharmacology| Biological Sciences,32| 34,Life Sciences| Medical and Health,32,Biomedical And Clinical Sciences,3202,Clinical sciences,SDG 3,"COVID-19, Its Impact, and Vaccination",1,99.935,Clinical Insights into COVID-19 Patient Outcomes,81,98.852,Very Good,2021.0,14.0,N/A,"Amezcua-Guerra, L.M.| Audelo, K.| Guzmán, J.| Santiago, D.| González-Flores, J.| García-Ávila, C.| Torres, Z.| Baranda-Tovar, F.| Tavera-Alonso, C.| Sandoval, J.| González-Pacheco, H.",Universidad Autónoma Metropolitana| Instituto Nacional de Cardiologia Ignacio Chavez,Mexico,0
11142275100,11142275100,An imbalance in the T-helper phenotypes displayed by senescent CD4+CD28null T cells is associated with erosive arthritis (rhupus syndrome) in systemic lupus erythematosus,"Lozada-Navarro, A.C.| Castillo-Martínez, D.| Moreno-Ramírez, M.| Acosta-Peña, G.| Páez, A.| Massó, F.| Márquez-Velasco, R.| Amezcua-Guerra, L.M.",8.0,59454684800| 35483559100| 57194380323| 57203878212| 7004827881| 6701647707| 55993786700| 11142275100,2018.0,2018-11-01,Lupus,27,13,2155-2160,-,ISSN-09612033,19243.0,Journal,SAGE Publications Ltd,English,1.15,23,4.5,34,1.136,28,1.68,29.0,14.0,0.41,9.76,34.0,52.0,0.0,0.0,"Lozada-Navarro, A.C., Castillo-Martínez, D., Moreno-Ramírez, M. and 5 more (...) (2018).An imbalance in the T-helper phenotypes displayed by senescent CD4+CD28null T cells is associated with erosive arthritis (rhupus syndrome) in systemic lupus erythematosus. Lupus,27(13) 2155-2160",https://www.scopus.com/record/display.url?eid=2-s2.0-85053342177&origin=resultslist,10.1177/0961203318793715,Article,,2-s2.0-85053342177,30111238,Universidad Autónoma Metropolitana| Instituto Mexicano del Seguro Social| Instituto Nacional de Cardiologia Ignacio Chavez| Universidad Nacional Autónoma de México,505017| 505006| 505008| 505023,Government| Academic,4.0,60010748| 60008467| 60032442| 60010210,Instituto Nacional de Cardiologia Ignacio Chavez| Instituto Mexicano del Seguro Social| Universidad Nacional Autónoma de México| Universidad Autónoma Metropolitana Unidad Xochimilco,59454684800,11142275100,11142275100,-,Mexico,1.0,2745,Rheumatology,5,Life Sciences & Medicine,532,Medicine,34,Medical and Health,32,Biomedical And Clinical Sciences,3202,Clinical sciences,-,T Cell Dynamics and Immunoglobulin Recombination Insights,231,78.156,Immunological Aging and T Cell Dynamics in Disease,58901,67.946,Very Good,2018.0,14.0,N/A,"Lozada-Navarro, A.C.| Castillo-Martínez, D.| Moreno-Ramírez, M.| Acosta-Peña, G.| Páez, A.| Massó, F.| Márquez-Velasco, R.| Amezcua-Guerra, L.M.",Universidad Autónoma Metropolitana| Instituto Mexicano del Seguro Social| Instituto Nacional de Cardiologia Ignacio Chavez| Universidad Nacional Autónoma de México,Mexico,0
11142275100,11142275100,Frequency of depression and anxiety symptoms in mexican patients with rheumatic diseases determined by self-administered questionnaires adapted to the Spanish language,"Pérez-García, L.F.| Silveira, L.H.| Moreno-Ramírez, M.| Loaiza-Félix, J.| Rivera, V.| Amezcua-Guerra, L.M.",6.0,56246978400| 7004430209| 57194380323| 57190424887| 57205702587| 11142275100,2019.0,2019-03-01,Revista de Investigacion Clinica,71,2,91-97,-,ISSN-00348376,18238.0,Journal,Instituto Nacional de la Nutricion Salvador Zubiran,English,0.41,72,2.7,17,0.476,49,0.88,16.0,13.0,0.83,8.48,34.0,34.0,0.0,0.0,"Pérez-García, L.F., Silveira, L.H., Moreno-Ramírez, M. and 3 more (...) (2019).Frequency of depression and anxiety symptoms in mexican patients with rheumatic diseases determined by self-administered questionnaires adapted to the Spanish language. Revista de Investigacion Clinica,71(2) 91-97",https://www.scopus.com/record/display.url?eid=2-s2.0-85065663279&origin=resultslist,10.24875/RIC.18002698,Article,Bronze|Green,2-s2.0-85065663279,31056610,Universidad Autónoma Metropolitana| Instituto Nacional de Cardiologia Ignacio Chavez| Universidad Nacional Autónoma de México,505017| 505008| 505023,Government| Academic,3.0,60010748| 60010210| 60032442,Instituto Nacional de Cardiologia Ignacio Chavez| Universidad Autónoma Metropolitana Unidad Xochimilco| Universidad Nacional Autónoma de México,56246978400,11142275100,11142275100,-,Mexico,1.0,2700,General Medicine,5,Life Sciences & Medicine,532,Medicine,34,Medical and Health,32,Biomedical And Clinical Sciences,3202| 3204| 3201,Clinical sciences| Immunology| Cardiovascular medicine and haematology,-,Rheumatoid Arthritis Management and Patient Outcomes,448,68.934,Psychosocial Dimensions of Rheumatoid Arthritis Management,15969,78.887,Very Good,2019.0,13.0,N/A,"Pérez-García, L.F.| Silveira, L.H.| Moreno-Ramírez, M.| Loaiza-Félix, J.| Rivera, V.| Amezcua-Guerra, L.M.",Universidad Autónoma Metropolitana| Instituto Nacional de Cardiologia Ignacio Chavez| Universidad Nacional Autónoma de México,Mexico,0
11142275100,11142275100,"Plasma let-7i, miR-16, and miR-221 levels as candidate biomarkers for the assessment of ankylosing spondylitis in Mexican patients naïve to anti-TNF therapy","Reyes-Loyola, P.| Rodríguez-Henríquez, P.| Ballinas-Verdugo, M.A.| Amezcua-Castillo, A.M.| Juárez-Vicuña, Y.| Jiménez-Rojas, V.| Márquez-Velasco, R.| Sánchez-Muñoz, F.| Amezcua-Guerra, L.M.",9.0,55431082600| 35485702400| 6505845271| 57208176248| 57192312268| 57194388583| 55993786700| 56002771800| 11142275100,2019.0,2019-05-01,Clinical Rheumatology,38,5,1367-1373,-,ISSN-07703198,19187.0,Journal,Springer Science and Business Media Deutschland GmbH,English,0.95,34,4,39,0.755,31,1.06,35.0,11.0,0.77,10.42,38.0,36.0,0.0,0.0,"Reyes-Loyola, P., Rodríguez-Henríquez, P., Ballinas-Verdugo, M.A. and 6 more (...) (2019).Plasma let-7i, miR-16, and miR-221 levels as candidate biomarkers for the assessment of ankylosing spondylitis in Mexican patients naïve to anti-TNF therapy. Clinical Rheumatology,38(5) 1367-1373",https://www.scopus.com/record/display.url?eid=2-s2.0-85064040716&origin=resultslist,10.1007/s10067-019-04509-1,Article,,2-s2.0-85064040716,30911942,"Universidad Autónoma Metropolitana| Instituto Nacional de Cardiologia Ignacio Chavez| Universidad Nacional Autónoma de México| Hospital General ""Dr. Manuel Gea González""",505017| 505008| 505023| 715276,Medical| Academic| Government,4.0,60010748| 60003352| 60032442| 60010210,"Instituto Nacional de Cardiologia Ignacio Chavez| Hospital General ""Dr. Manuel Gea González""| Universidad Nacional Autónoma de México| Universidad Autónoma Metropolitana Unidad Xochimilco",55431082600,11142275100,11142275100,-,Mexico,1.0,2745,Rheumatology,5,Life Sciences & Medicine,532,Medicine,34,Medical and Health,42| 32,Health Sciences| Biomedical And Clinical Sciences,3202| 4201| 3204,Clinical sciences| Allied health and rehabilitation science| Immunology,SDG 3,Infection Management in Joint Replacement Procedures,536,52.845,Genetic and Immune Mechanisms in Ankylosing Spondylitis,9527,87.888,Definitive,2019.0,11.0,N/A,"Reyes-Loyola, P.| Rodríguez-Henríquez, P.| Ballinas-Verdugo, M.A.| Amezcua-Castillo, A.M.| Juárez-Vicuña, Y.| Jiménez-Rojas, V.| Márquez-Velasco, R.| Sánchez-Muñoz, F.| Amezcua-Guerra, L.M.","Universidad Autónoma Metropolitana| Instituto Nacional de Cardiologia Ignacio Chavez| Universidad Nacional Autónoma de México| Hospital General ""Dr. Manuel Gea González""",Mexico,0
11142275100,11142275100,miR-19b-3p and miR-20a-5p are associated with the levels of antiphospholipid antibodies in patients with antiphospholipid syndrome,"Juárez-Vicuña, Y.| Guzmán-Martín, C.A.| Martínez-Martínez, L.A.| Hernández-Díazcouder, A.| Huesca-Gómez, C.| Gamboa, R.| Amezcua-Guerra, L.M.| Chacon-Perez, M.| Amigo, M.C.| Sánchez-Muñoz, F.",10.0,57192312268| 57217870895| 24169367700| 57209457566| 57201090312| 7004531121| 11142275100| 57193470619| 56232985300| 56002771800,2021.0,2021-07-01,Rheumatology International,41,7,1329-1335,-,ISSN-01728172,19773.0,Journal,Springer Science and Business Media Deutschland GmbH,English,1.22,22,5.1,31,0.747,37,0.54,8.0,11.0,0.61,13.02,34.0,42.0,0.0,0.0,"Juárez-Vicuña, Y., Guzmán-Martín, C.A., Martínez-Martínez, L.A. and 7 more (...) (2021).miR-19b-3p and miR-20a-5p are associated with the levels of antiphospholipid antibodies in patients with antiphospholipid syndrome. Rheumatology International,41(7) 1329-1335",https://www.scopus.com/record/display.url?eid=2-s2.0-85104867157&origin=resultslist,10.1007/s00296-021-04864-w,Article,,2-s2.0-85104867157,33891159,Universidad Autónoma Metropolitana| American British Cowdray Medical Center| Instituto Politécnico Nacional| Instituto Nacional de Cardiologia Ignacio Chavez| Universidad Nacional Autónoma de México,505017| 719713| 505011| 505008| 505023,Medical| Academic| Government,5.0,60010748| 60019176| 60010210| 60032442| 60021848,Instituto Nacional de Cardiologia Ignacio Chavez| Instituto Politécnico Nacional| Universidad Autónoma Metropolitana Unidad Xochimilco| Universidad Nacional Autónoma de México| American British Cowdray Medical Center,57192312268,56002771800,56002771800,-,Mexico,1.0,2403| 2723| 2745,Immunology| Immunology and Allergy| Rheumatology,5,Life Sciences & Medicine,507| 532,Biological Sciences| Medicine,34| 32,Medical and Health| Life Sciences,32| 42,Biomedical And Clinical Sciences| Health Sciences,4201| 3202,Allied health and rehabilitation science| Clinical sciences,-,Pharmacotherapy and Antiphospholipid Antibody Insights,98,44.931,Antiphospholipid Syndrome and Its Clinical Implications,251,96.264,Definitive,2021.0,11.0,N/A,"Juárez-Vicuña, Y.| Guzmán-Martín, C.A.| Martínez-Martínez, L.A.| Hernández-Díazcouder, A.| Huesca-Gómez, C.| Gamboa, R.| Amezcua-Guerra, L.M.| Chacon-Perez, M.| Amigo, M.C.| Sánchez-Muñoz, F.",Universidad Autónoma Metropolitana| American British Cowdray Medical Center| Instituto Politécnico Nacional| Instituto Nacional de Cardiologia Ignacio Chavez| Universidad Nacional Autónoma de México,Mexico,0
11142275100,11142275100,Serum levels of adipokines in patients with idiopathic inflammatory myopathies: a pilot study,"Loaiza-Félix, J.| Moreno-Ramírez, M.| Pérez-García, F.L.| Jiménez-Rojas, V.| Sánchez-Muñoz, F.| Amezcua-Guerra, M.L.",6.0,57190424887| 57194380323| 57194378177| 57194388583| 56002771800| 11142275100,2017.0,2017-08-01,Rheumatology International,37,8,1341-1345,-,ISSN-01728172,19773.0,Journal,Springer Verlag,English,0.87,37,3.6,45,0.906,40,0.31,9.0,10.0,0.4,12.4,42.0,51.0,0.0,0.0,"Loaiza-Félix, J., Moreno-Ramírez, M., Pérez-García, F.L. and 3 more (...) (2017).Serum levels of adipokines in patients with idiopathic inflammatory myopathies: a pilot study. Rheumatology International,37(8) 1341-1345",https://www.scopus.com/record/display.url?eid=2-s2.0-85019859631&origin=resultslist,10.1007/s00296-017-3752-z,Article,,2-s2.0-85019859631,28536758,Universidad La Salle| Universidad Autónoma Metropolitana| Instituto Nacional de Cardiologia Ignacio Chavez,705325| 505017| 505008,Government| Academic,3.0,60010748| 60010210| 60004252,Instituto Nacional de Cardiologia Ignacio Chavez| Universidad Autónoma Metropolitana Unidad Xochimilco| Universidad La Salle,57190424887,11142275100,11142275100,-,Mexico,1.0,2403| 2723| 2745,Immunology| Immunology and Allergy| Rheumatology,5,Life Sciences & Medicine,507| 532,Biological Sciences| Medicine,32| 34,Life Sciences| Medical and Health,42| 32,Health Sciences| Biomedical And Clinical Sciences,4201| 3202,Allied health and rehabilitation science| Clinical sciences,-,Interstitial Lung Disease and Systemic Sclerosis Insights,315,75.867,Dermatomyositis and Myositis Pathophysiology,263,98.494,Very Good,2017.0,10.0,N/A,"Loaiza-Félix, J.| Moreno-Ramírez, M.| Pérez-García, F.L.| Jiménez-Rojas, V.| Sánchez-Muñoz, F.| Amezcua-Guerra, M.L.",Universidad La Salle| Universidad Autónoma Metropolitana| Instituto Nacional de Cardiologia Ignacio Chavez,Mexico,0
11142275100,11142275100,Serum of Patients with Psoriasis Modulates the Production of MMP-9 and TIMP-1 in Cells of Monocytic Lineage,"Amezcua-Guerra, L.M.| Bojalil, R.| Espinoza-Hernandez, J.| Vega-Memije, M.E.| Lacy-Niebla, R.M.| Ortega-Springall, F.| Ortega-Hernández, J.| Sánchez-Muñoz, F.| Springall, R.",9.0,11142275100| 6701775532| 56653428100| 56187754000| 6506913237| 57202873849| 57195133810| 56002771800| 23036706100,2018.0,2018-10-03,Immunological Investigations,47,7,725-734,-,ISSN-08820139,20809.0,Journal,Taylor and Francis Ltd,English,0.79,44,3.9,61,0.744,32,0.87,20.0,10.0,0.25,15.97,41.0,61.0,0.0,0.0,"Amezcua-Guerra, L.M., Bojalil, R., Espinoza-Hernandez, J. and 6 more (...) (2018).Serum of Patients with Psoriasis Modulates the Production of MMP-9 and TIMP-1 in Cells of Monocytic Lineage. Immunological Investigations,47(7) 725-734",https://www.scopus.com/record/display.url?eid=2-s2.0-85049646210&origin=resultslist,10.1080/08820139.2018.1489831,Article,,2-s2.0-85049646210,29979898,"Universidad Autónoma Metropolitana| Instituto Nacional de Cardiologia Ignacio Chavez| Universidad Nacional Autónoma de México| Hospital General ""Dr. Manuel Gea González""",505017| 505008| 505023| 715276,Medical| Academic| Government,4.0,60010748| 60032442| 60010210| 60003352,"Instituto Nacional de Cardiologia Ignacio Chavez| Universidad Nacional Autónoma de México| Universidad Autónoma Metropolitana Unidad Xochimilco| Hospital General ""Dr. Manuel Gea González""",11142275100,23036706100,23036706100,-,Mexico,1.0,2403,Immunology,5,Life Sciences & Medicine,507,Biological Sciences,32,Life Sciences,32| 31,Biomedical And Clinical Sciences| Biological Sciences,3202| 3101| 3204,Clinical sciences| Biochemistry and cell biology| Immunology,-,Psoriasis Management and Quality of Life Insights,566,69.457,Cytokine Dynamics in Psoriasis Pathogenesis,4778,98.214,Very Good,2018.0,10.0,N/A,"Amezcua-Guerra, L.M.| Bojalil, R.| Espinoza-Hernandez, J.| Vega-Memije, M.E.| Lacy-Niebla, R.M.| Ortega-Springall, F.| Ortega-Hernández, J.| Sánchez-Muñoz, F.| Springall, R.","Universidad Autónoma Metropolitana| Instituto Nacional de Cardiologia Ignacio Chavez| Universidad Nacional Autónoma de México| Hospital General ""Dr. Manuel Gea González""",Mexico,0
11142275100,11142275100,"Interferon-alpha regulates expression of lncRNA MALAT1 and interferon-stimulated genes, as well as chemokine production, in primary Sjögren’s syndrome","Amezcua-Guerra, L.M.| Sánchez-Muñoz, F.| Pichardo-Ontiveros, E.| González-Ramírez, J.| Martínez-Martínez, L.A.| Juárez-Vicuña, Y.",6.0,11142275100| 56002771800| 23390288200| 55946403300| 24169367700| 57192312268,2022.0,2022-12-01,Clinical and Experimental Rheumatology,40,12,2275-2282,-,ISSN-0392856X,19186.0,Journal,Clinical and Experimental Rheumatology S.A.S.,English,1.07,27,6.5,27,0.975,33,0.58,8.0,9.0,0.74,12.23,33.0,38.0,0.0,0.0,"Amezcua-Guerra, L.M., Sánchez-Muñoz, F., Pichardo-Ontiveros, E. and 3 more (...) (2022).Interferon-alpha regulates expression of lncRNA MALAT1 and interferon-stimulated genes, as well as chemokine production, in primary Sjögren’s syndrome. Clinical and Experimental Rheumatology,40(12) 2275-2282",https://www.scopus.com/record/display.url?eid=2-s2.0-85144589698&origin=resultslist,10.55563/clinexprheumatol/ggkc9t,Article,Bronze,2-s2.0-85144589698,36189916,Universidad Autonoma de Baja California| Universidad Autónoma Metropolitana| Instituto Nacional de Cardiologia Ignacio Chavez| Instituto Nacional de Ciencias Medicas y Nutricion Salvador Zubiran,505046| 505017| 505008| 505009,Academic| Government,4.0,60010748| 60010210| 60009149| 60005618,Instituto Nacional de Cardiologia Ignacio Chavez| Universidad Autónoma Metropolitana Unidad Xochimilco| Instituto Nacional de la Nutrición Salvador Zubiran| Universidad Autónoma de Baja California,11142275100,57192312268,57192312268,-,Mexico,1.0,2403| 2723| 2745,Immunology| Immunology and Allergy| Rheumatology,5,Life Sciences & Medicine,507| 532,Biological Sciences| Medicine,32| 34,Life Sciences| Medical and Health,32,Biomedical And Clinical Sciences,3202,Clinical sciences,-,Systemic Lupus Erythematosus and Patient Outcomes,564,55.657,Sjögren Syndrome and Salivary Gland Health,591,97.608,Very Good,2022.0,9.0,N/A,"Amezcua-Guerra, L.M.| Sánchez-Muñoz, F.| Pichardo-Ontiveros, E.| González-Ramírez, J.| Martínez-Martínez, L.A.| Juárez-Vicuña, Y.",Universidad Autonoma de Baja California| Universidad Autónoma Metropolitana| Instituto Nacional de Cardiologia Ignacio Chavez| Instituto Nacional de Ciencias Medicas y Nutricion Salvador Zubiran,Mexico,0
11142275100,11142275100,Assessment of nailfold capillaries with a handheld dermatoscope may discriminate the extent of organ involvement in patients with systemic sclerosis,"Arana-Ruiz, J.C.| Silveira, L.H.| Castillo-Martínez, D.| Amezcua-Guerra, L.M.",4.0,56955763500| 7004430209| 35483559100| 11142275100,2016.0,2016-02-01,Clinical Rheumatology,35,2,479-482,-,ISSN-07703198,19187.0,Journal,Springer-Verlag London Ltd,English,0.98,30,3.5,43,0.873,26,1.1,17.0,9.0,0.48,8.35,44.0,47.0,0.0,0.0,"Arana-Ruiz, J.C., Silveira, L.H., Castillo-Martínez, D. and 1 more (...) (2016).Assessment of nailfold capillaries with a handheld dermatoscope may discriminate the extent of organ involvement in patients with systemic sclerosis. Clinical Rheumatology,35(2) 479-482",https://www.scopus.com/record/display.url?eid=2-s2.0-84958149809&origin=resultslist,10.1007/s10067-015-3112-x,Article,,2-s2.0-84958149809,26554399,Universidad La Salle| Universidad Autónoma Metropolitana| Instituto Mexicano del Seguro Social| Instituto Nacional de Cardiologia Ignacio Chavez,705325| 505017| 505006| 505008,Government| Academic,4.0,60010748| 60008467| 60010210| 60004252,Instituto Nacional de Cardiologia Ignacio Chavez| Instituto Mexicano del Seguro Social| Universidad Autónoma Metropolitana Unidad Xochimilco| Universidad La Salle,56955763500,11142275100,11142275100,-,Mexico,1.0,2745,Rheumatology,5,Life Sciences & Medicine,532,Medicine,34,Medical and Health,32| 42,Biomedical And Clinical Sciences| Health Sciences,3204| 4201| 3202,Immunology| Allied health and rehabilitation science| Clinical sciences,-,Interstitial Lung Disease and Systemic Sclerosis Insights,315,75.867,Microvascular Insights in Raynaud Phenomenon and Scleroderma,5607,86.253,Definitive,2016.0,9.0,N/A,"Arana-Ruiz, J.C.| Silveira, L.H.| Castillo-Martínez, D.| Amezcua-Guerra, L.M.",Universidad La Salle| Universidad Autónoma Metropolitana| Instituto Mexicano del Seguro Social| Instituto Nacional de Cardiologia Ignacio Chavez,Mexico,0
11142275100,11142275100,"Interferon Lambda 3/4 (IFNλ3/4) rs12979860 Polymorphisms Is Not Associated With Susceptibility to Systemic Lupus Erythematosus, Although It Regulates OASL Expression in Patients With SLE","Juárez-Vicuña, Y.| Pérez-Ramos, J.| Adalid-Peralta, L.| Sánchez, F.| Martínez-Martínez, L.A.| Ortiz-Segura, M.D.C.| Pichardo-Ontiveros, E.| Hernández-Díazcouder, A.| Amezcua-Guerra, L.M.| Ramírez-Bello, J.| Sánchez-Muñoz, F.",11.0,57192312268| 55659065100| 57218130360| 7403074337| 24169367700| 57195228428| 23390288200| 57209457566| 11142275100| 24167332200| 56002771800,2021.0,2021-06-02,Frontiers in Genetics,12,-,-,647487,ISSN-16648021,21100236803.0,Journal,Frontiers Media S.A.,English,1.09,27,4.9,46,1.096,31,0.8,16.0,8.0,0.38,13.03,41.0,55.0,0.0,0.0,"Juárez-Vicuña, Y., Pérez-Ramos, J., Adalid-Peralta, L. and 8 more (...) (2021).Interferon Lambda 3/4 (IFNλ3/4) rs12979860 Polymorphisms Is Not Associated With Susceptibility to Systemic Lupus Erythematosus, Although It Regulates OASL Expression in Patients With SLE. Frontiers in Genetics,12",https://www.scopus.com/record/display.url?eid=2-s2.0-85108105842&origin=resultslist,10.3389/fgene.2021.647487,Article,Gold|Green,2-s2.0-85108105842,-,Hospital Juárez de México| Universidad Autónoma Metropolitana| Hospital Infantil de Mexico Federico Gomez| Instituto Nacional de Neurologia y Neurocirugia| Instituto Nacional de Cardiologia Ignacio Chavez| Instituto Nacional de Ciencias Medicas y Nutricion Salvador Zubiran,715277| 505017| 505033| 505040| 505008| 505009,Medical| Government| Academic,6.0,60010748| 60010210| 60000029| 60000328| 60009149| 60013375,Instituto Nacional de Cardiologia Ignacio Chavez| Universidad Autónoma Metropolitana Unidad Xochimilco| Instituto Nacional de Neurología y Neurocirugía| Hospital Infantil de México Federico Gómez| Instituto Nacional de la Nutrición Salvador Zubiran| Hospital Juárez de México,57192312268,56002771800,56002771800,-,Mexico,1.0,1311| 1313| 2716,Genetics| Molecular Medicine| Genetics (clinical),5,Life Sciences & Medicine,507| 532,Biological Sciences| Medicine,34| 32,Medical and Health| Life Sciences,31,Biological Sciences,3105,Genetics,-,Systemic Lupus Erythematosus and Patient Outcomes,564,55.657,Interferon Pathways in Systemic Lupus Erythematosus,20984,94.914,Very Good,2021.0,8.0,N/A,"Juárez-Vicuña, Y.| Pérez-Ramos, J.| Adalid-Peralta, L.| Sánchez, F.| Martínez-Martínez, L.A.| Ortiz-Segura, M.D.C.| Pichardo-Ontiveros, E.| Hernández-Díazcouder, A.| Amezcua-Guerra, L.M.| Ramírez-Bello, J.| Sánchez-Muñoz, F.",Hospital Juárez de México| Universidad Autónoma Metropolitana| Hospital Infantil de Mexico Federico Gomez| Instituto Nacional de Neurologia y Neurocirugia| Instituto Nacional de Cardiologia Ignacio Chavez| Instituto Nacional de Ciencias Medicas y Nutricion Salvador Zubiran,Mexico,0
11142275100,11142275100,lncRNAs dysregulation in monocytes from primary antiphospholipid syndrome patients: a bioinformatic and an experimental proof-of-concept approach,"Guzmán-Martín, C.A.| Juárez-Vicuña, Y.| Domínguez-López, A.| González-Ramírez, J.| Amezcua-Guerra, L.M.| Martínez-Martínez, L.A.| Sánchez-Muñoz, F.",7.0,57217870895| 57192312268| 25642420400| 55946403300| 11142275100| 24169367700| 56002771800,2023.0,2023-01-01,Molecular Biology Reports,50,1,937-941,-,ISSN-03014851,14154.0,Journal,Springer Science and Business Media B.V.,English,0.71,46,5,49,0.649,40,1.09,20.0,8.0,0.66,12.04,28.0,41.0,0.0,0.0,"Guzmán-Martín, C.A., Juárez-Vicuña, Y., Domínguez-López, A. and 4 more (...) (2023).lncRNAs dysregulation in monocytes from primary antiphospholipid syndrome patients: a bioinformatic and an experimental proof-of-concept approach. Molecular Biology Reports,50(1) 937-941",https://www.scopus.com/record/display.url?eid=2-s2.0-85141689644&origin=resultslist,10.1007/s11033-022-08080-y,Article,,2-s2.0-85141689644,36367661,Universidad Autonoma de Baja California| Universidad Autónoma Metropolitana| Instituto Politécnico Nacional| Instituto Nacional de Cardiologia Ignacio Chavez,505046| 505017| 505011| 505008,Academic| Government,4.0,60019176| 60010748| 60005618| 60010210,Instituto Politécnico Nacional| Instituto Nacional de Cardiologia Ignacio Chavez| Universidad Autónoma de Baja California| Universidad Autónoma Metropolitana Unidad Xochimilco,57217870895,56002771800,56002771800,-,Mexico,1.0,1311| 1312,Genetics| Molecular Biology,5,Life Sciences & Medicine,507,Biological Sciences,32,Life Sciences,31,Biological Sciences,3101,Biochemistry and cell biology,-,Pharmacotherapy and Antiphospholipid Antibody Insights,98,44.931,Antiphospholipid Syndrome and Its Clinical Implications,251,96.264,Defensible,2023.0,8.0,N/A,"Guzmán-Martín, C.A.| Juárez-Vicuña, Y.| Domínguez-López, A.| González-Ramírez, J.| Amezcua-Guerra, L.M.| Martínez-Martínez, L.A.| Sánchez-Muñoz, F.",Universidad Autonoma de Baja California| Universidad Autónoma Metropolitana| Instituto Politécnico Nacional| Instituto Nacional de Cardiologia Ignacio Chavez,Mexico,0
11142275100,11142275100,Performance analysis of Luminex and ELISA to profile serum IP-10 as a biomarker in systemic lupus erythematosus,"Espinosa-Bautista, F.| Coronel, D.| Ramos-Rosillo, V.| Amezcua-Guerra, L.M.",4.0,57895234200| 57894998600| 57895941600| 11142275100,2022.0,2022-11-01,Lupus,31,13,1660-1665,-,ISSN-09612033,19243.0,Journal,SAGE Publications Ltd,English,0.95,33,4.3,44,0.822,41,0.68,9.0,8.0,0.86,9.33,36.0,33.0,0.0,0.0,"Espinosa-Bautista, F., Coronel, D., Ramos-Rosillo, V. and 1 more (...) (2022).Performance analysis of Luminex and ELISA to profile serum IP-10 as a biomarker in systemic lupus erythematosus. Lupus,31(13) 1660-1665",https://www.scopus.com/record/display.url?eid=2-s2.0-85138297709&origin=resultslist,10.1177/09612033221122978,Article,,2-s2.0-85138297709,36040216,Benemerita Universidad Autonoma de Puebla| Universidad Autónoma Metropolitana| Instituto Nacional de Cardiologia Ignacio Chavez| Universidad Nacional Autónoma de México,505001| 505017| 505008| 505023,Academic| Government,4.0,60010748| 60032442| 60024830| 60010210,Instituto Nacional de Cardiologia Ignacio Chavez| Universidad Nacional Autónoma de México| Benemérita Universidad Autónoma de Puebla| Universidad Autónoma Metropolitana Unidad Xochimilco,57895234200,11142275100,11142275100,-,Mexico,1.0,2745,Rheumatology,5,Life Sciences & Medicine,532,Medicine,34,Medical and Health,32,Biomedical And Clinical Sciences,3202,Clinical sciences,-,Systemic Lupus Erythematosus and Patient Outcomes,564,55.657,Interferon Pathways in Systemic Lupus Erythematosus,20984,94.914,Very Good,2022.0,8.0,N/A,"Espinosa-Bautista, F.| Coronel, D.| Ramos-Rosillo, V.| Amezcua-Guerra, L.M.",Benemerita Universidad Autonoma de Puebla| Universidad Autónoma Metropolitana| Instituto Nacional de Cardiologia Ignacio Chavez| Universidad Nacional Autónoma de México,Mexico,0
11142275100,11142275100,Effect of fresh frozen plasma on the in vitro activation of U937 monocytes: A potential role for the age of blood donors and their underlying cytokine profile,"Patlán, M.| Sánchez-Muñoz, F.| Amezcua-Guerra, L.M.| Granados, A.| Páez, A.| Massó, F.| Mejía, A.M.| Soster, A.| Bojalil, R.| Pavón, L.| Jiménez-Zamudio, L.A.| Márquez-Velasco, R.",12.0,57031949600| 56002771800| 11142275100| 57201096593| 7004827881| 57210610002| 57197549894| 57201089668| 6701775532| 6603158043| 55989714500| 55993786700,2017.0,2017-01-01,Biological Research,50,1,-,42,ISSN-07169760,13260.0,Journal,BioMed Central Ltd.,English,1.14,23,4.1,13,0.654,23,0.68,18.0,7.0,0.23,8.59,49.0,61.0,0.0,0.0,"Patlán, M., Sánchez-Muñoz, F., Amezcua-Guerra, L.M. and 9 more (...) (2017).Effect of fresh frozen plasma on the in vitro activation of U937 monocytes: A potential role for the age of blood donors and their underlying cytokine profile. Biological Research,50(1) ",https://www.scopus.com/record/display.url?eid=2-s2.0-85043379872&origin=resultslist,10.1186/s40659-017-0146-3,Article,Gold|Green,2-s2.0-85043379872,29268779,Instituto Nacional de Psiquiatria Ramon de la Fuente| Universidad Autónoma Metropolitana| Instituto Politécnico Nacional| Instituto Nacional de Cardiologia Ignacio Chavez,505042| 505017| 505011| 505008,Government| Academic,4.0,60019176| 60010748| 60010210| 60001818,Instituto Politécnico Nacional| Instituto Nacional de Cardiologia Ignacio Chavez| Universidad Autónoma Metropolitana Unidad Xochimilco| Instituto Nacional de Psiquiatría Ramon de la Fuente,57031949600,55993786700,55989714500,-,Mexico,1.0,1100| 1300,"General Agricultural and Biological Sciences| General Biochemistry,Genetics and Molecular Biology",5,Life Sciences & Medicine,502| 507,Agriculture & Forestry| Biological Sciences,32,Life Sciences,31,Biological Sciences,-,-,-,Transfusion Strategies and Patient Outcomes in Surgery,790,35.644,Fresh Frozen Plasma Utilization in Critical Care,55109,28.708,Weak,2017.0,7.0,N/A,"Patlán, M.| Sánchez-Muñoz, F.| Amezcua-Guerra, L.M.| Granados, A.| Páez, A.| Massó, F.| Mejía, A.M.| Soster, A.| Bojalil, R.| Pavón, L.| Jiménez-Zamudio, L.A.| Márquez-Velasco, R.",Instituto Nacional de Psiquiatria Ramon de la Fuente| Universidad Autónoma Metropolitana| Instituto Politécnico Nacional| Instituto Nacional de Cardiologia Ignacio Chavez,Mexico,0
11142275100,11142275100,Usefulness of easy-to-use risk scoring systems rated in the emergency department to predict major adverse outcomes in hospitalized covid-19 patients,"González-Flores, J.| García-ávila, C.| Springall, R.| Brianza-Padilla, M.| Juárez-Vicuña, Y.| Márquez-Velasco, R.| Sánchez-Muñoz, F.| Ballinas-Verdugo, M.A.| Basilio-Gálvez, E.| Castillo-Salazar, M.| Cásarez-Alvarado, S.| Hernández-Diazcouder, A.| Sánchez-Gloria, J.L.| Sandoval, J.| González-Pacheco, H.| Tavera-Alonso, C.| Rojas-Velasco, G.| Baranda-Tovar, F.| Amezcua-Guerra, L.M.",19.0,57223200742| 57223206912| 23036706100| 57144625900| 57192312268| 55993786700| 56002771800| 6505845271| 57226814808| 57226811518| 57226819309| 57209457566| 57217872646| 6602002676| 6603437053| 57222902795| 26023851300| 56376439000| 11142275100,2021.0,2021-08-02,Journal of Clinical Medicine,10,16,-,3657,ISSN-20770383,21101054449.0,Journal,MDPI,English,1.32,18,4.4,17,1.04,18,1.81,27.0,7.0,0.47,8.54,44.0,50.0,0.0,0.0,"González-Flores, J., García-ávila, C., Springall, R. and 16 more (...) (2021).Usefulness of easy-to-use risk scoring systems rated in the emergency department to predict major adverse outcomes in hospitalized covid-19 patients. Journal of Clinical Medicine,10(16) ",https://www.scopus.com/record/display.url?eid=2-s2.0-85112778444&origin=resultslist,10.3390/jcm10163657,Article,Gold|Green,2-s2.0-85112778444,-,Universidad Autonoma del Estado de Morelos| Universidad Autónoma Metropolitana| Instituto Politécnico Nacional| Instituto Nacional de Cardiologia Ignacio Chavez,505016| 505017| 505011| 505008,Academic| Government,4.0,60010748| 60019176| 60025626| 60010210,Instituto Nacional de Cardiologia Ignacio Chavez| Instituto Politécnico Nacional| Universidad Autónoma del Estado de Morelos| Universidad Autónoma Metropolitana Unidad Xochimilco,57223200742,11142275100,11142275100,-,Mexico,1.0,2700,General Medicine,5,Life Sciences & Medicine,532,Medicine,34,Medical and Health,32,Biomedical And Clinical Sciences,3201| 3202| 3204,Cardiovascular medicine and haematology| Clinical sciences| Immunology,SDG 3,"COVID-19, Its Impact, and Vaccination",1,99.935,Diabetes and COVID-19: Interconnected Risks and Management,8625,97.77,Defensible,2021.0,7.0,N/A,"González-Flores, J.| García-ávila, C.| Springall, R.| Brianza-Padilla, M.| Juárez-Vicuña, Y.| Márquez-Velasco, R.| Sánchez-Muñoz, F.| Ballinas-Verdugo, M.A.| Basilio-Gálvez, E.| Castillo-Salazar, M.| Cásarez-Alvarado, S.| Hernández-Diazcouder, A.| Sánchez-Gloria, J.L.| Sandoval, J.| González-Pacheco, H.| Tavera-Alonso, C.| Rojas-Velasco, G.| Baranda-Tovar, F.| Amezcua-Guerra, L.M.",Universidad Autonoma del Estado de Morelos| Universidad Autónoma Metropolitana| Instituto Politécnico Nacional| Instituto Nacional de Cardiologia Ignacio Chavez,Mexico,0
11142275100,11142275100,The 2023 ACR/EULAR antiphospholipid syndrome classification criteria identify patients at high risk of complications,"Castillo-Martínez, D.| Mora-Ramírez, M.| Molina-Sánchez, R.| Amezcua-Guerra, L.M.",4.0,35483559100| 57016654600| 59331865800| 11142275100,2024.0,2024-11-01,Clinical Rheumatology,43,11,3373-3377,-,ISSN-07703198,19187.0,Journal,Springer Science and Business Media Deutschland GmbH,English,0.94,33,5.9,24,0.855,28,0.34,3.0,6.0,1.43,4.21,24.0,20.0,0.0,0.0,"Castillo-Martínez, D., Mora-Ramírez, M., Molina-Sánchez, R. and 1 more (...) (2024).The 2023 ACR/EULAR antiphospholipid syndrome classification criteria identify patients at high risk of complications. Clinical Rheumatology,43(11) 3373-3377",https://www.scopus.com/record/display.url?eid=2-s2.0-85204248650&origin=resultslist,10.1007/s10067-024-07144-7,Article,,2-s2.0-85204248650,39294500,Universidad Autónoma Metropolitana| Instituto Mexicano del Seguro Social| Instituto Nacional de Cardiologia Ignacio Chavez,505017| 505006| 505008,Government| Academic,3.0,60008467| 60010748| 60010210,Instituto Mexicano del Seguro Social| Instituto Nacional de Cardiologia Ignacio Chavez| Universidad Autónoma Metropolitana Unidad Xochimilco,35483559100,11142275100,11142275100,-,Mexico,1.0,2745,Rheumatology,5,Life Sciences & Medicine,532,Medicine,34,Medical and Health,32| 42,Biomedical And Clinical Sciences| Health Sciences,3204| 3202| 4201,Immunology| Clinical sciences| Allied health and rehabilitation science,-,Pharmacotherapy and Antiphospholipid Antibody Insights,98,44.931,Antiphospholipid Syndrome and Its Clinical Implications,251,96.264,Definitive,2024.0,6.0,N/A,"Castillo-Martínez, D.| Mora-Ramírez, M.| Molina-Sánchez, R.| Amezcua-Guerra, L.M.",Universidad Autónoma Metropolitana| Instituto Mexicano del Seguro Social| Instituto Nacional de Cardiologia Ignacio Chavez,Mexico,0
11142275100,11142275100,Elevated Levels of Soluble CD147 are Associated with Hyperinflammation and Disease Severity in COVID-19: A Proof-of-Concept Clinical Study,"Springall, R.| González-Flores, J.| García-Ávila, C.| Juárez-Vicuña, Y.| Hernández-Diazcouder, A.| Márquez-Velasco, R.| Cásares-Alvarado, S.| Sánchez-Muñoz, F.| Basilio-Gálvez, E.| Castillo-Salazar, M.| Ballinas-Verdugo, M.A.| Brianza-Padilla, M.| Sánchez-Gloria, J.L.| Tavera-Alonso, C.| Sandoval, J.| González-Pacheco, H.| Amezcua-Guerra, L.M.",17.0,23036706100| 57223200742| 57223206912| 57192312268| 57209457566| 55993786700| 57832737000| 56002771800| 57226814808| 57226811518| 6505845271| 57144625900| 57217872646| 57222902795| 6602002676| 6603437053| 11142275100,2022.0,2022-12-01,Archivum Immunologiae et Therapiae Experimentalis,70,1,-,18,ISSN-0004069X,20652.0,Journal,Springer Science and Business Media Deutschland GmbH,English,0.73,47,6.9,38,0.784,30,0.98,14.0,6.0,0.41,14.48,42.0,54.0,0.0,0.0,"Springall, R., González-Flores, J., García-Ávila, C. and 14 more (...) (2022).Elevated Levels of Soluble CD147 are Associated with Hyperinflammation and Disease Severity in COVID-19: A Proof-of-Concept Clinical Study. Archivum Immunologiae et Therapiae Experimentalis,70(1) ",https://www.scopus.com/record/display.url?eid=2-s2.0-85135501079&origin=resultslist,10.1007/s00005-022-00657-6,Article,Bronze|Green,2-s2.0-85135501079,35920943,Universidad Autónoma Metropolitana| Instituto Nacional de Cardiologia Ignacio Chavez,505017| 505008,Academic| Government,2.0,60010748| 60010210,Instituto Nacional de Cardiologia Ignacio Chavez| Universidad Autónoma Metropolitana Unidad Xochimilco,23036706100,11142275100,11142275100,-,Mexico,1.0,2403| 2723,Immunology| Immunology and Allergy,5,Life Sciences & Medicine,532| 507,Medicine| Biological Sciences,32,Life Sciences,32| 31,Biomedical And Clinical Sciences| Biological Sciences,3204| 3107,Immunology| Microbiology,SDG 3,Matrix Metalloproteinases in Disease Mechanisms,573,43.165,CD147 and Matrix Metalloproteinase Roles in Cancer,14128,86.222,Defensible,2022.0,6.0,N/A,"Springall, R.| González-Flores, J.| García-Ávila, C.| Juárez-Vicuña, Y.| Hernández-Diazcouder, A.| Márquez-Velasco, R.| Cásares-Alvarado, S.| Sánchez-Muñoz, F.| Basilio-Gálvez, E.| Castillo-Salazar, M.| Ballinas-Verdugo, M.A.| Brianza-Padilla, M.| Sánchez-Gloria, J.L.| Tavera-Alonso, C.| Sandoval, J.| González-Pacheco, H.| Amezcua-Guerra, L.M.",Universidad Autónoma Metropolitana| Instituto Nacional de Cardiologia Ignacio Chavez,Mexico,0
11142275100,11142275100,Activation Status of NLRP3 Inflammasome in Peripheral Blood Mononuclear Cells From Patients With Gout Flare,"Amezcua-Castillo, L.M.| Juárez-Vicuña, Y.| Márquez-Velasco, R.| Amezcua-Guerra, L.M.",4.0,57208176248| 57192312268| 55993786700| 11142275100,2020.0,2020-10-01,Journal of Clinical Rheumatology,26,-,S208-S212,-,ISSN-10761608,19236.0,Journal,Lippincott Williams and Wilkins,English,0.78,46,2.4,29,0.615,46,0.81,12.0,6.0,0.28,10.72,50.0,60.0,0.0,0.0,"Amezcua-Castillo, L.M., Juárez-Vicuña, Y., Márquez-Velasco, R. and 1 more (...) (2020).Activation Status of NLRP3 Inflammasome in Peripheral Blood Mononuclear Cells From Patients With Gout Flare. Journal of Clinical Rheumatology,26S208-S212",https://www.scopus.com/record/display.url?eid=2-s2.0-85091807002&origin=resultslist,10.1097/RHU.0000000000001394,Article,,2-s2.0-85091807002,32332275,Universidad Autónoma Metropolitana| Instituto Nacional de Cardiologia Ignacio Chavez| Universidad Nacional Autónoma de México,505017| 505008| 505023,Academic| Government,3.0,60032442| 60010748| 60010210,Universidad Nacional Autónoma de México| Instituto Nacional de Cardiologia Ignacio Chavez| Universidad Autónoma Metropolitana Unidad Xochimilco,57208176248,11142275100,11142275100,-,Mexico,1.0,2745,Rheumatology,5,Life Sciences & Medicine,532,Medicine,34,Medical and Health,32,Biomedical And Clinical Sciences,3202,Clinical sciences,-,Uric Acid and Inflammatory Disease Management,772,66.972,Uric Acid Transport Mechanisms in Gout Management,8030,97.659,Definitive,2020.0,6.0,N/A,"Amezcua-Castillo, L.M.| Juárez-Vicuña, Y.| Márquez-Velasco, R.| Amezcua-Guerra, L.M.",Universidad Autónoma Metropolitana| Instituto Nacional de Cardiologia Ignacio Chavez| Universidad Nacional Autónoma de México,Mexico,0
11142275100,11142275100,Diagnostic Performance of Serum MicroRNAs for ST-Segment Elevation Myocardial Infarction in the Emergency Department,"Amezcua-Guerra, B.| Amezcua-Castillo, L.M.| Guerra-López, J.A.| Díaz-Domínguez, K.A.| Sánchez-Gloria, J.L.| Cruz-Melendez, A.| Hernández-Díazcouder, A.| Juárez-Vicuña, Y.| Sánchez-Muñoz, F.| Huang, F.| Tavera-Alonso, C.| Brianza-Padilla, M.| Varela-López, E.| Sierra-Lara, D.| Arias-Mendoza, A.| Fonseca-Camarillo, G.| Márquez-Velasco, R.| González-Pacheco, H.| Springall, R.| Amezcua-Guerra, L.M.",20.0,58621921300| 57208176248| 57867498900| 58621921400| 57217872646| 58622200400| 57209457566| 57192312268| 56002771800| 56000772100| 57222902795| 57144625900| 14010408000| 57218670044| 12777214400| 35748597600| 55993786700| 6603437053| 23036706100| 11142275100,2023.0,2023-09-01,Biomedicines,11,9,-,2422,ISSN-22279059,21100840442.0,Journal,Multidisciplinary Digital Publishing Institute (MDPI),English,0.82,39,5.2,26,0.962,22,0.28,5.0,5.0,0.53,9.5,38.0,47.0,0.0,0.0,"Amezcua-Guerra, B., Amezcua-Castillo, L.M., Guerra-López, J.A. and 17 more (...) (2023).Diagnostic Performance of Serum MicroRNAs for ST-Segment Elevation Myocardial Infarction in the Emergency Department. Biomedicines,11(9) ",https://www.scopus.com/record/display.url?eid=2-s2.0-85172446646&origin=resultslist,10.3390/biomedicines11092422,Article,Gold|Green,2-s2.0-85172446646,-,Universidad Autónoma Metropolitana| Hospital Infantil de Mexico Federico Gomez| Instituto Nacional de Cardiologia Ignacio Chavez| Universidad Nacional Autónoma de México,505017| 505033| 505008| 505023,Medical| Academic| Government,4.0,60032442| 60010748| 60018691| 60000328| 60010210,Universidad Nacional Autónoma de México| Instituto Nacional de Cardiologia Ignacio Chavez| Rush University Medical Center| Hospital Infantil de México Federico Gómez| Universidad Autónoma Metropolitana Unidad Xochimilco,58621921300,11142275100,23036706100| 11142275100,-,Mexico| United States,2.0,1300| 2701,"General Biochemistry,Genetics and Molecular Biology| Medicine (miscellaneous)",5,Life Sciences & Medicine,532| 507,Medicine| Biological Sciences,34| 32,Medical and Health| Life Sciences,34| 31| 32,Chemical Sciences| Biological Sciences| Biomedical And Clinical Sciences,3404| 3214| 3101,Medicinal and biomolecular chemistry| Pharmacology and pharmaceutical sciences| Biochemistry and cell biology,SDG 3,Circular RNA and Cell Proliferation Mechanisms,570,88.489,MicroRNA Roles in Cardiovascular Disease Management,2049,96.938,Definitive,2023.0,5.0,N/A,"Amezcua-Guerra, B.| Amezcua-Castillo, L.M.| Guerra-López, J.A.| Díaz-Domínguez, K.A.| Sánchez-Gloria, J.L.| Cruz-Melendez, A.| Hernández-Díazcouder, A.| Juárez-Vicuña, Y.| Sánchez-Muñoz, F.| Huang, F.| Tavera-Alonso, C.| Brianza-Padilla, M.| Varela-López, E.| Sierra-Lara, D.| Arias-Mendoza, A.| Fonseca-Camarillo, G.| Márquez-Velasco, R.| González-Pacheco, H.| Springall, R.| Amezcua-Guerra, L.M.",Universidad Autónoma Metropolitana| Hospital Infantil de Mexico Federico Gomez| Instituto Nacional de Cardiologia Ignacio Chavez| Universidad Nacional Autónoma de México,Mexico| United States,0
11142275100,11142275100,Interleukin-17A enhances the production of CD147/extracellular matrix metalloproteinase inducer by monocytes from patients with psoriasis,"Amezcua-Guerra, L.M.| Ortega-Springall, M.F.| Guerrero-Ponce, A.E.| Vega-Memije, M.E.| Springall, R.",5.0,11142275100| 56818992000| 57219850767| 56187754000| 23036706100,2020.0,2020-01-01,European Review for Medical and Pharmacological Sciences,24,20,10601-10604,-,ISSN-11283602,13223.0,Journal,Verduci Editore s.r.l,English,0.72,49,4.5,32,0.768,35,0.38,7.0,5.0,0.33,9.16,54.0,56.0,0.0,0.0,"Amezcua-Guerra, L.M., Ortega-Springall, M.F., Guerrero-Ponce, A.E. and 2 more (...) (2020).Interleukin-17A enhances the production of CD147/extracellular matrix metalloproteinase inducer by monocytes from patients with psoriasis. European Review for Medical and Pharmacological Sciences,24(20) 10601-10604",https://www.scopus.com/record/display.url?eid=2-s2.0-85095736197&origin=resultslist,10.26355/eurrev_202010_23417,Article,,2-s2.0-85095736197,33155217,"Universidad Autónoma Metropolitana| Instituto Nacional de Cardiologia Ignacio Chavez| Hospital General ""Dr. Manuel Gea González""",505017| 505008| 715276,Medical| Academic| Government,3.0,60010748| 60010210| 60003352,"Instituto Nacional de Cardiologia Ignacio Chavez| Universidad Autónoma Metropolitana Unidad Xochimilco| Hospital General ""Dr. Manuel Gea González""",11142275100,23036706100,23036706100,-,Mexico,1.0,2736,Pharmacology (medical),5,Life Sciences & Medicine,537,Pharmacy & Pharmacology,34,Medical and Health,34| 32,Chemical Sciences| Biomedical And Clinical Sciences,3214| 3404,Pharmacology and pharmaceutical sciences| Medicinal and biomolecular chemistry,-,Matrix Metalloproteinases in Disease Mechanisms,573,43.165,CD147 and Matrix Metalloproteinase Roles in Cancer,14128,86.222,Definitive,2020.0,5.0,N/A,"Amezcua-Guerra, L.M.| Ortega-Springall, M.F.| Guerrero-Ponce, A.E.| Vega-Memije, M.E.| Springall, R.","Universidad Autónoma Metropolitana| Instituto Nacional de Cardiologia Ignacio Chavez| Hospital General ""Dr. Manuel Gea González""",Mexico,0
11142275100,11142275100,Levels of anti-Müllerian hormone in premenopausal women with the antiphospholipid syndrome and its association with the risk of clinical complications,"Castillo-Martínez, D.| Rivera, V.| Mouneu-Ornelas, N.| Martínez-Martínez, L.A.| Jiménez-Rojas, V.| Márquez-Velasco, R.| Amezcua-Guerra, L.M.",7.0,35483559100| 57205702587| 57205702512| 24169367700| 57194388583| 55993786700| 11142275100,2019.0,2019-03-01,Lupus,28,3,427-431,-,ISSN-09612033,19243.0,Journal,SAGE Publications Ltd,English,0.95,34,4.3,34,1.015,33,1.3,23.0,5.0,0.19,10.42,54.0,66.0,0.0,0.0,"Castillo-Martínez, D., Rivera, V., Mouneu-Ornelas, N. and 4 more (...) (2019).Levels of anti-Müllerian hormone in premenopausal women with the antiphospholipid syndrome and its association with the risk of clinical complications. Lupus,28(3) 427-431",https://www.scopus.com/record/display.url?eid=2-s2.0-85061178176&origin=resultslist,10.1177/0961203319828507,Article,,2-s2.0-85061178176,30717622,Universidad Autónoma Metropolitana| Instituto Mexicano del Seguro Social| Instituto Nacional de Cardiologia Ignacio Chavez| Universidad Nacional Autónoma de México,505017| 505006| 505008| 505023,Government| Academic,4.0,60008467| 60010748| 60032442| 60010210,Instituto Mexicano del Seguro Social| Instituto Nacional de Cardiologia Ignacio Chavez| Universidad Nacional Autónoma de México| Universidad Autónoma Metropolitana Unidad Xochimilco,35483559100,11142275100,11142275100,-,Mexico,1.0,2745,Rheumatology,5,Life Sciences & Medicine,532,Medicine,34,Medical and Health,32,Biomedical And Clinical Sciences,3202,Clinical sciences,-,Testicular and Splenic Tumors,599,22.956,Anti-Müllerian Hormone and Ovarian Reserve Insights,3084,94.819,Very Good,2019.0,5.0,N/A,"Castillo-Martínez, D.| Rivera, V.| Mouneu-Ornelas, N.| Martínez-Martínez, L.A.| Jiménez-Rojas, V.| Márquez-Velasco, R.| Amezcua-Guerra, L.M.",Universidad Autónoma Metropolitana| Instituto Mexicano del Seguro Social| Instituto Nacional de Cardiologia Ignacio Chavez| Universidad Nacional Autónoma de México,Mexico,0
11142275100,11142275100,Levels of Vascular Endothelial Growth Factor and Its Association with Pulmonary Embolism in COVID-19,"Guerra-López, J.A.| Amezcua-Castillo, L.M.| González-Pacheco, H.| Amezcua-Guerra, L.M.",4.0,57867498900| 57208176248| 6603437053| 11142275100,2022.0,2022-08-01,Journal of Interferon and Cytokine Research,42,8,444-448,-,ISSN-10799907,21282.0,Journal,Mary Ann Liebert Inc.,English,0.76,45,6,50,0.837,27,0.26,4.0,5.0,0.37,13.64,46.0,57.0,0.0,0.0,"Guerra-López, J.A., Amezcua-Castillo, L.M., González-Pacheco, H. and 1 more (...) (2022).Levels of Vascular Endothelial Growth Factor and Its Association with Pulmonary Embolism in COVID-19. Journal of Interferon and Cytokine Research,42(8) 444-448",https://www.scopus.com/record/display.url?eid=2-s2.0-85137008462&origin=resultslist,10.1089/jir.2022.0034,Article,,2-s2.0-85137008462,35559721,Universidad Autónoma Metropolitana| Instituto Nacional de Cardiologia Ignacio Chavez,505017| 505008,Academic| Government,2.0,60010748| 60010210,Instituto Nacional de Cardiologia Ignacio Chavez| Universidad Autónoma Metropolitana Unidad Xochimilco,57867498900,11142275100,11142275100,-,Mexico,1.0,1307| 2403| 2406,Cell Biology| Immunology| Virology,5,Life Sciences & Medicine,507,Biological Sciences,32,Life Sciences,32| 31| 30,"Biomedical And Clinical Sciences| Biological Sciences| Agricultural, Veterinary And Food Sciences",-,-,SDG 3,Ventricular Assist Devices and Pulmonary Hypertension,257,61.413,Metabolic Pathways in Pulmonary Hypertension Research,2259,97.959,Defensible,2022.0,5.0,N/A,"Guerra-López, J.A.| Amezcua-Castillo, L.M.| González-Pacheco, H.| Amezcua-Guerra, L.M.",Universidad Autónoma Metropolitana| Instituto Nacional de Cardiologia Ignacio Chavez,Mexico,0
11142275100,11142275100,Myocardial expression of transforming growth factor beta family and endothelin-1 in the progression from heart failure to ascites in broilers with cold-induced pulmonary hypertension,"Ruiz-Castañeda, G.| Dominguez-Avila, N.| González-Ramírez, J.| Fernandez-Jaramillo, N.| Escoto-Herrera, J.| Sánchez-Munõz, F.| Amezcua-Guerra, L.M.| Marquez-Velasco, R.| Bojalil, R.| Espinosa-Cervantes, R.| Sánchez, F.",11.0,55946439700| 55946292800| 55946403300| 55946423900| 55946652500| 56002771800| 11142275100| 55993786700| 6701775532| 35315444500| 7403074337,2016.0,2016-07-03,Journal of Receptors and Signal Transduction,36,4,389-394,-,ISSN-10799893,33849.0,Journal,Taylor and Francis Ltd,English,0.48,64,2.7,67,0.574,63,1.0,35.0,4.0,0.08,11.98,58.0,70.0,0.0,0.0,"Ruiz-Castañeda, G., Dominguez-Avila, N., González-Ramírez, J. and 8 more (...) (2016).Myocardial expression of transforming growth factor beta family and endothelin-1 in the progression from heart failure to ascites in broilers with cold-induced pulmonary hypertension. Journal of Receptors and Signal Transduction,36(4) 389-394",https://www.scopus.com/record/display.url?eid=2-s2.0-84964577567&origin=resultslist,10.3109/10799893.2015.1108336,Article,,2-s2.0-84964577567,-,Benemerita Universidad Autonoma de Puebla| Universidad Autonóma Agraria Antonio Narro| Universidad Autónoma Metropolitana| Instituto Nacional de Cardiologia Ignacio Chavez,505001| 717168| 505017| 505008,Academic| Government,4.0,60010210| 60001162| 60010748| 60024830,Universidad Autónoma Metropolitana Unidad Xochimilco| Universidad Autónoma Agraria Antonio Narro| Instituto Nacional de Cardiologia Ignacio Chavez| Benemérita Universidad Autónoma de Puebla,55946439700,7403074337,7403074337,-,Mexico,1.0,1303| 1307| 1312,Biochemistry| Cell Biology| Molecular Biology,5,Life Sciences & Medicine,507,Biological Sciences,32,Life Sciences,31| 34| 32,Biological Sciences| Chemical Sciences| Biomedical And Clinical Sciences,3202| 3101| 3404,Clinical sciences| Biochemistry and cell biology| Medicinal and biomolecular chemistry,SDG 3,Optimizing Poultry Production and Welfare Strategies,1037,49.836,Pulmonary Hypertension in Broiler Chickens,24100,52.21,Defensible,2016.0,4.0,N/A,"Ruiz-Castañeda, G.| Dominguez-Avila, N.| González-Ramírez, J.| Fernandez-Jaramillo, N.| Escoto-Herrera, J.| Sánchez-Munõz, F.| Amezcua-Guerra, L.M.| Marquez-Velasco, R.| Bojalil, R.| Espinosa-Cervantes, R.| Sánchez, F.",Benemerita Universidad Autonoma de Puebla| Universidad Autonóma Agraria Antonio Narro| Universidad Autónoma Metropolitana| Instituto Nacional de Cardiologia Ignacio Chavez,Mexico,0
11142275100,11142275100,CD147 rs8259T>A Variant Confers Susceptibility to COVID-19 Infection within the Mexican Population,"Amezcua-Guerra, L.M.| Guzmán-Martín, C.A.| Montúfar-Robles, I.| Springall, R.| Hernández-Díazcouder, A.| Barbosa-Cobos, R.E.| Sánchez-Muñoz, F.| Ramírez-Bello, J.",8.0,11142275100| 57217870895| 35084027300| 23036706100| 57209457566| 36127281200| 56002771800| 24167332200,2023.0,2023-08-01,Microorganisms,11,8,-,1919,ISSN-20762607,21100933947.0,Journal,Multidisciplinary Digital Publishing Institute (MDPI),English,1.07,24,7.4,31,0.944,30,0.32,5.0,4.0,0.41,9.74,43.0,53.0,0.0,0.0,"Amezcua-Guerra, L.M., Guzmán-Martín, C.A., Montúfar-Robles, I. and 5 more (...) (2023).CD147 rs8259T>A Variant Confers Susceptibility to COVID-19 Infection within the Mexican Population. Microorganisms,11(8) ",https://www.scopus.com/record/display.url?eid=2-s2.0-85168871045&origin=resultslist,10.3390/microorganisms11081919,Article,Gold|Green,2-s2.0-85168871045,-,Hospital Juárez de México| American British Cowdray Medical Center| Universidad Autónoma Metropolitana| Hospital Infantil de Mexico Federico Gomez| Instituto Nacional de Cardiologia Ignacio Chavez,715277| 719713| 505017| 505033| 505008,Medical| Government| Academic,5.0,60010748| 60014923| 60013375| 60000328| 60021848,Instituto Nacional de Cardiologia Ignacio Chavez| Universidad Autónoma Metropolitana| Hospital Juárez de México| Hospital Infantil de México Federico Gómez| American British Cowdray Medical Center,11142275100,24167332200,56002771800| 24167332200,-,Mexico,1.0,2404| 2406| 2726,Microbiology| Virology| Microbiology (medical),5,Life Sciences & Medicine,532| 507,Medicine| Biological Sciences,34| 32,Medical and Health| Life Sciences,31| 32,Biological Sciences| Biomedical And Clinical Sciences,3107| 3207,Microbiology| Medical microbiology,SDG 3,Matrix Metalloproteinases in Disease Mechanisms,573,43.165,CD147 and Matrix Metalloproteinase Roles in Cancer,14128,86.222,Definitive,2023.0,4.0,N/A,"Amezcua-Guerra, L.M.| Guzmán-Martín, C.A.| Montúfar-Robles, I.| Springall, R.| Hernández-Díazcouder, A.| Barbosa-Cobos, R.E.| Sánchez-Muñoz, F.| Ramírez-Bello, J.",Hospital Juárez de México| American British Cowdray Medical Center| Universidad Autónoma Metropolitana| Hospital Infantil de Mexico Federico Gomez| Instituto Nacional de Cardiologia Ignacio Chavez,Mexico,0
11142275100,11142275100,"Senescent CD4+CD28null cells are increased in chronic hyperuricemia, show aberrant effector phenotypes, and are reversed after allopurinol therapy: a proof-of-concept pilot study","Amezcua-Guerra, L.M.| Espinosa-Bautista, F.| Hopf-Estandía, K.| Valdivieso-Ruiz, M.| Coronel, D.| Robledo, S.| Ramos-Rosillo, V.| del Rocío Martínez-Alvarado, M.| Patlán, M.| Páez, A.| Silveira, L.H.| Tavera-Alonso, C.| Massó, F.| Soto-Fajardo, C.| Pineda, C.",15.0,11142275100| 57895234200| 58190777200| 57262924800| 57894998600| 58190420700| 57895941600| 6506807824| 57031949600| 7004827881| 7004430209| 57222902795| 57210610002| 57203388164| 55989786100,2023.0,2023-08-01,Clinical Rheumatology,42,8,2181-2186,-,ISSN-07703198,19187.0,Journal,Springer Science and Business Media Deutschland GmbH,English,1,27,6.9,22,0.872,26,0.38,5.0,4.0,0.51,7.9,43.0,48.0,0.0,0.0,"Amezcua-Guerra, L.M., Espinosa-Bautista, F., Hopf-Estandía, K. and 12 more (...) (2023).Senescent CD4+CD28null cells are increased in chronic hyperuricemia, show aberrant effector phenotypes, and are reversed after allopurinol therapy: a proof-of-concept pilot study. Clinical Rheumatology,42(8) 2181-2186",https://www.scopus.com/record/display.url?eid=2-s2.0-85153070541&origin=resultslist,10.1007/s10067-023-06595-8,Article,,2-s2.0-85153070541,37072512,Universidad Autónoma Metropolitana| Instituto Nacional de Rehabilitación| Instituto Politécnico Nacional| Instituto Nacional de Cardiologia Ignacio Chavez| Universidad Nacional Autónoma de México,505017| 715278| 505011| 505008| 505023,Medical| Academic| Government,5.0,60010748| 60010210| 60019176| 60032442| 60084250,Instituto Nacional de Cardiologia Ignacio Chavez| Universidad Autónoma Metropolitana Unidad Xochimilco| Instituto Politécnico Nacional| Universidad Nacional Autónoma de México| Instituto Nacional de Rehabilitación,11142275100,55989786100,11142275100,-,Mexico,1.0,2745,Rheumatology,5,Life Sciences & Medicine,532,Medicine,34,Medical and Health,32| 42,Biomedical And Clinical Sciences| Health Sciences,3202| 3204| 4201,Clinical sciences| Immunology| Allied health and rehabilitation science,-,T Cell Dynamics and Immunoglobulin Recombination Insights,231,78.156,Immunological Aging and T Cell Dynamics in Disease,58901,67.946,Definitive,2023.0,4.0,N/A,"Amezcua-Guerra, L.M.| Espinosa-Bautista, F.| Hopf-Estandía, K.| Valdivieso-Ruiz, M.| Coronel, D.| Robledo, S.| Ramos-Rosillo, V.| del Rocío Martínez-Alvarado, M.| Patlán, M.| Páez, A.| Silveira, L.H.| Tavera-Alonso, C.| Massó, F.| Soto-Fajardo, C.| Pineda, C.",Universidad Autónoma Metropolitana| Instituto Nacional de Rehabilitación| Instituto Politécnico Nacional| Instituto Nacional de Cardiologia Ignacio Chavez| Universidad Nacional Autónoma de México,Mexico,0
11142275100,11142275100,Influence of anti-carbamylated protein antibodies on disease activity and joint erosions in seronegative and seropositive rheumatoid arthritis,"Amezcua-Guerra, L.M.| Carbonell-Bobadilla, N.| Soto-Fajardo, C.| Vargas, A.| Batres-Marroquín, A.B.| Vargas, T.| Medina-García, A.C.| Hernández-Diazcouder, A.| Jiménez-Rojas, V.| Pineda, C.| Silveira, L.H.",11.0,11142275100| 57869027100| 57203388164| 15073537400| 57397147400| 57868862200| 57397340300| 57209457566| 57194388583| 55989786100| 7004430209,2023.0,2023-12-01,Rheumatology International,43,12,2245-2250,-,ISSN-01728172,19773.0,Journal,Springer Science and Business Media Deutschland GmbH,English,1.09,23,7.3,19,0.971,31,0.29,4.0,3.0,0.3,9.84,49.0,60.0,0.0,0.0,"Amezcua-Guerra, L.M., Carbonell-Bobadilla, N., Soto-Fajardo, C. and 8 more (...) (2023).Influence of anti-carbamylated protein antibodies on disease activity and joint erosions in seronegative and seropositive rheumatoid arthritis. Rheumatology International,43(12) 2245-2250",https://www.scopus.com/record/display.url?eid=2-s2.0-85170571479&origin=resultslist,10.1007/s00296-023-05445-9,Article,,2-s2.0-85170571479,37697044,Universidad Autónoma Metropolitana| Instituto Nacional de Rehabilitación| Instituto Nacional de Cardiologia Ignacio Chavez,505017| 715278| 505008,Medical| Government| Academic,3.0,60010748| 60010210| 60084250,Instituto Nacional de Cardiologia Ignacio Chavez| Universidad Autónoma Metropolitana Unidad Xochimilco| Instituto Nacional de Rehabilitación,11142275100,7004430209,11142275100| 7004430209,-,Mexico,1.0,2403| 2723| 2745,Immunology| Immunology and Allergy| Rheumatology,5,Life Sciences & Medicine,507| 532,Biological Sciences| Medicine,32| 34,Life Sciences| Medical and Health,32| 42,Biomedical And Clinical Sciences| Health Sciences,3202| 4201,Clinical sciences| Allied health and rehabilitation science,-,Rheumatoid Arthritis Management and Patient Outcomes,448,68.934,Rheumatoid Arthritis: Autoantibodies and Risk Factors,2122,97.28,Definitive,2023.0,3.0,N/A,"Amezcua-Guerra, L.M.| Carbonell-Bobadilla, N.| Soto-Fajardo, C.| Vargas, A.| Batres-Marroquín, A.B.| Vargas, T.| Medina-García, A.C.| Hernández-Diazcouder, A.| Jiménez-Rojas, V.| Pineda, C.| Silveira, L.H.",Universidad Autónoma Metropolitana| Instituto Nacional de Rehabilitación| Instituto Nacional de Cardiologia Ignacio Chavez,Mexico,0
11142275100,11142275100,Antinuclear antibodies detected by Enzyme-Linked Immunosorbent Assay (ELISA) in severe COVID-19: Clinical and laboratory associations,"Brianza-Padilla, M.| Juárez-Vicuña, Y.| Springall, R.| González-Flores, J.| Patlán, M.| Amezcua-Guerra, L.M.",6.0,57144625900| 57192312268| 23036706100| 57223200742| 57031949600| 11142275100,2022.0,2022-01-01,European Review for Medical and Pharmacological Sciences,26,14,5307-5310,-,ISSN-11283602,13223.0,Journal,Verduci Editore s.r.l,English,0.68,51,6.3,22,0.634,40,0.58,8.0,3.0,0.38,7.87,56.0,56.0,0.0,0.0,"Brianza-Padilla, M., Juárez-Vicuña, Y., Springall, R. and 3 more (...) (2022).Antinuclear antibodies detected by Enzyme-Linked Immunosorbent Assay (ELISA) in severe COVID-19: Clinical and laboratory associations. European Review for Medical and Pharmacological Sciences,26(14) 5307-5310",https://www.scopus.com/record/display.url?eid=2-s2.0-85135328429&origin=resultslist,10.26355/eurrev_202207_29322,Article,,2-s2.0-85135328429,35916831,Universidad Autónoma Metropolitana| Instituto Nacional de Cardiologia Ignacio Chavez,505017| 505008,Academic| Government,2.0,60010748| 60010210,Instituto Nacional de Cardiologia Ignacio Chavez| Universidad Autónoma Metropolitana Unidad Xochimilco,57144625900,11142275100,11142275100,-,Mexico,1.0,2736,Pharmacology (medical),5,Life Sciences & Medicine,537,Pharmacy & Pharmacology,34,Medical and Health,34| 32,Chemical Sciences| Biomedical And Clinical Sciences,3404| 3214,Medicinal and biomolecular chemistry| Pharmacology and pharmaceutical sciences,SDG 3,"COVID-19, Its Impact, and Vaccination",1,99.935,COVID-19 and Its Association with Arthritis,86745,88.046,Definitive,2022.0,3.0,N/A,"Brianza-Padilla, M.| Juárez-Vicuña, Y.| Springall, R.| González-Flores, J.| Patlán, M.| Amezcua-Guerra, L.M.",Universidad Autónoma Metropolitana| Instituto Nacional de Cardiologia Ignacio Chavez,Mexico,0
11142275100,11142275100,Interleukin-17 and Tumor Necrosis Factor Show a Functional Hierarchy to Regulate the Production of Matrix Metalloproteases by Monocytes from Patients with Psoriasis,"Springall, R.| Ortega-Springall, M.F.| Guerrero-Ponce, A.E.| Vega-Memije, M.E.| Amezcua-Guerra, L.M.",5.0,23036706100| 56818992000| 57219850767| 56187754000| 11142275100,2023.0,2023-03-01,Journal of Interferon and Cytokine Research,43,3,140-146,-,ISSN-10799907,21282.0,Journal,Mary Ann Liebert Inc.,English,0.51,62,3.8,62,0.6,44,0.68,10.0,3.0,0.28,10.6,49.0,61.0,0.0,0.0,"Springall, R., Ortega-Springall, M.F., Guerrero-Ponce, A.E. and 2 more (...) (2023).Interleukin-17 and Tumor Necrosis Factor Show a Functional Hierarchy to Regulate the Production of Matrix Metalloproteases by Monocytes from Patients with Psoriasis. Journal of Interferon and Cytokine Research,43(3) 140-146",https://www.scopus.com/record/display.url?eid=2-s2.0-85150751729&origin=resultslist,10.1089/jir.2022.0225,Article,,2-s2.0-85150751729,36939813,"Universidad Autónoma Metropolitana| Instituto Nacional de Cardiologia Ignacio Chavez| Hospital General ""Dr. Manuel Gea González""",505017| 505008| 715276,Medical| Government| Academic,3.0,60010748| 60003352| 60010210,"Instituto Nacional de Cardiologia Ignacio Chavez| Hospital General ""Dr. Manuel Gea González""| Universidad Autónoma Metropolitana Unidad Xochimilco",23036706100,11142275100,11142275100,-,Mexico,1.0,1307| 2403| 2406,Cell Biology| Immunology| Virology,5,Life Sciences & Medicine,507,Biological Sciences,32,Life Sciences,32| 31| 30,"Biomedical And Clinical Sciences| Biological Sciences| Agricultural, Veterinary And Food Sciences",-,-,-,Psoriasis Management and Quality of Life Insights,566,69.457,Biologic Therapies in Psoriasis Management,3153,97.575,Definitive,2023.0,3.0,N/A,"Springall, R.| Ortega-Springall, M.F.| Guerrero-Ponce, A.E.| Vega-Memije, M.E.| Amezcua-Guerra, L.M.","Universidad Autónoma Metropolitana| Instituto Nacional de Cardiologia Ignacio Chavez| Hospital General ""Dr. Manuel Gea González""",Mexico,0
11142275100,11142275100,Dysregulation of long non-coding RNAs in Takayasu arteritis: A proof-of-concept study,"Espinosa-Bautista, F.| Salazar-Sánchez, M.I.| Brianza-Padilla, M.| León-Ávila, G.| Hernández-Díazcouder, A.| Domínguez-López, M.L.| Amezcua-Guerra, L.M.| Pineda, C.",8.0,57895234200| 8973656000| 57144625900| 55989808800| 57209457566| 6507901115| 11142275100| 55989786100,2024.0,2024-03-01,Clinical Rheumatology,43,3,1253-1259,-,ISSN-07703198,19187.0,Journal,Springer Science and Business Media Deutschland GmbH,English,0.94,33,5.9,24,0.855,28,0.68,6.0,2.0,0.48,4.21,45.0,48.0,0.0,0.0,"Espinosa-Bautista, F., Salazar-Sánchez, M.I., Brianza-Padilla, M. and 5 more (...) (2024).Dysregulation of long non-coding RNAs in Takayasu arteritis: A proof-of-concept study. Clinical Rheumatology,43(3) 1253-1259",https://www.scopus.com/record/display.url?eid=2-s2.0-85183913317&origin=resultslist,10.1007/s10067-024-06880-0,Article,,2-s2.0-85183913317,38285374,Universidad Autónoma Metropolitana| Instituto Nacional de Rehabilitación| Hospital Infantil de Mexico Federico Gomez| Instituto Politécnico Nacional| Instituto Nacional de Cardiologia Ignacio Chavez,505017| 715278| 505033| 505011| 505008,Medical| Academic| Government,5.0,60019176| 60010748| 60000328| 60010210| 60084250,Instituto Politécnico Nacional| Instituto Nacional de Cardiologia Ignacio Chavez| Hospital Infantil de México Federico Gómez| Universidad Autónoma Metropolitana Unidad Xochimilco| Instituto Nacional de Rehabilitación,57895234200,55989786100,11142275100,-,Mexico,1.0,2745,Rheumatology,5,Life Sciences & Medicine,532,Medicine,34,Medical and Health,42| 32,Health Sciences| Biomedical And Clinical Sciences,3204| 4201| 3202,Immunology| Allied health and rehabilitation science| Clinical sciences,SDG 3,Autoimmune Diseases and Vasculitis Mechanisms,217,59.254,Takayasu's Arteritis and Vasculitis,2615,88.646,Definitive,2024.0,2.0,N/A,"Espinosa-Bautista, F.| Salazar-Sánchez, M.I.| Brianza-Padilla, M.| León-Ávila, G.| Hernández-Díazcouder, A.| Domínguez-López, M.L.| Amezcua-Guerra, L.M.| Pineda, C.",Universidad Autónoma Metropolitana| Instituto Nacional de Rehabilitación| Hospital Infantil de Mexico Federico Gomez| Instituto Politécnico Nacional| Instituto Nacional de Cardiologia Ignacio Chavez,Mexico,0
11142275100,11142275100,Gender assessment of sleep disorders in an adult urban population of Mexico City,"Amezcua-Guerra, L.M.| Pazarán-Romero, G.| Gutiérrez-Esparza, G.O.| Fonseca-Camarillo, G.| Martínez-García, M.| Groves-Miralrío, L.E.| Brianza-Padilla, M.",7.0,11142275100| 59410409100| 55321721500| 35748597600| 57200414115| 58642682700| 57144625900,2024.0,2024-01-01,Salud Publica de Mexico,66,6,824-830,-,ISSN-00363634,19317.0,Journal,Instituto Nacional de Salud Publica,English,1.01,29,3.3,45,0.869,28,0.13,2.0,1.0,0.24,4.14,56.0,61.0,0.0,0.0,"Amezcua-Guerra, L.M., Pazarán-Romero, G., Gutiérrez-Esparza, G.O. and 4 more (...) (2024).Gender assessment of sleep disorders in an adult urban population of Mexico City. Salud Publica de Mexico,66(6) 824-830",https://www.scopus.com/record/display.url?eid=2-s2.0-85209152471&origin=resultslist,10.21149/15654,Article,Gold|Green,2-s2.0-85209152471,39977163,Consejo Nacional de Ciencia y Tecnologia Mexico| Universidad Autónoma Metropolitana| Instituto Nacional de Cardiologia Ignacio Chavez,704696| 505017| 505008,Government| Academic,3.0,60010748| 60010210| 60013839| 60027998,"Instituto Nacional de Cardiologia Ignacio Chavez| Universidad Autónoma Metropolitana Unidad Xochimilco| Secretaria de Salud| Secretaría de Ciencia, Humanidades, Tecnología e Innovación",11142275100,57144625900,57144625900,-,Mexico,1.0,2739,"Public Health, Environmental and Occupational Health",5,Life Sciences & Medicine,532,Medicine,34,Medical and Health,42,Health Sciences,4206| 4203,Public health| Health services and systems,SDG 10,Sleep Quality and Health Across Life Stages,396,86.069,Sleep Duration and Its Health Implications,1249,99.241,Definitive,2024.0,1.0,N/A,"Amezcua-Guerra, L.M.| Pazarán-Romero, G.| Gutiérrez-Esparza, G.O.| Fonseca-Camarillo, G.| Martínez-García, M.| Groves-Miralrío, L.E.| Brianza-Padilla, M.",Consejo Nacional de Ciencia y Tecnologia Mexico| Universidad Autónoma Metropolitana| Instituto Nacional de Cardiologia Ignacio Chavez,Mexico,0
11142275100,11142275100,The Self-Reported Quality of Sleep and Its Relationship with the Development of Arterial Hypertension: Perspectives from the Tlalpan 2020 Cohort,"Amezcua-Guerra, L.M.| Velázquez-Espinosa, K.P.| Piña-Soto, L.A.| Gutiérrez-Esparza, G.O.| Martínez-García, M.| Brianza-Padilla, M.",6.0,11142275100| 59387951000| 59387894000| 55321721500| 57200414115| 57144625900,2024.0,2024-10-01,Journal of Clinical Medicine,13,20,-,6089,ISSN-20770383,21101054449.0,Journal,Multidisciplinary Digital Publishing Institute (MDPI),English,1.08,26,5.2,14,0.919,25,0.56,5.0,1.0,0.25,4.0,56.0,60.0,0.0,0.0,"Amezcua-Guerra, L.M., Velázquez-Espinosa, K.P., Piña-Soto, L.A. and 3 more (...) (2024).The Self-Reported Quality of Sleep and Its Relationship with the Development of Arterial Hypertension: Perspectives from the Tlalpan 2020 Cohort. Journal of Clinical Medicine,13(20) ",https://www.scopus.com/record/display.url?eid=2-s2.0-85207684720&origin=resultslist,10.3390/jcm13206089,Article,Gold|Green,2-s2.0-85207684720,-,Consejo Nacional de Ciencia y Tecnologia Mexico| Universidad Autónoma Metropolitana| Instituto Nacional de Cardiologia Ignacio Chavez,704696| 505017| 505008,Academic| Government,3.0,60010748| 60010210| 130396085| 60027998,"Instituto Nacional de Cardiologia Ignacio Chavez| Universidad Autónoma Metropolitana Unidad Xochimilco| UNAM| Secretaría de Ciencia, Humanidades, Tecnología e Innovación",11142275100,57144625900,57144625900,-,Mexico,1.0,2700,General Medicine,5,Life Sciences & Medicine,532,Medicine,34,Medical and Health,32,Biomedical And Clinical Sciences,3204| 3202| 3201,Immunology| Clinical sciences| Cardiovascular medicine and haematology,-,Sleep Quality and Health Across Life Stages,396,86.069,Sleep Duration and Its Health Implications,1249,99.241,Definitive,2024.0,1.0,N/A,"Amezcua-Guerra, L.M.| Velázquez-Espinosa, K.P.| Piña-Soto, L.A.| Gutiérrez-Esparza, G.O.| Martínez-García, M.| Brianza-Padilla, M.",Consejo Nacional de Ciencia y Tecnologia Mexico| Universidad Autónoma Metropolitana| Instituto Nacional de Cardiologia Ignacio Chavez,Mexico,0
11142275100,11142275100,Should a recent SARS-CoV-2 infection be considered a risk or prognostic factor for ST-segment elevation myocardial infarction?,"Díaz-Domínguez, K.A.| Cruz-Melendez, A.| Amezcua-Castillo, L.M.| Guerra-López, J.A.| Tavera-Alonso, C.| González-Pacheco, H.| Amezcua-Guerra, L.M.",7.0,58621921400| 58622200400| 57208176248| 57867498900| 57222902795| 6603437053| 11142275100,2023.0,2023-12-01,Archivos de Cardiologia de Mexico,93,-,16-21,-,ISSN-14059940,34097.0,Journal,Instituto Nacional de Cardiologia Ignazio Chavez,English,0.37,73,0.8,83,0.194,82,0.0,0.0,1.0,0.12,8.52,65.0,72.0,0.0,0.0,"Díaz-Domínguez, K.A., Cruz-Melendez, A., Amezcua-Castillo, L.M. and 4 more (...) (2023).Should a recent SARS-CoV-2 infection be considered a risk or prognostic factor for ST-segment elevation myocardial infarction?. Archivos de Cardiologia de Mexico,9316-21",https://www.scopus.com/record/display.url?eid=2-s2.0-85154538472&origin=resultslist,10.24875/ACM.22000153,Article,Gold|Green,2-s2.0-85154538472,36075089,Universidad Autónoma Metropolitana| Instituto Nacional de Cardiologia Ignacio Chavez,505017| 505008,Government| Academic,2.0,60010748| 60010210,Instituto Nacional de Cardiologia Ignacio Chavez| Universidad Autónoma Metropolitana Unidad Xochimilco,58621921400,11142275100,11142275100,-,Mexico,1.0,2705,Cardiology and Cardiovascular Medicine,5,Life Sciences & Medicine,532,Medicine,34,Medical and Health,32,Biomedical And Clinical Sciences,3202,Clinical sciences,SDG 3,"COVID-19, Its Impact, and Vaccination",1,99.935,Cardiovascular Implications of COVID-19 Infection,8162,96.609,Other,2023.0,1.0,N/A,"Díaz-Domínguez, K.A.| Cruz-Melendez, A.| Amezcua-Castillo, L.M.| Guerra-López, J.A.| Tavera-Alonso, C.| González-Pacheco, H.| Amezcua-Guerra, L.M.",Universidad Autónoma Metropolitana| Instituto Nacional de Cardiologia Ignacio Chavez,Mexico,0
11142275100,11142275100,Senescent CD4+ T-Cell Phenotypes and Inflammatory Milieu in the Coronary and Systemic Circulation in ST-Elevation Myocardial Infarction: An Exploratory Study,"Bocanegra-Zamora, F.| Espinosa-Bautista, F.| Jiménez-Rodríguez, G.M.| Masso, F.| Paez, A.| Gonzalez-Pacheco, H.| Patlán, M.| Eid-Lidt, G.| Amezcua-Guerra, L.M.",9.0,59344093600| 57895234200| 57214361538| 57210610002| 7004827881| 6603437053| 57031949600| 6602564297| 11142275100,2024.0,2024-10-01,Journal of Vascular Research,61,5,260-266,-,ISSN-10181172,23901.0,Journal,S. Karger AG,English,0.64,53,3.6,43,0.702,38,1.05,9.0,1.0,0.18,5.59,56.0,65.0,0.0,0.0,"Bocanegra-Zamora, F., Espinosa-Bautista, F., Jiménez-Rodríguez, G.M. and 6 more (...) (2024).Senescent CD4+ T-Cell Phenotypes and Inflammatory Milieu in the Coronary and Systemic Circulation in ST-Elevation Myocardial Infarction: An Exploratory Study. Journal of Vascular Research,61(5) 260-266",https://www.scopus.com/record/display.url?eid=2-s2.0-85205013400&origin=resultslist,10.1159/000541069,Article,,2-s2.0-85205013400,39293415,Universidad Autónoma Metropolitana| Instituto Politécnico Nacional| Instituto Nacional de Cardiologia Ignacio Chavez| Universidad Nacional Autónoma de México,505017| 505011| 505008| 505023,Academic| Government,4.0,60010748| 60019176| 60032442| 60010210,Instituto Nacional de Cardiologia Ignacio Chavez| Instituto Politécnico Nacional| Universidad Nacional Autónoma de México| Universidad Autónoma Metropolitana Unidad Xochimilco,59344093600,11142275100,11142275100,-,Mexico,1.0,1314| 2705,Physiology| Cardiology and Cardiovascular Medicine,5,Life Sciences & Medicine,532| 503,Medicine| Anatomy & Physiology,32| 34,Life Sciences| Medical and Health,42| 32,Health Sciences| Biomedical And Clinical Sciences,-,-,SDG 3,T Cell Dynamics and Immunoglobulin Recombination Insights,231,78.156,Immunological Aging and T Cell Dynamics in Disease,58901,67.946,Definitive,2024.0,1.0,N/A,"Bocanegra-Zamora, F.| Espinosa-Bautista, F.| Jiménez-Rodríguez, G.M.| Masso, F.| Paez, A.| Gonzalez-Pacheco, H.| Patlán, M.| Eid-Lidt, G.| Amezcua-Guerra, L.M.",Universidad Autónoma Metropolitana| Instituto Politécnico Nacional| Instituto Nacional de Cardiologia Ignacio Chavez| Universidad Nacional Autónoma de México,Mexico,0
11142275100,11142275100,Mononuclear cells from patients with rhupus are influenced by TNF in their production of gp130/sIL-6Rb and APRIL,"Amezcua-Guerra, L.M.| Sánchez-Muñoz, F.| Guzmán-García, S.| Márquez-Velasco, R.| Becerril-Villanueva, E.| Vázquez-Panchos, Y.| Juárez-Vicuña, Y.",7.0,11142275100| 56002771800| 58695266400| 55993786700| 55189540100| 58695767000| 57192312268,2023.0,2023-10-25,Lupus Science and Medicine,10,2,-,e000970,ISSN-20538790,21100428281.0,Journal,BMJ Publishing Group,English,1.11,22,5.3,33,1.278,14,0.22,3.0,1.0,0.11,9.39,65.0,73.0,0.0,0.0,"Amezcua-Guerra, L.M., Sánchez-Muñoz, F., Guzmán-García, S. and 4 more (...) (2023).Mononuclear cells from patients with rhupus are influenced by TNF in their production of gp130/sIL-6Rb and APRIL. Lupus Science and Medicine,10(2) ",https://www.scopus.com/record/display.url?eid=2-s2.0-85176810407&origin=resultslist,10.1136/lupus-2023-000970,Article,Gold|Green,2-s2.0-85176810407,-,Instituto Nacional de Psiquiatria Ramon de la Fuente| Universidad Autónoma Metropolitana| Instituto Nacional de Cardiologia Ignacio Chavez,505042| 505017| 505008,Government| Academic,3.0,60010748| 60010210| 60001818,Instituto Nacional de Cardiologia Ignacio Chavez| Universidad Autónoma Metropolitana Unidad Xochimilco| Instituto Nacional de Psiquiatría Ramon de la Fuente,11142275100,57192312268,57192312268,-,Mexico,1.0,2403| 2745,Immunology| Rheumatology,5,Life Sciences & Medicine,507| 532,Biological Sciences| Medicine,34| 32,Medical and Health| Life Sciences,32,Biomedical And Clinical Sciences,3202| 3204,Clinical sciences| Immunology,SDG 3,Systemic Lupus Erythematosus and Patient Outcomes,564,55.657,Systemic Lupus Erythematosus and Arthropathy,55624,53.248,Definitive,2023.0,1.0,N/A,"Amezcua-Guerra, L.M.| Sánchez-Muñoz, F.| Guzmán-García, S.| Márquez-Velasco, R.| Becerril-Villanueva, E.| Vázquez-Panchos, Y.| Juárez-Vicuña, Y.",Instituto Nacional de Psiquiatria Ramon de la Fuente| Universidad Autónoma Metropolitana| Instituto Nacional de Cardiologia Ignacio Chavez,Mexico,0
11142275100,11142275100,RESECTION OF THE ATRIAL APPENDAGES AND ITS IMPACT IN THE NATRIURETIC HOMEOSTASIS: DEVELOPMENT AND VALIDATION OF AN ANIMAL MODEL IN AN ACADEMIC MEDICAL CENTER,"Marquez-Velasco, R.| Vallejo, M.| Catrip-Torres, J.M.| Lespron-Robles, M.D.C.| Villegas-Juache, J.| Molina-Mendez, F.J.| Amezcua-Guerra, L.M.| Vargas-Barron, J.| Pop, G.",9.0,55993786700| 7004446142| 57193756422| 14527259100| 57223036417| 8638662800| 11142275100| 7004704558| 7004417403,2020.0,2020-01-01,Revista de investigacion clinica; organo del Hospital de Enfermedades de la Nutricion,72,2,103-109,-,ISSN-00348376,18238.0,Journal,NLM (Medline),English,0.63,55,1.9,36,0.39,63,0.2,5.0,1.0,0.08,12.68,74.0,75.0,0.0,0.0,"Marquez-Velasco, R., Vallejo, M., Catrip-Torres, J.M. and 6 more (...) (2020).RESECTION OF THE ATRIAL APPENDAGES AND ITS IMPACT IN THE NATRIURETIC HOMEOSTASIS: DEVELOPMENT AND VALIDATION OF AN ANIMAL MODEL IN AN ACADEMIC MEDICAL CENTER. Revista de investigacion clinica; organo del Hospital de Enfermedades de la Nutricion,72(2) 103-109",https://www.scopus.com/record/display.url?eid=2-s2.0-85092907457&origin=resultslist,10.24875/RIC.19003132,Article,Bronze|Green,2-s2.0-85092907457,32284626,Universidad Autónoma Metropolitana| Radboud University Nijmegen| Instituto Nacional de Cardiologia Ignacio Chavez,505017| 325010| 505008,Government| Academic,3.0,60010748| 60010210| 60002573,Instituto Nacional de Cardiologia Ignacio Chavez| Universidad Autónoma Metropolitana Unidad Xochimilco| Radboud University Medical Center,55993786700,7004417403,-,-,Mexico| Netherlands,2.0,2700,General Medicine,5,Life Sciences & Medicine,532,Medicine,34,Medical and Health,32,Biomedical And Clinical Sciences,3202| 3201| 3204,Clinical sciences| Cardiovascular medicine and haematology| Immunology,-,Direct Oral Anticoagulants in Atrial Fibrillation Management,305,73.905,Left Atrial Appendage Closure for Stroke Prevention,5773,96.76,Other,2020.0,1.0,N/A,"Marquez-Velasco, R.| Vallejo, M.| Catrip-Torres, J.M.| Lespron-Robles, M.D.C.| Villegas-Juache, J.| Molina-Mendez, F.J.| Amezcua-Guerra, L.M.| Vargas-Barron, J.| Pop, G.",Universidad Autónoma Metropolitana| Radboud University Nijmegen| Instituto Nacional de Cardiologia Ignacio Chavez,Mexico| Netherlands,0
