Autor,Autor_ID,Title,Authors,Number of Authors,Scopus Author Ids,Year,Full date,Scopus Source title,Volume,Issue,Pages,Article number,ISSN,Source ID,Source type,Publisher,Language,SNIP (publication year),SNIP percentile (publication year) *,CiteScore (publication year),CiteScore percentile (publication year) *,SJR (publication year),SJR percentile (publication year) *,Field-Weighted View Impact,Views,Citations,Field-Weighted Citation Impact,Field-Citation Average,"Outputs in Top Citation Percentiles, per percentile","Field-Weighted Outputs in Top Citation Percentiles, per percentile",Main patent families,Policy citations,Reference,Abstract,DOI,Publication type,Open Access,EID,PubMed ID,Institutions,Institution IDs,Sector,Number of Institutions,Scopus Affiliation IDs,Scopus Affiliation names,Scopus Author ID First Author,Scopus Author ID Last Author,Scopus Author ID Corresponding Author,Scopus Author ID Single Author,Country/Region,Number of Countries/Regions,All Science Journal Classification (ASJC) code,All Science Journal Classification (ASJC) field name,Quacquarelli Symonds (QS) Subject area code,Quacquarelli Symonds (QS) Subject area field name,Quacquarelli Symonds (QS) Subject code,Quacquarelli Symonds (QS) Subject field name,Times Higher Education (THE) code,Times Higher Education (THE) field name,ANZSRC FoR (2020) parent code,ANZSRC FoR (2020) parent name,ANZSRC FoR (2020) code,ANZSRC FoR (2020) name,Sustainable Development Goals (2025),Topic Cluster name,Topic Cluster number,Topic Cluster Prominence Percentile,Topic name,Topic number,Topic Prominence Percentile,Publication link to Topic strength,Año,Citas,Colaboracion,Autores,Instituciones,Regiones,Instituciones_Nacionales
7102176710,7102176710,Arsenic removal from water by hybrid electro-regenerated anion exchange resin/electrodialysis process,"Ortega, A.| Oliva, I.| Contreras, K.E.| González, I.| Cruz-Díaz, M.R.| Rivero, E.P.",6.0,57194188870| 57194183744| 57194195949| 7102176710| 36545050800| 14034587000,2017.0,2017-01-01,Separation and Purification Technology,184,-,319-326,-,ISSN-13835866,14292.0,Journal,Elsevier B.V.,English,1.51,12,6.4,14,1.093,16,1.11,74.0,118.0,2.61,14.19,3.0,9.0,0.0,0.0,"Ortega, A., Oliva, I., Contreras, K.E. and 3 more (...) (2017).Arsenic removal from water by hybrid electro-regenerated anion exchange resin/electrodialysis process. Separation and Purification Technology,184319-326",https://www.scopus.com/record/display.url?eid=2-s2.0-85019073633&origin=resultslist,10.1016/j.seppur.2017.04.050,Article,,2-s2.0-85019073633,-,Universidad Autónoma Metropolitana| Universidad Nacional Autónoma de México,505017| 505023,Academic,2.0,60032442| 60172565| 60028381,Universidad Nacional Autónoma de México| Facultad de Estudios Superiores Cuautitlán| Universidad Autónoma Metropolitana -Unidad Iztapalapa,57194188870,14034587000,14034587000,-,Mexico,1.0,1506| 1602,Filtration and Separation| Analytical Chemistry,4| 2,Natural Sciences| Engineering & Technology,219| 249| 409,Engineering - Chemical| Engineering - Petroleum| Chemistry,36| 37,Engineering| Physical Sciences,40,Engineering,4004| 4011,Chemical engineering| Environmental engineering,SDG 3| SDG 6,Arsenic Contamination in Soil and Water Systems,225,93.787,Arsenic Removal Technologies for Potable Water,714,99.127,Definitive,2017.0,118.0,N/A,"Ortega, A.| Oliva, I.| Contreras, K.E.| González, I.| Cruz-Díaz, M.R.| Rivero, E.P.",Universidad Autónoma Metropolitana| Universidad Nacional Autónoma de México,Mexico,0
7102176710,7102176710,Synthesis of novel hard mesoporous carbons and their application as anodes for Li and Na ion batteries,"Velez, V.| Ramos-Sánchez, G.| Lopez, B.| Lartundo-Rojas, L.| González, I.| Sierra, L.",6.0,57219405997| 56013733500| 7101920944| 57455354200| 7102176710| 56284398200,2019.0,2019-06-01,Carbon,147,-,214-226,-,ISSN-00086223,25806.0,Journal,Elsevier Ltd,English,1.83,8,14.1,5,2.234,7,2.78,83.0,70.0,1.71,17.56,6.0,16.0,0.0,0.0,"Velez, V., Ramos-Sánchez, G., Lopez, B. and 3 more (...) (2019).Synthesis of novel hard mesoporous carbons and their application as anodes for Li and Na ion batteries. Carbon,147214-226",https://www.scopus.com/record/display.url?eid=2-s2.0-85063113163&origin=resultslist,10.1016/j.carbon.2019.02.083,Article,,2-s2.0-85063113163,-,Universidad Autónoma Metropolitana| Universidad de Antioquia| Instituto Politécnico Nacional,505017| 604001| 505011,Academic,3.0,60055833| 60028381| 60019176,Universidad de Antioquia| Universidad Autónoma Metropolitana -Unidad Iztapalapa| Instituto Politécnico Nacional,57219405997,56284398200,56284398200,-,Mexico| Colombia,2.0,1600| 2500,General Chemistry| General Materials Science,2| 4,Engineering & Technology| Natural Sciences,409| 433,Chemistry| Materials Science,37| 36,Physical Sciences| Engineering,40| 51| 34,Engineering| Physical Sciences| Chemical Sciences,-,-,SDG 7,High-Performance Materials for Lithium Batteries,96,99.608,Sodium-Ion Batteries: Innovations in Energy Storage,331,99.963,Very Good,2019.0,70.0,N/A,"Velez, V.| Ramos-Sánchez, G.| Lopez, B.| Lartundo-Rojas, L.| González, I.| Sierra, L.",Universidad Autónoma Metropolitana| Universidad de Antioquia| Instituto Politécnico Nacional,Mexico| Colombia,0
7102176710,7102176710,Microstructural and electrochemical analysis of Sb2O5 doped-Ti/RuO2-ZrO2 to yield active chlorine species for ciprofloxacin degradation,"Palma-Goyes, R.E.| Vazquez-Arenas, J.| Ostos, C.| Ferraro, F.| Torres-Palma, R.A.| Gonzalez, I.",6.0,36633077700| 56013705500| 24559580800| 36602259900| 57205313324| 7102176710,2016.0,2016-09-20,Electrochimica Acta,213,-,740-751,-,ISSN-00134686,25181.0,Journal,Elsevier Ltd,English,1.19,20,8,4,1.355,8,3.55,135.0,68.0,2.17,10.58,7.0,12.0,0.0,0.0,"Palma-Goyes, R.E., Vazquez-Arenas, J., Ostos, C. and 3 more (...) (2016).Microstructural and electrochemical analysis of Sb2O5 doped-Ti/RuO2-ZrO2 to yield active chlorine species for ciprofloxacin degradation. Electrochimica Acta,213740-751",https://www.scopus.com/record/display.url?eid=2-s2.0-84982816248&origin=resultslist,10.1016/j.electacta.2016.07.150,Article,Green,2-s2.0-84982816248,-,Universidad Autónoma Metropolitana| Universidad de Antioquia| Universidad Católica Luis Amigó,505017| 604001| 719878,Academic,3.0,60055833| 60028381| 60189166,Universidad de Antioquia| Universidad Autónoma Metropolitana -Unidad Iztapalapa| Universidad Católica Luis Amigó,36633077700,7102176710,56013705500,-,Mexico| Colombia,2.0,1500| 1603,General Chemical Engineering| Electrochemistry,4| 2,Natural Sciences| Engineering & Technology,219| 409,Engineering - Chemical| Chemistry,37| 36,Physical Sciences| Engineering,51| 40| 34,Physical Sciences| Engineering| Chemical Sciences,-,-,-,Innovative Approaches in Wastewater Treatment Technologies,433,93.264,Electrochemical Techniques for Wastewater Degradation,336,99.825,Very Good,2016.0,68.0,N/A,"Palma-Goyes, R.E.| Vazquez-Arenas, J.| Ostos, C.| Ferraro, F.| Torres-Palma, R.A.| Gonzalez, I.",Universidad Autónoma Metropolitana| Universidad de Antioquia| Universidad Católica Luis Amigó,Mexico| Colombia,0
7102176710,7102176710,Mineralization of 2-chlorophenol by sequential electrochemical reductive dechlorination and biological processes,"Arellano-González, M.T.| González, I.| Texier, A.-C.",3.0,51763337600| 7102176710| 55995939300,2016.0,2016-08-15,Journal of Hazardous Materials,314,-,181-187,-,ISSN-03043894,25858.0,Journal,Elsevier B.V.,English,2.08,5,9.4,3,1.742,5,0.63,39.0,62.0,2.14,11.67,8.0,12.0,0.0,0.0,"Arellano-González, M.T., González, I., Texier, A.-C. (2016).Mineralization of 2-chlorophenol by sequential electrochemical reductive dechlorination and biological processes. Journal of Hazardous Materials,314181-187",https://www.scopus.com/record/display.url?eid=2-s2.0-84973137518&origin=resultslist,10.1016/j.jhazmat.2016.04.048,Article,,2-s2.0-84973137518,27131458,Universidad Autónoma Metropolitana,505017,Academic,1.0,60028381,Universidad Autónoma Metropolitana -Unidad Iztapalapa,51763337600,55995939300,51763337600,-,Mexico,1.0,2304| 2305| 2307| 2310| 2311,"Environmental Chemistry| Environmental Engineering| Health, Toxicology and Mutagenesis| Pollution| Waste Management and Disposal",3| 2| 4| 5,Social Sciences & Management| Engineering & Technology| Natural Sciences| Life Sciences & Medicine,249| 424,Engineering - Petroleum| Environmental Sciences,34| 37,Medical and Health| Physical Sciences,40| 34| 41,Engineering| Chemical Sciences| Environmental Sciences,-,-,SDG 6,Innovative Approaches in Wastewater Treatment Technologies,433,93.264,Palladium Nanoparticles in Electrocatalytic Dechlorination,34958,93.449,Very Good,2016.0,62.0,N/A,"Arellano-González, M.T.| González, I.| Texier, A.-C.",Universidad Autónoma Metropolitana,Mexico,0
7102176710,7102176710,The abatement of indigo carmine using active chlorine electrogenerated on ternary Sb2O5-doped Ti/RuO2-ZrO2 anodes in a filter-press FM01-LC reactor,"Palma-Goyes, R.E.| Vazquez-Arenas, J.| Torres-Palma, R.A.| Ostos, C.| Ferraro, F.| González, I.",6.0,36633077700| 56013705500| 57205313324| 24559580800| 36602259900| 7102176710,2015.0,2015-06-26,Electrochimica Acta,174,-,735-744,-,ISSN-00134686,25181.0,Journal,Elsevier Ltd,English,1.35,15,7.2,5,1.321,10,3.54,137.0,58.0,1.52,10.52,10.0,19.0,0.0,0.0,"Palma-Goyes, R.E., Vazquez-Arenas, J., Torres-Palma, R.A. and 3 more (...) (2015).The abatement of indigo carmine using active chlorine electrogenerated on ternary Sb2O5-doped Ti/RuO2-ZrO2 anodes in a filter-press FM01-LC reactor. Electrochimica Acta,174735-744",https://www.scopus.com/record/display.url?eid=2-s2.0-84934908068&origin=resultslist,10.1016/j.electacta.2015.06.037,Article,,2-s2.0-84934908068,-,Universidad Autónoma Metropolitana| Universidad de Antioquia| Universidad Católica Luis Amigó,505017| 604001| 719878,Academic,3.0,60055833| 60028381| 60189166,Universidad de Antioquia| Universidad Autónoma Metropolitana -Unidad Iztapalapa| Universidad Católica Luis Amigó,36633077700,7102176710,56013705500,-,Mexico| Colombia,2.0,1500| 1603,General Chemical Engineering| Electrochemistry,2| 4,Engineering & Technology| Natural Sciences,409| 219,Chemistry| Engineering - Chemical,36| 37,Engineering| Physical Sciences,34| 51| 40,Chemical Sciences| Physical Sciences| Engineering,-,-,SDG 6| SDG 11,Innovative Approaches in Wastewater Treatment Technologies,433,93.264,Electrochemical Techniques for Wastewater Degradation,336,99.825,Definitive,2015.0,58.0,N/A,"Palma-Goyes, R.E.| Vazquez-Arenas, J.| Torres-Palma, R.A.| Ostos, C.| Ferraro, F.| González, I.",Universidad Autónoma Metropolitana| Universidad de Antioquia| Universidad Católica Luis Amigó,Mexico| Colombia,0
7102176710,7102176710,Measurements of HOMO-LUMO levels of poly(3-hexylthiophene) thin films by a simple electrochemical method,"Acevedo-Peña, P.| Baray-Calderón, A.| Hu, H.| González, I.| Ugalde-Saldivar, V.M.",5.0,56074239100| 57194055098| 55989708200| 7102176710| 6508002096,2017.0,2017-08-01,Journal of Solid State Electrochemistry,21,8,2407-2414,-,ISSN-14328488,25199.0,Journal,Springer New York LLC,English,0.7,48,4.2,21,0.661,23,3.54,98.0,54.0,1.13,11.51,10.0,26.0,0.0,0.0,"Acevedo-Peña, P., Baray-Calderón, A., Hu, H. and 2 more (...) (2017).Measurements of HOMO-LUMO levels of poly(3-hexylthiophene) thin films by a simple electrochemical method. Journal of Solid State Electrochemistry,21(8) 2407-2414",https://www.scopus.com/record/display.url?eid=2-s2.0-85018507929&origin=resultslist,10.1007/s10008-017-3587-2,Article,,2-s2.0-85018507929,-,Consejo Nacional de Ciencia y Tecnologia Mexico| Universidad Autónoma Metropolitana| Instituto Politécnico Nacional| Universidad Nacional Autónoma de México,704696| 505017| 505011| 505023,Government| Academic,4.0,60032442| 60027998| 60013076| 60019176| 60003209| 60028381,"Universidad Nacional Autónoma de México| Secretaría de Ciencia, Humanidades, Tecnología e Innovación| Centro de Investigacion en Ciencia Aplicada y Tecnologia Avanzada| Instituto Politécnico Nacional| Instituto de Energías Renovables de la UNAM| Universidad Autónoma Metropolitana -Unidad Iztapalapa",56074239100,6508002096,6508002096,-,Mexico,1.0,1603| 2102| 2208| 2500| 2505| 3104,Electrochemistry| Energy Engineering and Power Technology| Electrical and Electronic Engineering| General Materials Science| Materials Chemistry| Condensed Matter Physics,2| 4,Engineering & Technology| Natural Sciences,409| 433| 221| 249| 439,Chemistry| Materials Science| Engineering - Electrical & Electronic| Engineering - Petroleum| Physics & Astronomy,36| 37,Engineering| Physical Sciences,34,Chemical Sciences,3406| 3403,Physical chemistry| Macromolecular and materials chemistry,SDG 7,Organic Solar Cell Polymers,477,90.124,Molecular Dynamics of Conjugated Polymer Structures,85434,59.186,Weak,2017.0,54.0,N/A,"Acevedo-Peña, P.| Baray-Calderón, A.| Hu, H.| González, I.| Ugalde-Saldivar, V.M.",Consejo Nacional de Ciencia y Tecnologia Mexico| Universidad Autónoma Metropolitana| Instituto Politécnico Nacional| Universidad Nacional Autónoma de México,Mexico,0
7102176710,7102176710,Partially Reversible H2S Adsorption by MFM-300(Sc): Formation of Polysulfides,"Flores, J.G.| Zárate-Colín, J.A.| Sánchez-González, E.| Valenzuela, J.R.| Gutiérrez-Alejandre, A.| Ramírez, J.| Jancik, V.| Aguilar-Pliego, J.| Zorrilla, M.C.| Lara-García, H.A.| González-Zamora, E.| Guzmán-González, G.| González, I.| Maurin, G.| Ibarra, I.A.",15.0,57206442858| 57216604029| 24172136000| 57216604913| 6603164478| 35551024700| 6603651982| 56013754600| 57216604651| 56285455400| 55989686000| 57189004847| 7102176710| 8914339300| 55000477500,2020.0,2020-04-22,ACS Applied Materials and Interfaces,12,16,18885-18892,-,ISSN-19448244,19700171101.0,Journal,American Chemical Society,English,1.46,15,14,7,2.535,5,2.49,82.0,53.0,1.58,18.32,8.0,17.0,0.0,0.0,"Flores, J.G., Zárate-Colín, J.A., Sánchez-González, E. and 12 more (...) (2020).Partially Reversible H2S Adsorption by MFM-300(Sc): Formation of Polysulfides. ACS Applied Materials and Interfaces,12(16) 18885-18892",https://www.scopus.com/record/display.url?eid=2-s2.0-85084026242&origin=resultslist,10.1021/acsami.0c02340,Article,,2-s2.0-85084026242,32233387,Kyoto University| Université de Montpellier| Universidad Autónoma Metropolitana| CNRS| Universidad Autonoma del Estado de Mexico| Universidad Nacional Autónoma de México| École nationale supérieure de chimie de Montpellier,208081| 314084| 505017| 314004| 505051| 505023| 314010,Academic| Government,7.0,60032442| 60023193| 60108488| 60008134| 60024243| 60103239| 60027613| 60175860| 60028381| 60119339| 60011001,Universidad Nacional Autónoma de México| Universidad Autónoma Metropolitana - Azcapotzalco| Université de Montpellier| CNRS Centre National de la Recherche Scientifique| École Nationale Supérieure de Chimie de Montpellier| Institut Charles Gerhardt Montpellier| Unidad de Investigacion en Catalisis| Centro Conjunto de Investigación en Química Sustentable UAEM-UNAM| Universidad Autónoma Metropolitana -Unidad Iztapalapa| Institute for Integrated Cell-Material Sciences| Kyoto University,57206442858,55000477500,6603164478| 8914339300| 55000477500,-,Mexico| Japan| France,3.0,2500,General Materials Science,2,Engineering & Technology,433,Materials Science,36,Engineering,51| 34| 40,Physical Sciences| Chemical Sciences| Engineering,-,-,SDG 7,Metal-Organic Frameworks in Environmental Applications,99,98.496,Tailored MOFs for Selective Gas Adsorption,19124,99.42,Defensible,2020.0,53.0,N/A,"Flores, J.G.| Zárate-Colín, J.A.| Sánchez-González, E.| Valenzuela, J.R.| Gutiérrez-Alejandre, A.| Ramírez, J.| Jancik, V.| Aguilar-Pliego, J.| Zorrilla, M.C.| Lara-García, H.A.| González-Zamora, E.| Guzmán-González, G.| González, I.| Maurin, G.| Ibarra, I.A.",Kyoto University| Université de Montpellier| Universidad Autónoma Metropolitana| CNRS| Universidad Autonoma del Estado de Mexico| Universidad Nacional Autónoma de México| École nationale supérieure de chimie de Montpellier,Mexico| Japan| France,0
7102176710,7102176710,Improved performance of LiFePO4 cathode for Li-ion batteries through percolation studies,"Guzmán, G.| Vazquez-Arenas, J.| Ramos-Sánchez, G.| Bautista-Ramírez, M.| González, I.",5.0,57189004847| 56013705500| 56013733500| 57209384583| 7102176710,2017.0,2017-09-01,Electrochimica Acta,247,-,451-459,-,ISSN-00134686,25181.0,Journal,Elsevier Ltd,English,1.13,23,8.6,5,1.439,8,1.63,80.0,50.0,2.07,11.59,11.0,13.0,0.0,0.0,"Guzmán, G., Vazquez-Arenas, J., Ramos-Sánchez, G. and 2 more (...) (2017).Improved performance of LiFePO4 cathode for Li-ion batteries through percolation studies. Electrochimica Acta,247451-459",https://www.scopus.com/record/display.url?eid=2-s2.0-85023629228&origin=resultslist,10.1016/j.electacta.2017.06.172,Article,,2-s2.0-85023629228,-,Universidad Autónoma Metropolitana| Instituto Politécnico Nacional,505017| 505011,Academic,2.0,113211402| 60028381| 60019176,Departamento de Ingeniería de Procesos e Hidráulica| Universidad Autónoma Metropolitana -Unidad Iztapalapa| Instituto Politécnico Nacional,57189004847,7102176710,56013705500,-,Mexico,1.0,1500| 1603,General Chemical Engineering| Electrochemistry,4| 2,Natural Sciences| Engineering & Technology,219| 409,Engineering - Chemical| Chemistry,36| 37,Engineering| Physical Sciences,40| 34| 51,Engineering| Chemical Sciences| Physical Sciences,-,-,SDG 7,High-Performance Materials for Lithium-Ion Batteries,303,96.73,Lithium Ion Battery Cathode Materials,408,98.272,Very Good,2017.0,50.0,N/A,"Guzmán, G.| Vazquez-Arenas, J.| Ramos-Sánchez, G.| Bautista-Ramírez, M.| González, I.",Universidad Autónoma Metropolitana| Instituto Politécnico Nacional,Mexico,0
7102176710,7102176710,Characterization of anodic deposits formed on Pb-Ag electrodes during electrolysis in mimic zinc electrowinning solutions with different concentrations of Mn(II),"Jaimes, R.| Miranda-Hernández, M.| Lartundo-Rojas, L.| González, I.",4.0,56986196500| 6603638762| 57455354200| 7102176710,2015.0,2015-06-10,Hydrometallurgy,156,-,53-62,-,ISSN-0304386X,12133.0,Journal,Elsevier,English,1.92,6,3.9,11,1.154,8,2.18,65.0,50.0,1.75,7.41,12.0,16.0,0.0,0.0,"Jaimes, R., Miranda-Hernández, M., Lartundo-Rojas, L. and 1 more (...) (2015).Characterization of anodic deposits formed on Pb-Ag electrodes during electrolysis in mimic zinc electrowinning solutions with different concentrations of Mn(II). Hydrometallurgy,15653-62",https://www.scopus.com/record/display.url?eid=2-s2.0-84930958908&origin=resultslist,10.1016/j.hydromet.2015.05.008,Article,,2-s2.0-84930958908,-,Universidad Autónoma Metropolitana| Instituto Politécnico Nacional| Universidad Nacional Autónoma de México,505017| 505011| 505023,Academic,3.0,60028381| 60003209| 60019176,Universidad Autónoma Metropolitana -Unidad Iztapalapa| Instituto de Energías Renovables de la UNAM| Instituto Politécnico Nacional,56986196500,7102176710,6603638762,-,Mexico,1.0,2209| 2505| 2506,Industrial and Manufacturing Engineering| Materials Chemistry| Metals and Alloys,4| 2,Natural Sciences| Engineering & Technology,433| 222,Materials Science| Engineering - Mechanical,36,Engineering,40,Engineering,4019| 4004,Resources engineering and extractive metallurgy| Chemical engineering,-,Innovative Approaches in Wastewater Treatment Technologies,433,93.264,Corrosion Resistance in Lead-Based Anodes,43828,80.717,Definitive,2015.0,50.0,N/A,"Jaimes, R.| Miranda-Hernández, M.| Lartundo-Rojas, L.| González, I.",Universidad Autónoma Metropolitana| Instituto Politécnico Nacional| Universidad Nacional Autónoma de México,Mexico,0
7102176710,7102176710,Electrochemical Characterization of Single Lithium-Ion Conducting Polymer Electrolytes Based on sp3 Boron and Poly(ethylene glycol) Bridges,"Guzmán-González, G.| Ávila-Paredes, H.J.| Rivera, E.| González, I.",4.0,57189004847| 15061269200| 7101648473| 7102176710,2018.0,2018-09-12,ACS Applied Materials and Interfaces,10,36,30247-30256,-,ISSN-19448244,19700171101.0,Journal,American Chemical Society,English,1.57,11,12.4,6,2.596,4,2.4,79.0,49.0,1.14,17.6,10.0,25.0,0.0,0.0,"Guzmán-González, G., Ávila-Paredes, H.J., Rivera, E. and 1 more (...) (2018).Electrochemical Characterization of Single Lithium-Ion Conducting Polymer Electrolytes Based on sp3 Boron and Poly(ethylene glycol) Bridges. ACS Applied Materials and Interfaces,10(36) 30247-30256",https://www.scopus.com/record/display.url?eid=2-s2.0-85052296813&origin=resultslist,10.1021/acsami.8b02519,Article,,2-s2.0-85052296813,30113816,Universidad Autónoma Metropolitana| Universidad Nacional Autónoma de México,505017| 505023,Academic,2.0,60028381| 60032442,Universidad Autónoma Metropolitana -Unidad Iztapalapa| Universidad Nacional Autónoma de México,57189004847,7102176710,7102176710,-,Mexico,1.0,2500,General Materials Science,2,Engineering & Technology,433,Materials Science,36,Engineering,34| 40| 51,Chemical Sciences| Engineering| Physical Sciences,-,-,SDG 7,Fuel Cells and Polymer Electrolytes,79,97.646,High-Performance Polymer Electrolytes for Lithium Batteries,5078,99.931,Very Good,2018.0,49.0,N/A,"Guzmán-González, G.| Ávila-Paredes, H.J.| Rivera, E.| González, I.",Universidad Autónoma Metropolitana| Universidad Nacional Autónoma de México,Mexico,0
7102176710,7102176710,A Graphical Approach for Identifying the Limiting Processes in Lithium-Ion Battery Cathode Using Electrochemical Impedance Spectroscopy,"Suarez-Hernandez, R.| Ramos-Sánchez, G.| Santos-Mendoza, I.O.| Guzmán-González, G.| González, I.",5.0,56205206400| 56013733500| 55775264400| 57189004847| 7102176710,2020.0,2020-01-06,Journal of the Electrochemical Society,167,10,-,100529,ISSN-00134651,25169.0,Journal,Institute of Physics Publishing,English,1,32,6.6,13,1.258,10,1.7,54.0,49.0,2.3,14.36,9.0,10.0,0.0,0.0,"Suarez-Hernandez, R., Ramos-Sánchez, G., Santos-Mendoza, I.O. and 2 more (...) (2020).A Graphical Approach for Identifying the Limiting Processes in Lithium-Ion Battery Cathode Using Electrochemical Impedance Spectroscopy. Journal of the Electrochemical Society,167(10) ",https://www.scopus.com/record/display.url?eid=2-s2.0-85089146580&origin=resultslist,10.1149/1945-7111/ab95c7,Article,,2-s2.0-85089146580,-,Consejo Nacional de Ciencia y Tecnologia Mexico| Universidad Autónoma Metropolitana,704696| 505017,Government| Academic,2.0,60028381| 60027998,"Universidad Autónoma Metropolitana -Unidad Iztapalapa| Secretaría de Ciencia, Humanidades, Tecnología e Innovación",56205206400,7102176710,-,-,Mexico,1.0,1603| 2105| 2504| 2505| 2508| 3104,"Electrochemistry| Renewable Energy, Sustainability and the Environment| Electronic, Optical and Magnetic Materials| Materials Chemistry| Surfaces, Coatings and Films| Condensed Matter Physics",2| 4,Engineering & Technology| Natural Sciences,433| 409| 439| 221,Materials Science| Chemistry| Physics & Astronomy| Engineering - Electrical & Electronic,36| 37,Engineering| Physical Sciences,40| 34,Engineering| Chemical Sciences,3406| 4016,Physical chemistry| Materials engineering,SDG 7,Battery Management and Performance,927,97.188,Lithium-Ion Cell Dynamics and Performance Insights,24679,98.88,Defensible,2020.0,49.0,N/A,"Suarez-Hernandez, R.| Ramos-Sánchez, G.| Santos-Mendoza, I.O.| Guzmán-González, G.| González, I.",Consejo Nacional de Ciencia y Tecnologia Mexico| Universidad Autónoma Metropolitana,Mexico,0
7102176710,7102176710,Energetic states in SnO2–TiO2 structures and their impact on interfacial charge transfer process,"Ramírez-Ortega, D.| Acevedo-Peña, P.| Tzompantzi, F.| Arroyo, R.| González, F.| González, I.",6.0,35196763200| 56074239100| 55993626500| 7006775332| 56000780400| 7102176710,2017.0,2017-01-01,Journal of Materials Science,52,1,260-275,-,ISSN-00222461,21162.0,Journal,Springer New York LLC,English,1.09,25,4.6,15,0.807,22,11.24,340.0,46.0,2.57,9.71,12.0,9.0,0.0,0.0,"Ramírez-Ortega, D., Acevedo-Peña, P., Tzompantzi, F. and 3 more (...) (2017).Energetic states in SnO2–TiO2 structures and their impact on interfacial charge transfer process. Journal of Materials Science,52(1) 260-275",https://www.scopus.com/record/display.url?eid=2-s2.0-84986287979&origin=resultslist,10.1007/s10853-016-0328-3,Article,,2-s2.0-84986287979,-,Universidad Autónoma Metropolitana| Universidad Nacional Autónoma de México,505017| 505023,Academic,2.0,60028381| 60032442,Universidad Autónoma Metropolitana -Unidad Iztapalapa| Universidad Nacional Autónoma de México,35196763200,7102176710,7102176710,-,Mexico,1.0,2210| 2211| 2500| 2501| 2503| 2507,Mechanical Engineering| Mechanics of Materials| General Materials Science| Materials Science (miscellaneous)| Ceramics and Composites| Polymers and Plastics,4| 2,Natural Sciences| Engineering & Technology,222| 433,Engineering - Mechanical| Materials Science,36,Engineering,40| 34,Engineering| Chemical Sciences,-,-,-,Photocatalytic Properties of Titanium Dioxide Structures,62,94.768,Photocatalytic Innovations in Titanium Dioxide Applications,47,98.985,Very Good,2017.0,46.0,N/A,"Ramírez-Ortega, D.| Acevedo-Peña, P.| Tzompantzi, F.| Arroyo, R.| González, F.| González, I.",Universidad Autónoma Metropolitana| Universidad Nacional Autónoma de México,Mexico,0
7102176710,7102176710,Modeling the effect of non-ideal flow pattern on tertiary current distribution in a filter-press-type electrochemical reactor for copper recovery,"Rivero, E.P.| Cruz-Díaz, M.R.| Almazán-Ruiz, F.J.| González, I.",4.0,14034587000| 36545050800| 55260158400| 7102176710,2015.0,2015-08-01,Chemical Engineering Research and Design,100,-,422-433,-,ISSN-02638762,16411.0,Journal,Institution of Chemical Engineers,English,1.41,14,3.9,19,0.852,18,1.01,43.0,45.0,1.41,10.61,13.0,21.0,0.0,0.0,"Rivero, E.P., Cruz-Díaz, M.R., Almazán-Ruiz, F.J. and 1 more (...) (2015).Modeling the effect of non-ideal flow pattern on tertiary current distribution in a filter-press-type electrochemical reactor for copper recovery. Chemical Engineering Research and Design,100422-433",https://www.scopus.com/record/display.url?eid=2-s2.0-84938286865&origin=resultslist,10.1016/j.cherd.2015.04.036,Article,,2-s2.0-84938286865,-,Universidad Autónoma Metropolitana| Universidad Nacional Autónoma de México,505017| 505023,Academic,2.0,60172565| 60032442| 60028381,Facultad de Estudios Superiores Cuautitlán| Universidad Nacional Autónoma de México| Universidad Autónoma Metropolitana -Unidad Iztapalapa,14034587000,7102176710,14034587000,-,Mexico,1.0,1500| 1600,General Chemical Engineering| General Chemistry,4| 2,Natural Sciences| Engineering & Technology,409| 219,Chemistry| Engineering - Chemical,36| 37,Engineering| Physical Sciences,40,Engineering,4004| 4019,Chemical engineering| Resources engineering and extractive metallurgy,-,Electrodeposition Techniques for Enhanced Coating Properties,1019,29.627,Electrodeposition Techniques for Heavy Metal Removal,19157,72.668,Definitive,2015.0,45.0,N/A,"Rivero, E.P.| Cruz-Díaz, M.R.| Almazán-Ruiz, F.J.| González, I.",Universidad Autónoma Metropolitana| Universidad Nacional Autónoma de México,Mexico,0
7102176710,7102176710,Electronic density distribution of Mn-N bonds by a tuning effect through partial replacement of Mn by Co or Ni in a sodium-rich hexacyanoferrate and its influence on the stability as a cathode for Na-ion batteries,"Oliver-Tolentino, M.| González M.CONACYT Research Fellow., M.| Osiry, H.| Ramos-Sánchez, G.| González, I.",5.0,36470816300| 57194602180| 56394583000| 56013733500| 7102176710,2018.0,2018-01-01,Dalton Transactions,47,46,16492-16501,-,ISSN-14779226,9500153949.0,Journal,Royal Society of Chemistry,English,0.91,36,7.3,11,1.12,16,0.7,26.0,38.0,0.92,10.83,14.0,31.0,0.0,0.0,"Oliver-Tolentino, M., González M.CONACYT Research Fellow., M., Osiry, H. and 2 more (...) (2018).Electronic density distribution of Mn-N bonds by a tuning effect through partial replacement of Mn by Co or Ni in a sodium-rich hexacyanoferrate and its influence on the stability as a cathode for Na-ion batteries. Dalton Transactions,47(46) 16492-16501",https://www.scopus.com/record/display.url?eid=2-s2.0-85057196043&origin=resultslist,10.1039/C8DT03595D,Article,,2-s2.0-85057196043,30406804,Universidad Autónoma Metropolitana| Instituto Politécnico Nacional,505017| 505011,Academic,2.0,60014923| 60019176| 60013076,Universidad Autónoma Metropolitana| Instituto Politécnico Nacional| Centro de Investigacion en Ciencia Aplicada y Tecnologia Avanzada,36470816300,7102176710,36470816300,-,Mexico,1.0,1604,Inorganic Chemistry,4,Natural Sciences,409,Chemistry,37,Physical Sciences,34,Chemical Sciences,3402,Inorganic chemistry,SDG 7,High-Performance Materials for Lithium Batteries,96,99.608,Prussian Blue Analogues in Energy Storage Applications,30415,98.439,Definitive,2018.0,38.0,N/A,"Oliver-Tolentino, M.| González M.CONACYT Research Fellow., M.| Osiry, H.| Ramos-Sánchez, G.| González, I.",Universidad Autónoma Metropolitana| Instituto Politécnico Nacional,Mexico,0
7102176710,7102176710,In search of the active chlorine species on Ti/ZrO2-RuO2-Sb2O3 anodes using DEMS and XPS,"Palma-Goyes, R.E.| Vazquez-Arenas, J.| Ostos, C.| Manzo-Robledo, A.| Romero-Ibarra, I.| Calderón, J.A.| González, I.",7.0,36633077700| 56013705500| 24559580800| 23005607400| 56013732100| 7102018633| 7102176710,2018.0,2018-06-10,Electrochimica Acta,275,-,265-274,-,ISSN-00134686,25181.0,Journal,Elsevier Ltd,English,1.12,24,9.1,5,1.365,8,2.76,91.0,34.0,1.12,12.46,16.0,26.0,0.0,0.0,"Palma-Goyes, R.E., Vazquez-Arenas, J., Ostos, C. and 4 more (...) (2018).In search of the active chlorine species on Ti/ZrO2-RuO2-Sb2O3 anodes using DEMS and XPS. Electrochimica Acta,275265-274",https://www.scopus.com/record/display.url?eid=2-s2.0-85046167992&origin=resultslist,10.1016/j.electacta.2018.04.114,Article,,2-s2.0-85046167992,-,Universidad Autónoma Metropolitana| Universidad de Antioquia| Instituto Politécnico Nacional,505017| 604001| 505011,Academic,3.0,60019176| 60055833| 60006489| 60028381,Instituto Politécnico Nacional| Universidad de Antioquia| Escuela Superior de Ingenieria Quimica e Industrias Extractivas| Universidad Autónoma Metropolitana -Unidad Iztapalapa,36633077700,7102176710,56013705500,-,Mexico| Colombia,2.0,1500| 1603,General Chemical Engineering| Electrochemistry,2| 4,Engineering & Technology| Natural Sciences,409| 219,Chemistry| Engineering - Chemical,36| 37,Engineering| Physical Sciences,51| 34| 40,Physical Sciences| Chemical Sciences| Engineering,-,-,-,Innovative Approaches in Wastewater Treatment Technologies,433,93.264,Electrochemical Techniques for Wastewater Degradation,336,99.825,Very Good,2018.0,34.0,N/A,"Palma-Goyes, R.E.| Vazquez-Arenas, J.| Ostos, C.| Manzo-Robledo, A.| Romero-Ibarra, I.| Calderón, J.A.| González, I.",Universidad Autónoma Metropolitana| Universidad de Antioquia| Instituto Politécnico Nacional,Mexico| Colombia,0
7102176710,7102176710,An experimental and theoretical correlation to account for the effect of LiPF6 concentration on the ionic conductivity of poly(poly (ethylene glycol) methacrylate),"Nava, D.P.| Guzmán, G.| Vazquez-Arenas, J.| Cardoso, J.| Gomez, B.| Gonzalez, I.",6.0,23978231500| 57189004847| 56013705500| 7201823033| 7102133791| 7102176710,2016.0,2016-07-01,Solid State Ionics,290,-,98-107,-,ISSN-01672738,29887.0,Journal,Elsevier B.V.,English,0.9,34,4.3,21,0.75,24,4.21,135.0,33.0,0.88,11.39,17.0,32.0,0.0,0.0,"Nava, D.P., Guzmán, G., Vazquez-Arenas, J. and 3 more (...) (2016).An experimental and theoretical correlation to account for the effect of LiPF6 concentration on the ionic conductivity of poly(poly (ethylene glycol) methacrylate). Solid State Ionics,29098-107",https://www.scopus.com/record/display.url?eid=2-s2.0-84964596740&origin=resultslist,10.1016/j.ssi.2016.03.020,Article,,2-s2.0-84964596740,-,Universidad Autónoma Metropolitana| Universidad Católica De Santa María,505017| 708651,Academic,2.0,60028381| 60105309,Universidad Autónoma Metropolitana -Unidad Iztapalapa| Universidad Católica de Santa María,23978231500,7102176710,56013705500,-,Mexico| Peru,2.0,1600| 2500| 3104,General Chemistry| General Materials Science| Condensed Matter Physics,4| 2,Natural Sciences| Engineering & Technology,433| 409| 439,Materials Science| Chemistry| Physics & Astronomy,36| 37,Engineering| Physical Sciences,34,Chemical Sciences,3406| 3402,Physical chemistry| Inorganic chemistry,SDG 7,Fuel Cells and Polymer Electrolytes,79,97.646,Ionic Conductivity in Polymer Electrolyte Innovations,392,91.865,Definitive,2016.0,33.0,N/A,"Nava, D.P.| Guzmán, G.| Vazquez-Arenas, J.| Cardoso, J.| Gomez, B.| Gonzalez, I.",Universidad Autónoma Metropolitana| Universidad Católica De Santa María,Mexico| Peru,0
7102176710,7102176710,Revisiting Electrochemical Techniques to Characterize the Solid-State Diffusion Mechanism in Lithium-Ion Batteries,"Santos-Mendoza, I.O.| Vázquez-Arenas, J.| González, I.| Ramos-Sánchez, G.| Castillo-Araiza, C.O.",5.0,55775264400| 56013705500| 7102176710| 56013733500| 23007559200,2019.0,2019-01-01,International Journal of Chemical Reactor Engineering,17,6,-,20180095,ISSN-15426580,130033.0,Journal,De Gruyter,English,0.49,66,1.7,56,0.259,57,1.71,63.0,33.0,0.92,13.0,15.0,31.0,0.0,0.0,"Santos-Mendoza, I.O., Vázquez-Arenas, J., González, I. and 2 more (...) (2019).Revisiting Electrochemical Techniques to Characterize the Solid-State Diffusion Mechanism in Lithium-Ion Batteries. International Journal of Chemical Reactor Engineering,17(6) ",https://www.scopus.com/record/display.url?eid=2-s2.0-85054813946&origin=resultslist,10.1515/ijcre-2018-0095,Article,,2-s2.0-85054813946,-,Universidad Autónoma Metropolitana,505017,Academic,1.0,60010210| 60028381,Universidad Autónoma Metropolitana Unidad Xochimilco| Universidad Autónoma Metropolitana -Unidad Iztapalapa,55775264400,23007559200,-,-,Mexico,1.0,1500,General Chemical Engineering,2,Engineering & Technology,219,Engineering - Chemical,36,Engineering,40,Engineering,4004,Chemical engineering,SDG 7,High-Performance Materials for Lithium-Ion Batteries,303,96.73,Lithium Ion Battery Cathode Materials,408,98.272,Very Good,2019.0,33.0,N/A,"Santos-Mendoza, I.O.| Vázquez-Arenas, J.| González, I.| Ramos-Sánchez, G.| Castillo-Araiza, C.O.",Universidad Autónoma Metropolitana,Mexico,0
7102176710,7102176710,Understanding galvanic interactions between chalcopyrite and magnetite in acid medium to improve copper (Bio)Leaching,"Saavedra, A.| García-Meza, J.V.| Cortón, E.| González, I.",4.0,55909773100| 6508260147| 6602692958| 7102176710,2018.0,2018-03-01,Electrochimica Acta,265,-,569-576,-,ISSN-00134686,25181.0,Journal,Elsevier Ltd,English,1.12,24,9.1,5,1.365,8,2.15,85.0,32.0,1.12,12.46,17.0,26.0,0.0,0.0,"Saavedra, A., García-Meza, J.V., Cortón, E. and 1 more (...) (2018).Understanding galvanic interactions between chalcopyrite and magnetite in acid medium to improve copper (Bio)Leaching. Electrochimica Acta,265569-576",https://www.scopus.com/record/display.url?eid=2-s2.0-85041476754&origin=resultslist,10.1016/j.electacta.2018.01.169,Article,Bronze|Green,2-s2.0-85041476754,-,Consejo Nacional de Investigaciones Científicas y Técnicas| Universidad Autónoma Metropolitana| Universidad Autonoma de San Luis Potosi| Universidad de Buenos Aires,601002| 505017| 505014| 601004,Academic| Government,4.0,60004518| 60271986| 60001563| 60031335| 60028381,Consejo Nacional de Investigaciones Científicas y Técnicas| Instituto de Química Biológica de la Facultad de Ciencias Exactas y Naturales (IQUIBICEN)| Universidad de Buenos Aires| Universidad Autónoma de San Luis Potosí| Universidad Autónoma Metropolitana -Unidad Iztapalapa,55909773100,7102176710,7102176710,-,Mexico| Argentina,2.0,1500| 1603,General Chemical Engineering| Electrochemistry,2| 4,Engineering & Technology| Natural Sciences,409| 219,Chemistry| Engineering - Chemical,37| 36,Physical Sciences| Engineering,40| 34| 51,Engineering| Chemical Sciences| Physical Sciences,-,-,-,Innovative Approaches to Metal Recovery and Bioleaching,1133,44.212,Chalcopyrite Leaching Mechanisms and Copper Recovery,14824,88.17,Very Good,2018.0,32.0,N/A,"Saavedra, A.| García-Meza, J.V.| Cortón, E.| González, I.",Consejo Nacional de Investigaciones Científicas y Técnicas| Universidad Autónoma Metropolitana| Universidad Autonoma de San Luis Potosi| Universidad de Buenos Aires,Mexico| Argentina,0
7102176710,7102176710,"Electrochemical Dechlorination of 2-Chlorophenol on Pd/Ti, Ni/Ti and Pd-Ni Alloy/Ti Electrodes","Arellano-González, M.A.| Texier, A.-C.| Lartundo-Rojas, L.| González, I.",4.0,51763337600| 55995939300| 57455354200| 7102176710,2015.0,2015-01-01,Journal of the Electrochemical Society,162,10,E223-E230,-,ISSN-00134651,25169.0,Journal,Electrochemical Society Inc.,English,1.06,26,5.4,9,1.115,10,1.49,52.0,32.0,0.77,10.41,19.0,35.0,0.0,0.0,"Arellano-González, M.A., Texier, A.-C., Lartundo-Rojas, L. and 1 more (...) (2015).Electrochemical Dechlorination of 2-Chlorophenol on Pd/Ti, Ni/Ti and Pd-Ni Alloy/Ti Electrodes. Journal of the Electrochemical Society,162(10) E223-E230",https://www.scopus.com/record/display.url?eid=2-s2.0-84940204078&origin=resultslist,10.1149/2.0021510jes,Article,Hybrid gold,2-s2.0-84940204078,-,Universidad Autónoma Metropolitana| Instituto Politécnico Nacional,505017| 505011,Academic,2.0,60028381| 60019176,Universidad Autónoma Metropolitana -Unidad Iztapalapa| Instituto Politécnico Nacional,51763337600,7102176710,-,-,Mexico,1.0,1603| 2105| 2504| 2505| 2508| 3104,"Electrochemistry| Renewable Energy, Sustainability and the Environment| Electronic, Optical and Magnetic Materials| Materials Chemistry| Surfaces, Coatings and Films| Condensed Matter Physics",2| 4,Engineering & Technology| Natural Sciences,433| 439| 409| 221,Materials Science| Physics & Astronomy| Chemistry| Engineering - Electrical & Electronic,36| 37,Engineering| Physical Sciences,34| 40,Chemical Sciences| Engineering,3406| 4016,Physical chemistry| Materials engineering,-,Innovative Approaches in Wastewater Treatment Technologies,433,93.264,Palladium Nanoparticles in Electrocatalytic Dechlorination,34958,93.449,Very Good,2015.0,32.0,N/A,"Arellano-González, M.A.| Texier, A.-C.| Lartundo-Rojas, L.| González, I.",Universidad Autónoma Metropolitana| Instituto Politécnico Nacional,Mexico,0
7102176710,7102176710,Water effect on sodium mobility in zinc hexacyanoferrate during charge/discharge processes in sodium ion-based battery,"Oliver-Tolentino, M.| Ramos-Sánchez, G.| Guzmán, G.| Avila, M.| González, I.| Reguera, E.",6.0,36470816300| 56013733500| 57189004847| 24467628900| 7102176710| 7005910484,2017.0,2017-12-01,Solid State Ionics,312,-,67-72,-,ISSN-01672738,29887.0,Journal,Elsevier B.V.,English,0.98,31,4.8,18,0.856,22,1.95,66.0,31.0,0.55,12.64,18.0,44.0,0.0,0.0,"Oliver-Tolentino, M., Ramos-Sánchez, G., Guzmán, G. and 3 more (...) (2017).Water effect on sodium mobility in zinc hexacyanoferrate during charge/discharge processes in sodium ion-based battery. Solid State Ionics,31267-72",https://www.scopus.com/record/display.url?eid=2-s2.0-85032189479&origin=resultslist,10.1016/j.ssi.2017.10.013,Article,,2-s2.0-85032189479,-,Universidad Autónoma Metropolitana| Instituto Politécnico Nacional,505017| 505011,Academic,2.0,60019176| 60028381,Instituto Politécnico Nacional| Universidad Autónoma Metropolitana -Unidad Iztapalapa,36470816300,7005910484,7005910484,-,Mexico,1.0,1600| 2500| 3104,General Chemistry| General Materials Science| Condensed Matter Physics,4| 2,Natural Sciences| Engineering & Technology,439| 433| 409,Physics & Astronomy| Materials Science| Chemistry,36| 37,Engineering| Physical Sciences,34,Chemical Sciences,3406| 3402,Physical chemistry| Inorganic chemistry,SDG 7,High-Performance Materials for Lithium Batteries,96,99.608,Prussian Blue Analogues in Energy Storage Applications,30415,98.439,Very Good,2017.0,31.0,N/A,"Oliver-Tolentino, M.| Ramos-Sánchez, G.| Guzmán, G.| Avila, M.| González, I.| Reguera, E.",Universidad Autónoma Metropolitana| Instituto Politécnico Nacional,Mexico,0
7102176710,7102176710,Reactive diffusion migration layer and mass transfer wall function to model active chlorine generation in a filter press type electrochemical reactor for organic pollutant degradation,"Rivero, E.P.| Rodríguez, F.A.| Cruz-Díaz, M.R.| González, I.",4.0,14034587000| 57213124231| 36545050800| 7102176710,2018.0,2018-10-01,Chemical Engineering Research and Design,138,-,533-545,-,ISSN-02638762,16411.0,Journal,Institution of Chemical Engineers,English,1.34,16,5,18,0.773,20,0.97,38.0,30.0,0.7,12.92,18.0,38.0,0.0,0.0,"Rivero, E.P., Rodríguez, F.A., Cruz-Díaz, M.R. and 1 more (...) (2018).Reactive diffusion migration layer and mass transfer wall function to model active chlorine generation in a filter press type electrochemical reactor for organic pollutant degradation. Chemical Engineering Research and Design,138533-545",https://www.scopus.com/record/display.url?eid=2-s2.0-85050278132&origin=resultslist,10.1016/j.cherd.2018.07.010,Article,,2-s2.0-85050278132,-,Universidad Autónoma Metropolitana| Universidad Nacional Autónoma de México,505017| 505023,Academic,2.0,60032442| 60172565| 60028381,Universidad Nacional Autónoma de México| Facultad de Estudios Superiores Cuautitlán| Universidad Autónoma Metropolitana -Unidad Iztapalapa,14034587000,7102176710,14034587000,-,Mexico,1.0,1500| 1600,General Chemical Engineering| General Chemistry,2| 4,Engineering & Technology| Natural Sciences,219| 409,Engineering - Chemical| Chemistry,37| 36,Physical Sciences| Engineering,40,Engineering,4004| 4019,Chemical engineering| Resources engineering and extractive metallurgy,-,Innovative Approaches in Wastewater Treatment Technologies,433,93.264,Electrochemical Techniques for Wastewater Degradation,336,99.825,Definitive,2018.0,30.0,N/A,"Rivero, E.P.| Rodríguez, F.A.| Cruz-Díaz, M.R.| González, I.",Universidad Autónoma Metropolitana| Universidad Nacional Autónoma de México,Mexico,0
7102176710,7102176710,The effects of ZrO2 on the electrocatalysis to yield active chlorine species on Sb2O5-Doped Ti/RuO2 anodes,"Palma-Goyes, R.E.| Vazquez-Arenas, J.| Ostos, C.| Torres-Palma, R.A.| González, I.",5.0,36633077700| 56013705500| 24559580800| 57205313324| 7102176710,2016.0,2016-01-01,Journal of the Electrochemical Society,163,9,H818-H825,-,ISSN-00134651,25169.0,Journal,Electrochemical Society Inc.,English,0.99,29,5.5,10,1.222,8,2.38,85.0,29.0,1.1,10.87,20.0,27.0,0.0,0.0,"Palma-Goyes, R.E., Vazquez-Arenas, J., Ostos, C. and 2 more (...) (2016).The effects of ZrO2 on the electrocatalysis to yield active chlorine species on Sb2O5-Doped Ti/RuO2 anodes. Journal of the Electrochemical Society,163(9) H818-H825",https://www.scopus.com/record/display.url?eid=2-s2.0-84982735869&origin=resultslist,10.1149/2.0891609jes,Article,,2-s2.0-84982735869,-,Universidad Autónoma Metropolitana| Universidad de Antioquia,505017| 604001,Academic,2.0,60055833| 60028381,Universidad de Antioquia| Universidad Autónoma Metropolitana -Unidad Iztapalapa,36633077700,7102176710,-,-,Mexico| Colombia,2.0,1603| 2105| 2504| 2505| 2508| 3104,"Electrochemistry| Renewable Energy, Sustainability and the Environment| Electronic, Optical and Magnetic Materials| Materials Chemistry| Surfaces, Coatings and Films| Condensed Matter Physics",2| 4,Engineering & Technology| Natural Sciences,409| 439| 433| 221,Chemistry| Physics & Astronomy| Materials Science| Engineering - Electrical & Electronic,36| 37,Engineering| Physical Sciences,40| 34,Engineering| Chemical Sciences,4016| 3406,Materials engineering| Physical chemistry,-,Innovative Approaches in Wastewater Treatment Technologies,433,93.264,Electrochemical Techniques for Wastewater Degradation,336,99.825,Very Good,2016.0,29.0,N/A,"Palma-Goyes, R.E.| Vazquez-Arenas, J.| Ostos, C.| Torres-Palma, R.A.| González, I.",Universidad Autónoma Metropolitana| Universidad de Antioquia,Mexico| Colombia,0
7102176710,7102176710,Hydrodynamic study of a novel membrane aerated biofilm reactor (MABR): Tracer experiments and CFD simulation,"Plascencia-Jatomea, R.| Almazán-Ruiz, F.J.| Gómez, J.| Rivero, E.P.| Monroy, O.| González, I.",6.0,56790004700| 55260158400| 56000767500| 14034587000| 6701714983| 7102176710,2015.0,2015-12-22,Chemical Engineering Science,138,-,324-332,-,ISSN-00092509,16413.0,Journal,Elsevier Ltd,English,1.57,11,5,6,1.022,11,4.64,160.0,29.0,0.88,9.05,21.0,32.0,0.0,0.0,"Plascencia-Jatomea, R., Almazán-Ruiz, F.J., Gómez, J. and 3 more (...) (2015).Hydrodynamic study of a novel membrane aerated biofilm reactor (MABR): Tracer experiments and CFD simulation. Chemical Engineering Science,138324-332",https://www.scopus.com/record/display.url?eid=2-s2.0-84941029063&origin=resultslist,10.1016/j.ces.2015.08.004,Article,,2-s2.0-84941029063,-,Universidad Autónoma Metropolitana| Universidad Nacional Autónoma de México,505017| 505023,Academic,2.0,60028381| 60172565| 60032442,Universidad Autónoma Metropolitana -Unidad Iztapalapa| Facultad de Estudios Superiores Cuautitlán| Universidad Nacional Autónoma de México,56790004700,7102176710,7102176710,-,Mexico,1.0,1500| 1600| 2209,General Chemical Engineering| General Chemistry| Industrial and Manufacturing Engineering,2| 4,Engineering & Technology| Natural Sciences,219| 409| 222,Engineering - Chemical| Chemistry| Engineering - Mechanical,36| 37,Engineering| Physical Sciences,40,Engineering,4004,Chemical engineering,SDG 6,Microbial Innovations in Wastewater Nitrogen Removal,627,88.293,Membrane Bioreactors for Enhanced Wastewater Treatment,44649,88.757,Very Good,2015.0,29.0,N/A,"Plascencia-Jatomea, R.| Almazán-Ruiz, F.J.| Gómez, J.| Rivero, E.P.| Monroy, O.| González, I.",Universidad Autónoma Metropolitana| Universidad Nacional Autónoma de México,Mexico,0
7102176710,7102176710,Nickel recovery from an electroplating rinsing effluent using RCE bench scale and RCE pilot plant reactors: The influence of pH control,"Almazán-Ruiz, F.J.| Caballero, F.| Cruz-Díaz, M.R.| Rivero, E.P.| Vazquez-Arenas, J.| González, I.",6.0,55260158400| 7006690470| 36545050800| 14034587000| 56013705500| 7102176710,2015.0,2015-05-01,Chemical Engineering Research and Design,97,-,18-27,-,ISSN-02638762,16411.0,Journal,Institution of Chemical Engineers,English,1.41,14,3.9,19,0.852,18,1.71,76.0,28.0,0.57,10.61,21.0,43.0,1.0,0.0,"Almazán-Ruiz, F.J., Caballero, F., Cruz-Díaz, M.R. and 3 more (...) (2015).Nickel recovery from an electroplating rinsing effluent using RCE bench scale and RCE pilot plant reactors: The influence of pH control. Chemical Engineering Research and Design,9718-27",https://www.scopus.com/record/display.url?eid=2-s2.0-84929400340&origin=resultslist,10.1016/j.cherd.2015.02.022,Article,,2-s2.0-84929400340,-,Universidad Autónoma Metropolitana| Universidad Nacional Autónoma de México,505017| 505023,Academic,2.0,115012991| 60032442| 60172565| 60028381,División de Ingeniería Química y Bioquímica| Universidad Nacional Autónoma de México| Facultad de Estudios Superiores Cuautitlán| Universidad Autónoma Metropolitana -Unidad Iztapalapa,55260158400,7102176710,56013705500,-,Mexico,1.0,1500| 1600,General Chemical Engineering| General Chemistry,4| 2,Natural Sciences| Engineering & Technology,409| 219,Chemistry| Engineering - Chemical,37| 36,Physical Sciences| Engineering,40,Engineering,4019| 4004,Resources engineering and extractive metallurgy| Chemical engineering,SDG 6,Electrodeposition Techniques for Enhanced Coating Properties,1019,29.627,Magnetic Alloy Films: Composition and Properties,17009,70.215,Defensible,2015.0,28.0,N/A,"Almazán-Ruiz, F.J.| Caballero, F.| Cruz-Díaz, M.R.| Rivero, E.P.| Vazquez-Arenas, J.| González, I.",Universidad Autónoma Metropolitana| Universidad Nacional Autónoma de México,Mexico,0
7102176710,7102176710,Supramolecular Assembly of Nanostructured Conducting Polymer Hydrogels by Hydrotropic Agents for Outstanding Supercapacitive Energy Storage,"Alcaraz-Espinoza, J.J.| Ramos-Sánchez, G.| Sierra-Uribe, J.H.| González, I.",4.0,56586224500| 56013733500| 56659493100| 7102176710,2021.0,2021-09-27,ACS Applied Energy Materials,4,9,9099-9110,-,ISSN-25740962,21100904205.0,Journal,American Chemical Society,English,0.95,35,8.4,11,1.613,6,1.76,42.0,26.0,1.42,14.11,15.0,20.0,0.0,0.0,"Alcaraz-Espinoza, J.J., Ramos-Sánchez, G., Sierra-Uribe, J.H. and 1 more (...) (2021).Supramolecular Assembly of Nanostructured Conducting Polymer Hydrogels by Hydrotropic Agents for Outstanding Supercapacitive Energy Storage. ACS Applied Energy Materials,4(9) 9099-9110",https://www.scopus.com/record/display.url?eid=2-s2.0-85115219299&origin=resultslist,10.1021/acsaem.1c01385,Article,,2-s2.0-85115219299,-,Universidad Autónoma Metropolitana,505017,Academic,1.0,60028381,Universidad Autónoma Metropolitana -Unidad Iztapalapa,56586224500,7102176710,56586224500| 56013733500,-,Mexico,1.0,1501| 1603| 2102| 2208| 2505,Chemical Engineering (miscellaneous)| Electrochemistry| Energy Engineering and Power Technology| Electrical and Electronic Engineering| Materials Chemistry,2| 4,Engineering & Technology| Natural Sciences,433| 249| 219| 409| 221,Materials Science| Engineering - Petroleum| Engineering - Chemical| Chemistry| Engineering - Electrical & Electronic,37| 36,Physical Sciences| Engineering,40| 34,Engineering| Chemical Sciences,-,-,-,High-Performance Supercapacitors with Advanced Materials,360,97.973,Polyaniline and Graphene Composites for Supercapacitors,5008,98.655,Very Good,2021.0,26.0,N/A,"Alcaraz-Espinoza, J.J.| Ramos-Sánchez, G.| Sierra-Uribe, J.H.| González, I.",Universidad Autónoma Metropolitana,Mexico,0
7102176710,7102176710,"Evaluation of the simultaneous removal of recalcitrant drugs (bezafibrate, gemfibrozil, indomethacin and sulfamethoxazole) and biodegradable organic matter from synthetic wastewater by electro-oxidation coupled with a biological system","Rodríguez-Nava, O.| Ramírez-Saad, H.| Loera, O.| González, I.",4.0,57214687062| 6507161690| 6603291244| 7102176710,2016.0,2016-12-01,Environmental Technology (United Kingdom),37,23,2964-2974,-,ISSN-09593330,21552.0,Journal,Taylor and Francis Ltd.,English,0.84,38,3.1,24,0.569,31,2.24,109.0,26.0,0.19,10.58,22.0,63.0,0.0,0.0,"Rodríguez-Nava, O., Ramírez-Saad, H., Loera, O. and 1 more (...) (2016).Evaluation of the simultaneous removal of recalcitrant drugs (bezafibrate, gemfibrozil, indomethacin and sulfamethoxazole) and biodegradable organic matter from synthetic wastewater by electro-oxidation coupled with a biological system. Environmental Technology (United Kingdom),37(23) 2964-2974",https://www.scopus.com/record/display.url?eid=2-s2.0-84973911575&origin=resultslist,10.1080/09593330.2016.1172669,Article,,2-s2.0-84973911575,27043245,Universidad Autónoma Metropolitana| Instituto Politécnico Nacional,505017| 505011,Academic,2.0,60019176| 60028381| 60010210,Instituto Politécnico Nacional| Universidad Autónoma Metropolitana -Unidad Iztapalapa| Universidad Autónoma Metropolitana Unidad Xochimilco,57214687062,7102176710,7102176710,-,Mexico,1.0,2304| 2311| 2312,Environmental Chemistry| Waste Management and Disposal| Water Science and Technology,3| 4| 2,Social Sciences & Management| Natural Sciences| Engineering & Technology,249| 424,Engineering - Petroleum| Environmental Sciences,37,Physical Sciences,31| 40| 41,Biological Sciences| Engineering| Environmental Sciences,-,-,SDG 6| SDG 11,Innovative Approaches in Wastewater Treatment Technologies,433,93.264,Electrochemical Techniques for Wastewater Degradation,336,99.825,Very Good,2016.0,26.0,N/A,"Rodríguez-Nava, O.| Ramírez-Saad, H.| Loera, O.| González, I.",Universidad Autónoma Metropolitana| Instituto Politécnico Nacional,Mexico,0
7102176710,7102176710,Theoretical evidence of the relationship established between the HO[rad] radicals and H2O adsorptions and the electroactivity of typical catalysts used to oxidize organic compounds,"Jaimes, R.| Vazquez-Arenas, J.| González, I.| Galván, M.",4.0,56986196500| 56013705500| 7102176710| 7006004160,2017.0,2017-03-01,Electrochimica Acta,229,-,345-351,-,ISSN-00134686,25181.0,Journal,Elsevier Ltd,English,1.13,23,8.6,5,1.439,8,1.09,50.0,25.0,0.86,11.59,22.0,33.0,0.0,0.0,"Jaimes, R., Vazquez-Arenas, J., González, I. and 1 more (...) (2017).Theoretical evidence of the relationship established between the HO[rad] radicals and H2O adsorptions and the electroactivity of typical catalysts used to oxidize organic compounds. Electrochimica Acta,229345-351",https://www.scopus.com/record/display.url?eid=2-s2.0-85012249329&origin=resultslist,10.1016/j.electacta.2017.01.120,Article,,2-s2.0-85012249329,-,Universidad Autónoma Metropolitana,505017,Academic,1.0,60028381,Universidad Autónoma Metropolitana -Unidad Iztapalapa,56986196500,7006004160,56013705500,-,Mexico,1.0,1500| 1603,General Chemical Engineering| Electrochemistry,4| 2,Natural Sciences| Engineering & Technology,409| 219,Chemistry| Engineering - Chemical,36| 37,Engineering| Physical Sciences,51| 34| 40,Physical Sciences| Chemical Sciences| Engineering,-,-,-,Innovative Approaches in Wastewater Treatment Technologies,433,93.264,Electrochemical Techniques for Wastewater Degradation,336,99.825,Very Good,2017.0,25.0,N/A,"Jaimes, R.| Vazquez-Arenas, J.| González, I.| Galván, M.",Universidad Autónoma Metropolitana,Mexico,0
7102176710,7102176710,Adapted Pechini method to prepare DSA type electrodes of RuO2-ZrO2 doped with Sb2O5 over titanium plates,"Rodríguez, F.A.| Rivero, E.P.| González, I.",3.0,57213124231| 14034587000| 7102176710,2018.0,2018-01-01,MethodsX,5,-,1613-1617,-,ISSN-22150161,21100317906.0,Journal,Elsevier B.V.,English,0.77,45,1.8,54,0.478,41,0.82,17.0,24.0,0.57,6.99,23.0,44.0,0.0,0.0,"Rodríguez, F.A., Rivero, E.P., González, I. (2018).Adapted Pechini method to prepare DSA type electrodes of RuO2-ZrO2 doped with Sb2O5 over titanium plates. MethodsX,51613-1617",https://www.scopus.com/record/display.url?eid=2-s2.0-85058026603&origin=resultslist,10.1016/j.mex.2018.11.020,Article,Gold|Green,2-s2.0-85058026603,-,Universidad Autónoma Metropolitana| Universidad Nacional Autónoma de México,505017| 505023,Academic,2.0,60032442| 60172565| 60028381,Universidad Nacional Autónoma de México| Facultad de Estudios Superiores Cuautitlán| Universidad Autónoma Metropolitana -Unidad Iztapalapa,57213124231,7102176710,14034587000,-,Mexico,1.0,1308| 3607,Clinical Biochemistry| Medical Laboratory Technology,5,Life Sciences & Medicine,507,Biological Sciences,34| 32,Medical and Health| Life Sciences,MD,Multidisciplinary,MD,Multidisciplinary,-,Innovative Approaches in Wastewater Treatment Technologies,433,93.264,Electrochemical Techniques for Wastewater Degradation,336,99.825,Definitive,2018.0,24.0,N/A,"Rodríguez, F.A.| Rivero, E.P.| González, I.",Universidad Autónoma Metropolitana| Universidad Nacional Autónoma de México,Mexico,0
7102176710,7102176710,Synthesis and characterization of iron − doped Li4Ti5O12 microspheres as anode for lithium-ion batteries,"Hernández-Carrillo, R.A.| Ramos-Sánchez, G.| Guzmán-González, G.| García-Gomez, N.A.| González, I.| Sanchez-Cervantes, E.M.",6.0,55633966300| 56013733500| 57189004847| 55766046100| 7102176710| 57198347339,2018.0,2018-02-25,Journal of Alloys and Compounds,735,-,1871-1877,-,ISSN-09258388,12325.0,Journal,Elsevier Ltd,English,1.41,14,6.7,7,1.065,10,0.73,29.0,24.0,1.26,10.31,23.0,23.0,1.0,0.0,"Hernández-Carrillo, R.A., Ramos-Sánchez, G., Guzmán-González, G. and 3 more (...) (2018).Synthesis and characterization of iron − doped Li4Ti5O12 microspheres as anode for lithium-ion batteries. Journal of Alloys and Compounds,7351871-1877",https://www.scopus.com/record/display.url?eid=2-s2.0-85036461533&origin=resultslist,10.1016/j.jallcom.2017.11.218,Article,,2-s2.0-85036461533,-,Universidad Autonoma de Nuevo Leon| Universidad Autónoma Metropolitana,505013| 505017,Academic,2.0,60025417| 60028381,Universidad Autónoma de Nuevo León| Universidad Autónoma Metropolitana -Unidad Iztapalapa,55633966300,57198347339,57198347339,-,Mexico,1.0,2210| 2211| 2505| 2506,Mechanical Engineering| Mechanics of Materials| Materials Chemistry| Metals and Alloys,4| 2,Natural Sciences| Engineering & Technology,222| 433,Engineering - Mechanical| Materials Science,36,Engineering,40| 51,Engineering| Physical Sciences,5104| 4016,Condensed matter physics| Materials engineering,SDG 7,High-Performance Materials for Lithium Batteries,96,99.608,High-Performance Anode Materials for Lithium-Ion Batteries,6352,93.746,Definitive,2018.0,24.0,N/A,"Hernández-Carrillo, R.A.| Ramos-Sánchez, G.| Guzmán-González, G.| García-Gomez, N.A.| González, I.| Sanchez-Cervantes, E.M.",Universidad Autonoma de Nuevo Leon| Universidad Autónoma Metropolitana,Mexico,0
7102176710,7102176710,"Effect of the external metal on the electrochemical behavior of M3[Co(CN)6]2 (M: Co, Ni, Cu, Zn), towards their use as anodes in potassium ion batteries","Canto-Aguilar, E.J.| Oliver-Tolentino, M.A.| Ramos-Sánchez, G.| González, I.",4.0,57189049115| 36470816300| 56013733500| 7102176710,2021.0,2021-03-01,Electrochimica Acta,371,-,-,137828,ISSN-00134686,25181.0,Journal,Elsevier Ltd,English,1.06,29,12.3,7,1.306,10,0.94,25.0,24.0,1.21,14.84,17.0,24.0,0.0,0.0,"Canto-Aguilar, E.J., Oliver-Tolentino, M.A., Ramos-Sánchez, G. and 1 more (...) (2021).Effect of the external metal on the electrochemical behavior of M3[Co(CN)6]2 (M: Co, Ni, Cu, Zn), towards their use as anodes in potassium ion batteries. Electrochimica Acta,371",https://www.scopus.com/record/display.url?eid=2-s2.0-85100081554&origin=resultslist,10.1016/j.electacta.2021.137828,Article,,2-s2.0-85100081554,-,Consejo Nacional de Ciencia y Tecnologia Mexico| Universidad Autónoma Metropolitana,704696| 505017,Government| Academic,2.0,60028381| 60027998,"Universidad Autónoma Metropolitana -Unidad Iztapalapa| Secretaría de Ciencia, Humanidades, Tecnología e Innovación",57189049115,7102176710,57189049115| 36470816300,-,Mexico,1.0,1500| 1603,General Chemical Engineering| Electrochemistry,4| 2,Natural Sciences| Engineering & Technology,219| 409,Engineering - Chemical| Chemistry,37| 36,Physical Sciences| Engineering,51| 40| 34,Physical Sciences| Engineering| Chemical Sciences,-,-,-,High-Performance Materials for Lithium Batteries,96,99.608,Prussian Blue Analogues in Energy Storage Applications,30415,98.439,Very Good,2021.0,24.0,N/A,"Canto-Aguilar, E.J.| Oliver-Tolentino, M.A.| Ramos-Sánchez, G.| González, I.",Consejo Nacional de Ciencia y Tecnologia Mexico| Universidad Autónoma Metropolitana,Mexico,0
7102176710,7102176710,Effect of Metal Substrate on Photo(electro)catalytic Activity of B-Doped Graphene Modified TiO2 Thin Films: Role of Iron Oxide Nanoparticles at Grain Boundaries of TiO2,"Gualdrón-Reyes, A.F.| Meléndez, A.M.| González, I.| Lartundo-Rojas, L.| Niño-Gómez, M.E.",5.0,56725736600| 16039614300| 7102176710| 57455354200| 35759380200,2018.0,2018-01-11,Journal of Physical Chemistry C,122,1,297-306,-,ISSN-19327447,5200153123.0,Journal,American Chemical Society,English,1.1,25,7.6,8,1.652,6,2.08,63.0,24.0,1.26,12.68,23.0,23.0,0.0,0.0,"Gualdrón-Reyes, A.F., Meléndez, A.M., González, I. and 2 more (...) (2018).Effect of Metal Substrate on Photo(electro)catalytic Activity of B-Doped Graphene Modified TiO2 Thin Films: Role of Iron Oxide Nanoparticles at Grain Boundaries of TiO2. Journal of Physical Chemistry C,122(1) 297-306",https://www.scopus.com/record/display.url?eid=2-s2.0-85040516012&origin=resultslist,10.1021/acs.jpcc.7b08059,Article,,2-s2.0-85040516012,-,Universidad Autónoma Metropolitana| Universidad Industrial de Santander| Instituto Politécnico Nacional,505017| 604005| 505011,Academic,3.0,60057258| 60028381| 60019176,Universidad Industrial de Santander| Universidad Autónoma Metropolitana -Unidad Iztapalapa| Instituto Politécnico Nacional,56725736600,35759380200,16039614300,-,Mexico| Colombia,2.0,1606| 2100| 2504| 2508,"Physical and Theoretical Chemistry| General Energy| Electronic, Optical and Magnetic Materials| Surfaces, Coatings and Films",4| 2,Natural Sciences| Engineering & Technology,433| 221| 409| 249,Materials Science| Engineering - Electrical & Electronic| Chemistry| Engineering - Petroleum,37| 36,Physical Sciences| Engineering,34| 40,Chemical Sciences| Engineering,-,-,-,Photocatalytic Properties of Titanium Dioxide Structures,62,94.768,Photoelectrocatalytic Innovations with Titanium Dioxide,59304,52.282,Defensible,2018.0,24.0,N/A,"Gualdrón-Reyes, A.F.| Meléndez, A.M.| González, I.| Lartundo-Rojas, L.| Niño-Gómez, M.E.",Universidad Autónoma Metropolitana| Universidad Industrial de Santander| Instituto Politécnico Nacional,Mexico| Colombia,0
7102176710,7102176710,Modelling the transport of ions and electrochemical regeneration of the resin in a hybrid ion exchange/electrodialysis process for As(V) removal,"Rivero, E.P.| Ortega, A.| Cruz-Díaz, M.R.| González, I.",4.0,14034587000| 57194188870| 36545050800| 7102176710,2018.0,2018-06-01,Journal of Applied Electrochemistry,48,6,597-610,-,ISSN-0021891X,25194.0,Journal,Springer Netherlands,English,0.57,59,3.8,25,0.564,29,1.58,53.0,24.0,0.83,11.99,23.0,34.0,0.0,0.0,"Rivero, E.P., Ortega, A., Cruz-Díaz, M.R. and 1 more (...) (2018).Modelling the transport of ions and electrochemical regeneration of the resin in a hybrid ion exchange/electrodialysis process for As(V) removal. Journal of Applied Electrochemistry,48(6) 597-610",https://www.scopus.com/record/display.url?eid=2-s2.0-85045092533&origin=resultslist,10.1007/s10800-018-1191-5,Article,,2-s2.0-85045092533,-,Universidad Autónoma Metropolitana| Universidad Nacional Autónoma de México,505017| 505023,Academic,2.0,60032442| 60172565| 60028381,Universidad Nacional Autónoma de México| Facultad de Estudios Superiores Cuautitlán| Universidad Autónoma Metropolitana -Unidad Iztapalapa,14034587000,7102176710,14034587000,-,Mexico,1.0,1500| 1603| 2505,General Chemical Engineering| Electrochemistry| Materials Chemistry,2| 4,Engineering & Technology| Natural Sciences,219| 433| 409,Engineering - Chemical| Materials Science| Chemistry,37| 36,Physical Sciences| Engineering,34,Chemical Sciences,3406,Physical chemistry,SDG 6,Ion Exchange and Lithium Recovery,486,91.563,Electrodeionization for Water Purification,33794,76.597,Very Good,2018.0,24.0,N/A,"Rivero, E.P.| Ortega, A.| Cruz-Díaz, M.R.| González, I.",Universidad Autónoma Metropolitana| Universidad Nacional Autónoma de México,Mexico,0
7102176710,7102176710,Charge Delocalization on BO 4- Centers to Improve Conductivity on Single Lithium Ion Conducting Polymer Electrolytes: A Computational/Experimental Approach,"Guzmán-González, G.| Ramos-Sánchez, G.| Camacho-Forero, L.E.| González, I.",4.0,57189004847| 56013733500| 56584456200| 7102176710,2019.0,2019-07-25,Journal of Physical Chemistry C,123,29,17686-17694,-,ISSN-19327447,5200153123.0,Journal,American Chemical Society,English,1.05,28,7.3,10,1.477,8,1.12,34.0,23.0,0.45,13.3,22.0,50.0,0.0,0.0,"Guzmán-González, G., Ramos-Sánchez, G., Camacho-Forero, L.E. and 1 more (...) (2019).Charge Delocalization on BO 4- Centers to Improve Conductivity on Single Lithium Ion Conducting Polymer Electrolytes: A Computational/Experimental Approach. Journal of Physical Chemistry C,123(29) 17686-17694",https://www.scopus.com/record/display.url?eid=2-s2.0-85070697399&origin=resultslist,10.1021/acs.jpcc.9b02945,Article,,2-s2.0-85070697399,-,Universidad Autónoma Metropolitana| Texas A&M University,505017| 508230,Academic,2.0,60028381| 60148980| 60020547,Universidad Autónoma Metropolitana -Unidad Iztapalapa| College of Engineering| Texas A&M University,57189004847,7102176710,57189004847,-,Mexico| United States,2.0,1606| 2100| 2504| 2508,"Physical and Theoretical Chemistry| General Energy| Electronic, Optical and Magnetic Materials| Surfaces, Coatings and Films",4| 2,Natural Sciences| Engineering & Technology,409| 433| 249| 221,Chemistry| Materials Science| Engineering - Petroleum| Engineering - Electrical & Electronic,37| 36,Physical Sciences| Engineering,34| 40,Chemical Sciences| Engineering,-,-,SDG 7,Fuel Cells and Polymer Electrolytes,79,97.646,High-Performance Polymer Electrolytes for Lithium Batteries,5078,99.931,Very Good,2019.0,23.0,N/A,"Guzmán-González, G.| Ramos-Sánchez, G.| Camacho-Forero, L.E.| González, I.",Universidad Autónoma Metropolitana| Texas A&M University,Mexico| United States,0
7102176710,7102176710,Controlling Li2CuO2 single phase transition to preserve cathode capacity and cyclability in Li-ion batteries,"Ramos-Sanchez, G.| Romero-Ibarra, I.C.| Vazquez-Arenas, J.| Tapia, C.| Aguilar-Eseiza, N.| Gonzalez, I.",6.0,56013733500| 56013732100| 56013705500| 57206165738| 57193431706| 7102176710,2017.0,2017-05-01,Solid State Ionics,303,-,89-96,-,ISSN-01672738,29887.0,Journal,Elsevier B.V.,English,0.98,31,4.8,18,0.856,22,1.75,53.0,23.0,0.71,12.64,24.0,38.0,0.0,0.0,"Ramos-Sanchez, G., Romero-Ibarra, I.C., Vazquez-Arenas, J. and 3 more (...) (2017).Controlling Li2CuO2 single phase transition to preserve cathode capacity and cyclability in Li-ion batteries. Solid State Ionics,30389-96",https://www.scopus.com/record/display.url?eid=2-s2.0-85013973592&origin=resultslist,10.1016/j.ssi.2017.02.018,Article,,2-s2.0-85013973592,-,Universidad Autónoma Metropolitana| Instituto Politécnico Nacional,505017| 505011,Academic,2.0,60028381| 60019176,Universidad Autónoma Metropolitana -Unidad Iztapalapa| Instituto Politécnico Nacional,56013733500,7102176710,56013733500,-,Mexico,1.0,1600| 2500| 3104,General Chemistry| General Materials Science| Condensed Matter Physics,2| 4,Engineering & Technology| Natural Sciences,433| 409| 439,Materials Science| Chemistry| Physics & Astronomy,36| 37,Engineering| Physical Sciences,34,Chemical Sciences,3406| 3402,Physical chemistry| Inorganic chemistry,SDG 7,High-Performance Materials for Lithium-Ion Batteries,303,96.73,Enhancements in Lithium-Ion Cathode Materials,1720,98.215,Very Good,2017.0,23.0,N/A,"Ramos-Sanchez, G.| Romero-Ibarra, I.C.| Vazquez-Arenas, J.| Tapia, C.| Aguilar-Eseiza, N.| Gonzalez, I.",Universidad Autónoma Metropolitana| Instituto Politécnico Nacional,Mexico,0
7102176710,7102176710,"Molecular dynamics simulations for liquid electrolytes of propylene carbonate with LiTFSI, LiPF6, and LiBF4 salts","Núñez-Rojas, E.| González, I.| Guzmán-González, G.| Alejandre, J.",4.0,50262780000| 7102176710| 57189004847| 6701463968,2023.0,2023-11-15,Journal of Molecular Liquids,390,-,-,122983,ISSN-01677322,26965.0,Journal,Elsevier B.V.,English,1.11,22,10.3,9,0.918,15,1.57,26.0,20.0,1.93,10.34,11.0,13.0,0.0,0.0,"Núñez-Rojas, E., González, I., Guzmán-González, G. and 1 more (...) (2023).Molecular dynamics simulations for liquid electrolytes of propylene carbonate with LiTFSI, LiPF6, and LiBF4 salts. Journal of Molecular Liquids,390",https://www.scopus.com/record/display.url?eid=2-s2.0-85171385818&origin=resultslist,10.1016/j.molliq.2023.122983,Article,,2-s2.0-85171385818,-,Consejo Nacional de Ciencia y Tecnologia Mexico| Universidad Autónoma Metropolitana,704696| 505017,Government| Academic,2.0,60028381| 60027998,"Universidad Autónoma Metropolitana -Unidad Iztapalapa| Secretaría de Ciencia, Humanidades, Tecnología e Innovación",50262780000,6701463968,50262780000,-,Mexico,1.0,1606| 1607| 2504| 2505| 3104| 3107,"Physical and Theoretical Chemistry| Spectroscopy| Electronic, Optical and Magnetic Materials| Materials Chemistry| Condensed Matter Physics| Atomic and Molecular Physics, and Optics",2| 4,Engineering & Technology| Natural Sciences,249| 433| 409| 439,Engineering - Petroleum| Materials Science| Chemistry| Physics & Astronomy,36| 37,Engineering| Physical Sciences,40| 34,Engineering| Chemical Sciences,4004| 3406,Chemical engineering| Physical chemistry,SDG 7,High-Performance Materials for Lithium-Ion Batteries,303,96.73,Solvation Dynamics in Lithium Ion Batteries,33274,91.449,Definitive,2023.0,20.0,N/A,"Núñez-Rojas, E.| González, I.| Guzmán-González, G.| Alejandre, J.",Consejo Nacional de Ciencia y Tecnologia Mexico| Universidad Autónoma Metropolitana,Mexico,0
7102176710,7102176710,Recovery of MnO2 from a spent alkaline battery leach solution via ozone treatment,"Cruz-Díaz, M.R.| Arauz-Torres, Y.| Caballero, F.| Lapidus, G.T.| González, I.",5.0,36545050800| 56401161900| 7006690470| 7004641449| 7102176710,2015.0,2015-01-15,Journal of Power Sources,274,-,839-845,-,ISSN-03787753,18063.0,Journal,Elsevier B.V.,English,1.73,8,9.9,2,1.9,5,1.79,75.0,20.0,0.57,10.59,28.0,43.0,1.0,0.0,"Cruz-Díaz, M.R., Arauz-Torres, Y., Caballero, F. and 2 more (...) (2015).Recovery of MnO2 from a spent alkaline battery leach solution via ozone treatment. Journal of Power Sources,274839-845",https://www.scopus.com/record/display.url?eid=2-s2.0-84908428724&origin=resultslist,10.1016/j.jpowsour.2014.10.121,Article,,2-s2.0-84908428724,-,Universidad Autónoma Metropolitana| Universidad Nacional Autónoma de México,505017| 505023,Academic,2.0,60172565| 108253962| 60028381,Facultad de Estudios Superiores Cuautitlán| División de Química Y Bioquímica| Universidad Autónoma Metropolitana -Unidad Iztapalapa,36545050800,7102176710,36545050800,-,Mexico,1.0,1606| 2102| 2105| 2208,"Physical and Theoretical Chemistry| Energy Engineering and Power Technology| Renewable Energy, Sustainability and the Environment| Electrical and Electronic Engineering",2| 4,Engineering & Technology| Natural Sciences,409| 249| 221,Chemistry| Engineering - Petroleum| Engineering - Electrical & Electronic,37| 36,Physical Sciences| Engineering,34| 40,Chemical Sciences| Engineering,-,-,-,Ion Exchange and Lithium Recovery,486,91.563,Recycling and Recovery of Battery Materials,32092,79.631,Definitive,2015.0,20.0,N/A,"Cruz-Díaz, M.R.| Arauz-Torres, Y.| Caballero, F.| Lapidus, G.T.| González, I.",Universidad Autónoma Metropolitana| Universidad Nacional Autónoma de México,Mexico,0
7102176710,7102176710,Electric field as pretreatment to enhance the activity of a whole-cell biocatalyst for hydrocarbon degradation in contaminated water,"Sánchez-Vázquez, V.| González, I.| Gutiérrez-Rojas, M.",3.0,56682062200| 7102176710| 6603961112,2015.0,2015-01-05,Chemical Engineering Journal,260,-,37-42,-,ISSN-13858947,16398.0,Journal,Elsevier,English,1.95,6,8.6,2,1.676,4,0.65,30.0,17.0,0.81,9.87,31.0,34.0,0.0,0.0,"Sánchez-Vázquez, V., González, I., Gutiérrez-Rojas, M. (2015).Electric field as pretreatment to enhance the activity of a whole-cell biocatalyst for hydrocarbon degradation in contaminated water. Chemical Engineering Journal,26037-42",https://www.scopus.com/record/display.url?eid=2-s2.0-84930935955&origin=resultslist,10.1016/j.cej.2014.08.036,Article,,2-s2.0-84930935955,-,Universidad Autónoma Metropolitana,505017,Academic,1.0,60028381,Universidad Autónoma Metropolitana -Unidad Iztapalapa,56682062200,6603961112,6603961112,-,Mexico,1.0,1500| 1600| 2209| 2304,General Chemical Engineering| General Chemistry| Industrial and Manufacturing Engineering| Environmental Chemistry,2| 4,Engineering & Technology| Natural Sciences,219| 249| 222| 424| 409,Engineering - Chemical| Engineering - Petroleum| Engineering - Mechanical| Environmental Sciences| Chemistry,36| 37,Engineering| Physical Sciences,40,Engineering,4004| 4011| 4016,Chemical engineering| Environmental engineering| Materials engineering,SDG 6,"Biogas, Biochar, and Microbial Fuel Cells",69,98.954,Electrokinetic Remediation of Contaminated Soil,6263,96.096,Defensible,2015.0,17.0,N/A,"Sánchez-Vázquez, V.| González, I.| Gutiérrez-Rojas, M.",Universidad Autónoma Metropolitana,Mexico,0
7102176710,7102176710,Delimiting the boron influence on the adsorptive properties of water and OH radicals on H-terminated Boron Doped Diamond catalysts: A Density Functional Theory analysis,"Jaimes, R.| Vazquez-Arenas, J.| González, I.| Galván, M.",4.0,56986196500| 56013705500| 7102176710| 7006004160,2016.0,2016-11-01,Surface Science,653,-,27-33,-,ISSN-00396028,12284.0,Journal,Elsevier B.V.,English,0.83,38,3.4,24,0.746,20,1.15,55.0,17.0,0.31,9.73,31.0,56.0,0.0,0.0,"Jaimes, R., Vazquez-Arenas, J., González, I. and 1 more (...) (2016).Delimiting the boron influence on the adsorptive properties of water and OH radicals on H-terminated Boron Doped Diamond catalysts: A Density Functional Theory analysis. Surface Science,65327-33",https://www.scopus.com/record/display.url?eid=2-s2.0-84973866283&origin=resultslist,10.1016/j.susc.2016.04.018,Article,,2-s2.0-84973866283,-,Universidad Autónoma Metropolitana,505017,Academic,1.0,60028381,Universidad Autónoma Metropolitana -Unidad Iztapalapa,56986196500,7006004160,56013705500,-,Mexico,1.0,2505| 2508| 3104| 3110,"Materials Chemistry| Surfaces, Coatings and Films| Condensed Matter Physics| Surfaces and Interfaces",4,Natural Sciences,439| 433,Physics & Astronomy| Materials Science,37| 36,Physical Sciences| Engineering,34| 51,Chemical Sciences| Physical Sciences,5108| 5104| 3406,Quantum physics| Condensed matter physics| Physical chemistry,-,Diamond Films and Their Multifaceted Applications,464,66.383,Electrochemical Applications of Boron-Doped Diamond,12094,87.566,Defensible,2016.0,17.0,N/A,"Jaimes, R.| Vazquez-Arenas, J.| González, I.| Galván, M.",Universidad Autónoma Metropolitana,Mexico,0
7102176710,7102176710,Improving the contact properties of CdS-decorated TiO2 nanotube arrays using an electrochemical/thermal/chemical approach,"Carrera-Crespo, J.E.| Rincón, M.E.| González, F.| Barrera, E.| González, I.",5.0,55539257200| 7005951593| 56000780400| 7005033671| 7102176710,2016.0,2016-10-01,Journal of Solid State Electrochemistry,20,10,2713-2723,-,ISSN-14328488,25199.0,Journal,Springer New York LLC,English,0.73,45,4.1,19,0.678,21,3.63,99.0,17.0,0.95,10.5,31.0,30.0,0.0,0.0,"Carrera-Crespo, J.E., Rincón, M.E., González, F. and 2 more (...) (2016).Improving the contact properties of CdS-decorated TiO2 nanotube arrays using an electrochemical/thermal/chemical approach. Journal of Solid State Electrochemistry,20(10) 2713-2723",https://www.scopus.com/record/display.url?eid=2-s2.0-84973661463&origin=resultslist,10.1007/s10008-016-3282-8,Article,,2-s2.0-84973661463,-,Universidad Autónoma Metropolitana| Universidad Nacional Autónoma de México,505017| 505023,Academic,2.0,60028381| 60032442| 60003209,Universidad Autónoma Metropolitana -Unidad Iztapalapa| Universidad Nacional Autónoma de México| Instituto de Energías Renovables de la UNAM,55539257200,7102176710,7102176710,-,Mexico,1.0,1603| 2102| 2208| 2500| 2505| 3104,Electrochemistry| Energy Engineering and Power Technology| Electrical and Electronic Engineering| General Materials Science| Materials Chemistry| Condensed Matter Physics,4| 2,Natural Sciences| Engineering & Technology,439| 249| 409| 433| 221,Physics & Astronomy| Engineering - Petroleum| Chemistry| Materials Science| Engineering - Electrical & Electronic,36| 37,Engineering| Physical Sciences,34,Chemical Sciences,3406| 3403,Physical chemistry| Macromolecular and materials chemistry,SDG 7,Perovskite and Dye-Sensitized Solar Cell Innovations,73,99.477,Quantum Dot Materials for Enhanced Solar Cell Performance,3989,93.539,Very Good,2016.0,17.0,N/A,"Carrera-Crespo, J.E.| Rincón, M.E.| González, F.| Barrera, E.| González, I.",Universidad Autónoma Metropolitana| Universidad Nacional Autónoma de México,Mexico,0
7102176710,7102176710,Kinetic approach for the appropriate selection of indigenous limestones for acid mine drainage treatment with passive systems,"Labastida, I.| Armienta, M.A.| Lara, R.H.| Briones, R.| González, I.| Romero, F.",6.0,25650180400| 7003338266| 56335217900| 15519429900| 7102176710| 7101944918,2019.0,2019-08-10,Science of the Total Environment,677,-,404-417,-,ISSN-00489697,25349.0,Journal,Elsevier B.V.,English,1.96,7,8.6,8,1.661,7,1.89,86.0,17.0,0.33,17.98,29.0,57.0,0.0,0.0,"Labastida, I., Armienta, M.A., Lara, R.H. and 3 more (...) (2019).Kinetic approach for the appropriate selection of indigenous limestones for acid mine drainage treatment with passive systems. Science of the Total Environment,677404-417",https://www.scopus.com/record/display.url?eid=2-s2.0-85064983259&origin=resultslist,10.1016/j.scitotenv.2019.04.373,Article,,2-s2.0-85064983259,31059883,Universidad Autónoma Metropolitana| Universidad Autonoma de San Luis Potosi| Universidad Juarez del Estado de Durango| Universidad Nacional Autónoma de México,505017| 505014| 704853| 505023,Academic,4.0,60023193| 60032442| 60014403| 60031335| 60028381,Universidad Autónoma Metropolitana - Azcapotzalco| Universidad Nacional Autónoma de México| Universidad Juárez del Estado de Durango| Universidad Autónoma de San Luis Potosí| Universidad Autónoma Metropolitana -Unidad Iztapalapa,25650180400,7101944918,7003338266,-,Mexico,1.0,2304| 2305| 2310| 2311,Environmental Chemistry| Environmental Engineering| Pollution| Waste Management and Disposal,2| 4| 3,Engineering & Technology| Natural Sciences| Social Sciences & Management,249| 424,Engineering - Petroleum| Environmental Sciences,37,Physical Sciences,MD,Multidisciplinary,MD,Multidisciplinary,-,Radon and Radionuclide Management in Environmental Safety,398,55.919,Geochemical Dynamics of Acid Mine Drainage,3930,93.975,Very Good,2019.0,17.0,N/A,"Labastida, I.| Armienta, M.A.| Lara, R.H.| Briones, R.| González, I.| Romero, F.",Universidad Autónoma Metropolitana| Universidad Autonoma de San Luis Potosi| Universidad Juarez del Estado de Durango| Universidad Nacional Autónoma de México,Mexico,0
7102176710,7102176710,Electrochemical monitoring of Acidithiobacillus thiooxidans biofilm formation on graphite surface with elemental sulfur,"Méndez-Tovar, M.| García-Meza, J.V.| González, I.",3.0,57207909484| 6508260147| 7102176710,2019.0,2019-08-01,Bioelectrochemistry,128,-,30-38,-,ISSN-15675394,16890.0,Journal,Elsevier B.V.,English,1.24,20,6.5,13,0.84,25,2.48,71.0,17.0,0.55,12.79,29.0,45.0,0.0,0.0,"Méndez-Tovar, M., García-Meza, J.V., González, I. (2019).Electrochemical monitoring of Acidithiobacillus thiooxidans biofilm formation on graphite surface with elemental sulfur. Bioelectrochemistry,12830-38",https://www.scopus.com/record/display.url?eid=2-s2.0-85063187268&origin=resultslist,10.1016/j.bioelechem.2019.03.004,Article,,2-s2.0-85063187268,30909069,Universidad Autónoma Metropolitana| Universidad Autonoma de San Luis Potosi,505017| 505014,Academic,2.0,60028381| 60031335,Universidad Autónoma Metropolitana -Unidad Iztapalapa| Universidad Autónoma de San Luis Potosí,57207909484,7102176710,7102176710,-,Mexico,1.0,1304| 1603| 1606,Biophysics| Electrochemistry| Physical and Theoretical Chemistry,5| 2| 4,Life Sciences & Medicine| Engineering & Technology| Natural Sciences,409| 507| 249,Chemistry| Biological Sciences| Engineering - Petroleum,32| 37,Life Sciences| Physical Sciences,51| 34| 32,Physical Sciences| Chemical Sciences| Biomedical And Clinical Sciences,3401| 3208| 5105,Analytical chemistry| Medical physiology| Medical and biological physics,SDG 6,"Biogas, Biochar, and Microbial Fuel Cells",69,98.954,Microbial Fuel Cells for Sustainable Wastewater Treatment,56,99.752,Very Good,2019.0,17.0,N/A,"Méndez-Tovar, M.| García-Meza, J.V.| González, I.",Universidad Autónoma Metropolitana| Universidad Autonoma de San Luis Potosi,Mexico,0
7102176710,7102176710,"Unraveling the effects on lithium-ion cathode performance by cation doping M-Li2CuO2 solid solution samples (M = Mn, Fe and Ni)","Martínez-Cruz, M.A.| Yañez-Aulestia, A.| Ramos-Sánchez, G.| Oliver-Tolentino, M.| Vera, M.| Pfeiffer, H.| Ramírez-Rosales, D.| González, I.",8.0,57191961664| 57202224096| 56013733500| 36470816300| 55398162500| 7103003652| 6506892665| 7102176710,2020.0,2020-04-14,Dalton Transactions,49,14,4549-4558,-,ISSN-14779226,9500153949.0,Journal,Royal Society of Chemistry,English,0.86,41,6.7,14,0.98,16,1.41,35.0,16.0,0.96,11.42,29.0,29.0,0.0,0.0,"Martínez-Cruz, M.A., Yañez-Aulestia, A., Ramos-Sánchez, G. and 5 more (...) (2020).Unraveling the effects on lithium-ion cathode performance by cation doping M-Li2CuO2 solid solution samples (M = Mn, Fe and Ni). Dalton Transactions,49(14) 4549-4558",https://www.scopus.com/record/display.url?eid=2-s2.0-85083042443&origin=resultslist,10.1039/d0dt00273a,Article,,2-s2.0-85083042443,32196043,Consejo Nacional de Ciencia y Tecnologia Mexico| Universidad Autónoma Metropolitana| Instituto Politécnico Nacional| Universidad Nacional Autónoma de México,704696| 505017| 505011| 505023,Academic| Government,4.0,60028381| 60032442| 60027998| 60019176,"Universidad Autónoma Metropolitana -Unidad Iztapalapa| Universidad Nacional Autónoma de México| Secretaría de Ciencia, Humanidades, Tecnología e Innovación| Instituto Politécnico Nacional",57191961664,7102176710,-,-,Mexico,1.0,1604,Inorganic Chemistry,4,Natural Sciences,409,Chemistry,37,Physical Sciences,34,Chemical Sciences,3402,Inorganic chemistry,SDG 7,High-Performance Materials for Lithium-Ion Batteries,303,96.73,Enhancements in Lithium-Ion Cathode Materials,1720,98.215,Very Good,2020.0,16.0,N/A,"Martínez-Cruz, M.A.| Yañez-Aulestia, A.| Ramos-Sánchez, G.| Oliver-Tolentino, M.| Vera, M.| Pfeiffer, H.| Ramírez-Rosales, D.| González, I.",Consejo Nacional de Ciencia y Tecnologia Mexico| Universidad Autónoma Metropolitana| Instituto Politécnico Nacional| Universidad Nacional Autónoma de México,Mexico,0
7102176710,7102176710,Influence of reduced graphene oxides (rGO) at different reduction stages as conductive additive in Li-ion batteries,"Juarez-Yescas, C.| Ramos-Sánchez, G.| González, I.",3.0,57202848277| 56013733500| 7102176710,2018.0,2018-10-01,Journal of Solid State Electrochemistry,22,10,3225-3233,-,ISSN-14328488,25199.0,Journal,Springer New York LLC,English,0.66,54,3.9,25,0.606,26,1.35,38.0,15.0,0.4,12.55,33.0,52.0,0.0,0.0,"Juarez-Yescas, C., Ramos-Sánchez, G., González, I. (2018).Influence of reduced graphene oxides (rGO) at different reduction stages as conductive additive in Li-ion batteries. Journal of Solid State Electrochemistry,22(10) 3225-3233",https://www.scopus.com/record/display.url?eid=2-s2.0-85049581539&origin=resultslist,10.1007/s10008-018-4021-0,Article,,2-s2.0-85049581539,-,Universidad Autónoma Metropolitana,505017,Academic,1.0,60028381,Universidad Autónoma Metropolitana -Unidad Iztapalapa,57202848277,7102176710,56013733500,-,Mexico,1.0,1603| 2102| 2208| 2500| 2505| 3104,Electrochemistry| Energy Engineering and Power Technology| Electrical and Electronic Engineering| General Materials Science| Materials Chemistry| Condensed Matter Physics,4| 2,Natural Sciences| Engineering & Technology,433| 439| 409| 221| 249,Materials Science| Physics & Astronomy| Chemistry| Engineering - Electrical & Electronic| Engineering - Petroleum,37| 36,Physical Sciences| Engineering,34,Chemical Sciences,3403| 3406,Macromolecular and materials chemistry| Physical chemistry,SDG 7,High-Performance Materials for Lithium-Ion Batteries,303,96.73,Lithium Ion Battery Cathode Materials,408,98.272,Very Good,2018.0,15.0,N/A,"Juarez-Yescas, C.| Ramos-Sánchez, G.| González, I.",Universidad Autónoma Metropolitana,Mexico,0
7102176710,7102176710,Chitosan binders for sustainable lithium-sulfur batteries: Synergistic effects of mechanical and polysulfide trapping properties,"Mayrén, A.| Alcaraz-Espinoza, J.J.| Hernández-Sánchez, A.| González, I.| Ramos-Sánchez, G.",5.0,57190121583| 56586224500| 58882203100| 7102176710| 56013733500,2024.0,2024-03-10,Electrochimica Acta,480,-,-,143917,ISSN-00134686,25181.0,Journal,Elsevier Ltd,English,0.94,33,10.6,13,1.106,16,1.5,23.0,15.0,1.63,9.22,9.0,17.0,0.0,0.0,"Mayrén, A., Alcaraz-Espinoza, J.J., Hernández-Sánchez, A. and 2 more (...) (2024).Chitosan binders for sustainable lithium-sulfur batteries: Synergistic effects of mechanical and polysulfide trapping properties. Electrochimica Acta,480",https://www.scopus.com/record/display.url?eid=2-s2.0-85184821703&origin=resultslist,10.1016/j.electacta.2024.143917,Article,,2-s2.0-85184821703,-,Universidad Autónoma Metropolitana,505017,Academic,1.0,60014923| 60028381,Universidad Autónoma Metropolitana| Universidad Autónoma Metropolitana -Unidad Iztapalapa,57190121583,56013733500,56013733500,-,Mexico,1.0,1500| 1603,General Chemical Engineering| Electrochemistry,2| 4,Engineering & Technology| Natural Sciences,219| 409,Engineering - Chemical| Chemistry,37| 36,Physical Sciences| Engineering,51| 34| 40,Physical Sciences| Chemical Sciences| Engineering,-,-,SDG 7,High-Performance Materials for Lithium Batteries,96,99.608,Lithium-Sulfur Battery Performance,51,99.96,Definitive,2024.0,15.0,N/A,"Mayrén, A.| Alcaraz-Espinoza, J.J.| Hernández-Sánchez, A.| González, I.| Ramos-Sánchez, G.",Universidad Autónoma Metropolitana,Mexico,0
7102176710,7102176710,Experimental and theoretical investigation on the origin of the high intercalation voltage of K2Zn3[Fe(CN)6]2 cathode,"Islas-Vargas, C.| Guevara-García, A.| Oliver-Tolentino, M.| Ramos-Sánchez, G.| González, I.| Galván, M.",6.0,57207855814| 8615638400| 36470816300| 56013733500| 7102176710| 7006004160,2019.0,2019-01-01,Journal of the Electrochemical Society,166,3,A5159-A51145,-,ISSN-00134651,25169.0,Journal,Electrochemical Society Inc.,English,1.02,30,5.8,12,1.153,11,0.56,19.0,14.0,0.74,13.55,33.0,37.0,1.0,0.0,"Islas-Vargas, C., Guevara-García, A., Oliver-Tolentino, M. and 3 more (...) (2019).Experimental and theoretical investigation on the origin of the high intercalation voltage of K2Zn3[Fe(CN)6]2 cathode. Journal of the Electrochemical Society,166(3) A5159-A51145",https://www.scopus.com/record/display.url?eid=2-s2.0-85063080111&origin=resultslist,10.1149/2.0231903jes,Article,Hybrid gold,2-s2.0-85063080111,-,Consejo Nacional de Ciencia y Tecnologia Mexico| Universidad Autónoma Metropolitana,704696| 505017,Academic| Government,2.0,60028381| 60027998,"Universidad Autónoma Metropolitana -Unidad Iztapalapa| Secretaría de Ciencia, Humanidades, Tecnología e Innovación",57207855814,7006004160,-,-,Mexico,1.0,1603| 2105| 2504| 2505| 2508| 3104,"Electrochemistry| Renewable Energy, Sustainability and the Environment| Electronic, Optical and Magnetic Materials| Materials Chemistry| Surfaces, Coatings and Films| Condensed Matter Physics",4| 2,Natural Sciences| Engineering & Technology,221| 409| 439| 433,Engineering - Electrical & Electronic| Chemistry| Physics & Astronomy| Materials Science,37| 36,Physical Sciences| Engineering,40| 34,Engineering| Chemical Sciences,3406| 4016,Physical chemistry| Materials engineering,SDG 7,High-Performance Materials for Lithium Batteries,96,99.608,Prussian Blue Analogues in Energy Storage Applications,30415,98.439,Defensible,2019.0,14.0,N/A,"Islas-Vargas, C.| Guevara-García, A.| Oliver-Tolentino, M.| Ramos-Sánchez, G.| González, I.| Galván, M.",Consejo Nacional de Ciencia y Tecnologia Mexico| Universidad Autónoma Metropolitana,Mexico,0
7102176710,7102176710,"Improving the structural reversibility of LiNiO2 by incorporation of Cu, an electrochemical and in-situ XRD study","Martínez-Cruz, M.A.| Ramos-Sánchez, G.| Oliver-Tolentino, M.| Pfeiffer, H.| González, I.",5.0,57191961664| 56013733500| 36470816300| 7103003652| 7102176710,2022.0,2022-11-25,Journal of Alloys and Compounds,923,-,-,166328,ISSN-09258388,12325.0,Journal,Elsevier Ltd,English,1.32,17,10.9,5,1.079,9,2.58,59.0,14.0,1.07,13.07,23.0,27.0,0.0,0.0,"Martínez-Cruz, M.A., Ramos-Sánchez, G., Oliver-Tolentino, M. and 2 more (...) (2022).Improving the structural reversibility of LiNiO2 by incorporation of Cu, an electrochemical and in-situ XRD study. Journal of Alloys and Compounds,923",https://www.scopus.com/record/display.url?eid=2-s2.0-85134725146&origin=resultslist,10.1016/j.jallcom.2022.166328,Article,,2-s2.0-85134725146,-,Consejo Nacional de Ciencia y Tecnologia Mexico| Universidad Autónoma Metropolitana| Universidad Nacional Autónoma de México,704696| 505017| 505023,Government| Academic,3.0,60028381| 60027998| 60014923| 60005971| 60032442,"Universidad Autónoma Metropolitana -Unidad Iztapalapa| Secretaría de Ciencia, Humanidades, Tecnología e Innovación| Universidad Autónoma Metropolitana| Instituto de Investigaciones en Materiales| Universidad Nacional Autónoma de México",57191961664,7102176710,56013733500,-,Mexico,1.0,2210| 2211| 2505| 2506,Mechanical Engineering| Mechanics of Materials| Materials Chemistry| Metals and Alloys,4| 2,Natural Sciences| Engineering & Technology,433| 222,Materials Science| Engineering - Mechanical,36,Engineering,40| 51,Engineering| Physical Sciences,5104| 4016,Condensed matter physics| Materials engineering,SDG 7,High-Performance Materials for Lithium-Ion Batteries,303,96.73,High-Energy Cathode Materials for Lithium Batteries,4591,99.846,Very Good,2022.0,14.0,N/A,"Martínez-Cruz, M.A.| Ramos-Sánchez, G.| Oliver-Tolentino, M.| Pfeiffer, H.| González, I.",Consejo Nacional de Ciencia y Tecnologia Mexico| Universidad Autónoma Metropolitana| Universidad Nacional Autónoma de México,Mexico,0
7102176710,7102176710,Photoelectrochemical hydrogen generation on TiO2 nanotube arrays sensitized with CdS@Sb2S3 core shell particles,"Carrera-Crespo, J.E.| Ramos-Sánchez, G.| De la Luz, V.| González, F.| Barrera, E.| González, I.",6.0,55539257200| 56013733500| 16308643600| 56000780400| 7005033671| 7102176710,2017.0,2017-01-01,International Journal of Hydrogen Energy,42,51,30249-30256,-,ISSN-03603199,26991.0,Journal,Elsevier Ltd,English,1.33,16,6.3,8,1.116,16,1.57,56.0,13.0,0.79,12.71,36.0,35.0,0.0,0.0,"Carrera-Crespo, J.E., Ramos-Sánchez, G., De la Luz, V. and 3 more (...) (2017).Photoelectrochemical hydrogen generation on TiO2 nanotube arrays sensitized with CdS@Sb2S3 core shell particles. International Journal of Hydrogen Energy,42(51) 30249-30256",https://www.scopus.com/record/display.url?eid=2-s2.0-85030715898&origin=resultslist,10.1016/j.ijhydene.2017.09.064,Article,,2-s2.0-85030715898,-,Universidad Autonoma de Nuevo Leon| Universidad Autónoma Metropolitana,505013| 505017,Academic,2.0,60025417| 60028381,Universidad Autónoma de Nuevo León| Universidad Autónoma Metropolitana -Unidad Iztapalapa,55539257200,7102176710,56013733500,-,Mexico,1.0,2102| 2103| 2105| 3104,"Energy Engineering and Power Technology| Fuel Technology| Renewable Energy, Sustainability and the Environment| Condensed Matter Physics",2| 4,Engineering & Technology| Natural Sciences,221| 439| 249,Engineering - Electrical & Electronic| Physics & Astronomy| Engineering - Petroleum,37| 36,Physical Sciences| Engineering,34| 40,Chemical Sciences| Engineering,-,-,SDG 7,Perovskite and Dye-Sensitized Solar Cell Innovations,73,99.477,Quantum Dot Materials for Enhanced Solar Cell Performance,3989,93.539,Defensible,2017.0,13.0,N/A,"Carrera-Crespo, J.E.| Ramos-Sánchez, G.| De la Luz, V.| González, F.| Barrera, E.| González, I.",Universidad Autonoma de Nuevo Leon| Universidad Autónoma Metropolitana,Mexico,0
7102176710,7102176710,Attachment of Leptospirillum sp. to chemically modified pyrite surfaces. Fast and simple electrochemical monitoring of bacterial-mineral interactions,"Saavedra, A.| García-Meza, J.V.| Cortón, E.| González, I.",4.0,55909773100| 6508260147| 6602692958| 7102176710,2021.0,2021-02-01,Hydrometallurgy,199,-,-,105534,ISSN-0304386X,12133.0,Journal,Elsevier B.V.,English,1.36,17,7.3,10,0.799,14,1.47,46.0,11.0,0.52,13.35,34.0,47.0,0.0,0.0,"Saavedra, A., García-Meza, J.V., Cortón, E. and 1 more (...) (2021).Attachment of Leptospirillum sp. to chemically modified pyrite surfaces. Fast and simple electrochemical monitoring of bacterial-mineral interactions. Hydrometallurgy,199",https://www.scopus.com/record/display.url?eid=2-s2.0-85097480598&origin=resultslist,10.1016/j.hydromet.2020.105534,Article,,2-s2.0-85097480598,-,Consejo Nacional de Investigaciones Científicas y Técnicas| Universidad Autónoma Metropolitana| Universidad Autonoma de San Luis Potosi| Universidad de Buenos Aires,601002| 505017| 505014| 601004,Academic| Government,4.0,60004518| 60271986| 60001563| 60031335| 60028381,Consejo Nacional de Investigaciones Científicas y Técnicas| Instituto de Química Biológica de la Facultad de Ciencias Exactas y Naturales (IQUIBICEN)| Universidad de Buenos Aires| Universidad Autónoma de San Luis Potosí| Universidad Autónoma Metropolitana -Unidad Iztapalapa,55909773100,7102176710,55909773100,-,Mexico| Argentina,2.0,2209| 2505| 2506,Industrial and Manufacturing Engineering| Materials Chemistry| Metals and Alloys,2| 4,Engineering & Technology| Natural Sciences,433| 222,Materials Science| Engineering - Mechanical,36,Engineering,40,Engineering,4019| 4004,Resources engineering and extractive metallurgy| Chemical engineering,-,Innovative Approaches to Metal Recovery and Bioleaching,1133,44.212,Bioleaching Mechanisms and Microbial Interactions in Mining,746,95.784,Very Good,2021.0,11.0,N/A,"Saavedra, A.| García-Meza, J.V.| Cortón, E.| González, I.",Consejo Nacional de Investigaciones Científicas y Técnicas| Universidad Autónoma Metropolitana| Universidad Autonoma de San Luis Potosi| Universidad de Buenos Aires,Mexico| Argentina,0
7102176710,7102176710,Fungal biocatalyst activated by an electric field: Improved mass transfer and non-specificity for hydrocarbon degradation in an airlift bioreactor,"Sánchez-Vázquez, V.| Shirai, K.| González, I.| Gutiérrez-Rojas, M.",4.0,56682062200| 55993639400| 7102176710| 6603961112,2017.0,2017-01-01,Journal of Hazardous Materials,337,-,62-71,-,ISSN-03043894,25858.0,Journal,Elsevier B.V.,English,2,6,10.8,2,1.787,5,0.44,38.0,11.0,0.52,13.37,40.0,46.0,0.0,0.0,"Sánchez-Vázquez, V., Shirai, K., González, I. and 1 more (...) (2017).Fungal biocatalyst activated by an electric field: Improved mass transfer and non-specificity for hydrocarbon degradation in an airlift bioreactor. Journal of Hazardous Materials,33762-71",https://www.scopus.com/record/display.url?eid=2-s2.0-85019129578&origin=resultslist,10.1016/j.jhazmat.2017.05.001,Article,,2-s2.0-85019129578,28505509,Universidad Autónoma Metropolitana,505017,Academic,1.0,60028381,Universidad Autónoma Metropolitana -Unidad Iztapalapa,56682062200,6603961112,6603961112,-,Mexico,1.0,2304| 2305| 2307| 2310| 2311,"Environmental Chemistry| Environmental Engineering| Health, Toxicology and Mutagenesis| Pollution| Waste Management and Disposal",3| 4| 5| 2,Social Sciences & Management| Natural Sciences| Life Sciences & Medicine| Engineering & Technology,424| 249,Environmental Sciences| Engineering - Petroleum,37| 34,Physical Sciences| Medical and Health,41| 34| 40,Environmental Sciences| Chemical Sciences| Engineering,-,-,SDG 6| SDG 15,Microbial Solutions for Hydrocarbon Biodegradation,308,83.322,Bioremediation Techniques for Hydrocarbon Contaminated Soil,877,98.575,Defensible,2017.0,11.0,N/A,"Sánchez-Vázquez, V.| Shirai, K.| González, I.| Gutiérrez-Rojas, M.",Universidad Autónoma Metropolitana,Mexico,0
7102176710,7102176710,Effect of the support nanostructure (nanofibers and nanotubes) on the photoelectrochemical performance of TiO2-CdO@CdS semiconducting architectures,"Carrera-Crespo, J.E.| Ghilane, J.| Randriamahazaka, H.| Ammar, S.| González, I.",5.0,55539257200| 24338094300| 57204502431| 7006858888| 7102176710,2017.0,2017-01-01,Journal of the Electrochemical Society,164,6,H286-H292,-,ISSN-00134651,25169.0,Journal,Electrochemical Society Inc.,English,1.04,27,5.3,11,1.267,9,1.33,46.0,11.0,0.6,11.76,40.0,42.0,0.0,0.0,"Carrera-Crespo, J.E., Ghilane, J., Randriamahazaka, H. and 2 more (...) (2017).Effect of the support nanostructure (nanofibers and nanotubes) on the photoelectrochemical performance of TiO2-CdO@CdS semiconducting architectures. Journal of the Electrochemical Society,164(6) H286-H292",https://www.scopus.com/record/display.url?eid=2-s2.0-85027707568&origin=resultslist,10.1149/2.0291706jes,Article,,2-s2.0-85027707568,-,Universidad Autónoma Metropolitana| CNRS| Université Paris Cité,505017| 314004| 720451,Government| Academic,3.0,60028381| 60123796| 60123640,Universidad Autónoma Metropolitana -Unidad Iztapalapa| Université Paris Cité| Interfaces Traitements Organisation et DYnamique des Systèmes – ITODYS,55539257200,7102176710,7102176710,-,Mexico| France,2.0,1603| 2105| 2504| 2505| 2508| 3104,"Electrochemistry| Renewable Energy, Sustainability and the Environment| Electronic, Optical and Magnetic Materials| Materials Chemistry| Surfaces, Coatings and Films| Condensed Matter Physics",4| 2,Natural Sciences| Engineering & Technology,221| 433| 409| 439,Engineering - Electrical & Electronic| Materials Science| Chemistry| Physics & Astronomy,37| 36,Physical Sciences| Engineering,40| 34,Engineering| Chemical Sciences,4016| 3406,Materials engineering| Physical chemistry,-,Perovskite and Dye-Sensitized Solar Cell Innovations,73,99.477,Quantum Dot Materials for Enhanced Solar Cell Performance,3989,93.539,Very Good,2017.0,11.0,N/A,"Carrera-Crespo, J.E.| Ghilane, J.| Randriamahazaka, H.| Ammar, S.| González, I.",Universidad Autónoma Metropolitana| CNRS| Université Paris Cité,Mexico| France,0
7102176710,7102176710,Polycyclic aromatic hydrocarbon-emulsifier protein produced by Aspergillus brasiliensis (niger) in an airlift bioreactor following an electrochemical pretreatment,"Sánchez-Vázquez, V.| Shirai, K.| González, I.| Gutiérrez-Rojas, M.",4.0,56682062200| 55993639400| 7102176710| 6603961112,2018.0,2018-05-01,Bioresource Technology,256,-,408-413,-,ISSN-09608524,15423.0,Journal,Elsevier Ltd,English,1.86,7,11.1,3,2.157,1,0.98,45.0,11.0,0.23,17.12,40.0,63.0,0.0,0.0,"Sánchez-Vázquez, V., Shirai, K., González, I. and 1 more (...) (2018).Polycyclic aromatic hydrocarbon-emulsifier protein produced by Aspergillus brasiliensis (niger) in an airlift bioreactor following an electrochemical pretreatment. Bioresource Technology,256408-413",https://www.scopus.com/record/display.url?eid=2-s2.0-85042182302&origin=resultslist,10.1016/j.biortech.2018.02.043,Article,,2-s2.0-85042182302,29477078,Universidad Autónoma Metropolitana,505017,Academic,1.0,60028381,Universidad Autónoma Metropolitana -Unidad Iztapalapa,56682062200,6603961112,6603961112,-,Mexico,1.0,1502| 2105| 2305| 2311,"Bioengineering| Renewable Energy, Sustainability and the Environment| Environmental Engineering| Waste Management and Disposal",2| 3,Engineering & Technology| Social Sciences & Management,219| 221| 424,Engineering - Chemical| Engineering - Electrical & Electronic| Environmental Sciences,36| 37,Engineering| Physical Sciences,31| 30,"Biological Sciences| Agricultural, Veterinary And Food Sciences",3001| 3107| 3106,Agricultural biotechnology| Microbiology| Industrial biotechnology,SDG 6| SDG 15,Fusarium Resistance and Biological Control in Agriculture,660,60.824,Hydrophobins and Their Surface Properties in Fungi,27425,72.082,Defensible,2018.0,11.0,N/A,"Sánchez-Vázquez, V.| Shirai, K.| González, I.| Gutiérrez-Rojas, M.",Universidad Autónoma Metropolitana,Mexico,0
7102176710,7102176710,Establishing the Relationship between Quantum Capacitance and Softness of N-Doped Graphene/Electrolyte Interfaces within the Density Functional Theory Grand Canonical Kohn-Sham Formalism,"Ochoa-Calle, A.| Guevara-Garciá, A.| Vazquez-Arenas, J.| González, I.| Galván, M.",5.0,55620240200| 8615638400| 56013705500| 7102176710| 7006004160,2020.0,2020-01-23,Journal of Physical Chemistry A,124,3,573-581,-,ISSN-10895639,26969.0,Journal,American Chemical Society,English,0.91,37,4.5,37,0.756,30,1.66,43.0,11.0,0.49,12.33,38.0,47.0,0.0,0.0,"Ochoa-Calle, A., Guevara-Garciá, A., Vazquez-Arenas, J. and 2 more (...) (2020).Establishing the Relationship between Quantum Capacitance and Softness of N-Doped Graphene/Electrolyte Interfaces within the Density Functional Theory Grand Canonical Kohn-Sham Formalism. Journal of Physical Chemistry A,124(3) 573-581",https://www.scopus.com/record/display.url?eid=2-s2.0-85078293040&origin=resultslist,10.1021/acs.jpca.9b10885,Article,,2-s2.0-85078293040,31876420,Consejo Nacional de Ciencia y Tecnologia Mexico| Universidad Autónoma Metropolitana,704696| 505017,Academic| Government,2.0,60028381| 60027998,"Universidad Autónoma Metropolitana -Unidad Iztapalapa| Secretaría de Ciencia, Humanidades, Tecnología e Innovación",55620240200,7006004160,7006004160,-,Mexico,1.0,1606,Physical and Theoretical Chemistry,2| 4,Engineering & Technology| Natural Sciences,409| 249,Chemistry| Engineering - Petroleum,37,Physical Sciences,51| 34,Physical Sciences| Chemical Sciences,3407| 3406| 5102,"Theoretical and computational chemistry| Physical chemistry| Atomic, molecular and optical physics",-,Quantum Chemistry and Molecular Interaction Insights,8,83.453,Conceptual Framework of Chemical Reactivity and Electronegativity,4614,87.536,Very Good,2020.0,11.0,N/A,"Ochoa-Calle, A.| Guevara-Garciá, A.| Vazquez-Arenas, J.| González, I.| Galván, M.",Consejo Nacional de Ciencia y Tecnologia Mexico| Universidad Autónoma Metropolitana,Mexico,0
7102176710,7102176710,Interactions of mimic weathered pyrite surfaces (FeS2) with acidic culture media (0 K): An approach for (bio)leaching applications,"Saavedra, A.| García-Meza, J.V.| Cortón, E.| González, I.",4.0,55909773100| 6508260147| 6602692958| 7102176710,2018.0,2018-12-01,Hydrometallurgy,182,-,128-135,-,ISSN-0304386X,12133.0,Journal,Elsevier B.V.,English,1.88,7,5.7,11,1.014,13,1.32,48.0,9.0,0.39,10.36,44.0,53.0,0.0,0.0,"Saavedra, A., García-Meza, J.V., Cortón, E. and 1 more (...) (2018).Interactions of mimic weathered pyrite surfaces (FeS2) with acidic culture media (0 K): An approach for (bio)leaching applications. Hydrometallurgy,182128-135",https://www.scopus.com/record/display.url?eid=2-s2.0-85056445886&origin=resultslist,10.1016/j.hydromet.2018.10.022,Article,Bronze,2-s2.0-85056445886,-,Consejo Nacional de Investigaciones Científicas y Técnicas| Universidad Autónoma Metropolitana| Universidad Autonoma de San Luis Potosi| Universidad de Buenos Aires,601002| 505017| 505014| 601004,Academic| Government,4.0,60001563| 60004518| 60271986| 60031335| 60028381,Universidad de Buenos Aires| Consejo Nacional de Investigaciones Científicas y Técnicas| Instituto de Química Biológica de la Facultad de Ciencias Exactas y Naturales (IQUIBICEN)| Universidad Autónoma de San Luis Potosí| Universidad Autónoma Metropolitana -Unidad Iztapalapa,55909773100,7102176710,7102176710,-,Mexico| Argentina,2.0,2209| 2505| 2506,Industrial and Manufacturing Engineering| Materials Chemistry| Metals and Alloys,4| 2,Natural Sciences| Engineering & Technology,433| 222,Materials Science| Engineering - Mechanical,36,Engineering,40,Engineering,4004| 4019,Chemical engineering| Resources engineering and extractive metallurgy,-,Innovative Approaches to Metal Recovery and Bioleaching,1133,44.212,Bioleaching Mechanisms and Microbial Interactions in Mining,746,95.784,Very Good,2018.0,9.0,N/A,"Saavedra, A.| García-Meza, J.V.| Cortón, E.| González, I.",Consejo Nacional de Investigaciones Científicas y Técnicas| Universidad Autónoma Metropolitana| Universidad Autonoma de San Luis Potosi| Universidad de Buenos Aires,Mexico| Argentina,0
7102176710,7102176710,High voltage – Improved reversible capacity in Ni+2/+3 modified copper-based cathodes for lithium ion batteries,"Aguilar-Eseiza, N.| Ramos-Sánchez, G.| González, F.| González, I.",4.0,57193431706| 56013733500| 56000780400| 7102176710,2018.0,2018-11-01,Electrochemistry Communications,96,-,32-36,-,ISSN-13882481,25180.0,Journal,Elsevier Inc.,English,1.04,28,8.1,8,1.465,8,0.79,29.0,9.0,0.28,14.38,44.0,59.0,0.0,0.0,"Aguilar-Eseiza, N., Ramos-Sánchez, G., González, F. and 1 more (...) (2018).High voltage – Improved reversible capacity in Ni+2/+3 modified copper-based cathodes for lithium ion batteries. Electrochemistry Communications,9632-36",https://www.scopus.com/record/display.url?eid=2-s2.0-85053438835&origin=resultslist,10.1016/j.elecom.2018.09.002,Article,Green,2-s2.0-85053438835,-,Universidad Autónoma Metropolitana,505017,Academic,1.0,60028381,Universidad Autónoma Metropolitana -Unidad Iztapalapa,57193431706,7102176710,56013733500,-,Mexico,1.0,1603,Electrochemistry,4,Natural Sciences,409,Chemistry,37,Physical Sciences,34| 40,Chemical Sciences| Engineering,-,-,SDG 7,High-Performance Materials for Lithium-Ion Batteries,303,96.73,Enhancements in Lithium-Ion Cathode Materials,1720,98.215,Definitive,2018.0,9.0,N/A,"Aguilar-Eseiza, N.| Ramos-Sánchez, G.| González, F.| González, I.",Universidad Autónoma Metropolitana,Mexico,0
7102176710,7102176710,The Intriguing Nature of Fluorine Doping on Li2CuO2 and the Reasons behind the Inhibition of Oxygen Evolution,"Juarez-Yescas, C.| Oliver-Tolentino, M.| Ramos-Sánchez, G.| Vera-Ramirez, M.A.| Olmedo-González, J.| Ochoa-Calle, A.| Manzo-Robledo, A.| González, F.| González, I.",9.0,57202848277| 36470816300| 56013733500| 55793560100| 57215220965| 55620240200| 23005607400| 56000780400| 7102176710,2020.0,2020-03-23,ACS Applied Energy Materials,3,3,2771-2780,-,ISSN-25740962,21100904205.0,Journal,American Chemical Society,English,0.94,35,5.4,18,1.833,6,2.18,55.0,9.0,0.29,13.8,42.0,59.0,0.0,0.0,"Juarez-Yescas, C., Oliver-Tolentino, M., Ramos-Sánchez, G. and 6 more (...) (2020).The Intriguing Nature of Fluorine Doping on Li2CuO2 and the Reasons behind the Inhibition of Oxygen Evolution. ACS Applied Energy Materials,3(3) 2771-2780",https://www.scopus.com/record/display.url?eid=2-s2.0-85080143842&origin=resultslist,10.1021/acsaem.9b02429,Article,,2-s2.0-85080143842,-,Consejo Nacional de Ciencia y Tecnologia Mexico| Universidad Autónoma Metropolitana| Instituto Politécnico Nacional,704696| 505017| 505011,Government| Academic,3.0,60028381| 60027998| 60019176| 60006489,"Universidad Autónoma Metropolitana -Unidad Iztapalapa| Secretaría de Ciencia, Humanidades, Tecnología e Innovación| Instituto Politécnico Nacional| Escuela Superior de Ingenieria Quimica e Industrias Extractivas",57202848277,7102176710,36470816300,-,Mexico,1.0,1501| 1603| 2102| 2208| 2505,Chemical Engineering (miscellaneous)| Electrochemistry| Energy Engineering and Power Technology| Electrical and Electronic Engineering| Materials Chemistry,2| 4,Engineering & Technology| Natural Sciences,409| 249| 433| 219| 221,Chemistry| Engineering - Petroleum| Materials Science| Engineering - Chemical| Engineering - Electrical & Electronic,37| 36,Physical Sciences| Engineering,34| 40,Chemical Sciences| Engineering,-,-,SDG 7,High-Performance Materials for Lithium-Ion Batteries,303,96.73,Enhancements in Lithium-Ion Cathode Materials,1720,98.215,Defensible,2020.0,9.0,N/A,"Juarez-Yescas, C.| Oliver-Tolentino, M.| Ramos-Sánchez, G.| Vera-Ramirez, M.A.| Olmedo-González, J.| Ochoa-Calle, A.| Manzo-Robledo, A.| González, F.| González, I.",Consejo Nacional de Ciencia y Tecnologia Mexico| Universidad Autónoma Metropolitana| Instituto Politécnico Nacional,Mexico,0
7102176710,7102176710,Operation and dynamic modeling of a novel integrated anaerobic-aerobic-anoxic reactor for sewage treatment,"Plascencia-Jatomea, R.| González, I.| Gómez, J.| Monroy, O.",4.0,56790004700| 7102176710| 56000767500| 6701714983,2015.0,2015-12-02,Chemical Engineering Science,138,-,31-40,-,ISSN-00092509,16413.0,Journal,Elsevier Ltd,English,1.57,11,5,6,1.022,11,4.05,135.0,8.0,0.44,9.05,46.0,48.0,0.0,0.0,"Plascencia-Jatomea, R., González, I., Gómez, J. and 1 more (...) (2015).Operation and dynamic modeling of a novel integrated anaerobic-aerobic-anoxic reactor for sewage treatment. Chemical Engineering Science,13831-40",https://www.scopus.com/record/display.url?eid=2-s2.0-84939643437&origin=resultslist,10.1016/j.ces.2015.07.051,Article,,2-s2.0-84939643437,-,Universidad Autónoma Metropolitana,505017,Academic,1.0,60028381,Universidad Autónoma Metropolitana -Unidad Iztapalapa,56790004700,6701714983,6701714983,-,Mexico,1.0,1500| 1600| 2209,General Chemical Engineering| General Chemistry| Industrial and Manufacturing Engineering,4| 2,Natural Sciences| Engineering & Technology,219| 222| 409,Engineering - Chemical| Engineering - Mechanical| Chemistry,37| 36,Physical Sciences| Engineering,40,Engineering,4004,Chemical engineering,SDG 6,Microbial Innovations in Wastewater Nitrogen Removal,627,88.293,Membrane Bioreactors for Enhanced Wastewater Treatment,44649,88.757,Very Good,2015.0,8.0,N/A,"Plascencia-Jatomea, R.| González, I.| Gómez, J.| Monroy, O.",Universidad Autónoma Metropolitana,Mexico,0
7102176710,7102176710,Degradation mechanisms of layered materials (LiCoO2 and Li2CuO2) captured by an EIS-based graphical reconstruction method,"Suarez-Hernandez, R.| Ramos-Sánchez, G.| Oliver-Tolentino, M.A.| González, I.",4.0,56205206400| 56013733500| 36470816300| 7102176710,2021.0,2021-11-20,Electrochimica Acta,397,-,-,139240,ISSN-00134686,25181.0,Journal,Elsevier Ltd,English,1.06,29,12.3,7,1.306,10,1.09,30.0,8.0,0.34,14.84,41.0,57.0,0.0,0.0,"Suarez-Hernandez, R., Ramos-Sánchez, G., Oliver-Tolentino, M.A. and 1 more (...) (2021).Degradation mechanisms of layered materials (LiCoO2 and Li2CuO2) captured by an EIS-based graphical reconstruction method. Electrochimica Acta,397",https://www.scopus.com/record/display.url?eid=2-s2.0-85115982167&origin=resultslist,10.1016/j.electacta.2021.139240,Article,,2-s2.0-85115982167,-,Consejo Nacional de Ciencia y Tecnologia Mexico| Universidad Autónoma Metropolitana,704696| 505017,Government| Academic,2.0,60028381| 60027998,"Universidad Autónoma Metropolitana -Unidad Iztapalapa| Secretaría de Ciencia, Humanidades, Tecnología e Innovación",56205206400,7102176710,56205206400,-,Mexico,1.0,1500| 1603,General Chemical Engineering| Electrochemistry,2| 4,Engineering & Technology| Natural Sciences,219| 409,Engineering - Chemical| Chemistry,37| 36,Physical Sciences| Engineering,51| 40| 34,Physical Sciences| Engineering| Chemical Sciences,-,-,SDG 7,High-Performance Materials for Lithium-Ion Batteries,303,96.73,Enhancements in Lithium-Ion Cathode Materials,1720,98.215,Very Good,2021.0,8.0,N/A,"Suarez-Hernandez, R.| Ramos-Sánchez, G.| Oliver-Tolentino, M.A.| González, I.",Consejo Nacional de Ciencia y Tecnologia Mexico| Universidad Autónoma Metropolitana,Mexico,0
7102176710,7102176710,Electrogeneration of Active Chlorine in a Filter-Press-Type Reactor Using a New Sb2O5 Doped Ti/RuO2-ZrO2 Electrode: Indirect Indigoid Dye Oxidation,"Rodríguez, F.A.| Rivero, E.P.| González, I.",3.0,57213124231| 14034587000| 7102176710,2017.0,2017-04-01,International Journal of Chemical Reactor Engineering,15,2,-,20160095,ISSN-15426580,130033.0,Journal,Walter de Gruyter GmbH,English,0.49,64,1.3,56,0.306,51,0.48,23.0,7.0,0.48,10.49,49.0,48.0,0.0,0.0,"Rodríguez, F.A., Rivero, E.P., González, I. (2017).Electrogeneration of Active Chlorine in a Filter-Press-Type Reactor Using a New Sb2O5 Doped Ti/RuO2-ZrO2 Electrode: Indirect Indigoid Dye Oxidation. International Journal of Chemical Reactor Engineering,15(2) ",https://www.scopus.com/record/display.url?eid=2-s2.0-85018984031&origin=resultslist,10.1515/ijcre-2016-0095,Article,,2-s2.0-85018984031,-,Universidad Autónoma Metropolitana| Universidad Nacional Autónoma de México,505017| 505023,Academic,2.0,60032442| 60172565| 60028381,Universidad Nacional Autónoma de México| Facultad de Estudios Superiores Cuautitlán| Universidad Autónoma Metropolitana -Unidad Iztapalapa,57213124231,7102176710,14034587000,-,Mexico,1.0,1500,General Chemical Engineering,2,Engineering & Technology,219,Engineering - Chemical,36,Engineering,40,Engineering,4004,Chemical engineering,-,Innovative Approaches in Wastewater Treatment Technologies,433,93.264,Electrochemical Techniques for Wastewater Degradation,336,99.825,Very Good,2017.0,7.0,N/A,"Rodríguez, F.A.| Rivero, E.P.| González, I.",Universidad Autónoma Metropolitana| Universidad Nacional Autónoma de México,Mexico,0
7102176710,7102176710,Alterations in Aspergillus brasiliensis (niger) ATCC 9642 membranes associated to metabolism modifications during application of low-intensity electric current,"Velasco-Alvarez, N.| Gutiérrez-Rojas, M.| González, I.",3.0,36350363900| 6603961112| 7102176710,2017.0,2017-12-01,Bioelectrochemistry,118,-,1-7,-,ISSN-15675394,16890.0,Journal,Elsevier B.V.,English,1.09,25,7.3,12,0.85,27,1.62,50.0,7.0,0.45,11.16,49.0,49.0,0.0,0.0,"Velasco-Alvarez, N., Gutiérrez-Rojas, M., González, I. (2017).Alterations in Aspergillus brasiliensis (niger) ATCC 9642 membranes associated to metabolism modifications during application of low-intensity electric current. Bioelectrochemistry,1181-7",https://www.scopus.com/record/display.url?eid=2-s2.0-85021109882&origin=resultslist,10.1016/j.bioelechem.2017.06.008,Article,,2-s2.0-85021109882,28651156,Universidad Autónoma Metropolitana| Centro de Investigacion y Desarrollo Tecnologico en Electroquimica,505017| 703032,Academic,2.0,60084247| 118682909| 118421036| 60028381,Centro de Investigación y Desarrollo Tecnológico en Electroquímica S.C.| Departamento de Biotecnología| Departamento de Química| Universidad Autónoma Metropolitana -Unidad Iztapalapa,36350363900,7102176710,36350363900,-,Mexico,1.0,1304| 1603| 1606,Biophysics| Electrochemistry| Physical and Theoretical Chemistry,2| 4| 5,Engineering & Technology| Natural Sciences| Life Sciences & Medicine,507| 249| 409,Biological Sciences| Engineering - Petroleum| Chemistry,37| 32,Physical Sciences| Life Sciences,32| 34| 51,Biomedical And Clinical Sciences| Chemical Sciences| Physical Sciences,5105| 3208| 3401,Medical and biological physics| Medical physiology| Analytical chemistry,-,"Biogas, Biochar, and Microbial Fuel Cells",69,98.954,Electrokinetic Remediation of Contaminated Soil,6263,96.096,Defensible,2017.0,7.0,N/A,"Velasco-Alvarez, N.| Gutiérrez-Rojas, M.| González, I.",Universidad Autónoma Metropolitana| Centro de Investigacion y Desarrollo Tecnologico en Electroquimica,Mexico,0
7102176710,7102176710,A Novel Method to Reveal a Ureolytic Biofilm Attachment and In Situ Growth Monitoring by Electrochemical Impedance Spectroscopy,"Romero, M.C.| Ramos, G.| González, I.| Ramírez, F.",4.0,57218253331| 57218244666| 7102176710| 7202326113,2021.0,2021-05-01,Applied Biochemistry and Biotechnology,193,5,1379-1396,-,ISSN-02732289,110291.0,Journal,Springer,English,0.73,48,5.1,38,0.475,49,0.49,15.0,6.0,0.22,13.48,47.0,66.0,0.0,0.0,"Romero, M.C., Ramos, G., González, I. and 1 more (...) (2021).A Novel Method to Reveal a Ureolytic Biofilm Attachment and In Situ Growth Monitoring by Electrochemical Impedance Spectroscopy. Applied Biochemistry and Biotechnology,193(5) 1379-1396",https://www.scopus.com/record/display.url?eid=2-s2.0-85088464187&origin=resultslist,10.1007/s12010-020-03386-8,Article,,2-s2.0-85088464187,32700202,Universidad Autónoma Metropolitana,505017,Academic,1.0,60028381,Universidad Autónoma Metropolitana -Unidad Iztapalapa,57218253331,7202326113,7202326113,-,Mexico,1.0,1303| 1305| 1312| 1502| 2402,Biochemistry| Biotechnology| Molecular Biology| Bioengineering| Applied Microbiology and Biotechnology,5| 2,Life Sciences & Medicine| Engineering & Technology,507| 219,Biological Sciences| Engineering - Chemical,36| 32,Engineering| Life Sciences,31,Biological Sciences,-,-,SDG 6| SDG 11,Bacteriophage Applications in Food Safety and Health,491,85.546,Impedance Techniques for Bacterial Detection and Monitoring,45273,59.429,Weak,2021.0,6.0,N/A,"Romero, M.C.| Ramos, G.| González, I.| Ramírez, F.",Universidad Autónoma Metropolitana,Mexico,0
7102176710,7102176710,Higher performance of Lithium-Sulfur Batteries by tuning the chemical structure of multifunctional NaPSS-PEGA copolymer binders,"García-Valle, L.| Alcaraz-Espinoza, J.J.| St Thomas, C.| Maldonado-Textle, H.| Hernández-Sánchez, A.| Ochoa-Calle, Á.| Mayrén, A.| González, I.| Sánchez, G.R.",9.0,59164415300| 56586224500| 55240191900| 23393356600| 58882203100| 55620240200| 57190121583| 7102176710| 58354455800,2024.0,2024-07-30,Journal of Energy Storage,94,-,-,112342,ISSN-2352152X,21100400826.0,Journal,Elsevier Ltd,English,1.85,8,13.3,6,1.76,9,1.31,22.0,6.0,0.6,9.99,24.0,43.0,0.0,0.0,"García-Valle, L., Alcaraz-Espinoza, J.J., St Thomas, C. and 6 more (...) (2024).Higher performance of Lithium-Sulfur Batteries by tuning the chemical structure of multifunctional NaPSS-PEGA copolymer binders. Journal of Energy Storage,94",https://www.scopus.com/record/display.url?eid=2-s2.0-85195450924&origin=resultslist,10.1016/j.est.2024.112342,Article,Hybrid gold,2-s2.0-85195450924,-,Consejo Nacional de Ciencia y Tecnologia Mexico| Center for Research in Applied Chemistry| Universidad Autónoma Metropolitana,704696| 703028| 505017,Academic| Government,3.0,60028381| 60029922| 60027998,"Universidad Autónoma Metropolitana -Unidad Iztapalapa| Centro de Investigacion en Quimica Aplicada, Saltillo| Secretaría de Ciencia, Humanidades, Tecnología e Innovación",59164415300,58354455800,56586224500| 55240191900,-,Mexico,1.0,2102| 2105| 2208,"Energy Engineering and Power Technology| Renewable Energy, Sustainability and the Environment| Electrical and Electronic Engineering",2,Engineering & Technology,249| 221,Engineering - Petroleum| Engineering - Electrical & Electronic,36,Engineering,40,Engineering,-,-,SDG 7,High-Performance Materials for Lithium Batteries,96,99.608,Lithium-Sulfur Battery Performance,51,99.96,Definitive,2024.0,6.0,N/A,"García-Valle, L.| Alcaraz-Espinoza, J.J.| St Thomas, C.| Maldonado-Textle, H.| Hernández-Sánchez, A.| Ochoa-Calle, Á.| Mayrén, A.| González, I.| Sánchez, G.R.",Consejo Nacional de Ciencia y Tecnologia Mexico| Center for Research in Applied Chemistry| Universidad Autónoma Metropolitana,Mexico,0
7102176710,7102176710,Electroreduction as a viable strategy to obtain TiO2 nanotube films with preferred anatase crystal orientation and its impact on photoelectrochemical performance,"Sierra-Uribe, H.| Carrera-Crespo, J.E.| Cano, A.| Córdoba-Tuta, E.M.| González, I.| Acevedo-Peña, P.",6.0,57195399168| 55539257200| 56393945000| 23097094600| 7102176710| 56074239100,2018.0,2018-06-01,Journal of Solid State Electrochemistry,22,6,1881-1891,-,ISSN-14328488,25199.0,Journal,"Springer Science and Business Media, LLC",English,0.66,54,3.9,25,0.606,26,0.36,15.0,6.0,0.32,12.55,51.0,57.0,0.0,0.0,"Sierra-Uribe, H., Carrera-Crespo, J.E., Cano, A. and 3 more (...) (2018).Electroreduction as a viable strategy to obtain TiO2 nanotube films with preferred anatase crystal orientation and its impact on photoelectrochemical performance. Journal of Solid State Electrochemistry,22(6) 1881-1891",https://www.scopus.com/record/display.url?eid=2-s2.0-85063885557&origin=resultslist,10.1007/s10008-018-3890-6,Article,,2-s2.0-85063885557,-,Consejo Nacional de Ciencia y Tecnologia Mexico| Universidad Autonoma de Nuevo Leon| Universidad Autónoma Metropolitana| Universidad Industrial de Santander| Instituto Politécnico Nacional,704696| 505013| 505017| 604005| 505011,Academic| Government,5.0,60057258| 60028381| 60025417| 60019176| 60013076| 60027998,"Universidad Industrial de Santander| Universidad Autónoma Metropolitana -Unidad Iztapalapa| Universidad Autónoma de Nuevo León| Instituto Politécnico Nacional| Centro de Investigacion en Ciencia Aplicada y Tecnologia Avanzada| Secretaría de Ciencia, Humanidades, Tecnología e Innovación",57195399168,56074239100,56074239100,-,Mexico| Colombia,2.0,1603| 2102| 2208| 2500| 2505| 3104,Electrochemistry| Energy Engineering and Power Technology| Electrical and Electronic Engineering| General Materials Science| Materials Chemistry| Condensed Matter Physics,4| 2,Natural Sciences| Engineering & Technology,249| 439| 409| 221| 433,Engineering - Petroleum| Physics & Astronomy| Chemistry| Engineering - Electrical & Electronic| Materials Science,36| 37,Engineering| Physical Sciences,34,Chemical Sciences,3406| 3403,Physical chemistry| Macromolecular and materials chemistry,-,Photocatalytic Properties of Titanium Dioxide Structures,62,94.768,Titanium Dioxide Nanotubes in Advanced Applications,1007,97.417,Definitive,2018.0,6.0,N/A,"Sierra-Uribe, H.| Carrera-Crespo, J.E.| Cano, A.| Córdoba-Tuta, E.M.| González, I.| Acevedo-Peña, P.",Consejo Nacional de Ciencia y Tecnologia Mexico| Universidad Autonoma de Nuevo Leon| Universidad Autónoma Metropolitana| Universidad Industrial de Santander| Instituto Politécnico Nacional,Mexico| Colombia,0
7102176710,7102176710,Improving Substrate Consumption and Decrease of Growth Yield in Aerobic Cultures of Pseudomonas denitrificans By Applying Low Voltages in Bioelectric Systems,"Cházaro-Ruiz, L.F.| López-Cázares, M.I.| González, I.| Toriz, Y.| Alatriste-Mondragon, F.| Santana, M.| Celis, L.B.",7.0,8833820900| 57203765461| 7102176710| 57211921260| 6506132237| 57211918950| 25924799200,2020.0,2020-04-01,Applied Biochemistry and Biotechnology,190,4,1333-1348,-,ISSN-02732289,110291.0,Journal,Springer,English,0.85,41,4.5,37,0.558,39,2.29,78.0,5.0,0.14,14.1,54.0,70.0,0.0,0.0,"Cházaro-Ruiz, L.F., López-Cázares, M.I., González, I. and 4 more (...) (2020).Improving Substrate Consumption and Decrease of Growth Yield in Aerobic Cultures of Pseudomonas denitrificans By Applying Low Voltages in Bioelectric Systems. Applied Biochemistry and Biotechnology,190(4) 1333-1348",https://www.scopus.com/record/display.url?eid=2-s2.0-85075399680&origin=resultslist,10.1007/s12010-019-03168-x,Article,,2-s2.0-85075399680,31758363,Universidad Autónoma Metropolitana| Instituto Potosino de Investigacion Cientifica y Tecnologica,505017| 505043,Government| Academic,2.0,60002151| 60028381,"Instituto Potosino de Investigación Científica y Tecnológica, A.C.| Universidad Autónoma Metropolitana -Unidad Iztapalapa",8833820900,25924799200,8833820900,-,Mexico,1.0,1303| 1305| 1312| 1502| 2402,Biochemistry| Biotechnology| Molecular Biology| Bioengineering| Applied Microbiology and Biotechnology,5| 2,Life Sciences & Medicine| Engineering & Technology,507| 219,Biological Sciences| Engineering - Chemical,32| 36,Life Sciences| Engineering,31,Biological Sciences,-,-,SDG 6,Innovative Approaches in Wastewater Treatment Technologies,433,93.264,Microbial Fuel Cells for Wastewater Treatment Innovations,59956,90.878,Weak,2020.0,5.0,N/A,"Cházaro-Ruiz, L.F.| López-Cázares, M.I.| González, I.| Toriz, Y.| Alatriste-Mondragon, F.| Santana, M.| Celis, L.B.",Universidad Autónoma Metropolitana| Instituto Potosino de Investigacion Cientifica y Tecnologica,Mexico,0
7102176710,7102176710,Design equations based on micro/macromixing theoretical analysis of RTD curves for a tubular concentric electrochemical reactor with expanded meshes as electrodes,"Jaramillo-Gutiérrez, M.I.| Pedraza-Avella, J.A.| González, I.| Rivero, E.P.| Cruz-Díaz, M.R.",5.0,57079162300| 23989360200| 7102176710| 14034587000| 36545050800,2022.0,2022-01-01,Revista Mexicana de Ingeniera Quimica,21,1,-,Cat2434,ISSN-16652738,19900192431.0,Journal,Universidad Autonoma Metropolitana,English,0.47,66,3.3,51,0.28,61,1.85,45.0,5.0,0.2,14.74,46.0,68.0,0.0,0.0,"Jaramillo-Gutiérrez, M.I., Pedraza-Avella, J.A., González, I. and 2 more (...) (2022).Design equations based on micro/macromixing theoretical analysis of RTD curves for a tubular concentric electrochemical reactor with expanded meshes as electrodes. Revista Mexicana de Ingeniera Quimica,21(1) ",https://www.scopus.com/record/display.url?eid=2-s2.0-85121699484&origin=resultslist,10.24275/rmiq/Cat24334,Article,,2-s2.0-85121699484,-,Universidad Autónoma Metropolitana| Universidad Industrial de Santander| Universidad Nacional Autónoma de México,505017| 604005| 505023,Academic,3.0,60057258| 60028381| 60032442,Universidad Industrial de Santander| Universidad Autónoma Metropolitana -Unidad Iztapalapa| Universidad Nacional Autónoma de México,57079162300,36545050800,36545050800,-,Mexico| Colombia,2.0,1500,General Chemical Engineering,2,Engineering & Technology,219,Engineering - Chemical,36,Engineering,40| 31| 30,"Engineering| Biological Sciences| Agricultural, Veterinary And Food Sciences",4004| 3006| 3106,Chemical engineering| Food sciences| Industrial biotechnology,-,Innovative Approaches in Wastewater Treatment Technologies,433,93.264,Electrochemical Techniques for Wastewater Degradation,336,99.825,Defensible,2022.0,5.0,N/A,"Jaramillo-Gutiérrez, M.I.| Pedraza-Avella, J.A.| González, I.| Rivero, E.P.| Cruz-Díaz, M.R.",Universidad Autónoma Metropolitana| Universidad Industrial de Santander| Universidad Nacional Autónoma de México,Mexico| Colombia,0
7102176710,7102176710,Biotechnological processes improved with electric fields: The importance of operational parameters selection,"Gómez-Flores, P.| Velasco-Alvarez, N.| González, I.| Sánchez-Vázquez, V.",4.0,57218403592| 36350363900| 7102176710| 56682062200,2020.0,2020-01-01,Revista Mexicana de Ingeniera Quimica,19,-,111-121,-,ISSN-16652738,19900192431.0,Journal,Universidad Autonoma Metropolitana Iztapalapa,English,0.84,41,2.2,53,0.288,57,0.69,30.0,4.0,0.2,14.64,58.0,65.0,0.0,0.0,"Gómez-Flores, P., Velasco-Alvarez, N., González, I. and 1 more (...) (2020).Biotechnological processes improved with electric fields: The importance of operational parameters selection. Revista Mexicana de Ingeniera Quimica,19111-121",https://www.scopus.com/record/display.url?eid=2-s2.0-85089113749&origin=resultslist,10.24275/rmiq/Bio1689,Article,Hybrid gold,2-s2.0-85089113749,-,Universidad Autónoma Metropolitana,505017,Academic,1.0,60028381,Universidad Autónoma Metropolitana -Unidad Iztapalapa,57218403592,56682062200,56682062200,-,Mexico,1.0,1500,General Chemical Engineering,2,Engineering & Technology,219,Engineering - Chemical,36,Engineering,31| 40| 30,"Biological Sciences| Engineering| Agricultural, Veterinary And Food Sciences",3106| 3006| 4004,Industrial biotechnology| Food sciences| Chemical engineering,-,"Biogas, Biochar, and Microbial Fuel Cells",69,98.954,Electrokinetic Remediation of Contaminated Soil,6263,96.096,Very Good,2020.0,4.0,N/A,"Gómez-Flores, P.| Velasco-Alvarez, N.| González, I.| Sánchez-Vázquez, V.",Universidad Autónoma Metropolitana,Mexico,0
7102176710,7102176710,Electrochemical analysis of galena reactivity in typical physicochemical conditions of calcareous soils,"Urbano, G.| Reyes, V.E.| Velo, M.A.| González, I.",4.0,57195671603| 16040660400| 57189370927| 7102176710,2016.0,2016-05-01,International Journal of Electrochemical Science ,11,5,3714-3726,-,ISSN-14523981,19200156944.0,Journal,Electrochemical Science Group,English,0.82,39,3.1,57,0.426,57,0.76,34.0,4.0,0.24,12.35,58.0,60.0,0.0,0.0,"Urbano, G., Reyes, V.E., Velo, M.A. and 1 more (...) (2016).Electrochemical analysis of galena reactivity in typical physicochemical conditions of calcareous soils. International Journal of Electrochemical Science ,11(5) 3714-3726",https://www.scopus.com/record/display.url?eid=2-s2.0-84969751587&origin=resultslist,10.1016/s1452-3981(23)17431-1,Article,Gold|Green,2-s2.0-84969751587,-,Universidad Autónoma Metropolitana| Universidad Autonoma del Estado de Hidalgo,505017| 505050,Academic,2.0,60027135| 60028381,Universidad Autónoma del Estado de Hidalgo| Universidad Autónoma Metropolitana -Unidad Iztapalapa,57195671603,7102176710,16040660400,-,Mexico,1.0,1603,Electrochemistry,4,Natural Sciences,409,Chemistry,37,Physical Sciences,34,Chemical Sciences,3406| 3401,Physical chemistry| Analytical chemistry,-,Flotation Techniques for Mineral and Wastewater Treatment,831,71.354,Surface Interactions and Electrochemistry in Flotation,3343,95.625,Definitive,2016.0,4.0,N/A,"Urbano, G.| Reyes, V.E.| Velo, M.A.| González, I.",Universidad Autónoma Metropolitana| Universidad Autonoma del Estado de Hidalgo,Mexico,0
7102176710,7102176710,"A Synergetic Experimental and Computational Approach Towards a Better Comprehension of Redox Reactions of N3 Dye [cis-bis(Isothiocyanato)-Ruthenium(II)-bis(2, 2’-Bipyridine-4,4’-Dicarboxylic Acid] in Solution","Zerón, P.| Carmona-Espíndola, J.| Flores-Leonar, M.M.| Gázquez, J.L.| González, I.| Amador-Bedolla, C.| Ugalde-Saldívar, V.M.",7.0,57202968207| 35621686500| 54082942800| 56013736400| 7102176710| 6603777460| 6508002096,2018.0,2018-07-13,ChemistrySelect,3,26,7541-7547,-,ISSN-23656549,21100850505.0,Journal,Wiley-Blackwell,English,0.44,69,1.7,57,0.445,39,1.84,55.0,3.0,0.13,15.69,63.0,69.0,0.0,0.0,"Zerón, P., Carmona-Espíndola, J., Flores-Leonar, M.M. and 4 more (...) (2018).A Synergetic Experimental and Computational Approach Towards a Better Comprehension of Redox Reactions of N3 Dye [cis-bis(Isothiocyanato)-Ruthenium(II)-bis(2, 2’-Bipyridine-4,4’-Dicarboxylic Acid] in Solution. ChemistrySelect,3(26) 7541-7547",https://www.scopus.com/record/display.url?eid=2-s2.0-85050035130&origin=resultslist,10.1002/slct.201800716,Article,,2-s2.0-85050035130,-,Universidad Autónoma Metropolitana| Universidad Nacional Autónoma de México,505017| 505023,Academic,2.0,60032442| 60028381,Universidad Nacional Autónoma de México| Universidad Autónoma Metropolitana -Unidad Iztapalapa,57202968207,6508002096,6603777460,-,Mexico,1.0,1600,General Chemistry,4,Natural Sciences,409,Chemistry,37,Physical Sciences,34,Chemical Sciences,-,-,-,Perovskite and Dye-Sensitized Solar Cell Innovations,73,99.477,Dye-Sensitized Solar Cells with Ruthenium Complexes,708,98.295,Definitive,2018.0,3.0,N/A,"Zerón, P.| Carmona-Espíndola, J.| Flores-Leonar, M.M.| Gázquez, J.L.| González, I.| Amador-Bedolla, C.| Ugalde-Saldívar, V.M.",Universidad Autónoma Metropolitana| Universidad Nacional Autónoma de México,Mexico,0
7102176710,7102176710,Influence of water electrolysis on hydrolysis and methanogenesis stages of anaerobic digestion at room temperature: Kinetic and metabolic analysis,"Mendoza-Tinoco, T.P.| Durán-Hinojosa, U.| Sánchez-Vázquez, V.| Fajardo-Ortiz, M.D.C.| Beristain-Cardoso, R.| González, I.",6.0,58141577900| 24280940100| 56682062200| 55620064900| 56000925300| 7102176710,2024.0,2024-02-01,Bioresource Technology,394,-,-,130096,ISSN-09608524,15423.0,Journal,Elsevier Ltd,English,1.78,8,20.7,3,2.395,4,0.9,19.0,3.0,0.3,9.94,38.0,57.0,0.0,0.0,"Mendoza-Tinoco, T.P., Durán-Hinojosa, U., Sánchez-Vázquez, V. and 3 more (...) (2024).Influence of water electrolysis on hydrolysis and methanogenesis stages of anaerobic digestion at room temperature: Kinetic and metabolic analysis. Bioresource Technology,394",https://www.scopus.com/record/display.url?eid=2-s2.0-85179881610&origin=resultslist,10.1016/j.biortech.2023.130096,Article,,2-s2.0-85179881610,38096995,Universidad Autónoma Metropolitana,505017,Academic,1.0,60028381| 60112837,Universidad Autónoma Metropolitana -Unidad Iztapalapa| Universidad Autónoma Metropolitana-Lerma,58141577900,7102176710,7102176710,-,Mexico,1.0,1502| 2105| 2305| 2311,"Bioengineering| Renewable Energy, Sustainability and the Environment| Environmental Engineering| Waste Management and Disposal",3| 2,Social Sciences & Management| Engineering & Technology,424| 221| 219,Environmental Sciences| Engineering - Electrical & Electronic| Engineering - Chemical,36| 37,Engineering| Physical Sciences,31| 30,"Biological Sciences| Agricultural, Veterinary And Food Sciences",3106| 3107| 3001,Industrial biotechnology| Microbiology| Agricultural biotechnology,-,"Biogas, Biochar, and Microbial Fuel Cells",69,98.954,Microbial Electrolysis Cells for Sustainable Hydrogen Production,12706,98.946,Definitive,2024.0,3.0,N/A,"Mendoza-Tinoco, T.P.| Durán-Hinojosa, U.| Sánchez-Vázquez, V.| Fajardo-Ortiz, M.D.C.| Beristain-Cardoso, R.| González, I.",Universidad Autónoma Metropolitana,Mexico,0
7102176710,7102176710,Sequential solvent extraction as a tool for evaluating hydrocarbons speciation in soil after electrochemical treatment,"Gómez-Flores, P.| Gutiérrez-Rojas, M.| Gómez, S.A.| González, I.",4.0,57218403592| 6603961112| 7102183765| 7102176710,2021.0,2021-01-15,Science of the Total Environment,752,-,-,141802,ISSN-00489697,25349.0,Journal,Elsevier B.V.,English,2.14,6,14.1,4,1.806,5,0.62,39.0,3.0,0.09,21.57,60.0,75.0,0.0,0.0,"Gómez-Flores, P., Gutiérrez-Rojas, M., Gómez, S.A. and 1 more (...) (2021).Sequential solvent extraction as a tool for evaluating hydrocarbons speciation in soil after electrochemical treatment. Science of the Total Environment,752",https://www.scopus.com/record/display.url?eid=2-s2.0-85090016753&origin=resultslist,10.1016/j.scitotenv.2020.141802,Article,,2-s2.0-85090016753,32890830,Universidad Autónoma Metropolitana,505017,Academic,1.0,60028381,Universidad Autónoma Metropolitana -Unidad Iztapalapa,57218403592,7102176710,7102176710,-,Mexico,1.0,2304| 2305| 2310| 2311,Environmental Chemistry| Environmental Engineering| Pollution| Waste Management and Disposal,2| 4| 3,Engineering & Technology| Natural Sciences| Social Sciences & Management,424| 249,Environmental Sciences| Engineering - Petroleum,37,Physical Sciences,MD,Multidisciplinary,MD,Multidisciplinary,-,Organic Matter Dynamics in Environmental Systems,768,69.719,Sorption Dynamics of Organic Contaminants in Soils,1796,88.325,Very Good,2021.0,3.0,N/A,"Gómez-Flores, P.| Gutiérrez-Rojas, M.| Gómez, S.A.| González, I.",Universidad Autónoma Metropolitana,Mexico,0
7102176710,7102176710,Effects of Intra-Structural Interactions of Indium Hexacyanoferrate on the Li+and K+Intercalation Potential,"Sierra-Uribe, J.H.| Islas-Vargas, C.| Guevara-García, A.| Oliver-Tolentino, M.| Ramos-Sánchez, G.| Galván, M.| González, I.",7.0,56659493100| 57207855814| 8615638400| 36470816300| 56013733500| 7006004160| 7102176710,2021.0,2021-10-01,Journal of the Electrochemical Society,168,10,-,100511,ISSN-00134651,25169.0,Journal,IOP Publishing Ltd,English,0.94,35,7,16,1.066,12,0.63,22.0,2.0,0.07,14.51,66.0,77.0,0.0,0.0,"Sierra-Uribe, J.H., Islas-Vargas, C., Guevara-García, A. and 4 more (...) (2021).Effects of Intra-Structural Interactions of Indium Hexacyanoferrate on the Li+and K+Intercalation Potential. Journal of the Electrochemical Society,168(10) ",https://www.scopus.com/record/display.url?eid=2-s2.0-85118875729&origin=resultslist,10.1149/1945-7111/ac2a81,Article,,2-s2.0-85118875729,-,Consejo Nacional de Ciencia y Tecnologia Mexico| Universidad Autónoma Metropolitana,704696| 505017,Government| Academic,2.0,60028381| 60027998,"Universidad Autónoma Metropolitana -Unidad Iztapalapa| Secretaría de Ciencia, Humanidades, Tecnología e Innovación",56659493100,7102176710,8615638400| 36470816300,-,Mexico,1.0,1603| 2105| 2504| 2505| 2508| 3104,"Electrochemistry| Renewable Energy, Sustainability and the Environment| Electronic, Optical and Magnetic Materials| Materials Chemistry| Surfaces, Coatings and Films| Condensed Matter Physics",2| 4,Engineering & Technology| Natural Sciences,409| 439| 221| 433,Chemistry| Physics & Astronomy| Engineering - Electrical & Electronic| Materials Science,36| 37,Engineering| Physical Sciences,34| 40,Chemical Sciences| Engineering,3406| 4016,Physical chemistry| Materials engineering,SDG 7,High-Performance Materials for Lithium Batteries,96,99.608,Prussian Blue Analogues in Energy Storage Applications,30415,98.439,Very Good,2021.0,2.0,N/A,"Sierra-Uribe, J.H.| Islas-Vargas, C.| Guevara-García, A.| Oliver-Tolentino, M.| Ramos-Sánchez, G.| Galván, M.| González, I.",Consejo Nacional de Ciencia y Tecnologia Mexico| Universidad Autónoma Metropolitana,Mexico,0
7102176710,7102176710,Hierarchical implementation of electrochemical techniques to provide a reliable diagnosis of commercial lithium-ion pouch cells under selected operational conditions,"Suarez-Hernandez, R.| Ramos-Sánchez, G.| González, I.",3.0,56205206400| 56013733500| 7102176710,2023.0,2023-12-15,Journal of Energy Storage,73,-,-,109120,ISSN-2352152X,21100400826.0,Journal,Elsevier Ltd,English,1.67,9,11.8,9,1.595,13,0.79,18.0,2.0,0.13,15.07,56.0,72.0,0.0,0.0,"Suarez-Hernandez, R., Ramos-Sánchez, G., González, I. (2023).Hierarchical implementation of electrochemical techniques to provide a reliable diagnosis of commercial lithium-ion pouch cells under selected operational conditions. Journal of Energy Storage,73",https://www.scopus.com/record/display.url?eid=2-s2.0-85173585811&origin=resultslist,10.1016/j.est.2023.109120,Article,,2-s2.0-85173585811,-,Consejo Nacional de Ciencia y Tecnologia Mexico| Universidad Autónoma Metropolitana,704696| 505017,Academic| Government,2.0,60028381| 60027998,"Universidad Autónoma Metropolitana -Unidad Iztapalapa| Secretaría de Ciencia, Humanidades, Tecnología e Innovación",56205206400,7102176710,56205206400,-,Mexico,1.0,2102| 2105| 2208,"Energy Engineering and Power Technology| Renewable Energy, Sustainability and the Environment| Electrical and Electronic Engineering",2,Engineering & Technology,221| 249,Engineering - Electrical & Electronic| Engineering - Petroleum,36,Engineering,40,Engineering,-,-,SDG 7,Battery Management and Performance,927,97.188,Lithium-Ion Cell Dynamics and Performance Insights,24679,98.88,Definitive,2023.0,2.0,N/A,"Suarez-Hernandez, R.| Ramos-Sánchez, G.| González, I.",Consejo Nacional de Ciencia y Tecnologia Mexico| Universidad Autónoma Metropolitana,Mexico,0
7102176710,7102176710,Influence of the cellulose and sulfate ratio on voltage generation in winogradsky columns,"Fernández-Rendón, C.L.| Barrera-Escorcia, G.| Romero-Paredes, H.| González, I.",4.0,55884744500| 6507855793| 6506822837| 7102176710,2021.0,2021-09-01,Revista Mexicana de Ingeniera Quimica,20,3,1-11,-,ISSN-16652738,19900192431.0,Journal,Universidad Autonoma Metropolitana,English,0.53,62,2.9,52,0.3,59,2.58,80.0,2.0,0.14,14.25,66.0,72.0,0.0,0.0,"Fernández-Rendón, C.L., Barrera-Escorcia, G., Romero-Paredes, H. and 1 more (...) (2021).Influence of the cellulose and sulfate ratio on voltage generation in winogradsky columns. Revista Mexicana de Ingeniera Quimica,20(3) 1-11",https://www.scopus.com/record/display.url?eid=2-s2.0-85116400996&origin=resultslist,10.24275/rmiq/Bio2292,Article,Hybrid gold,2-s2.0-85116400996,-,Universidad Autónoma Metropolitana,505017,Academic,1.0,60028381,Universidad Autónoma Metropolitana -Unidad Iztapalapa,55884744500,7102176710,55884744500,-,Mexico,1.0,1500,General Chemical Engineering,2,Engineering & Technology,219,Engineering - Chemical,36,Engineering,30| 40| 31,"Agricultural, Veterinary And Food Sciences| Engineering| Biological Sciences",3006| 3106| 4004,Food sciences| Industrial biotechnology| Chemical engineering,SDG 7,"Biogas, Biochar, and Microbial Fuel Cells",69,98.954,Microbial Fuel Cells for Sustainable Wastewater Treatment,56,99.752,Very Good,2021.0,2.0,N/A,"Fernández-Rendón, C.L.| Barrera-Escorcia, G.| Romero-Paredes, H.| González, I.",Universidad Autónoma Metropolitana,Mexico,0
7102176710,7102176710,In-situ Polymerized Single Lithium-ion Conducting Binder as an Integrated Strategy for High Voltage LNMO Electrodes,"Olmedo-González, J.| Guzmán-González, G.| Manzo-Robledo, A.| Ramírez-Rosales, D.| Arellano-Ahumada, S.N.| Vera-Ramírez, M.A.| González, I.| de Guadalupe González-Huerta, R.| Ramos-Sanchez, G.",9.0,57215220965| 57189004847| 23005607400| 6506892665| 55191337400| 55793560100| 7102176710| 56222719700| 56013733500,2024.0,2024-03-01,Batteries and Supercaps,7,3,-,e202300383,ISSN-25666223,21101023387.0,Journal,John Wiley and Sons Inc,English,0.76,44,7.7,17,1.247,15,2.24,37.0,2.0,0.22,9.29,45.0,63.0,0.0,0.0,"Olmedo-González, J., Guzmán-González, G., Manzo-Robledo, A. and 6 more (...) (2024).In-situ Polymerized Single Lithium-ion Conducting Binder as an Integrated Strategy for High Voltage LNMO Electrodes. Batteries and Supercaps,7(3) ",https://www.scopus.com/record/display.url?eid=2-s2.0-85178412881&origin=resultslist,10.1002/batt.202300383,Article,Bronze,2-s2.0-85178412881,-,Universidad Autónoma Metropolitana| Instituto Politécnico Nacional,505017| 505011,Academic,2.0,60006489| 60019176| 60028381,Escuela Superior de Ingenieria Quimica e Industrias Extractivas| Instituto Politécnico Nacional| Universidad Autónoma Metropolitana -Unidad Iztapalapa,57215220965,56013733500,56013733500,-,Mexico,1.0,1603| 2102| 2208,Electrochemistry| Energy Engineering and Power Technology| Electrical and Electronic Engineering,2| 4,Engineering & Technology| Natural Sciences,221| 249| 409,Engineering - Electrical & Electronic| Engineering - Petroleum| Chemistry,36| 37,Engineering| Physical Sciences,34| 40,Chemical Sciences| Engineering,3406| 4004| 4016,Physical chemistry| Chemical engineering| Materials engineering,SDG 7,High-Performance Materials for Lithium-Ion Batteries,303,96.73,Electrolyte Innovations for High-Performance Lithium-Ion Batteries,5119,99.45,Definitive,2024.0,2.0,N/A,"Olmedo-González, J.| Guzmán-González, G.| Manzo-Robledo, A.| Ramírez-Rosales, D.| Arellano-Ahumada, S.N.| Vera-Ramírez, M.A.| González, I.| de Guadalupe González-Huerta, R.| Ramos-Sanchez, G.",Universidad Autónoma Metropolitana| Instituto Politécnico Nacional,Mexico,0
7102176710,7102176710,Implications of electric potentials applied on a denitrifying process,"Cadena Ramírez, A.| Texier, A.-C.| González, I.| Gómez, J.",4.0,55029638000| 55995939300| 7102176710| 7402100354,2019.0,2019-09-19,Environmental Technology (United Kingdom),40,21,2747-2755,-,ISSN-09593330,21552.0,Journal,Taylor and Francis Ltd.,English,0.67,53,3.4,33,0.485,41,0.74,41.0,1.0,0.0,16.04,73.0,75.0,0.0,0.0,"Cadena Ramírez, A., Texier, A.-C., González, I. and 1 more (...) (2019).Implications of electric potentials applied on a denitrifying process. Environmental Technology (United Kingdom),40(21) 2747-2755",https://www.scopus.com/record/display.url?eid=2-s2.0-85044199711&origin=resultslist,10.1080/09593330.2018.1450447,Article,,2-s2.0-85044199711,29517947,Universidad Autónoma Metropolitana,505017,Academic,1.0,114758059| 60028381,Universidad Politécnica de Pachuca| Universidad Autónoma Metropolitana -Unidad Iztapalapa,55029638000,7402100354,55029638000,-,Mexico,1.0,2304| 2311| 2312,Environmental Chemistry| Waste Management and Disposal| Water Science and Technology,3| 2| 4,Social Sciences & Management| Engineering & Technology| Natural Sciences,424| 249,Environmental Sciences| Engineering - Petroleum,37,Physical Sciences,41| 40| 31,Environmental Sciences| Engineering| Biological Sciences,-,-,-,Microbial Innovations in Wastewater Nitrogen Removal,627,88.293,Autotrophic Denitrification Systems,15866,97.611,Defensible,2019.0,1.0,N/A,"Cadena Ramírez, A.| Texier, A.-C.| González, I.| Gómez, J.",Universidad Autónoma Metropolitana,Mexico,0
7102176710,7102176710,PREMIO NOBEL DE QUÍMICA 2019: BATERÍAS ION-LI Nobel Prize in Chemistry 2019: Ion-Li batteries,"Tapia, C.| Oliver-Tolentino, M.Á.| González, I.| Ramos-Sánchez, G.",4.0,57206165738| 36470816300| 7102176710| 56013733500,2020.0,2020-01-01,Educacion Quimica,31,1,12-22,-,ISSN-0187893X,19700188119.0,Journal,"Facultad de Quimica, UNAM",English,0.28,78,0.5,78,0.199,76,0.63,32.0,0.0,0.0,10.84,83.0,78.0,0.0,0.0,"Tapia, C., Oliver-Tolentino, M.Á., González, I. and 1 more (...) (2020).PREMIO NOBEL DE QUÍMICA 2019: BATERÍAS ION-LI Nobel Prize in Chemistry 2019: Ion-Li batteries. Educacion Quimica,31(1) 12-22",https://www.scopus.com/record/display.url?eid=2-s2.0-85103096565&origin=resultslist,10.22201/fq.18708404e.2020.1.72730,Article,Gold|Green,2-s2.0-85103096565,-,Universidad Autónoma Metropolitana,505017,Academic,1.0,60028381,Universidad Autónoma Metropolitana -Unidad Iztapalapa,57206165738,56013733500,57206165738,-,Mexico,1.0,1600| 3304,General Chemistry| Education,3| 4,Social Sciences & Management| Natural Sciences,409| 318,Chemistry| Education & Training,41| 37,Education Studies| Physical Sciences,51| 39| 34,Physical Sciences| Education| Chemical Sciences,3903| 5199| 3405,Education systems| Other physical sciences| Organic chemistry,SDG 7,Climate Policy and Carbon Emission Dynamics,403,96.599,Energy Systems and Sustainable Development in India,23732,66.974,Defensible,2020.0,0.0,N/A,"Tapia, C.| Oliver-Tolentino, M.Á.| González, I.| Ramos-Sánchez, G.",Universidad Autónoma Metropolitana,Mexico,0
7102176710,7102176710,The Long and Winding Road to Build a Credible Mexican Electrochemistry,"González, I.",1.0,7102176710,2023.0,2023-09-19,Journal of the Mexican Chemical Society,67,4,349-358,-,ISSN-1870249X,19700174729.0,Journal,Sociedad Quimica de Mexico A.C.,English,0.32,77,2,64,0.222,71,0.34,7.0,0.0,0.0,16.37,77.0,77.0,0.0,0.0,"González, I. (2023).The Long and Winding Road to Build a Credible Mexican Electrochemistry. Journal of the Mexican Chemical Society,67(4) 349-358",https://www.scopus.com/record/display.url?eid=2-s2.0-85174275583&origin=resultslist,10.29356/jmcs.v67i4.2085,Article,Gold,2-s2.0-85174275583,-,Universidad Autónoma Metropolitana,505017,Academic,1.0,60028381,Universidad Autónoma Metropolitana -Unidad Iztapalapa,-,-,7102176710,7102176710,Mexico,1.0,1600,General Chemistry,4,Natural Sciences,409,Chemistry,37,Physical Sciences,34,Chemical Sciences,3404| 3406| 3405,Medicinal and biomolecular chemistry| Physical chemistry| Organic chemistry,-,Electrochemical Innovations in Genome Editing Techniques,157,97.384,Electrochemical Dynamics of Quinone and Hydrogen Bonding,32920,41.624,Definitive,2023.0,0.0,N/A,"González, I.",Universidad Autónoma Metropolitana,Mexico,0
