Autor,Autor_ID,Title,Authors,Number of Authors,Scopus Author Ids,Year,Full date,Scopus Source title,Volume,Issue,Pages,Article number,ISSN,Source ID,Source type,Publisher,Language,SNIP (publication year),SNIP percentile (publication year) *,CiteScore (publication year),CiteScore percentile (publication year) *,SJR (publication year),SJR percentile (publication year) *,Field-Weighted View Impact,Views,Citations,Field-Weighted Citation Impact,Field-Citation Average,"Outputs in Top Citation Percentiles, per percentile","Field-Weighted Outputs in Top Citation Percentiles, per percentile",Main patent families,Policy citations,Reference,Abstract,DOI,Publication type,Open Access,EID,PubMed ID,Institutions,Institution IDs,Sector,Number of Institutions,Scopus Affiliation IDs,Scopus Affiliation names,Scopus Author ID First Author,Scopus Author ID Last Author,Scopus Author ID Corresponding Author,Scopus Author ID Single Author,Country/Region,Number of Countries/Regions,All Science Journal Classification (ASJC) code,All Science Journal Classification (ASJC) field name,Quacquarelli Symonds (QS) Subject area code,Quacquarelli Symonds (QS) Subject area field name,Quacquarelli Symonds (QS) Subject code,Quacquarelli Symonds (QS) Subject field name,Times Higher Education (THE) code,Times Higher Education (THE) field name,ANZSRC FoR (2020) parent code,ANZSRC FoR (2020) parent name,ANZSRC FoR (2020) code,ANZSRC FoR (2020) name,Sustainable Development Goals (2025),Topic Cluster name,Topic Cluster number,Topic Cluster Prominence Percentile,Topic name,Topic number,Topic Prominence Percentile,Publication link to Topic strength,Año,Citas,Colaboracion,Autores,Instituciones,Regiones,Instituciones_Nacionales
55995932900,55995932900,Melatonin and its metabolites as copper chelating agents and their role in inhibiting oxidative stress: A physicochemical analysis,"Galano, A.| Medina, M.E.| Tan, D.X.| Reiter, R.J.",4.0,55995932900| 55085224300| 7202902017| 7402574751,2015.0,2015-01-01,Journal of Pineal Research,58,1,107-116,-,ISSN-07423098,16795.0,Journal,Blackwell Publishing Ltd,English,1.77,8,15.9,3,2.893,6,2.6,49.0,180.0,6.89,10.59,2.0,2.0,0.0,0.0,"Galano, A., Medina, M.E., Tan, D.X. and 1 more (...) (2015).Melatonin and its metabolites as copper chelating agents and their role in inhibiting oxidative stress: A physicochemical analysis. Journal of Pineal Research,58(1) 107-116",https://www.scopus.com/record/display.url?eid=2-s2.0-84919667055&origin=resultslist,10.1111/jpi.12196,Article,,2-s2.0-84919667055,25424557,University of Texas at San Antonio| Universidad Autónoma Metropolitana| University of Texas Health Science Center at San Antonio,508348| 505017| 508804,Academic,3.0,60028381| 60280003| 60018573,Universidad Autónoma Metropolitana -Unidad Iztapalapa| Joe R. & Teresa Lozano Long School of Medicine| The University of Texas Health Science Center at San Antonio,55995932900,7402574751,55995932900,-,Mexico| United States,2.0,1310,Endocrinology,5,Life Sciences & Medicine,507,Biological Sciences,34,Medical and Health,32,Biomedical And Clinical Sciences,3209| 3208,Neurosciences| Medical physiology,-,Melatonin's Influence on Circadian Rhythms and Stress Response,232,84.565,Melatonin's Multifaceted Role in Health Benefits,3885,95.832,Very Good,2015.0,180.0,N/A,"Galano, A.| Medina, M.E.| Tan, D.X.| Reiter, R.J.",University of Texas at San Antonio| Universidad Autónoma Metropolitana| University of Texas Health Science Center at San Antonio,Mexico| United States,0
55995932900,55995932900,Eyringpy: A program for computing rate constants in the gas phase and in solution,"Dzib, E.| Cabellos, J.L.| Ortíz-Chi, F.| Pan, S.| Galano, A.| Merino, G.",6.0,57194494724| 24823926100| 55519741800| 54405920300| 55995932900| 56000743500,2019.0,2019-01-15,International Journal of Quantum Chemistry,119,2,-,e25686,ISSN-00207608,24127.0,Journal,John Wiley and Sons Inc.,English,0.66,54,3.4,39,0.484,46,1.22,58.0,177.0,7.54,11.28,2.0,2.0,0.0,0.0,"Dzib, E., Cabellos, J.L., Ortíz-Chi, F. and 3 more (...) (2019).Eyringpy: A program for computing rate constants in the gas phase and in solution. International Journal of Quantum Chemistry,119(2) ",https://www.scopus.com/record/display.url?eid=2-s2.0-85053254861&origin=resultslist,10.1002/qua.25686,Article,,2-s2.0-85053254861,-,Centro de Investigacion y de Estudios Avanzados del Instituto Politécnico Nacional| Universidad Autónoma Metropolitana| Universidad de Sonora| Nanjing Tech University| Universidad Juarez Autonoma de Tabasco,505002| 505017| 505021| 203134| 705961,Academic| Government,5.0,60017323| 60032897| 60025378| 60025441| 60028381,Centro de Investigacion y de Estudios Avanzados del Instituto Politécnico Nacional| Universidad de Sonora| Universidad Juárez Autónoma de Tabasco| Nanjing Tech University| Universidad Autónoma Metropolitana -Unidad Iztapalapa,57194494724,56000743500,56000743500,-,China| Mexico,2.0,1606| 3104| 3107,"Physical and Theoretical Chemistry| Condensed Matter Physics| Atomic and Molecular Physics, and Optics",4| 2,Natural Sciences| Engineering & Technology,409| 439| 249,Chemistry| Physics & Astronomy| Engineering - Petroleum,37,Physical Sciences,34,Chemical Sciences,3406| 3407,Physical chemistry| Theoretical and computational chemistry,-,Radical Mechanisms in Alkaloid Chemistry,1178,12.492,Mechanisms of Radical Scavenging in Antioxidants,7544,93.035,Very Good,2019.0,177.0,N/A,"Dzib, E.| Cabellos, J.L.| Ortíz-Chi, F.| Pan, S.| Galano, A.| Merino, G.",Centro de Investigacion y de Estudios Avanzados del Instituto Politécnico Nacional| Universidad Autónoma Metropolitana| Universidad de Sonora| Nanjing Tech University| Universidad Juarez Autonoma de Tabasco,China| Mexico,0
55995932900,55995932900,Non-isothermal pyrolysis of pectin: A thermochemical and kinetic approach,"Aburto, J.| Moran, M.| Galano, A.| Torres-García, E.",4.0,6701883693| 57212911924| 55995932900| 6602461192,2015.0,2015-03-01,Journal of Analytical and Applied Pyrolysis,112,-,94-104,-,ISSN-01652370,24154.0,Journal,Elsevier B.V.,English,1.65,9,5.9,8,1.489,8,3.34,130.0,165.0,3.08,10.39,2.0,7.0,0.0,0.0,"Aburto, J., Moran, M., Galano, A. and 1 more (...) (2015).Non-isothermal pyrolysis of pectin: A thermochemical and kinetic approach. Journal of Analytical and Applied Pyrolysis,11294-104",https://www.scopus.com/record/display.url?eid=2-s2.0-84925355083&origin=resultslist,10.1016/j.jaap.2015.02.012,Article,,2-s2.0-84925355083,-,Universidad Autónoma Metropolitana| Instituto Mexicano del Petroleo,505017| 505005,Government| Academic,2.0,60019271| 60028381,Instituto Mexicano Del Petroleo| Universidad Autónoma Metropolitana -Unidad Iztapalapa,6701883693,6602461192,6602461192,-,Mexico,1.0,1602| 2103,Analytical Chemistry| Fuel Technology,2| 4,Engineering & Technology| Natural Sciences,221| 249| 409,Engineering - Electrical & Electronic| Engineering - Petroleum| Chemistry,36| 37,Engineering| Physical Sciences,40,Engineering,4004,Chemical engineering,-,Thermal Decomposition and Energetic Material Properties,637,88.685,Kinetic Parameters in Thermal Decomposition Processes,3855,92.135,Very Good,2015.0,165.0,N/A,"Aburto, J.| Moran, M.| Galano, A.| Torres-García, E.",Universidad Autónoma Metropolitana| Instituto Mexicano del Petroleo,Mexico,0
55995932900,55995932900,Empirically Fitted Parameters for Calculating pKa Values with Small Deviations from Experiments Using a Simple Computational Strategy,"Galano, A.| Pérez-González, A.| Castañeda-Arriaga, R.| Muñoz-Rugeles, L.| Mendoza-Sarmiento, G.| Romero-Silva, A.| Ibarra-Escutia, A.| Rebollar-Zepeda, A.M.| León-Carmona, J.R.| Hernández-Olivares, M.A.| Alvarez-Idaboy, J.R.",11.0,55995932900| 39062031900| 55175600200| 56405589800| 57189505960| 57191339657| 42861430400| 47061857300| 47461441900| 57191330271| 6603748763,2016.0,2016-09-26,Journal of Chemical Information and Modeling,56,9,1714-1724,-,ISSN-15499596,130080.0,Journal,American Chemical Society,English,1.24,18,7.1,3,1.474,5,2.77,93.0,136.0,2.41,8.31,3.0,10.0,0.0,0.0,"Galano, A., Pérez-González, A., Castañeda-Arriaga, R. and 8 more (...) (2016).Empirically Fitted Parameters for Calculating pKa Values with Small Deviations from Experiments Using a Simple Computational Strategy. Journal of Chemical Information and Modeling,56(9) 1714-1724",https://www.scopus.com/record/display.url?eid=2-s2.0-84988844592&origin=resultslist,10.1021/acs.jcim.6b00310,Article,,2-s2.0-84988844592,27585285,Consejo Nacional de Ciencia y Tecnologia Mexico| Universidad Autónoma Metropolitana| Universidad Nacional Autónoma de México,704696| 505017| 505023,Academic| Government,3.0,60028381| 60027998| 60032442| 60005847,"Universidad Autónoma Metropolitana -Unidad Iztapalapa| Secretaría de Ciencia, Humanidades, Tecnología e Innovación| Universidad Nacional Autónoma de México| Universidad Nacional Autónoma de México, Facultad de Quimica",55995932900,6603748763,55995932900,-,Mexico,1.0,1500| 1600| 1706| 3309,General Chemical Engineering| General Chemistry| Computer Science Applications| Library and Information Sciences,2| 3| 4,Engineering & Technology| Social Sciences & Management| Natural Sciences,219| 409| 329| 212| 213,Engineering - Chemical| Chemistry| Library & Information Management| Computer Science & Information Systems| Data Science,38| 40| 36| 37,Computer Science| Social Sciences| Engineering| Physical Sciences,34,Chemical Sciences,3407| 3404,Theoretical and computational chemistry| Medicinal and biomolecular chemistry,-,Quantum Chemistry and Molecular Interaction Insights,8,83.453,Predictive Models for Solvation and pKa Values,12188,85.25,Very Good,2016.0,136.0,N/A,"Galano, A.| Pérez-González, A.| Castañeda-Arriaga, R.| Muñoz-Rugeles, L.| Mendoza-Sarmiento, G.| Romero-Silva, A.| Ibarra-Escutia, A.| Rebollar-Zepeda, A.M.| León-Carmona, J.R.| Hernández-Olivares, M.A.| Alvarez-Idaboy, J.R.",Consejo Nacional de Ciencia y Tecnologia Mexico| Universidad Autónoma Metropolitana| Universidad Nacional Autónoma de México,Mexico,0
55995932900,55995932900,Comprehensive Investigation of the Antioxidant and Pro-oxidant Effects of Phenolic Compounds: A Double-Edged Sword in the Context of Oxidative Stress?,"Castaneda-Arriaga, R.| Pérez-González, A.| Reina, M.| Alvarez-Idaboy, J.R.| Galano, A.",5.0,55175600200| 39062031900| 56818720200| 6603748763| 55995932900,2018.0,2018-06-14,Journal of Physical Chemistry B,122,23,6198-6214,-,ISSN-15206106,26970.0,Journal,American Chemical Society,English,0.98,31,5.8,12,1.109,11,1.85,62.0,111.0,3.01,11.61,3.0,7.0,0.0,0.0,"Castaneda-Arriaga, R., Pérez-González, A., Reina, M. and 2 more (...) (2018).Comprehensive Investigation of the Antioxidant and Pro-oxidant Effects of Phenolic Compounds: A Double-Edged Sword in the Context of Oxidative Stress?. Journal of Physical Chemistry B,122(23) 6198-6214",https://www.scopus.com/record/display.url?eid=2-s2.0-85047433605&origin=resultslist,10.1021/acs.jpcb.8b03500,Article,,2-s2.0-85047433605,29771524,Consejo Nacional de Ciencia y Tecnologia Mexico| Universidad Autónoma Metropolitana| Universidad Nacional Autónoma de México,704696| 505017| 505023,Academic| Government,3.0,60028381| 60027998| 60005847| 60032442,"Universidad Autónoma Metropolitana -Unidad Iztapalapa| Secretaría de Ciencia, Humanidades, Tecnología e Innovación| Universidad Nacional Autónoma de México, Facultad de Quimica| Universidad Nacional Autónoma de México",55175600200,55995932900,55995932900,-,Mexico,1.0,1606| 2505| 2508,"Physical and Theoretical Chemistry| Materials Chemistry| Surfaces, Coatings and Films",2| 4,Engineering & Technology| Natural Sciences,409| 433| 249,Chemistry| Materials Science| Engineering - Petroleum,37| 36,Physical Sciences| Engineering,34| 51| 40,Chemical Sciences| Physical Sciences| Engineering,-,-,-,Radical Mechanisms in Alkaloid Chemistry,1178,12.492,Mechanisms of Radical Scavenging in Antioxidants,7544,93.035,Very Good,2018.0,111.0,N/A,"Castaneda-Arriaga, R.| Pérez-González, A.| Reina, M.| Alvarez-Idaboy, J.R.| Galano, A.",Consejo Nacional de Ciencia y Tecnologia Mexico| Universidad Autónoma Metropolitana| Universidad Nacional Autónoma de México,Mexico,0
55995932900,55995932900,Antioxidant properties of several coumarin-chalcone hybrids from theoretical insights,"Mazzone, G.| Malaj, N.| Galano, A.| Russo, N.| Toscano, M.",5.0,24071606200| 36519255100| 55995932900| 7102889551| 7005167827,2015.0,2015-01-01,RSC Advances,5,1,565-575,-,ISSN-20462069,21100199840.0,Journal,Royal Society of Chemistry,English,0.84,38,3.5,23,0.947,14,3.19,100.0,98.0,2.64,10.61,5.0,9.0,0.0,0.0,"Mazzone, G., Malaj, N., Galano, A. and 2 more (...) (2015).Antioxidant properties of several coumarin-chalcone hybrids from theoretical insights. RSC Advances,5(1) 565-575",https://www.scopus.com/record/display.url?eid=2-s2.0-84915749220&origin=resultslist,10.1039/c4ra11733f,Article,,2-s2.0-84915749220,-,University of Milan - Bicocca| Universidad Autónoma Metropolitana| University of Calabria,321150| 505017| 321043,Academic,3.0,60020261| 60012306| 60028381,Università della Calabria| Università degli Studi di Milano-Bicocca| Universidad Autónoma Metropolitana -Unidad Iztapalapa,24071606200,7005167827,24071606200,-,Mexico| Italy,2.0,1500| 1600,General Chemical Engineering| General Chemistry,4| 2,Natural Sciences| Engineering & Technology,219| 409,Engineering - Chemical| Chemistry,36| 37,Engineering| Physical Sciences,34,Chemical Sciences,-,-,-,Radical Mechanisms in Alkaloid Chemistry,1178,12.492,Mechanisms of Radical Scavenging in Antioxidants,7544,93.035,Very Good,2015.0,98.0,N/A,"Mazzone, G.| Malaj, N.| Galano, A.| Russo, N.| Toscano, M.",University of Milan - Bicocca| Universidad Autónoma Metropolitana| University of Calabria,Mexico| Italy,0
55995932900,55995932900,Adrenaline and noradrenaline: Protectors against oxidative stress or molecular targets?,"Álvarez-Diduk, R.| Galano, A.",2.0,34871349600| 55995932900,2015.0,2015-02-26,Journal of Physical Chemistry B,119,8,3479-3491,-,ISSN-15206106,26970.0,Journal,American Chemical Society,English,1.06,26,5.9,8,1.335,7,2.5,77.0,92.0,1.93,9.86,5.0,14.0,1.0,0.0,"Álvarez-Diduk, R., Galano, A. (2015).Adrenaline and noradrenaline: Protectors against oxidative stress or molecular targets?. Journal of Physical Chemistry B,119(8) 3479-3491",https://www.scopus.com/record/display.url?eid=2-s2.0-84923878637&origin=resultslist,10.1021/acs.jpcb.5b00052,Article,Bronze,2-s2.0-84923878637,25646569,Universidad Autónoma Metropolitana,505017,Academic,1.0,60028381,Universidad Autónoma Metropolitana -Unidad Iztapalapa,34871349600,55995932900,55995932900,-,Mexico,1.0,1606| 2505| 2508,"Physical and Theoretical Chemistry| Materials Chemistry| Surfaces, Coatings and Films",2| 4,Engineering & Technology| Natural Sciences,409| 433| 249,Chemistry| Materials Science| Engineering - Petroleum,37| 36,Physical Sciences| Engineering,51| 34| 40,Physical Sciences| Chemical Sciences| Engineering,-,-,-,Radical Mechanisms in Alkaloid Chemistry,1178,12.492,Mechanisms of Radical Scavenging in Antioxidants,7544,93.035,Very Good,2015.0,92.0,N/A,"Álvarez-Diduk, R.| Galano, A.",Universidad Autónoma Metropolitana,Mexico,0
55995932900,55995932900,N-Acetylserotonin and 6-Hydroxymelatonin against Oxidative Stress: Implications for the Overall Protection Exerted by Melatonin,"Álvarez-Diduk, R.| Galano, A.| Tan, D.X.| Reiter, R.J.",4.0,34871349600| 55995932900| 7202902017| 7402574751,2015.0,2015-07-09,Journal of Physical Chemistry B,119,27,8535-8543,-,ISSN-15206106,26970.0,Journal,American Chemical Society,English,1.06,26,5.9,8,1.335,7,1.54,55.0,72.0,2.33,9.86,7.0,11.0,0.0,0.0,"Álvarez-Diduk, R., Galano, A., Tan, D.X. and 1 more (...) (2015).N-Acetylserotonin and 6-Hydroxymelatonin against Oxidative Stress: Implications for the Overall Protection Exerted by Melatonin. Journal of Physical Chemistry B,119(27) 8535-8543",https://www.scopus.com/record/display.url?eid=2-s2.0-84937053699&origin=resultslist,10.1021/acs.jpcb.5b04920,Article,Hybrid gold,2-s2.0-84937053699,26079042,University of Texas at San Antonio| Universidad Autónoma Metropolitana| University of Texas Health Science Center at San Antonio,508348| 505017| 508804,Academic,3.0,60028381| 60280003| 60018573,Universidad Autónoma Metropolitana -Unidad Iztapalapa| Joe R. & Teresa Lozano Long School of Medicine| The University of Texas Health Science Center at San Antonio,34871349600,7402574751,55995932900,-,Mexico| United States,2.0,1606| 2505| 2508,"Physical and Theoretical Chemistry| Materials Chemistry| Surfaces, Coatings and Films",2| 4,Engineering & Technology| Natural Sciences,249| 409| 433,Engineering - Petroleum| Chemistry| Materials Science,37| 36,Physical Sciences| Engineering,51| 34| 40,Physical Sciences| Chemical Sciences| Engineering,-,-,-,Melatonin's Influence on Circadian Rhythms and Stress Response,232,84.565,Melatonin's Multifaceted Role in Health Benefits,3885,95.832,Very Good,2015.0,72.0,N/A,"Álvarez-Diduk, R.| Galano, A.| Tan, D.X.| Reiter, R.J.",University of Texas at San Antonio| Universidad Autónoma Metropolitana| University of Texas Health Science Center at San Antonio,Mexico| United States,0
55995932900,55995932900,Free-radical scavenging by tryptophan and its metabolites through electron transfer based processes,"Pérez-González, A.| Alvarez-Idaboy, J.R.| Galano, A.",3.0,39062031900| 6603748763| 55995932900,2015.0,2015-08-02,Journal of Molecular Modeling,21,8,-,213,ISSN-16102940,57844.0,Journal,Springer Verlag,English,0.62,53,3.2,26,0.463,47,0.85,28.0,63.0,2.34,10.67,9.0,11.0,0.0,0.0,"Pérez-González, A., Alvarez-Idaboy, J.R., Galano, A. (2015).Free-radical scavenging by tryptophan and its metabolites through electron transfer based processes. Journal of Molecular Modeling,21(8) ",https://www.scopus.com/record/display.url?eid=2-s2.0-84938363639&origin=resultslist,10.1007/s00894-015-2758-2,Article,,2-s2.0-84938363639,26224603,Universidad Autónoma Metropolitana| Universidad Nacional Autónoma de México,505017| 505023,Academic,2.0,60032442| 60028381,Universidad Nacional Autónoma de México| Universidad Autónoma Metropolitana -Unidad Iztapalapa,39062031900,55995932900,55995932900,-,Mexico,1.0,1503| 1604| 1605| 1606| 1703| 1706,Catalysis| Inorganic Chemistry| Organic Chemistry| Physical and Theoretical Chemistry| Computational Theory and Mathematics| Computer Science Applications,4| 2,Natural Sciences| Engineering & Technology,212| 409| 219| 249| 213,Computer Science & Information Systems| Chemistry| Engineering - Chemical| Engineering - Petroleum| Data Science,36| 37| 38,Engineering| Physical Sciences| Computer Science,34,Chemical Sciences,3406| 3407| 3404,Physical chemistry| Theoretical and computational chemistry| Medicinal and biomolecular chemistry,-,Radical Mechanisms in Alkaloid Chemistry,1178,12.492,Mechanisms of Radical Scavenging in Antioxidants,7544,93.035,Very Good,2015.0,63.0,N/A,"Pérez-González, A.| Alvarez-Idaboy, J.R.| Galano, A.",Universidad Autónoma Metropolitana| Universidad Nacional Autónoma de México,Mexico,0
55995932900,55995932900,Hydrogen Abstraction Reactions from Phenolic Compounds by Peroxyl Radicals: Multireference Character and Density Functional Theory Rate Constants,"Galano, A.| Muñoz-Rugeles, L.| Alvarez-Idaboy, J.R.| Bao, J.L.| Truhlar, D.G.",5.0,55995932900| 56405589800| 6603748763| 56583352500| 35419333100,2016.0,2016-07-14,Journal of Physical Chemistry A,120,27,4634-4642,-,ISSN-10895639,26969.0,Journal,American Chemical Society,English,0.97,30,5.4,24,1.252,15,2.7,81.0,62.0,3.01,10.29,8.0,7.0,0.0,0.0,"Galano, A., Muñoz-Rugeles, L., Alvarez-Idaboy, J.R. and 2 more (...) (2016).Hydrogen Abstraction Reactions from Phenolic Compounds by Peroxyl Radicals: Multireference Character and Density Functional Theory Rate Constants. Journal of Physical Chemistry A,120(27) 4634-4642",https://www.scopus.com/record/display.url?eid=2-s2.0-84978761402&origin=resultslist,10.1021/acs.jpca.5b07662,Article,,2-s2.0-84978761402,-,University of Minnesota Twin Cities| Universidad Autónoma Metropolitana| Universidad Nacional Autónoma de México,508305| 505017| 505023,Academic,3.0,60028381| 60032442| 60005847| 60152345| 60029445,"Universidad Autónoma Metropolitana -Unidad Iztapalapa| Universidad Nacional Autónoma de México| Universidad Nacional Autónoma de México, Facultad de Quimica| College of Science and Engineering| University of Minnesota Twin Cities",55995932900,35419333100,6603748763,-,Mexico| United States,2.0,1606,Physical and Theoretical Chemistry,2| 4,Engineering & Technology| Natural Sciences,409| 249,Chemistry| Engineering - Petroleum,37,Physical Sciences,51| 34,Physical Sciences| Chemical Sciences,3407| 5102| 3406,"Theoretical and computational chemistry| Atomic, molecular and optical physics| Physical chemistry",-,Soot Formation and Reaction Mechanisms in Combustion,1106,40.615,Thermochemical Insights into Reaction Rate Constants,13802,67.693,Very Good,2016.0,62.0,N/A,"Galano, A.| Muñoz-Rugeles, L.| Alvarez-Idaboy, J.R.| Bao, J.L.| Truhlar, D.G.",University of Minnesota Twin Cities| Universidad Autónoma Metropolitana| Universidad Nacional Autónoma de México,Mexico| United States,0
55995932900,55995932900,"NR2 and P3+: Accurate, Efficient Electron-Propagator Methods for Calculating Valence, Vertical Ionization Energies of Closed-Shell Molecules","Corzo, H.H.| Galano, A.| Dolgounitcheva, O.| Zakrzewski, V.G.| Ortiz, J.V.",5.0,49961223300| 55995932900| 6701917013| 6701356932| 7203050717,2015.0,2015-08-20,Journal of Physical Chemistry A,119,33,8813-8821,-,ISSN-10895639,26969.0,Journal,American Chemical Society,English,1.05,26,5,26,1.148,17,0.42,18.0,57.0,1.51,10.57,10.0,19.0,0.0,0.0,"Corzo, H.H., Galano, A., Dolgounitcheva, O. and 2 more (...) (2015).NR2 and P3+: Accurate, Efficient Electron-Propagator Methods for Calculating Valence, Vertical Ionization Energies of Closed-Shell Molecules. Journal of Physical Chemistry A,119(33) 8813-8821",https://www.scopus.com/record/display.url?eid=2-s2.0-84939625306&origin=resultslist,10.1021/acs.jpca.5b00942,Article,,2-s2.0-84939625306,-,Auburn University| Universidad Autónoma Metropolitana,508007| 505017,Academic,2.0,60011754| 60028381,Auburn University| Universidad Autónoma Metropolitana -Unidad Iztapalapa,49961223300,7203050717,7203050717,-,Mexico| United States,2.0,1606,Physical and Theoretical Chemistry,4| 2,Natural Sciences| Engineering & Technology,249| 409,Engineering - Petroleum| Chemistry,37,Physical Sciences,51| 34,Physical Sciences| Chemical Sciences,3407| 3406| 5102,"Theoretical and computational chemistry| Physical chemistry| Atomic, molecular and optical physics",-,Quantum Chemistry and Molecular Dynamics in Energy Systems,400,34.729,Electron Propagator Methods for Ionization,59313,51.595,Very Good,2015.0,57.0,N/A,"Corzo, H.H.| Galano, A.| Dolgounitcheva, O.| Zakrzewski, V.G.| Ortiz, J.V.",Auburn University| Universidad Autónoma Metropolitana,Mexico| United States,0
55995932900,55995932900,NEW INSIGTHS on the KINETICS and MECHANISM of the ELECTROCHEMICAL OXIDATION of DICLOFENAC in NEUTRAL AQUEOUS MEDIUM,"Cid-Cerón, M.M.| Guzmán-Hernández, D.S.| Ramírez-Silva, M.T.| Galano, A.| Romero-Romo, M.| Palomar-Pardavé, M.",6.0,56667658300| 35195662800| 6603801645| 55995932900| 6602576873| 6603788018,2016.0,2016-05-01,Electrochimica Acta,199,-,92-98,-,ISSN-00134686,25181.0,Journal,Elsevier Ltd,English,1.19,20,8,4,1.355,8,3.26,111.0,51.0,1.04,10.58,11.0,28.0,0.0,1.0,"Cid-Cerón, M.M., Guzmán-Hernández, D.S., Ramírez-Silva, M.T. and 3 more (...) (2016).NEW INSIGTHS on the KINETICS and MECHANISM of the ELECTROCHEMICAL OXIDATION of DICLOFENAC in NEUTRAL AQUEOUS MEDIUM. Electrochimica Acta,19992-98",https://www.scopus.com/record/display.url?eid=2-s2.0-84964345944&origin=resultslist,10.1016/j.electacta.2016.03.094,Article,,2-s2.0-84964345944,-,Universidad Autónoma Metropolitana| Universidad Autonoma del Estado de Hidalgo,505017| 505050,Academic,2.0,60028381| 60023193| 60027135,Universidad Autónoma Metropolitana -Unidad Iztapalapa| Universidad Autónoma Metropolitana - Azcapotzalco| Universidad Autónoma del Estado de Hidalgo,56667658300,6603788018,6603788018,-,Mexico,1.0,1500| 1603,General Chemical Engineering| Electrochemistry,2| 4,Engineering & Technology| Natural Sciences,409| 219,Chemistry| Engineering - Chemical,37| 36,Physical Sciences| Engineering,40| 34| 51,Engineering| Chemical Sciences| Physical Sciences,-,-,-,Electrochemical Sensors and Molecular Imprinting Techniques,718,81.949,Electrochemical Detection Methods for Diclofenac Analysis,41294,74.616,Very Good,2016.0,51.0,N/A,"Cid-Cerón, M.M.| Guzmán-Hernández, D.S.| Ramírez-Silva, M.T.| Galano, A.| Romero-Romo, M.| Palomar-Pardavé, M.",Universidad Autónoma Metropolitana| Universidad Autonoma del Estado de Hidalgo,Mexico,0
55995932900,55995932900,A combined theoretical-experimental investigation on the mechanism of lignin pyrolysis: Role of heating rates and residence times,"Galano, A.| Aburto, J.| Sadhukhan, J.| Torres-García, E.",4.0,55995932900| 6701883693| 22986518800| 6602461192,2017.0,2017-11-01,Journal of Analytical and Applied Pyrolysis,128,-,208-216,-,ISSN-01652370,24154.0,Journal,Elsevier B.V.,English,1.35,15,6,11,1.129,11,1.87,67.0,50.0,1.53,13.04,11.0,19.0,0.0,0.0,"Galano, A., Aburto, J., Sadhukhan, J. and 1 more (...) (2017).A combined theoretical-experimental investigation on the mechanism of lignin pyrolysis: Role of heating rates and residence times. Journal of Analytical and Applied Pyrolysis,128208-216",https://www.scopus.com/record/display.url?eid=2-s2.0-85034012491&origin=resultslist,10.1016/j.jaap.2017.10.009,Article,,2-s2.0-85034012491,-,Universidad Autónoma Metropolitana| Instituto Mexicano del Petroleo| University of Surrey,505017| 505005| 315102,Government| Academic,3.0,60028381| 60019271| 60021097,Universidad Autónoma Metropolitana -Unidad Iztapalapa| Instituto Mexicano Del Petroleo| University of Surrey,55995932900,6602461192,6602461192,-,United Kingdom| Mexico,2.0,1602| 2103,Analytical Chemistry| Fuel Technology,4| 2,Natural Sciences| Engineering & Technology,221| 249| 409,Engineering - Electrical & Electronic| Engineering - Petroleum| Chemistry,36| 37,Engineering| Physical Sciences,40,Engineering,4004,Chemical engineering,-,Catalytic Pyrolysis and Bio-Oil Production Potential,626,94.964,Pyrolysis Mechanisms and Product Formation in Lignin,84370,74.215,Weak,2017.0,50.0,N/A,"Galano, A.| Aburto, J.| Sadhukhan, J.| Torres-García, E.",Universidad Autónoma Metropolitana| Instituto Mexicano del Petroleo| University of Surrey,United Kingdom| Mexico,0
55995932900,55995932900,Melatonin and its metabolites as chemical agents capable of directly repairing oxidized DNA,"Pérez-González, A.| Castañeda-Arriaga, R.| Álvarez-Idaboy, J.R.| Reiter, R.J.| Galano, A.",5.0,39062031900| 55175600200| 6603748763| 7402574751| 55995932900,2019.0,2019-03-01,Journal of Pineal Research,66,2,-,e12539,ISSN-07423098,16795.0,Journal,Blackwell Publishing Ltd,English,2.36,4,24.5,3,2.225,7,1.65,41.0,50.0,2.36,12.3,9.0,10.0,0.0,0.0,"Pérez-González, A., Castañeda-Arriaga, R., Álvarez-Idaboy, J.R. and 2 more (...) (2019).Melatonin and its metabolites as chemical agents capable of directly repairing oxidized DNA. Journal of Pineal Research,66(2) ",https://www.scopus.com/record/display.url?eid=2-s2.0-85058649361&origin=resultslist,10.1111/jpi.12539,Article,,2-s2.0-85058649361,30417425,Consejo Nacional de Ciencia y Tecnologia Mexico| University of Texas at San Antonio| Universidad Autónoma Metropolitana| University of Texas Health Science Center at San Antonio| Universidad Nacional Autónoma de México,704696| 508348| 505017| 508804| 505023,Government| Academic,5.0,60027998| 60028381| 60032442| 60005847| 60018573| 60280003,"Secretaría de Ciencia, Humanidades, Tecnología e Innovación| Universidad Autónoma Metropolitana -Unidad Iztapalapa| Universidad Nacional Autónoma de México| Universidad Nacional Autónoma de México, Facultad de Quimica| The University of Texas Health Science Center at San Antonio| Joe R. & Teresa Lozano Long School of Medicine",39062031900,55995932900,55995932900,-,Mexico| United States,2.0,1310,Endocrinology,5,Life Sciences & Medicine,507,Biological Sciences,34,Medical and Health,32,Biomedical And Clinical Sciences,3209| 3208,Neurosciences| Medical physiology,-,Melatonin's Influence on Circadian Rhythms and Stress Response,232,84.565,Melatonin's Multifaceted Role in Health Benefits,3885,95.832,Very Good,2019.0,50.0,N/A,"Pérez-González, A.| Castañeda-Arriaga, R.| Álvarez-Idaboy, J.R.| Reiter, R.J.| Galano, A.",Consejo Nacional de Ciencia y Tecnologia Mexico| University of Texas at San Antonio| Universidad Autónoma Metropolitana| University of Texas Health Science Center at San Antonio| Universidad Nacional Autónoma de México,Mexico| United States,0
55995932900,55995932900,Coumarin-Chalcone Hybrids as Peroxyl Radical Scavengers: Kinetics and Mechanisms,"Mazzone, G.| Galano, A.| Alvarez-Idaboy, J.R.| Russo, N.",4.0,24071606200| 55995932900| 6603748763| 7102889551,2016.0,2016-04-25,Journal of Chemical Information and Modeling,56,4,662-670,-,ISSN-15499596,130080.0,Journal,American Chemical Society,English,1.24,18,7.1,3,1.474,5,2.81,85.0,48.0,2.89,8.31,11.0,8.0,1.0,0.0,"Mazzone, G., Galano, A., Alvarez-Idaboy, J.R. and 1 more (...) (2016).Coumarin-Chalcone Hybrids as Peroxyl Radical Scavengers: Kinetics and Mechanisms. Journal of Chemical Information and Modeling,56(4) 662-670",https://www.scopus.com/record/display.url?eid=2-s2.0-84969130586&origin=resultslist,10.1021/acs.jcim.6b00006,Article,,2-s2.0-84969130586,26998844,Universidad Autónoma Metropolitana| University of Calabria| Universidad Nacional Autónoma de México,505017| 321043| 505023,Academic,3.0,60020261| 60028381| 60032442,Università della Calabria| Universidad Autónoma Metropolitana -Unidad Iztapalapa| Universidad Nacional Autónoma de México,24071606200,7102889551,24071606200,-,Mexico| Italy,2.0,1500| 1600| 1706| 3309,General Chemical Engineering| General Chemistry| Computer Science Applications| Library and Information Sciences,3| 4| 2,Social Sciences & Management| Natural Sciences| Engineering & Technology,409| 219| 212| 329| 213,Chemistry| Engineering - Chemical| Computer Science & Information Systems| Library & Information Management| Data Science,40| 37| 36| 38,Social Sciences| Physical Sciences| Engineering| Computer Science,34,Chemical Sciences,3404| 3407,Medicinal and biomolecular chemistry| Theoretical and computational chemistry,-,Radical Mechanisms in Alkaloid Chemistry,1178,12.492,Mechanisms of Radical Scavenging in Antioxidants,7544,93.035,Very Good,2016.0,48.0,N/A,"Mazzone, G.| Galano, A.| Alvarez-Idaboy, J.R.| Russo, N.",Universidad Autónoma Metropolitana| University of Calabria| Universidad Nacional Autónoma de México,Mexico| Italy,0
55995932900,55995932900,Quinoline Derivatives: Promising Antioxidants with Neuroprotective Potential,"Hernández-Ayala, L.F.| Guzmán-López, E.G.| Galano, A.",3.0,55877026900| 57226863226| 55995932900,2023.0,2023-10-01,Antioxidants,12,10,-,1853,ISSN-20763921,21100790818.0,Journal,Multidisciplinary Digital Publishing Institute (MDPI),English,1.39,13,10.6,8,1.222,7,0.69,12.0,47.0,4.39,10.7,3.0,4.0,0.0,0.0,"Hernández-Ayala, L.F., Guzmán-López, E.G., Galano, A. (2023).Quinoline Derivatives: Promising Antioxidants with Neuroprotective Potential. Antioxidants,12(10) ",https://www.scopus.com/record/display.url?eid=2-s2.0-85175343809&origin=resultslist,10.3390/antiox12101853,Article,Gold|Green,2-s2.0-85175343809,-,Universidad Autónoma Metropolitana,505017,Academic,1.0,60028381,Universidad Autónoma Metropolitana -Unidad Iztapalapa,55877026900,55995932900,55995932900,-,Mexico,1.0,1106| 1303| 1307| 1308| 1312| 1314,Food Science| Biochemistry| Cell Biology| Clinical Biochemistry| Molecular Biology| Physiology,5,Life Sciences & Medicine,502| 503| 507,Agriculture & Forestry| Anatomy & Physiology| Biological Sciences,32,Life Sciences,32| 34| 31,Biomedical And Clinical Sciences| Chemical Sciences| Biological Sciences,3214| 3205| 3404| 3405| 3101,Pharmacology and pharmaceutical sciences| Medical biochemistry and metabolomics| Medicinal and biomolecular chemistry| Organic chemistry| Biochemistry and cell biology,-,Synthesis and Antimicrobial Activity of Derivatives,376,72.531,Quinoline Derivatives as Multifunctional Therapeutics,6135,91.957,Definitive,2023.0,47.0,N/A,"Hernández-Ayala, L.F.| Guzmán-López, E.G.| Galano, A.",Universidad Autónoma Metropolitana,Mexico,0
55995932900,55995932900,Dual antioxidant/pro-oxidant behavior of the tryptophan metabolite 3-hydroxyanthranilic acid: A theoretical investigation of reaction mechanisms and kinetics,"Pérez-González, A.| Alvarez-Idaboy, J.R.| Galano, A.",3.0,39062031900| 6603748763| 55995932900,2017.0,2017-01-01,New Journal of Chemistry,41,10,3829-3845,-,ISSN-11440546,24824.0,Journal,Royal Society of Chemistry,English,0.79,42,4.7,18,0.864,16,0.59,22.0,44.0,1.1,14.48,12.0,27.0,1.0,0.0,"Pérez-González, A., Alvarez-Idaboy, J.R., Galano, A. (2017).Dual antioxidant/pro-oxidant behavior of the tryptophan metabolite 3-hydroxyanthranilic acid: A theoretical investigation of reaction mechanisms and kinetics. New Journal of Chemistry,41(10) 3829-3845",https://www.scopus.com/record/display.url?eid=2-s2.0-85021415808&origin=resultslist,10.1039/c6nj03980d,Article,,2-s2.0-85021415808,-,Universidad Autónoma Metropolitana| Universidad Nacional Autónoma de México,505017| 505023,Academic,2.0,60028381| 60032442,Universidad Autónoma Metropolitana -Unidad Iztapalapa| Universidad Nacional Autónoma de México,39062031900,55995932900,55995932900,-,Mexico,1.0,1503| 1600| 2505,Catalysis| General Chemistry| Materials Chemistry,2| 4,Engineering & Technology| Natural Sciences,433| 249| 409| 219,Materials Science| Engineering - Petroleum| Chemistry| Engineering - Chemical,37| 36,Physical Sciences| Engineering,34,Chemical Sciences,-,-,-,Radical Mechanisms in Alkaloid Chemistry,1178,12.492,Mechanisms of Radical Scavenging in Antioxidants,7544,93.035,Very Good,2017.0,44.0,N/A,"Pérez-González, A.| Alvarez-Idaboy, J.R.| Galano, A.",Universidad Autónoma Metropolitana| Universidad Nacional Autónoma de México,Mexico,0
55995932900,55995932900,Citric acid: A promising copper scavenger,"Martínez, A.| Vargas, R.| Galano, A.",3.0,7404025645| 55989742600| 55995932900,2018.0,2018-06-01,Computational and Theoretical Chemistry,1133,-,47-50,-,ISSN-2210271X,21000196008.0,Journal,Elsevier B.V.,English,0.59,59,2.8,45,0.418,53,0.67,30.0,43.0,1.56,11.51,12.0,18.0,0.0,0.0,"Martínez, A., Vargas, R., Galano, A. (2018).Citric acid: A promising copper scavenger. Computational and Theoretical Chemistry,113347-50",https://www.scopus.com/record/display.url?eid=2-s2.0-85046363660&origin=resultslist,10.1016/j.comptc.2018.04.011,Article,,2-s2.0-85046363660,-,Universidad Autónoma Metropolitana| Universidad Nacional Autónoma de México,505017| 505023,Academic,2.0,60032442| 60005971| 60028381,Universidad Nacional Autónoma de México| Instituto de Investigaciones en Materiales| Universidad Autónoma Metropolitana -Unidad Iztapalapa,7404025645,55995932900,7404025645,-,Mexico,1.0,1303| 1606| 3104,Biochemistry| Physical and Theoretical Chemistry| Condensed Matter Physics,5| 2| 4,Life Sciences & Medicine| Engineering & Technology| Natural Sciences,409| 507| 439| 249,Chemistry| Biological Sciences| Physics & Astronomy| Engineering - Petroleum,32| 37,Life Sciences| Physical Sciences,34,Chemical Sciences,3407| 3406,Theoretical and computational chemistry| Physical chemistry,-,Copper and Iron Proteins in Disease Mechanisms,456,65.86,Copper Homeostasis and Its Biological Significance,9661,94.928,Defensible,2018.0,43.0,N/A,"Martínez, A.| Vargas, R.| Galano, A.",Universidad Autónoma Metropolitana| Universidad Nacional Autónoma de México,Mexico,0
55995932900,55995932900,Theoretical and experimental studies of highly active graphene nanosheets to determine catalytic nitrogen sites responsible for the oxygen reduction reaction in alkaline media,"Vazquez-Arenas, J.| Galano, A.| Lee, D.U.| Higgins, D.| Guevara-García, A.| Chen, Z.",6.0,56013705500| 55995932900| 59048099100| 35279919400| 8615638400| 35279457000,2016.0,2016-01-01,Journal of Materials Chemistry A,4,3,976-990,-,ISSN-20507488,21100232403.0,Journal,Royal Society of Chemistry,English,1.49,12,14.4,3,3.075,3,2.35,90.0,41.0,1.47,14.96,14.0,20.0,0.0,0.0,"Vazquez-Arenas, J., Galano, A., Lee, D.U. and 3 more (...) (2016).Theoretical and experimental studies of highly active graphene nanosheets to determine catalytic nitrogen sites responsible for the oxygen reduction reaction in alkaline media. Journal of Materials Chemistry A,4(3) 976-990",https://www.scopus.com/record/display.url?eid=2-s2.0-84953410897&origin=resultslist,10.1039/c5ta06653k,Article,,2-s2.0-84953410897,-,Universidad Autónoma Metropolitana| University of Waterloo,505017| 501051,Academic,2.0,60014923| 60115730| 60014171,Universidad Autónoma Metropolitana| Waterloo Institute for Nanotechnology| University of Waterloo,56013705500,35279457000,56013705500,-,Mexico| Canada,2.0,1600| 2105| 2500,"General Chemistry| Renewable Energy, Sustainability and the Environment| General Materials Science",4| 2,Natural Sciences| Engineering & Technology,433| 221| 409,Materials Science| Engineering - Electrical & Electronic| Chemistry,37| 36,Physical Sciences| Engineering,34| 40,Chemical Sciences| Engineering,4016| 4004| 3403,Materials engineering| Chemical engineering| Macromolecular and materials chemistry,-,Innovative Electrocatalysts for Energy Conversion Applications,242,99.869,Carbon-Based Electrocatalysts for Oxygen Reduction Applications,16,99.975,Very Good,2016.0,41.0,N/A,"Vazquez-Arenas, J.| Galano, A.| Lee, D.U.| Higgins, D.| Guevara-García, A.| Chen, Z.",Universidad Autónoma Metropolitana| University of Waterloo,Mexico| Canada,0
55995932900,55995932900,Chalcogen effects on the primary antioxidant activity of chrysin and quercetin,"Castañeda-Arriaga, R.| Marino, T.| Russo, N.| Alvarez-Idaboy, J.R.| Galano, A.",5.0,55175600200| 56249822500| 7102889551| 6603748763| 55995932900,2020.0,2020-06-07,New Journal of Chemistry,44,21,9073-9082,-,ISSN-11440546,24824.0,Journal,Royal Society of Chemistry,English,0.73,48,5.3,18,0.693,23,0.94,43.0,41.0,1.25,17.65,11.0,22.0,0.0,0.0,"Castañeda-Arriaga, R., Marino, T., Russo, N. and 2 more (...) (2020).Chalcogen effects on the primary antioxidant activity of chrysin and quercetin. New Journal of Chemistry,44(21) 9073-9082",https://www.scopus.com/record/display.url?eid=2-s2.0-85085739494&origin=resultslist,10.1039/d0nj01795g,Article,,2-s2.0-85085739494,-,Universidad Autónoma Metropolitana| University of Calabria| Universidad Nacional Autónoma de México,505017| 321043| 505023,Academic,3.0,60028381| 60020261| 60032442,Universidad Autónoma Metropolitana -Unidad Iztapalapa| Università della Calabria| Universidad Nacional Autónoma de México,55175600200,55995932900,56249822500,-,Mexico| Italy,2.0,1503| 1600| 2505,Catalysis| General Chemistry| Materials Chemistry,2| 4,Engineering & Technology| Natural Sciences,409| 433| 249| 219,Chemistry| Materials Science| Engineering - Petroleum| Engineering - Chemical,37| 36,Physical Sciences| Engineering,34,Chemical Sciences,-,-,-,Radical Mechanisms in Alkaloid Chemistry,1178,12.492,Mechanisms of Radical Scavenging in Antioxidants,7544,93.035,Very Good,2020.0,41.0,N/A,"Castañeda-Arriaga, R.| Marino, T.| Russo, N.| Alvarez-Idaboy, J.R.| Galano, A.",Universidad Autónoma Metropolitana| University of Calabria| Universidad Nacional Autónoma de México,Mexico| Italy,0
55995932900,55995932900,Computationally Designed Sesamol Derivatives Proposed as Potent Antioxidants,"Castro-González, L.M.| Alvarez-Idaboy, J.R.| Galano, A.",3.0,57192683781| 6603748763| 55995932900,2020.0,2020-04-28,ACS Omega,5,16,9566-9575,-,ISSN-24701343,21100828963.0,Journal,American Chemical Society,English,0.83,43,3.9,30,0.779,21,0.53,19.0,35.0,1.11,16.26,13.0,25.0,0.0,0.0,"Castro-González, L.M., Alvarez-Idaboy, J.R., Galano, A. (2020).Computationally Designed Sesamol Derivatives Proposed as Potent Antioxidants. ACS Omega,5(16) 9566-9575",https://www.scopus.com/record/display.url?eid=2-s2.0-85083320141&origin=resultslist,10.1021/acsomega.0c00898,Article,Gold|Green,2-s2.0-85083320141,-,Universidad Autónoma Metropolitana| Universidad Nacional Autónoma de México,505017| 505023,Academic,2.0,60032442| 60028381,Universidad Nacional Autónoma de México| Universidad Autónoma Metropolitana -Unidad Iztapalapa,57192683781,55995932900,6603748763| 55995932900,-,Mexico,1.0,1500| 1600,General Chemical Engineering| General Chemistry,2| 4,Engineering & Technology| Natural Sciences,409| 219,Chemistry| Engineering - Chemical,37| 36,Physical Sciences| Engineering,40| 34,Engineering| Chemical Sciences,4004| 3403| 3406,Chemical engineering| Macromolecular and materials chemistry| Physical chemistry,-,Genetic Insights into Crop Yield Enhancement,370,65.925,Health Benefits and Antioxidant Properties of Sesame Compounds,12952,92.729,Very Good,2020.0,35.0,N/A,"Castro-González, L.M.| Alvarez-Idaboy, J.R.| Galano, A.",Universidad Autónoma Metropolitana| Universidad Nacional Autónoma de México,Mexico,0
55995932900,55995932900,Assessing the Protective Activity of a Recently Discovered Phenolic Compound against Oxidative Stress Using Computational Chemistry,"Villuendas-Rey, Y.| Alvarez-Idaboy, J.R.| Galano, A.",3.0,15123278300| 6603748763| 55995932900,2015.0,2015-12-28,Journal of Chemical Information and Modeling,55,12,2552-2561,-,ISSN-15499596,130080.0,Journal,American Chemical Society,English,1.26,18,7.4,2,1.575,5,1.55,59.0,33.0,1.3,7.7,18.0,23.0,1.0,0.0,"Villuendas-Rey, Y., Alvarez-Idaboy, J.R., Galano, A. (2015).Assessing the Protective Activity of a Recently Discovered Phenolic Compound against Oxidative Stress Using Computational Chemistry. Journal of Chemical Information and Modeling,55(12) 2552-2561",https://www.scopus.com/record/display.url?eid=2-s2.0-84952763516&origin=resultslist,10.1021/acs.jcim.5b00513,Article,,2-s2.0-84952763516,26624520,Universidad Autónoma Metropolitana| Universidad Nacional Autónoma de México,505017| 505023,Academic,2.0,60028381| 60032442,Universidad Autónoma Metropolitana -Unidad Iztapalapa| Universidad Nacional Autónoma de México,15123278300,55995932900,55995932900,-,Mexico,1.0,1500| 1600| 1706| 3309,General Chemical Engineering| General Chemistry| Computer Science Applications| Library and Information Sciences,2| 3| 4,Engineering & Technology| Social Sciences & Management| Natural Sciences,212| 329| 409| 213| 219,Computer Science & Information Systems| Library & Information Management| Chemistry| Data Science| Engineering - Chemical,38| 40| 37| 36,Computer Science| Social Sciences| Physical Sciences| Engineering,34,Chemical Sciences,3404| 3407,Medicinal and biomolecular chemistry| Theoretical and computational chemistry,-,Radical Mechanisms in Alkaloid Chemistry,1178,12.492,Mechanisms of Radical Scavenging in Antioxidants,7544,93.035,Very Good,2015.0,33.0,N/A,"Villuendas-Rey, Y.| Alvarez-Idaboy, J.R.| Galano, A.",Universidad Autónoma Metropolitana| Universidad Nacional Autónoma de México,Mexico,0
55995932900,55995932900,"Capsaicin, a powerful •OH-inactivating ligand","Pérez-González, A.| Prejanò, M.| Russo, N.| Marino, T.| Galano, A.",5.0,39062031900| 57191197351| 7102889551| 56249822500| 55995932900,2020.0,2020-12-01,Antioxidants,9,12,1-15,1247,ISSN-20763921,21100790818.0,Journal,MDPI,English,1.63,11,4.5,45,1.067,26,0.57,24.0,31.0,1.63,13.51,15.0,16.0,0.0,0.0,"Pérez-González, A., Prejanò, M., Russo, N. and 2 more (...) (2020).Capsaicin, a powerful •OH-inactivating ligand. Antioxidants,9(12) 1-15",https://www.scopus.com/record/display.url?eid=2-s2.0-85097550860&origin=resultslist,10.3390/antiox9121247,Article,Gold|Green,2-s2.0-85097550860,-,Consejo Nacional de Ciencia y Tecnologia Mexico| Universidad Autónoma Metropolitana| University of Calabria,704696| 505017| 321043,Academic| Government,3.0,60027998| 60028381| 60020261,"Secretaría de Ciencia, Humanidades, Tecnología e Innovación| Universidad Autónoma Metropolitana -Unidad Iztapalapa| Università della Calabria",39062031900,55995932900,56249822500| 55995932900,-,Mexico| Italy,2.0,1106| 1303| 1307| 1308| 1312| 1314,Food Science| Biochemistry| Cell Biology| Clinical Biochemistry| Molecular Biology| Physiology,5,Life Sciences & Medicine,502| 503| 507,Agriculture & Forestry| Anatomy & Physiology| Biological Sciences,32,Life Sciences,31| 34| 32,Biological Sciences| Chemical Sciences| Biomedical And Clinical Sciences,3405| 3214| 3404| 3205| 3101,Organic chemistry| Pharmacology and pharmaceutical sciences| Medicinal and biomolecular chemistry| Medical biochemistry and metabolomics| Biochemistry and cell biology,-,Interplay of Taste and Olfactory Sensations,588,74.951,Capsaicin's Multifaceted Impact on Health,19787,91.01,Defensible,2020.0,31.0,N/A,"Pérez-González, A.| Prejanò, M.| Russo, N.| Marino, T.| Galano, A.",Consejo Nacional de Ciencia y Tecnologia Mexico| Universidad Autónoma Metropolitana| University of Calabria,Mexico| Italy,0
55995932900,55995932900,Radical-trapping and preventive antioxidant effects of 2-hydroxymelatonin and 4-hydroxymelatonin: Contributions to the melatonin protection against oxidative stress,"Pérez-González, A.| Galano, A.| Alvarez-Idaboy, J.R.| Tan, D.X.| Reiter, R.J.",5.0,39062031900| 55995932900| 6603748763| 7202902017| 7402574751,2017.0,2017-09-01,Biochimica et Biophysica Acta - General Subjects,1861,9,2206-2217,-,ISSN-03044165,16829.0,Journal,Elsevier B.V.,English,1.28,17,8.8,8,1.671,10,1.5,46.0,31.0,0.51,11.79,18.0,46.0,0.0,0.0,"Pérez-González, A., Galano, A., Alvarez-Idaboy, J.R. and 2 more (...) (2017).Radical-trapping and preventive antioxidant effects of 2-hydroxymelatonin and 4-hydroxymelatonin: Contributions to the melatonin protection against oxidative stress. Biochimica et Biophysica Acta - General Subjects,1861(9) 2206-2217",https://www.scopus.com/record/display.url?eid=2-s2.0-85021419790&origin=resultslist,10.1016/j.bbagen.2017.06.016,Article,,2-s2.0-85021419790,28652076,Consejo Nacional de Ciencia y Tecnologia Mexico| University of Texas at San Antonio| Universidad Autónoma Metropolitana| University of Texas Health Science Center at San Antonio| Universidad Nacional Autónoma de México,704696| 508348| 505017| 508804| 505023,Academic| Government,5.0,60028381| 60027998| 60032442| 60018573| 60280003,"Universidad Autónoma Metropolitana -Unidad Iztapalapa| Secretaría de Ciencia, Humanidades, Tecnología e Innovación| Universidad Nacional Autónoma de México| The University of Texas Health Science Center at San Antonio| Joe R. & Teresa Lozano Long School of Medicine",39062031900,7402574751,55995932900,-,Mexico| United States,2.0,1303| 1304| 1312,Biochemistry| Biophysics| Molecular Biology,5,Life Sciences & Medicine,507,Biological Sciences,32,Life Sciences,31,Biological Sciences,3101,Biochemistry and cell biology,-,Melatonin's Influence on Circadian Rhythms and Stress Response,232,84.565,Melatonin's Multifaceted Role in Health Benefits,3885,95.832,Very Good,2017.0,31.0,N/A,"Pérez-González, A.| Galano, A.| Alvarez-Idaboy, J.R.| Tan, D.X.| Reiter, R.J.",Consejo Nacional de Ciencia y Tecnologia Mexico| University of Texas at San Antonio| Universidad Autónoma Metropolitana| University of Texas Health Science Center at San Antonio| Universidad Nacional Autónoma de México,Mexico| United States,0
55995932900,55995932900,The role of acid-base equilibria in formal hydrogen transfer reactions: Tryptophan radical repair by uric acid as a paradigmatic case,"Muñoz-Rugeles, L.| Galano, A.| Alvarez-Idaboy, J.R.",3.0,56405589800| 55995932900| 6603748763,2017.0,2017-01-01,Physical Chemistry Chemical Physics,19,23,15296-15309,-,ISSN-14639076,27011.0,Journal,Royal Society of Chemistry,English,1.07,26,7,8,1.686,10,1.2,39.0,30.0,1.51,11.27,19.0,19.0,0.0,0.0,"Muñoz-Rugeles, L., Galano, A., Alvarez-Idaboy, J.R. (2017).The role of acid-base equilibria in formal hydrogen transfer reactions: Tryptophan radical repair by uric acid as a paradigmatic case. Physical Chemistry Chemical Physics,19(23) 15296-15309",https://www.scopus.com/record/display.url?eid=2-s2.0-85024480854&origin=resultslist,10.1039/c7cp01557g,Article,,2-s2.0-85024480854,28569903,Universidad Autónoma Metropolitana| Universidad Nacional Autónoma de México,505017| 505023,Academic,2.0,60032442| 60028381,Universidad Nacional Autónoma de México| Universidad Autónoma Metropolitana -Unidad Iztapalapa,56405589800,6603748763,6603748763,-,Mexico,1.0,1606| 3100,Physical and Theoretical Chemistry| General Physics and Astronomy,4| 2,Natural Sciences| Engineering & Technology,439| 249| 409,Physics & Astronomy| Engineering - Petroleum| Chemistry,37,Physical Sciences,51| 40| 34,Physical Sciences| Engineering| Chemical Sciences,-,-,-,Radical Mechanisms in Alkaloid Chemistry,1178,12.492,Mechanisms of Radical Scavenging in Antioxidants,7544,93.035,Very Good,2017.0,30.0,N/A,"Muñoz-Rugeles, L.| Galano, A.| Alvarez-Idaboy, J.R.",Universidad Autónoma Metropolitana| Universidad Nacional Autónoma de México,Mexico,0
55995932900,55995932900,"Deprotonation routes of anthocyanidins in aqueous solution, p: K a values, and speciation under physiological conditions","León-Carmona, J.R.| Galano, A.| Alvarez-Idaboy, J.R.",3.0,47461441900| 55995932900| 6603748763,2016.0,2016-01-01,RSC Advances,6,58,53421-53429,-,ISSN-20462069,21100199840.0,Journal,Royal Society of Chemistry,English,0.76,43,4.1,18,0.889,14,0.86,35.0,27.0,0.56,10.69,21.0,44.0,0.0,0.0,"León-Carmona, J.R., Galano, A., Alvarez-Idaboy, J.R. (2016).Deprotonation routes of anthocyanidins in aqueous solution, p: K a values, and speciation under physiological conditions. RSC Advances,6(58) 53421-53429",https://www.scopus.com/record/display.url?eid=2-s2.0-84973397868&origin=resultslist,10.1039/c6ra10818k,Article,,2-s2.0-84973397868,-,Universidad Autónoma Metropolitana| Universidad Nacional Autónoma de México,505017| 505023,Academic,2.0,60032442| 60028381,Universidad Nacional Autónoma de México| Universidad Autónoma Metropolitana -Unidad Iztapalapa,47461441900,6603748763,55995932900,-,Mexico,1.0,1500| 1600,General Chemical Engineering| General Chemistry,4| 2,Natural Sciences| Engineering & Technology,409| 219,Chemistry| Engineering - Chemical,37| 36,Physical Sciences| Engineering,34,Chemical Sciences,-,-,-,Anthocyanins and Their Multifaceted Health Benefits,771,79.987,Anthocyanin-Rich Plant Extracts and Health Benefits,1120,99.215,Defensible,2016.0,27.0,N/A,"León-Carmona, J.R.| Galano, A.| Alvarez-Idaboy, J.R.",Universidad Autónoma Metropolitana| Universidad Nacional Autónoma de México,Mexico,0
55995932900,55995932900,"Synthesis, characterization, and solid state dynamic studies of a hydrogen bond-hindered steroidal molecular rotor with a flexible axis","Mayorquín-Torres, M.C.| Colin-Molina, A.| Pérez-Estrada, S.| Galano, A.| Rodríguez-Molina, B.| Iglesias-Arteaga, M.A.",6.0,55890672700| 57191750175| 6503995879| 55995932900| 56013723300| 6701580186,2018.0,2018-04-06,Journal of Organic Chemistry,83,7,3768-3779,-,ISSN-00223263,25896.0,Journal,American Chemical Society,English,0.97,32,8.1,8,1.607,8,2.58,91.0,27.0,1.19,11.72,20.0,24.0,0.0,0.0,"Mayorquín-Torres, M.C., Colin-Molina, A., Pérez-Estrada, S. and 3 more (...) (2018).Synthesis, characterization, and solid state dynamic studies of a hydrogen bond-hindered steroidal molecular rotor with a flexible axis. Journal of Organic Chemistry,83(7) 3768-3779",https://www.scopus.com/record/display.url?eid=2-s2.0-85045100445&origin=resultslist,10.1021/acs.joc.8b00134,Article,,2-s2.0-85045100445,29504766,Universidad Autónoma Metropolitana| University of California at Los Angeles| Universidad Nacional Autónoma de México,505017| 508262| 505023,Academic,3.0,60032442| 60027550| 60028381,"Universidad Nacional Autónoma de México| University of California, Los Angeles| Universidad Autónoma Metropolitana -Unidad Iztapalapa",55890672700,6701580186,55995932900,-,Mexico| United States,2.0,1605,Organic Chemistry,4| 2,Natural Sciences| Engineering & Technology,249| 409,Engineering - Petroleum| Chemistry,37,Physical Sciences,34,Chemical Sciences,3405| 3404,Organic chemistry| Medicinal and biomolecular chemistry,-,Antioxidant Compounds and Their Medicinal Potential,6,97.711,Synthesis and Applications of Steroidal Compounds,27250,36.942,Very Good,2018.0,27.0,N/A,"Mayorquín-Torres, M.C.| Colin-Molina, A.| Pérez-Estrada, S.| Galano, A.| Rodríguez-Molina, B.| Iglesias-Arteaga, M.A.",Universidad Autónoma Metropolitana| University of California at Los Angeles| Universidad Nacional Autónoma de México,Mexico| United States,0
55995932900,55995932900,The key role of the sequential proton loss electron transfer mechanism on the free radical scavenging activity of some melatonin-related compounds,"Álvarez-Diduk, R.| Galano, A.| Tan, D.X.| Reiter, R.J.",4.0,34871349600| 55995932900| 7202902017| 7402574751,2016.0,2016-02-01,Theoretical Chemistry Accounts,135,2,1-5,38,ISSN-1432881X,21970.0,Journal,Springer New York LLC,English,0.59,56,2.1,62,0.527,53,1.53,47.0,26.0,1.26,10.29,22.0,23.0,0.0,0.0,"Álvarez-Diduk, R., Galano, A., Tan, D.X. and 1 more (...) (2016).The key role of the sequential proton loss electron transfer mechanism on the free radical scavenging activity of some melatonin-related compounds. Theoretical Chemistry Accounts,135(2) 1-5",https://www.scopus.com/record/display.url?eid=2-s2.0-84957876856&origin=resultslist,10.1007/s00214-015-1785-5,Article,,2-s2.0-84957876856,-,University of Texas at San Antonio| Universidad Autónoma Metropolitana| University of Texas Health Science Center at San Antonio,508348| 505017| 508804,Academic,3.0,60028381| 60018573| 60280003,Universidad Autónoma Metropolitana -Unidad Iztapalapa| The University of Texas Health Science Center at San Antonio| Joe R. & Teresa Lozano Long School of Medicine,34871349600,7402574751,55995932900,-,Mexico| United States,2.0,1606,Physical and Theoretical Chemistry,2| 4,Engineering & Technology| Natural Sciences,409| 249,Chemistry| Engineering - Petroleum,37,Physical Sciences,34,Chemical Sciences,3406| 3407,Physical chemistry| Theoretical and computational chemistry,-,Radical Mechanisms in Alkaloid Chemistry,1178,12.492,Mechanisms of Radical Scavenging in Antioxidants,7544,93.035,Very Good,2016.0,26.0,N/A,"Álvarez-Diduk, R.| Galano, A.| Tan, D.X.| Reiter, R.J.",University of Texas at San Antonio| Universidad Autónoma Metropolitana| University of Texas Health Science Center at San Antonio,Mexico| United States,0
55995932900,55995932900,Anthranilic acid as a secondary antioxidant: Implications to the inhibition of ·OH production and the associated oxidative stress,"Francisco-Marquez, M.| Aguilar-Fernández, M.| Galano, A.",3.0,6505865807| 56154816800| 55995932900,2016.0,2016-02-01,Computational and Theoretical Chemistry,1077,-,18-24,-,ISSN-2210271X,21000196008.0,Journal,Elsevier,English,0.6,55,2.6,43,0.542,43,1.31,36.0,25.0,0.7,10.03,23.0,38.0,0.0,0.0,"Francisco-Marquez, M., Aguilar-Fernández, M., Galano, A. (2016).Anthranilic acid as a secondary antioxidant: Implications to the inhibition of ·OH production and the associated oxidative stress. Computational and Theoretical Chemistry,107718-24",https://www.scopus.com/record/display.url?eid=2-s2.0-84958627602&origin=resultslist,10.1016/j.comptc.2015.09.025,Article,,2-s2.0-84958627602,-,Universidad Autónoma Metropolitana| Instituto Politécnico Nacional,505017| 505011,Academic,2.0,60019176| 60028381,Instituto Politécnico Nacional| Universidad Autónoma Metropolitana -Unidad Iztapalapa,6505865807,55995932900,55995932900,-,Mexico,1.0,1303| 1606| 3104,Biochemistry| Physical and Theoretical Chemistry| Condensed Matter Physics,2| 4| 5,Engineering & Technology| Natural Sciences| Life Sciences & Medicine,439| 507| 249| 409,Physics & Astronomy| Biological Sciences| Engineering - Petroleum| Chemistry,37| 32,Physical Sciences| Life Sciences,34,Chemical Sciences,3406| 3407,Physical chemistry| Theoretical and computational chemistry,-,Radical Mechanisms in Alkaloid Chemistry,1178,12.492,Mechanisms of Radical Scavenging in Antioxidants,7544,93.035,Very Good,2016.0,25.0,N/A,"Francisco-Marquez, M.| Aguilar-Fernández, M.| Galano, A.",Universidad Autónoma Metropolitana| Instituto Politécnico Nacional,Mexico,0
55995932900,55995932900,The antioxidant capability of higenamine: Insights from theory,"Romeo, I.| Parise, A.| Galano, A.| Russo, N.| Alvarez-Idaboy, J.R.| Marino, T.",6.0,57190127139| 57195337223| 55995932900| 7102889551| 6603748763| 56249822500,2020.0,2020-04-01,Antioxidants,9,5,-,358,ISSN-20763921,21100790818.0,Journal,MDPI,English,1.63,11,4.5,45,1.067,26,1.46,36.0,24.0,1.11,13.51,20.0,25.0,0.0,0.0,"Romeo, I., Parise, A., Galano, A. and 3 more (...) (2020).The antioxidant capability of higenamine: Insights from theory. Antioxidants,9(5) ",https://www.scopus.com/record/display.url?eid=2-s2.0-85084221677&origin=resultslist,10.3390/antiox9050358,Article,Gold|Green,2-s2.0-85084221677,-,Universidad Autónoma Metropolitana| University of Calabria| Universidad Nacional Autónoma de México,505017| 321043| 505023,Academic,3.0,60020261| 60028381| 60005847| 60032442,"Università della Calabria| Universidad Autónoma Metropolitana -Unidad Iztapalapa| Universidad Nacional Autónoma de México, Facultad de Quimica| Universidad Nacional Autónoma de México",57190127139,56249822500,56249822500,-,Mexico| Italy,2.0,1106| 1303| 1307| 1308| 1312| 1314,Food Science| Biochemistry| Cell Biology| Clinical Biochemistry| Molecular Biology| Physiology,5,Life Sciences & Medicine,502| 507| 503,Agriculture & Forestry| Biological Sciences| Anatomy & Physiology,32,Life Sciences,32| 31| 34,Biomedical And Clinical Sciences| Biological Sciences| Chemical Sciences,3404| 3205| 3405| 3214| 3101,Medicinal and biomolecular chemistry| Medical biochemistry and metabolomics| Organic chemistry| Pharmacology and pharmaceutical sciences| Biochemistry and cell biology,-,Radical Mechanisms in Alkaloid Chemistry,1178,12.492,Mechanisms of Radical Scavenging in Antioxidants,7544,93.035,Very Good,2020.0,24.0,N/A,"Romeo, I.| Parise, A.| Galano, A.| Russo, N.| Alvarez-Idaboy, J.R.| Marino, T.",Universidad Autónoma Metropolitana| University of Calabria| Universidad Nacional Autónoma de México,Mexico| Italy,0
55995932900,55995932900,CADMA-Chem: A Computational Protocol Based on Chemical Properties Aimed to Design Multifunctional Antioxidants,"Guzman-Lopez, E.G.| Reina, M.| Perez-Gonzalez, A.| Francisco-Marquez, M.| Hernandez-Ayala, L.F.| Castañeda-Arriaga, R.| Galano, A.",7.0,57226863226| 56818720200| 39062031900| 6505865807| 55877026900| 55175600200| 55995932900,2022.0,2022-11-01,International Journal of Molecular Sciences,23,21,-,13246,ISSN-16616596,25879.0,Journal,MDPI,English,1.28,18,7.8,13,1.154,9,1.49,31.0,23.0,1.51,13.27,13.0,18.0,0.0,0.0,"Guzman-Lopez, E.G., Reina, M., Perez-Gonzalez, A. and 4 more (...) (2022).CADMA-Chem: A Computational Protocol Based on Chemical Properties Aimed to Design Multifunctional Antioxidants. International Journal of Molecular Sciences,23(21) ",https://www.scopus.com/record/display.url?eid=2-s2.0-85141584730&origin=resultslist,10.3390/ijms232113246,Article,Gold|Green,2-s2.0-85141584730,36362034,Consejo Nacional de Ciencia y Tecnologia Mexico| Universidad Autónoma Metropolitana| Instituto Politécnico Nacional| Universidad Nacional Autónoma de México,704696| 505017| 505011| 505023,Government| Academic,4.0,60028381| 60005847| 60032442| 60027998| 60019176,"Universidad Autónoma Metropolitana -Unidad Iztapalapa| Universidad Nacional Autónoma de México, Facultad de Quimica| Universidad Nacional Autónoma de México| Secretaría de Ciencia, Humanidades, Tecnología e Innovación| Instituto Politécnico Nacional",57226863226,55995932900,55995932900,-,Mexico,1.0,1312| 1503| 1604| 1605| 1606| 1607| 1706,Molecular Biology| Catalysis| Inorganic Chemistry| Organic Chemistry| Physical and Theoretical Chemistry| Spectroscopy| Computer Science Applications,2| 4| 5,Engineering & Technology| Natural Sciences| Life Sciences & Medicine,219| 409| 212| 507| 249| 213,Engineering - Chemical| Chemistry| Computer Science & Information Systems| Biological Sciences| Engineering - Petroleum| Data Science,38| 37| 36| 32,Computer Science| Physical Sciences| Engineering| Life Sciences,34| 31,Chemical Sciences| Biological Sciences,3404| 3101| 3107,Medicinal and biomolecular chemistry| Biochemistry and cell biology| Microbiology,-,Innovative Approaches in Acetylcholinesterase Inhibition,848,43.362,Cholinesterase Inhibitors and Alzheimer’s Disease Mechanisms,1776,98.912,Very Good,2022.0,23.0,N/A,"Guzman-Lopez, E.G.| Reina, M.| Perez-Gonzalez, A.| Francisco-Marquez, M.| Hernandez-Ayala, L.F.| Castañeda-Arriaga, R.| Galano, A.",Consejo Nacional de Ciencia y Tecnologia Mexico| Universidad Autónoma Metropolitana| Instituto Politécnico Nacional| Universidad Nacional Autónoma de México,Mexico,0
55995932900,55995932900,Estimation of empirically fitted parameters for calculating pK a values of thiols in a fast and reliable way,"Pérez-González, A.| Castañeda-Arriaga, R.| Verastegui, B.| Carreón-González, M.| Alvarez-Idaboy, J.R.| Galano, A.",6.0,39062031900| 55175600200| 57199255869| 57199302272| 6603748763| 55995932900,2018.0,2018-01-01,Theoretical Chemistry Accounts,137,1,-,5,ISSN-1432881X,21970.0,Journal,Springer New York LLC,English,0.51,64,2.7,59,0.462,54,0.88,30.0,23.0,0.81,11.15,24.0,35.0,0.0,0.0,"Pérez-González, A., Castañeda-Arriaga, R., Verastegui, B. and 3 more (...) (2018).Estimation of empirically fitted parameters for calculating pK a values of thiols in a fast and reliable way. Theoretical Chemistry Accounts,137(1) ",https://www.scopus.com/record/display.url?eid=2-s2.0-85037743232&origin=resultslist,10.1007/s00214-017-2179-7,Article,,2-s2.0-85037743232,-,Consejo Nacional de Ciencia y Tecnologia Mexico| Universidad Autónoma Metropolitana| Universidad Nacional Autónoma de México,704696| 505017| 505023,Government| Academic,3.0,60028381| 60027998| 60032442,"Universidad Autónoma Metropolitana -Unidad Iztapalapa| Secretaría de Ciencia, Humanidades, Tecnología e Innovación| Universidad Nacional Autónoma de México",39062031900,55995932900,55995932900,-,Mexico,1.0,1606,Physical and Theoretical Chemistry,4| 2,Natural Sciences| Engineering & Technology,409| 249,Chemistry| Engineering - Petroleum,37,Physical Sciences,34,Chemical Sciences,3407| 3406,Theoretical and computational chemistry| Physical chemistry,-,Quantum Chemistry and Molecular Interaction Insights,8,83.453,Predictive Models for Solvation and pKa Values,12188,85.25,Very Good,2018.0,23.0,N/A,"Pérez-González, A.| Castañeda-Arriaga, R.| Verastegui, B.| Carreón-González, M.| Alvarez-Idaboy, J.R.| Galano, A.",Consejo Nacional de Ciencia y Tecnologia Mexico| Universidad Autónoma Metropolitana| Universidad Nacional Autónoma de México,Mexico,0
55995932900,55995932900,Quantum mechanical based approaches for predicting pKa values of carboxylic acids: evaluating the performance of different strategies,"Rebollar-Zepeda, A.M.| Galano, A.",2.0,47061857300| 55995932900,2016.0,2016-01-01,RSC Advances,6,113,112057-112064,-,ISSN-20462069,21100199840.0,Journal,Royal Society of Chemistry,English,0.76,43,4.1,18,0.889,14,0.41,18.0,22.0,0.84,10.69,25.0,33.0,0.0,0.0,"Rebollar-Zepeda, A.M., Galano, A. (2016).Quantum mechanical based approaches for predicting pKa values of carboxylic acids: evaluating the performance of different strategies. RSC Advances,6(113) 112057-112064",https://www.scopus.com/record/display.url?eid=2-s2.0-84999851959&origin=resultslist,10.1039/c6ra16221e,Article,,2-s2.0-84999851959,-,Universidad Autónoma Metropolitana,505017,Academic,1.0,60028381,Universidad Autónoma Metropolitana -Unidad Iztapalapa,47061857300,55995932900,55995932900,-,Mexico,1.0,1500| 1600,General Chemical Engineering| General Chemistry,4| 2,Natural Sciences| Engineering & Technology,409| 219,Chemistry| Engineering - Chemical,37| 36,Physical Sciences| Engineering,34,Chemical Sciences,-,-,-,Quantum Chemistry and Molecular Interaction Insights,8,83.453,Predictive Models for Solvation and pKa Values,12188,85.25,Definitive,2016.0,22.0,N/A,"Rebollar-Zepeda, A.M.| Galano, A.",Universidad Autónoma Metropolitana,Mexico,0
55995932900,55995932900,Non-covalent π-π Stacking interactions turn off non-adiabatic effects in proton-coupled electron transfer reactions,"Muñoz-Rugeles, L.| Galano, A.| Raúl Alvarez-Idaboy, J.",3.0,56405589800| 55995932900| 6603748763,2017.0,2017-01-01,Physical Chemistry Chemical Physics,19,10,6969-6972,-,ISSN-14639076,27011.0,Journal,Royal Society of Chemistry,English,1.07,26,7,8,1.686,10,1.3,36.0,22.0,1.33,11.27,25.0,22.0,0.0,0.0,"Muñoz-Rugeles, L., Galano, A., Raúl Alvarez-Idaboy, J. (2017).Non-covalent π-π Stacking interactions turn off non-adiabatic effects in proton-coupled electron transfer reactions. Physical Chemistry Chemical Physics,19(10) 6969-6972",https://www.scopus.com/record/display.url?eid=2-s2.0-85015749036&origin=resultslist,10.1039/c6cp08610a,Article,,2-s2.0-85015749036,28245013,Universidad Autónoma Metropolitana| Universidad Nacional Autónoma de México,505017| 505023,Academic,2.0,60032442| 60028381,Universidad Nacional Autónoma de México| Universidad Autónoma Metropolitana -Unidad Iztapalapa,56405589800,6603748763,6603748763,-,Mexico,1.0,1606| 3100,Physical and Theoretical Chemistry| General Physics and Astronomy,4| 2,Natural Sciences| Engineering & Technology,439| 249| 409,Physics & Astronomy| Engineering - Petroleum| Chemistry,37,Physical Sciences,40| 51| 34,Engineering| Physical Sciences| Chemical Sciences,-,-,-,Quantum Dynamics and Photosynthetic Protein Interactions,625,56.311,Proton-Coupled Electron Transfer Mechanisms in Biochemical Systems,40488,82.849,Defensible,2017.0,22.0,N/A,"Muñoz-Rugeles, L.| Galano, A.| Raúl Alvarez-Idaboy, J.",Universidad Autónoma Metropolitana| Universidad Nacional Autónoma de México,Mexico,0
55995932900,55995932900,Computational-aided design of melatonin analogues with outstanding multifunctional antioxidant capacity,"Galano, A.",1.0,55995932900,2016.0,2016-01-01,RSC Advances,6,27,22951-22963,-,ISSN-20462069,21100199840.0,Journal,Royal Society of Chemistry,English,0.76,43,4.1,18,0.889,14,1.07,33.0,21.0,0.75,10.69,26.0,36.0,0.0,0.0,"Galano, A. (2016).Computational-aided design of melatonin analogues with outstanding multifunctional antioxidant capacity. RSC Advances,6(27) 22951-22963",https://www.scopus.com/record/display.url?eid=2-s2.0-84960192677&origin=resultslist,10.1039/c6ra00549g,Article,,2-s2.0-84960192677,-,Universidad Autónoma Metropolitana,505017,Academic,1.0,60028381,Universidad Autónoma Metropolitana -Unidad Iztapalapa,-,-,55995932900,55995932900,Mexico,1.0,1500| 1600,General Chemical Engineering| General Chemistry,4| 2,Natural Sciences| Engineering & Technology,219| 409,Engineering - Chemical| Chemistry,37| 36,Physical Sciences| Engineering,34,Chemical Sciences,-,-,-,Radical Mechanisms in Alkaloid Chemistry,1178,12.492,Mechanisms of Radical Scavenging in Antioxidants,7544,93.035,Very Good,2016.0,21.0,N/A,"Galano, A.",Universidad Autónoma Metropolitana,Mexico,0
55995932900,55995932900,Exploring Chemical Routes Relevant to the Toxicity of Paracetamol and Its meta-Analogue at a Molecular Level,"Castañeda-Arriaga, R.| Galano, A.",2.0,55175600200| 55995932900,2017.0,2017-06-19,Chemical Research in Toxicology,30,6,1286-1301,-,ISSN-0893228X,24649.0,Journal,American Chemical Society,English,1.05,26,6.5,13,1.187,16,0.63,21.0,20.0,0.81,11.18,27.0,34.0,0.0,0.0,"Castañeda-Arriaga, R., Galano, A. (2017).Exploring Chemical Routes Relevant to the Toxicity of Paracetamol and Its meta-Analogue at a Molecular Level. Chemical Research in Toxicology,30(6) 1286-1301",https://www.scopus.com/record/display.url?eid=2-s2.0-85020845563&origin=resultslist,10.1021/acs.chemrestox.7b00024,Article,,2-s2.0-85020845563,28475314,Universidad Autónoma Metropolitana,505017,Academic,1.0,60028381,Universidad Autónoma Metropolitana -Unidad Iztapalapa,55175600200,55995932900,55995932900,-,Mexico,1.0,3005,Toxicology,5,Life Sciences & Medicine,537,Pharmacy & Pharmacology,32,Life Sciences,34| 32,Chemical Sciences| Biomedical And Clinical Sciences,3404| 3214| 3405,Medicinal and biomolecular chemistry| Pharmacology and pharmaceutical sciences| Organic chemistry,-,Genotype-Guided Warfarin Dosing and Patient Outcomes,618,45.978,Paracetamol Toxicity and Hepatic Injury Mechanisms,1164,96.616,Very Good,2017.0,20.0,N/A,"Castañeda-Arriaga, R.| Galano, A.",Universidad Autónoma Metropolitana,Mexico,0
55995932900,55995932900,Computationally designed: P -coumaric acid analogs: Searching for neuroprotective antioxidants,"Reina, M.| Guzmán-López, E.G.| Romeo, I.| Marino, T.| Russo, N.| Galano, A.",6.0,56818720200| 57226863226| 57190127139| 56249822500| 7102889551| 55995932900,2021.0,2021-08-28,New Journal of Chemistry,45,32,14369-14380,-,ISSN-11440546,24824.0,Journal,Royal Society of Chemistry,English,0.69,51,5.8,21,0.628,25,1.17,37.0,16.0,0.8,17.53,25.0,35.0,0.0,0.0,"Reina, M., Guzmán-López, E.G., Romeo, I. and 3 more (...) (2021).Computationally designed: P -coumaric acid analogs: Searching for neuroprotective antioxidants. New Journal of Chemistry,45(32) 14369-14380",https://www.scopus.com/record/display.url?eid=2-s2.0-85113148868&origin=resultslist,10.1039/d1nj01235e,Article,,2-s2.0-85113148868,-,Universidad Autónoma Metropolitana| University of Calabria,505017| 321043,Academic,2.0,60028381| 60020261,Universidad Autónoma Metropolitana -Unidad Iztapalapa| Università della Calabria,56818720200,55995932900,55995932900,-,Mexico| Italy,2.0,1503| 1600| 2505,Catalysis| General Chemistry| Materials Chemistry,4| 2,Natural Sciences| Engineering & Technology,249| 409| 433| 219,Engineering - Petroleum| Chemistry| Materials Science| Engineering - Chemical,37| 36,Physical Sciences| Engineering,34,Chemical Sciences,-,-,-,Radical Mechanisms in Alkaloid Chemistry,1178,12.492,Mechanisms of Radical Scavenging in Antioxidants,7544,93.035,Defensible,2021.0,16.0,N/A,"Reina, M.| Guzmán-López, E.G.| Romeo, I.| Marino, T.| Russo, N.| Galano, A.",Universidad Autónoma Metropolitana| University of Calabria,Mexico| Italy,0
55995932900,55995932900,Theoretical study on the oxidative damage to cholesterol induced by peroxyl radicals,"Medina, M.E.| Galano, A.| Trigos, Á.",3.0,55085224300| 55995932900| 56013753200,2015.0,2015-07-01,Journal of Physical Organic Chemistry,28,7,504-508,-,ISSN-08943230,26971.0,Journal,John Wiley and Sons Ltd,English,0.62,53,3,50,0.561,45,0.13,13.0,16.0,0.39,10.31,33.0,51.0,0.0,0.0,"Medina, M.E., Galano, A., Trigos, Á. (2015).Theoretical study on the oxidative damage to cholesterol induced by peroxyl radicals. Journal of Physical Organic Chemistry,28(7) 504-508",https://www.scopus.com/record/display.url?eid=2-s2.0-85027937319&origin=resultslist,10.1002/poc.3449,Article,,2-s2.0-85027937319,-,Universidad Autónoma Metropolitana| Universidad Veracruzana,505017| 505056,Academic,2.0,60007909| 60028381,Universidad Veracruzana| Universidad Autónoma Metropolitana -Unidad Iztapalapa,55085224300,56013753200,55995932900,-,Mexico,1.0,1605| 1606,Organic Chemistry| Physical and Theoretical Chemistry,4| 2,Natural Sciences| Engineering & Technology,409| 249,Chemistry| Engineering - Petroleum,37,Physical Sciences,34,Chemical Sciences,3405| 3406,Organic chemistry| Physical chemistry,-,Cholesterol Regulation and Bile Acid Interactions,1109,53.826,Cholesterol Oxidation Products and Health Implications,11810,81.333,Very Good,2015.0,16.0,N/A,"Medina, M.E.| Galano, A.| Trigos, Á.",Universidad Autónoma Metropolitana| Universidad Veracruzana,Mexico,0
55995932900,55995932900,A combined experimental-theoretical study of the acid-base behavior of mangiferin: Implications for its antioxidant activity,"Mendoza-Sarmiento, G.| Rojas-Hernández, A.| Galano, A.| Gutiérrez, A.",4.0,57189505960| 7004253053| 55995932900| 7202028725,2016.0,2016-01-01,RSC Advances,6,56,51171-51182,-,ISSN-20462069,21100199840.0,Journal,Royal Society of Chemistry,English,0.76,43,4.1,18,0.889,14,0.57,21.0,16.0,0.56,10.69,32.0,44.0,0.0,0.0,"Mendoza-Sarmiento, G., Rojas-Hernández, A., Galano, A. and 1 more (...) (2016).A combined experimental-theoretical study of the acid-base behavior of mangiferin: Implications for its antioxidant activity. RSC Advances,6(56) 51171-51182",https://www.scopus.com/record/display.url?eid=2-s2.0-84971531839&origin=resultslist,10.1039/c6ra06328d,Article,,2-s2.0-84971531839,-,Universidad Autónoma Metropolitana,505017,Academic,1.0,60028381,Universidad Autónoma Metropolitana -Unidad Iztapalapa,57189505960,7202028725,7004253053,-,Mexico,1.0,1500| 1600,General Chemical Engineering| General Chemistry,4| 2,Natural Sciences| Engineering & Technology,219| 409,Engineering - Chemical| Chemistry,36| 37,Engineering| Physical Sciences,34,Chemical Sciences,-,-,-,Antioxidant Compounds and Their Medicinal Potential,6,97.711,Mangiferin's Multifaceted Antioxidant and Therapeutic Potential,12606,94.728,Very Good,2016.0,16.0,N/A,"Mendoza-Sarmiento, G.| Rojas-Hernández, A.| Galano, A.| Gutiérrez, A.",Universidad Autónoma Metropolitana,Mexico,0
55995932900,55995932900,The other side of the superoxide radical anion: Its ability to chemically repair DNA oxidized sites,"Munõz-Rugeles, L.| Galano, A.| Alvarez-Idaboy, J.R.",3.0,56405589800| 55995932900| 6603748763,2018.0,2018-01-01,Chemical Communications,54,97,13710-13713,-,ISSN-13597345,22781.0,Journal,Royal Society of Chemistry,English,1.15,23,11.6,3,2.177,4,0.78,31.0,16.0,0.47,12.66,31.0,48.0,0.0,0.0,"Munõz-Rugeles, L., Galano, A., Alvarez-Idaboy, J.R. (2018).The other side of the superoxide radical anion: Its ability to chemically repair DNA oxidized sites. Chemical Communications,54(97) 13710-13713",https://www.scopus.com/record/display.url?eid=2-s2.0-85058165272&origin=resultslist,10.1039/c8cc07834c,Article,,2-s2.0-85058165272,30452023,Universidad Autónoma Metropolitana| Universidad Nacional Autónoma de México,505017| 505023,Academic,2.0,60032442| 60028381,Universidad Nacional Autónoma de México| Universidad Autónoma Metropolitana -Unidad Iztapalapa,56405589800,6603748763,56405589800,-,Mexico,1.0,1503| 1600| 2503| 2504| 2505| 2506| 2508,"Catalysis| General Chemistry| Ceramics and Composites| Electronic, Optical and Magnetic Materials| Materials Chemistry| Metals and Alloys| Surfaces, Coatings and Films",2| 4,Engineering & Technology| Natural Sciences,433| 409| 219| 249,Materials Science| Chemistry| Engineering - Chemical| Engineering - Petroleum,36| 37,Engineering| Physical Sciences,34| 40,Chemical Sciences| Engineering,-,-,-,Fluorescent Probes for Reactive Oxygen Species Detection,557,70.831,Guanine Damage and Repair Mechanisms in DNA,25387,70.541,Defensible,2018.0,16.0,N/A,"Munõz-Rugeles, L.| Galano, A.| Alvarez-Idaboy, J.R.",Universidad Autónoma Metropolitana| Universidad Nacional Autónoma de México,Mexico,0
55995932900,55995932900,Scavenging Ability of Homogentisic Acid and Ergosterol toward Free Radicals Derived from Ethanol Consumption,"Medina, M.E.| Galano, A.| Trigos, Á.",3.0,55085224300| 55995932900| 56013753200,2018.0,2018-08-02,Journal of Physical Chemistry B,122,30,7514-7521,-,ISSN-15206106,26970.0,Journal,American Chemical Society,English,0.98,31,5.8,12,1.109,11,0.97,31.0,16.0,0.6,11.61,31.0,42.0,0.0,0.0,"Medina, M.E., Galano, A., Trigos, Á. (2018).Scavenging Ability of Homogentisic Acid and Ergosterol toward Free Radicals Derived from Ethanol Consumption. Journal of Physical Chemistry B,122(30) 7514-7521",https://www.scopus.com/record/display.url?eid=2-s2.0-85049829103&origin=resultslist,10.1021/acs.jpcb.8b04619,Article,,2-s2.0-85049829103,29986138,Universidad Autónoma Metropolitana| Universidad Veracruzana,505017| 505056,Academic,2.0,60007909| 60028381,Universidad Veracruzana| Universidad Autónoma Metropolitana -Unidad Iztapalapa,55085224300,56013753200,55085224300,-,Mexico,1.0,1606| 2505| 2508,"Physical and Theoretical Chemistry| Materials Chemistry| Surfaces, Coatings and Films",4| 2,Natural Sciences| Engineering & Technology,409| 249| 433,Chemistry| Engineering - Petroleum| Materials Science,36| 37,Engineering| Physical Sciences,40| 51| 34,Engineering| Physical Sciences| Chemical Sciences,-,-,-,Radical Mechanisms in Alkaloid Chemistry,1178,12.492,Mechanisms of Radical Scavenging in Antioxidants,7544,93.035,Defensible,2018.0,16.0,N/A,"Medina, M.E.| Galano, A.| Trigos, Á.",Universidad Autónoma Metropolitana| Universidad Veracruzana,Mexico,0
55995932900,55995932900,Chemical Insights into the Antioxidant Mechanisms of Alkylseleno and Alkyltelluro Phenols: Periodic Relatives Behaving Differently,"Marino, T.| Galano, A.| Mazzone, G.| Russo, N.| Alvarez-Idaboy, J.R.",5.0,56249822500| 55995932900| 24071606200| 7102889551| 6603748763,2018.0,2018-06-18,Chemistry - A European Journal,24,34,8686-8691,-,ISSN-09476539,23392.0,Journal,Wiley-VCH Verlag,English,0.99,31,8.7,7,1.842,5,0.67,28.0,15.0,0.44,15.91,33.0,50.0,0.0,0.0,"Marino, T., Galano, A., Mazzone, G. and 2 more (...) (2018).Chemical Insights into the Antioxidant Mechanisms of Alkylseleno and Alkyltelluro Phenols: Periodic Relatives Behaving Differently. Chemistry - A European Journal,24(34) 8686-8691",https://www.scopus.com/record/display.url?eid=2-s2.0-85048752744&origin=resultslist,10.1002/chem.201800913,Article,,2-s2.0-85048752744,29566293,Universidad Autónoma Metropolitana| University of Calabria| Universidad Nacional Autónoma de México,505017| 321043| 505023,Academic,3.0,60020261| 60028381| 60032442,Università della Calabria| Universidad Autónoma Metropolitana -Unidad Iztapalapa| Universidad Nacional Autónoma de México,56249822500,6603748763,56249822500,-,Mexico| Italy,2.0,1503| 1605,Catalysis| Organic Chemistry,2| 4,Engineering & Technology| Natural Sciences,409| 219| 249,Chemistry| Engineering - Chemical| Engineering - Petroleum,37| 36,Physical Sciences| Engineering,34,Chemical Sciences,-,-,-,Selenium and Sulfur Compounds in Chemical Synthesis,1196,25.507,Antioxidant and Antimicrobial Properties of Organoselenium Compounds,10221,89.313,Very Good,2018.0,15.0,N/A,"Marino, T.| Galano, A.| Mazzone, G.| Russo, N.| Alvarez-Idaboy, J.R.",Universidad Autónoma Metropolitana| University of Calabria| Universidad Nacional Autónoma de México,Mexico| Italy,0
55995932900,55995932900,Synthesis of Dimeric Steroid Trioxabispiroacetals Scaffolds by Gold(I)-Catalyzed Hydroalkoxylation–Hydration of Diynediols,"Valdez-García, R.M.| Alarcón-Manjarrez, C.| Galano, A.| Rodríguez-Molina, B.| Flores-Álamo, M.| Iglesias-Arteaga, M.A.",6.0,57200533839| 57148221100| 55995932900| 56013723300| 57203164533| 6701580186,2019.0,2019-08-15,European Journal of Organic Chemistry,2019,30,4916-4927,-,ISSN-1434193X,25853.0,Journal,Wiley-VCH Verlag,English,0.69,51,4.9,29,0.863,24,1.55,54.0,15.0,0.75,12.01,31.0,37.0,0.0,0.0,"Valdez-García, R.M., Alarcón-Manjarrez, C., Galano, A. and 3 more (...) (2019).Synthesis of Dimeric Steroid Trioxabispiroacetals Scaffolds by Gold(I)-Catalyzed Hydroalkoxylation–Hydration of Diynediols. European Journal of Organic Chemistry,2019(30) 4916-4927",https://www.scopus.com/record/display.url?eid=2-s2.0-85070850225&origin=resultslist,10.1002/ejoc.201900860,Article,,2-s2.0-85070850225,-,Universidad Autónoma Metropolitana| Universidad Nacional Autónoma de México,505017| 505023,Academic,2.0,60032442| 60028381,Universidad Nacional Autónoma de México| Universidad Autónoma Metropolitana -Unidad Iztapalapa,57200533839,6701580186,6701580186,-,Mexico,1.0,1605| 1606,Organic Chemistry| Physical and Theoretical Chemistry,4| 2,Natural Sciences| Engineering & Technology,409| 249,Chemistry| Engineering - Petroleum,37,Physical Sciences,34,Chemical Sciences,3404| 3405,Medicinal and biomolecular chemistry| Organic chemistry,-,Antioxidant Compounds and Their Medicinal Potential,6,97.711,Synthesis and Applications of Steroidal Compounds,27250,36.942,Defensible,2019.0,15.0,N/A,"Valdez-García, R.M.| Alarcón-Manjarrez, C.| Galano, A.| Rodríguez-Molina, B.| Flores-Álamo, M.| Iglesias-Arteaga, M.A.",Universidad Autónoma Metropolitana| Universidad Nacional Autónoma de México,Mexico,0
55995932900,55995932900,"Antioxidants into nopal (Opuntia ficus-indica), important inhibitors of free radicals’ formation","Castañeda-Arriaga, R.| Perez-Gonzalez, A.| Marino, T.| Russo, N.| Galano, A.",5.0,55175600200| 39062031900| 56249822500| 7102889551| 55995932900,2021.0,2021-12-01,Antioxidants,10,12,-,2006,ISSN-20763921,21100790818.0,Journal,MDPI,English,1.68,11,6.5,15,1.008,25,2.85,58.0,15.0,0.7,12.9,27.0,39.0,0.0,0.0,"Castañeda-Arriaga, R., Perez-Gonzalez, A., Marino, T. and 2 more (...) (2021).Antioxidants into nopal (Opuntia ficus-indica), important inhibitors of free radicals’ formation. Antioxidants,10(12) ",https://www.scopus.com/record/display.url?eid=2-s2.0-85121125195&origin=resultslist,10.3390/antiox10122006,Article,Gold|Green,2-s2.0-85121125195,-,Consejo Nacional de Ciencia y Tecnologia Mexico| Universidad Autónoma Metropolitana| University of Calabria,704696| 505017| 321043,Government| Academic,3.0,60028381| 60027998| 60020261,"Universidad Autónoma Metropolitana -Unidad Iztapalapa| Secretaría de Ciencia, Humanidades, Tecnología e Innovación| Università della Calabria",55175600200,55995932900,56249822500,-,Mexico| Italy,2.0,1106| 1303| 1307| 1308| 1312| 1314,Food Science| Biochemistry| Cell Biology| Clinical Biochemistry| Molecular Biology| Physiology,5,Life Sciences & Medicine,502| 507| 503,Agriculture & Forestry| Biological Sciences| Anatomy & Physiology,32,Life Sciences,32| 31| 34,Biomedical And Clinical Sciences| Biological Sciences| Chemical Sciences,3214| 3404| 3205| 3405| 3101,Pharmacology and pharmaceutical sciences| Medicinal and biomolecular chemistry| Medical biochemistry and metabolomics| Organic chemistry| Biochemistry and cell biology,-,Methane Reduction through Feed Supplementation Strategies,104,78.417,Nutritional and Functional Benefits of Opuntia,6183,95.44,Very Good,2021.0,15.0,N/A,"Castañeda-Arriaga, R.| Perez-Gonzalez, A.| Marino, T.| Russo, N.| Galano, A.",Consejo Nacional de Ciencia y Tecnologia Mexico| Universidad Autónoma Metropolitana| University of Calabria,Mexico| Italy,0
55995932900,55995932900,Rational Design of Multifunctional Ferulic Acid Derivatives Aimed for Alzheimer’s and Parkinson’s Diseases,"Guzmán-López, E.G.| Reina, M.| Hernández-Ayala, L.F.| Galano, A.",4.0,57226863226| 56818720200| 55877026900| 55995932900,2023.0,2023-06-01,Antioxidants,12,6,-,1256,ISSN-20763921,21100790818.0,Journal,MDPI,English,1.39,13,10.6,8,1.222,7,1.6,28.0,15.0,1.4,10.7,15.0,20.0,0.0,0.0,"Guzmán-López, E.G., Reina, M., Hernández-Ayala, L.F. and 1 more (...) (2023).Rational Design of Multifunctional Ferulic Acid Derivatives Aimed for Alzheimer’s and Parkinson’s Diseases. Antioxidants,12(6) ",https://www.scopus.com/record/display.url?eid=2-s2.0-85163813669&origin=resultslist,10.3390/antiox12061256,Article,Gold|Green,2-s2.0-85163813669,-,Universidad Autónoma Metropolitana| Universidad Nacional Autónoma de México,505017| 505023,Academic,2.0,60028381| 60032442| 60005847,"Universidad Autónoma Metropolitana -Unidad Iztapalapa| Universidad Nacional Autónoma de México| Universidad Nacional Autónoma de México, Facultad de Quimica",57226863226,55995932900,55995932900,-,Mexico,1.0,1106| 1303| 1307| 1308| 1312| 1314,Food Science| Biochemistry| Cell Biology| Clinical Biochemistry| Molecular Biology| Physiology,5,Life Sciences & Medicine,507| 502| 503,Biological Sciences| Agriculture & Forestry| Anatomy & Physiology,32,Life Sciences,31| 34| 32,Biological Sciences| Chemical Sciences| Biomedical And Clinical Sciences,3404| 3405| 3101| 3205| 3214,Medicinal and biomolecular chemistry| Organic chemistry| Biochemistry and cell biology| Medical biochemistry and metabolomics| Pharmacology and pharmaceutical sciences,-,Antioxidant Compounds and Their Medicinal Potential,6,97.711,Ferulic Acid's Multifaceted Therapeutic Potential,32786,91.491,Definitive,2023.0,15.0,N/A,"Guzmán-López, E.G.| Reina, M.| Hernández-Ayala, L.F.| Galano, A.",Universidad Autónoma Metropolitana| Universidad Nacional Autónoma de México,Mexico,0
55995932900,55995932900,Role of purines on the copper-catalyzed oxidative damage in biological systems: Protection versus promotion,"Castañeda-Arriaga, R.| Pérez-González, A.| Alvarez-Idaboy, J.R.| Galano, A.",4.0,55175600200| 39062031900| 6603748763| 55995932900,2018.0,2018-05-05,International Journal of Quantum Chemistry,118,9,-,e25527,ISSN-00207608,24127.0,Journal,John Wiley and Sons Inc.,English,0.85,40,4.6,23,0.848,24,1.24,31.0,14.0,0.37,10.74,34.0,54.0,0.0,0.0,"Castañeda-Arriaga, R., Pérez-González, A., Alvarez-Idaboy, J.R. and 1 more (...) (2018).Role of purines on the copper-catalyzed oxidative damage in biological systems: Protection versus promotion. International Journal of Quantum Chemistry,118(9) ",https://www.scopus.com/record/display.url?eid=2-s2.0-85044425788&origin=resultslist,10.1002/qua.25527,Article,,2-s2.0-85044425788,-,Consejo Nacional de Ciencia y Tecnologia Mexico| Universidad Autónoma Metropolitana| Universidad Nacional Autónoma de México,704696| 505017| 505023,Government| Academic,3.0,60028381| 60014923| 60027998| 60032442,"Universidad Autónoma Metropolitana -Unidad Iztapalapa| Universidad Autónoma Metropolitana| Secretaría de Ciencia, Humanidades, Tecnología e Innovación| Universidad Nacional Autónoma de México",55175600200,55995932900,55995932900,-,Mexico,1.0,1606| 3104| 3107,"Physical and Theoretical Chemistry| Condensed Matter Physics| Atomic and Molecular Physics, and Optics",2| 4,Engineering & Technology| Natural Sciences,439| 249| 409,Physics & Astronomy| Engineering - Petroleum| Chemistry,37,Physical Sciences,34,Chemical Sciences,3406| 3407,Physical chemistry| Theoretical and computational chemistry,-,Radical Mechanisms in Alkaloid Chemistry,1178,12.492,Mechanisms of Radical Scavenging in Antioxidants,7544,93.035,Defensible,2018.0,14.0,N/A,"Castañeda-Arriaga, R.| Pérez-González, A.| Alvarez-Idaboy, J.R.| Galano, A.",Consejo Nacional de Ciencia y Tecnologia Mexico| Universidad Autónoma Metropolitana| Universidad Nacional Autónoma de México,Mexico,0
55995932900,55995932900,Synthesis of new ZnS-Bipy based hybrid organic-inorganic materials for photocatalytic reduction of 4-nitrophenol,"Ramírez-Rave, S.| Hernández-Gordillo, A.| Calderón, H.A.| Galano, A.| García-Mendoza, C.| Gómez, R.",6.0,55903518400| 54893181400| 7004208873| 55995932900| 56008966400| 55568514480,2015.0,2015-03-01,New Journal of Chemistry,39,3,2188-2194,-,ISSN-11440546,24824.0,Journal,Royal Society of Chemistry,English,0.82,39,4,16,0.935,14,2.44,85.0,14.0,0.31,12.85,35.0,55.0,0.0,0.0,"Ramírez-Rave, S., Hernández-Gordillo, A., Calderón, H.A. and 3 more (...) (2015).Synthesis of new ZnS-Bipy based hybrid organic-inorganic materials for photocatalytic reduction of 4-nitrophenol. New Journal of Chemistry,39(3) 2188-2194",https://www.scopus.com/record/display.url?eid=2-s2.0-84924678519&origin=resultslist,10.1039/c4nj01891e,Article,,2-s2.0-84924678519,-,Universidad Autónoma Metropolitana| Instituto Politécnico Nacional,505017| 505011,Academic,2.0,60028381| 60019176,Universidad Autónoma Metropolitana -Unidad Iztapalapa| Instituto Politécnico Nacional,55903518400,55568514480,55903518400,-,Mexico,1.0,1503| 1600| 2505,Catalysis| General Chemistry| Materials Chemistry,4| 2,Natural Sciences| Engineering & Technology,249| 219| 433| 409,Engineering - Petroleum| Engineering - Chemical| Materials Science| Chemistry,36| 37,Engineering| Physical Sciences,34,Chemical Sciences,-,-,-,Quantum Dots and Their Multifaceted Applications,298,82.276,Zinc Sulfide Nanoparticles in Photonic Applications,2013,96.328,Defensible,2015.0,14.0,N/A,"Ramírez-Rave, S.| Hernández-Gordillo, A.| Calderón, H.A.| Galano, A.| García-Mendoza, C.| Gómez, R.",Universidad Autónoma Metropolitana| Instituto Politécnico Nacional,Mexico,0
55995932900,55995932900,How to identify promising metal scavengers? d-penicillamine with copper as a study case,"Martínez, A.| Vargas, R.| Galano, A.",3.0,7404025645| 55989742600| 55995932900,2018.0,2018-01-15,International Journal of Quantum Chemistry,118,2,-,e25457,ISSN-00207608,24127.0,Journal,John Wiley and Sons Inc.,English,0.85,40,4.6,23,0.848,24,0.67,28.0,12.0,0.84,10.74,38.0,34.0,0.0,0.0,"Martínez, A., Vargas, R., Galano, A. (2018).How to identify promising metal scavengers? d-penicillamine with copper as a study case. International Journal of Quantum Chemistry,118(2) ",https://www.scopus.com/record/display.url?eid=2-s2.0-85036459271&origin=resultslist,10.1002/qua.25457,Article,,2-s2.0-85036459271,-,Universidad Autónoma Metropolitana| Universidad Nacional Autónoma de México,505017| 505023,Academic,2.0,60032442| 60028381,Universidad Nacional Autónoma de México| Universidad Autónoma Metropolitana -Unidad Iztapalapa,7404025645,55995932900,7404025645,-,Mexico,1.0,1606| 3104| 3107,"Physical and Theoretical Chemistry| Condensed Matter Physics| Atomic and Molecular Physics, and Optics",2| 4,Engineering & Technology| Natural Sciences,409| 439| 249,Chemistry| Physics & Astronomy| Engineering - Petroleum,37,Physical Sciences,34,Chemical Sciences,3407| 3406,Theoretical and computational chemistry| Physical chemistry,-,Copper and Iron Proteins in Disease Mechanisms,456,65.86,Copper Homeostasis and Its Biological Significance,9661,94.928,Defensible,2018.0,12.0,N/A,"Martínez, A.| Vargas, R.| Galano, A.",Universidad Autónoma Metropolitana| Universidad Nacional Autónoma de México,Mexico,0
55995932900,55995932900,Free radical scavenging activity of newly designed sesamol derivatives,"Castro-González, L.M.| Galano, A.| Alvarez-Idaboy, J.R.",3.0,57192683781| 55995932900| 6603748763,2021.0,2021-07-21,New Journal of Chemistry,45,27,11960-11967,-,ISSN-11440546,24824.0,Journal,Royal Society of Chemistry,English,0.69,51,5.8,21,0.628,25,0.83,22.0,12.0,0.4,17.53,32.0,54.0,0.0,0.0,"Castro-González, L.M., Galano, A., Alvarez-Idaboy, J.R. (2021).Free radical scavenging activity of newly designed sesamol derivatives. New Journal of Chemistry,45(27) 11960-11967",https://www.scopus.com/record/display.url?eid=2-s2.0-85110347817&origin=resultslist,10.1039/d1nj02225c,Article,,2-s2.0-85110347817,-,Universidad Autónoma Metropolitana| Universidad Nacional Autónoma de México| University of Calgary,505017| 505023| 501037,Academic,3.0,60002306| 60028381| 60032442,University of Calgary| Universidad Autónoma Metropolitana -Unidad Iztapalapa| Universidad Nacional Autónoma de México,57192683781,6603748763,55995932900| 6603748763,-,Mexico| Canada,2.0,1503| 1600| 2505,Catalysis| General Chemistry| Materials Chemistry,4| 2,Natural Sciences| Engineering & Technology,433| 409| 249| 219,Materials Science| Chemistry| Engineering - Petroleum| Engineering - Chemical,36| 37,Engineering| Physical Sciences,34,Chemical Sciences,-,-,-,Radical Mechanisms in Alkaloid Chemistry,1178,12.492,Mechanisms of Radical Scavenging in Antioxidants,7544,93.035,Very Good,2021.0,12.0,N/A,"Castro-González, L.M.| Galano, A.| Alvarez-Idaboy, J.R.",Universidad Autónoma Metropolitana| Universidad Nacional Autónoma de México| University of Calgary,Mexico| Canada,0
55995932900,55995932900,On the dual role of (+)-catechin as primary antioxidant and inhibitor of viral proteases,"Ciardullo, G.| Orlando, C.| Russo, N.| Marchese, E.| Galano, A.| Marino, T.| Prejanò, M.",7.0,57938604400| 57224215242| 7102889551| 58166271800| 55995932900| 56249822500| 57191197351,2024.0,2024-09-01,Computers in Biology and Medicine,180,-,-,108953,ISSN-00104825,17957.0,Journal,Elsevier Ltd,English,1.85,8,13,6,1.447,10,1.43,27.0,12.0,1.42,8.43,12.0,21.0,0.0,0.0,"Ciardullo, G., Orlando, C., Russo, N. and 4 more (...) (2024).On the dual role of (+)-catechin as primary antioxidant and inhibitor of viral proteases. Computers in Biology and Medicine,180",https://www.scopus.com/record/display.url?eid=2-s2.0-85199964681&origin=resultslist,10.1016/j.compbiomed.2024.108953,Article,Hybrid gold,2-s2.0-85199964681,39089115,Universidad Autónoma Metropolitana| University of Calabria,505017| 321043,Academic,2.0,60020261| 60028381| 131510994,Università della Calabria| Universidad Autónoma Metropolitana -Unidad Iztapalapa| These authors equally contributed.,57938604400,57191197351,56249822500,-,Mexico| Italy,2.0,1706| 2718,Computer Science Applications| Health Informatics,5| 2,Life Sciences & Medicine| Engineering & Technology,212| 213| 532,Computer Science & Information Systems| Data Science| Medicine,34| 38,Medical and Health| Computer Science,31| 42| 46,Biological Sciences| Health Sciences| Information And Computing Sciences,3102| 4203| 4601,Bioinformatics and computational biology| Health services and systems| Applied computing,SDG 3,"COVID-19, Its Impact, and Vaccination",1,99.935,Targeting SARS Coronavirus Proteases for Antiviral Development,2341,99.603,Definitive,2024.0,12.0,N/A,"Ciardullo, G.| Orlando, C.| Russo, N.| Marchese, E.| Galano, A.| Marino, T.| Prejanò, M.",Universidad Autónoma Metropolitana| University of Calabria,Mexico| Italy,0
55995932900,55995932900,Silicon-Doped Carbon Nanotubes: Promising CO2/N2 Selective Agents for Sequestering Carbon Dioxide,"Francisco-Marquez, M.| Galano, A.",2.0,6505865807| 55995932900,2016.0,2016-10-27,Journal of Physical Chemistry C,120,42,24476-24481,-,ISSN-19327447,5200153123.0,Journal,American Chemical Society,English,1.2,20,7.9,5,1.964,5,1.42,43.0,11.0,0.56,10.69,40.0,44.0,0.0,0.0,"Francisco-Marquez, M., Galano, A. (2016).Silicon-Doped Carbon Nanotubes: Promising CO2/N2 Selective Agents for Sequestering Carbon Dioxide. Journal of Physical Chemistry C,120(42) 24476-24481",https://www.scopus.com/record/display.url?eid=2-s2.0-84994031159&origin=resultslist,10.1021/acs.jpcc.6b08641,Article,,2-s2.0-84994031159,-,Universidad Autónoma Metropolitana| Instituto Politécnico Nacional,505017| 505011,Academic,2.0,60019176| 60028381,Instituto Politécnico Nacional| Universidad Autónoma Metropolitana -Unidad Iztapalapa,6505865807,55995932900,55995932900,-,Mexico,1.0,1606| 2100| 2504| 2508,"Physical and Theoretical Chemistry| General Energy| Electronic, Optical and Magnetic Materials| Surfaces, Coatings and Films",2| 4,Engineering & Technology| Natural Sciences,433| 221| 409| 249,Materials Science| Engineering - Electrical & Electronic| Chemistry| Engineering - Petroleum,36| 37,Engineering| Physical Sciences,34| 40,Chemical Sciences| Engineering,-,-,SDG 13,Innovative Approaches to Carbon Dioxide Capture,837,88.162,Innovative Materials for Carbon Dioxide Capture,1281,99.865,Very Good,2016.0,11.0,N/A,"Francisco-Marquez, M.| Galano, A.",Universidad Autónoma Metropolitana| Instituto Politécnico Nacional,Mexico,0
55995932900,55995932900,Detailed Investigation of the Outstanding Peroxyl Radical Scavenging Activity of Two Novel Amino-Pyridinol-Based Compounds,"Francisco-Marquez, M.| Galano, A.",2.0,6505865807| 55995932900,2019.0,2019-08-26,Journal of Chemical Information and Modeling,59,8,3494-3505,-,ISSN-15499596,130080.0,Journal,American Chemical Society,English,1.29,18,6.3,7,1.329,8,0.21,11.0,10.0,0.29,10.44,40.0,59.0,0.0,0.0,"Francisco-Marquez, M., Galano, A. (2019).Detailed Investigation of the Outstanding Peroxyl Radical Scavenging Activity of Two Novel Amino-Pyridinol-Based Compounds. Journal of Chemical Information and Modeling,59(8) 3494-3505",https://www.scopus.com/record/display.url?eid=2-s2.0-85071712213&origin=resultslist,10.1021/acs.jcim.9b00517,Article,,2-s2.0-85071712213,31264854,Universidad Autónoma Metropolitana| Instituto Politécnico Nacional,505017| 505011,Academic,2.0,60019176| 60028381,Instituto Politécnico Nacional| Universidad Autónoma Metropolitana -Unidad Iztapalapa,6505865807,55995932900,55995932900,-,Mexico,1.0,1500| 1600| 1706| 3309,General Chemical Engineering| General Chemistry| Computer Science Applications| Library and Information Sciences,3| 2| 4,Social Sciences & Management| Engineering & Technology| Natural Sciences,212| 409| 219| 213| 329,Computer Science & Information Systems| Chemistry| Engineering - Chemical| Data Science| Library & Information Management,38| 40| 37| 36,Computer Science| Social Sciences| Physical Sciences| Engineering,34,Chemical Sciences,3407| 3404,Theoretical and computational chemistry| Medicinal and biomolecular chemistry,-,Radical Mechanisms in Alkaloid Chemistry,1178,12.492,Mechanisms of Radical Scavenging in Antioxidants,7544,93.035,Very Good,2019.0,10.0,N/A,"Francisco-Marquez, M.| Galano, A.",Universidad Autónoma Metropolitana| Instituto Politécnico Nacional,Mexico,0
55995932900,55995932900,Computer-designed melatonin derivatives: potent peroxyl radical scavengers with no pro-oxidant behavior,"Castañeda-Arriaga, R.| Pérez-González, A.| Reina, M.| Galano, A.",4.0,55175600200| 39062031900| 56818720200| 55995932900,2020.0,2020-08-01,Theoretical Chemistry Accounts,139,8,-,133,ISSN-1432881X,21970.0,Journal,Springer,English,0.56,60,2.6,62,0.431,55,0.64,15.0,10.0,0.49,12.33,40.0,47.0,0.0,0.0,"Castañeda-Arriaga, R., Pérez-González, A., Reina, M. and 1 more (...) (2020).Computer-designed melatonin derivatives: potent peroxyl radical scavengers with no pro-oxidant behavior. Theoretical Chemistry Accounts,139(8) ",https://www.scopus.com/record/display.url?eid=2-s2.0-85088033051&origin=resultslist,10.1007/s00214-020-02641-9,Article,,2-s2.0-85088033051,-,Consejo Nacional de Ciencia y Tecnologia Mexico| Universidad Autónoma Metropolitana,704696| 505017,Government| Academic,2.0,60028381| 60027998,"Universidad Autónoma Metropolitana -Unidad Iztapalapa| Secretaría de Ciencia, Humanidades, Tecnología e Innovación",55175600200,55995932900,55995932900,-,Mexico,1.0,1606,Physical and Theoretical Chemistry,4| 2,Natural Sciences| Engineering & Technology,249| 409,Engineering - Petroleum| Chemistry,37,Physical Sciences,34,Chemical Sciences,3407| 3406,Theoretical and computational chemistry| Physical chemistry,-,Radical Mechanisms in Alkaloid Chemistry,1178,12.492,Mechanisms of Radical Scavenging in Antioxidants,7544,93.035,Defensible,2020.0,10.0,N/A,"Castañeda-Arriaga, R.| Pérez-González, A.| Reina, M.| Galano, A.",Consejo Nacional de Ciencia y Tecnologia Mexico| Universidad Autónoma Metropolitana,Mexico,0
55995932900,55995932900,A deeper insight on the radical scavenger activity of two simple coumarins toward OOH radical,"Marino, T.| Russo, N.| Galano, A.",3.0,56249822500| 7102889551| 55995932900,2016.0,2016-02-01,Computational and Theoretical Chemistry,1077,-,133-138,-,ISSN-2210271X,21000196008.0,Journal,Elsevier,English,0.6,55,2.6,43,0.542,43,0.93,32.0,10.0,0.4,10.03,42.0,51.0,0.0,0.0,"Marino, T., Russo, N., Galano, A. (2016).A deeper insight on the radical scavenger activity of two simple coumarins toward OOH radical. Computational and Theoretical Chemistry,1077133-138",https://www.scopus.com/record/display.url?eid=2-s2.0-84958620530&origin=resultslist,10.1016/j.comptc.2015.12.010,Article,,2-s2.0-84958620530,-,Universidad Autónoma Metropolitana| University of Calabria,505017| 321043,Academic,2.0,60020261| 60028381,Università della Calabria| Universidad Autónoma Metropolitana -Unidad Iztapalapa,56249822500,55995932900,56249822500,-,Mexico| Italy,2.0,1303| 1606| 3104,Biochemistry| Physical and Theoretical Chemistry| Condensed Matter Physics,2| 4| 5,Engineering & Technology| Natural Sciences| Life Sciences & Medicine,249| 507| 439| 409,Engineering - Petroleum| Biological Sciences| Physics & Astronomy| Chemistry,32| 37,Life Sciences| Physical Sciences,34,Chemical Sciences,3407| 3406,Theoretical and computational chemistry| Physical chemistry,-,Radical Mechanisms in Alkaloid Chemistry,1178,12.492,Mechanisms of Radical Scavenging in Antioxidants,7544,93.035,Very Good,2016.0,10.0,N/A,"Marino, T.| Russo, N.| Galano, A.",Universidad Autónoma Metropolitana| University of Calabria,Mexico| Italy,0
55995932900,55995932900,Numerical test of SAC-CI methods for calculating vertical ionization energies,"Corzo, H.H.| Krosser, J.M.| Galano, A.| Ortiz, J.V.",4.0,49961223300| 57191077315| 55995932900| 7203050717,2016.0,2016-10-01,Theoretical Chemistry Accounts,135,10,-,236,ISSN-1432881X,21970.0,Journal,Springer New York LLC,English,0.59,56,2.1,62,0.527,53,0.45,14.0,9.0,0.29,10.29,44.0,57.0,0.0,0.0,"Corzo, H.H., Krosser, J.M., Galano, A. and 1 more (...) (2016).Numerical test of SAC-CI methods for calculating vertical ionization energies. Theoretical Chemistry Accounts,135(10) ",https://www.scopus.com/record/display.url?eid=2-s2.0-84986267598&origin=resultslist,10.1007/s00214-016-1988-4,Article,,2-s2.0-84986267598,-,Auburn University| Universidad Autónoma Metropolitana,508007| 505017,Academic,2.0,60011754| 60028381,Auburn University| Universidad Autónoma Metropolitana -Unidad Iztapalapa,49961223300,7203050717,7203050717,-,Mexico| United States,2.0,1606,Physical and Theoretical Chemistry,2| 4,Engineering & Technology| Natural Sciences,249| 409,Engineering - Petroleum| Chemistry,37,Physical Sciences,34,Chemical Sciences,3406| 3407,Physical chemistry| Theoretical and computational chemistry,-,Quantum Chemistry and Molecular Interaction Insights,8,83.453,Electronic States in Photoelectron Spectroscopy,91846,16.196,Defensible,2016.0,9.0,N/A,"Corzo, H.H.| Krosser, J.M.| Galano, A.| Ortiz, J.V.",Auburn University| Universidad Autónoma Metropolitana,Mexico| United States,0
55995932900,55995932900,Competitive Gas Phase Reactions for the Production of Isomers C2O2H4. Spectroscopic Constants of Methyl Formate,"Gámez, V.| Senent, M.L.| Carvajal, M.| Galano, A.",4.0,57208794200| 7003781873| 35242106000| 55995932900,2019.0,2019-11-14,Journal of Physical Chemistry A,123,45,9658-9668,-,ISSN-10895639,26969.0,Journal,American Chemical Society,English,0.92,36,4.5,32,0.749,30,0.23,8.0,9.0,0.5,11.96,42.0,47.0,0.0,0.0,"Gámez, V., Senent, M.L., Carvajal, M. and 1 more (...) (2019).Competitive Gas Phase Reactions for the Production of Isomers C2O2H4. Spectroscopic Constants of Methyl Formate. Journal of Physical Chemistry A,123(45) 9658-9668",https://www.scopus.com/record/display.url?eid=2-s2.0-85074733172&origin=resultslist,10.1021/acs.jpca.9b07270,Article,,2-s2.0-85074733172,31633938,CSIC| Universidad Autónoma Metropolitana| CSIC - Institute for the Structure of Matter| University of Granada| University of Huelva,312004| 505017| 715420| 312057| 312021,Academic| Government,5.0,60000580| 122548766| 60014204| 60027844| 60028381,CSIC - Instituto de Estructura de la Materia (IEM)| CSIC-UHU| Universidad de Huelva| Universidad de Granada| Universidad Autónoma Metropolitana -Unidad Iztapalapa,57208794200,55995932900,7003781873,-,Mexico| Spain,2.0,1606,Physical and Theoretical Chemistry,4| 2,Natural Sciences| Engineering & Technology,249| 409,Engineering - Petroleum| Chemistry,37,Physical Sciences,34| 51,Chemical Sciences| Physical Sciences,5102| 3406| 3407,"Atomic, molecular and optical physics| Physical chemistry| Theoretical and computational chemistry",-,Star Formation and Emission in Circumstellar Disks,363,54.872,Astrochemical Processes in Interstellar Ice Formation,1236,97.29,Definitive,2019.0,9.0,N/A,"Gámez, V.| Senent, M.L.| Carvajal, M.| Galano, A.",CSIC| Universidad Autónoma Metropolitana| CSIC - Institute for the Structure of Matter| University of Granada| University of Huelva,Mexico| Spain,0
55995932900,55995932900,Direct and cluster-assisted dehydrogenation of methane by Nb+ and Ta+: A theoretical investigation,"Sicilia, E.| Mazzone, G.| Pérez-González, A.| Pirillo, J.| Galano, A.| Heine, T.| Russo, N.",7.0,6701425926| 24071606200| 39062031900| 57009074900| 55995932900| 55777593400| 7102889551,2017.0,2017-01-01,Physical Chemistry Chemical Physics,19,24,16178-16188,-,ISSN-14639076,27011.0,Journal,Royal Society of Chemistry,English,1.07,26,7,8,1.686,10,0.45,24.0,8.0,0.44,11.27,46.0,50.0,0.0,0.0,"Sicilia, E., Mazzone, G., Pérez-González, A. and 4 more (...) (2017).Direct and cluster-assisted dehydrogenation of methane by Nb+ and Ta+: A theoretical investigation. Physical Chemistry Chemical Physics,19(24) 16178-16188",https://www.scopus.com/record/display.url?eid=2-s2.0-85021947321&origin=resultslist,10.1039/c7cp01833a,Article,,2-s2.0-85021947321,28604858,Universidad Autónoma Metropolitana| University of Calabria,505017| 321043,Academic,2.0,60020261| 60028381| 100966543,Università della Calabria| Universidad Autónoma Metropolitana -Unidad Iztapalapa| Faculty of Chemistry and Mineralogy,6701425926,7102889551,24071606200,-,Mexico| Germany| Italy,3.0,1606| 3100,Physical and Theoretical Chemistry| General Physics and Astronomy,2| 4,Engineering & Technology| Natural Sciences,409| 439| 249,Chemistry| Physics & Astronomy| Engineering - Petroleum,37,Physical Sciences,40| 51| 34,Engineering| Physical Sciences| Chemical Sciences,-,-,-,Quantum Chemistry and Molecular Interaction Insights,8,83.453,Metal-Oxide Clusters in Catalytic Reactions,4338,81.805,Definitive,2017.0,8.0,N/A,"Sicilia, E.| Mazzone, G.| Pérez-González, A.| Pirillo, J.| Galano, A.| Heine, T.| Russo, N.",Universidad Autónoma Metropolitana| University of Calabria,Mexico| Germany| Italy,0
55995932900,55995932900,The spontaneous decarboxylation of strong carboxylic acid − carboxylate mixtures and the use of carbon surfaces to trap the released free radicals,"Ramírez-Delgado, V.| Méndez-Albores, A.| Galano, A.| González, F.J.",4.0,55336907200| 56705195000| 55995932900| 7401692381,2017.0,2017-08-10,Electrochimica Acta,245,-,472-481,-,ISSN-00134686,25181.0,Journal,Elsevier Ltd,English,1.13,23,8.6,5,1.439,8,1.56,68.0,8.0,0.26,11.59,46.0,60.0,0.0,0.0,"Ramírez-Delgado, V., Méndez-Albores, A., Galano, A. and 1 more (...) (2017).The spontaneous decarboxylation of strong carboxylic acid − carboxylate mixtures and the use of carbon surfaces to trap the released free radicals. Electrochimica Acta,245472-481",https://www.scopus.com/record/display.url?eid=2-s2.0-85019991784&origin=resultslist,10.1016/j.electacta.2017.05.158,Article,,2-s2.0-85019991784,-,Benemerita Universidad Autonoma de Puebla| Centro de Investigacion y de Estudios Avanzados del Instituto Politécnico Nacional| Universidad Autónoma Metropolitana| Instituto Politécnico Nacional,505001| 505002| 505017| 505011,Academic| Government,4.0,60019176| 60017323| 60028381| 60024830,Instituto Politécnico Nacional| Centro de Investigacion y de Estudios Avanzados del Instituto Politécnico Nacional| Universidad Autónoma Metropolitana -Unidad Iztapalapa| Benemérita Universidad Autónoma de Puebla,55336907200,7401692381,7401692381,-,Mexico,1.0,1500| 1603,General Chemical Engineering| Electrochemistry,2| 4,Engineering & Technology| Natural Sciences,409| 219,Chemistry| Engineering - Chemical,37| 36,Physical Sciences| Engineering,34| 51| 40,Chemical Sciences| Physical Sciences| Engineering,-,-,-,Innovative Electrocatalysts for Energy Conversion Applications,242,99.869,Electrochemical Grafting of Diazonium Salts on Surfaces,11244,82.357,Definitive,2017.0,8.0,N/A,"Ramírez-Delgado, V.| Méndez-Albores, A.| Galano, A.| González, F.J.",Benemerita Universidad Autonoma de Puebla| Centro de Investigacion y de Estudios Avanzados del Instituto Politécnico Nacional| Universidad Autónoma Metropolitana| Instituto Politécnico Nacional,Mexico,0
55995932900,55995932900,Mangiferin/β-cyclodextrin complex: determination of the Inclusion constant in aqueous solution by Higuchi–Connors method and molecular absorption and photoluminescence UV spectroscopies at pH 3.4,"Hernández-García, L.| Rojas-Hernández, A.| Galano, A.",3.0,56541276000| 7004253053| 55995932900,2022.0,2022-11-01,Chemical Papers,76,11,7123-7132,-,ISSN-03666352,22804.0,Journal,Springer Science and Business Media Deutschland GmbH,English,0.57,59,3.3,43,0.351,49,0.69,17.0,7.0,0.33,15.38,39.0,59.0,0.0,0.0,"Hernández-García, L., Rojas-Hernández, A., Galano, A. (2022).Mangiferin/β-cyclodextrin complex: determination of the Inclusion constant in aqueous solution by Higuchi–Connors method and molecular absorption and photoluminescence UV spectroscopies at pH 3.4. Chemical Papers,76(11) 7123-7132",https://www.scopus.com/record/display.url?eid=2-s2.0-85135567439&origin=resultslist,10.1007/s11696-022-02381-z,Article,,2-s2.0-85135567439,-,Universidad Autónoma Metropolitana,505017,Academic,1.0,60028381,Universidad Autónoma Metropolitana -Unidad Iztapalapa,56541276000,55995932900,7004253053,-,Mexico,1.0,1303| 1500| 1600| 2209| 2505,Biochemistry| General Chemical Engineering| General Chemistry| Industrial and Manufacturing Engineering| Materials Chemistry,4| 2| 5,Natural Sciences| Engineering & Technology| Life Sciences & Medicine,409| 433| 507| 222| 219,Chemistry| Materials Science| Biological Sciences| Engineering - Mechanical| Engineering - Chemical,36| 37| 32,Engineering| Physical Sciences| Life Sciences,34,Chemical Sciences,-,-,-,Enzyme Immobilization Techniques for Enhanced Biocatalysis,722,72.073,Cyclodextrin Complexes in Drug Solubility Enhancement,1445,97.669,Very Good,2022.0,7.0,N/A,"Hernández-García, L.| Rojas-Hernández, A.| Galano, A.",Universidad Autónoma Metropolitana,Mexico,0
55995932900,55995932900,Newly designed melatonin analogues with potential neuroprotective effects,"Millán-Pacheco, C.| Serratos, I.N.| del Rosario Sánchez González, S.| Galano, A.",4.0,14120132300| 56013689500| 57869993000| 55995932900,2022.0,2022-09-01,Theoretical Chemistry Accounts,141,9,-,49,ISSN-1432881X,21970.0,Journal,Springer Science and Business Media Deutschland GmbH,English,0.54,61,3.4,57,0.36,59,1.15,22.0,6.0,0.35,11.31,42.0,58.0,0.0,0.0,"Millán-Pacheco, C., Serratos, I.N., del Rosario Sánchez González, S. and 1 more (...) (2022).Newly designed melatonin analogues with potential neuroprotective effects. Theoretical Chemistry Accounts,141(9) ",https://www.scopus.com/record/display.url?eid=2-s2.0-85137112761&origin=resultslist,10.1007/s00214-022-02907-4,Article,,2-s2.0-85137112761,-,Universidad Autonoma del Estado de Morelos| Universidad Autónoma Metropolitana,505016| 505017,Academic,2.0,60025626| 60028381,Universidad Autónoma del Estado de Morelos| Universidad Autónoma Metropolitana -Unidad Iztapalapa,14120132300,55995932900,56013689500| 55995932900,-,Mexico,1.0,1606,Physical and Theoretical Chemistry,4| 2,Natural Sciences| Engineering & Technology,249| 409,Engineering - Petroleum| Chemistry,37,Physical Sciences,34,Chemical Sciences,3406| 3407,Physical chemistry| Theoretical and computational chemistry,-,Genetic and Neurochemical Factors in Parkinson's Disease,1182,19.359,COMT Polymorphism and Cognitive Function in Disorders,12107,71.252,Defensible,2022.0,6.0,N/A,"Millán-Pacheco, C.| Serratos, I.N.| del Rosario Sánchez González, S.| Galano, A.",Universidad Autonoma del Estado de Morelos| Universidad Autónoma Metropolitana,Mexico,0
55995932900,55995932900,A first principles investigation on the electron donor ability of synthetic melatonin derivatives: implications for their antioxidant activity,"Galano, A.",1.0,55995932900,2016.0,2016-06-01,Theoretical Chemistry Accounts,135,6,-,157,ISSN-1432881X,21970.0,Journal,Springer New York LLC,English,0.59,56,2.1,62,0.527,53,1.17,32.0,6.0,0.29,10.29,51.0,57.0,0.0,0.0,"Galano, A. (2016).A first principles investigation on the electron donor ability of synthetic melatonin derivatives: implications for their antioxidant activity. Theoretical Chemistry Accounts,135(6) ",https://www.scopus.com/record/display.url?eid=2-s2.0-84975290948&origin=resultslist,10.1007/s00214-016-1917-6,Article,,2-s2.0-84975290948,-,Universidad Autónoma Metropolitana,505017,Academic,1.0,60028381,Universidad Autónoma Metropolitana -Unidad Iztapalapa,-,-,55995932900,55995932900,Mexico,1.0,1606,Physical and Theoretical Chemistry,4| 2,Natural Sciences| Engineering & Technology,249| 409,Engineering - Petroleum| Chemistry,37,Physical Sciences,34,Chemical Sciences,3407| 3406,Theoretical and computational chemistry| Physical chemistry,-,Melatonin's Influence on Circadian Rhythms and Stress Response,232,84.565,Melatonin's Multifaceted Role in Health Benefits,3885,95.832,Definitive,2016.0,6.0,N/A,"Galano, A.",Universidad Autónoma Metropolitana,Mexico,0
55995932900,55995932900,Chemical Protectors against the Toxic Effects of Paracetamol (Acetaminophen) and Its Meta Analogue: Preventing Protein Arylation,"Castaneda-Arriaga, R.| Pérez-González, A.| Galano, A.",3.0,55175600200| 39062031900| 55995932900,2018.0,2018-12-27,ACS Omega,3,12,18582-18591,-,ISSN-24701343,21100828963.0,Journal,American Chemical Society,English,0.7,50,1.4,60,0.754,21,0.61,26.0,5.0,0.23,12.92,55.0,63.0,0.0,0.0,"Castaneda-Arriaga, R., Pérez-González, A., Galano, A. (2018).Chemical Protectors against the Toxic Effects of Paracetamol (Acetaminophen) and Its Meta Analogue: Preventing Protein Arylation. ACS Omega,3(12) 18582-18591",https://www.scopus.com/record/display.url?eid=2-s2.0-85059507979&origin=resultslist,10.1021/acsomega.8b02943,Article,Gold|Green,2-s2.0-85059507979,-,Consejo Nacional de Ciencia y Tecnologia Mexico| Universidad Autónoma Metropolitana,704696| 505017,Government| Academic,2.0,60028381| 60027998,"Universidad Autónoma Metropolitana -Unidad Iztapalapa| Secretaría de Ciencia, Humanidades, Tecnología e Innovación",55175600200,55995932900,55995932900,-,Mexico,1.0,1500| 1600,General Chemical Engineering| General Chemistry,2| 4,Engineering & Technology| Natural Sciences,219| 409,Engineering - Chemical| Chemistry,37| 36,Physical Sciences| Engineering,40| 34,Engineering| Chemical Sciences,3403| 3406| 4004,Macromolecular and materials chemistry| Physical chemistry| Chemical engineering,-,Genotype-Guided Warfarin Dosing and Patient Outcomes,618,45.978,Paracetamol Toxicity and Hepatic Injury Mechanisms,1164,96.616,Very Good,2018.0,5.0,N/A,"Castaneda-Arriaga, R.| Pérez-González, A.| Galano, A.",Consejo Nacional de Ciencia y Tecnologia Mexico| Universidad Autónoma Metropolitana,Mexico,0
55995932900,55995932900,Chemical repair mechanisms of damaged tyrosyl and tryptophanyl residues in proteins by the superoxide radical anion,"Muñoz-Rugeles, L.| Galano, A.| Alvarez-Idaboy, J.R.",3.0,56405589800| 55995932900| 6603748763,2020.0,2020-02-14,New Journal of Chemistry,44,6,2505-2513,-,ISSN-11440546,24824.0,Journal,Royal Society of Chemistry,English,0.73,48,5.3,18,0.693,23,1.11,34.0,5.0,0.0,17.65,54.0,78.0,0.0,0.0,"Muñoz-Rugeles, L., Galano, A., Alvarez-Idaboy, J.R. (2020).Chemical repair mechanisms of damaged tyrosyl and tryptophanyl residues in proteins by the superoxide radical anion. New Journal of Chemistry,44(6) 2505-2513",https://www.scopus.com/record/display.url?eid=2-s2.0-85079388872&origin=resultslist,10.1039/c9nj04998c,Article,,2-s2.0-85079388872,-,Universidad Autónoma Metropolitana| Universidad Nacional Autónoma de México,505017| 505023,Academic,2.0,60032442| 60028381,Universidad Nacional Autónoma de México| Universidad Autónoma Metropolitana -Unidad Iztapalapa,56405589800,6603748763,56405589800,-,Mexico,1.0,1503| 1600| 2505,Catalysis| General Chemistry| Materials Chemistry,4| 2,Natural Sciences| Engineering & Technology,249| 433| 409| 219,Engineering - Petroleum| Materials Science| Chemistry| Engineering - Chemical,37| 36,Physical Sciences| Engineering,34,Chemical Sciences,-,-,-,Enhancing Meat Quality through Innovative Processing Techniques,871,78.875,Protein Carbonylation and Oxidative Stress Mechanisms,15978,71.204,Defensible,2020.0,5.0,N/A,"Muñoz-Rugeles, L.| Galano, A.| Alvarez-Idaboy, J.R.",Universidad Autónoma Metropolitana| Universidad Nacional Autónoma de México,Mexico,0
55995932900,55995932900,The reactions of plant hormones with reactive oxygen species: chemical insights at a molecular level,"Francisco-Marquez, M.| Galano, A.",2.0,6505865807| 55995932900,2018.0,2018-09-01,Journal of Molecular Modeling,24,9,-,255,ISSN-16102940,57844.0,Journal,Springer Verlag,English,0.51,64,2.2,44,0.37,53,0.78,22.0,5.0,0.31,12.77,55.0,57.0,0.0,0.0,"Francisco-Marquez, M., Galano, A. (2018).The reactions of plant hormones with reactive oxygen species: chemical insights at a molecular level. Journal of Molecular Modeling,24(9) ",https://www.scopus.com/record/display.url?eid=2-s2.0-85052393032&origin=resultslist,10.1007/s00894-018-3781-x,Article,,2-s2.0-85052393032,30155564,Universidad Autónoma Metropolitana| Instituto Politécnico Nacional,505017| 505011,Academic,2.0,60019176| 60028381,Instituto Politécnico Nacional| Universidad Autónoma Metropolitana -Unidad Iztapalapa,6505865807,55995932900,55995932900,-,Mexico,1.0,1503| 1604| 1605| 1606| 1703| 1706,Catalysis| Inorganic Chemistry| Organic Chemistry| Physical and Theoretical Chemistry| Computational Theory and Mathematics| Computer Science Applications,4| 2,Natural Sciences| Engineering & Technology,409| 213| 219| 249| 212,Chemistry| Data Science| Engineering - Chemical| Engineering - Petroleum| Computer Science & Information Systems,36| 38| 37,Engineering| Computer Science| Physical Sciences,34,Chemical Sciences,3406| 3407| 3404,Physical chemistry| Theoretical and computational chemistry| Medicinal and biomolecular chemistry,-,Pomegranate Antioxidants and Plant Disease Resistance,1317,46.566,Methyl Jasmonate in Cancer Treatment and Cellular Regulation,90534,42.366,Defensible,2018.0,5.0,N/A,"Francisco-Marquez, M.| Galano, A.",Universidad Autónoma Metropolitana| Instituto Politécnico Nacional,Mexico,0
55995932900,55995932900,Systematic search for chemical reactions in gas phase contributing to methanol formation in interstellar space,"Gamez-Garcia, V.G.| Galano, A.",2.0,57208794200| 55995932900,2017.0,2017-10-05,Journal of Physical Chemistry A,121,39,7393-7400,-,ISSN-10895639,26969.0,Journal,American Chemical Society,English,0.93,33,5.4,25,1.17,17,0.35,12.0,4.0,0.19,10.59,58.0,64.0,0.0,0.0,"Gamez-Garcia, V.G., Galano, A. (2017).Systematic search for chemical reactions in gas phase contributing to methanol formation in interstellar space. Journal of Physical Chemistry A,121(39) 7393-7400",https://www.scopus.com/record/display.url?eid=2-s2.0-85032636408&origin=resultslist,10.1021/acs.jpca.7b05797,Article,,2-s2.0-85032636408,28885025,Universidad Autónoma Metropolitana,505017,Academic,1.0,60028381,Universidad Autónoma Metropolitana -Unidad Iztapalapa,57208794200,55995932900,57208794200,-,Mexico,1.0,1606,Physical and Theoretical Chemistry,2| 4,Engineering & Technology| Natural Sciences,249| 409,Engineering - Petroleum| Chemistry,37,Physical Sciences,34| 51,Chemical Sciences| Physical Sciences,3406| 5102| 3407,"Physical chemistry| Atomic, molecular and optical physics| Theoretical and computational chemistry",-,Star Formation and Emission in Circumstellar Disks,363,54.872,Astrochemical Processes in Interstellar Ice Formation,1236,97.29,Very Good,2017.0,4.0,N/A,"Gamez-Garcia, V.G.| Galano, A.",Universidad Autónoma Metropolitana,Mexico,0
55995932900,55995932900,"Elucidation of the complex deprotonation routes of Changrolin, the antihypertensives LQM-303 and LQM-303b, and their derivatives","Hernández-Olivares, M.A.| Ibarra-Escutia, A.| Mendoza-Sarmiento, G.| Rojas-Hernández, A.| Galano, A.",5.0,57191330271| 42861430400| 57189505960| 7004253053| 55995932900,2017.0,2017-09-01,Computational and Theoretical Chemistry,1115,-,229-238,-,ISSN-2210271X,21000196008.0,Journal,Elsevier B.V.,English,0.62,55,2.8,42,0.506,46,0.9,24.0,4.0,0.19,10.72,58.0,64.0,0.0,0.0,"Hernández-Olivares, M.A., Ibarra-Escutia, A., Mendoza-Sarmiento, G. and 2 more (...) (2017).Elucidation of the complex deprotonation routes of Changrolin, the antihypertensives LQM-303 and LQM-303b, and their derivatives. Computational and Theoretical Chemistry,1115229-238",https://www.scopus.com/record/display.url?eid=2-s2.0-85021762159&origin=resultslist,10.1016/j.comptc.2017.06.023,Article,,2-s2.0-85021762159,-,Universidad Autónoma Metropolitana,505017,Academic,1.0,60028381,Universidad Autónoma Metropolitana -Unidad Iztapalapa,57191330271,55995932900,7004253053,-,Mexico,1.0,1303| 1606| 3104,Biochemistry| Physical and Theoretical Chemistry| Condensed Matter Physics,2| 5| 4,Engineering & Technology| Life Sciences & Medicine| Natural Sciences,507| 249| 409| 439,Biological Sciences| Engineering - Petroleum| Chemistry| Physics & Astronomy,32| 37,Life Sciences| Physical Sciences,34,Chemical Sciences,3406| 3407,Physical chemistry| Theoretical and computational chemistry,-,Cobalt Complexes in Catalytic Epoxidation Reactions,956,37.148,Schiff Bases as Antiinfective Agents with Diverse Applications,39399,41.165,Defensible,2017.0,4.0,N/A,"Hernández-Olivares, M.A.| Ibarra-Escutia, A.| Mendoza-Sarmiento, G.| Rojas-Hernández, A.| Galano, A.",Universidad Autónoma Metropolitana,Mexico,0
55995932900,55995932900,"Combined experimental-theoretical investigation on the interactions of Diuron with a urea-formaldehyde matrix: Implications for its use as an ""intelligent pesticide""","González-Hurtado, M.| Rieumont-Briones, J.| Castro-González, L.M.| Zumeta-Dube, I.| Galano, A.",5.0,57198487365| 6504485923| 57192683781| 55313678800| 55995932900,2017.0,2017-12-01,Chemical Papers,71,12,2495-2503,-,ISSN-03666352,22804.0,Journal,Springer International Publishing,English,0.55,60,2.2,30,0.306,43,0.72,27.0,4.0,0.0,11.38,58.0,72.0,0.0,0.0,"González-Hurtado, M., Rieumont-Briones, J., Castro-González, L.M. and 2 more (...) (2017).Combined experimental-theoretical investigation on the interactions of Diuron with a urea-formaldehyde matrix: Implications for its use as an ""intelligent pesticide"". Chemical Papers,71(12) 2495-2503",https://www.scopus.com/record/display.url?eid=2-s2.0-85031892544&origin=resultslist,10.1007/s11696-017-0245-1,Article,,2-s2.0-85031892544,-,Universidad Autónoma Metropolitana| Instituto Politécnico Nacional| University of Havana,505017| 505011| 503001,Academic,3.0,60046703| 60019176| 60028381,Universidad de La Habana| Instituto Politécnico Nacional| Universidad Autónoma Metropolitana -Unidad Iztapalapa,57198487365,55995932900,57198487365,-,Mexico| Cuba,2.0,1303| 1500| 1600| 2209| 2505,Biochemistry| General Chemical Engineering| General Chemistry| Industrial and Manufacturing Engineering| Materials Chemistry,5| 4| 2,Life Sciences & Medicine| Natural Sciences| Engineering & Technology,433| 219| 409| 222| 507,Materials Science| Engineering - Chemical| Chemistry| Engineering - Mechanical| Biological Sciences,32| 37| 36,Life Sciences| Physical Sciences| Engineering,34,Chemical Sciences,-,-,-,Lignin and Cellulose in Plant Material Applications,954,77.24,Nanoparticle Systems for Controlled Herbicide Release,16006,98.678,Very Good,2017.0,4.0,N/A,"González-Hurtado, M.| Rieumont-Briones, J.| Castro-González, L.M.| Zumeta-Dube, I.| Galano, A.",Universidad Autónoma Metropolitana| Instituto Politécnico Nacional| University of Havana,Mexico| Cuba,0
55995932900,55995932900,Limonene: A scented and versatile tropospheric free radical deactivator,"Francisco-Márquez, M.| Galano, A.",2.0,6505865807| 55995932900,2023.0,2023-12-15,International Journal of Quantum Chemistry,123,24,-,e27103,ISSN-00207608,24127.0,Journal,John Wiley and Sons Inc,English,0.62,53,4.7,35,0.393,52,1.55,24.0,3.0,0.31,9.75,49.0,59.0,0.0,0.0,"Francisco-Márquez, M., Galano, A. (2023).Limonene: A scented and versatile tropospheric free radical deactivator. International Journal of Quantum Chemistry,123(24) ",https://www.scopus.com/record/display.url?eid=2-s2.0-85148368318&origin=resultslist,10.1002/qua.27103,Article,,2-s2.0-85148368318,-,Universidad Autónoma Metropolitana| Instituto Politécnico Nacional,505017| 505011,Academic,2.0,60019176| 60028381,Instituto Politécnico Nacional| Universidad Autónoma Metropolitana -Unidad Iztapalapa,6505865807,55995932900,55995932900,-,Mexico,1.0,1606| 3104| 3107,"Physical and Theoretical Chemistry| Condensed Matter Physics| Atomic and Molecular Physics, and Optics",4| 2,Natural Sciences| Engineering & Technology,439| 409| 249,Physics & Astronomy| Chemistry| Engineering - Petroleum,37,Physical Sciences,34,Chemical Sciences,3406| 3407,Physical chemistry| Theoretical and computational chemistry,-,Atmospheric Aerosol Emissions and Pollution Dynamics,23,96.795,Radical Reactions and Rate Constants in Atmospheric Chemistry,5720,77.145,Definitive,2023.0,3.0,N/A,"Francisco-Márquez, M.| Galano, A.",Universidad Autónoma Metropolitana| Instituto Politécnico Nacional,Mexico,0
55995932900,55995932900,"Determination of acidity constants, partition coefficients between water and 1-octanol, and deprotonation route of 4-tert-buthyl-bis-(2,6-thiomorpholin-4-ylmethyl)-1-phenol and 4-hydroxy-3,5-bis(morpholin-1-ylmethyl)benzonitrile; compounds with antihypertensive properties","Ibarra-Escutia, A.| Rojas-Hernández, A.| Galano, A.| Ángeles, E.| Martínez-Mendoza, D.| Moya-Hernández, R.",6.0,42861430400| 7004253053| 55995932900| 6603852794| 57191748393| 6504358380,2016.0,2016-07-01,Journal of the Mexican Chemical Society,60,3,152-162,-,ISSN-1870249X,19700174729.0,Journal,Sociedad Quimica de Mexico A.C.,English,0.67,50,1.4,58,0.227,66,0.92,33.0,2.0,0.08,12.64,67.0,70.0,0.0,0.0,"Ibarra-Escutia, A., Rojas-Hernández, A., Galano, A. and 3 more (...) (2016).Determination of acidity constants, partition coefficients between water and 1-octanol, and deprotonation route of 4-tert-buthyl-bis-(2,6-thiomorpholin-4-ylmethyl)-1-phenol and 4-hydroxy-3,5-bis(morpholin-1-ylmethyl)benzonitrile; compounds with antihypertensive properties. Journal of the Mexican Chemical Society,60(3) 152-162",https://www.scopus.com/record/display.url?eid=2-s2.0-84992694874&origin=resultslist,-,Article,,2-s2.0-84992694874,-,Universidad Autónoma Metropolitana| Universidad Nacional Autónoma de México,505017| 505023,Academic,2.0,60028381| 60172565| 60032442,Universidad Autónoma Metropolitana -Unidad Iztapalapa| Facultad de Estudios Superiores Cuautitlán| Universidad Nacional Autónoma de México,42861430400,6504358380,7004253053,-,Mexico,1.0,1600,General Chemistry,4,Natural Sciences,409,Chemistry,37,Physical Sciences,34,Chemical Sciences,3405| 3406| 3404,Organic chemistry| Physical chemistry| Medicinal and biomolecular chemistry,-,Cobalt Complexes in Catalytic Epoxidation Reactions,956,37.148,Schiff Bases as Antiinfective Agents with Diverse Applications,39399,41.165,Defensible,2016.0,2.0,N/A,"Ibarra-Escutia, A.| Rojas-Hernández, A.| Galano, A.| Ángeles, E.| Martínez-Mendoza, D.| Moya-Hernández, R.",Universidad Autónoma Metropolitana| Universidad Nacional Autónoma de México,Mexico,0
55995932900,55995932900,Computational design of rasagiline derivatives: Searching for enhanced antioxidant capability,"Reina, M.| Guzmán-López, E.G.| Galano, A.",3.0,56818720200| 57226863226| 55995932900,2023.0,2023-01-15,International Journal of Quantum Chemistry,123,2,-,e27011,ISSN-00207608,24127.0,Journal,John Wiley and Sons Inc,English,0.62,53,4.7,35,0.393,52,2.0,37.0,2.0,0.21,9.75,56.0,66.0,0.0,0.0,"Reina, M., Guzmán-López, E.G., Galano, A. (2023).Computational design of rasagiline derivatives: Searching for enhanced antioxidant capability. International Journal of Quantum Chemistry,123(2) ",https://www.scopus.com/record/display.url?eid=2-s2.0-85138145352&origin=resultslist,10.1002/qua.27011,Article,,2-s2.0-85138145352,-,Universidad Autónoma Metropolitana| Universidad Nacional Autónoma de México,505017| 505023,Academic,2.0,60028381| 60005847| 60032442,"Universidad Autónoma Metropolitana -Unidad Iztapalapa| Universidad Nacional Autónoma de México, Facultad de Quimica| Universidad Nacional Autónoma de México",56818720200,55995932900,55995932900,-,Mexico,1.0,1606| 3104| 3107,"Physical and Theoretical Chemistry| Condensed Matter Physics| Atomic and Molecular Physics, and Optics",2| 4,Engineering & Technology| Natural Sciences,439| 409| 249,Physics & Astronomy| Chemistry| Engineering - Petroleum,37,Physical Sciences,34,Chemical Sciences,3406| 3407,Physical chemistry| Theoretical and computational chemistry,-,Genetic and Neurochemical Factors in Parkinson's Disease,1182,19.359,Neuroprotective Effects of Rasagiline and Selegiline,12552,65.011,Definitive,2023.0,2.0,N/A,"Reina, M.| Guzmán-López, E.G.| Galano, A.",Universidad Autónoma Metropolitana| Universidad Nacional Autónoma de México,Mexico,0
55995932900,55995932900,"Multicomponent synthesis and photophysical properties of meso-thienyl BODIPY-pyrrolo[3,4-b]pyridin-5-ones. An experimental and theoretical study","Flores-Reyes, J.C.| Rojas-Montoya, S.M.| Blancarte-Carrazco, L.| Xochitiotzi-Flores, E.| Guarin, C.A.| Farfán, N.| Galano, A.| Islas-Jácome, A.| González-Zamora, E.",9.0,57216764833| 57192025521| 59145951000| 56650905000| 45961322600| 7003791879| 55995932900| 48161545400| 55989686000,2024.0,2024-09-01,Journal of Luminescence,273,-,-,120698,ISSN-00222313,12179.0,Journal,Elsevier B.V.,English,0.89,36,7,17,0.585,35,3.28,40.0,2.0,0.29,6.94,45.0,58.0,0.0,0.0,"Flores-Reyes, J.C., Rojas-Montoya, S.M., Blancarte-Carrazco, L. and 6 more (...) (2024).Multicomponent synthesis and photophysical properties of meso-thienyl BODIPY-pyrrolo[3,4-b]pyridin-5-ones. An experimental and theoretical study. Journal of Luminescence,273",https://www.scopus.com/record/display.url?eid=2-s2.0-85194314064&origin=resultslist,10.1016/j.jlumin.2024.120698,Article,,2-s2.0-85194314064,-,Consejo Nacional de Ciencia y Tecnologia Mexico| Universidad Autónoma Metropolitana| Universidad Nacional Autónoma de México,704696| 505017| 505023,Academic| Government,3.0,60028381| 60032442| 60027998,"Universidad Autónoma Metropolitana -Unidad Iztapalapa| Universidad Nacional Autónoma de México| Secretaría de Ciencia, Humanidades, Tecnología e Innovación",57216764833,55989686000,7003791879| 55995932900| 55989686000,-,Mexico,1.0,1303| 1304| 1600| 3104| 3107,"Biochemistry| Biophysics| General Chemistry| Condensed Matter Physics| Atomic and Molecular Physics, and Optics",4| 5,Natural Sciences| Life Sciences & Medicine,507| 439| 409,Biological Sciences| Physics & Astronomy| Chemistry,37| 32,Physical Sciences| Life Sciences,34,Chemical Sciences,3402,Inorganic chemistry,-,Porphyrin and Phthalocyanine Complexes in Catalysis,870,28.058,BODIPY Compounds in Fluorescent Applications and Properties,3761,97.646,Definitive,2024.0,2.0,N/A,"Flores-Reyes, J.C.| Rojas-Montoya, S.M.| Blancarte-Carrazco, L.| Xochitiotzi-Flores, E.| Guarin, C.A.| Farfán, N.| Galano, A.| Islas-Jácome, A.| González-Zamora, E.",Consejo Nacional de Ciencia y Tecnologia Mexico| Universidad Autónoma Metropolitana| Universidad Nacional Autónoma de México,Mexico,0
55995932900,55995932900,"Synthesis of BODIPY-pyrrolo[3,4-b]pyridin-5-ones via Ugi-Zhu/cascade reactions and studies of fluorescence response toward viscosity","Flores-Reyes, J.C.| Galano, A.| Rojas-Montoya, S.M.| Blancarte-Carrazco, L.| Xochitiotzi-Flores, E.| García-Ortega, H.| Farfán, N.| Islas-Jácome, A.| González-Zamora, E.",9.0,57216764833| 55995932900| 57192025521| 59145951000| 56650905000| 6507347515| 7003791879| 48161545400| 55989686000,2024.0,2024-01-01,Frontiers in Chemistry,12,-,-,1488933,ISSN-22962646,21100461983.0,Journal,Frontiers Media SA,English,0.89,36,8.4,18,0.83,25,1.44,21.0,2.0,0.18,10.89,45.0,65.0,0.0,0.0,"Flores-Reyes, J.C., Galano, A., Rojas-Montoya, S.M. and 6 more (...) (2024).Synthesis of BODIPY-pyrrolo[3,4-b]pyridin-5-ones via Ugi-Zhu/cascade reactions and studies of fluorescence response toward viscosity. Frontiers in Chemistry,12",https://www.scopus.com/record/display.url?eid=2-s2.0-85208649621&origin=resultslist,10.3389/fchem.2024.1488933,Article,Gold|Green,2-s2.0-85208649621,-,Universidad Autónoma Metropolitana| Universidad Nacional Autónoma de México,505017| 505023,Academic,2.0,60028381| 60005847| 60032442,"Universidad Autónoma Metropolitana -Unidad Iztapalapa| Universidad Nacional Autónoma de México, Facultad de Quimica| Universidad Nacional Autónoma de México",57216764833,55989686000,7003791879| 48161545400| 55989686000,-,Mexico,1.0,1600,General Chemistry,4,Natural Sciences,409,Chemistry,37,Physical Sciences,34,Chemical Sciences,-,-,-,Porphyrin and Phthalocyanine Complexes in Catalysis,870,28.058,BODIPY Compounds in Fluorescent Applications and Properties,3761,97.646,Definitive,2024.0,2.0,N/A,"Flores-Reyes, J.C.| Galano, A.| Rojas-Montoya, S.M.| Blancarte-Carrazco, L.| Xochitiotzi-Flores, E.| García-Ortega, H.| Farfán, N.| Islas-Jácome, A.| González-Zamora, E.",Universidad Autónoma Metropolitana| Universidad Nacional Autónoma de México,Mexico,0
55995932900,55995932900,Calmodulin-Targeting Molecules from Ageratina grandifolia,"Gutiérrez-González, J.A.| Pérez-Vásquez, A.| González-Andrade, M.| Galano, A.| Villaseñor, J.L.| Mata, R.",6.0,57223152173| 8624580600| 56013621200| 55995932900| 7005890566| 7006665966,2023.0,2023-11-24,Journal of Natural Products,86,11,2562-2570,-,ISSN-01633864,23053.0,Journal,American Chemical Society,English,1.38,14,9.1,7,0.802,8,1.41,26.0,2.0,0.22,9.17,56.0,65.0,0.0,0.0,"Gutiérrez-González, J.A., Pérez-Vásquez, A., González-Andrade, M. and 3 more (...) (2023).Calmodulin-Targeting Molecules from Ageratina grandifolia. Journal of Natural Products,86(11) 2562-2570",https://www.scopus.com/record/display.url?eid=2-s2.0-85178197728&origin=resultslist,10.1021/acs.jnatprod.3c00794,Article,,2-s2.0-85178197728,37906816,Universidad Autónoma Metropolitana| Universidad Nacional Autónoma de México,505017| 505023,Academic,2.0,60032442| 60022869| 60028381,"Universidad Nacional Autónoma de México| Universidad Nacional Autónoma de México, Facultad de Medicina| Universidad Autónoma Metropolitana -Unidad Iztapalapa",57223152173,7006665966,7006665966,-,Mexico,1.0,1313| 1602| 1605| 2707| 3002| 3003| 3004,Molecular Medicine| Analytical Chemistry| Organic Chemistry| Complementary and Alternative Medicine| Drug Discovery| Pharmaceutical Science| Pharmacology,4| 5| 2,Natural Sciences| Life Sciences & Medicine| Engineering & Technology,409| 249| 532| 537,Chemistry| Engineering - Petroleum| Medicine| Pharmacy & Pharmacology,32| 37| 34,Life Sciences| Physical Sciences| Medical and Health,42,Health Sciences,4208,"Traditional, complementary and integrative medicine",-,Interactions of GTP Binding Proteins in Muscle Function,816,30.87,Calmodulin Binding Dynamics and Structural Insights,13329,53.298,Definitive,2023.0,2.0,N/A,"Gutiérrez-González, J.A.| Pérez-Vásquez, A.| González-Andrade, M.| Galano, A.| Villaseñor, J.L.| Mata, R.",Universidad Autónoma Metropolitana| Universidad Nacional Autónoma de México,Mexico,0
55995932900,55995932900,Spirochromene and spiroindene compounds as antioxidants,"Morales-García, B.C.| Pérez-González, A.| Galano, A.",3.0,59238800300| 39062031900| 55995932900,2024.0,2024-12-15,Journal of Molecular Structure,1318,-,-,139355,ISSN-00222860,24642.0,Journal,Elsevier B.V.,English,1,30,8,16,0.628,32,2.46,31.0,2.0,0.29,7.0,45.0,58.0,0.0,0.0,"Morales-García, B.C., Pérez-González, A., Galano, A. (2024).Spirochromene and spiroindene compounds as antioxidants. Journal of Molecular Structure,1318",https://www.scopus.com/record/display.url?eid=2-s2.0-85199889172&origin=resultslist,10.1016/j.molstruc.2024.139355,Article,,2-s2.0-85199889172,-,Consejo Nacional de Ciencia y Tecnologia Mexico| Universidad Autónoma Metropolitana,704696| 505017,Government| Academic,2.0,60028381| 60027998,"Universidad Autónoma Metropolitana -Unidad Iztapalapa| Secretaría de Ciencia, Humanidades, Tecnología e Innovación",59238800300,55995932900,39062031900,-,Mexico,1.0,1602| 1604| 1605| 1607,Analytical Chemistry| Inorganic Chemistry| Organic Chemistry| Spectroscopy,4| 2,Natural Sciences| Engineering & Technology,409| 249,Chemistry| Engineering - Petroleum,37,Physical Sciences,34,Chemical Sciences,3402,Inorganic chemistry,-,Radical Mechanisms in Alkaloid Chemistry,1178,12.492,Mechanisms of Radical Scavenging in Antioxidants,7544,93.035,Definitive,2024.0,2.0,N/A,"Morales-García, B.C.| Pérez-González, A.| Galano, A.",Consejo Nacional de Ciencia y Tecnologia Mexico| Universidad Autónoma Metropolitana,Mexico,0
55995932900,55995932900,"Multicomponent synthesis of 7-(diethylamino)coumarin–pyrrolo[3,4-b]pyridin-5-one conjugates and modulation of their twisted intramolecular charge transfer (TICT) processes","Flores-Reyes, J.C.| Valderrama-Celestino, A.| Trejo-Velasco, M.F.| Jaramillo-Márquez, K.I.| González, F.| Rojas-Hernández, A.| Galano, A.| Islas-Jácome, A.| González-Zamora, E.",9.0,57216764833| 59389410800| 59389766200| 59389292500| 56000780400| 7004253053| 55995932900| 48161545400| 55989686000,2024.0,2024-12-01,Tetrahedron,168,-,-,134335,ISSN-00404020,26512.0,Journal,Elsevier Ltd,English,0.6,56,4.1,55,0.426,56,1.11,14.0,1.0,0.15,6.72,56.0,66.0,0.0,0.0,"Flores-Reyes, J.C., Valderrama-Celestino, A., Trejo-Velasco, M.F. and 6 more (...) (2024).Multicomponent synthesis of 7-(diethylamino)coumarin–pyrrolo[3,4-b]pyridin-5-one conjugates and modulation of their twisted intramolecular charge transfer (TICT) processes. Tetrahedron,168",https://www.scopus.com/record/display.url?eid=2-s2.0-85207807252&origin=resultslist,10.1016/j.tet.2024.134335,Article,,2-s2.0-85207807252,-,Universidad Autónoma Metropolitana,505017,Academic,1.0,60028381,Universidad Autónoma Metropolitana -Unidad Iztapalapa,57216764833,55989686000,48161545400| 55989686000,-,Mexico,1.0,1303| 1605| 3002,Biochemistry| Organic Chemistry| Drug Discovery,5| 4| 2,Life Sciences & Medicine| Natural Sciences| Engineering & Technology,409| 507| 537| 249,Chemistry| Biological Sciences| Pharmacy & Pharmacology| Engineering - Petroleum,37| 34| 32,Physical Sciences| Medical and Health| Life Sciences,31| 34,Biological Sciences| Chemical Sciences,3405| 3404| 3101,Organic chemistry| Medicinal and biomolecular chemistry| Biochemistry and cell biology,-,Multicomponent Reactions in Antimicrobial and Anticancer Development,945,47.09,Fluorescent Coumarin Compounds in Device Applications,57261,58.76,Definitive,2024.0,1.0,N/A,"Flores-Reyes, J.C.| Valderrama-Celestino, A.| Trejo-Velasco, M.F.| Jaramillo-Márquez, K.I.| González, F.| Rojas-Hernández, A.| Galano, A.| Islas-Jácome, A.| González-Zamora, E.",Universidad Autónoma Metropolitana,Mexico,0
