Autor,Autor_ID,Title,Authors,Number of Authors,Scopus Author Ids,Year,Full date,Scopus Source title,Volume,Issue,Pages,Article number,ISSN,Source ID,Source type,Publisher,Language,SNIP (publication year),SNIP percentile (publication year) *,CiteScore (publication year),CiteScore percentile (publication year) *,SJR (publication year),SJR percentile (publication year) *,Field-Weighted View Impact,Views,Citations,Field-Weighted Citation Impact,Field-Citation Average,"Outputs in Top Citation Percentiles, per percentile","Field-Weighted Outputs in Top Citation Percentiles, per percentile",Main patent families,Policy citations,Reference,Abstract,DOI,Publication type,Open Access,EID,PubMed ID,Institutions,Institution IDs,Sector,Number of Institutions,Scopus Affiliation IDs,Scopus Affiliation names,Scopus Author ID First Author,Scopus Author ID Last Author,Scopus Author ID Corresponding Author,Scopus Author ID Single Author,Country/Region,Number of Countries/Regions,All Science Journal Classification (ASJC) code,All Science Journal Classification (ASJC) field name,Quacquarelli Symonds (QS) Subject area code,Quacquarelli Symonds (QS) Subject area field name,Quacquarelli Symonds (QS) Subject code,Quacquarelli Symonds (QS) Subject field name,Times Higher Education (THE) code,Times Higher Education (THE) field name,ANZSRC FoR (2020) parent code,ANZSRC FoR (2020) parent name,ANZSRC FoR (2020) code,ANZSRC FoR (2020) name,Sustainable Development Goals (2025),Topic Cluster name,Topic Cluster number,Topic Cluster Prominence Percentile,Topic name,Topic number,Topic Prominence Percentile,Publication link to Topic strength,Año,Citas,Colaboracion,Autores,Instituciones,Regiones,Instituciones_Nacionales
56110056100,56110056100,"Structural, thermal and optical investigations of Dy3+-doped B2O3–WO3–ZnO–Li2O–Na2O glasses for warm white light emitting applications","Lakshminarayana, G.| Baki, S.O.| Lira, A.| Kityk, I.V.| Caldiño, U.| Kaky, K.M.| Mahdi, M.A.",7.0,57194637883| 55542313300| 6603757680| 7102138516| 56110056100| 59184298700| 7005348074,2017.0,2017-06-01,Journal of Luminescence,186,-,283-300,-,ISSN-00222313,12179.0,Journal,Elsevier B.V.,English,1.08,25,5,16,0.694,29,4.09,116.0,139.0,5.4,11.1,3.0,3.0,0.0,0.0,"Lakshminarayana, G., Baki, S.O., Lira, A. and 4 more (...) (2017).Structural, thermal and optical investigations of Dy3+-doped B2O3–WO3–ZnO–Li2O–Na2O glasses for warm white light emitting applications. Journal of Luminescence,186283-300",https://www.scopus.com/record/display.url?eid=2-s2.0-85014315729&origin=resultslist,10.1016/j.jlumin.2017.02.049,Article,,2-s2.0-85014315729,-,Universidad Autónoma Metropolitana| Universidad Autonoma del Estado de Mexico| Universiti Putra Malaysia| Częstochowa University of Technology,505017| 505051| 211004| 327007,Academic,4.0,60025577| 60002281| 60009913| 60028381,Universiti Putra Malaysia| Universidad Autónoma del Estado de México| Częstochowa University Of Technology| Universidad Autónoma Metropolitana -Unidad Iztapalapa,57194637883,7005348074,57194637883,-,Mexico| Poland| Malaysia,3.0,1303| 1304| 1600| 3104| 3107,"Biochemistry| Biophysics| General Chemistry| Condensed Matter Physics| Atomic and Molecular Physics, and Optics",5| 4,Life Sciences & Medicine| Natural Sciences,507| 439| 409,Biological Sciences| Physics & Astronomy| Chemistry,37| 32,Physical Sciences| Life Sciences,34,Chemical Sciences,3402,Inorganic chemistry,-,Luminescence Properties of Glass Materials,1092,32.309,Optical Properties and Energy Transfer in Glass Materials,386,98.212,Very Good,2017.0,139.0,N/A,"Lakshminarayana, G.| Baki, S.O.| Lira, A.| Kityk, I.V.| Caldiño, U.| Kaky, K.M.| Mahdi, M.A.",Universidad Autónoma Metropolitana| Universidad Autonoma del Estado de Mexico| Universiti Putra Malaysia| Częstochowa University of Technology,Mexico| Poland| Malaysia,0
56110056100,56110056100,Luminescence properties of Tb3+-doped zinc phosphate glasses for green laser application,"Juárez-Batalla, J.| Meza-Rocha, A.N.| Muñoz, G.H.| Camarillo, I.| Caldiño, U.",5.0,57189756937| 37063511900| 57191709885| 36840147200| 56110056100,2016.0,2016-08-01,Optical Materials,58,-,406-411,-,ISSN-09253467,12318.0,Journal,Elsevier B.V.,English,1.07,25,3.8,15,0.636,14,1.29,46.0,94.0,3.0,8.68,5.0,7.0,0.0,0.0,"Juárez-Batalla, J., Meza-Rocha, A.N., Muñoz, G.H. and 2 more (...) (2016).Luminescence properties of Tb3+-doped zinc phosphate glasses for green laser application. Optical Materials,58406-411",https://www.scopus.com/record/display.url?eid=2-s2.0-84975129116&origin=resultslist,10.1016/j.optmat.2016.06.022,Article,,2-s2.0-84975129116,-,Benemerita Universidad Autonoma de Puebla| Universidad Autónoma Metropolitana,505001| 505017,Academic,2.0,60028381| 60024830,Universidad Autónoma Metropolitana -Unidad Iztapalapa| Benemérita Universidad Autónoma de Puebla,57189756937,56110056100,56110056100,-,Mexico,1.0,1604| 1605| 1606| 1607| 1700| 2208| 2504| 3107,"Inorganic Chemistry| Organic Chemistry| Physical and Theoretical Chemistry| Spectroscopy| General Computer Science| Electrical and Electronic Engineering| Electronic, Optical and Magnetic Materials| Atomic and Molecular Physics, and Optics",4| 2,Natural Sciences| Engineering & Technology,439| 409| 433| 249| 212| 221,Physics & Astronomy| Chemistry| Materials Science| Engineering - Petroleum| Computer Science & Information Systems| Engineering - Electrical & Electronic,37| 36| 38,Physical Sciences| Engineering| Computer Science,51,Physical Sciences,5104| 5102,"Condensed matter physics| Atomic, molecular and optical physics",-,Luminescence Properties of Glass Materials,1092,32.309,Optical Properties and Energy Transfer in Glass Materials,386,98.212,Very Good,2016.0,94.0,N/A,"Juárez-Batalla, J.| Meza-Rocha, A.N.| Muñoz, G.H.| Camarillo, I.| Caldiño, U.",Benemerita Universidad Autonoma de Puebla| Universidad Autónoma Metropolitana,Mexico,0
56110056100,56110056100,"Development of sodium-zinc phosphate glasses doped with Dy3+, Eu3+ and Dy3+/Eu3+ for yellow laser medium, reddish-orange and white phosphor applications","Caldiño, U.| Lira, A.| Meza-Rocha, A.N.| Camarillo, I.| Lozada-Morales, R.",5.0,56110056100| 6603757680| 37063511900| 36840147200| 6603702293,2018.0,2018-02-01,Journal of Luminescence,194,-,231-239,-,ISSN-00222313,12179.0,Journal,Elsevier B.V.,English,1.08,26,4.8,22,0.645,28,3.27,124.0,89.0,3.1,11.93,5.0,7.0,0.0,0.0,"Caldiño, U., Lira, A., Meza-Rocha, A.N. and 2 more (...) (2018).Development of sodium-zinc phosphate glasses doped with Dy3+, Eu3+ and Dy3+/Eu3+ for yellow laser medium, reddish-orange and white phosphor applications. Journal of Luminescence,194231-239",https://www.scopus.com/record/display.url?eid=2-s2.0-85031782281&origin=resultslist,10.1016/j.jlumin.2017.10.028,Article,,2-s2.0-85031782281,-,Benemerita Universidad Autonoma de Puebla| Consejo Nacional de Ciencia y Tecnologia Mexico| Universidad Autónoma Metropolitana| Universidad Autonoma del Estado de Mexico,505001| 704696| 505017| 505051,Academic| Government,4.0,60024830| 60002281| 60027998| 60028381,"Benemérita Universidad Autónoma de Puebla| Universidad Autónoma del Estado de México| Secretaría de Ciencia, Humanidades, Tecnología e Innovación| Universidad Autónoma Metropolitana -Unidad Iztapalapa",56110056100,6603702293,56110056100,-,Mexico,1.0,1303| 1304| 1600| 3104| 3107,"Biochemistry| Biophysics| General Chemistry| Condensed Matter Physics| Atomic and Molecular Physics, and Optics",4| 5,Natural Sciences| Life Sciences & Medicine,507| 409| 439,Biological Sciences| Chemistry| Physics & Astronomy,32| 37,Life Sciences| Physical Sciences,34,Chemical Sciences,3402,Inorganic chemistry,-,Luminescence Properties of Glass Materials,1092,32.309,Optical Properties and Energy Transfer in Glass Materials,386,98.212,Definitive,2018.0,89.0,N/A,"Caldiño, U.| Lira, A.| Meza-Rocha, A.N.| Camarillo, I.| Lozada-Morales, R.",Benemerita Universidad Autonoma de Puebla| Consejo Nacional de Ciencia y Tecnologia Mexico| Universidad Autónoma Metropolitana| Universidad Autonoma del Estado de Mexico,Mexico,0
56110056100,56110056100,"Reddish-orange and neutral/warm white light emitting phosphors: Eu3+, Dy3+ and Dy3+/Eu3+ in potassium-zinc phosphate glasses","Meza-Rocha, A.N.| Camarillo, I.| Lozada-Morales, R.| Caldiño, U.",4.0,37063511900| 36840147200| 6603702293| 56110056100,2017.0,2017-03-01,Journal of Luminescence,183,-,341-347,-,ISSN-00222313,12179.0,Journal,Elsevier B.V.,English,1.08,25,5,16,0.694,29,2.39,78.0,86.0,3.42,11.1,5.0,6.0,0.0,0.0,"Meza-Rocha, A.N., Camarillo, I., Lozada-Morales, R. and 1 more (...) (2017).Reddish-orange and neutral/warm white light emitting phosphors: Eu3+, Dy3+ and Dy3+/Eu3+ in potassium-zinc phosphate glasses. Journal of Luminescence,183341-347",https://www.scopus.com/record/display.url?eid=2-s2.0-84999287095&origin=resultslist,10.1016/j.jlumin.2016.11.068,Article,,2-s2.0-84999287095,-,Benemerita Universidad Autonoma de Puebla| Consejo Nacional de Ciencia y Tecnologia Mexico| Universidad Autónoma Metropolitana,505001| 704696| 505017,Academic| Government,3.0,60024830| 60027998| 60028381,"Benemérita Universidad Autónoma de Puebla| Secretaría de Ciencia, Humanidades, Tecnología e Innovación| Universidad Autónoma Metropolitana -Unidad Iztapalapa",37063511900,56110056100,56110056100,-,Mexico,1.0,1303| 1304| 1600| 3104| 3107,"Biochemistry| Biophysics| General Chemistry| Condensed Matter Physics| Atomic and Molecular Physics, and Optics",5| 4,Life Sciences & Medicine| Natural Sciences,409| 439| 507,Chemistry| Physics & Astronomy| Biological Sciences,32| 37,Life Sciences| Physical Sciences,34,Chemical Sciences,3402,Inorganic chemistry,-,Luminescence Properties of Glass Materials,1092,32.309,Optical Properties and Energy Transfer in Glass Materials,386,98.212,Very Good,2017.0,86.0,N/A,"Meza-Rocha, A.N.| Camarillo, I.| Lozada-Morales, R.| Caldiño, U.",Benemerita Universidad Autonoma de Puebla| Consejo Nacional de Ciencia y Tecnologia Mexico| Universidad Autónoma Metropolitana,Mexico,0
56110056100,56110056100,Nd3+-doped heavy metal oxide based multicomponent borate glasses for 1.06 μm solid-state NIR laser and O-band optical amplification applications,"Lakshminarayana, G.| Kaky, K.M.| Baki, S.O.| Lira, A.| Meza-Rocha, A.N.| Falcony, C.| Caldiño, U.| Kityk, I.V.| Méndez-Blas, A.| Abas, A.F.| Alresheedi, M.T.| Mahdi, M.A.",12.0,57194637883| 59184298700| 55542313300| 6603757680| 37063511900| 7006061381| 56110056100| 7102138516| 56000769300| 24482854100| 36616904600| 7005348074,2018.0,2018-04-01,Optical Materials,78,-,142-159,-,ISSN-09253467,12318.0,Journal,Elsevier B.V.,English,1.04,28,3.9,18,0.59,17,2.64,82.0,75.0,2.55,10.97,6.0,9.0,0.0,0.0,"Lakshminarayana, G., Kaky, K.M., Baki, S.O. and 9 more (...) (2018).Nd3+-doped heavy metal oxide based multicomponent borate glasses for 1.06 μm solid-state NIR laser and O-band optical amplification applications. Optical Materials,78142-159",https://www.scopus.com/record/display.url?eid=2-s2.0-85042191316&origin=resultslist,10.1016/j.optmat.2018.02.011,Article,,2-s2.0-85042191316,-,King Saud University| Consejo Nacional de Ciencia y Tecnologia Mexico| Benemerita Universidad Autonoma de Puebla| Centro de Investigacion y de Estudios Avanzados del Instituto Politécnico Nacional| Universidad Autónoma Metropolitana| Universidad Autonoma del Estado de Mexico| Universiti Putra Malaysia| Częstochowa University of Technology,409005| 704696| 505001| 505002| 505017| 505051| 211004| 327007,Academic| Government,8.0,60025577| 60111228| 60002281| 60024830| 60027998| 60017323| 60009913| 60013183| 60028381,"Universiti Putra Malaysia| Council of Representatives of Iraq| Universidad Autónoma del Estado de México| Benemérita Universidad Autónoma de Puebla| Secretaría de Ciencia, Humanidades, Tecnología e Innovación| Centro de Investigacion y de Estudios Avanzados del Instituto Politécnico Nacional| Częstochowa University Of Technology| King Saud University| Universidad Autónoma Metropolitana -Unidad Iztapalapa",57194637883,7005348074,57194637883,-,Iraq| Mexico| Poland| Saudi Arabia| Malaysia,5.0,1604| 1605| 1606| 1607| 2208| 2504| 3107,"Inorganic Chemistry| Organic Chemistry| Physical and Theoretical Chemistry| Spectroscopy| Electrical and Electronic Engineering| Electronic, Optical and Magnetic Materials| Atomic and Molecular Physics, and Optics",2| 4,Engineering & Technology| Natural Sciences,439| 221| 409| 433| 249,Physics & Astronomy| Engineering - Electrical & Electronic| Chemistry| Materials Science| Engineering - Petroleum,36| 37,Engineering| Physical Sciences,51,Physical Sciences,5102| 5104,"Atomic, molecular and optical physics| Condensed matter physics",-,Luminescence Properties of Glass Materials,1092,32.309,Optical Properties and Energy Transfer in Glass Materials,386,98.212,Definitive,2018.0,75.0,N/A,"Lakshminarayana, G.| Kaky, K.M.| Baki, S.O.| Lira, A.| Meza-Rocha, A.N.| Falcony, C.| Caldiño, U.| Kityk, I.V.| Méndez-Blas, A.| Abas, A.F.| Alresheedi, M.T.| Mahdi, M.A.",King Saud University| Consejo Nacional de Ciencia y Tecnologia Mexico| Benemerita Universidad Autonoma de Puebla| Centro de Investigacion y de Estudios Avanzados del Instituto Politécnico Nacional| Universidad Autónoma Metropolitana| Universidad Autonoma del Estado de Mexico| Universiti Putra Malaysia| Częstochowa University of Technology,Iraq| Mexico| Poland| Saudi Arabia| Malaysia,0
56110056100,56110056100,White light generation in Dy3+-and Ce3+/Dy3+-doped zinc-sodium-aluminosilicate glasses,"Caldiño, U.| Lira, A.| Meza-Rocha, A.N.| Pasquini, E.| Pelli, S.| Speghini, A.| Bettinelli, M.| Righini, G.C.",8.0,56110056100| 6603757680| 37063511900| 7004209903| 7004131410| 22036338000| 57211239790| 7005124189,2015.0,2015-07-25,Journal of Luminescence,167,-,327-332,-,ISSN-00222313,12179.0,Journal,Elsevier B.V.,English,1.21,20,4.8,14,0.763,25,2.9,90.0,71.0,1.82,9.9,7.0,15.0,0.0,0.0,"Caldiño, U., Lira, A., Meza-Rocha, A.N. and 5 more (...) (2015).White light generation in Dy3+-and Ce3+/Dy3+-doped zinc-sodium-aluminosilicate glasses. Journal of Luminescence,167327-332",https://www.scopus.com/record/display.url?eid=2-s2.0-84937808302&origin=resultslist,10.1016/j.jlumin.2015.07.004,Article,,2-s2.0-84937808302,-,University of Florence| Universidad Autónoma Metropolitana| Enrico Fermi Center| National Research Council of Italy| Universidad Autonoma del Estado de Mexico| University of Verona,321049| 505017| 321089| 321003| 505051| 321075,Academic| Government,6.0,60028381| 60002281| 60021199| 60002324| 60021859| 60032256| 60073813,Universidad Autónoma Metropolitana -Unidad Iztapalapa| Universidad Autónoma del Estado de México| Consiglio Nazionale delle Ricerche| Istituto Di Fisica Applicata Nello Carrara| Università degli Studi di Firenze| Università degli Studi di Verona| Museo Storico della Fisica e Centro Studi e Ricerche Enrico Fermi,56110056100,7005124189,56110056100,-,Mexico| Italy,2.0,1303| 1304| 1600| 3104| 3107,"Biochemistry| Biophysics| General Chemistry| Condensed Matter Physics| Atomic and Molecular Physics, and Optics",4| 5,Natural Sciences| Life Sciences & Medicine,507| 439| 409,Biological Sciences| Physics & Astronomy| Chemistry,37| 32,Physical Sciences| Life Sciences,34,Chemical Sciences,3402,Inorganic chemistry,-,Luminescence Properties of Glass Materials,1092,32.309,Optical Properties and Energy Transfer in Glass Materials,386,98.212,Very Good,2015.0,71.0,N/A,"Caldiño, U.| Lira, A.| Meza-Rocha, A.N.| Pasquini, E.| Pelli, S.| Speghini, A.| Bettinelli, M.| Righini, G.C.",University of Florence| Universidad Autónoma Metropolitana| Enrico Fermi Center| National Research Council of Italy| Universidad Autonoma del Estado de Mexico| University of Verona,Mexico| Italy,0
56110056100,56110056100,Down-shifting by energy transfer in Tb3+/Dy3+ co-doped zinc phosphate glasses,"Caldiño, U.| Muñoz H., G.| Camarillo, I.| Speghini, A.| Bettinelli, M.",5.0,56110056100| 55665083500| 36840147200| 22036338000| 57211239790,2015.0,2015-01-01,Journal of Luminescence,161,-,142-146,-,ISSN-00222313,12179.0,Journal,Elsevier,English,1.21,20,4.8,14,0.763,25,2.96,79.0,71.0,3.33,9.9,7.0,6.0,0.0,0.0,"Caldiño, U., Muñoz H., G., Camarillo, I. and 2 more (...) (2015).Down-shifting by energy transfer in Tb3+/Dy3+ co-doped zinc phosphate glasses. Journal of Luminescence,161142-146",https://www.scopus.com/record/display.url?eid=2-s2.0-84921499825&origin=resultslist,10.1016/j.jlumin.2015.01.001,Article,,2-s2.0-84921499825,-,Universidad Autónoma Metropolitana| University of Verona| National Research Council of Italy,505017| 321075| 321003,Government| Academic,3.0,60028381| 60032256| 60002324,Universidad Autónoma Metropolitana -Unidad Iztapalapa| Università degli Studi di Verona| Istituto Di Fisica Applicata Nello Carrara,56110056100,57211239790,56110056100,-,Mexico| Italy,2.0,1303| 1304| 1600| 3104| 3107,"Biochemistry| Biophysics| General Chemistry| Condensed Matter Physics| Atomic and Molecular Physics, and Optics",5| 4,Life Sciences & Medicine| Natural Sciences,507| 409| 439,Biological Sciences| Chemistry| Physics & Astronomy,37| 32,Physical Sciences| Life Sciences,34,Chemical Sciences,3402,Inorganic chemistry,SDG 7,Luminescence Properties of Glass Materials,1092,32.309,Optical Properties and Energy Transfer in Glass Materials,386,98.212,Definitive,2015.0,71.0,N/A,"Caldiño, U.| Muñoz H., G.| Camarillo, I.| Speghini, A.| Bettinelli, M.",Universidad Autónoma Metropolitana| University of Verona| National Research Council of Italy,Mexico| Italy,0
56110056100,56110056100,Orange and reddish-orange light emitting phosphors: Sm3+ and Sm3+/Eu3+ doped zinc phosphate glasses,"Meza-Rocha, A.N.| Speghini, A.| Bettinelli, M.| Caldiño, U.",4.0,37063511900| 22036338000| 57211239790| 56110056100,2015.0,2015-07-20,Journal of Luminescence,167,-,305-309,-,ISSN-00222313,12179.0,Journal,Elsevier B.V.,English,1.21,20,4.8,14,0.763,25,3.17,97.0,65.0,2.73,9.9,8.0,9.0,0.0,0.0,"Meza-Rocha, A.N., Speghini, A., Bettinelli, M. and 1 more (...) (2015).Orange and reddish-orange light emitting phosphors: Sm3+ and Sm3+/Eu3+ doped zinc phosphate glasses. Journal of Luminescence,167305-309",https://www.scopus.com/record/display.url?eid=2-s2.0-84937131382&origin=resultslist,10.1016/j.jlumin.2015.06.050,Article,,2-s2.0-84937131382,-,Universidad Autónoma Metropolitana| University of Verona| National Research Council of Italy,505017| 321075| 321003,Government| Academic,3.0,60028381| 60032256| 60002324,Universidad Autónoma Metropolitana -Unidad Iztapalapa| Università degli Studi di Verona| Istituto Di Fisica Applicata Nello Carrara,37063511900,56110056100,37063511900,-,Mexico| Italy,2.0,1303| 1304| 1600| 3104| 3107,"Biochemistry| Biophysics| General Chemistry| Condensed Matter Physics| Atomic and Molecular Physics, and Optics",4| 5,Natural Sciences| Life Sciences & Medicine,507| 409| 439,Biological Sciences| Chemistry| Physics & Astronomy,37| 32,Physical Sciences| Life Sciences,34,Chemical Sciences,3402,Inorganic chemistry,-,Luminescence Properties of Glass Materials,1092,32.309,Optical Properties and Energy Transfer in Glass Materials,386,98.212,Very Good,2015.0,65.0,N/A,"Meza-Rocha, A.N.| Speghini, A.| Bettinelli, M.| Caldiño, U.",Universidad Autónoma Metropolitana| University of Verona| National Research Council of Italy,Mexico| Italy,0
56110056100,56110056100,Neutral and warm white light emission in Tb3+/Sm3+ zinc phosphate glasses,"Meza-Rocha, A.N.| Munoz H., G.| Speghini, A.| Bettinelli, M.| Caldiño, U.",5.0,37063511900| 55665083500| 22036338000| 57211239790| 56110056100,2015.0,2015-01-01,Optical Materials,47,-,537-542,-,ISSN-09253467,12318.0,Journal,Elsevier B.V.,English,1.11,24,3.4,17,0.654,15,2.34,71.0,63.0,2.84,8.44,9.0,8.0,0.0,0.0,"Meza-Rocha, A.N., Munoz H., G., Speghini, A. and 2 more (...) (2015).Neutral and warm white light emission in Tb3+/Sm3+ zinc phosphate glasses. Optical Materials,47537-542",https://www.scopus.com/record/display.url?eid=2-s2.0-84931843926&origin=resultslist,10.1016/j.optmat.2015.06.035,Article,,2-s2.0-84931843926,-,Universidad Autónoma Metropolitana| University of Verona| National Research Council of Italy,505017| 321075| 321003,Academic| Government,3.0,60028381| 60032256| 60021199,Universidad Autónoma Metropolitana -Unidad Iztapalapa| Università degli Studi di Verona| Consiglio Nazionale delle Ricerche,37063511900,56110056100,37063511900,-,Mexico| Italy,2.0,1604| 1605| 1606| 1607| 1700| 2208| 2504| 3107,"Inorganic Chemistry| Organic Chemistry| Physical and Theoretical Chemistry| Spectroscopy| General Computer Science| Electrical and Electronic Engineering| Electronic, Optical and Magnetic Materials| Atomic and Molecular Physics, and Optics",4| 2,Natural Sciences| Engineering & Technology,249| 221| 433| 439| 409| 212,Engineering - Petroleum| Engineering - Electrical & Electronic| Materials Science| Physics & Astronomy| Chemistry| Computer Science & Information Systems,36| 38| 37,Engineering| Computer Science| Physical Sciences,51,Physical Sciences,5104| 5102,"Condensed matter physics| Atomic, molecular and optical physics",-,Luminescence Properties of Glass Materials,1092,32.309,Optical Properties and Energy Transfer in Glass Materials,386,98.212,Definitive,2015.0,63.0,N/A,"Meza-Rocha, A.N.| Munoz H., G.| Speghini, A.| Bettinelli, M.| Caldiño, U.",Universidad Autónoma Metropolitana| University of Verona| National Research Council of Italy,Mexico| Italy,0
56110056100,56110056100,"Optical absorption, luminescence, and energy transfer processes studies for Dy3+/Tb3+-codoped borate glasses for solid-state lighting applications","Lakshminarayana, G.| Kaky, K.M.| Baki, S.O.| Lira, A.| Caldiño, U.| Kityk, I.V.| Mahdi, M.A.",7.0,57194637883| 59184298700| 55542313300| 6603757680| 56110056100| 7102138516| 7005348074,2017.0,2017-10-01,Optical Materials,72,-,380-391,-,ISSN-09253467,12318.0,Journal,Elsevier B.V.,English,1.07,26,3.7,19,0.592,17,2.7,73.0,59.0,2.57,10.11,9.0,9.0,0.0,0.0,"Lakshminarayana, G., Kaky, K.M., Baki, S.O. and 4 more (...) (2017).Optical absorption, luminescence, and energy transfer processes studies for Dy3+/Tb3+-codoped borate glasses for solid-state lighting applications. Optical Materials,72380-391",https://www.scopus.com/record/display.url?eid=2-s2.0-85021143575&origin=resultslist,10.1016/j.optmat.2017.06.030,Article,,2-s2.0-85021143575,-,Universidad Autónoma Metropolitana| Universidad Autonoma del Estado de Mexico| Universiti Putra Malaysia| Częstochowa University of Technology,505017| 505051| 211004| 327007,Academic,4.0,60025577| 60111228| 60002281| 60028381| 60009913,Universiti Putra Malaysia| Council of Representatives of Iraq| Universidad Autónoma del Estado de México| Universidad Autónoma Metropolitana -Unidad Iztapalapa| Częstochowa University Of Technology,57194637883,7005348074,57194637883,-,Iraq| Mexico| Poland| Malaysia,4.0,1604| 1605| 1606| 1607| 2208| 2504| 3107,"Inorganic Chemistry| Organic Chemistry| Physical and Theoretical Chemistry| Spectroscopy| Electrical and Electronic Engineering| Electronic, Optical and Magnetic Materials| Atomic and Molecular Physics, and Optics",2| 4,Engineering & Technology| Natural Sciences,409| 433| 249| 221| 439,Chemistry| Materials Science| Engineering - Petroleum| Engineering - Electrical & Electronic| Physics & Astronomy,37| 36,Physical Sciences| Engineering,51,Physical Sciences,5104| 5102,"Condensed matter physics| Atomic, molecular and optical physics",-,Luminescence Properties of Glass Materials,1092,32.309,Optical Properties and Energy Transfer in Glass Materials,386,98.212,Definitive,2017.0,59.0,N/A,"Lakshminarayana, G.| Kaky, K.M.| Baki, S.O.| Lira, A.| Caldiño, U.| Kityk, I.V.| Mahdi, M.A.",Universidad Autónoma Metropolitana| Universidad Autonoma del Estado de Mexico| Universiti Putra Malaysia| Częstochowa University of Technology,Iraq| Mexico| Poland| Malaysia,0
56110056100,56110056100,"White, yellow and reddish-orange light generation in lithium-aluminum-zinc phosphate glasses co-doped with Dy3+/Tb3+ and tri-doped with Dy3+/Tb3+/Eu3+","Huerta, E.F.| Meza-Rocha, A.N.| Lozada-Morales, R.| Speghini, A.| Bordignon, S.| Caldiño, U.",6.0,36650789500| 37063511900| 6603702293| 22036338000| 57201464147| 56110056100,2020.0,2020-03-01,Journal of Luminescence,219,-,-,116882,ISSN-00222313,12179.0,Journal,Elsevier B.V.,English,0.95,35,6.1,17,0.652,31,1.9,53.0,57.0,2.62,13.0,7.0,8.0,0.0,0.0,"Huerta, E.F., Meza-Rocha, A.N., Lozada-Morales, R. and 3 more (...) (2020).White, yellow and reddish-orange light generation in lithium-aluminum-zinc phosphate glasses co-doped with Dy3+/Tb3+ and tri-doped with Dy3+/Tb3+/Eu3+. Journal of Luminescence,219",https://www.scopus.com/record/display.url?eid=2-s2.0-85075377627&origin=resultslist,10.1016/j.jlumin.2019.116882,Article,,2-s2.0-85075377627,-,Consejo Nacional de Ciencia y Tecnologia Mexico| Benemerita Universidad Autonoma de Puebla| Universidad Autónoma Metropolitana| National Research Council of Italy| University of Verona,704696| 505001| 505017| 321003| 321075,Academic| Government,5.0,60028381| 60027998| 60024830| 60032256| 60002324,"Universidad Autónoma Metropolitana -Unidad Iztapalapa| Secretaría de Ciencia, Humanidades, Tecnología e Innovación| Benemérita Universidad Autónoma de Puebla| Università degli Studi di Verona| Istituto Di Fisica Applicata Nello Carrara",36650789500,56110056100,56110056100,-,Mexico| Italy,2.0,1303| 1304| 1600| 3104| 3107,"Biochemistry| Biophysics| General Chemistry| Condensed Matter Physics| Atomic and Molecular Physics, and Optics",4| 5,Natural Sciences| Life Sciences & Medicine,439| 507| 409,Physics & Astronomy| Biological Sciences| Chemistry,32| 37,Life Sciences| Physical Sciences,34,Chemical Sciences,3402,Inorganic chemistry,-,Luminescence Properties of Glass Materials,1092,32.309,Optical Properties and Energy Transfer in Glass Materials,386,98.212,Definitive,2020.0,57.0,N/A,"Huerta, E.F.| Meza-Rocha, A.N.| Lozada-Morales, R.| Speghini, A.| Bordignon, S.| Caldiño, U.",Consejo Nacional de Ciencia y Tecnologia Mexico| Benemerita Universidad Autonoma de Puebla| Universidad Autónoma Metropolitana| National Research Council of Italy| University of Verona,Mexico| Italy,0
56110056100,56110056100,Spectroscopic analysis of a novel Nd3+-activated barium borate glass for broadband laser amplification,"Vázquez, G.V.| Muñoz H., G.| Camarillo, I.| Falcony, C.| Caldiño, U.| Lira, A.",6.0,56597587400| 55665083500| 36840147200| 7006061381| 56110056100| 6603757680,2015.0,2015-08-01,Optical Materials,46,-,97-103,-,ISSN-09253467,12318.0,Journal,Elsevier B.V.,English,1.11,24,3.4,17,0.654,15,1.81,52.0,56.0,1.63,9.22,10.0,17.0,0.0,0.0,"Vázquez, G.V., Muñoz H., G., Camarillo, I. and 3 more (...) (2015).Spectroscopic analysis of a novel Nd3+-activated barium borate glass for broadband laser amplification. Optical Materials,4697-103",https://www.scopus.com/record/display.url?eid=2-s2.0-84930820653&origin=resultslist,10.1016/j.optmat.2015.04.009,Article,,2-s2.0-84930820653,-,Universidad Autónoma Metropolitana| Universidad Autonoma del Estado de Mexico| Instituto Politécnico Nacional| Centro de Investigaciones en Optica,505017| 505051| 505011| 505027,Academic| Government,4.0,60030794| 60028381| 60019176| 60002281,"Centro de Investigaciones en Optica, A.C.| Universidad Autónoma Metropolitana -Unidad Iztapalapa| Instituto Politécnico Nacional| Universidad Autónoma del Estado de México",56597587400,6603757680,6603757680,-,Mexico,1.0,1604| 1605| 1606| 1607| 2208| 2504| 3107,"Inorganic Chemistry| Organic Chemistry| Physical and Theoretical Chemistry| Spectroscopy| Electrical and Electronic Engineering| Electronic, Optical and Magnetic Materials| Atomic and Molecular Physics, and Optics",4| 2,Natural Sciences| Engineering & Technology,249| 409| 221| 433| 439,Engineering - Petroleum| Chemistry| Engineering - Electrical & Electronic| Materials Science| Physics & Astronomy,37| 36,Physical Sciences| Engineering,51,Physical Sciences,5104| 5102,"Condensed matter physics| Atomic, molecular and optical physics",-,Luminescence Properties of Glass Materials,1092,32.309,Optical Properties and Energy Transfer in Glass Materials,386,98.212,Definitive,2015.0,56.0,N/A,"Vázquez, G.V.| Muñoz H., G.| Camarillo, I.| Falcony, C.| Caldiño, U.| Lira, A.",Universidad Autónoma Metropolitana| Universidad Autonoma del Estado de Mexico| Instituto Politécnico Nacional| Centro de Investigaciones en Optica,Mexico,0
56110056100,56110056100,Calcium-zinc phosphate glasses activated with Tb3+/Eu3+ for laser and white LED applications,"Trápala-Ramírez, A.U.| Gálvez-Sandoval, J.L.N.| Lira, A.| Camarillo, I.| Alvarez-Ramos, E.| Meza-Rocha, A.N.| Caldiño, U.",7.0,57209881525| 57203361396| 6603757680| 36840147200| 57212603574| 37063511900| 56110056100,2019.0,2019-11-01,Journal of Luminescence,215,-,-,116621,ISSN-00222313,12179.0,Journal,Elsevier B.V.,English,1.01,30,5.5,18,0.626,30,3.28,87.0,53.0,1.27,12.62,9.0,23.0,0.0,0.0,"Trápala-Ramírez, A.U., Gálvez-Sandoval, J.L.N., Lira, A. and 4 more (...) (2019).Calcium-zinc phosphate glasses activated with Tb3+/Eu3+ for laser and white LED applications. Journal of Luminescence,215",https://www.scopus.com/record/display.url?eid=2-s2.0-85068998332&origin=resultslist,10.1016/j.jlumin.2019.116621,Article,,2-s2.0-85068998332,-,Consejo Nacional de Ciencia y Tecnologia Mexico| Benemerita Universidad Autonoma de Puebla| Universidad Autónoma Metropolitana| Universidad de Sonora| Universidad Autonoma del Estado de Mexico,704696| 505001| 505017| 505021| 505051,Academic| Government,5.0,60028381| 60002281| 60032897| 60027998| 60024830,"Universidad Autónoma Metropolitana -Unidad Iztapalapa| Universidad Autónoma del Estado de México| Universidad de Sonora| Secretaría de Ciencia, Humanidades, Tecnología e Innovación| Benemérita Universidad Autónoma de Puebla",57209881525,56110056100,56110056100,-,Mexico,1.0,1303| 1304| 1600| 3104| 3107,"Biochemistry| Biophysics| General Chemistry| Condensed Matter Physics| Atomic and Molecular Physics, and Optics",5| 4,Life Sciences & Medicine| Natural Sciences,409| 439| 507,Chemistry| Physics & Astronomy| Biological Sciences,32| 37,Life Sciences| Physical Sciences,34,Chemical Sciences,3402,Inorganic chemistry,-,Luminescence Properties of Glass Materials,1092,32.309,Optical Properties and Energy Transfer in Glass Materials,386,98.212,Definitive,2019.0,53.0,N/A,"Trápala-Ramírez, A.U.| Gálvez-Sandoval, J.L.N.| Lira, A.| Camarillo, I.| Alvarez-Ramos, E.| Meza-Rocha, A.N.| Caldiño, U.",Consejo Nacional de Ciencia y Tecnologia Mexico| Benemerita Universidad Autonoma de Puebla| Universidad Autónoma Metropolitana| Universidad de Sonora| Universidad Autonoma del Estado de Mexico,Mexico,0
56110056100,56110056100,Blue and white light emission in Tm3+ and Tm3+/Dy3+ doped zinc phosphate glasses upon UV light excitation,"Meza-Rocha, A.N.| Speghini, A.| Lozada-Morales, R.| Caldiño, U.",4.0,37063511900| 22036338000| 6603702293| 56110056100,2016.0,2016-08-01,Optical Materials,58,-,183-187,-,ISSN-09253467,12318.0,Journal,Elsevier B.V.,English,1.07,25,3.8,15,0.636,14,1.74,47.0,52.0,1.89,9.53,10.0,14.0,0.0,0.0,"Meza-Rocha, A.N., Speghini, A., Lozada-Morales, R. and 1 more (...) (2016).Blue and white light emission in Tm3+ and Tm3+/Dy3+ doped zinc phosphate glasses upon UV light excitation. Optical Materials,58183-187",https://www.scopus.com/record/display.url?eid=2-s2.0-84974845862&origin=resultslist,10.1016/j.optmat.2016.05.043,Article,,2-s2.0-84974845862,-,Consejo Nacional de Ciencia y Tecnologia Mexico| Benemerita Universidad Autonoma de Puebla| Universidad Autónoma Metropolitana| National Research Council of Italy| University of Verona,704696| 505001| 505017| 321003| 321075,Government| Academic,5.0,60027998| 60024830| 60032256| 60002324| 60028381,"Secretaría de Ciencia, Humanidades, Tecnología e Innovación| Benemérita Universidad Autónoma de Puebla| Università degli Studi di Verona| Istituto Di Fisica Applicata Nello Carrara| Universidad Autónoma Metropolitana -Unidad Iztapalapa",37063511900,56110056100,37063511900,-,Mexico| Italy,2.0,1604| 1605| 1606| 1607| 2208| 2504| 3107,"Inorganic Chemistry| Organic Chemistry| Physical and Theoretical Chemistry| Spectroscopy| Electrical and Electronic Engineering| Electronic, Optical and Magnetic Materials| Atomic and Molecular Physics, and Optics",2| 4,Engineering & Technology| Natural Sciences,221| 249| 409| 439| 433,Engineering - Electrical & Electronic| Engineering - Petroleum| Chemistry| Physics & Astronomy| Materials Science,36| 37,Engineering| Physical Sciences,51,Physical Sciences,5102| 5104,"Atomic, molecular and optical physics| Condensed matter physics",-,Luminescence Properties of Glass Materials,1092,32.309,Optical Properties and Energy Transfer in Glass Materials,386,98.212,Definitive,2016.0,52.0,N/A,"Meza-Rocha, A.N.| Speghini, A.| Lozada-Morales, R.| Caldiño, U.",Consejo Nacional de Ciencia y Tecnologia Mexico| Benemerita Universidad Autonoma de Puebla| Universidad Autónoma Metropolitana| National Research Council of Italy| University of Verona,Mexico| Italy,0
56110056100,56110056100,White light generation in Tb3+/Eu3+/Dy3+ triply-doped Zn(PO3)2 glass,"Meza-Rocha, A.N.| Lozada-Morales, R.| Speghini, A.| Bettinelli, M.| Caldiño, U.",5.0,37063511900| 6603702293| 22036338000| 57211239790| 56110056100,2016.0,2016-01-01,Optical Materials,51,-,128-132,-,ISSN-09253467,12318.0,Journal,Elsevier B.V.,English,1.07,25,3.8,15,0.636,14,2.87,75.0,51.0,2.73,9.53,11.0,9.0,0.0,0.0,"Meza-Rocha, A.N., Lozada-Morales, R., Speghini, A. and 2 more (...) (2016).White light generation in Tb3+/Eu3+/Dy3+ triply-doped Zn(PO3)2 glass. Optical Materials,51128-132",https://www.scopus.com/record/display.url?eid=2-s2.0-84951320667&origin=resultslist,10.1016/j.optmat.2015.11.032,Article,,2-s2.0-84951320667,-,Benemerita Universidad Autonoma de Puebla| Consejo Nacional de Ciencia y Tecnologia Mexico| Universidad Autónoma Metropolitana| University of Verona| National Research Council of Italy,505001| 704696| 505017| 321075| 321003,Government| Academic,5.0,60027998| 60024830| 60032256| 60002324| 60028381,"Secretaría de Ciencia, Humanidades, Tecnología e Innovación| Benemérita Universidad Autónoma de Puebla| Università degli Studi di Verona| Istituto Di Fisica Applicata Nello Carrara| Universidad Autónoma Metropolitana -Unidad Iztapalapa",37063511900,56110056100,56110056100,-,Mexico| Italy,2.0,1604| 1605| 1606| 1607| 2208| 2504| 3107,"Inorganic Chemistry| Organic Chemistry| Physical and Theoretical Chemistry| Spectroscopy| Electrical and Electronic Engineering| Electronic, Optical and Magnetic Materials| Atomic and Molecular Physics, and Optics",2| 4,Engineering & Technology| Natural Sciences,221| 409| 249| 433| 439,Engineering - Electrical & Electronic| Chemistry| Engineering - Petroleum| Materials Science| Physics & Astronomy,36| 37,Engineering| Physical Sciences,51,Physical Sciences,5104| 5102,"Condensed matter physics| Atomic, molecular and optical physics",-,Luminescence Properties of Glass Materials,1092,32.309,Optical Properties and Energy Transfer in Glass Materials,386,98.212,Definitive,2016.0,51.0,N/A,"Meza-Rocha, A.N.| Lozada-Morales, R.| Speghini, A.| Bettinelli, M.| Caldiño, U.",Benemerita Universidad Autonoma de Puebla| Consejo Nacional de Ciencia y Tecnologia Mexico| Universidad Autónoma Metropolitana| University of Verona| National Research Council of Italy,Mexico| Italy,0
56110056100,56110056100,Tunable white-light emission from Pr3+/Dy3+ co-doped B2O3 - TeO2 – PbO - ZnO – Li2O - Na2O glasses,"Bashar, K.A.| Lakshminarayana, G.| Baki, S.O.| Mohammed, A.-B.F.A.| Caldiño, U.| Meza-Rocha, A.N.| Singh, V.| Kityk, I.V.| Mahdi, M.A.",9.0,57204417520| 57194637883| 55542313300| 57195917452| 56110056100| 37063511900| 57205227140| 7102138516| 7005348074,2019.0,2019-02-01,Optical Materials,88,-,558-569,-,ISSN-09253467,12318.0,Journal,Elsevier B.V.,English,1.08,27,4.4,26,0.594,19,2.78,84.0,51.0,2.06,11.66,9.0,13.0,0.0,0.0,"Bashar, K.A., Lakshminarayana, G., Baki, S.O. and 6 more (...) (2019).Tunable white-light emission from Pr3+/Dy3+ co-doped B2O3 - TeO2 – PbO - ZnO – Li2O - Na2O glasses. Optical Materials,88558-569",https://www.scopus.com/record/display.url?eid=2-s2.0-85059179580&origin=resultslist,10.1016/j.optmat.2018.12.028,Article,,2-s2.0-85059179580,-,Benemerita Universidad Autonoma de Puebla| Konkuk University| Consejo Nacional de Ciencia y Tecnologia Mexico| Universidad Autónoma Metropolitana| Universiti Putra Malaysia| Częstochowa University of Technology,505001| 209035| 704696| 505017| 211004| 327007,Academic| Government,6.0,60025577| 60028381| 60027998| 60024830| 60000142| 60009913,"Universiti Putra Malaysia| Universidad Autónoma Metropolitana -Unidad Iztapalapa| Secretaría de Ciencia, Humanidades, Tecnología e Innovación| Benemérita Universidad Autónoma de Puebla| Konkuk University| Częstochowa University Of Technology",57204417520,7005348074,57194637883,-,South Korea| Mexico| Poland| Malaysia,4.0,1604| 1605| 1606| 1607| 2208| 2504| 3107,"Inorganic Chemistry| Organic Chemistry| Physical and Theoretical Chemistry| Spectroscopy| Electrical and Electronic Engineering| Electronic, Optical and Magnetic Materials| Atomic and Molecular Physics, and Optics",2| 4,Engineering & Technology| Natural Sciences,221| 433| 409| 249| 439,Engineering - Electrical & Electronic| Materials Science| Chemistry| Engineering - Petroleum| Physics & Astronomy,36| 37,Engineering| Physical Sciences,51,Physical Sciences,5104| 5102,"Condensed matter physics| Atomic, molecular and optical physics",-,Luminescence Properties of Glass Materials,1092,32.309,Optical Properties and Energy Transfer in Glass Materials,386,98.212,Very Good,2019.0,51.0,N/A,"Bashar, K.A.| Lakshminarayana, G.| Baki, S.O.| Mohammed, A.-B.F.A.| Caldiño, U.| Meza-Rocha, A.N.| Singh, V.| Kityk, I.V.| Mahdi, M.A.",Benemerita Universidad Autonoma de Puebla| Konkuk University| Consejo Nacional de Ciencia y Tecnologia Mexico| Universidad Autónoma Metropolitana| Universiti Putra Malaysia| Częstochowa University of Technology,South Korea| Mexico| Poland| Malaysia,0
56110056100,56110056100,Analysis of fluorescence characteristics of Sm3+-doped B2O3-rich glasses for Orange-light-emitting diodes,"Lakshminarayana, G.| Meza-Rocha, A.N.| Soriano-Romero, O.| Huerta, E.F.| Caldiño, U.| Lira, A.| Lee, D.-E.| Yoon, J.| Park, T.",9.0,57194637883| 37063511900| 57201460286| 36650789500| 56110056100| 6603757680| 56605563300| 56449838900| 55717001200,2021.0,2021-12-05,Journal of Alloys and Compounds,884,-,-,161076,ISSN-09258388,12325.0,Journal,Elsevier Ltd,English,1.29,20,9.6,6,1.027,8,1.97,51.0,50.0,2.7,12.58,7.0,8.0,0.0,0.0,"Lakshminarayana, G., Meza-Rocha, A.N., Soriano-Romero, O. and 6 more (...) (2021).Analysis of fluorescence characteristics of Sm3+-doped B2O3-rich glasses for Orange-light-emitting diodes. Journal of Alloys and Compounds,884",https://www.scopus.com/record/display.url?eid=2-s2.0-85109718915&origin=resultslist,10.1016/j.jallcom.2021.161076,Article,,2-s2.0-85109718915,-,Benemerita Universidad Autonoma de Puebla| Universidad Autónoma Metropolitana| Hanyang University| Kyungpook National University| Universidad Autonoma del Estado de Mexico,505001| 505017| 209025| 209055| 505051,Academic,5.0,60012704| 60024830| 60028381| 60002281| 60211585,Kyungpook National University (KNU)| Benemérita Universidad Autónoma de Puebla| Universidad Autónoma Metropolitana -Unidad Iztapalapa| Universidad Autónoma del Estado de México| Hanyang University ERICA Campus,57194637883,55717001200,57194637883,-,South Korea| Mexico,2.0,2210| 2211| 2505| 2506,Mechanical Engineering| Mechanics of Materials| Materials Chemistry| Metals and Alloys,4| 2,Natural Sciences| Engineering & Technology,433| 222,Materials Science| Engineering - Mechanical,36,Engineering,51| 40,Physical Sciences| Engineering,4016| 5104,Materials engineering| Condensed matter physics,-,Luminescence Properties of Glass Materials,1092,32.309,Optical Properties and Energy Transfer in Glass Materials,386,98.212,Definitive,2021.0,50.0,N/A,"Lakshminarayana, G.| Meza-Rocha, A.N.| Soriano-Romero, O.| Huerta, E.F.| Caldiño, U.| Lira, A.| Lee, D.-E.| Yoon, J.| Park, T.",Benemerita Universidad Autonoma de Puebla| Universidad Autónoma Metropolitana| Hanyang University| Kyungpook National University| Universidad Autonoma del Estado de Mexico,South Korea| Mexico,0
56110056100,56110056100,"Lithium-aluminum-zinc phosphate glasses activated with Tb3+ and Tb3+/Eu3+ for green laser medium, reddish-orange and white phosphor applications","Francisco-Rodriguez, H.I.| Lira, A.| Soriano-Romero, O.| Meza-Rocha, A.N.| Bordignon, S.| Speghini, A.| Lozada-Morales, R.| Caldiño, U.",8.0,59164242700| 6603757680| 57201460286| 37063511900| 57201464147| 22036338000| 6603702293| 56110056100,2018.0,2018-05-01,Optical Materials,79,-,358-365,-,ISSN-09253467,12318.0,Journal,Elsevier B.V.,English,1.04,28,3.9,18,0.59,17,2.87,75.0,50.0,1.37,10.97,10.0,21.0,0.0,0.0,"Francisco-Rodriguez, H.I., Lira, A., Soriano-Romero, O. and 5 more (...) (2018).Lithium-aluminum-zinc phosphate glasses activated with Tb3+ and Tb3+/Eu3+ for green laser medium, reddish-orange and white phosphor applications. Optical Materials,79358-365",https://www.scopus.com/record/display.url?eid=2-s2.0-85044945794&origin=resultslist,10.1016/j.optmat.2018.04.004,Article,,2-s2.0-85044945794,-,Consejo Nacional de Ciencia y Tecnologia Mexico| Benemerita Universidad Autonoma de Puebla| Universidad Autónoma Metropolitana| Universidad Autonoma del Estado de Mexico| University of Verona| National Research Council of Italy,704696| 505001| 505017| 505051| 321075| 321003,Academic| Government,6.0,60028381| 60002281| 60024830| 60027998| 60032256| 60002324,"Universidad Autónoma Metropolitana -Unidad Iztapalapa| Universidad Autónoma del Estado de México| Benemérita Universidad Autónoma de Puebla| Secretaría de Ciencia, Humanidades, Tecnología e Innovación| Università degli Studi di Verona| Istituto Di Fisica Applicata Nello Carrara",59164242700,56110056100,56110056100,-,Mexico| Italy,2.0,1604| 1605| 1606| 1607| 2208| 2504| 3107,"Inorganic Chemistry| Organic Chemistry| Physical and Theoretical Chemistry| Spectroscopy| Electrical and Electronic Engineering| Electronic, Optical and Magnetic Materials| Atomic and Molecular Physics, and Optics",4| 2,Natural Sciences| Engineering & Technology,433| 409| 249| 221| 439,Materials Science| Chemistry| Engineering - Petroleum| Engineering - Electrical & Electronic| Physics & Astronomy,37| 36,Physical Sciences| Engineering,51,Physical Sciences,5104| 5102,"Condensed matter physics| Atomic, molecular and optical physics",-,Luminescence Properties of Glass Materials,1092,32.309,Optical Properties and Energy Transfer in Glass Materials,386,98.212,Definitive,2018.0,50.0,N/A,"Francisco-Rodriguez, H.I.| Lira, A.| Soriano-Romero, O.| Meza-Rocha, A.N.| Bordignon, S.| Speghini, A.| Lozada-Morales, R.| Caldiño, U.",Consejo Nacional de Ciencia y Tecnologia Mexico| Benemerita Universidad Autonoma de Puebla| Universidad Autónoma Metropolitana| Universidad Autonoma del Estado de Mexico| University of Verona| National Research Council of Italy,Mexico| Italy,0
56110056100,56110056100,Green to white tunable light emitting phosphors: Dy3+/Tb3+ in zinc phosphate glasses,"Juárez-Batalla, J.| Meza-Rocha, A.N.| Muñoz H., G.| Caldiño, U.",4.0,57189756937| 37063511900| 55665083500| 56110056100,2017.0,2017-02-01,Optical Materials,64,-,33-39,-,ISSN-09253467,12318.0,Journal,Elsevier B.V.,English,1.07,26,3.7,19,0.592,17,2.39,63.0,48.0,2.73,9.88,11.0,8.0,0.0,0.0,"Juárez-Batalla, J., Meza-Rocha, A.N., Muñoz H., G. and 1 more (...) (2017).Green to white tunable light emitting phosphors: Dy3+/Tb3+ in zinc phosphate glasses. Optical Materials,6433-39",https://www.scopus.com/record/display.url?eid=2-s2.0-84998996043&origin=resultslist,10.1016/j.optmat.2016.11.033,Article,,2-s2.0-84998996043,-,Benemerita Universidad Autonoma de Puebla| Universidad Autónoma Metropolitana,505001| 505017,Academic,2.0,60028381| 60024830,Universidad Autónoma Metropolitana -Unidad Iztapalapa| Benemérita Universidad Autónoma de Puebla,57189756937,56110056100,56110056100,-,Mexico,1.0,1604| 1605| 1606| 1607| 1700| 2208| 2504| 3107,"Inorganic Chemistry| Organic Chemistry| Physical and Theoretical Chemistry| Spectroscopy| General Computer Science| Electrical and Electronic Engineering| Electronic, Optical and Magnetic Materials| Atomic and Molecular Physics, and Optics",4| 2,Natural Sciences| Engineering & Technology,212| 221| 409| 433| 249| 439,Computer Science & Information Systems| Engineering - Electrical & Electronic| Chemistry| Materials Science| Engineering - Petroleum| Physics & Astronomy,36| 38| 37,Engineering| Computer Science| Physical Sciences,51,Physical Sciences,5104| 5102,"Condensed matter physics| Atomic, molecular and optical physics",SDG 7,Luminescence Properties of Glass Materials,1092,32.309,Optical Properties and Energy Transfer in Glass Materials,386,98.212,Definitive,2017.0,48.0,N/A,"Juárez-Batalla, J.| Meza-Rocha, A.N.| Muñoz H., G.| Caldiño, U.",Benemerita Universidad Autonoma de Puebla| Universidad Autónoma Metropolitana,Mexico,0
56110056100,56110056100,"Yellow to orange-reddish glass phosphors: Sm3+, Tb3+ and Sm3+/Tb3+ in zinc tellurite-germanate glasses","Alvarez-Ramos, M.E.| Alvarado-Rivera, J.| Zayas, M.E.| Caldiño, U.| Hernández-Paredes, J.",5.0,57211382978| 24558551400| 55989770700| 56110056100| 23670329700,2018.0,2018-01-01,Optical Materials,75,-,88-93,-,ISSN-09253467,12318.0,Journal,Elsevier B.V.,English,1.04,28,3.9,18,0.59,17,5.75,142.0,47.0,2.64,10.97,11.0,9.0,0.0,0.0,"Alvarez-Ramos, M.E., Alvarado-Rivera, J., Zayas, M.E. and 2 more (...) (2018).Yellow to orange-reddish glass phosphors: Sm3+, Tb3+ and Sm3+/Tb3+ in zinc tellurite-germanate glasses. Optical Materials,7588-93",https://www.scopus.com/record/display.url?eid=2-s2.0-85032173578&origin=resultslist,10.1016/j.optmat.2017.09.033,Article,,2-s2.0-85032173578,-,Consejo Nacional de Ciencia y Tecnologia Mexico| Universidad Autónoma Metropolitana| Universidad de Sonora,704696| 505017| 505021,Government| Academic,3.0,60032897| 60027998| 60028381,"Universidad de Sonora| Secretaría de Ciencia, Humanidades, Tecnología e Innovación| Universidad Autónoma Metropolitana -Unidad Iztapalapa",57211382978,23670329700,57211382978,-,Mexico,1.0,1604| 1605| 1606| 1607| 2208| 2504| 3107,"Inorganic Chemistry| Organic Chemistry| Physical and Theoretical Chemistry| Spectroscopy| Electrical and Electronic Engineering| Electronic, Optical and Magnetic Materials| Atomic and Molecular Physics, and Optics",2| 4,Engineering & Technology| Natural Sciences,433| 249| 221| 409| 439,Materials Science| Engineering - Petroleum| Engineering - Electrical & Electronic| Chemistry| Physics & Astronomy,37| 36,Physical Sciences| Engineering,51,Physical Sciences,5102| 5104,"Atomic, molecular and optical physics| Condensed matter physics",-,Luminescence Properties of Glass Materials,1092,32.309,Optical Properties and Energy Transfer in Glass Materials,386,98.212,Very Good,2018.0,47.0,N/A,"Alvarez-Ramos, M.E.| Alvarado-Rivera, J.| Zayas, M.E.| Caldiño, U.| Hernández-Paredes, J.",Consejo Nacional de Ciencia y Tecnologia Mexico| Universidad Autónoma Metropolitana| Universidad de Sonora,Mexico,0
56110056100,56110056100,Effect of alkali/mixed alkali metal ions on the thermal and spectral characteristics of Dy3 +:B2O3-PbO-Al2O3-ZnO glasses,"Lakshminarayana, G.| Baki, S.O.| Lira, A.| Caldiño, U.| Meza-Rocha, A.N.| Kityk, I.V.| Abas, A.F.| Alresheedi, M.T.| Mahdi, M.A.",9.0,57194637883| 55542313300| 6603757680| 56110056100| 37063511900| 7102138516| 24482854100| 36616904600| 7005348074,2018.0,2018-02-01,Journal of Non-Crystalline Solids,481,-,191-201,-,ISSN-00223093,28547.0,Journal,Elsevier B.V.,English,1.2,21,4.3,20,0.689,23,1.84,66.0,45.0,2.01,11.44,12.0,13.0,0.0,0.0,"Lakshminarayana, G., Baki, S.O., Lira, A. and 6 more (...) (2018).Effect of alkali/mixed alkali metal ions on the thermal and spectral characteristics of Dy3 +:B2O3-PbO-Al2O3-ZnO glasses. Journal of Non-Crystalline Solids,481191-201",https://www.scopus.com/record/display.url?eid=2-s2.0-85032748382&origin=resultslist,10.1016/j.jnoncrysol.2017.10.047,Article,,2-s2.0-85032748382,-,King Saud University| Benemerita Universidad Autonoma de Puebla| Consejo Nacional de Ciencia y Tecnologia Mexico| Universidad Autónoma Metropolitana| Universidad Autonoma del Estado de Mexico| Universiti Putra Malaysia| Częstochowa University of Technology,409005| 505001| 704696| 505017| 505051| 211004| 327007,Academic| Government,7.0,60025577| 60002281| 60028381| 60027998| 60024830| 60009913| 60013183,"Universiti Putra Malaysia| Universidad Autónoma del Estado de México| Universidad Autónoma Metropolitana -Unidad Iztapalapa| Secretaría de Ciencia, Humanidades, Tecnología e Innovación| Benemérita Universidad Autónoma de Puebla| Częstochowa University Of Technology| King Saud University",57194637883,7005348074,57194637883,-,Mexico| Saudi Arabia| Poland| Malaysia,4.0,2503| 2504| 2505| 3104,"Ceramics and Composites| Electronic, Optical and Magnetic Materials| Materials Chemistry| Condensed Matter Physics",4,Natural Sciences,439| 433,Physics & Astronomy| Materials Science,36| 37,Engineering| Physical Sciences,51| 40| 34,Physical Sciences| Engineering| Chemical Sciences,5104| 3403| 4016,Condensed matter physics| Macromolecular and materials chemistry| Materials engineering,-,Luminescence Properties of Glass Materials,1092,32.309,Optical Properties and Energy Transfer in Glass Materials,386,98.212,Definitive,2018.0,45.0,N/A,"Lakshminarayana, G.| Baki, S.O.| Lira, A.| Caldiño, U.| Meza-Rocha, A.N.| Kityk, I.V.| Abas, A.F.| Alresheedi, M.T.| Mahdi, M.A.",King Saud University| Benemerita Universidad Autonoma de Puebla| Consejo Nacional de Ciencia y Tecnologia Mexico| Universidad Autónoma Metropolitana| Universidad Autonoma del Estado de Mexico| Universiti Putra Malaysia| Częstochowa University of Technology,Mexico| Saudi Arabia| Poland| Malaysia,0
56110056100,56110056100,Structural and optical studies of Er3+-doped alkali/alkaline oxide containing zinc boro-aluminosilicate glasses for 1.5 μm optical amplifier applications,"Kaky, K.M.| Lakshminarayana, G.| Baki, S.O.| Lira, A.| Caldiño, U.| Meza-Rocha, A.N.| Falcony, C.| Kityk, I.V.| Taufiq-Yap, Y.H.| Halimah, M.K.| Mahdi, M.A.",11.0,59184298700| 57194637883| 55542313300| 6603757680| 56110056100| 37063511900| 7006061381| 7102138516| 57194506693| 12784680800| 7005348074,2017.0,2017-07-01,Optical Materials,69,-,401-419,-,ISSN-09253467,12318.0,Journal,Elsevier B.V.,English,1.07,26,3.7,19,0.592,17,2.7,68.0,45.0,2.77,10.11,12.0,8.0,0.0,0.0,"Kaky, K.M., Lakshminarayana, G., Baki, S.O. and 8 more (...) (2017).Structural and optical studies of Er3+-doped alkali/alkaline oxide containing zinc boro-aluminosilicate glasses for 1.5 μm optical amplifier applications. Optical Materials,69401-419",https://www.scopus.com/record/display.url?eid=2-s2.0-85019050968&origin=resultslist,10.1016/j.optmat.2017.04.006,Article,,2-s2.0-85019050968,-,Benemerita Universidad Autonoma de Puebla| Consejo Nacional de Ciencia y Tecnologia Mexico| Centro de Investigacion y de Estudios Avanzados del Instituto Politécnico Nacional| Universidad Autónoma Metropolitana| Universidad Autonoma del Estado de Mexico| Universiti Putra Malaysia| Częstochowa University of Technology,505001| 704696| 505002| 505017| 505051| 211004| 327007,Government| Academic,7.0,60025577| 60111228| 60002281| 60028381| 60027998| 60024830| 60017323| 60009913,"Universiti Putra Malaysia| Council of Representatives of Iraq| Universidad Autónoma del Estado de México| Universidad Autónoma Metropolitana -Unidad Iztapalapa| Secretaría de Ciencia, Humanidades, Tecnología e Innovación| Benemérita Universidad Autónoma de Puebla| Centro de Investigacion y de Estudios Avanzados del Instituto Politécnico Nacional| Częstochowa University Of Technology",59184298700,7005348074,57194637883,-,Iraq| Mexico| Poland| Malaysia,4.0,1604| 1605| 1606| 1607| 2208| 2504| 3107,"Inorganic Chemistry| Organic Chemistry| Physical and Theoretical Chemistry| Spectroscopy| Electrical and Electronic Engineering| Electronic, Optical and Magnetic Materials| Atomic and Molecular Physics, and Optics",4| 2,Natural Sciences| Engineering & Technology,433| 409| 221| 439| 249,Materials Science| Chemistry| Engineering - Electrical & Electronic| Physics & Astronomy| Engineering - Petroleum,36| 37,Engineering| Physical Sciences,51,Physical Sciences,5104| 5102,"Condensed matter physics| Atomic, molecular and optical physics",-,Luminescence Properties of Glass Materials,1092,32.309,Optical Properties and Energy Transfer in Glass Materials,386,98.212,Definitive,2017.0,45.0,N/A,"Kaky, K.M.| Lakshminarayana, G.| Baki, S.O.| Lira, A.| Caldiño, U.| Meza-Rocha, A.N.| Falcony, C.| Kityk, I.V.| Taufiq-Yap, Y.H.| Halimah, M.K.| Mahdi, M.A.",Benemerita Universidad Autonoma de Puebla| Consejo Nacional de Ciencia y Tecnologia Mexico| Centro de Investigacion y de Estudios Avanzados del Instituto Politécnico Nacional| Universidad Autónoma Metropolitana| Universidad Autonoma del Estado de Mexico| Universiti Putra Malaysia| Częstochowa University of Technology,Iraq| Mexico| Poland| Malaysia,0
56110056100,56110056100,"Lithium-aluminum-zinc phosphate glasses activated with Sm3+, Sm3+/Eu3+ and Sm3+/Tb3+ for reddish-orange and white light generation","Huerta, E.F.| Soriano-Romero, O.| Meza-Rocha, A.N.| Bordignon, S.| Speghini, A.| Caldiño, U.",6.0,36650789500| 57201460286| 37063511900| 57201464147| 22036338000| 56110056100,2020.0,2020-12-15,Journal of Alloys and Compounds,846,-,-,156332,ISSN-09258388,12325.0,Journal,Elsevier Ltd,English,1.38,16,8.9,6,1.112,8,1.7,55.0,44.0,1.55,12.24,10.0,17.0,0.0,0.0,"Huerta, E.F., Soriano-Romero, O., Meza-Rocha, A.N. and 3 more (...) (2020).Lithium-aluminum-zinc phosphate glasses activated with Sm3+, Sm3+/Eu3+ and Sm3+/Tb3+ for reddish-orange and white light generation. Journal of Alloys and Compounds,846",https://www.scopus.com/record/display.url?eid=2-s2.0-85088856840&origin=resultslist,10.1016/j.jallcom.2020.156332,Article,,2-s2.0-85088856840,-,Consejo Nacional de Ciencia y Tecnologia Mexico| Benemerita Universidad Autonoma de Puebla| Universidad Autónoma Metropolitana| National Research Council of Italy| University of Verona,704696| 505001| 505017| 321003| 321075,Government| Academic,5.0,60028381| 60024830| 60027998| 60032256| 60002324,"Universidad Autónoma Metropolitana -Unidad Iztapalapa| Benemérita Universidad Autónoma de Puebla| Secretaría de Ciencia, Humanidades, Tecnología e Innovación| Università degli Studi di Verona| Istituto Di Fisica Applicata Nello Carrara",36650789500,56110056100,56110056100,-,Mexico| Italy,2.0,2210| 2211| 2505| 2506,Mechanical Engineering| Mechanics of Materials| Materials Chemistry| Metals and Alloys,2| 4,Engineering & Technology| Natural Sciences,222| 433,Engineering - Mechanical| Materials Science,36,Engineering,51| 40,Physical Sciences| Engineering,4016| 5104,Materials engineering| Condensed matter physics,-,Luminescence Properties of Glass Materials,1092,32.309,Optical Properties and Energy Transfer in Glass Materials,386,98.212,Definitive,2020.0,44.0,N/A,"Huerta, E.F.| Soriano-Romero, O.| Meza-Rocha, A.N.| Bordignon, S.| Speghini, A.| Caldiño, U.",Consejo Nacional de Ciencia y Tecnologia Mexico| Benemerita Universidad Autonoma de Puebla| Universidad Autónoma Metropolitana| National Research Council of Italy| University of Verona,Mexico| Italy,0
56110056100,56110056100,White light generation through Zn(PO3)2 glass activated with Eu3+ and Dy3+,"Meza-Rocha, A.N.| Speghini, A.| Bettinelli, M.| Caldiño, U.",4.0,37063511900| 22036338000| 57211239790| 56110056100,2016.0,2016-08-01,Journal of Luminescence,176,-,235-239,-,ISSN-00222313,12179.0,Journal,Elsevier B.V.,English,1.12,23,5,14,0.714,26,1.87,53.0,43.0,2.34,10.25,13.0,11.0,0.0,0.0,"Meza-Rocha, A.N., Speghini, A., Bettinelli, M. and 1 more (...) (2016).White light generation through Zn(PO3)2 glass activated with Eu3+ and Dy3+. Journal of Luminescence,176235-239",https://www.scopus.com/record/display.url?eid=2-s2.0-84977518575&origin=resultslist,10.1016/j.jlumin.2016.03.035,Article,,2-s2.0-84977518575,-,Benemerita Universidad Autonoma de Puebla| Universidad Autónoma Metropolitana| National Research Council of Italy| University of Verona,505001| 505017| 321003| 321075,Academic| Government,4.0,60024830| 60032256| 60002324| 60028381,Benemérita Universidad Autónoma de Puebla| Università degli Studi di Verona| Istituto Di Fisica Applicata Nello Carrara| Universidad Autónoma Metropolitana -Unidad Iztapalapa,37063511900,56110056100,56110056100,-,Mexico| Italy,2.0,1303| 1304| 1600| 3104| 3107,"Biochemistry| Biophysics| General Chemistry| Condensed Matter Physics| Atomic and Molecular Physics, and Optics",4| 5,Natural Sciences| Life Sciences & Medicine,409| 507| 439,Chemistry| Biological Sciences| Physics & Astronomy,32| 37,Life Sciences| Physical Sciences,34,Chemical Sciences,3402,Inorganic chemistry,-,Luminescence Properties of Glass Materials,1092,32.309,Optical Properties and Energy Transfer in Glass Materials,386,98.212,Definitive,2016.0,43.0,N/A,"Meza-Rocha, A.N.| Speghini, A.| Bettinelli, M.| Caldiño, U.",Benemerita Universidad Autonoma de Puebla| Universidad Autónoma Metropolitana| National Research Council of Italy| University of Verona,Mexico| Italy,0
56110056100,56110056100,"Spectroscopic study of Er3+ doped borate glass system for green emission device, NIR laser, and optical amplifier applications","Prabhu, N.S.| Meza-Rocha, A.N.| Soriano-Romero, O.| Caldiño, U.| Huerta, E.F.| Falcony, C.| Sayyed, M.I.| Al-Ghamdi, H.| Almuqrin, A.H.| Kamath, S.D.",10.0,57205713756| 37063511900| 57201460286| 56110056100| 36650789500| 57217063539| 57189890554| 56524460700| 57115469100| 16245280000,2021.0,2021-10-01,Journal of Luminescence,238,-,-,118216,ISSN-00222313,12179.0,Journal,Elsevier B.V.,English,0.93,36,6.9,15,0.64,29,1.6,37.0,38.0,1.72,12.82,10.0,15.0,0.0,0.0,"Prabhu, N.S., Meza-Rocha, A.N., Soriano-Romero, O. and 7 more (...) (2021).Spectroscopic study of Er3+ doped borate glass system for green emission device, NIR laser, and optical amplifier applications. Journal of Luminescence,238",https://www.scopus.com/record/display.url?eid=2-s2.0-85107658121&origin=resultslist,10.1016/j.jlumin.2021.118216,Article,,2-s2.0-85107658121,-,Imam Abdulrahman Bin Faisal University| Benemerita Universidad Autonoma de Puebla| Centro de Investigacion y de Estudios Avanzados del Instituto Politécnico Nacional| Universidad Autónoma Metropolitana| Princess Nourah Bint Abdulrahman University| Instituto Politécnico Nacional| Manipal Academy of Higher Education| Al-Isra Private University,703099| 505001| 505002| 505017| 703243| 505011| 703262| 717214,Academic| Government,8.0,60340011| 60028079| 60016524| 60024830| 60028381| 60017323| 60019176| 60104334| 60067706| 60105146,Manipal Institute of Applied Physics| Manipal Institute of Technology| Manipal Academy of Higher Education| Benemérita Universidad Autónoma de Puebla| Universidad Autónoma Metropolitana -Unidad Iztapalapa| Centro de Investigacion y de Estudios Avanzados del Instituto Politécnico Nacional| Instituto Politécnico Nacional| Imam Abdulrahman Bin Faisal University| Isra University| Princess Nourah Bint Abdulrahman University,57205713756,16245280000,16245280000,-,India| Mexico| Saudi Arabia| Jordan,4.0,1303| 1304| 1600| 3104| 3107,"Biochemistry| Biophysics| General Chemistry| Condensed Matter Physics| Atomic and Molecular Physics, and Optics",4| 5,Natural Sciences| Life Sciences & Medicine,409| 507| 439,Chemistry| Biological Sciences| Physics & Astronomy,32| 37,Life Sciences| Physical Sciences,34,Chemical Sciences,3402,Inorganic chemistry,-,Luminescence Properties of Glass Materials,1092,32.309,Optical Properties and Energy Transfer in Glass Materials,386,98.212,Definitive,2021.0,38.0,N/A,"Prabhu, N.S.| Meza-Rocha, A.N.| Soriano-Romero, O.| Caldiño, U.| Huerta, E.F.| Falcony, C.| Sayyed, M.I.| Al-Ghamdi, H.| Almuqrin, A.H.| Kamath, S.D.",Imam Abdulrahman Bin Faisal University| Benemerita Universidad Autonoma de Puebla| Centro de Investigacion y de Estudios Avanzados del Instituto Politécnico Nacional| Universidad Autónoma Metropolitana| Princess Nourah Bint Abdulrahman University| Instituto Politécnico Nacional| Manipal Academy of Higher Education| Al-Isra Private University,India| Mexico| Saudi Arabia| Jordan,0
56110056100,56110056100,"Reddish-orange, neutral and warm white emissions in Eu3+, Dy3+ and Dy3+/Eu3+ doped CdO-GeO2-TeO2 glasses","Rodríguez-Carvajal, D.A.| Meza-Rocha, A.N.| Caldiño, U.| Lozada-Morales, R.| Álvarez, E.| Zayas, M.E.",6.0,55639760900| 37063511900| 56110056100| 6603702293| 57211382978| 55989770700,2016.0,2016-11-01,Solid State Sciences,61,-,70-76,-,ISSN-12932558,25326.0,Journal,Elsevier Masson SAS,English,0.82,39,3.7,27,0.569,32,3.71,120.0,37.0,1.32,11.39,15.0,22.0,0.0,0.0,"Rodríguez-Carvajal, D.A., Meza-Rocha, A.N., Caldiño, U. and 3 more (...) (2016).Reddish-orange, neutral and warm white emissions in Eu3+, Dy3+ and Dy3+/Eu3+ doped CdO-GeO2-TeO2 glasses. Solid State Sciences,6170-76",https://www.scopus.com/record/display.url?eid=2-s2.0-84988027135&origin=resultslist,10.1016/j.solidstatesciences.2016.09.009,Article,,2-s2.0-84988027135,-,Benemerita Universidad Autonoma de Puebla| Consejo Nacional de Ciencia y Tecnologia Mexico| Universidad Autónoma Metropolitana| Universidad de Sonora,505001| 704696| 505017| 505021,Academic| Government,4.0,60032897| 60024830| 60027998| 60028381,"Universidad de Sonora| Benemérita Universidad Autónoma de Puebla| Secretaría de Ciencia, Humanidades, Tecnología e Innovación| Universidad Autónoma Metropolitana -Unidad Iztapalapa",55639760900,55989770700,37063511900,-,Mexico,1.0,1600| 2500| 3104,General Chemistry| General Materials Science| Condensed Matter Physics,2| 4,Engineering & Technology| Natural Sciences,439| 433| 409,Physics & Astronomy| Materials Science| Chemistry,36| 37,Engineering| Physical Sciences,34| 51,Chemical Sciences| Physical Sciences,5104| 3402,Condensed matter physics| Inorganic chemistry,-,Luminescence Properties of Glass Materials,1092,32.309,Optical Properties and Energy Transfer in Glass Materials,386,98.212,Definitive,2016.0,37.0,N/A,"Rodríguez-Carvajal, D.A.| Meza-Rocha, A.N.| Caldiño, U.| Lozada-Morales, R.| Álvarez, E.| Zayas, M.E.",Benemerita Universidad Autonoma de Puebla| Consejo Nacional de Ciencia y Tecnologia Mexico| Universidad Autónoma Metropolitana| Universidad de Sonora,Mexico,0
56110056100,56110056100,Tunable emission and energy transfer in TeO2-GeO2-ZnO and TeO2-GeO2-MgCl2 glasses activated with Eu3+/Dy3+ for solid state lighting applications,"Carrillo-Torres, R.C.| Saavedra-Rodríguez, G.| Alvarado-Rivera, J.| Caldiño, U.| Sánchez-Zeferino, R.| Alvarez-Ramos, M.E.",6.0,57914955100| 57205731239| 24558551400| 56110056100| 36931097700| 57211382978,2019.0,2019-08-01,Journal of Luminescence,212,-,116-125,-,ISSN-00222313,12179.0,Journal,Elsevier B.V.,English,1.01,30,5.5,18,0.626,30,4.85,132.0,35.0,1.35,12.62,14.0,21.0,0.0,0.0,"Carrillo-Torres, R.C., Saavedra-Rodríguez, G., Alvarado-Rivera, J. and 3 more (...) (2019).Tunable emission and energy transfer in TeO2-GeO2-ZnO and TeO2-GeO2-MgCl2 glasses activated with Eu3+/Dy3+ for solid state lighting applications. Journal of Luminescence,212116-125",https://www.scopus.com/record/display.url?eid=2-s2.0-85064548863&origin=resultslist,10.1016/j.jlumin.2019.04.008,Article,,2-s2.0-85064548863,-,Universidad Autónoma Metropolitana| Universidad de Sonora,505017| 505021,Academic,2.0,60032897| 60028381,Universidad de Sonora| Universidad Autónoma Metropolitana -Unidad Iztapalapa,57914955100,57211382978,57211382978,-,Mexico,1.0,1303| 1304| 1600| 3104| 3107,"Biochemistry| Biophysics| General Chemistry| Condensed Matter Physics| Atomic and Molecular Physics, and Optics",4| 5,Natural Sciences| Life Sciences & Medicine,409| 439| 507,Chemistry| Physics & Astronomy| Biological Sciences,37| 32,Physical Sciences| Life Sciences,34,Chemical Sciences,3402,Inorganic chemistry,-,Luminescence Properties of Glass Materials,1092,32.309,Optical Properties and Energy Transfer in Glass Materials,386,98.212,Definitive,2019.0,35.0,N/A,"Carrillo-Torres, R.C.| Saavedra-Rodríguez, G.| Alvarado-Rivera, J.| Caldiño, U.| Sánchez-Zeferino, R.| Alvarez-Ramos, M.E.",Universidad Autónoma Metropolitana| Universidad de Sonora,Mexico,0
56110056100,56110056100,Co-emission and energy transfer of Sm3+ and/or Eu3+ activated zinc-germanate- tellurite glass as a potential tunable orange to reddish-orange phosphor,"Alvarez-Ramos, M.E.| Carrillo-Torres, R.C.| Sánchez-Zeferino, R.| Caldiño, U.| Alvarado-Rivera, J.",5.0,57211382978| 57914955100| 36931097700| 56110056100| 24558551400,2019.0,2019-10-01,Journal of Non-Crystalline Solids,521,-,-,119462,ISSN-00223093,28547.0,Journal,Elsevier B.V.,English,1.24,20,4.8,18,0.712,22,3.23,97.0,34.0,1.78,12.36,15.0,15.0,0.0,0.0,"Alvarez-Ramos, M.E., Carrillo-Torres, R.C., Sánchez-Zeferino, R. and 2 more (...) (2019).Co-emission and energy transfer of Sm3+ and/or Eu3+ activated zinc-germanate- tellurite glass as a potential tunable orange to reddish-orange phosphor. Journal of Non-Crystalline Solids,521",https://www.scopus.com/record/display.url?eid=2-s2.0-85067560240&origin=resultslist,10.1016/j.jnoncrysol.2019.119462,Article,,2-s2.0-85067560240,-,Universidad Autónoma Metropolitana| Universidad de Sonora,505017| 505021,Academic,2.0,60032897| 60028381,Universidad de Sonora| Universidad Autónoma Metropolitana -Unidad Iztapalapa,57211382978,24558551400,57211382978,-,Mexico,1.0,2503| 2504| 2505| 3104,"Ceramics and Composites| Electronic, Optical and Magnetic Materials| Materials Chemistry| Condensed Matter Physics",4,Natural Sciences,439| 433,Physics & Astronomy| Materials Science,37| 36,Physical Sciences| Engineering,34| 40| 51,Chemical Sciences| Engineering| Physical Sciences,3403| 4016| 5104,Macromolecular and materials chemistry| Materials engineering| Condensed matter physics,-,Luminescence Properties of Glass Materials,1092,32.309,Optical Properties and Energy Transfer in Glass Materials,386,98.212,Definitive,2019.0,34.0,N/A,"Alvarez-Ramos, M.E.| Carrillo-Torres, R.C.| Sánchez-Zeferino, R.| Caldiño, U.| Alvarado-Rivera, J.",Universidad Autónoma Metropolitana| Universidad de Sonora,Mexico,0
56110056100,56110056100,Dependence of the up-conversion emission of Li+ co-doped Y2O3:Er3+ films with dopant concentration,"Meza-Rocha, A.N.| Huerta, E.F.| Caldiño, U.| Carmona-Téllez, S.| Bettinelli, M.| Speghini, A.| Pelli, S.| Righini, G.C.| Falcony, C.",9.0,37063511900| 36650789500| 56110056100| 23566502900| 57211239790| 22036338000| 7004131410| 7005124189| 7006061381,2015.0,2015-07-25,Journal of Luminescence,167,-,352-359,13452,ISSN-00222313,12179.0,Journal,Elsevier B.V.,English,1.21,20,4.8,14,0.763,25,1.56,51.0,31.0,1.41,9.9,19.0,21.0,0.0,0.0,"Meza-Rocha, A.N., Huerta, E.F., Caldiño, U. and 6 more (...) (2015).Dependence of the up-conversion emission of Li+ co-doped Y2O3:Er3+ films with dopant concentration. Journal of Luminescence,167352-359",https://www.scopus.com/record/display.url?eid=2-s2.0-84937946389&origin=resultslist,10.1016/j.jlumin.2015.07.003,Article,,2-s2.0-84937946389,-,Centro de Investigacion y de Estudios Avanzados del Instituto Politécnico Nacional| Universidad Autónoma Metropolitana| Enrico Fermi Center| National Research Council of Italy| University of Verona| Universidad Nacional Autónoma de México,505002| 505017| 321089| 321003| 321075| 505023,Government| Academic,6.0,60017323| 60028381| 60032442| 60032256| 60021199| 60002324| 60073813,Centro de Investigacion y de Estudios Avanzados del Instituto Politécnico Nacional| Universidad Autónoma Metropolitana -Unidad Iztapalapa| Universidad Nacional Autónoma de México| Università degli Studi di Verona| Consiglio Nazionale delle Ricerche| Istituto Di Fisica Applicata Nello Carrara| Museo Storico della Fisica e Centro Studi e Ricerche Enrico Fermi,37063511900,7006061381,37063511900,-,Mexico| Italy,2.0,1303| 1304| 1600| 3104| 3107,"Biochemistry| Biophysics| General Chemistry| Condensed Matter Physics| Atomic and Molecular Physics, and Optics",4| 5,Natural Sciences| Life Sciences & Medicine,439| 409| 507,Physics & Astronomy| Chemistry| Biological Sciences,32| 37,Life Sciences| Physical Sciences,34,Chemical Sciences,3402,Inorganic chemistry,-,Luminescent Phosphors and Upconversion Nanomaterials Applications,58,96.01,Upconversion Nanoparticles in Energy and Imaging,100,99.39,Definitive,2015.0,31.0,N/A,"Meza-Rocha, A.N.| Huerta, E.F.| Caldiño, U.| Carmona-Téllez, S.| Bettinelli, M.| Speghini, A.| Pelli, S.| Righini, G.C.| Falcony, C.",Centro de Investigacion y de Estudios Avanzados del Instituto Politécnico Nacional| Universidad Autónoma Metropolitana| Enrico Fermi Center| National Research Council of Italy| University of Verona| Universidad Nacional Autónoma de México,Mexico| Italy,0
56110056100,56110056100,"Optical and visible and near-infrared fluorescence aspects of Er3+, Tm3+, and Nd3+-doped B2O3-rich glasses for fiber amplifiers and NIR lasers","Lakshminarayana, G.| Meza-Rocha, A.N.| Soriano-Romero, O.| Caldiño, U.| Lira, A.| Lee, D.-E.| Yoon, J.| Park, T.",8.0,57194637883| 37063511900| 57201460286| 56110056100| 6603757680| 56605563300| 56449838900| 55717001200,2022.0,2022-05-01,Journal of Materials Research and Technology,18,-,658-680,-,ISSN-22387854,21100383742.0,Journal,Elsevier Editora Ltda,English,1.79,8,8.5,12,1.05,10,1.34,32.0,29.0,1.24,15.33,10.0,23.0,0.0,0.0,"Lakshminarayana, G., Meza-Rocha, A.N., Soriano-Romero, O. and 5 more (...) (2022).Optical and visible and near-infrared fluorescence aspects of Er3+, Tm3+, and Nd3+-doped B2O3-rich glasses for fiber amplifiers and NIR lasers. Journal of Materials Research and Technology,18658-680",https://www.scopus.com/record/display.url?eid=2-s2.0-85127605038&origin=resultslist,10.1016/j.jmrt.2022.02.115,Article,Gold|Green,2-s2.0-85127605038,-,Benemerita Universidad Autonoma de Puebla| Universidad Autónoma Metropolitana| Hanyang University| Kyungpook National University| Universidad Autonoma del Estado de Mexico,505001| 505017| 209025| 209055| 505051,Academic,5.0,60012704| 60024830| 60028381| 60002281| 60211585,Kyungpook National University (KNU)| Benemérita Universidad Autónoma de Puebla| Universidad Autónoma Metropolitana -Unidad Iztapalapa| Universidad Autónoma del Estado de México| Hanyang University ERICA Campus,57194637883,55717001200,57194637883| 56605563300| 56449838900| 55717001200,-,South Korea| Mexico,2.0,2502| 2503| 2506| 2508,"Biomaterials| Ceramics and Composites| Metals and Alloys| Surfaces, Coatings and Films",4,Natural Sciences,433,Materials Science,36,Engineering,40,Engineering,-,-,-,Luminescence Properties of Glass Materials,1092,32.309,Optical Properties and Energy Transfer in Glass Materials,386,98.212,Definitive,2022.0,29.0,N/A,"Lakshminarayana, G.| Meza-Rocha, A.N.| Soriano-Romero, O.| Caldiño, U.| Lira, A.| Lee, D.-E.| Yoon, J.| Park, T.",Benemerita Universidad Autonoma de Puebla| Universidad Autónoma Metropolitana| Hanyang University| Kyungpook National University| Universidad Autonoma del Estado de Mexico,South Korea| Mexico,0
56110056100,56110056100,"Pr3+-doped B2O3–Bi2O3–ZnO–NaF glasses comprising alkali/mixed alkali oxides for potential warm white light generation, blue laser, and E-+S-+C-optical bands amplification applications","Lakshminarayana, G.| Meza-Rocha, A.N.| Soriano-Romero, O.| Huerta, E.F.| Caldiño, U.| Lira, A.| Lee, D.-E.| Yoon, J.| Park, T.",9.0,57194637883| 37063511900| 57201460286| 36650789500| 56110056100| 6603757680| 56605563300| 56449838900| 55717001200,2021.0,2021-07-01,Journal of Materials Research and Technology,13,-,2501-2526,-,ISSN-22387854,21100383742.0,Journal,Elsevier Editora Ltda,English,1.64,11,5.9,14,0.964,10,1.18,34.0,28.0,1.22,14.78,14.0,23.0,0.0,0.0,"Lakshminarayana, G., Meza-Rocha, A.N., Soriano-Romero, O. and 6 more (...) (2021).Pr3+-doped B2O3–Bi2O3–ZnO–NaF glasses comprising alkali/mixed alkali oxides for potential warm white light generation, blue laser, and E-+S-+C-optical bands amplification applications. Journal of Materials Research and Technology,132501-2526",https://www.scopus.com/record/display.url?eid=2-s2.0-85109898091&origin=resultslist,10.1016/j.jmrt.2021.06.037,Article,Gold|Green,2-s2.0-85109898091,-,Benemerita Universidad Autonoma de Puebla| Universidad Autónoma Metropolitana| Hanyang University| Kyungpook National University| Universidad Autonoma del Estado de Mexico,505001| 505017| 209025| 209055| 505051,Academic,5.0,60012704| 60024830| 60028381| 60002281| 60211585,Kyungpook National University (KNU)| Benemérita Universidad Autónoma de Puebla| Universidad Autónoma Metropolitana -Unidad Iztapalapa| Universidad Autónoma del Estado de México| Hanyang University ERICA Campus,57194637883,55717001200,57194637883| 56605563300| 56449838900| 55717001200,-,South Korea| Mexico,2.0,2502| 2503| 2506| 2508,"Biomaterials| Ceramics and Composites| Metals and Alloys| Surfaces, Coatings and Films",4,Natural Sciences,433,Materials Science,36,Engineering,40,Engineering,-,-,-,Luminescence Properties of Glass Materials,1092,32.309,Optical Properties and Energy Transfer in Glass Materials,386,98.212,Definitive,2021.0,28.0,N/A,"Lakshminarayana, G.| Meza-Rocha, A.N.| Soriano-Romero, O.| Huerta, E.F.| Caldiño, U.| Lira, A.| Lee, D.-E.| Yoon, J.| Park, T.",Benemerita Universidad Autonoma de Puebla| Universidad Autónoma Metropolitana| Hanyang University| Kyungpook National University| Universidad Autonoma del Estado de Mexico,South Korea| Mexico,0
56110056100,56110056100,Photoluminescent and electrical properties of novel Nd3+ doped ZnV2O6 and Zn2V2O7,"González-Rivera, Y.A.| Meza-Rocha, A.N.| Aquino-Meneses, L.| Jiménez-Sandoval, S.| Rubio-Rosas, E.| Caldiño, U.| Álvarez, E.| Zelaya-Angel, O.| Toledo-Solano, M.| Lozada-Morales, R.",10.0,56267254400| 37063511900| 55957288100| 6603795117| 7101626311| 56110056100| 57211382978| 7006765958| 56013616100| 6603702293,2016.0,2016-05-15,Ceramics International,42,7,8425-8430,-,ISSN-02728842,21522.0,Journal,Elsevier Ltd,English,1.35,15,4.6,15,0.844,17,1.96,70.0,28.0,0.66,10.59,20.0,39.0,0.0,0.0,"González-Rivera, Y.A., Meza-Rocha, A.N., Aquino-Meneses, L. and 7 more (...) (2016).Photoluminescent and electrical properties of novel Nd3+ doped ZnV2O6 and Zn2V2O7. Ceramics International,42(7) 8425-8430",https://www.scopus.com/record/display.url?eid=2-s2.0-84969348290&origin=resultslist,10.1016/j.ceramint.2016.02.061,Article,,2-s2.0-84969348290,-,Benemerita Universidad Autonoma de Puebla| Consejo Nacional de Ciencia y Tecnologia Mexico| Centro de Investigacion y de Estudios Avanzados del Instituto Politécnico Nacional| Universidad Autónoma Metropolitana| Universidad de Sonora,505001| 704696| 505002| 505017| 505021,Academic| Government,5.0,60027998| 60024830| 60017323| 60028381| 60032897,"Secretaría de Ciencia, Humanidades, Tecnología e Innovación| Benemérita Universidad Autónoma de Puebla| Centro de Investigacion y de Estudios Avanzados del Instituto Politécnico Nacional| Universidad Autónoma Metropolitana -Unidad Iztapalapa| Universidad de Sonora",56267254400,6603702293,6603702293,-,Mexico,1.0,1508| 2503| 2504| 2505| 2508,"Process Chemistry and Technology| Ceramics and Composites| Electronic, Optical and Magnetic Materials| Materials Chemistry| Surfaces, Coatings and Films",4| 2,Natural Sciences| Engineering & Technology,249| 433| 219,Engineering - Petroleum| Materials Science| Engineering - Chemical,36,Engineering,36| 34| 40,Creative Arts And Writing| Chemical Sciences| Engineering,-,-,-,Luminescent Phosphors and Upconversion Nanomaterials Applications,58,96.01,Magnetic Structures and Phase Transitions in Vanadates,72749,59.758,Defensible,2016.0,28.0,N/A,"González-Rivera, Y.A.| Meza-Rocha, A.N.| Aquino-Meneses, L.| Jiménez-Sandoval, S.| Rubio-Rosas, E.| Caldiño, U.| Álvarez, E.| Zelaya-Angel, O.| Toledo-Solano, M.| Lozada-Morales, R.",Benemerita Universidad Autonoma de Puebla| Consejo Nacional de Ciencia y Tecnologia Mexico| Centro de Investigacion y de Estudios Avanzados del Instituto Politécnico Nacional| Universidad Autónoma Metropolitana| Universidad de Sonora,Mexico,0
56110056100,56110056100,Cold bluish white and blue emissions in Cu+-doped zinc phosphate glasses,"Soriano-Romero, O.| Lozada-Morales, R.| Meza-Rocha, A.N.| Carmona-Téllez, S.| Caldiño, U.| Flores-Desirena, B.| Palomino-Merino, R.",7.0,57201460286| 6603702293| 37063511900| 23566502900| 56110056100| 6508253107| 6506786902,2020.0,2020-01-01,Journal of Luminescence,217,-,-,116791,ISSN-00222313,12179.0,Journal,Elsevier B.V.,English,0.95,35,6.1,17,0.652,31,1.17,38.0,27.0,1.31,13.0,18.0,21.0,1.0,0.0,"Soriano-Romero, O., Lozada-Morales, R., Meza-Rocha, A.N. and 4 more (...) (2020).Cold bluish white and blue emissions in Cu+-doped zinc phosphate glasses. Journal of Luminescence,217",https://www.scopus.com/record/display.url?eid=2-s2.0-85072773397&origin=resultslist,10.1016/j.jlumin.2019.116791,Article,,2-s2.0-85072773397,-,Consejo Nacional de Ciencia y Tecnologia Mexico| Benemerita Universidad Autonoma de Puebla| Universidad Autónoma Metropolitana,704696| 505001| 505017,Government| Academic,3.0,60024830| 60027998| 60028381,"Benemérita Universidad Autónoma de Puebla| Secretaría de Ciencia, Humanidades, Tecnología e Innovación| Universidad Autónoma Metropolitana -Unidad Iztapalapa",57201460286,6506786902,6603702293,-,Mexico,1.0,1303| 1304| 1600| 3104| 3107,"Biochemistry| Biophysics| General Chemistry| Condensed Matter Physics| Atomic and Molecular Physics, and Optics",4| 5,Natural Sciences| Life Sciences & Medicine,439| 409| 507,Physics & Astronomy| Chemistry| Biological Sciences,32| 37,Life Sciences| Physical Sciences,34,Chemical Sciences,3402,Inorganic chemistry,-,Luminescence Properties of Glass Materials,1092,32.309,Optical Properties of Silver Nanoparticle-Embedded Glasses,18888,82.289,Defensible,2020.0,27.0,N/A,"Soriano-Romero, O.| Lozada-Morales, R.| Meza-Rocha, A.N.| Carmona-Téllez, S.| Caldiño, U.| Flores-Desirena, B.| Palomino-Merino, R.",Consejo Nacional de Ciencia y Tecnologia Mexico| Benemerita Universidad Autonoma de Puebla| Universidad Autónoma Metropolitana,Mexico,0
56110056100,56110056100,"Multicolor emission in lithium-aluminum-zinc phosphate glasses activated with Dy3+, Eu3+ and Dy3+/Eu3+","Meza-Rocha, A.N.| Speghini, A.| Franchini, J.| Lozada-Morales, R.| Caldiño, U.",5.0,37063511900| 22036338000| 57193832994| 6603702293| 56110056100,2017.0,2017-07-01,Journal of Materials Science: Materials in Electronics,28,14,10564-10572,-,ISSN-09574522,21177.0,Journal,Springer New York LLC,English,0.81,41,2.9,33,0.503,30,2.06,44.0,25.0,0.99,10.08,22.0,29.0,0.0,0.0,"Meza-Rocha, A.N., Speghini, A., Franchini, J. and 2 more (...) (2017).Multicolor emission in lithium-aluminum-zinc phosphate glasses activated with Dy3+, Eu3+ and Dy3+/Eu3+. Journal of Materials Science: Materials in Electronics,28(14) 10564-10572",https://www.scopus.com/record/display.url?eid=2-s2.0-85016995709&origin=resultslist,10.1007/s10854-017-6830-9,Article,,2-s2.0-85016995709,-,Benemerita Universidad Autonoma de Puebla| Universidad Autónoma Metropolitana| National Research Council of Italy| University of Verona,505001| 505017| 321003| 321075,Academic| Government,4.0,60024830| 60032256| 60002324| 60028381,Benemérita Universidad Autónoma de Puebla| Università degli Studi di Verona| Istituto Di Fisica Applicata Nello Carrara| Universidad Autónoma Metropolitana -Unidad Iztapalapa,37063511900,56110056100,37063511900,-,Mexico| Italy,2.0,2208| 2504| 3104| 3107,"Electrical and Electronic Engineering| Electronic, Optical and Magnetic Materials| Condensed Matter Physics| Atomic and Molecular Physics, and Optics",4| 2,Natural Sciences| Engineering & Technology,249| 433| 221| 439,Engineering - Petroleum| Materials Science| Engineering - Electrical & Electronic| Physics & Astronomy,37| 36,Physical Sciences| Engineering,40| 51,Engineering| Physical Sciences,4016| 5104,Materials engineering| Condensed matter physics,-,Luminescence Properties of Glass Materials,1092,32.309,Optical Properties and Energy Transfer in Glass Materials,386,98.212,Definitive,2017.0,25.0,N/A,"Meza-Rocha, A.N.| Speghini, A.| Franchini, J.| Lozada-Morales, R.| Caldiño, U.",Benemerita Universidad Autonoma de Puebla| Universidad Autónoma Metropolitana| National Research Council of Italy| University of Verona,Mexico| Italy,0
56110056100,56110056100,Zinc phosphate glasses activated with Dy3+/Eu3+/Sm3+ and Tb3+/Eu3+/Sm3+ for reddish-orange and yellowish white phosphor applications,"Meza-Rocha, A.N.| Bordignon, S.| Speghini, A.| Lozada-Morales, R.| Caldiño, U.",5.0,37063511900| 57201464147| 22036338000| 6603702293| 56110056100,2018.0,2018-11-01,Journal of Luminescence,203,-,74-82,-,ISSN-00222313,12179.0,Journal,Elsevier B.V.,English,1.08,26,4.8,22,0.645,28,4.29,107.0,24.0,0.92,11.93,23.0,31.0,0.0,0.0,"Meza-Rocha, A.N., Bordignon, S., Speghini, A. and 2 more (...) (2018).Zinc phosphate glasses activated with Dy3+/Eu3+/Sm3+ and Tb3+/Eu3+/Sm3+ for reddish-orange and yellowish white phosphor applications. Journal of Luminescence,20374-82",https://www.scopus.com/record/display.url?eid=2-s2.0-85048814922&origin=resultslist,10.1016/j.jlumin.2018.06.008,Article,,2-s2.0-85048814922,-,Benemerita Universidad Autonoma de Puebla| Consejo Nacional de Ciencia y Tecnologia Mexico| Universidad Autónoma Metropolitana| University of Verona| National Research Council of Italy,505001| 704696| 505017| 321075| 321003,Academic| Government,5.0,60024830| 60027998| 60032256| 60002324| 60028381,"Benemérita Universidad Autónoma de Puebla| Secretaría de Ciencia, Humanidades, Tecnología e Innovación| Università degli Studi di Verona| Istituto Di Fisica Applicata Nello Carrara| Universidad Autónoma Metropolitana -Unidad Iztapalapa",37063511900,56110056100,37063511900,-,Mexico| Italy,2.0,1303| 1304| 1600| 3104| 3107,"Biochemistry| Biophysics| General Chemistry| Condensed Matter Physics| Atomic and Molecular Physics, and Optics",5| 4,Life Sciences & Medicine| Natural Sciences,439| 409| 507,Physics & Astronomy| Chemistry| Biological Sciences,32| 37,Life Sciences| Physical Sciences,34,Chemical Sciences,3402,Inorganic chemistry,-,Luminescence Properties of Glass Materials,1092,32.309,Optical Properties and Energy Transfer in Glass Materials,386,98.212,Definitive,2018.0,24.0,N/A,"Meza-Rocha, A.N.| Bordignon, S.| Speghini, A.| Lozada-Morales, R.| Caldiño, U.",Benemerita Universidad Autonoma de Puebla| Consejo Nacional de Ciencia y Tecnologia Mexico| Universidad Autónoma Metropolitana| University of Verona| National Research Council of Italy,Mexico| Italy,0
56110056100,56110056100,Spectroscopic analysis of Nd3+-doped cadmium-vanadate invert glasses for near-infrared laser applications,"Soriano-Romero, O.| Espinosa-Cerón, M.Y.| Carmona-Téllez, S.| Lira, A.| Caldiño, U.| Lozada-Morales, R.| Meza-Rocha, A.N.",7.0,57201460286| 57223317516| 23566502900| 6603757680| 56110056100| 6603702293| 37063511900,2021.0,2021-11-15,Journal of Non-Crystalline Solids,572,-,-,121085,ISSN-00223093,28547.0,Journal,Elsevier B.V.,English,1.24,21,6.4,19,0.751,20,1.13,31.0,24.0,1.19,13.42,17.0,24.0,0.0,0.0,"Soriano-Romero, O., Espinosa-Cerón, M.Y., Carmona-Téllez, S. and 4 more (...) (2021).Spectroscopic analysis of Nd3+-doped cadmium-vanadate invert glasses for near-infrared laser applications. Journal of Non-Crystalline Solids,572",https://www.scopus.com/record/display.url?eid=2-s2.0-85111915782&origin=resultslist,10.1016/j.jnoncrysol.2021.121085,Article,,2-s2.0-85111915782,-,Benemerita Universidad Autonoma de Puebla| Universidad Autónoma Metropolitana| Universidad Autonoma del Estado de Mexico,505001| 505017| 505051,Academic,3.0,60024830| 60002281| 60028381,Benemérita Universidad Autónoma de Puebla| Universidad Autónoma del Estado de México| Universidad Autónoma Metropolitana -Unidad Iztapalapa,57201460286,37063511900,37063511900,-,Mexico,1.0,2503| 2504| 2505| 3104,"Ceramics and Composites| Electronic, Optical and Magnetic Materials| Materials Chemistry| Condensed Matter Physics",4,Natural Sciences,439| 433,Physics & Astronomy| Materials Science,37| 36,Physical Sciences| Engineering,51| 40| 34,Physical Sciences| Engineering| Chemical Sciences,3403| 4016| 5104,Macromolecular and materials chemistry| Materials engineering| Condensed matter physics,-,Luminescence Properties of Glass Materials,1092,32.309,Optical Properties and Energy Transfer in Glass Materials,386,98.212,Definitive,2021.0,24.0,N/A,"Soriano-Romero, O.| Espinosa-Cerón, M.Y.| Carmona-Téllez, S.| Lira, A.| Caldiño, U.| Lozada-Morales, R.| Meza-Rocha, A.N.",Benemerita Universidad Autonoma de Puebla| Universidad Autónoma Metropolitana| Universidad Autonoma del Estado de Mexico,Mexico,0
56110056100,56110056100,Survey of optical and fluorescence traits of Tm3+-doped alkali/mixed alkali oxides constituting B2O3-BaO-ZnO-LiF glasses for 0.45 μm laser and 1.46 μm fiber amplifier,"Lakshminarayana, G.| Meza-Rocha, A.N.| Soriano-Romero, O.| Huerta, E.F.| Caldiño, U.| Lira, A.| Lee, D.-E.| Yoon, J.| Park, T.",9.0,57194637883| 37063511900| 57201460286| 36650789500| 56110056100| 6603757680| 56605563300| 56449838900| 55717001200,2021.0,2021-07-01,Results in Physics,26,-,-,104343,ISSN-22113797,19900192162.0,Journal,Elsevier B.V.,English,1.36,17,7.6,12,0.662,30,1.95,44.0,24.0,0.91,14.31,17.0,31.0,0.0,0.0,"Lakshminarayana, G., Meza-Rocha, A.N., Soriano-Romero, O. and 6 more (...) (2021).Survey of optical and fluorescence traits of Tm3+-doped alkali/mixed alkali oxides constituting B2O3-BaO-ZnO-LiF glasses for 0.45 μm laser and 1.46 μm fiber amplifier. Results in Physics,26",https://www.scopus.com/record/display.url?eid=2-s2.0-85107064339&origin=resultslist,10.1016/j.rinp.2021.104343,Article,Gold|Green,2-s2.0-85107064339,-,Benemerita Universidad Autonoma de Puebla| Universidad Autónoma Metropolitana| Hanyang University| Kyungpook National University| Universidad Autonoma del Estado de Mexico,505001| 505017| 209025| 209055| 505051,Academic,5.0,60012704| 60024830| 60028381| 60002281| 60211585,Kyungpook National University (KNU)| Benemérita Universidad Autónoma de Puebla| Universidad Autónoma Metropolitana -Unidad Iztapalapa| Universidad Autónoma del Estado de México| Hanyang University ERICA Campus,57194637883,55717001200,57194637883,-,South Korea| Mexico,2.0,3100,General Physics and Astronomy,4,Natural Sciences,439,Physics & Astronomy,37,Physical Sciences,51,Physical Sciences,5108,Quantum physics,-,Luminescence Properties of Glass Materials,1092,32.309,Optical Properties and Energy Transfer in Glass Materials,386,98.212,Definitive,2021.0,24.0,N/A,"Lakshminarayana, G.| Meza-Rocha, A.N.| Soriano-Romero, O.| Huerta, E.F.| Caldiño, U.| Lira, A.| Lee, D.-E.| Yoon, J.| Park, T.",Benemerita Universidad Autonoma de Puebla| Universidad Autónoma Metropolitana| Hanyang University| Kyungpook National University| Universidad Autonoma del Estado de Mexico,South Korea| Mexico,0
56110056100,56110056100,Fluorescence features of Tm3+-doped multicomponent borosilicate and borotellurite glasses for blue laser and S-band optical amplifier applications,"Lakshminarayana, G.| Caldiño, U.| Meza-Rocha, A.N.| Lira, A.| Rao, P.V.| Singh, V.| Dahshan, A.| Kityk, I.V.| Lee, D.-E.| Yoon, J.| Park, T.",11.0,57194637883| 56110056100| 37063511900| 6603757680| 58761927500| 57205227140| 6602133954| 7102138516| 56605563300| 56449838900| 55717001200,2019.0,2019-10-01,Optical Materials,96,-,-,109354,ISSN-09253467,12318.0,Journal,Elsevier B.V.,English,1.08,27,4.4,26,0.594,19,2.25,68.0,23.0,1.11,11.66,22.0,26.0,1.0,0.0,"Lakshminarayana, G., Caldiño, U., Meza-Rocha, A.N. and 8 more (...) (2019).Fluorescence features of Tm3+-doped multicomponent borosilicate and borotellurite glasses for blue laser and S-band optical amplifier applications. Optical Materials,96",https://www.scopus.com/record/display.url?eid=2-s2.0-85071531024&origin=resultslist,10.1016/j.optmat.2019.109354,Article,,2-s2.0-85071531024,-,Consejo Nacional de Ciencia y Tecnologia Mexico| Benemerita Universidad Autonoma de Puebla| Konkuk University| Universidad Autónoma Metropolitana| The University of the West Indies| Hanyang University| Kyungpook National University| Universidad Autonoma del Estado de Mexico| Częstochowa University of Technology| King Khalid University| Port Said University,704696| 505001| 209035| 505017| 504001| 209025| 209055| 505051| 327007| 409004| 706325,Academic| Government,11.0,60012704| 60028381| 60027998| 60024830| 60002281| 60071347| 60000142| 60027741| 60108617| 60274043| 60009913| 60211585,"Kyungpook National University (KNU)| Universidad Autónoma Metropolitana -Unidad Iztapalapa| Secretaría de Ciencia, Humanidades, Tecnología e Innovación| Benemérita Universidad Autónoma de Puebla| Universidad Autónoma del Estado de México| The University of the West Indies Mona Campus| Konkuk University| King Khalid University| Port Said University| Faculty of Science| Częstochowa University Of Technology| Hanyang University ERICA Campus",57194637883,55717001200,57194637883,-,South Korea| Mexico| Egypt| Jamaica| Saudi Arabia| Poland,6.0,1604| 1605| 1606| 1607| 2208| 2504| 3107,"Inorganic Chemistry| Organic Chemistry| Physical and Theoretical Chemistry| Spectroscopy| Electrical and Electronic Engineering| Electronic, Optical and Magnetic Materials| Atomic and Molecular Physics, and Optics",2| 4,Engineering & Technology| Natural Sciences,409| 439| 249| 221| 433,Chemistry| Physics & Astronomy| Engineering - Petroleum| Engineering - Electrical & Electronic| Materials Science,36| 37,Engineering| Physical Sciences,51,Physical Sciences,5102| 5104,"Atomic, molecular and optical physics| Condensed matter physics",-,Luminescence Properties of Glass Materials,1092,32.309,Optical Properties and Energy Transfer in Glass Materials,386,98.212,Definitive,2019.0,23.0,N/A,"Lakshminarayana, G.| Caldiño, U.| Meza-Rocha, A.N.| Lira, A.| Rao, P.V.| Singh, V.| Dahshan, A.| Kityk, I.V.| Lee, D.-E.| Yoon, J.| Park, T.",Consejo Nacional de Ciencia y Tecnologia Mexico| Benemerita Universidad Autonoma de Puebla| Konkuk University| Universidad Autónoma Metropolitana| The University of the West Indies| Hanyang University| Kyungpook National University| Universidad Autonoma del Estado de Mexico| Częstochowa University of Technology| King Khalid University| Port Said University,South Korea| Mexico| Egypt| Jamaica| Saudi Arabia| Poland,0
56110056100,56110056100,"Near-infrared luminescence spectroscopy in yttrium oxide phosphor activated with Er3+, Li+ and Yb3+ ions for application in photovoltaic systems","Huerta, E.F.| De Anda, J.| Martínez-Merlin, I.| Caldiño, U.| Falcony, C.",5.0,36650789500| 57216273739| 57015538800| 56110056100| 7006061381,2020.0,2020-08-01,Journal of Luminescence,224,-,-,117271,ISSN-00222313,12179.0,Journal,Elsevier B.V.,English,0.95,35,6.1,17,0.652,31,1.51,38.0,22.0,1.31,13.0,22.0,21.0,0.0,0.0,"Huerta, E.F., De Anda, J., Martínez-Merlin, I. and 2 more (...) (2020).Near-infrared luminescence spectroscopy in yttrium oxide phosphor activated with Er3+, Li+ and Yb3+ ions for application in photovoltaic systems. Journal of Luminescence,224",https://www.scopus.com/record/display.url?eid=2-s2.0-85083000235&origin=resultslist,10.1016/j.jlumin.2020.117271,Article,,2-s2.0-85083000235,-,"Tecnológico Nacional de México, Mexico City| Centro de Investigacion y de Estudios Avanzados del Instituto Politécnico Nacional| Universidad Autónoma Metropolitana",719128| 505002| 505017,Government| Academic,3.0,60028381| 60017323| 60134870,Universidad Autónoma Metropolitana -Unidad Iztapalapa| Centro de Investigacion y de Estudios Avanzados del Instituto Politécnico Nacional| Tecnológico Nacional de México,36650789500,7006061381,56110056100,-,Mexico,1.0,1303| 1304| 1600| 3104| 3107,"Biochemistry| Biophysics| General Chemistry| Condensed Matter Physics| Atomic and Molecular Physics, and Optics",5| 4,Life Sciences & Medicine| Natural Sciences,507| 439| 409,Biological Sciences| Physics & Astronomy| Chemistry,32| 37,Life Sciences| Physical Sciences,34,Chemical Sciences,3402,Inorganic chemistry,SDG 7,Luminescent Phosphors and Upconversion Nanomaterials Applications,58,96.01,Upconversion Nanoparticles in Energy and Imaging,100,99.39,Very Good,2020.0,22.0,N/A,"Huerta, E.F.| De Anda, J.| Martínez-Merlin, I.| Caldiño, U.| Falcony, C.","Tecnológico Nacional de México, Mexico City| Centro de Investigacion y de Estudios Avanzados del Instituto Politécnico Nacional| Universidad Autónoma Metropolitana",Mexico,0
56110056100,56110056100,Synthesis and characterization of Sm3+ doped BaO-ZnO-LiF-B2O3 glass system for reddish-orange light generation with high color purity,"Prabhu, N.S.| Mazumder, N.| Bhardwaj, S.| Choudhary, R.J.| Caldiño, U.| Meza-Rocha, A.N.| Sayyed, M.I.| Abdullah Aloraini, D.| Almuqrin, A.H.| Kamath, S.D.",10.0,57205713756| 55033976900| 54792695900| 57203229136| 56110056100| 37063511900| 57189890554| 57224125460| 57115469100| 16245280000,2022.0,2022-11-01,Optics and Laser Technology,155,-,-,108359,ISSN-00303992,12346.0,Journal,Elsevier Ltd,English,1.58,11,8.3,14,0.874,23,3.36,58.0,18.0,1.36,13.26,18.0,21.0,0.0,0.0,"Prabhu, N.S., Mazumder, N., Bhardwaj, S. and 7 more (...) (2022).Synthesis and characterization of Sm3+ doped BaO-ZnO-LiF-B2O3 glass system for reddish-orange light generation with high color purity. Optics and Laser Technology,155",https://www.scopus.com/record/display.url?eid=2-s2.0-85132229309&origin=resultslist,10.1016/j.optlastec.2022.108359,Article,,2-s2.0-85132229309,-,"Benemerita Universidad Autonoma de Puebla| Universidad Autónoma Metropolitana| Princess Nourah Bint Abdulrahman University| Manipal Academy of Higher Education| Al-Isra Private University| University Grant Commission, New Delhi",505001| 505017| 703243| 703262| 717214| 207162,Academic| Government,6.0,60016524| 60340011| 60028079| 60114270| 60022217| 60028381| 60024830| 60067706| 60105146,Manipal Academy of Higher Education| Manipal Institute of Applied Physics| Manipal Institute of Technology| Manipal School of Life Sciences| UGC-DAE Consortium for Scientific Research India| Universidad Autónoma Metropolitana -Unidad Iztapalapa| Benemérita Universidad Autónoma de Puebla| Isra University| Princess Nourah Bint Abdulrahman University,57205713756,16245280000,16245280000,-,India| Mexico| Saudi Arabia| Jordan,4.0,2208| 2504| 3107,"Electrical and Electronic Engineering| Electronic, Optical and Magnetic Materials| Atomic and Molecular Physics, and Optics",4| 2,Natural Sciences| Engineering & Technology,221| 439| 249| 433,Engineering - Electrical & Electronic| Physics & Astronomy| Engineering - Petroleum| Materials Science,37| 36,Physical Sciences| Engineering,46| 40,Information And Computing Sciences| Engineering,-,-,-,Luminescence Properties of Glass Materials,1092,32.309,Optical Properties and Energy Transfer in Glass Materials,386,98.212,Definitive,2022.0,18.0,N/A,"Prabhu, N.S.| Mazumder, N.| Bhardwaj, S.| Choudhary, R.J.| Caldiño, U.| Meza-Rocha, A.N.| Sayyed, M.I.| Abdullah Aloraini, D.| Almuqrin, A.H.| Kamath, S.D.","Benemerita Universidad Autonoma de Puebla| Universidad Autónoma Metropolitana| Princess Nourah Bint Abdulrahman University| Manipal Academy of Higher Education| Al-Isra Private University| University Grant Commission, New Delhi",India| Mexico| Saudi Arabia| Jordan,0
56110056100,56110056100,Down-shifting and down-conversion emission properties of novel CdO–P2O5 invert glasses activated with Pr3+ and Pr3+/Yb3+ for photonic applications,"Romero-Romo, W.| Carmona-Téllez, S.| Lozada-Morales, R.| Soriano-Romero, O.| Caldiño, U.| Álvarez-Ramos, M.E.| Zayas, M.E.| Meza-Rocha, A.N.",8.0,57204136882| 23566502900| 6603702293| 57201460286| 56110056100| 57211382978| 55989770700| 37063511900,2021.0,2021-06-01,Optical Materials,116,-,-,111009,ISSN-09253467,12318.0,Journal,Elsevier B.V.,English,0.92,37,5.2,28,0.583,29,1.7,41.0,17.0,0.98,12.22,24.0,29.0,0.0,0.0,"Romero-Romo, W., Carmona-Téllez, S., Lozada-Morales, R. and 5 more (...) (2021).Down-shifting and down-conversion emission properties of novel CdO–P2O5 invert glasses activated with Pr3+ and Pr3+/Yb3+ for photonic applications. Optical Materials,116",https://www.scopus.com/record/display.url?eid=2-s2.0-85103928780&origin=resultslist,10.1016/j.optmat.2021.111009,Article,,2-s2.0-85103928780,-,Benemerita Universidad Autonoma de Puebla| Universidad Autónoma Metropolitana| Universidad de Sonora,505001| 505017| 505021,Academic,3.0,60024830| 60028381| 60032897,Benemérita Universidad Autónoma de Puebla| Universidad Autónoma Metropolitana -Unidad Iztapalapa| Universidad de Sonora,57204136882,37063511900,37063511900,-,Mexico,1.0,1604| 1605| 1606| 1607| 1700| 2208| 2504| 3107,"Inorganic Chemistry| Organic Chemistry| Physical and Theoretical Chemistry| Spectroscopy| General Computer Science| Electrical and Electronic Engineering| Electronic, Optical and Magnetic Materials| Atomic and Molecular Physics, and Optics",4| 2,Natural Sciences| Engineering & Technology,221| 212| 249| 409| 439| 433,Engineering - Electrical & Electronic| Computer Science & Information Systems| Engineering - Petroleum| Chemistry| Physics & Astronomy| Materials Science,36| 37| 38,Engineering| Physical Sciences| Computer Science,51,Physical Sciences,5102| 5104,"Atomic, molecular and optical physics| Condensed matter physics",SDG 7,Luminescence Properties of Glass Materials,1092,32.309,Optical Properties and Energy Transfer in Glass Materials,386,98.212,Very Good,2021.0,17.0,N/A,"Romero-Romo, W.| Carmona-Téllez, S.| Lozada-Morales, R.| Soriano-Romero, O.| Caldiño, U.| Álvarez-Ramos, M.E.| Zayas, M.E.| Meza-Rocha, A.N.",Benemerita Universidad Autonoma de Puebla| Universidad Autónoma Metropolitana| Universidad de Sonora,Mexico,0
56110056100,56110056100,Orange and yellow emissions through Sm3+ and Tb3+/Sm3+ doped potassium-zinc phosphate glasses for WLED applications,"Soriano-Romero, O.| Huerta, E.F.| Meza-Rocha, A.N.| Caldiño, U.",4.0,57201460286| 36650789500| 37063511900| 56110056100,2023.0,2023-11-15,Ceramics International,49,22,36353-36359,-,ISSN-02728842,21522.0,Journal,Elsevier Ltd,English,1.16,20,9.4,15,0.938,20,0.8,16.0,17.0,1.36,12.48,13.0,21.0,0.0,0.0,"Soriano-Romero, O., Huerta, E.F., Meza-Rocha, A.N. and 1 more (...) (2023).Orange and yellow emissions through Sm3+ and Tb3+/Sm3+ doped potassium-zinc phosphate glasses for WLED applications. Ceramics International,49(22) 36353-36359",https://www.scopus.com/record/display.url?eid=2-s2.0-85170043946&origin=resultslist,10.1016/j.ceramint.2023.08.319,Article,,2-s2.0-85170043946,-,Universidad Autónoma Metropolitana,505017,Academic,1.0,60028381,Universidad Autónoma Metropolitana -Unidad Iztapalapa,57201460286,56110056100,56110056100,-,Mexico,1.0,1508| 2503| 2504| 2505| 2508,"Process Chemistry and Technology| Ceramics and Composites| Electronic, Optical and Magnetic Materials| Materials Chemistry| Surfaces, Coatings and Films",4| 2,Natural Sciences| Engineering & Technology,249| 219| 433,Engineering - Petroleum| Engineering - Chemical| Materials Science,36,Engineering,34| 40| 36,Chemical Sciences| Engineering| Creative Arts And Writing,-,-,-,Luminescence Properties of Glass Materials,1092,32.309,Optical Properties and Energy Transfer in Glass Materials,386,98.212,Definitive,2023.0,17.0,N/A,"Soriano-Romero, O.| Huerta, E.F.| Meza-Rocha, A.N.| Caldiño, U.",Universidad Autónoma Metropolitana,Mexico,0
56110056100,56110056100,Assessment of optical and fluorescence aspects of Er3+-doped multicomponent B2O3glasses as active media for 1.532 μm near-infrared optical amplifiers,"Lakshminarayana, G.| Meza-Rocha, A.N.| Soriano-Romero, O.| Caldiño, U.| Lira, A.| Lee, D.-E.| Yoon, J.| Park, T.",8.0,57194637883| 37063511900| 57201460286| 56110056100| 6603757680| 56605563300| 56449838900| 55717001200,2022.0,2022-05-01,Journal of Materials Research and Technology,18,-,3457-3477,-,ISSN-22387854,21100383742.0,Journal,Elsevier Editora Ltda,English,1.79,8,8.5,12,1.05,10,1.0,24.0,16.0,0.85,15.33,20.0,34.0,0.0,0.0,"Lakshminarayana, G., Meza-Rocha, A.N., Soriano-Romero, O. and 5 more (...) (2022).Assessment of optical and fluorescence aspects of Er3+-doped multicomponent B2O3glasses as active media for 1.532 μm near-infrared optical amplifiers. Journal of Materials Research and Technology,183457-3477",https://www.scopus.com/record/display.url?eid=2-s2.0-85135575466&origin=resultslist,10.1016/j.jmrt.2022.04.012,Article,Gold|Green,2-s2.0-85135575466,-,Benemerita Universidad Autonoma de Puebla| Universidad Autónoma Metropolitana| Hanyang University| Kyungpook National University| Universidad Autonoma del Estado de Mexico,505001| 505017| 209025| 209055| 505051,Academic,5.0,60012704| 60024830| 60028381| 60002281| 60211585,Kyungpook National University (KNU)| Benemérita Universidad Autónoma de Puebla| Universidad Autónoma Metropolitana -Unidad Iztapalapa| Universidad Autónoma del Estado de México| Hanyang University ERICA Campus,57194637883,55717001200,57194637883| 56605563300| 56449838900| 55717001200,-,South Korea| Mexico,2.0,2502| 2503| 2506| 2508,"Biomaterials| Ceramics and Composites| Metals and Alloys| Surfaces, Coatings and Films",4,Natural Sciences,433,Materials Science,36,Engineering,40,Engineering,-,-,-,Luminescence Properties of Glass Materials,1092,32.309,Optical Properties and Energy Transfer in Glass Materials,386,98.212,Definitive,2022.0,16.0,N/A,"Lakshminarayana, G.| Meza-Rocha, A.N.| Soriano-Romero, O.| Caldiño, U.| Lira, A.| Lee, D.-E.| Yoon, J.| Park, T.",Benemerita Universidad Autonoma de Puebla| Universidad Autónoma Metropolitana| Hanyang University| Kyungpook National University| Universidad Autonoma del Estado de Mexico,South Korea| Mexico,0
56110056100,56110056100,Exploration of concentration-reliant optical and luminescence aspects of Sm3+: B2O3-Gd2O3-Li2O-Na2O-LiF glasses for color displays and visible lasers utilization,"Lakshminarayana, G.| Meza-Rocha, A.N.| Soriano-Romero, O.| Caldiño, U.| Lira, A.| Lee, D.-E.| Yoon, J.| Park, T.",8.0,57194637883| 37063511900| 57201460286| 56110056100| 6603757680| 56605563300| 56449838900| 55717001200,2022.0,2022-12-10,Journal of Alloys and Compounds,926,-,-,166936,ISSN-09258388,12325.0,Journal,Elsevier Ltd,English,1.32,17,10.9,5,1.079,9,2.14,49.0,16.0,1.15,13.07,20.0,25.0,0.0,0.0,"Lakshminarayana, G., Meza-Rocha, A.N., Soriano-Romero, O. and 5 more (...) (2022).Exploration of concentration-reliant optical and luminescence aspects of Sm3+: B2O3-Gd2O3-Li2O-Na2O-LiF glasses for color displays and visible lasers utilization. Journal of Alloys and Compounds,926",https://www.scopus.com/record/display.url?eid=2-s2.0-85137103199&origin=resultslist,10.1016/j.jallcom.2022.166936,Article,,2-s2.0-85137103199,-,Benemerita Universidad Autonoma de Puebla| Universidad Autónoma Metropolitana| Hanyang University| Kyungpook National University| Universidad Autonoma del Estado de Mexico,505001| 505017| 209025| 209055| 505051,Academic,5.0,60012704| 60024830| 60028381| 60002281| 60211585,Kyungpook National University (KNU)| Benemérita Universidad Autónoma de Puebla| Universidad Autónoma Metropolitana -Unidad Iztapalapa| Universidad Autónoma del Estado de México| Hanyang University ERICA Campus,57194637883,55717001200,57194637883,-,South Korea| Mexico,2.0,2210| 2211| 2505| 2506,Mechanical Engineering| Mechanics of Materials| Materials Chemistry| Metals and Alloys,4| 2,Natural Sciences| Engineering & Technology,433| 222,Materials Science| Engineering - Mechanical,36,Engineering,51| 40,Physical Sciences| Engineering,4016| 5104,Materials engineering| Condensed matter physics,-,Luminescence Properties of Glass Materials,1092,32.309,Optical Properties and Energy Transfer in Glass Materials,386,98.212,Definitive,2022.0,16.0,N/A,"Lakshminarayana, G.| Meza-Rocha, A.N.| Soriano-Romero, O.| Caldiño, U.| Lira, A.| Lee, D.-E.| Yoon, J.| Park, T.",Benemerita Universidad Autonoma de Puebla| Universidad Autónoma Metropolitana| Hanyang University| Kyungpook National University| Universidad Autonoma del Estado de Mexico,South Korea| Mexico,0
56110056100,56110056100,Spectroscopic evaluation a new and novel Nd3+/Yb3+ co-doped CdO-V2O5 glass system for 1 μm laser application,"Soriano-Romero, O.| Lozada-Morales, R.| Caldiño, U.| Méndez-Blas, A.| Falcony, C.| Álvarez, E.| Palomino-Ovando, M.| Meza-Rocha, A.N.",8.0,57201460286| 6603702293| 56110056100| 56000769300| 7006061381| 57211382978| 6508225500| 37063511900,2019.0,2019-03-10,Journal of Alloys and Compounds,777,-,886-893,-,ISSN-09258388,12325.0,Journal,Elsevier Ltd,English,1.47,13,7.6,7,1.055,9,1.95,74.0,16.0,1.09,11.02,30.0,27.0,0.0,0.0,"Soriano-Romero, O., Lozada-Morales, R., Caldiño, U. and 5 more (...) (2019).Spectroscopic evaluation a new and novel Nd3+/Yb3+ co-doped CdO-V2O5 glass system for 1 μm laser application. Journal of Alloys and Compounds,777886-893",https://www.scopus.com/record/display.url?eid=2-s2.0-85056498006&origin=resultslist,10.1016/j.jallcom.2018.10.370,Article,,2-s2.0-85056498006,-,Benemerita Universidad Autonoma de Puebla| Centro de Investigacion y de Estudios Avanzados del Instituto Politécnico Nacional| Universidad Autónoma Metropolitana| Universidad de Sonora,505001| 505002| 505017| 505021,Academic| Government,4.0,60024830| 60017323| 60032897| 60028381,Benemérita Universidad Autónoma de Puebla| Centro de Investigacion y de Estudios Avanzados del Instituto Politécnico Nacional| Universidad de Sonora| Universidad Autónoma Metropolitana -Unidad Iztapalapa,57201460286,37063511900,37063511900,-,Mexico,1.0,2210| 2211| 2505| 2506,Mechanical Engineering| Mechanics of Materials| Materials Chemistry| Metals and Alloys,2| 4,Engineering & Technology| Natural Sciences,433| 222,Materials Science| Engineering - Mechanical,36,Engineering,40| 51,Engineering| Physical Sciences,4016| 5104,Materials engineering| Condensed matter physics,-,Luminescence Properties of Glass Materials,1092,32.309,Optical Properties and Energy Transfer in Glass Materials,386,98.212,Definitive,2019.0,16.0,N/A,"Soriano-Romero, O.| Lozada-Morales, R.| Caldiño, U.| Méndez-Blas, A.| Falcony, C.| Álvarez, E.| Palomino-Ovando, M.| Meza-Rocha, A.N.",Benemerita Universidad Autonoma de Puebla| Centro de Investigacion y de Estudios Avanzados del Instituto Politécnico Nacional| Universidad Autónoma Metropolitana| Universidad de Sonora,Mexico,0
56110056100,56110056100,Tunable white light emission in zinc phosphate glasses activated with Agmn+ clusters and Sm3+,"Soriano-Romero, O.| Flores-Cruz, R.L.| Lozada-Morales, R.| Caldiño, U.| Falcony, C.| Cármona-Téllez, S.| Camarillo, I.| Méndez-Blas, A.| Meza-Rocha, A.N.",9.0,57201460286| 57214933486| 6603702293| 56110056100| 7006061381| 23566502900| 36840147200| 56000769300| 37063511900,2020.0,2020-06-01,Journal of Luminescence,222,-,-,117104,ISSN-00222313,12179.0,Journal,Elsevier B.V.,English,0.95,35,6.1,17,0.652,31,1.43,40.0,15.0,0.62,13.0,31.0,41.0,0.0,0.0,"Soriano-Romero, O., Flores-Cruz, R.L., Lozada-Morales, R. and 6 more (...) (2020).Tunable white light emission in zinc phosphate glasses activated with Agmn+ clusters and Sm3+. Journal of Luminescence,222",https://www.scopus.com/record/display.url?eid=2-s2.0-85079547069&origin=resultslist,10.1016/j.jlumin.2020.117104,Article,,2-s2.0-85079547069,-,Benemerita Universidad Autonoma de Puebla| Centro de Investigacion y de Estudios Avanzados del Instituto Politécnico Nacional| Universidad Autónoma Metropolitana,505001| 505002| 505017,Government| Academic,3.0,60024830| 60028381| 60017323,Benemérita Universidad Autónoma de Puebla| Universidad Autónoma Metropolitana -Unidad Iztapalapa| Centro de Investigacion y de Estudios Avanzados del Instituto Politécnico Nacional,57201460286,37063511900,37063511900,-,Mexico,1.0,1303| 1304| 1600| 3104| 3107,"Biochemistry| Biophysics| General Chemistry| Condensed Matter Physics| Atomic and Molecular Physics, and Optics",5| 4,Life Sciences & Medicine| Natural Sciences,409| 507| 439,Chemistry| Biological Sciences| Physics & Astronomy,37| 32,Physical Sciences| Life Sciences,34,Chemical Sciences,3402,Inorganic chemistry,-,Luminescence Properties of Glass Materials,1092,32.309,Optical Properties of Silver Nanoparticle-Embedded Glasses,18888,82.289,Very Good,2020.0,15.0,N/A,"Soriano-Romero, O.| Flores-Cruz, R.L.| Lozada-Morales, R.| Caldiño, U.| Falcony, C.| Cármona-Téllez, S.| Camarillo, I.| Méndez-Blas, A.| Meza-Rocha, A.N.",Benemerita Universidad Autonoma de Puebla| Centro de Investigacion y de Estudios Avanzados del Instituto Politécnico Nacional| Universidad Autónoma Metropolitana,Mexico,0
56110056100,56110056100,Sodium zinc phosphate glasses doped with Tb3+ and Tb3+/Eu3+ as multicolor phosphor for green laser stimulated emission and WLED applications,"Francisco-Rodríguez, H.I.| Soriano-Romero, O.| Meza-Rocha, A.N.| Caldiño, U.",4.0,59164242700| 57201460286| 37063511900| 56110056100,2024.0,2024-01-01,Optical Materials,147,-,-,114776,ISSN-09253467,12318.0,Journal,Elsevier B.V.,English,0.95,32,6.8,20,0.699,25,1.51,17.0,14.0,2.09,6.68,10.0,13.0,0.0,0.0,"Francisco-Rodríguez, H.I., Soriano-Romero, O., Meza-Rocha, A.N. and 1 more (...) (2024).Sodium zinc phosphate glasses doped with Tb3+ and Tb3+/Eu3+ as multicolor phosphor for green laser stimulated emission and WLED applications. Optical Materials,147",https://www.scopus.com/record/display.url?eid=2-s2.0-85181174750&origin=resultslist,10.1016/j.optmat.2023.114776,Article,,2-s2.0-85181174750,-,Consejo Nacional de Ciencia y Tecnologia Mexico| Benemerita Universidad Autonoma de Puebla| Universidad Autónoma Metropolitana,704696| 505001| 505017,Government| Academic,3.0,60028381| 60024830| 60027998,"Universidad Autónoma Metropolitana -Unidad Iztapalapa| Benemérita Universidad Autónoma de Puebla| Secretaría de Ciencia, Humanidades, Tecnología e Innovación",59164242700,56110056100,56110056100,-,Mexico,1.0,1604| 1605| 1606| 1607| 2208| 2504| 3107,"Inorganic Chemistry| Organic Chemistry| Physical and Theoretical Chemistry| Spectroscopy| Electrical and Electronic Engineering| Electronic, Optical and Magnetic Materials| Atomic and Molecular Physics, and Optics",4| 2,Natural Sciences| Engineering & Technology,433| 221| 439| 249| 409,Materials Science| Engineering - Electrical & Electronic| Physics & Astronomy| Engineering - Petroleum| Chemistry,37| 36,Physical Sciences| Engineering,51,Physical Sciences,5104| 5102,"Condensed matter physics| Atomic, molecular and optical physics",-,Luminescence Properties of Glass Materials,1092,32.309,Optical Properties and Energy Transfer in Glass Materials,386,98.212,Definitive,2024.0,14.0,N/A,"Francisco-Rodríguez, H.I.| Soriano-Romero, O.| Meza-Rocha, A.N.| Caldiño, U.",Consejo Nacional de Ciencia y Tecnologia Mexico| Benemerita Universidad Autonoma de Puebla| Universidad Autónoma Metropolitana,Mexico,0
56110056100,56110056100,High laser performance of an Al3+ and Nd3+-codoping in sodium-borotellurite glass for NIR broadband laser application,"Lira, A.| Vázquez, G.V.| Camarillo, I.| Caldiño, U.| Muñoz H, G.| Orozco, J.| Ruvalcaba, J.L.| Ortega, M.M.",8.0,6603757680| 56597587400| 36840147200| 56110056100| 55665083500| 23016278200| 55513773200| 58026639700,2023.0,2023-03-01,Journal of Luminescence,255,-,-,119545,ISSN-00222313,12179.0,Journal,Elsevier B.V.,English,0.86,36,6.7,20,0.589,33,2.5,43.0,14.0,1.3,10.79,17.0,22.0,0.0,0.0,"Lira, A., Vázquez, G.V., Camarillo, I. and 5 more (...) (2023).High laser performance of an Al3+ and Nd3+-codoping in sodium-borotellurite glass for NIR broadband laser application. Journal of Luminescence,255",https://www.scopus.com/record/display.url?eid=2-s2.0-85144569115&origin=resultslist,10.1016/j.jlumin.2022.119545,Article,,2-s2.0-85144569115,-,Universidad Autónoma Metropolitana| Universidad Autonoma del Estado de Mexico| Universidad Nacional Autónoma de México| Centro de Investigaciones en Optica,505017| 505051| 505023| 505027,Government| Academic,4.0,60002281| 60030794| 60028381| 60032442,"Universidad Autónoma del Estado de México| Centro de Investigaciones en Optica, A.C.| Universidad Autónoma Metropolitana -Unidad Iztapalapa| Universidad Nacional Autónoma de México",6603757680,58026639700,6603757680,-,Mexico,1.0,1303| 1304| 1600| 3104| 3107,"Biochemistry| Biophysics| General Chemistry| Condensed Matter Physics| Atomic and Molecular Physics, and Optics",5| 4,Life Sciences & Medicine| Natural Sciences,507| 439| 409,Biological Sciences| Physics & Astronomy| Chemistry,37| 32,Physical Sciences| Life Sciences,34,Chemical Sciences,3402,Inorganic chemistry,-,Luminescence Properties of Glass Materials,1092,32.309,Optical Properties and Energy Transfer in Glass Materials,386,98.212,Definitive,2023.0,14.0,N/A,"Lira, A.| Vázquez, G.V.| Camarillo, I.| Caldiño, U.| Muñoz H, G.| Orozco, J.| Ruvalcaba, J.L.| Ortega, M.M.",Universidad Autónoma Metropolitana| Universidad Autonoma del Estado de Mexico| Universidad Nacional Autónoma de México| Centro de Investigaciones en Optica,Mexico,0
56110056100,56110056100,Li2O–Al2O3–ZnO–P2O5:Dy3+/Sm3+/Eu3+ glasses for solid-state yellow laser and color tunable phosphor applications,"Gálvez-Sandoval, J.L.N.| González-Suárez, E.| Meza-Rocha, A.N.| Lira, A.| Bordignon, S.| Speghini, A.| Caldiño, U.",7.0,57203361396| 57226321622| 37063511900| 6603757680| 57201464147| 22036338000| 56110056100,2021.0,2021-08-01,Journal of Materials Science: Materials in Electronics,32,16,21539-21552,-,ISSN-09574522,21177.0,Journal,Springer,English,0.63,55,4.2,34,0.464,43,0.69,14.0,12.0,0.4,12.51,32.0,54.0,0.0,0.0,"Gálvez-Sandoval, J.L.N., González-Suárez, E., Meza-Rocha, A.N. and 4 more (...) (2021).Li2O–Al2O3–ZnO–P2O5:Dy3+/Sm3+/Eu3+ glasses for solid-state yellow laser and color tunable phosphor applications. Journal of Materials Science: Materials in Electronics,32(16) 21539-21552",https://www.scopus.com/record/display.url?eid=2-s2.0-85111140974&origin=resultslist,10.1007/s10854-021-06662-3,Article,,2-s2.0-85111140974,-,Benemerita Universidad Autonoma de Puebla| Universidad Autónoma Metropolitana| University of Verona| National Research Council of Italy| Universidad Autonoma del Estado de Mexico,505001| 505017| 321075| 321003| 505051,Academic| Government,5.0,60028381| 60024830| 60002281| 60032256| 60002324,Universidad Autónoma Metropolitana -Unidad Iztapalapa| Benemérita Universidad Autónoma de Puebla| Universidad Autónoma del Estado de México| Università degli Studi di Verona| Istituto Di Fisica Applicata Nello Carrara,57203361396,56110056100,56110056100,-,Mexico| Italy,2.0,2208| 2504| 3104| 3107,"Electrical and Electronic Engineering| Electronic, Optical and Magnetic Materials| Condensed Matter Physics| Atomic and Molecular Physics, and Optics",2| 4,Engineering & Technology| Natural Sciences,249| 221| 439| 433,Engineering - Petroleum| Engineering - Electrical & Electronic| Physics & Astronomy| Materials Science,37| 36,Physical Sciences| Engineering,40| 51,Engineering| Physical Sciences,5104| 4016,Condensed matter physics| Materials engineering,-,Luminescence Properties of Glass Materials,1092,32.309,Optical Properties and Energy Transfer in Glass Materials,386,98.212,Definitive,2021.0,12.0,N/A,"Gálvez-Sandoval, J.L.N.| González-Suárez, E.| Meza-Rocha, A.N.| Lira, A.| Bordignon, S.| Speghini, A.| Caldiño, U.",Benemerita Universidad Autonoma de Puebla| Universidad Autónoma Metropolitana| University of Verona| National Research Council of Italy| Universidad Autonoma del Estado de Mexico,Mexico| Italy,0
56110056100,56110056100,"Warm-white, reddish-orange and orange light generation from lithium-aluminum-zinc phosphate glass tri-doped with Sm3+, Tb3+and Eu3+","Huerta, E.F.| González-Suárez, E.| Meza-Rocha, A.N.| Bordignon, S.| Speghini, A.| Caldiño, U.",6.0,36650789500| 57226321622| 37063511900| 57201464147| 22036338000| 56110056100,2022.0,2022-07-01,Journal of Luminescence,247,-,-,118880,ISSN-00222313,12179.0,Journal,Elsevier B.V.,English,0.96,32,7,17,0.597,32,1.31,26.0,12.0,0.86,12.84,26.0,33.0,0.0,0.0,"Huerta, E.F., González-Suárez, E., Meza-Rocha, A.N. and 3 more (...) (2022).Warm-white, reddish-orange and orange light generation from lithium-aluminum-zinc phosphate glass tri-doped with Sm3+, Tb3+and Eu3+. Journal of Luminescence,247",https://www.scopus.com/record/display.url?eid=2-s2.0-85128566865&origin=resultslist,10.1016/j.jlumin.2022.118880,Article,,2-s2.0-85128566865,-,Benemerita Universidad Autonoma de Puebla| Universidad Autónoma Metropolitana| University of Verona| National Research Council of Italy,505001| 505017| 321075| 321003,Academic| Government,4.0,60028381| 60024830| 60032256| 60002324,Universidad Autónoma Metropolitana -Unidad Iztapalapa| Benemérita Universidad Autónoma de Puebla| Università degli Studi di Verona| Istituto Di Fisica Applicata Nello Carrara,36650789500,56110056100,56110056100,-,Mexico| Italy,2.0,1303| 1304| 1600| 3104| 3107,"Biochemistry| Biophysics| General Chemistry| Condensed Matter Physics| Atomic and Molecular Physics, and Optics",4| 5,Natural Sciences| Life Sciences & Medicine,439| 507| 409,Physics & Astronomy| Biological Sciences| Chemistry,32| 37,Life Sciences| Physical Sciences,34,Chemical Sciences,3402,Inorganic chemistry,-,Luminescence Properties of Glass Materials,1092,32.309,Optical Properties and Energy Transfer in Glass Materials,386,98.212,Definitive,2022.0,12.0,N/A,"Huerta, E.F.| González-Suárez, E.| Meza-Rocha, A.N.| Bordignon, S.| Speghini, A.| Caldiño, U.",Benemerita Universidad Autonoma de Puebla| Universidad Autónoma Metropolitana| University of Verona| National Research Council of Italy,Mexico| Italy,0
56110056100,56110056100,"Multicolor emission in potassium-zinc phosphate glasses activated with Dy3+, Tb3+ and Dy3+/ Tb3+ for photonic device applications","Huerta, E.F.| Soriano-Romero, O.| Meza-Rocha, A.N.| Caldiño, U.",4.0,36650789500| 57201460286| 37063511900| 56110056100,2023.0,2023-05-01,Journal of Luminescence,257,-,-,119617,ISSN-00222313,12179.0,Journal,Elsevier B.V.,English,0.86,36,6.7,20,0.589,33,1.81,31.0,12.0,1.11,10.79,19.0,26.0,0.0,0.0,"Huerta, E.F., Soriano-Romero, O., Meza-Rocha, A.N. and 1 more (...) (2023).Multicolor emission in potassium-zinc phosphate glasses activated with Dy3+, Tb3+ and Dy3+/ Tb3+ for photonic device applications. Journal of Luminescence,257",https://www.scopus.com/record/display.url?eid=2-s2.0-85145347311&origin=resultslist,10.1016/j.jlumin.2022.119617,Article,,2-s2.0-85145347311,-,Benemerita Universidad Autonoma de Puebla| Universidad Autónoma Metropolitana,505001| 505017,Academic,2.0,60028381| 60024830,Universidad Autónoma Metropolitana -Unidad Iztapalapa| Benemérita Universidad Autónoma de Puebla,36650789500,56110056100,56110056100,-,Mexico,1.0,1303| 1304| 1600| 3104| 3107,"Biochemistry| Biophysics| General Chemistry| Condensed Matter Physics| Atomic and Molecular Physics, and Optics",5| 4,Life Sciences & Medicine| Natural Sciences,507| 439| 409,Biological Sciences| Physics & Astronomy| Chemistry,32| 37,Life Sciences| Physical Sciences,34,Chemical Sciences,3402,Inorganic chemistry,-,Luminescence Properties of Glass Materials,1092,32.309,Optical Properties and Energy Transfer in Glass Materials,386,98.212,Definitive,2023.0,12.0,N/A,"Huerta, E.F.| Soriano-Romero, O.| Meza-Rocha, A.N.| Caldiño, U.",Benemerita Universidad Autonoma de Puebla| Universidad Autónoma Metropolitana,Mexico,0
56110056100,56110056100,Phosphors emitting light yellow (laser) and light white through sodium-magnesium-borotellurite glasses activated with Dy3+,"González-Suárez, E.| Lira, A.| Mariscal-Becerra, L.| Meza-Rocha, A.N.| Caldiño, U.",5.0,57226321622| 6603757680| 57110377000| 37063511900| 56110056100,2022.0,2022-01-01,Optical Materials,123,-,-,111930,ISSN-09253467,12318.0,Journal,Elsevier B.V.,English,0.92,35,5.6,26,0.611,23,0.99,18.0,11.0,0.82,12.18,28.0,35.0,0.0,0.0,"González-Suárez, E., Lira, A., Mariscal-Becerra, L. and 2 more (...) (2022).Phosphors emitting light yellow (laser) and light white through sodium-magnesium-borotellurite glasses activated with Dy3+. Optical Materials,123",https://www.scopus.com/record/display.url?eid=2-s2.0-85121610663&origin=resultslist,10.1016/j.optmat.2021.111930,Article,,2-s2.0-85121610663,-,Benemerita Universidad Autonoma de Puebla| Universidad Autónoma Metropolitana| Universidad Autonoma del Estado de Mexico| Universidad Nacional Autónoma de México,505001| 505017| 505051| 505023,Academic,4.0,60028381| 60002281| 60032442| 60024830,Universidad Autónoma Metropolitana -Unidad Iztapalapa| Universidad Autónoma del Estado de México| Universidad Nacional Autónoma de México| Benemérita Universidad Autónoma de Puebla,57226321622,56110056100,56110056100,-,Mexico,1.0,1604| 1605| 1606| 1607| 2208| 2504| 3107,"Inorganic Chemistry| Organic Chemistry| Physical and Theoretical Chemistry| Spectroscopy| Electrical and Electronic Engineering| Electronic, Optical and Magnetic Materials| Atomic and Molecular Physics, and Optics",2| 4,Engineering & Technology| Natural Sciences,249| 221| 409| 433| 439,Engineering - Petroleum| Engineering - Electrical & Electronic| Chemistry| Materials Science| Physics & Astronomy,36| 37,Engineering| Physical Sciences,51,Physical Sciences,5102| 5104,"Atomic, molecular and optical physics| Condensed matter physics",-,Luminescence Properties of Glass Materials,1092,32.309,Optical Properties and Energy Transfer in Glass Materials,386,98.212,Definitive,2022.0,11.0,N/A,"González-Suárez, E.| Lira, A.| Mariscal-Becerra, L.| Meza-Rocha, A.N.| Caldiño, U.",Benemerita Universidad Autonoma de Puebla| Universidad Autónoma Metropolitana| Universidad Autonoma del Estado de Mexico| Universidad Nacional Autónoma de México,Mexico,0
56110056100,56110056100,"Er3+: B2O3-TeO2-ZnO-PbF2−M2O/MF (M = Li, Na, and K) glasses: An inspection of structural, thermal, optical, chromatic, and near-infrared luminescence traits for displays and potential C-band amplification","Lakshminarayana, G.| Meza-Rocha, A.N.| Soriano-Romero, O.| Caldiño, U.| Lira, A.| Yoon, J.",6.0,57194637883| 37063511900| 57201460286| 56110056100| 6603757680| 56449838900,2023.0,2023-12-15,Journal of Non-Crystalline Solids,622,-,-,122660,ISSN-00223093,28547.0,Journal,Elsevier B.V.,English,1.05,25,6.5,22,0.655,29,1.04,20.0,9.0,0.76,11.8,25.0,37.0,0.0,0.0,"Lakshminarayana, G., Meza-Rocha, A.N., Soriano-Romero, O. and 3 more (...) (2023).Er3+: B2O3-TeO2-ZnO-PbF2−M2O/MF (M = Li, Na, and K) glasses: An inspection of structural, thermal, optical, chromatic, and near-infrared luminescence traits for displays and potential C-band amplification. Journal of Non-Crystalline Solids,622",https://www.scopus.com/record/display.url?eid=2-s2.0-85174342038&origin=resultslist,10.1016/j.jnoncrysol.2023.122660,Article,,2-s2.0-85174342038,-,Benemerita Universidad Autonoma de Puebla| Universidad Autónoma Metropolitana| Hanyang University| Universidad Autonoma del Estado de Mexico,505001| 505017| 209025| 505051,Academic,4.0,60211585| 60024830| 60028381| 60002281| 127591537,Hanyang University ERICA Campus| Benemérita Universidad Autónoma de Puebla| Universidad Autónoma Metropolitana -Unidad Iztapalapa| Universidad Autónoma del Estado de México| AIDICOME Inc.,57194637883,56449838900,56449838900,-,South Korea| Mexico,2.0,2503| 2504| 2505| 3104,"Ceramics and Composites| Electronic, Optical and Magnetic Materials| Materials Chemistry| Condensed Matter Physics",4,Natural Sciences,433| 439,Materials Science| Physics & Astronomy,36| 37,Engineering| Physical Sciences,40| 51| 34,Engineering| Physical Sciences| Chemical Sciences,5104| 3403| 4016,Condensed matter physics| Macromolecular and materials chemistry| Materials engineering,-,Luminescence Properties of Glass Materials,1092,32.309,Optical Properties and Energy Transfer in Glass Materials,386,98.212,Definitive,2023.0,9.0,N/A,"Lakshminarayana, G.| Meza-Rocha, A.N.| Soriano-Romero, O.| Caldiño, U.| Lira, A.| Yoon, J.",Benemerita Universidad Autonoma de Puebla| Universidad Autónoma Metropolitana| Hanyang University| Universidad Autonoma del Estado de Mexico,South Korea| Mexico,0
56110056100,56110056100,Spectroscopy evaluation of crystalline and amorphous Cd2V2O7 as blue phosphors,"Cervantes-Juárez, E.| Meza-Rocha, A.N.| Licona-Ibarra, R.| Caldiño, U.| Alvarez-Ramos, E.| Quiñones-Galván, J.G.| Lozada-Morales, R.",7.0,56157423400| 37063511900| 36698147300| 56110056100| 57212603574| 51665718900| 6603702293,2018.0,2018-03-01,Journal of Luminescence,195,-,234-239,-,ISSN-00222313,12179.0,Journal,Elsevier B.V.,English,1.08,26,4.8,22,0.645,28,2.3,65.0,9.0,0.42,11.93,44.0,51.0,0.0,0.0,"Cervantes-Juárez, E., Meza-Rocha, A.N., Licona-Ibarra, R. and 4 more (...) (2018).Spectroscopy evaluation of crystalline and amorphous Cd2V2O7 as blue phosphors. Journal of Luminescence,195234-239",https://www.scopus.com/record/display.url?eid=2-s2.0-85037139780&origin=resultslist,10.1016/j.jlumin.2017.11.030,Article,,2-s2.0-85037139780,-,Consejo Nacional de Ciencia y Tecnologia Mexico| Benemerita Universidad Autonoma de Puebla| Universidad Autónoma Metropolitana| Universidad de Sonora| Universidad de Guadalajara,704696| 505001| 505017| 505021| 505019,Academic| Government,5.0,60024830| 60027998| 60032897| 60008943| 60028381,"Benemérita Universidad Autónoma de Puebla| Secretaría de Ciencia, Humanidades, Tecnología e Innovación| Universidad de Sonora| Universidad de Guadalajara| Universidad Autónoma Metropolitana -Unidad Iztapalapa",56157423400,6603702293,6603702293,-,Mexico,1.0,1303| 1304| 1600| 3104| 3107,"Biochemistry| Biophysics| General Chemistry| Condensed Matter Physics| Atomic and Molecular Physics, and Optics",4| 5,Natural Sciences| Life Sciences & Medicine,439| 507| 409,Physics & Astronomy| Biological Sciences| Chemistry,32| 37,Life Sciences| Physical Sciences,34,Chemical Sciences,3402,Inorganic chemistry,-,Luminescent Phosphors and Upconversion Nanomaterials Applications,58,96.01,Photoluminescence and Energy Transfer in Phosphors,4994,86.484,Defensible,2018.0,9.0,N/A,"Cervantes-Juárez, E.| Meza-Rocha, A.N.| Licona-Ibarra, R.| Caldiño, U.| Alvarez-Ramos, E.| Quiñones-Galván, J.G.| Lozada-Morales, R.",Consejo Nacional de Ciencia y Tecnologia Mexico| Benemerita Universidad Autonoma de Puebla| Universidad Autónoma Metropolitana| Universidad de Sonora| Universidad de Guadalajara,Mexico,0
56110056100,56110056100,Multicolor emission in Agmn+ clusters and Eu3+ activated ZnO–P2O5 glasses achieved under near ultraviolet light excitation,"Soriano-Romero, O.| Juárez-Rayón, I.| Carmona-Téllez, S.| Alarcón-Flores, G.| Lozada-Morales, R.| Caldiño, U.| Falcony, C.| Méndez-Blas, A.| Meza-Rocha, A.N.",9.0,57201460286| 57362959300| 23566502900| 14051621400| 6603702293| 56110056100| 57217063539| 56000769300| 37063511900,2022.0,2022-01-01,Optical Materials,123,-,-,111833,ISSN-09253467,12318.0,Journal,Elsevier B.V.,English,0.92,35,5.6,26,0.611,23,1.54,29.0,9.0,0.74,12.18,33.0,38.0,0.0,0.0,"Soriano-Romero, O., Juárez-Rayón, I., Carmona-Téllez, S. and 6 more (...) (2022).Multicolor emission in Agmn+ clusters and Eu3+ activated ZnO–P2O5 glasses achieved under near ultraviolet light excitation. Optical Materials,123",https://www.scopus.com/record/display.url?eid=2-s2.0-85120615740&origin=resultslist,10.1016/j.optmat.2021.111833,Article,,2-s2.0-85120615740,-,Benemerita Universidad Autonoma de Puebla| Centro de Investigacion y de Estudios Avanzados del Instituto Politécnico Nacional| Universidad Autónoma Metropolitana| Instituto Politécnico Nacional,505001| 505002| 505017| 505011,Academic| Government,4.0,60024830| 60013076| 60019176| 60028381| 60017323,Benemérita Universidad Autónoma de Puebla| Centro de Investigacion en Ciencia Aplicada y Tecnologia Avanzada| Instituto Politécnico Nacional| Universidad Autónoma Metropolitana -Unidad Iztapalapa| Centro de Investigacion y de Estudios Avanzados del Instituto Politécnico Nacional,57201460286,37063511900,37063511900,-,Mexico,1.0,1604| 1605| 1606| 1607| 2208| 2504| 3107,"Inorganic Chemistry| Organic Chemistry| Physical and Theoretical Chemistry| Spectroscopy| Electrical and Electronic Engineering| Electronic, Optical and Magnetic Materials| Atomic and Molecular Physics, and Optics",4| 2,Natural Sciences| Engineering & Technology,439| 409| 433| 249| 221,Physics & Astronomy| Chemistry| Materials Science| Engineering - Petroleum| Engineering - Electrical & Electronic,37| 36,Physical Sciences| Engineering,51,Physical Sciences,5104| 5102,"Condensed matter physics| Atomic, molecular and optical physics",-,Luminescence Properties of Glass Materials,1092,32.309,Optical Properties of Silver Nanoparticle-Embedded Glasses,18888,82.289,Definitive,2022.0,9.0,N/A,"Soriano-Romero, O.| Juárez-Rayón, I.| Carmona-Téllez, S.| Alarcón-Flores, G.| Lozada-Morales, R.| Caldiño, U.| Falcony, C.| Méndez-Blas, A.| Meza-Rocha, A.N.",Benemerita Universidad Autonoma de Puebla| Centro de Investigacion y de Estudios Avanzados del Instituto Politécnico Nacional| Universidad Autónoma Metropolitana| Instituto Politécnico Nacional,Mexico,0
56110056100,56110056100,Tunable rare-earth-free white light emission in zinc phosphate glasses activated with Agmn+ clusters and Mn2+ ions,"Soriano-Romero, O.| Carmona-Téllez, S.| Alarcón-Flores, G.| Lozada-Morales, R.| Caldiño, U.| Juárez-Rayón, I.| Meza-Rocha, A.N.",7.0,57201460286| 23566502900| 14051621400| 6603702293| 56110056100| 57362959300| 37063511900,2022.0,2022-11-15,Ceramics International,48,22,33108-33114,-,ISSN-02728842,21522.0,Journal,Elsevier Ltd,English,1.21,21,8.8,14,0.918,18,1.16,28.0,9.0,0.55,14.49,33.0,46.0,0.0,0.0,"Soriano-Romero, O., Carmona-Téllez, S., Alarcón-Flores, G. and 4 more (...) (2022).Tunable rare-earth-free white light emission in zinc phosphate glasses activated with Agmn+ clusters and Mn2+ ions. Ceramics International,48(22) 33108-33114",https://www.scopus.com/record/display.url?eid=2-s2.0-85135517204&origin=resultslist,10.1016/j.ceramint.2022.07.245,Article,,2-s2.0-85135517204,-,Benemerita Universidad Autonoma de Puebla| Universidad Autónoma Metropolitana| Instituto Politécnico Nacional,505001| 505017| 505011,Academic,3.0,60024830| 60019176| 60013076| 60028381,Benemérita Universidad Autónoma de Puebla| Instituto Politécnico Nacional| Centro de Investigacion en Ciencia Aplicada y Tecnologia Avanzada| Universidad Autónoma Metropolitana -Unidad Iztapalapa,57201460286,37063511900,37063511900,-,Mexico,1.0,1508| 2503| 2504| 2505| 2508,"Process Chemistry and Technology| Ceramics and Composites| Electronic, Optical and Magnetic Materials| Materials Chemistry| Surfaces, Coatings and Films",4| 2,Natural Sciences| Engineering & Technology,433| 219| 249,Materials Science| Engineering - Chemical| Engineering - Petroleum,36,Engineering,34| 40| 36,Chemical Sciences| Engineering| Creative Arts And Writing,-,-,-,Luminescence Properties of Glass Materials,1092,32.309,Optical Properties of Silver Nanoparticle-Embedded Glasses,18888,82.289,Defensible,2022.0,9.0,N/A,"Soriano-Romero, O.| Carmona-Téllez, S.| Alarcón-Flores, G.| Lozada-Morales, R.| Caldiño, U.| Juárez-Rayón, I.| Meza-Rocha, A.N.",Benemerita Universidad Autonoma de Puebla| Universidad Autónoma Metropolitana| Instituto Politécnico Nacional,Mexico,0
56110056100,56110056100,"Optical spectroscopy of zinc phosphate films activated with Ce3+, Tb3+ and Mn2+ ions for white LED applications","Gálvez-Sandoval, J.L.N.| Camarillo, I.| Muñoz H, G.| Meza-Rocha, A.N.| Caldiño, U.",5.0,57203361396| 36840147200| 55665083500| 37063511900| 56110056100,2018.0,2018-10-01,Optical Materials,84,-,879-887,-,ISSN-09253467,12318.0,Journal,Elsevier B.V.,English,1.04,28,3.9,18,0.59,17,0.96,31.0,9.0,0.09,10.97,44.0,72.0,0.0,0.0,"Gálvez-Sandoval, J.L.N., Camarillo, I., Muñoz H, G. and 2 more (...) (2018).Optical spectroscopy of zinc phosphate films activated with Ce3+, Tb3+ and Mn2+ ions for white LED applications. Optical Materials,84879-887",https://www.scopus.com/record/display.url?eid=2-s2.0-85051370638&origin=resultslist,10.1016/j.optmat.2018.08.026,Article,,2-s2.0-85051370638,-,Consejo Nacional de Ciencia y Tecnologia Mexico| Benemerita Universidad Autonoma de Puebla| Universidad Autónoma Metropolitana,704696| 505001| 505017,Government| Academic,3.0,60028381| 60024830| 60027998,"Universidad Autónoma Metropolitana -Unidad Iztapalapa| Benemérita Universidad Autónoma de Puebla| Secretaría de Ciencia, Humanidades, Tecnología e Innovación",57203361396,56110056100,56110056100,-,Mexico,1.0,1604| 1605| 1606| 1607| 2208| 2504| 3107,"Inorganic Chemistry| Organic Chemistry| Physical and Theoretical Chemistry| Spectroscopy| Electrical and Electronic Engineering| Electronic, Optical and Magnetic Materials| Atomic and Molecular Physics, and Optics",2| 4,Engineering & Technology| Natural Sciences,249| 409| 433| 221| 439,Engineering - Petroleum| Chemistry| Materials Science| Engineering - Electrical & Electronic| Physics & Astronomy,37| 36,Physical Sciences| Engineering,51,Physical Sciences,5102| 5104,"Atomic, molecular and optical physics| Condensed matter physics",-,Luminescent Phosphors and Upconversion Nanomaterials Applications,58,96.01,Luminescent Properties of Europium-Doped Aluminum Oxide,94809,19.272,Weak,2018.0,9.0,N/A,"Gálvez-Sandoval, J.L.N.| Camarillo, I.| Muñoz H, G.| Meza-Rocha, A.N.| Caldiño, U.",Consejo Nacional de Ciencia y Tecnologia Mexico| Benemerita Universidad Autonoma de Puebla| Universidad Autónoma Metropolitana,Mexico,0
56110056100,56110056100,Spectroscopy evaluation of Nd3+-activated novel CdO–V2O5–ZnO–B2O3 inverted glasses for near infrared laser applications,"Espinosa-Cerón, M.Y.| Soriano-Romero, O.| Caldiño, U.| Lozada-Morales, R.| Meza-Rocha, A.N.",5.0,57223317516| 57201460286| 56110056100| 6603702293| 37063511900,2023.0,2023-08-01,Ceramics International,49,15,25283-25290,-,ISSN-02728842,21522.0,Journal,Elsevier Ltd,English,1.16,20,9.4,15,0.938,20,1.46,29.0,7.0,0.56,12.48,31.0,45.0,0.0,0.0,"Espinosa-Cerón, M.Y., Soriano-Romero, O., Caldiño, U. and 2 more (...) (2023).Spectroscopy evaluation of Nd3+-activated novel CdO–V2O5–ZnO–B2O3 inverted glasses for near infrared laser applications. Ceramics International,49(15) 25283-25290",https://www.scopus.com/record/display.url?eid=2-s2.0-85159291264&origin=resultslist,10.1016/j.ceramint.2023.05.062,Article,,2-s2.0-85159291264,-,Benemerita Universidad Autonoma de Puebla| Universidad Autónoma Metropolitana| Universidad Tecnológica de la Mixteca,505001| 505017| 717540,Academic,3.0,60011025| 60024830| 60028381,Universidad Tecnologica de la Mixteca| Benemérita Universidad Autónoma de Puebla| Universidad Autónoma Metropolitana -Unidad Iztapalapa,57223317516,37063511900,37063511900,-,Mexico,1.0,1508| 2503| 2504| 2505| 2508,"Process Chemistry and Technology| Ceramics and Composites| Electronic, Optical and Magnetic Materials| Materials Chemistry| Surfaces, Coatings and Films",2| 4,Engineering & Technology| Natural Sciences,219| 433| 249,Engineering - Chemical| Materials Science| Engineering - Petroleum,36,Engineering,34| 36| 40,Chemical Sciences| Creative Arts And Writing| Engineering,-,-,-,Luminescence Properties of Glass Materials,1092,32.309,Optical Properties and Energy Transfer in Glass Materials,386,98.212,Definitive,2023.0,7.0,N/A,"Espinosa-Cerón, M.Y.| Soriano-Romero, O.| Caldiño, U.| Lozada-Morales, R.| Meza-Rocha, A.N.",Benemerita Universidad Autonoma de Puebla| Universidad Autónoma Metropolitana| Universidad Tecnológica de la Mixteca,Mexico,0
56110056100,56110056100,Alkali/mixed alkali oxides having Nd3+: B2O3-TeO2-BaO-ZnO-NaF glasses: Perlustration of optical and luminescence traits for O-band amplification and near-infrared lasers,"Lakshminarayana, G.| Meza-Rocha, A.N.| Soriano-Romero, O.| Caldiño, U.| Lira, A.| Yoon, J.",6.0,57194637883| 37063511900| 57201460286| 56110056100| 6603757680| 56449838900,2023.0,2023-11-01,Journal of Non-Crystalline Solids,619,-,-,122573,ISSN-00223093,28547.0,Journal,Elsevier B.V.,English,1.05,25,6.5,22,0.655,29,1.2,23.0,5.0,0.42,11.8,38.0,53.0,0.0,0.0,"Lakshminarayana, G., Meza-Rocha, A.N., Soriano-Romero, O. and 3 more (...) (2023).Alkali/mixed alkali oxides having Nd3+: B2O3-TeO2-BaO-ZnO-NaF glasses: Perlustration of optical and luminescence traits for O-band amplification and near-infrared lasers. Journal of Non-Crystalline Solids,619",https://www.scopus.com/record/display.url?eid=2-s2.0-85169023507&origin=resultslist,10.1016/j.jnoncrysol.2023.122573,Article,,2-s2.0-85169023507,-,Benemerita Universidad Autonoma de Puebla| Universidad Autónoma Metropolitana| Hanyang University| Universidad Autonoma del Estado de Mexico,505001| 505017| 209025| 505051,Academic,4.0,60211585| 60024830| 60028381| 60002281| 127601449,Hanyang University ERICA Campus| Benemérita Universidad Autónoma de Puebla| Universidad Autónoma Metropolitana -Unidad Iztapalapa| Universidad Autónoma del Estado de México| AIDICOME Inc,57194637883,56449838900,56449838900,-,South Korea| Mexico,2.0,2503| 2504| 2505| 3104,"Ceramics and Composites| Electronic, Optical and Magnetic Materials| Materials Chemistry| Condensed Matter Physics",4,Natural Sciences,439| 433,Physics & Astronomy| Materials Science,37| 36,Physical Sciences| Engineering,40| 34| 51,Engineering| Chemical Sciences| Physical Sciences,3403| 4016| 5104,Macromolecular and materials chemistry| Materials engineering| Condensed matter physics,-,Luminescence Properties of Glass Materials,1092,32.309,Optical Properties and Energy Transfer in Glass Materials,386,98.212,Definitive,2023.0,5.0,N/A,"Lakshminarayana, G.| Meza-Rocha, A.N.| Soriano-Romero, O.| Caldiño, U.| Lira, A.| Yoon, J.",Benemerita Universidad Autonoma de Puebla| Universidad Autónoma Metropolitana| Hanyang University| Universidad Autonoma del Estado de Mexico,South Korea| Mexico,0
56110056100,56110056100,Optical spectroscopy of Nd3+-doped cadmium-rich borate glasses for near-infrared laser applications,"Romero-Romo, W.| Soriano-Romero, O.| Caldiño, U.| Carmona-Téllez, S.| Lozada-Morales, R.| Tomás, S.A.| Meza-Rocha, A.N.",7.0,57204136882| 57201460286| 56110056100| 23566502900| 6603702293| 7005813618| 37063511900,2024.0,2024-11-01,Journal of Materials Science: Materials in Electronics,35,32,-,2093,ISSN-09574522,21177.0,Journal,Springer,English,0.71,48,5.1,30,0.529,39,1.13,13.0,5.0,0.69,7.2,27.0,39.0,0.0,0.0,"Romero-Romo, W., Soriano-Romero, O., Caldiño, U. and 4 more (...) (2024).Optical spectroscopy of Nd3+-doped cadmium-rich borate glasses for near-infrared laser applications. Journal of Materials Science: Materials in Electronics,35(32) ",https://www.scopus.com/record/display.url?eid=2-s2.0-85209398736&origin=resultslist,10.1007/s10854-024-13792-x,Article,Hybrid gold,2-s2.0-85209398736,-,Benemerita Universidad Autonoma de Puebla| Consejo Nacional de Ciencia y Tecnologia Mexico| Centro de Investigacion y de Estudios Avanzados del Instituto Politécnico Nacional| Universidad Autónoma Metropolitana,505001| 704696| 505002| 505017,Government| Academic,4.0,60024830| 60028381| 60027998| 60017323,"Benemérita Universidad Autónoma de Puebla| Universidad Autónoma Metropolitana -Unidad Iztapalapa| Secretaría de Ciencia, Humanidades, Tecnología e Innovación| Centro de Investigacion y de Estudios Avanzados del Instituto Politécnico Nacional",57204136882,37063511900,37063511900,-,Mexico,1.0,2208| 2504| 3104| 3107,"Electrical and Electronic Engineering| Electronic, Optical and Magnetic Materials| Condensed Matter Physics| Atomic and Molecular Physics, and Optics",4| 2,Natural Sciences| Engineering & Technology,439| 221| 249| 433,Physics & Astronomy| Engineering - Electrical & Electronic| Engineering - Petroleum| Materials Science,37| 36,Physical Sciences| Engineering,40| 51,Engineering| Physical Sciences,4016| 5104,Materials engineering| Condensed matter physics,-,Luminescence Properties of Glass Materials,1092,32.309,Optical Properties and Energy Transfer in Glass Materials,386,98.212,Definitive,2024.0,5.0,N/A,"Romero-Romo, W.| Soriano-Romero, O.| Caldiño, U.| Carmona-Téllez, S.| Lozada-Morales, R.| Tomás, S.A.| Meza-Rocha, A.N.",Benemerita Universidad Autonoma de Puebla| Consejo Nacional de Ciencia y Tecnologia Mexico| Centro de Investigacion y de Estudios Avanzados del Instituto Politécnico Nacional| Universidad Autónoma Metropolitana,Mexico,0
