Autor,Autor_ID,Title,Authors,Number of Authors,Scopus Author Ids,Year,Full date,Scopus Source title,Volume,Issue,Pages,Article number,ISSN,Source ID,Source type,Publisher,Language,SNIP (publication year),SNIP percentile (publication year) *,CiteScore (publication year),CiteScore percentile (publication year) *,SJR (publication year),SJR percentile (publication year) *,Field-Weighted View Impact,Views,Citations,Field-Weighted Citation Impact,Field-Citation Average,"Outputs in Top Citation Percentiles, per percentile","Field-Weighted Outputs in Top Citation Percentiles, per percentile",Main patent families,Policy citations,Reference,Abstract,DOI,Publication type,Open Access,EID,PubMed ID,Institutions,Institution IDs,Sector,Number of Institutions,Scopus Affiliation IDs,Scopus Affiliation names,Scopus Author ID First Author,Scopus Author ID Last Author,Scopus Author ID Corresponding Author,Scopus Author ID Single Author,Country/Region,Number of Countries/Regions,All Science Journal Classification (ASJC) code,All Science Journal Classification (ASJC) field name,Quacquarelli Symonds (QS) Subject area code,Quacquarelli Symonds (QS) Subject area field name,Quacquarelli Symonds (QS) Subject code,Quacquarelli Symonds (QS) Subject field name,Times Higher Education (THE) code,Times Higher Education (THE) field name,ANZSRC FoR (2020) parent code,ANZSRC FoR (2020) parent name,ANZSRC FoR (2020) code,ANZSRC FoR (2020) name,Sustainable Development Goals (2025),Topic Cluster name,Topic Cluster number,Topic Cluster Prominence Percentile,Topic name,Topic number,Topic Prominence Percentile,Publication link to Topic strength,Año,Citas,Colaboracion,Autores,Instituciones,Regiones,Instituciones_Nacionales
56000797900,56000797900,Highly dispersive optical solitons in birefringent fibres with non-local form of nonlinear refractive index: Laplace–Adomian decomposition,"González-Gaxiola, O.| Biswas, A.| Yıldırım, Y.| Alshehri, H.M.",4.0,56000797900| 7202059726| 56988856400| 57219468258,2022.0,2022-01-01,Ukrainian Journal of Physical Optics,23,2,68-76,-,ISSN-16091833,11400153315.0,Journal,Institute of Physical Optics,English,0.65,53,3.4,52,0.408,56,1.27,19.0,123.0,10.68,11.52,1.0,1.0,0.0,0.0,"González-Gaxiola, O., Biswas, A., Yıldırım, Y. and 1 more (...) (2022).Highly dispersive optical solitons in birefringent fibres with non-local form of nonlinear refractive index: Laplace–Adomian decomposition. Ukrainian Journal of Physical Optics,23(2) 68-76",https://www.scopus.com/record/display.url?eid=2-s2.0-85130254260&origin=resultslist,10.3116/16091833/23/2/68/2022,Article,Gold,2-s2.0-85130254260,-,Dunarea de Jos University of Galati| Sefako Makgatho Health Sciences University| Alabama A and M University| Universidad Autónoma Metropolitana| Near East University| King Abdulaziz University,329012| 713698| 508001| 505017| 704928| 409001,Academic,6.0,60024080| 60008740| 60004582| 60008717| 60013269| 60006471,Universidad Autónoma Metropolitana Unidad Cuajimalpa| Alabama A and M University| King Abdulaziz University| Universitatea Dunarea de Jos din Galati| Sefako Makgatho Health Sciences University (SMU)| Yakın Doğu Üniversitesi,56000797900,57219468258,-,-,Mexico| Saudi Arabia| United States| South Africa| Cyprus| Romania,6.0,3107,"Atomic and Molecular Physics, and Optics",4,Natural Sciences,439,Physics & Astronomy,37,Physical Sciences,40| 34| 51,Engineering| Chemical Sciences| Physical Sciences,4013| 5102| 3403,"Geomatic engineering| Atomic, molecular and optical physics| Macromolecular and materials chemistry",-,Matrix Solutions for Differential Equations and Stability,849,30.085,Adomian Decomposition Methods for Nonlinear Equations,9906,89.659,Defensible,2022.0,123.0,N/A,"González-Gaxiola, O.| Biswas, A.| Yıldırım, Y.| Alshehri, H.M.",Dunarea de Jos University of Galati| Sefako Makgatho Health Sciences University| Alabama A and M University| Universidad Autónoma Metropolitana| Near East University| King Abdulaziz University,Mexico| Saudi Arabia| United States| South Africa| Cyprus| Romania,0
56000797900,56000797900,Optical solitons with Radhakrishnan–Kundu–Lakshmanan equation by Laplace–Adomian decomposition method,"González-Gaxiola, O.| Biswas, A.",2.0,56000797900| 7202059726,2019.0,2019-02-01,Optik,179,-,434-442,-,ISSN-00304026,110152.0,Journal,Elsevier GmbH,English,0.89,38,3.7,32,0.475,36,0.93,21.0,60.0,3.05,11.48,7.0,7.0,0.0,0.0,"González-Gaxiola, O., Biswas, A. (2019).Optical solitons with Radhakrishnan–Kundu–Lakshmanan equation by Laplace–Adomian decomposition method. Optik,179434-442",https://www.scopus.com/record/display.url?eid=2-s2.0-85056453811&origin=resultslist,10.1016/j.ijleo.2018.10.173,Article,,2-s2.0-85056453811,-,Alabama A and M University| Universidad Autónoma Metropolitana| Tshwane University of Technology,508001| 505017| 115003,Academic,3.0,60024080| 60008740| 60006393,Universidad Autónoma Metropolitana Unidad Cuajimalpa| Alabama A and M University| Tshwane University of Technology,56000797900,7202059726,56000797900,-,Mexico| South Africa| United States,3.0,2208| 2504| 3107,"Electrical and Electronic Engineering| Electronic, Optical and Magnetic Materials| Atomic and Molecular Physics, and Optics",2| 4,Engineering & Technology| Natural Sciences,439| 221| 249| 433,Physics & Astronomy| Engineering - Electrical & Electronic| Engineering - Petroleum| Materials Science,36| 37,Engineering| Physical Sciences,51,Physical Sciences,5102| 5108,"Atomic, molecular and optical physics| Quantum physics",-,Soliton Solutions in Nonlinear Schrödinger Dynamics,551,79.922,Nonlinear Solitary Wave Solutions,1559,99.82,Definitive,2019.0,60.0,N/A,"González-Gaxiola, O.| Biswas, A.",Alabama A and M University| Universidad Autónoma Metropolitana| Tshwane University of Technology,Mexico| South Africa| United States,0
56000797900,56000797900,Cubic-quartic bright optical solitons with improved Adomian decomposition method,"González-Gaxiola, O.| Biswas, A.| Mallawi, F.| Belic, M.R.",4.0,56000797900| 7202059726| 56708860900| 7006317289,2020.0,2020-01-01,Journal of Advanced Research,21,-,161-167,-,ISSN-20901232,19700168304.0,Journal,Elsevier B.V.,English,3.28,2,13,6,1.659,7,1.08,42.0,55.0,1.91,23.0,8.0,13.0,0.0,0.0,"González-Gaxiola, O., Biswas, A., Mallawi, F. and 1 more (...) (2020).Cubic-quartic bright optical solitons with improved Adomian decomposition method. Journal of Advanced Research,21161-167",https://www.scopus.com/record/display.url?eid=2-s2.0-85075033264&origin=resultslist,10.1016/j.jare.2019.10.004,Article,Gold|Green,2-s2.0-85075033264,32071784,Alabama A and M University| Universidad Autónoma Metropolitana| Tshwane University of Technology| Texas A&M University| Qatar Foundation HQ| Moscow Engineering Physics Institute| King Abdulaziz University,508001| 505017| 115003| 508230| 720208| 331040| 409001,Other| Academic,7.0,60024080| 60008740| 60004582| 60068673| 60006393| 60072753,Universidad Autónoma Metropolitana Unidad Cuajimalpa| Alabama A and M University| King Abdulaziz University| National Research Nuclear University MEPhI| Tshwane University of Technology| Texas A&M University at Qatar,56000797900,7006317289,-,-,Qatar| Mexico| Saudi Arabia| United States| South Africa| Russian Federation,6.0,1000,Multidisciplinary,-,-,-,-,-,-,MD,Multidisciplinary,MD,Multidisciplinary,-,Soliton Solutions in Nonlinear Schrödinger Dynamics,551,79.922,Nonlinear Solitary Wave Solutions,1559,99.82,Definitive,2020.0,55.0,N/A,"González-Gaxiola, O.| Biswas, A.| Mallawi, F.| Belic, M.R.",Alabama A and M University| Universidad Autónoma Metropolitana| Tshwane University of Technology| Texas A&M University| Qatar Foundation HQ| Moscow Engineering Physics Institute| King Abdulaziz University,Qatar| Mexico| Saudi Arabia| United States| South Africa| Russian Federation,0
56000797900,56000797900,Optical solitons in birefringent fibers for Radhakrishnan–Kundu–Lakshmanan equation with five prolific integration norms,"Yıldırım, Y.| Biswas, A.| Ekici, M.| Triki, H.| Gonzalez-Gaxiola, O.| Alzahrani, A.K.| Belic, M.R.",7.0,56988856400| 7202059726| 55076941000| 56259534300| 56000797900| 57188751419| 7006317289,2020.0,2020-04-01,Optik,208,-,-,164550,ISSN-00304026,110152.0,Journal,Elsevier GmbH,English,0.88,39,4.1,32,0.482,36,1.05,22.0,53.0,2.23,12.56,8.0,11.0,0.0,0.0,"Yıldırım, Y., Biswas, A., Ekici, M. and 4 more (...) (2020).Optical solitons in birefringent fibers for Radhakrishnan–Kundu–Lakshmanan equation with five prolific integration norms. Optik,208",https://www.scopus.com/record/display.url?eid=2-s2.0-85081935119&origin=resultslist,10.1016/j.ijleo.2020.164550,Article,,2-s2.0-85081935119,-,Yozgat Bozok University| Alabama A and M University| Universidad Autónoma Metropolitana| Tshwane University of Technology| Texas A&M University| Qatar Foundation HQ| Moscow Engineering Physics Institute| Badji Mokhtar University| Near East University| King Abdulaziz University,704965| 508001| 505017| 115003| 508230| 720208| 331040| 103001| 704928| 409001,Other| Academic,10.0,60006471| 60008740| 60004582| 60068673| 60006393| 60086284| 60068749| 60024080| 60072753,Yakın Doğu Üniversitesi| Alabama A and M University| King Abdulaziz University| National Research Nuclear University MEPhI| Tshwane University of Technology| Yozgat Bozok University| Université Badji Mokhtar - Annaba| Universidad Autónoma Metropolitana Unidad Cuajimalpa| Texas A&M University at Qatar,56988856400,7006317289,56000797900,-,Qatar| Algeria| Mexico| Saudi Arabia| South Africa| United States| Turkey| Cyprus| Russian Federation,9.0,2208| 2504| 3107,"Electrical and Electronic Engineering| Electronic, Optical and Magnetic Materials| Atomic and Molecular Physics, and Optics",4| 2,Natural Sciences| Engineering & Technology,439| 221| 433| 249,Physics & Astronomy| Engineering - Electrical & Electronic| Materials Science| Engineering - Petroleum,37| 36,Physical Sciences| Engineering,51,Physical Sciences,5108| 5102,"Quantum physics| Atomic, molecular and optical physics",-,Soliton Solutions in Nonlinear Schrödinger Dynamics,551,79.922,Nonlinear Solitary Wave Solutions,1559,99.82,Definitive,2020.0,53.0,N/A,"Yıldırım, Y.| Biswas, A.| Ekici, M.| Triki, H.| Gonzalez-Gaxiola, O.| Alzahrani, A.K.| Belic, M.R.",Yozgat Bozok University| Alabama A and M University| Universidad Autónoma Metropolitana| Tshwane University of Technology| Texas A&M University| Qatar Foundation HQ| Moscow Engineering Physics Institute| Badji Mokhtar University| Near East University| King Abdulaziz University,Qatar| Algeria| Mexico| Saudi Arabia| South Africa| United States| Turkey| Cyprus| Russian Federation,0
56000797900,56000797900,Optical Solitons and Conservation Laws for the Concatenation Model: Undetermined Coefficients and Multipliers Approach,"Biswas, A.| Vega-Guzman, J.| Kara, A.H.| Khan, S.| Triki, H.| González-Gaxiola, O.| Moraru, L.| Georgescu, P.L.",8.0,7202059726| 51162230600| 7102824845| 57193829359| 56259534300| 56000797900| 6701888991| 36725313100,2023.0,2023-01-01,Universe,9,1,-,15,ISSN-22181997,21100903488.0,Journal,MDPI,English,0.8,40,4.3,33,0.78,24,1.41,22.0,52.0,4.41,11.8,3.0,4.0,0.0,0.0,"Biswas, A., Vega-Guzman, J., Kara, A.H. and 5 more (...) (2023).Optical Solitons and Conservation Laws for the Concatenation Model: Undetermined Coefficients and Multipliers Approach. Universe,9(1) ",https://www.scopus.com/record/display.url?eid=2-s2.0-85146913303&origin=resultslist,10.3390/universe9010015,Article,Gold|Green,2-s2.0-85146913303,-,Dunarea de Jos University of Galati| Grambling State University| Sefako Makgatho Health Sciences University| Alabama A and M University| Universidad Autónoma Metropolitana| University of the Witwatersrand| Badji Mokhtar University| King Abdulaziz University| Lamar University,329012| 708587| 713698| 508001| 505017| 115011| 103001| 409001| 508098,Academic,9.0,60030731| 60004582| 60013269| 60008717| 126630232| 60011442| 60016218| 60008740| 60068749| 60024080,"Grambling State University| King Abdulaziz University| Sefako Makgatho Health Sciences University (SMU)| Universitatea Dunarea de Jos din Galati| National Research Nuclear University| Lamar University| University of the Witwatersrand, Johannesburg| Alabama A and M University| Université Badji Mokhtar - Annaba| Universidad Autónoma Metropolitana Unidad Cuajimalpa",7202059726,36725313100,6701888991,-,Algeria| Mexico| Saudi Arabia| United States| South Africa| Russian Federation| Romania,7.0,3100,General Physics and Astronomy,4,Natural Sciences,439,Physics & Astronomy,37,Physical Sciences,51| MD,Physical Sciences| Multidisciplinary,5107| MD| 5101,Particle and high energy physics| Multidisciplinary| Astronomical sciences,-,Soliton Solutions in Nonlinear Schrödinger Dynamics,551,79.922,Nonlinear Solitary Wave Solutions,1559,99.82,Definitive,2023.0,52.0,N/A,"Biswas, A.| Vega-Guzman, J.| Kara, A.H.| Khan, S.| Triki, H.| González-Gaxiola, O.| Moraru, L.| Georgescu, P.L.",Dunarea de Jos University of Galati| Grambling State University| Sefako Makgatho Health Sciences University| Alabama A and M University| Universidad Autónoma Metropolitana| University of the Witwatersrand| Badji Mokhtar University| King Abdulaziz University| Lamar University,Algeria| Mexico| Saudi Arabia| United States| South Africa| Russian Federation| Romania,0
56000797900,56000797900,W-shaped optical solitons of Chen–Lee–Liu equation by Laplace–Adomian decomposition method,"González-Gaxiola, O.| Biswas, A.",2.0,56000797900| 7202059726,2018.0,2018-08-01,Optical and Quantum Electronics,50,8,-,314,ISSN-03068919,12313.0,Journal,Springer New York LLC,English,0.67,52,2.5,42,0.355,40,0.94,23.0,47.0,1.97,11.15,11.0,13.0,0.0,0.0,"González-Gaxiola, O., Biswas, A. (2018).W-shaped optical solitons of Chen–Lee–Liu equation by Laplace–Adomian decomposition method. Optical and Quantum Electronics,50(8) ",https://www.scopus.com/record/display.url?eid=2-s2.0-85051086978&origin=resultslist,10.1007/s11082-018-1583-0,Article,,2-s2.0-85051086978,-,Alabama A and M University| Universidad Autónoma Metropolitana| Tshwane University of Technology,508001| 505017| 115003,Academic,3.0,60024080| 60008740| 60006393,Universidad Autónoma Metropolitana Unidad Cuajimalpa| Alabama A and M University| Tshwane University of Technology,56000797900,7202059726,56000797900,-,Mexico| United States| South Africa,3.0,2208| 2504| 3107,"Electrical and Electronic Engineering| Electronic, Optical and Magnetic Materials| Atomic and Molecular Physics, and Optics",2| 4,Engineering & Technology| Natural Sciences,439| 433| 249| 221,Physics & Astronomy| Materials Science| Engineering - Petroleum| Engineering - Electrical & Electronic,37| 36,Physical Sciences| Engineering,51,Physical Sciences,5108| 5102,"Quantum physics| Atomic, molecular and optical physics",-,Soliton Solutions in Nonlinear Schrödinger Dynamics,551,79.922,Nonlinear Solitary Wave Solutions,1559,99.82,Definitive,2018.0,47.0,N/A,"González-Gaxiola, O.| Biswas, A.",Alabama A and M University| Universidad Autónoma Metropolitana| Tshwane University of Technology,Mexico| United States| South Africa,0
56000797900,56000797900,Optical soliton perturbation of Fokas-Lenells equation by the Laplace-Adomian decomposition algorithm,"González-Gaxiola, O.| Biswas, A.| Belic, M.R.",3.0,56000797900| 7202059726| 7006317289,2019.0,2019-12-01,Journal of the European Optical Society,15,1,-,13,ISSN-19902573,11600154097.0,Journal,Springer International Publishing,English,0.94,35,2.5,55,0.421,54,1.26,25.0,44.0,1.09,10.99,11.0,27.0,0.0,0.0,"González-Gaxiola, O., Biswas, A., Belic, M.R. (2019).Optical soliton perturbation of Fokas-Lenells equation by the Laplace-Adomian decomposition algorithm. Journal of the European Optical Society,15(1) ",https://www.scopus.com/record/display.url?eid=2-s2.0-85067593392&origin=resultslist,10.1186/s41476-019-0111-6,Article,Gold|Green,2-s2.0-85067593392,-,Alabama A and M University| Universidad Autónoma Metropolitana| Tshwane University of Technology| Texas A&M University| Qatar Foundation HQ| King Abdulaziz University,508001| 505017| 115003| 508230| 720208| 409001,Other| Academic,6.0,60024080| 60008740| 60004582| 60006393| 60072753,Universidad Autónoma Metropolitana Unidad Cuajimalpa| Alabama A and M University| King Abdulaziz University| Tshwane University of Technology| Texas A&M University at Qatar,56000797900,7006317289,56000797900,-,Qatar| Mexico| Saudi Arabia| United States| South Africa,5.0,3107,"Atomic and Molecular Physics, and Optics",4,Natural Sciences,439,Physics & Astronomy,37,Physical Sciences,51,Physical Sciences,5102,"Atomic, molecular and optical physics",-,Soliton Solutions in Nonlinear Schrödinger Dynamics,551,79.922,Nonlinear Solitary Wave Solutions,1559,99.82,Definitive,2019.0,44.0,N/A,"González-Gaxiola, O.| Biswas, A.| Belic, M.R.",Alabama A and M University| Universidad Autónoma Metropolitana| Tshwane University of Technology| Texas A&M University| Qatar Foundation HQ| King Abdulaziz University,Qatar| Mexico| Saudi Arabia| United States| South Africa,0
56000797900,56000797900,Highly dispersive optical solitons with quadratic–cubic law of refractive index by the variational iteration method,"González-Gaxiola, O.| Biswas, A.| Ekici, M.| Khan, S.",4.0,56000797900| 7202059726| 55076941000| 57193829359,2022.0,2022-03-01,Journal of Optics (India),51,1,29-36,-,ISSN-09728821,12185.0,Journal,Springer,English,0.66,52,2.5,65,0.304,70,1.34,52.0,44.0,2.95,11.52,6.0,7.0,0.0,0.0,"González-Gaxiola, O., Biswas, A., Ekici, M. and 1 more (...) (2022).Highly dispersive optical solitons with quadratic–cubic law of refractive index by the variational iteration method. Journal of Optics (India),51(1) 29-36",https://www.scopus.com/record/display.url?eid=2-s2.0-85098497591&origin=resultslist,10.1007/s12596-020-00671-x,Article,,2-s2.0-85098497591,-,Yozgat Bozok University| Sefako Makgatho Health Sciences University| Alabama A and M University| Universidad Autónoma Metropolitana| Moscow Engineering Physics Institute| King Abdulaziz University,704965| 713698| 508001| 505017| 331040| 409001,Academic,6.0,60024080| 60008740| 60004582| 60068673| 60013269| 60086284,Universidad Autónoma Metropolitana Unidad Cuajimalpa| Alabama A and M University| King Abdulaziz University| National Research Nuclear University MEPhI| Sefako Makgatho Health Sciences University (SMU)| Yozgat Bozok University,56000797900,57193829359,56000797900,-,Mexico| Saudi Arabia| South Africa| United States| Turkey| Russian Federation,6.0,3107,"Atomic and Molecular Physics, and Optics",4,Natural Sciences,439,Physics & Astronomy,37,Physical Sciences,40| 51,Engineering| Physical Sciences,4099| 5102| 4013,"Other engineering| Atomic, molecular and optical physics| Geomatic engineering",-,Soliton Solutions in Nonlinear Schrödinger Dynamics,551,79.922,Nonlinear Solitary Wave Solutions,1559,99.82,Definitive,2022.0,44.0,N/A,"González-Gaxiola, O.| Biswas, A.| Ekici, M.| Khan, S.",Yozgat Bozok University| Sefako Makgatho Health Sciences University| Alabama A and M University| Universidad Autónoma Metropolitana| Moscow Engineering Physics Institute| King Abdulaziz University,Mexico| Saudi Arabia| South Africa| United States| Turkey| Russian Federation,0
56000797900,56000797900,"Akhmediev breathers, Peregrine solitons and Kuznetsov-Ma solitons in optical fibers and PCF by Laplace-Adomian decomposition method","González-Gaxiola, O.| Biswas, A.",2.0,56000797900| 7202059726,2018.0,2018-11-01,Optik,172,-,930-939,-,ISSN-00304026,110152.0,Journal,Elsevier GmbH,English,0.84,40,2.7,38,0.404,37,0.57,13.0,39.0,1.97,11.15,14.0,13.0,0.0,0.0,"González-Gaxiola, O., Biswas, A. (2018).Akhmediev breathers, Peregrine solitons and Kuznetsov-Ma solitons in optical fibers and PCF by Laplace-Adomian decomposition method. Optik,172930-939",https://www.scopus.com/record/display.url?eid=2-s2.0-85050818550&origin=resultslist,10.1016/j.ijleo.2018.07.102,Article,,2-s2.0-85050818550,-,Alabama A and M University| Universidad Autónoma Metropolitana| Tshwane University of Technology,508001| 505017| 115003,Academic,3.0,60024080| 60008740| 60006393,Universidad Autónoma Metropolitana Unidad Cuajimalpa| Alabama A and M University| Tshwane University of Technology,56000797900,7202059726,56000797900,-,Mexico| South Africa| United States,3.0,2208| 2504| 3107,"Electrical and Electronic Engineering| Electronic, Optical and Magnetic Materials| Atomic and Molecular Physics, and Optics",2| 4,Engineering & Technology| Natural Sciences,439| 249| 433| 221,Physics & Astronomy| Engineering - Petroleum| Materials Science| Engineering - Electrical & Electronic,37| 36,Physical Sciences| Engineering,51,Physical Sciences,5102| 5108,"Atomic, molecular and optical physics| Quantum physics",-,Soliton Solutions in Nonlinear Schrödinger Dynamics,551,79.922,Nonlinear Solitary Wave Solutions,1559,99.82,Very Good,2018.0,39.0,N/A,"González-Gaxiola, O.| Biswas, A.",Alabama A and M University| Universidad Autónoma Metropolitana| Tshwane University of Technology,Mexico| South Africa| United States,0
56000797900,56000797900,Highly dispersive W–shaped and other optical solitons with quadratic–cubic nonlinearity: Symmetry analysis and new Kudryashov's method,"Yadav, R.| Malik, S.| Kumar, S.| Sharma, R.| Biswas, A.| Yıldırım, Y.| González-Gaxiola, O.| Moraru, L.| Alghamdi, A.A.",9.0,58413508700| 57214669793| 57221503066| 59292196700| 7202059726| 56988856400| 56000797900| 6701888991| 58063028300,2023.0,2023-08-01,"Chaos, Solitons and Fractals",173,-,-,113675,ISSN-09600779,25347.0,Journal,Elsevier Ltd,English,1.75,8,13.2,2,1.349,9,3.87,48.0,34.0,4.36,7.79,5.0,4.0,0.0,0.0,"Yadav, R., Malik, S., Kumar, S. and 6 more (...) (2023).Highly dispersive W–shaped and other optical solitons with quadratic–cubic nonlinearity: Symmetry analysis and new Kudryashov's method. Chaos, Solitons and Fractals,173",https://www.scopus.com/record/display.url?eid=2-s2.0-85162961025&origin=resultslist,10.1016/j.chaos.2023.113675,Article,,2-s2.0-85162961025,-,"Dunarea de Jos University of Galati| Grambling State University| Sefako Makgatho Health Sciences University| Universidad Autónoma Metropolitana| Central University of Punjab, Bathinda| Biruni Universitesi| Nirma University| King Abdulaziz University",329012| 708587| 713698| 505017| 708385| 705242| 706797| 409001,Academic,8.0,60106790| 60072234| 60115002| 60030731| 60004582| 60008717| 60013269| 60105114| 60024080,"Central University of Punjab| Nirma University| Nirma University, Institute of Technology| Grambling State University| King Abdulaziz University| Universitatea Dunarea de Jos din Galati| Sefako Makgatho Health Sciences University (SMU)| Biruni Üniversitesi| Universidad Autónoma Metropolitana Unidad Cuajimalpa",58413508700,58063028300,57221503066,-,India| Mexico| Saudi Arabia| United States| South Africa| Turkey| Romania,7.0,2604| 2610| 3100| 3109,Applied Mathematics| Mathematical Physics| General Physics and Astronomy| Statistical and Nonlinear Physics,4,Natural Sciences,431| 439,Mathematics| Physics & Astronomy,37,Physical Sciences,46| 49| 40,Information And Computing Sciences| Mathematical Sciences| Engineering,-,-,-,Soliton Solutions in Nonlinear Schrödinger Dynamics,551,79.922,Nonlinear Solitary Wave Solutions,1559,99.82,Definitive,2023.0,34.0,N/A,"Yadav, R.| Malik, S.| Kumar, S.| Sharma, R.| Biswas, A.| Yıldırım, Y.| González-Gaxiola, O.| Moraru, L.| Alghamdi, A.A.","Dunarea de Jos University of Galati| Grambling State University| Sefako Makgatho Health Sciences University| Universidad Autónoma Metropolitana| Central University of Punjab, Bathinda| Biruni Universitesi| Nirma University| King Abdulaziz University",India| Mexico| Saudi Arabia| United States| South Africa| Turkey| Romania,0
56000797900,56000797900,Optical solitons with Kudryashov's model by a range of integration norms,"Yıldırım, Y.| Biswas, A.| Ekici, M.| Gonzalez-Gaxiola, O.| Khan, S.| Triki, H.| Moraru, L.| Alzahrani, A.K.| Belic, M.R.",9.0,56988856400| 7202059726| 55076941000| 56000797900| 57193829359| 56259534300| 6701888991| 57188751419| 7006317289,2020.0,2020-08-01,Chinese Journal of Physics,66,-,660-672,-,ISSN-05779073,12966.0,Journal,Physical Society of the Republic of China,English,0.92,37,5,21,0.587,38,0.9,27.0,33.0,1.05,14.33,14.0,26.0,0.0,0.0,"Yıldırım, Y., Biswas, A., Ekici, M. and 6 more (...) (2020).Optical solitons with Kudryashov's model by a range of integration norms. Chinese Journal of Physics,66660-672",https://www.scopus.com/record/display.url?eid=2-s2.0-85087523379&origin=resultslist,10.1016/j.cjph.2020.06.005,Article,,2-s2.0-85087523379,-,Dunarea de Jos University of Galati| Yozgat Bozok University| Alabama A and M University| Universidad Autónoma Metropolitana| Tshwane University of Technology| Texas A&M University| Qatar Foundation HQ| Moscow Engineering Physics Institute| Badji Mokhtar University| Near East University| King Abdulaziz University,329012| 704965| 508001| 505017| 115003| 508230| 720208| 331040| 103001| 704928| 409001,Other| Academic,11.0,60006471| 60008740| 60004582| 60068673| 60006393| 60086284| 60024080| 60068749| 60008717| 60072753,Yakın Doğu Üniversitesi| Alabama A and M University| King Abdulaziz University| National Research Nuclear University MEPhI| Tshwane University of Technology| Yozgat Bozok University| Universidad Autónoma Metropolitana Unidad Cuajimalpa| Université Badji Mokhtar - Annaba| Universitatea Dunarea de Jos din Galati| Texas A&M University at Qatar,56988856400,7006317289,55076941000,-,Qatar| Algeria| Mexico| Saudi Arabia| United States| South Africa| Turkey| Cyprus| Russian Federation| Romania,10.0,3100,General Physics and Astronomy,4,Natural Sciences,439,Physics & Astronomy,37,Physical Sciences,49| 51,Mathematical Sciences| Physical Sciences,-,-,-,Soliton Solutions in Nonlinear Schrödinger Dynamics,551,79.922,Nonlinear Solitary Wave Solutions,1559,99.82,Definitive,2020.0,33.0,N/A,"Yıldırım, Y.| Biswas, A.| Ekici, M.| Gonzalez-Gaxiola, O.| Khan, S.| Triki, H.| Moraru, L.| Alzahrani, A.K.| Belic, M.R.",Dunarea de Jos University of Galati| Yozgat Bozok University| Alabama A and M University| Universidad Autónoma Metropolitana| Tshwane University of Technology| Texas A&M University| Qatar Foundation HQ| Moscow Engineering Physics Institute| Badji Mokhtar University| Near East University| King Abdulaziz University,Qatar| Algeria| Mexico| Saudi Arabia| United States| South Africa| Turkey| Cyprus| Russian Federation| Romania,0
56000797900,56000797900,Optical solitons with Sasa–Satsuma equation by Laplace–Adomian decomposition algorithm,"González-Gaxiola, O.| Biswas, A.| Ekici, M.| Alshomrani, A.S.",4.0,56000797900| 7202059726| 55076941000| 56901415600,2021.0,2021-03-01,Optik,229,-,-,166262,ISSN-00304026,110152.0,Journal,Elsevier GmbH,English,0.87,39,4.8,30,0.523,40,1.12,21.0,26.0,1.96,12.77,15.0,13.0,0.0,0.0,"González-Gaxiola, O., Biswas, A., Ekici, M. and 1 more (...) (2021).Optical solitons with Sasa–Satsuma equation by Laplace–Adomian decomposition algorithm. Optik,229",https://www.scopus.com/record/display.url?eid=2-s2.0-85099233268&origin=resultslist,10.1016/j.ijleo.2021.166262,Article,,2-s2.0-85099233268,-,Yozgat Bozok University| Sefako Makgatho Health Sciences University| Alabama A and M University| Universidad Autónoma Metropolitana| Moscow Engineering Physics Institute| King Abdulaziz University,704965| 713698| 508001| 505017| 331040| 409001,Academic,6.0,60024080| 60008740| 60004582| 60068673| 60013269| 60086284,Universidad Autónoma Metropolitana Unidad Cuajimalpa| Alabama A and M University| King Abdulaziz University| National Research Nuclear University MEPhI| Sefako Makgatho Health Sciences University (SMU)| Yozgat Bozok University,56000797900,56901415600,56000797900,-,Mexico| Saudi Arabia| South Africa| United States| Turkey| Russian Federation,6.0,2208| 2504| 3107,"Electrical and Electronic Engineering| Electronic, Optical and Magnetic Materials| Atomic and Molecular Physics, and Optics",4| 2,Natural Sciences| Engineering & Technology,433| 249| 221| 439,Materials Science| Engineering - Petroleum| Engineering - Electrical & Electronic| Physics & Astronomy,37| 36,Physical Sciences| Engineering,51,Physical Sciences,5108| 5102,"Quantum physics| Atomic, molecular and optical physics",-,Soliton Solutions in Nonlinear Schrödinger Dynamics,551,79.922,Nonlinear Solitary Wave Solutions,1559,99.82,Definitive,2021.0,26.0,N/A,"González-Gaxiola, O.| Biswas, A.| Ekici, M.| Alshomrani, A.S.",Yozgat Bozok University| Sefako Makgatho Health Sciences University| Alabama A and M University| Universidad Autónoma Metropolitana| Moscow Engineering Physics Institute| King Abdulaziz University,Mexico| Saudi Arabia| South Africa| United States| Turkey| Russian Federation,0
56000797900,56000797900,Optical soliton solutions for Triki–Biswas equation by Kudryashov's R function method,"González-Gaxiola, O.",1.0,56000797900,2022.0,2022-01-01,Optik,249,-,-,168230,ISSN-00304026,110152.0,Journal,Elsevier GmbH,English,0.88,37,5.7,26,0.539,39,0.71,17.0,25.0,1.66,13.26,12.0,16.0,0.0,0.0,"González-Gaxiola, O. (2022).Optical soliton solutions for Triki–Biswas equation by Kudryashov's R function method. Optik,249",https://www.scopus.com/record/display.url?eid=2-s2.0-85118725843&origin=resultslist,10.1016/j.ijleo.2021.168230,Article,,2-s2.0-85118725843,-,Universidad Autónoma Metropolitana,505017,Academic,1.0,60024080,Universidad Autónoma Metropolitana Unidad Cuajimalpa,-,-,-,56000797900,Mexico,1.0,2208| 2504| 3107,"Electrical and Electronic Engineering| Electronic, Optical and Magnetic Materials| Atomic and Molecular Physics, and Optics",2| 4,Engineering & Technology| Natural Sciences,221| 249| 439| 433,Engineering - Electrical & Electronic| Engineering - Petroleum| Physics & Astronomy| Materials Science,36| 37,Engineering| Physical Sciences,51,Physical Sciences,5102| 5108,"Atomic, molecular and optical physics| Quantum physics",-,Soliton Solutions in Nonlinear Schrödinger Dynamics,551,79.922,Nonlinear Solitary Wave Solutions,1559,99.82,Definitive,2022.0,25.0,N/A,"González-Gaxiola, O.",Universidad Autónoma Metropolitana,Mexico,0
56000797900,56000797900,Applying Adomian Decomposition Method to Solve Burgess Equation with a Non-linear Source,"González-Gaxiola, O.| Bernal-Jaquez, R.",2.0,56000797900| 56013594800,2017.0,2017-03-01,International Journal of Applied and Computational Mathematics,3,1,213-224,-,ISSN-23495103,21100899436.0,Journal,Springer,English,0.99,30,-,-,-,-,0.43,9.0,25.0,0.74,6.79,22.0,37.0,0.0,0.0,"González-Gaxiola, O., Bernal-Jaquez, R. (2017).Applying Adomian Decomposition Method to Solve Burgess Equation with a Non-linear Source. International Journal of Applied and Computational Mathematics,3(1) 213-224",https://www.scopus.com/record/display.url?eid=2-s2.0-85044615472&origin=resultslist,10.1007/s40819-015-0100-4,Article,Green,2-s2.0-85044615472,-,Universidad Autónoma Metropolitana,505017,Academic,1.0,60024080,Universidad Autónoma Metropolitana Unidad Cuajimalpa,56000797900,56013594800,56000797900,-,Mexico,1.0,2604| 2605,Applied Mathematics| Computational Mathematics,4,Natural Sciences,431,Mathematics,37,Physical Sciences,49| 46,Mathematical Sciences| Information And Computing Sciences,4901| 4903,Applied mathematics| Numerical and computational mathematics,-,Matrix Solutions for Differential Equations and Stability,849,30.085,Adomian Decomposition Methods for Nonlinear Equations,9906,89.659,Very Good,2017.0,25.0,N/A,"González-Gaxiola, O.| Bernal-Jaquez, R.",Universidad Autónoma Metropolitana,Mexico,0
56000797900,56000797900,Optical solitons in fiber Bragg gratings with generalized anti-cubic nonlinearity by extended auxiliary equation,"Zayed, E.M.E.| Shohib, R.M.A.| Biswas, A.| González-Gaxiola, O.| Yıldırım, Y.| Kamis Alzahrani, A.| Belic, M.R.",7.0,60431833200| 56276545600| 7202059726| 56000797900| 56988856400| 57213189713| 7006317289,2020.0,2020-06-01,Chinese Journal of Physics,65,-,613-628,-,ISSN-05779073,12966.0,Journal,Physical Society of the Republic of China,English,0.92,37,5,21,0.587,38,0.63,19.0,24.0,1.4,14.33,20.0,19.0,0.0,0.0,"Zayed, E.M.E., Shohib, R.M.A., Biswas, A. and 4 more (...) (2020).Optical solitons in fiber Bragg gratings with generalized anti-cubic nonlinearity by extended auxiliary equation. Chinese Journal of Physics,65613-628",https://www.scopus.com/record/display.url?eid=2-s2.0-85084447202&origin=resultslist,10.1016/j.cjph.2020.03.017,Article,,2-s2.0-85084447202,-,Alabama A and M University| Universidad Autónoma Metropolitana| Tshwane University of Technology| Texas A&M University| Qatar Foundation HQ| Moscow Engineering Physics Institute| Zagazig University| Near East University| King Abdulaziz University,508001| 505017| 115003| 508230| 720208| 331040| 104014| 704928| 409001,Other| Academic,9.0,60003593| 60274277| 60008740| 60004582| 60068673| 60006393| 60024080| 60006471| 60072753,Zagazig University| Faculty of Science| Alabama A and M University| King Abdulaziz University| National Research Nuclear University MEPhI| Tshwane University of Technology| Universidad Autónoma Metropolitana Unidad Cuajimalpa| Yakın Doğu Üniversitesi| Texas A&M University at Qatar,60431833200,7006317289,56988856400,-,Qatar| Mexico| Egypt| Saudi Arabia| United States| South Africa| Cyprus| Russian Federation,8.0,3100,General Physics and Astronomy,4,Natural Sciences,439,Physics & Astronomy,37,Physical Sciences,49| 51,Mathematical Sciences| Physical Sciences,-,-,-,Soliton Solutions in Nonlinear Schrödinger Dynamics,551,79.922,Nonlinear Solitary Wave Solutions,1559,99.82,Very Good,2020.0,24.0,N/A,"Zayed, E.M.E.| Shohib, R.M.A.| Biswas, A.| González-Gaxiola, O.| Yıldırım, Y.| Kamis Alzahrani, A.| Belic, M.R.",Alabama A and M University| Universidad Autónoma Metropolitana| Tshwane University of Technology| Texas A&M University| Qatar Foundation HQ| Moscow Engineering Physics Institute| Zagazig University| Near East University| King Abdulaziz University,Qatar| Mexico| Egypt| Saudi Arabia| United States| South Africa| Cyprus| Russian Federation,0
56000797900,56000797900,Highly dispersive optical solitons with non-local law of refractive index by Laplace-Adomian decomposition,"González-Gaxiola, O.| Biswas, A.| Asma, M.| Alzahrani, A.K.",4.0,56000797900| 7202059726| 56420020600| 57188751419,2021.0,2021-01-01,Optical and Quantum Electronics,53,1,-,55,ISSN-03068919,12313.0,Journal,Springer,English,0.89,38,3.7,40,0.432,48,1.23,23.0,22.0,1.57,12.77,18.0,17.0,0.0,0.0,"González-Gaxiola, O., Biswas, A., Asma, M. and 1 more (...) (2021).Highly dispersive optical solitons with non-local law of refractive index by Laplace-Adomian decomposition. Optical and Quantum Electronics,53(1) ",https://www.scopus.com/record/display.url?eid=2-s2.0-85099081857&origin=resultslist,10.1007/s11082-020-02679-w,Article,,2-s2.0-85099081857,-,University of Malaya| Sefako Makgatho Health Sciences University| Alabama A and M University| Universidad Autónoma Metropolitana| Moscow Engineering Physics Institute| King Abdulaziz University,211009| 713698| 508001| 505017| 331040| 409001,Academic,6.0,60024080| 60008740| 60004582| 60068673| 60013269| 60029157,Universidad Autónoma Metropolitana Unidad Cuajimalpa| Alabama A and M University| King Abdulaziz University| National Research Nuclear University MEPhI| Sefako Makgatho Health Sciences University (SMU)| Universiti Malaya,56000797900,57188751419,56000797900,-,Mexico| Saudi Arabia| South Africa| United States| Malaysia| Russian Federation,6.0,2208| 2504| 3107,"Electrical and Electronic Engineering| Electronic, Optical and Magnetic Materials| Atomic and Molecular Physics, and Optics",4| 2,Natural Sciences| Engineering & Technology,433| 439| 249| 221,Materials Science| Physics & Astronomy| Engineering - Petroleum| Engineering - Electrical & Electronic,37| 36,Physical Sciences| Engineering,51,Physical Sciences,5102| 5108,"Atomic, molecular and optical physics| Quantum physics",-,Soliton Solutions in Nonlinear Schrödinger Dynamics,551,79.922,Nonlinear Solitary Wave Solutions,1559,99.82,Definitive,2021.0,22.0,N/A,"González-Gaxiola, O.| Biswas, A.| Asma, M.| Alzahrani, A.K.",University of Malaya| Sefako Makgatho Health Sciences University| Alabama A and M University| Universidad Autónoma Metropolitana| Moscow Engineering Physics Institute| King Abdulaziz University,Mexico| Saudi Arabia| South Africa| United States| Malaysia| Russian Federation,0
56000797900,56000797900,A Nonlinear Option Pricing Model Through the Adomian Decomposition Method,"González-Gaxiola, O.| Ruíz de Chávez, J.| Santiago, J.A.",3.0,56000797900| 56367889700| 56271941100,2016.0,2016-12-01,International Journal of Applied and Computational Mathematics,2,4,453-467,-,ISSN-23495103,21100899436.0,Journal,Springer,English,0.62,53,-,-,-,-,0.0,18.0,21.0,0.97,6.17,26.0,30.0,0.0,0.0,"González-Gaxiola, O., Ruíz de Chávez, J., Santiago, J.A. (2016).A Nonlinear Option Pricing Model Through the Adomian Decomposition Method. International Journal of Applied and Computational Mathematics,2(4) 453-467",https://www.scopus.com/record/display.url?eid=2-s2.0-85024133590&origin=resultslist,10.1007/s40819-015-0070-6,Article,Bronze,2-s2.0-85024133590,-,Universidad Autónoma Metropolitana,505017,Academic,1.0,60024080| 60028381,Universidad Autónoma Metropolitana Unidad Cuajimalpa| Universidad Autónoma Metropolitana -Unidad Iztapalapa,56000797900,56271941100,56000797900,-,Mexico,1.0,2604| 2605,Applied Mathematics| Computational Mathematics,4,Natural Sciences,431,Mathematics,37,Physical Sciences,49| 46,Mathematical Sciences| Information And Computing Sciences,4903| 4901,Numerical and computational mathematics| Applied mathematics,-,Matrix Solutions for Differential Equations and Stability,849,30.085,Adomian Decomposition Methods for Nonlinear Equations,9906,89.659,Very Good,2016.0,21.0,N/A,"González-Gaxiola, O.| Ruíz de Chávez, J.| Santiago, J.A.",Universidad Autónoma Metropolitana,Mexico,0
56000797900,56000797900,Highly Dispersive Optical Solitons with Four Forms of Self-Phase Modulation,"Elsherbeny, A.M.| Arnous, A.H.| Biswas, A.| González-Gaxiola, O.| Moraru, L.| Moldovanu, S.| Iticescu, C.| Alshehri, H.M.",8.0,57199619461| 57195299458| 7202059726| 56000797900| 6701888991| 51461832400| 24824288300| 57219468258,2023.0,2023-01-01,Universe,9,1,-,51,ISSN-22181997,21100903488.0,Journal,MDPI,English,0.8,40,4.3,33,0.78,24,1.79,28.0,20.0,1.7,11.8,11.0,16.0,0.0,0.0,"Elsherbeny, A.M., Arnous, A.H., Biswas, A. and 5 more (...) (2023).Highly Dispersive Optical Solitons with Four Forms of Self-Phase Modulation. Universe,9(1) ",https://www.scopus.com/record/display.url?eid=2-s2.0-85146655794&origin=resultslist,10.3390/universe9010051,Article,Gold|Green,2-s2.0-85146655794,-,El Shorouk Academy| Dunarea de Jos University of Galati| Ain Shams University| Grambling State University| Sefako Makgatho Health Sciences University| Universidad Autónoma Metropolitana| King Abdulaziz University,717926| 329012| 104001| 708587| 713698| 505017| 409001,Academic| Government,7.0,60016618| 60216991| 60273661| 60026746| 60030731| 60004582| 60013269| 60008717| 126630232| 60024080,"Ain Shams University| Faculty of Engineering, Ain Shams University| Higher Institute of Engineering| El Shorouk Academy| Grambling State University| King Abdulaziz University| Sefako Makgatho Health Sciences University (SMU)| Universitatea Dunarea de Jos din Galati| National Research Nuclear University| Universidad Autónoma Metropolitana Unidad Cuajimalpa",57199619461,57219468258,51461832400,-,Mexico| Egypt| Saudi Arabia| South Africa| United States| Russian Federation| Romania,7.0,3100,General Physics and Astronomy,4,Natural Sciences,439,Physics & Astronomy,37,Physical Sciences,51| MD,Physical Sciences| Multidisciplinary,5107| 5101| MD,Particle and high energy physics| Astronomical sciences| Multidisciplinary,-,Soliton Solutions in Nonlinear Schrödinger Dynamics,551,79.922,Nonlinear Solitary Wave Solutions,1559,99.82,Definitive,2023.0,20.0,N/A,"Elsherbeny, A.M.| Arnous, A.H.| Biswas, A.| González-Gaxiola, O.| Moraru, L.| Moldovanu, S.| Iticescu, C.| Alshehri, H.M.",El Shorouk Academy| Dunarea de Jos University of Galati| Ain Shams University| Grambling State University| Sefako Makgatho Health Sciences University| Universidad Autónoma Metropolitana| King Abdulaziz University,Mexico| Egypt| Saudi Arabia| South Africa| United States| Russian Federation| Romania,0
56000797900,56000797900,Optical Dromions and Domain Walls with the Kundu – Mukherjee – Naskar Equation by the Laplace – Adomian Decomposition Scheme,"González-Gaxiola, O.| Biswas, A.| Asma, M.| Alzahrani, A.K.",4.0,56000797900| 7202059726| 56420020600| 57188751419,2020.0,2020-07-01,Regular and Chaotic Dynamics,25,4,338-348,-,ISSN-15603547,4000150504.0,Journal,Pleiades journals,English,1.05,29,2.6,15,0.466,45,0.82,10.0,19.0,2.62,4.57,25.0,8.0,0.0,0.0,"González-Gaxiola, O., Biswas, A., Asma, M. and 1 more (...) (2020).Optical Dromions and Domain Walls with the Kundu – Mukherjee – Naskar Equation by the Laplace – Adomian Decomposition Scheme. Regular and Chaotic Dynamics,25(4) 338-348",https://www.scopus.com/record/display.url?eid=2-s2.0-85088789257&origin=resultslist,10.1134/S1560354720040036,Article,,2-s2.0-85088789257,-,University of Malaya| Alabama A and M University| Universidad Autónoma Metropolitana| Tshwane University of Technology| Moscow Engineering Physics Institute| King Abdulaziz University,211009| 508001| 505017| 115003| 331040| 409001,Academic,6.0,60024080| 60008740| 60004582| 60068673| 60006393| 60029157,Universidad Autónoma Metropolitana Unidad Cuajimalpa| Alabama A and M University| King Abdulaziz University| National Research Nuclear University MEPhI| Tshwane University of Technology| Universiti Malaya,56000797900,57188751419,56000797900| 7202059726| 56420020600| 57188751419,-,Mexico| Saudi Arabia| United States| South Africa| Malaysia| Russian Federation,6.0,2601,Mathematics (miscellaneous),4,Natural Sciences,431,Mathematics,37,Physical Sciences,49,Mathematical Sciences,4901,Applied mathematics,-,Soliton Solutions in Nonlinear Schrödinger Dynamics,551,79.922,Nonlinear Solitary Wave Solutions,1559,99.82,Definitive,2020.0,19.0,N/A,"González-Gaxiola, O.| Biswas, A.| Asma, M.| Alzahrani, A.K.",University of Malaya| Alabama A and M University| Universidad Autónoma Metropolitana| Tshwane University of Technology| Moscow Engineering Physics Institute| King Abdulaziz University,Mexico| Saudi Arabia| United States| South Africa| Malaysia| Russian Federation,0
56000797900,56000797900,Bright Optical Solitons for the Concatenation Model with Power-Law Nonlinearity: Laplace-Adomian Decomposition,"González-Gaxiola, O.| Biswas, A.| Yildirim, Y.| Alshomrani, A.S.",4.0,56000797900| 7202059726| 56988856400| 56901415600,2023.0,2023-01-01,Contemporary Mathematics (Singapore),4,4,1234-1248,-,ISSN-27051064,21101125517.0,Journal,Universal Wiser Publisher,English,0.35,75,0.6,89,0.158,91,0.68,7.0,19.0,4.18,4.54,12.0,4.0,0.0,0.0,"González-Gaxiola, O., Biswas, A., Yildirim, Y. and 1 more (...) (2023).Bright Optical Solitons for the Concatenation Model with Power-Law Nonlinearity: Laplace-Adomian Decomposition. Contemporary Mathematics (Singapore),4(4) 1234-1248",https://www.scopus.com/record/display.url?eid=2-s2.0-85180825988&origin=resultslist,10.37256/cm.4420233705,Article,Gold,2-s2.0-85180825988,-,Dunarea de Jos University of Galati| Grambling State University| Sefako Makgatho Health Sciences University| Universidad Autónoma Metropolitana| Biruni Universitesi| Near East University| King Abdulaziz University,329012| 708587| 713698| 505017| 705242| 704928| 409001,Academic,7.0,60024080| 60030731| 60004582| 60008717| 60013269| 60105114| 60006471,Universidad Autónoma Metropolitana Unidad Cuajimalpa| Grambling State University| King Abdulaziz University| Universitatea Dunarea de Jos din Galati| Sefako Makgatho Health Sciences University (SMU)| Biruni Üniversitesi| Yakın Doğu Üniversitesi,56000797900,56901415600,56988856400,-,Mexico| Saudi Arabia| United States| South Africa| Turkey| Cyprus| Romania,7.0,2604| 2607| 2608| 2610,Applied Mathematics| Discrete Mathematics and Combinatorics| Geometry and Topology| Mathematical Physics,4,Natural Sciences,439| 431,Physics & Astronomy| Mathematics,37,Physical Sciences,-,-,-,-,-,Matrix Solutions for Differential Equations and Stability,849,30.085,Adomian Decomposition Methods for Nonlinear Equations,9906,89.659,Definitive,2023.0,19.0,N/A,"González-Gaxiola, O.| Biswas, A.| Yildirim, Y.| Alshomrani, A.S.",Dunarea de Jos University of Galati| Grambling State University| Sefako Makgatho Health Sciences University| Universidad Autónoma Metropolitana| Biruni Universitesi| Near East University| King Abdulaziz University,Mexico| Saudi Arabia| United States| South Africa| Turkey| Cyprus| Romania,0
56000797900,56000797900,Highly dispersive optical solitons with a polynomial law of refractive index by Laplace–Adomian decomposition,"González-Gaxiola, O.| Biswas, A.| Alzahrani, A.K.| Belic, M.R.",4.0,56000797900| 7202059726| 57188751419| 7006317289,2021.0,2021-06-01,Journal of Computational Electronics,20,3,1216-1223,-,ISSN-15698025,144926.0,Journal,Springer,English,0.91,37,3.1,42,0.334,57,0.7,13.0,19.0,1.24,12.08,21.0,23.0,0.0,0.0,"González-Gaxiola, O., Biswas, A., Alzahrani, A.K. and 1 more (...) (2021).Highly dispersive optical solitons with a polynomial law of refractive index by Laplace–Adomian decomposition. Journal of Computational Electronics,20(3) 1216-1223",https://www.scopus.com/record/display.url?eid=2-s2.0-85105490723&origin=resultslist,10.1007/s10825-021-01710-x,Article,,2-s2.0-85105490723,-,Sefako Makgatho Health Sciences University| Alabama A and M University| Universidad Autónoma Metropolitana| Texas A&M University| Qatar Foundation HQ| Moscow Engineering Physics Institute| King Abdulaziz University,713698| 508001| 505017| 508230| 720208| 331040| 409001,Other| Academic,7.0,60024080| 60008740| 60004582| 60068673| 60013269| 60072753,Universidad Autónoma Metropolitana Unidad Cuajimalpa| Alabama A and M University| King Abdulaziz University| National Research Nuclear University MEPhI| Sefako Makgatho Health Sciences University (SMU)| Texas A&M University at Qatar,56000797900,7006317289,56000797900,-,Qatar| Mexico| Saudi Arabia| South Africa| United States| Russian Federation,6.0,2208| 2504| 2611| 3107,"Electrical and Electronic Engineering| Electronic, Optical and Magnetic Materials| Modeling and Simulation| Atomic and Molecular Physics, and Optics",4| 2,Natural Sciences| Engineering & Technology,431| 221| 433| 439| 249,Mathematics| Engineering - Electrical & Electronic| Materials Science| Physics & Astronomy| Engineering - Petroleum,36| 37,Engineering| Physical Sciences,40,Engineering,4009,"Electronics, sensors and digital hardware",-,Soliton Solutions in Nonlinear Schrödinger Dynamics,551,79.922,Nonlinear Solitary Wave Solutions,1559,99.82,Definitive,2021.0,19.0,N/A,"González-Gaxiola, O.| Biswas, A.| Alzahrani, A.K.| Belic, M.R.",Sefako Makgatho Health Sciences University| Alabama A and M University| Universidad Autónoma Metropolitana| Texas A&M University| Qatar Foundation HQ| Moscow Engineering Physics Institute| King Abdulaziz University,Qatar| Mexico| Saudi Arabia| South Africa| United States| Russian Federation,0
56000797900,56000797900,Numerical solution for Triki-Biswas equation by Adomian decomposition method,"González-Gaxiola, O.",1.0,56000797900,2019.0,2019-10-01,Optik,194,-,-,163014,ISSN-00304026,110152.0,Journal,Elsevier GmbH,English,0.89,38,3.7,32,0.475,36,0.34,7.0,16.0,0.78,11.48,30.0,36.0,0.0,0.0,"González-Gaxiola, O. (2019).Numerical solution for Triki-Biswas equation by Adomian decomposition method. Optik,194",https://www.scopus.com/record/display.url?eid=2-s2.0-85068722613&origin=resultslist,10.1016/j.ijleo.2019.163014,Article,,2-s2.0-85068722613,-,Universidad Autónoma Metropolitana,505017,Academic,1.0,60024080,Universidad Autónoma Metropolitana Unidad Cuajimalpa,-,-,-,56000797900,Mexico,1.0,2208| 2504| 3107,"Electrical and Electronic Engineering| Electronic, Optical and Magnetic Materials| Atomic and Molecular Physics, and Optics",2| 4,Engineering & Technology| Natural Sciences,439| 433| 249| 221,Physics & Astronomy| Materials Science| Engineering - Petroleum| Engineering - Electrical & Electronic,37| 36,Physical Sciences| Engineering,51,Physical Sciences,5102| 5108,"Atomic, molecular and optical physics| Quantum physics",-,Soliton Solutions in Nonlinear Schrödinger Dynamics,551,79.922,Nonlinear Solitary Wave Solutions,1559,99.82,Definitive,2019.0,16.0,N/A,"González-Gaxiola, O.",Universidad Autónoma Metropolitana,Mexico,0
56000797900,56000797900,Solitons in Neurosciences by the Laplace–Adomian Decomposition Scheme,"González-Gaxiola, O.| Biswas, A.| Moraru, L.| Alghamdi, A.A.",4.0,56000797900| 7202059726| 6701888991| 58063028300,2023.0,2023-03-01,Mathematics,11,5,-,1080,ISSN-22277390,21100830702.0,Journal,MDPI,English,0.91,33,4,10,0.475,35,0.9,13.0,15.0,2.42,6.2,15.0,10.0,0.0,0.0,"González-Gaxiola, O., Biswas, A., Moraru, L. and 1 more (...) (2023).Solitons in Neurosciences by the Laplace–Adomian Decomposition Scheme. Mathematics,11(5) ",https://www.scopus.com/record/display.url?eid=2-s2.0-85150168146&origin=resultslist,10.3390/math11051080,Article,Gold|Green,2-s2.0-85150168146,-,Dunarea de Jos University of Galati| Grambling State University| Sefako Makgatho Health Sciences University| Universidad Autónoma Metropolitana| King Abdulaziz University,329012| 708587| 713698| 505017| 409001,Academic,5.0,60024080| 60030731| 60004582| 60013269| 60008717| 126630232,Universidad Autónoma Metropolitana Unidad Cuajimalpa| Grambling State University| King Abdulaziz University| Sefako Makgatho Health Sciences University (SMU)| Universitatea Dunarea de Jos din Galati| National Research Nuclear University,56000797900,58063028300,6701888991,-,Mexico| Saudi Arabia| South Africa| United States| Russian Federation| Romania,6.0,1701| 2201| 2600,Computer Science (miscellaneous)| Engineering (miscellaneous)| General Mathematics,4| 2,Natural Sciences| Engineering & Technology,212| 431,Computer Science & Information Systems| Mathematics,37| 36| 38,Physical Sciences| Engineering| Computer Science,49,Mathematical Sciences,-,-,-,Matrix Solutions for Differential Equations and Stability,849,30.085,Adomian Decomposition Methods for Nonlinear Equations,9906,89.659,Definitive,2023.0,15.0,N/A,"González-Gaxiola, O.| Biswas, A.| Moraru, L.| Alghamdi, A.A.",Dunarea de Jos University of Galati| Grambling State University| Sefako Makgatho Health Sciences University| Universidad Autónoma Metropolitana| King Abdulaziz University,Mexico| Saudi Arabia| South Africa| United States| Russian Federation| Romania,0
56000797900,56000797900,Solution for the Nonlinear Relativistic Harmonic Oscillator via Laplace-Adomian Decomposition Method,"González-Gaxiola, O.| Santiago, J.A.| de Chávez, J.R.",3.0,56000797900| 56271941100| 56367889700,2017.0,2017-09-01,International Journal of Applied and Computational Mathematics,3,3,2627-2638,-,ISSN-23495103,21100899436.0,Journal,Springer,English,0.99,30,-,-,-,-,0.57,14.0,14.0,1.03,6.79,35.0,28.0,0.0,0.0,"González-Gaxiola, O., Santiago, J.A., de Chávez, J.R. (2017).Solution for the Nonlinear Relativistic Harmonic Oscillator via Laplace-Adomian Decomposition Method. International Journal of Applied and Computational Mathematics,3(3) 2627-2638",https://www.scopus.com/record/display.url?eid=2-s2.0-85062714431&origin=resultslist,10.1007/s40819-016-0267-3,Article,Green,2-s2.0-85062714431,-,Universidad Autónoma Metropolitana,505017,Academic,1.0,60024080| 60028381,Universidad Autónoma Metropolitana Unidad Cuajimalpa| Universidad Autónoma Metropolitana -Unidad Iztapalapa,56000797900,56367889700,56000797900,-,Mexico,1.0,2604| 2605,Applied Mathematics| Computational Mathematics,4,Natural Sciences,431,Mathematics,37,Physical Sciences,46| 49,Information And Computing Sciences| Mathematical Sciences,4903| 4901,Numerical and computational mathematics| Applied mathematics,-,Matrix Solutions for Differential Equations and Stability,849,30.085,Adomian Decomposition Methods for Nonlinear Equations,9906,89.659,Very Good,2017.0,14.0,N/A,"González-Gaxiola, O.| Santiago, J.A.| de Chávez, J.R.",Universidad Autónoma Metropolitana,Mexico,0
56000797900,56000797900,Highly dispersive optical solitons having Kerr law of refractive index with Laplace-Adomian decomposition,"González-Gaxiola, O.| Biswas, A.| Alshomrani, A.S.",3.0,56000797900| 7202059726| 56901415600,2020.0,2020-05-01,Revista Mexicana de Fisica,66,3,291-296,-,ISSN-0035001X,29758.0,Journal,Sociedad Mexicana de Fisica,English,0.49,65,0.8,79,0.181,80,0.37,12.0,14.0,0.98,14.33,32.0,28.0,0.0,0.0,"González-Gaxiola, O., Biswas, A., Alshomrani, A.S. (2020).Highly dispersive optical solitons having Kerr law of refractive index with Laplace-Adomian decomposition. Revista Mexicana de Fisica,66(3) 291-296",https://www.scopus.com/record/display.url?eid=2-s2.0-85081885225&origin=resultslist,10.31349/REVMEXFIS.66.291,Article,Gold,2-s2.0-85081885225,-,Alabama A and M University| Universidad Autónoma Metropolitana| Tshwane University of Technology| Moscow Engineering Physics Institute| King Abdulaziz University,508001| 505017| 115003| 331040| 409001,Academic,5.0,60024080| 60008740| 60004582| 60068673| 60006393,Universidad Autónoma Metropolitana Unidad Cuajimalpa| Alabama A and M University| King Abdulaziz University| National Research Nuclear University MEPhI| Tshwane University of Technology,56000797900,56901415600,56000797900,-,Mexico| Saudi Arabia| United States| South Africa| Russian Federation,5.0,3100,General Physics and Astronomy,4,Natural Sciences,439,Physics & Astronomy,37,Physical Sciences,40| 51,Engineering| Physical Sciences,4013| 5104| 5107,Geomatic engineering| Condensed matter physics| Particle and high energy physics,-,Soliton Solutions in Nonlinear Schrödinger Dynamics,551,79.922,Nonlinear Solitary Wave Solutions,1559,99.82,Definitive,2020.0,14.0,N/A,"González-Gaxiola, O.| Biswas, A.| Alshomrani, A.S.",Alabama A and M University| Universidad Autónoma Metropolitana| Tshwane University of Technology| Moscow Engineering Physics Institute| King Abdulaziz University,Mexico| Saudi Arabia| United States| South Africa| Russian Federation,0
56000797900,56000797900,Analytical Solutions to the Chavy-Waddy–Kolokolnikov Model of Bacterial Aggregates in Phototaxis by Three Integration Schemes,"León-Ramírez, A.| González-Gaxiola, O.| Chacón-Acosta, G.",3.0,57211961889| 56000797900| 56013712800,2023.0,2023-05-01,Mathematics,11,10,-,2352,ISSN-22277390,21100830702.0,Journal,MDPI,English,0.91,33,4,10,0.475,35,0.9,13.0,12.0,1.93,6.2,19.0,13.0,0.0,0.0,"León-Ramírez, A., González-Gaxiola, O., Chacón-Acosta, G. (2023).Analytical Solutions to the Chavy-Waddy–Kolokolnikov Model of Bacterial Aggregates in Phototaxis by Three Integration Schemes. Mathematics,11(10) ",https://www.scopus.com/record/display.url?eid=2-s2.0-85160517106&origin=resultslist,10.3390/math11102352,Article,Gold|Green,2-s2.0-85160517106,-,Universidad Autónoma Metropolitana,505017,Academic,1.0,60024080,Universidad Autónoma Metropolitana Unidad Cuajimalpa,57211961889,56013712800,56000797900,-,Mexico,1.0,1701| 2201| 2600,Computer Science (miscellaneous)| Engineering (miscellaneous)| General Mathematics,4| 2,Natural Sciences| Engineering & Technology,212| 431,Computer Science & Information Systems| Mathematics,36| 37| 38,Engineering| Physical Sciences| Computer Science,49,Mathematical Sciences,-,-,-,Collective Control Systems in Robotic Networks,314,90.647,Collective Behavior and Decision-Making in Animal Groups,5301,95.671,Definitive,2023.0,12.0,N/A,"León-Ramírez, A.| González-Gaxiola, O.| Chacón-Acosta, G.",Universidad Autónoma Metropolitana,Mexico,0
56000797900,56000797900,Cubic–quartic optical soliton pertubation with complex Ginzburg–Landau equation,"Biswas, A.| Yıldırım, Y.| Ekici, M.| Guggilla, P.| Khan, S.| González-Gaxiola, O.| Alzahrani, A.K.| Belic, M.R.",8.0,7202059726| 56988856400| 55076941000| 8645571800| 57193829359| 56000797900| 57188751419| 7006317289,2021.0,2021-01-01,Journal of Applied Science and Engineering,24,6,937-1004,-,ISSN-27089967,21101270127.0,Journal,Tamkang University,English,0.34,74,-,-,-,-,0.83,20.0,12.0,0.86,13.99,32.0,33.0,0.0,0.0,"Biswas, A., Yıldırım, Y., Ekici, M. and 5 more (...) (2021).Cubic–quartic optical soliton pertubation with complex Ginzburg–Landau equation. Journal of Applied Science and Engineering,24(6) 937-1004",https://www.scopus.com/record/display.url?eid=2-s2.0-85108676906&origin=resultslist,10.6180/jase.202112_24(6).0014,Article,,2-s2.0-85108676906,-,Yozgat Bozok University| Sefako Makgatho Health Sciences University| Alabama A and M University| Universidad Autónoma Metropolitana| University of Belgrade| Moscow Engineering Physics Institute| King Abdulaziz University| Near East University,704965| 713698| 508001| 505017| 330001| 331040| 409001| 704928,Academic,8.0,60008740| 60004582| 60068673| 60013269| 60006471| 60086284| 60024080| 60068815,Alabama A and M University| King Abdulaziz University| National Research Nuclear University MEPhI| Sefako Makgatho Health Sciences University (SMU)| Yakın Doğu Üniversitesi| Yozgat Bozok University| Universidad Autónoma Metropolitana Unidad Cuajimalpa| University of Belgrade,7202059726,7006317289,7202059726,-,Mexico| Saudi Arabia| South Africa| United States| Serbia| Turkey| Cyprus| Russian Federation,8.0,1000| 2200,Multidisciplinary| General Engineering,2,Engineering & Technology,-,-,36,Engineering,-,-,-,-,-,Soliton Solutions in Nonlinear Schrödinger Dynamics,551,79.922,Nonlinear Solitary Wave Solutions,1559,99.82,Definitive,2021.0,12.0,N/A,"Biswas, A.| Yıldırım, Y.| Ekici, M.| Guggilla, P.| Khan, S.| González-Gaxiola, O.| Alzahrani, A.K.| Belic, M.R.",Yozgat Bozok University| Sefako Makgatho Health Sciences University| Alabama A and M University| Universidad Autónoma Metropolitana| University of Belgrade| Moscow Engineering Physics Institute| King Abdulaziz University| Near East University,Mexico| Saudi Arabia| South Africa| United States| Serbia| Turkey| Cyprus| Russian Federation,0
56000797900,56000797900,Bright optical solitons with polynomial law of nonlinear refractive index by Adomian decomposition scheme,"González-Gaxiola, O.| Biswas, A.| Yildirim, Y.| Alshehri, H.M.",4.0,56000797900| 7202059726| 56988856400| 57219468258,2022.0,2022-01-01,Proceedings of the Estonian Academy of Sciences,71,3,213-220,-,ISSN-17366046,11500153303.0,Journal,Estonian Academy Publishers,English,0.46,67,2.4,45,0.233,62,0.42,11.0,11.0,0.95,11.52,28.0,30.0,0.0,0.0,"González-Gaxiola, O., Biswas, A., Yildirim, Y. and 1 more (...) (2022).Bright optical solitons with polynomial law of nonlinear refractive index by Adomian decomposition scheme. Proceedings of the Estonian Academy of Sciences,71(3) 213-220",https://www.scopus.com/record/display.url?eid=2-s2.0-85137896746&origin=resultslist,10.3176/proc.2022.3.02,Article,Gold|Green,2-s2.0-85137896746,-,Dunarea de Jos University of Galati| Sefako Makgatho Health Sciences University| Alabama A and M University| Universidad Autónoma Metropolitana| Near East University| King Abdulaziz University,329012| 713698| 508001| 505017| 704928| 409001,Academic,6.0,60024080| 60008740| 60004582| 60008717| 60013269| 60006471,Universidad Autónoma Metropolitana Unidad Cuajimalpa| Alabama A and M University| King Abdulaziz University| Universitatea Dunarea de Jos din Galati| Sefako Makgatho Health Sciences University (SMU)| Yakın Doğu Üniversitesi,56000797900,57219468258,56000797900,-,Mexico| Saudi Arabia| South Africa| United States| Cyprus| Romania,6.0,2200,General Engineering,2,Engineering & Technology,-,-,36,Engineering,40| 49,Engineering| Mathematical Sciences,4016| 4901| 4904,Materials engineering| Applied mathematics| Pure mathematics,-,Soliton Solutions in Nonlinear Schrödinger Dynamics,551,79.922,Nonlinear Solitary Wave Solutions,1559,99.82,Definitive,2022.0,11.0,N/A,"González-Gaxiola, O.| Biswas, A.| Yildirim, Y.| Alshehri, H.M.",Dunarea de Jos University of Galati| Sefako Makgatho Health Sciences University| Alabama A and M University| Universidad Autónoma Metropolitana| Near East University| King Abdulaziz University,Mexico| Saudi Arabia| South Africa| United States| Cyprus| Romania,0
56000797900,56000797900,Retrieval of Optical Solitons with Anti-Cubic Nonlinearity,"Ozisik, M.| Secer, A.| Bayram, M.| Biswas, A.| González-Gaxiola, O.| Moraru, L.| Moldovanu, S.| Iticescu, C.| Bibicu, D.| Alghamdi, A.A.",10.0,7006522244| 50861949500| 7005821294| 7202059726| 56000797900| 6701888991| 51461832400| 24824288300| 51461097100| 58063028300,2023.0,2023-03-01,Mathematics,11,5,-,1215,ISSN-22277390,21100830702.0,Journal,MDPI,English,0.91,33,4,10,0.475,35,2.41,35.0,11.0,1.77,6.2,21.0,15.0,0.0,0.0,"Ozisik, M., Secer, A., Bayram, M. and 7 more (...) (2023).Retrieval of Optical Solitons with Anti-Cubic Nonlinearity. Mathematics,11(5) ",https://www.scopus.com/record/display.url?eid=2-s2.0-85149846657&origin=resultslist,10.3390/math11051215,Article,Gold|Green,2-s2.0-85149846657,-,Dunarea de Jos University of Galati| Grambling State University| Sefako Makgatho Health Sciences University| Universidad Autónoma Metropolitana| Biruni Universitesi| King Abdulaziz University| Yildiz Technical University,329012| 708587| 713698| 505017| 705242| 409001| 410054,Academic,7.0,60019963| 60105114| 60030731| 60004582| 126630232| 60008717| 60013269| 60024080,Yıldız Teknik Üniversitesi| Biruni Üniversitesi| Grambling State University| King Abdulaziz University| National Research Nuclear University| Universitatea Dunarea de Jos din Galati| Sefako Makgatho Health Sciences University (SMU)| Universidad Autónoma Metropolitana Unidad Cuajimalpa,7006522244,58063028300,6701888991,-,Mexico| Saudi Arabia| United States| South Africa| Turkey| Russian Federation| Romania,7.0,1701| 2201| 2600,Computer Science (miscellaneous)| Engineering (miscellaneous)| General Mathematics,4| 2,Natural Sciences| Engineering & Technology,212| 431,Computer Science & Information Systems| Mathematics,38| 36| 37,Computer Science| Engineering| Physical Sciences,49,Mathematical Sciences,-,-,-,Soliton Solutions in Nonlinear Schrödinger Dynamics,551,79.922,Nonlinear Solitary Wave Solutions,1559,99.82,Definitive,2023.0,11.0,N/A,"Ozisik, M.| Secer, A.| Bayram, M.| Biswas, A.| González-Gaxiola, O.| Moraru, L.| Moldovanu, S.| Iticescu, C.| Bibicu, D.| Alghamdi, A.A.",Dunarea de Jos University of Galati| Grambling State University| Sefako Makgatho Health Sciences University| Universidad Autónoma Metropolitana| Biruni Universitesi| King Abdulaziz University| Yildiz Technical University,Mexico| Saudi Arabia| United States| South Africa| Turkey| Russian Federation| Romania,0
56000797900,56000797900,Iterative method for constructing analytical solutions to the Harry-Dym initial value problem,"González-Gaxiola, O.| de Chávez, J.R.| Edeki, S.O.",3.0,56000797900| 56367889700| 56181582400,2018.0,2018-01-01,International Journal of Applied Mathematics,31,4,627-640,-,ISSN-13111728,21100841738.0,Journal,Academic Publications Ltd.,English,0.2,85,0.1,95,0.111,97,1.32,24.0,11.0,1.27,5.52,40.0,23.0,0.0,0.0,"González-Gaxiola, O., de Chávez, J.R., Edeki, S.O. (2018).Iterative method for constructing analytical solutions to the Harry-Dym initial value problem. International Journal of Applied Mathematics,31(4) 627-640",https://www.scopus.com/record/display.url?eid=2-s2.0-85052060130&origin=resultslist,10.12732/ijam.v31i4.8,Article,Gold,2-s2.0-85052060130,-,Universidad Autónoma Metropolitana| Covenant University,505017| 705282,Academic,2.0,60024080| 60028381| 60103980,Universidad Autónoma Metropolitana Unidad Cuajimalpa| Universidad Autónoma Metropolitana -Unidad Iztapalapa| Covenant University,56000797900,56181582400,56000797900,-,Mexico| Nigeria,2.0,1703| 2600,Computational Theory and Mathematics| General Mathematics,2| 4,Engineering & Technology| Natural Sciences,212| 431,Computer Science & Information Systems| Mathematics,38| 37,Computer Science| Physical Sciences,49,Mathematical Sciences,4901,Applied mathematics,-,Matrix Solutions for Differential Equations and Stability,849,30.085,Fractional Methods for Memory-Dependent Models,84036,55.741,Very Good,2018.0,11.0,N/A,"González-Gaxiola, O.| de Chávez, J.R.| Edeki, S.O.",Universidad Autónoma Metropolitana| Covenant University,Mexico| Nigeria,0
56000797900,56000797900,Numerical study of highly dispersive optical solitons with differential group delay having quadratic-cubic law of refractive index by Laplace-Adomian decomposition,"González-Gaxiola, O.| Biswas, A.| Zhou, Q.| Alshehri, H.M.",4.0,56000797900| 7202059726| 56460579600| 57219468258,2022.0,2022-09-01,Journal of Nonlinear Optical Physics and Materials,31,3,-,2250009,ISSN-02188635,12183.0,Journal,World Scientific,English,0.43,69,1.9,58,0.248,67,1.41,22.0,10.0,0.88,11.34,30.0,33.0,0.0,0.0,"González-Gaxiola, O., Biswas, A., Zhou, Q. and 1 more (...) (2022).Numerical study of highly dispersive optical solitons with differential group delay having quadratic-cubic law of refractive index by Laplace-Adomian decomposition. Journal of Nonlinear Optical Physics and Materials,31(3) ",https://www.scopus.com/record/display.url?eid=2-s2.0-85122016130&origin=resultslist,10.1142/S0218863522500096,Article,,2-s2.0-85122016130,-,Sefako Makgatho Health Sciences University| Alabama A and M University| Wuhan Textile University| Universidad Autónoma Metropolitana| King Abdulaziz University,713698| 508001| 704018| 505017| 409001,Academic,5.0,60024080| 126630232| 60004582| 60013269| 60008740| 60104662,Universidad Autónoma Metropolitana Unidad Cuajimalpa| National Research Nuclear University| King Abdulaziz University| Sefako Makgatho Health Sciences University (SMU)| Alabama A and M University| Wuhan Textile University,56000797900,57219468258,56000797900,-,China| Mexico| Saudi Arabia| United States| South Africa| Russian Federation,6.0,2504| 3101| 3107,"Electronic, Optical and Magnetic Materials| Physics and Astronomy (miscellaneous)| Atomic and Molecular Physics, and Optics",4,Natural Sciences,433| 439,Materials Science| Physics & Astronomy,36| 37,Engineering| Physical Sciences,51,Physical Sciences,5102,"Atomic, molecular and optical physics",-,Soliton Solutions in Nonlinear Schrödinger Dynamics,551,79.922,Nonlinear Solitary Wave Solutions,1559,99.82,Definitive,2022.0,10.0,N/A,"González-Gaxiola, O.| Biswas, A.| Zhou, Q.| Alshehri, H.M.",Sefako Makgatho Health Sciences University| Alabama A and M University| Wuhan Textile University| Universidad Autónoma Metropolitana| King Abdulaziz University,China| Mexico| Saudi Arabia| United States| South Africa| Russian Federation,0
56000797900,56000797900,Geometry of classical particles on curved surfaces,"Santiago, J.A.| Chacón-Acosta, G.| González-Gaxiola, O.| Torres-Vargas, G.",4.0,56271941100| 56013712800| 56000797900| 57192959970,2017.0,2017-01-01,Revista Mexicana de Fisica,63,1,26-31,-,ISSN-0035001X,29758.0,Journal,Sociedad Mexicana de Fisica,English,0.48,65,1,68,0.203,71,0.17,9.0,9.0,0.17,12.03,44.0,65.0,0.0,0.0,"Santiago, J.A., Chacón-Acosta, G., González-Gaxiola, O. and 1 more (...) (2017).Geometry of classical particles on curved surfaces. Revista Mexicana de Fisica,63(1) 26-31",https://www.scopus.com/record/display.url?eid=2-s2.0-85009446382&origin=resultslist,-,Article,,2-s2.0-85009446382,-,Universidad Autónoma Metropolitana,505017,Academic,1.0,60024080,Universidad Autónoma Metropolitana Unidad Cuajimalpa,56271941100,57192959970,-,-,Mexico,1.0,3100,General Physics and Astronomy,4,Natural Sciences,439,Physics & Astronomy,37,Physical Sciences,51| 40,Physical Sciences| Engineering,5104| 4013| 5107,Condensed matter physics| Geomatic engineering| Particle and high energy physics,-,Membrane Proteins and Lipid Dynamics in Cells,405,53.303,Membrane Dynamics and Lipid Interactions in Cells,5184,88.789,Defensible,2017.0,9.0,N/A,"Santiago, J.A.| Chacón-Acosta, G.| González-Gaxiola, O.| Torres-Vargas, G.",Universidad Autónoma Metropolitana,Mexico,0
56000797900,56000797900,Dispersive Optical Solitons with Schrödinger–Hirota Equation by Laplace-Adomian Decomposition Approach,"González-Gaxiola, O.| Biswas, A.| Moraru, L.| Moldovanu, S.",4.0,56000797900| 7202059726| 6701888991| 51461832400,2023.0,2023-01-01,Universe,9,1,-,19,ISSN-22181997,21100903488.0,Journal,MDPI,English,0.8,40,4.3,33,0.78,24,0.77,12.0,8.0,0.68,11.8,28.0,40.0,0.0,0.0,"González-Gaxiola, O., Biswas, A., Moraru, L. and 1 more (...) (2023).Dispersive Optical Solitons with Schrödinger–Hirota Equation by Laplace-Adomian Decomposition Approach. Universe,9(1) ",https://www.scopus.com/record/display.url?eid=2-s2.0-85146913240&origin=resultslist,10.3390/universe9010019,Article,Gold|Green,2-s2.0-85146913240,-,Dunarea de Jos University of Galati| Grambling State University| Sefako Makgatho Health Sciences University| Universidad Autónoma Metropolitana| King Abdulaziz University,329012| 708587| 713698| 505017| 409001,Academic,5.0,60024080| 60030731| 60004582| 60013269| 60008717| 126630232,Universidad Autónoma Metropolitana Unidad Cuajimalpa| Grambling State University| King Abdulaziz University| Sefako Makgatho Health Sciences University (SMU)| Universitatea Dunarea de Jos din Galati| National Research Nuclear University,56000797900,51461832400,6701888991,-,Mexico| Saudi Arabia| South Africa| United States| Russian Federation| Romania,6.0,3100,General Physics and Astronomy,4,Natural Sciences,439,Physics & Astronomy,37,Physical Sciences,MD| 51,Multidisciplinary| Physical Sciences,5107| 5101| MD,Particle and high energy physics| Astronomical sciences| Multidisciplinary,-,Soliton Solutions in Nonlinear Schrödinger Dynamics,551,79.922,Nonlinear Solitary Wave Solutions,1559,99.82,Definitive,2023.0,8.0,N/A,"González-Gaxiola, O.| Biswas, A.| Moraru, L.| Moldovanu, S.",Dunarea de Jos University of Galati| Grambling State University| Sefako Makgatho Health Sciences University| Universidad Autónoma Metropolitana| King Abdulaziz University,Mexico| Saudi Arabia| South Africa| United States| Russian Federation| Romania,0
56000797900,56000797900,Solution of the Nonlinear Schrödinger Equation with Defocusing Strength Nonlinearities Through the Laplace–Adomian Decomposition Method,"González-Gaxiola, O.| Franco, P.| Bernal-Jaquez, R.",3.0,56000797900| 57203282146| 56013594800,2017.0,2017-12-01,International Journal of Applied and Computational Mathematics,3,4,3723-3743,-,ISSN-23495103,21100899436.0,Journal,Springer,English,0.99,30,-,-,-,-,0.29,15.0,8.0,0.44,6.79,46.0,50.0,0.0,0.0,"González-Gaxiola, O., Franco, P., Bernal-Jaquez, R. (2017).Solution of the Nonlinear Schrödinger Equation with Defocusing Strength Nonlinearities Through the Laplace–Adomian Decomposition Method. International Journal of Applied and Computational Mathematics,3(4) 3723-3743",https://www.scopus.com/record/display.url?eid=2-s2.0-85050817379&origin=resultslist,10.1007/s40819-017-0325-5,Article,Green,2-s2.0-85050817379,-,Universidad Autónoma Metropolitana,505017,Academic,1.0,60024080,Universidad Autónoma Metropolitana Unidad Cuajimalpa,56000797900,56013594800,56000797900,-,Mexico,1.0,2604| 2605,Applied Mathematics| Computational Mathematics,4,Natural Sciences,431,Mathematics,37,Physical Sciences,49| 46,Mathematical Sciences| Information And Computing Sciences,4901| 4903,Applied mathematics| Numerical and computational mathematics,-,Matrix Solutions for Differential Equations and Stability,849,30.085,Adomian Decomposition Methods for Nonlinear Equations,9906,89.659,Very Good,2017.0,8.0,N/A,"González-Gaxiola, O.| Franco, P.| Bernal-Jaquez, R.",Universidad Autónoma Metropolitana,Mexico,0
56000797900,56000797900,Exhibit of highly dispersive optical solitons in birefringent fibers with four forms of nonlinear refractive index by exp-function expansion,"Yıldırım, Y.| Biswas, A.| Guggilla, P.| González-Gaxiola, O.| Ekici, M.| Alzahrani, A.K.| Belic, M.R.",7.0,56988856400| 7202059726| 8645571800| 56000797900| 55076941000| 57188751419| 7006317289,2020.0,2020-04-01,Optik,208,-,-,164471,ISSN-00304026,110152.0,Journal,Elsevier GmbH,English,0.88,39,4.1,32,0.482,36,0.68,14.0,8.0,0.64,12.56,45.0,40.0,0.0,0.0,"Yıldırım, Y., Biswas, A., Guggilla, P. and 4 more (...) (2020).Exhibit of highly dispersive optical solitons in birefringent fibers with four forms of nonlinear refractive index by exp-function expansion. Optik,208",https://www.scopus.com/record/display.url?eid=2-s2.0-85081650062&origin=resultslist,10.1016/j.ijleo.2020.164471,Article,,2-s2.0-85081650062,-,Yozgat Bozok University| Alabama A and M University| Universidad Autónoma Metropolitana| Tshwane University of Technology| Texas A&M University| Qatar Foundation HQ| Moscow Engineering Physics Institute| Near East University| King Abdulaziz University,704965| 508001| 505017| 115003| 508230| 720208| 331040| 704928| 409001,Other| Academic,9.0,60006471| 60008740| 60004582| 60068673| 60006393| 60024080| 60086284| 60072753,Yakın Doğu Üniversitesi| Alabama A and M University| King Abdulaziz University| National Research Nuclear University MEPhI| Tshwane University of Technology| Universidad Autónoma Metropolitana Unidad Cuajimalpa| Yozgat Bozok University| Texas A&M University at Qatar,56988856400,7006317289,56000797900,-,Qatar| Mexico| Saudi Arabia| South Africa| United States| Turkey| Cyprus| Russian Federation,8.0,2208| 2504| 3107,"Electrical and Electronic Engineering| Electronic, Optical and Magnetic Materials| Atomic and Molecular Physics, and Optics",4| 2,Natural Sciences| Engineering & Technology,249| 439| 433| 221,Engineering - Petroleum| Physics & Astronomy| Materials Science| Engineering - Electrical & Electronic,37| 36,Physical Sciences| Engineering,51,Physical Sciences,5102| 5108,"Atomic, molecular and optical physics| Quantum physics",-,Soliton Solutions in Nonlinear Schrödinger Dynamics,551,79.922,Nonlinear Solitary Wave Solutions,1559,99.82,Definitive,2020.0,8.0,N/A,"Yıldırım, Y.| Biswas, A.| Guggilla, P.| González-Gaxiola, O.| Ekici, M.| Alzahrani, A.K.| Belic, M.R.",Yozgat Bozok University| Alabama A and M University| Universidad Autónoma Metropolitana| Tshwane University of Technology| Texas A&M University| Qatar Foundation HQ| Moscow Engineering Physics Institute| Near East University| King Abdulaziz University,Qatar| Mexico| Saudi Arabia| South Africa| United States| Turkey| Cyprus| Russian Federation,0
56000797900,56000797900,Solution for a rotational pendulum system by the Rach-Adomian-Meyers decomposition method,"González-Gaxiola, O.| Rach, R.| De Chávez, J.R.",3.0,56000797900| 58434349000| 56367889700,2022.0,2022-01-01,Nonlinear Engineering,11,1,156-167,-,ISSN-21928010,21100465416.0,Journal,De Gruyter Open Ltd,English,1.34,17,7.7,8,0.527,31,1.35,32.0,8.0,0.55,12.65,36.0,46.0,0.0,0.0,"González-Gaxiola, O., Rach, R., De Chávez, J.R. (2022).Solution for a rotational pendulum system by the Rach-Adomian-Meyers decomposition method. Nonlinear Engineering,11(1) 156-167",https://www.scopus.com/record/display.url?eid=2-s2.0-85130335111&origin=resultslist,10.1515/nleng-2022-0021,Article,Gold|Green,2-s2.0-85130335111,-,Universidad Autónoma Metropolitana,505017,Academic,1.0,60024080| 114279062| 60028381,Universidad Autónoma Metropolitana Unidad Cuajimalpa| The George Adomian Center for Applied Mathematics| Universidad Autónoma Metropolitana -Unidad Iztapalapa,56000797900,56367889700,56000797900,-,Mexico| United States,2.0,1500| 1705| 2200| 2611,General Chemical Engineering| Computer Networks and Communications| General Engineering| Modeling and Simulation,4| 2,Natural Sciences| Engineering & Technology,431| 212| 219,Mathematics| Computer Science & Information Systems| Engineering - Chemical,38| 36| 37,Computer Science| Engineering| Physical Sciences,40,Engineering,-,-,-,Matrix Solutions for Differential Equations and Stability,849,30.085,Adomian Decomposition Methods for Nonlinear Equations,9906,89.659,Very Good,2022.0,8.0,N/A,"González-Gaxiola, O.| Rach, R.| De Chávez, J.R.",Universidad Autónoma Metropolitana,Mexico| United States,0
56000797900,56000797900,OPTICAL SOLITONS FOR THE DISPERSIVE CONCATENATION MODEL BY LAPLACE-ADOMIAN DECOMPOSITION,"González-Gaxiola, O.| Biswas, A.| Yildirim, Y.| Jawad, A.J.M.",4.0,56000797900| 7202059726| 56988856400| 57837821600,2024.0,2024-01-01,Ukrainian Journal of Physical Optics,25,1,01094-01105,-,ISSN-16091833,11400153315.0,Journal,Institute of Physical Optics,English,1.75,9,12.3,9,0.816,26,1.89,18.0,6.0,1.01,5.92,24.0,29.0,0.0,0.0,"González-Gaxiola, O., Biswas, A., Yildirim, Y. and 1 more (...) (2024).OPTICAL SOLITONS FOR THE DISPERSIVE CONCATENATION MODEL BY LAPLACE-ADOMIAN DECOMPOSITION. Ukrainian Journal of Physical Optics,25(1) 01094-01105",https://www.scopus.com/record/display.url?eid=2-s2.0-85186174965&origin=resultslist,10.3116/16091833/Ukr.J.Phys.Opt.2024.01094,Article,,2-s2.0-85186174965,-,Dunarea de Jos University of Galati| Grambling State University| Sefako Makgatho Health Sciences University| Al-Rafidain University College| Universidad Autónoma Metropolitana| Biruni Universitesi| Near East University| King Abdulaziz University,329012| 708587| 713698| 708330| 505017| 705242| 704928| 409001,Academic,8.0,60024080| 60030731| 60004582| 60008717| 60013269| 60105114| 60006471| 60109594,Universidad Autónoma Metropolitana Unidad Cuajimalpa| Grambling State University| King Abdulaziz University| Universitatea Dunarea de Jos din Galati| Sefako Makgatho Health Sciences University (SMU)| Biruni Üniversitesi| Yakın Doğu Üniversitesi| Al-Rafidain University,56000797900,57837821600,-,-,Iraq| Mexico| Saudi Arabia| United States| South Africa| Turkey| Cyprus| Romania,8.0,3107,"Atomic and Molecular Physics, and Optics",4,Natural Sciences,439,Physics & Astronomy,37,Physical Sciences,51| 40| 34,Physical Sciences| Engineering| Chemical Sciences,4013| 3403| 5102,"Geomatic engineering| Macromolecular and materials chemistry| Atomic, molecular and optical physics",-,Soliton Solutions in Nonlinear Schrödinger Dynamics,551,79.922,Interactions and Solutions in Nonlinear Wave Systems,863,99.403,Definitive,2024.0,6.0,N/A,"González-Gaxiola, O.| Biswas, A.| Yildirim, Y.| Jawad, A.J.M.",Dunarea de Jos University of Galati| Grambling State University| Sefako Makgatho Health Sciences University| Al-Rafidain University College| Universidad Autónoma Metropolitana| Biruni Universitesi| Near East University| King Abdulaziz University,Iraq| Mexico| Saudi Arabia| United States| South Africa| Turkey| Cyprus| Romania,0
56000797900,56000797900,Highly Dispersive Optical Solitons in Birefringent Fibers with Polynomial Law of Nonlinear Refractive Index by Laplace–Adomian Decomposition,"González-Gaxiola, O.| Biswas, A.| Yıldırım, Y.| Moraru, L.",4.0,56000797900| 7202059726| 56988856400| 6701888991,2022.0,2022-05-01,Mathematics,10,9,-,1589,ISSN-22277390,21100830702.0,Journal,MDPI,English,0.98,31,3.5,12,0.446,37,1.85,21.0,6.0,1.26,4.78,42.0,23.0,0.0,0.0,"González-Gaxiola, O., Biswas, A., Yıldırım, Y. and 1 more (...) (2022).Highly Dispersive Optical Solitons in Birefringent Fibers with Polynomial Law of Nonlinear Refractive Index by Laplace–Adomian Decomposition. Mathematics,10(9) ",https://www.scopus.com/record/display.url?eid=2-s2.0-85130152800&origin=resultslist,10.3390/math10091589,Article,Gold|Green,2-s2.0-85130152800,-,Dunarea de Jos University of Galati| Sefako Makgatho Health Sciences University| Universidad Autónoma Metropolitana| King Abdulaziz University| Near East University,329012| 713698| 505017| 409001| 704928,Academic,5.0,60024080| 126630232| 60004582| 60008717| 60013269| 60006471,Universidad Autónoma Metropolitana Unidad Cuajimalpa| National Research Nuclear University| King Abdulaziz University| Universitatea Dunarea de Jos din Galati| Sefako Makgatho Health Sciences University (SMU)| Yakın Doğu Üniversitesi,56000797900,6701888991,6701888991,-,Mexico| Saudi Arabia| South Africa| Cyprus| Russian Federation| Romania,6.0,2600,General Mathematics,4,Natural Sciences,431,Mathematics,37,Physical Sciences,49,Mathematical Sciences,-,-,-,Soliton Solutions in Nonlinear Schrödinger Dynamics,551,79.922,Nonlinear Solitary Wave Solutions,1559,99.82,Definitive,2022.0,6.0,N/A,"González-Gaxiola, O.| Biswas, A.| Yıldırım, Y.| Moraru, L.",Dunarea de Jos University of Galati| Sefako Makgatho Health Sciences University| Universidad Autónoma Metropolitana| King Abdulaziz University| Near East University,Mexico| Saudi Arabia| South Africa| Cyprus| Russian Federation| Romania,0
56000797900,56000797900,Highly Dispersive Optical Solitons in Absence of Self-Phase Modulation by Laplace-Adomian Decomposition,"González-Gaxiola, O.| Biswas, A.| Moraru, L.| Moldovanu, S.",4.0,56000797900| 7202059726| 6701888991| 51461832400,2023.0,2023-02-01,Photonics,10,2,-,114,ISSN-23046732,21100833027.0,Journal,MDPI,English,0.8,40,2.6,57,0.457,49,0.82,11.0,6.0,0.69,8.67,34.0,39.0,0.0,0.0,"González-Gaxiola, O., Biswas, A., Moraru, L. and 1 more (...) (2023).Highly Dispersive Optical Solitons in Absence of Self-Phase Modulation by Laplace-Adomian Decomposition. Photonics,10(2) ",https://www.scopus.com/record/display.url?eid=2-s2.0-85149065457&origin=resultslist,10.3390/photonics10020114,Article,Gold|Green,2-s2.0-85149065457,-,Dunarea de Jos University of Galati| Grambling State University| Sefako Makgatho Health Sciences University| Universidad Autónoma Metropolitana| King Abdulaziz University,329012| 708587| 713698| 505017| 409001,Academic,5.0,60024080| 60030731| 60004582| 60013269| 60008717| 126630232,Universidad Autónoma Metropolitana Unidad Cuajimalpa| Grambling State University| King Abdulaziz University| Sefako Makgatho Health Sciences University (SMU)| Universitatea Dunarea de Jos din Galati| National Research Nuclear University,56000797900,51461832400,6701888991,-,Mexico| Saudi Arabia| South Africa| United States| Russian Federation| Romania,6.0,2741| 3105| 3107,"Radiology, Nuclear Medicine and Imaging| Instrumentation| Atomic and Molecular Physics, and Optics",4| 5,Natural Sciences| Life Sciences & Medicine,532| 439,Medicine| Physics & Astronomy,37| 34,Physical Sciences| Medical and Health,51,Physical Sciences,5102,"Atomic, molecular and optical physics",-,Soliton Solutions in Nonlinear Schrödinger Dynamics,551,79.922,Nonlinear Solitary Wave Solutions,1559,99.82,Definitive,2023.0,6.0,N/A,"González-Gaxiola, O.| Biswas, A.| Moraru, L.| Moldovanu, S.",Dunarea de Jos University of Galati| Grambling State University| Sefako Makgatho Health Sciences University| Universidad Autónoma Metropolitana| King Abdulaziz University,Mexico| Saudi Arabia| South Africa| United States| Russian Federation| Romania,0
56000797900,56000797900,Optical solitons in birefringent fibers with quadratic-cubic nonlinearity by traveling waves and Adomian decomposition,"Asma, M.| Biswas, A.| Ekici, M.| González-Gaxiola, O.| Alzahrani, A.K.| Belic, M.R.",6.0,56420020600| 7202059726| 55076941000| 56000797900| 57188751419| 7006317289,2021.0,2021-03-01,Optical and Quantum Electronics,53,3,-,138,ISSN-03068919,12313.0,Journal,Springer,English,0.89,38,3.7,40,0.432,48,0.73,14.0,5.0,0.31,12.77,51.0,59.0,0.0,0.0,"Asma, M., Biswas, A., Ekici, M. and 3 more (...) (2021).Optical solitons in birefringent fibers with quadratic-cubic nonlinearity by traveling waves and Adomian decomposition. Optical and Quantum Electronics,53(3) ",https://www.scopus.com/record/display.url?eid=2-s2.0-85101380796&origin=resultslist,10.1007/s11082-021-02778-2,Article,,2-s2.0-85101380796,-,Yozgat Bozok University| University of Malaya| Sefako Makgatho Health Sciences University| Alabama A and M University| Universidad Autónoma Metropolitana| Texas A&M University| Qatar Foundation HQ| Moscow Engineering Physics Institute| King Abdulaziz University,704965| 211009| 713698| 508001| 505017| 508230| 720208| 331040| 409001,Other| Academic,9.0,60029157| 60008740| 60004582| 60068673| 60013269| 60086284| 60024080| 60072753,Universiti Malaya| Alabama A and M University| King Abdulaziz University| National Research Nuclear University MEPhI| Sefako Makgatho Health Sciences University (SMU)| Yozgat Bozok University| Universidad Autónoma Metropolitana Unidad Cuajimalpa| Texas A&M University at Qatar,56420020600,7006317289,56000797900,-,Qatar| Mexico| Saudi Arabia| United States| South Africa| Turkey| Malaysia| Russian Federation,8.0,2208| 2504| 3107,"Electrical and Electronic Engineering| Electronic, Optical and Magnetic Materials| Atomic and Molecular Physics, and Optics",2| 4,Engineering & Technology| Natural Sciences,433| 249| 439| 221,Materials Science| Engineering - Petroleum| Physics & Astronomy| Engineering - Electrical & Electronic,37| 36,Physical Sciences| Engineering,51,Physical Sciences,5102| 5108,"Atomic, molecular and optical physics| Quantum physics",-,Soliton Solutions in Nonlinear Schrödinger Dynamics,551,79.922,Nonlinear Solitary Wave Solutions,1559,99.82,Definitive,2021.0,5.0,N/A,"Asma, M.| Biswas, A.| Ekici, M.| González-Gaxiola, O.| Alzahrani, A.K.| Belic, M.R.",Yozgat Bozok University| University of Malaya| Sefako Makgatho Health Sciences University| Alabama A and M University| Universidad Autónoma Metropolitana| Texas A&M University| Qatar Foundation HQ| Moscow Engineering Physics Institute| King Abdulaziz University,Qatar| Mexico| Saudi Arabia| United States| South Africa| Turkey| Malaysia| Russian Federation,0
56000797900,56000797900,Traveling wave solutions of the generalized scale-invariant analog of the KdV equation by tanh-coth method,"González-Gaxiola, O.| Ruiz De Chávez, J.",2.0,56000797900| 58637063000,2023.0,2023-01-01,Nonlinear Engineering,12,1,-,-,ISSN-21928010,21100465416.0,Journal,Walter de Gruyter GmbH,English,0.87,35,6.2,16,0.423,38,0.49,11.0,5.0,0.44,11.47,38.0,52.0,0.0,0.0,"González-Gaxiola, O., Ruiz De Chávez, J. (2023).Traveling wave solutions of the generalized scale-invariant analog of the KdV equation by tanh-coth method. Nonlinear Engineering,12(1) ",https://www.scopus.com/record/display.url?eid=2-s2.0-85173612558&origin=resultslist,10.1515/nleng-2022-0325,Article,Gold|Green,2-s2.0-85173612558,-,Universidad Autónoma Metropolitana,505017,Academic,1.0,60024080| 60028381,Universidad Autónoma Metropolitana Unidad Cuajimalpa| Universidad Autónoma Metropolitana -Unidad Iztapalapa,56000797900,58637063000,56000797900,-,Mexico,1.0,1500| 1705| 2200| 2611,General Chemical Engineering| Computer Networks and Communications| General Engineering| Modeling and Simulation,4| 2,Natural Sciences| Engineering & Technology,431| 219| 212,Mathematics| Engineering - Chemical| Computer Science & Information Systems,38| 36| 37,Computer Science| Engineering| Physical Sciences,40,Engineering,-,-,-,Soliton Solutions in Nonlinear Schrödinger Dynamics,551,79.922,Exact Solutions for Nonlinear Wave Equations,1280,94.53,Definitive,2023.0,5.0,N/A,"González-Gaxiola, O.| Ruiz De Chávez, J.",Universidad Autónoma Metropolitana,Mexico,0
56000797900,56000797900,Periodic Solution for Strongly Nonlinear Oscillators by He’s New Amplitude–Frequency Relationship,"González-Gaxiola, O.",1.0,56000797900,2017.0,2017-12-01,International Journal of Applied and Computational Mathematics,3,-,1249-1259,-,ISSN-23495103,21100899436.0,Journal,Springer,English,0.99,30,-,-,-,-,0.36,13.0,5.0,0.15,6.79,54.0,66.0,0.0,0.0,"González-Gaxiola, O. (2017).Periodic Solution for Strongly Nonlinear Oscillators by He’s New Amplitude–Frequency Relationship. International Journal of Applied and Computational Mathematics,31249-1259",https://www.scopus.com/record/display.url?eid=2-s2.0-85053565397&origin=resultslist,10.1007/s40819-017-0414-5,Article,Green,2-s2.0-85053565397,-,Universidad Autónoma Metropolitana,505017,Academic,1.0,60024080,Universidad Autónoma Metropolitana Unidad Cuajimalpa,-,-,56000797900,56000797900,Mexico,1.0,2604| 2605,Applied Mathematics| Computational Mathematics,4,Natural Sciences,431,Mathematics,37,Physical Sciences,46| 49,Information And Computing Sciences| Mathematical Sciences,4901| 4903,Applied mathematics| Numerical and computational mathematics,-,Matrix Solutions for Differential Equations and Stability,849,30.085,Analytical Solutions for Nonlinear Oscillator Dynamics,3559,86.903,Definitive,2017.0,5.0,N/A,"González-Gaxiola, O.",Universidad Autónoma Metropolitana,Mexico,0
56000797900,56000797900,Highly dispersive optical solitons in birefringent fibers having Kerr law of refractive index by Laplace–Adomian decomposition,"González-Gaxiola, O.| Biswas, A.| Yildirim, Y.| Alshehri, H.M.",4.0,56000797900| 7202059726| 56988856400| 57219468258,2022.0,2022-05-01,Optik,257,-,-,168788,ISSN-00304026,110152.0,Journal,Elsevier GmbH,English,0.88,37,5.7,26,0.539,39,1.18,20.0,5.0,0.38,13.26,46.0,56.0,0.0,0.0,"González-Gaxiola, O., Biswas, A., Yildirim, Y. and 1 more (...) (2022).Highly dispersive optical solitons in birefringent fibers having Kerr law of refractive index by Laplace–Adomian decomposition. Optik,257",https://www.scopus.com/record/display.url?eid=2-s2.0-85126125988&origin=resultslist,10.1016/j.ijleo.2022.168788,Article,,2-s2.0-85126125988,-,Dunarea de Jos University of Galati| Sefako Makgatho Health Sciences University| Alabama A and M University| Universidad Autónoma Metropolitana| Near East University| King Abdulaziz University,329012| 713698| 508001| 505017| 704928| 409001,Academic,6.0,60024080| 126630232| 60004582| 60008717| 60013269| 60008740| 60006471,Universidad Autónoma Metropolitana Unidad Cuajimalpa| National Research Nuclear University| King Abdulaziz University| Universitatea Dunarea de Jos din Galati| Sefako Makgatho Health Sciences University (SMU)| Alabama A and M University| Yakın Doğu Üniversitesi,56000797900,57219468258,56000797900,-,Mexico| Saudi Arabia| South Africa| United States| Cyprus| Russian Federation| Romania,7.0,2208| 2504| 3107,"Electrical and Electronic Engineering| Electronic, Optical and Magnetic Materials| Atomic and Molecular Physics, and Optics",4| 2,Natural Sciences| Engineering & Technology,249| 433| 439| 221,Engineering - Petroleum| Materials Science| Physics & Astronomy| Engineering - Electrical & Electronic,37| 36,Physical Sciences| Engineering,51,Physical Sciences,5102| 5108,"Atomic, molecular and optical physics| Quantum physics",-,Soliton Solutions in Nonlinear Schrödinger Dynamics,551,79.922,Nonlinear Solitary Wave Solutions,1559,99.82,Definitive,2022.0,5.0,N/A,"González-Gaxiola, O.| Biswas, A.| Yildirim, Y.| Alshehri, H.M.",Dunarea de Jos University of Galati| Sefako Makgatho Health Sciences University| Alabama A and M University| Universidad Autónoma Metropolitana| Near East University| King Abdulaziz University,Mexico| Saudi Arabia| South Africa| United States| Cyprus| Russian Federation| Romania,0
56000797900,56000797900,Application of the Kudryashov Method for Finding Exact Solutions of the Schamel – Kawahara Equation,"González-Gaxiola, O.| León-Ramírez, A.| Chacón-Acosta, G.",3.0,56000797900| 57211961889| 56013712800,2022.0,2022-01-01,Russian Journal of Nonlinear Dynamics,18,2,203-215,-,ISSN-26585324,21100926584.0,Journal,Institute of Computer Science Izhevsk,English,0.51,63,1.2,73,0.259,67,0.46,7.0,5.0,0.4,9.93,46.0,55.0,0.0,0.0,"González-Gaxiola, O., León-Ramírez, A., Chacón-Acosta, G. (2022).Application of the Kudryashov Method for Finding Exact Solutions of the Schamel – Kawahara Equation. Russian Journal of Nonlinear Dynamics,18(2) 203-215",https://www.scopus.com/record/display.url?eid=2-s2.0-85137376489&origin=resultslist,10.20537/nd220204,Article,Gold,2-s2.0-85137376489,-,Universidad Autónoma Metropolitana,505017,Academic,1.0,60024080,Universidad Autónoma Metropolitana Unidad Cuajimalpa,56000797900,56013712800,-,-,Mexico,1.0,2207| 2210| 2604| 2610| 2611| 3109,Control and Systems Engineering| Mechanical Engineering| Applied Mathematics| Mathematical Physics| Modeling and Simulation| Statistical and Nonlinear Physics,4| 2,Natural Sciences| Engineering & Technology,431| 439| 212| 222,Mathematics| Physics & Astronomy| Computer Science & Information Systems| Engineering - Mechanical,37| 36,Physical Sciences| Engineering,49| 51,Mathematical Sciences| Physical Sciences,4901| 4904| 5199,Applied mathematics| Pure mathematics| Other physical sciences,-,Soliton Solutions in Nonlinear Schrödinger Dynamics,551,79.922,Nonlinear Solitary Wave Solutions,1559,99.82,Very Good,2022.0,5.0,N/A,"González-Gaxiola, O.| León-Ramírez, A.| Chacón-Acosta, G.",Universidad Autónoma Metropolitana,Mexico,0
56000797900,56000797900,Adomian decomposition method for analytical solution of a continuous arithmetic Asian option pricing model,"Edeki, S.O.| Akinlabi, G.O.| González-Gaxiola, O.",3.0,56181582400| 56437984700| 56000797900,2019.0,2019-01-01,Telkomnika (Telecommunication Computing Electronics and Control),17,2,866-872,-,ISSN-16936930,21100256101.0,Journal,Universitas Ahmad Dahlan,English,0.74,48,1.7,59,0.214,65,0.52,11.0,4.0,0.26,11.68,57.0,61.0,0.0,0.0,"Edeki, S.O., Akinlabi, G.O., González-Gaxiola, O. (2019).Adomian decomposition method for analytical solution of a continuous arithmetic Asian option pricing model. Telkomnika (Telecommunication Computing Electronics and Control),17(2) 866-872",https://www.scopus.com/record/display.url?eid=2-s2.0-85063948352&origin=resultslist,10.12928/TELKOMNIKA.v17i2.9179,Article,Gold|Green,2-s2.0-85063948352,-,Universidad Autónoma Metropolitana| Covenant University,505017| 705282,Academic,2.0,60103980| 60024080,Covenant University| Universidad Autónoma Metropolitana Unidad Cuajimalpa,56181582400,56000797900,56181582400,-,Mexico| Nigeria,2.0,2208,Electrical and Electronic Engineering,2,Engineering & Technology,249| 221,Engineering - Petroleum| Engineering - Electrical & Electronic,36,Engineering,46| 40,Information And Computing Sciences| Engineering,4009| 4603,"Electronics, sensors and digital hardware| Computer vision and multimedia computation",-,Stochastic Models for Pricing and Risk Management,840,37.933,Pricing Strategies for Asian Options in Finance,35677,57.756,Very Good,2019.0,4.0,N/A,"Edeki, S.O.| Akinlabi, G.O.| González-Gaxiola, O.",Universidad Autónoma Metropolitana| Covenant University,Mexico| Nigeria,0
56000797900,56000797900,Pure-Cubic Optical Solitons With Kerr Law By Laplace-Adomian Decomposition,"Gonzalez-Gaxiola, O.| Biswas, A.| Yıldırım, Y.| Asiri, A.",4.0,56000797900| 7202059726| 56988856400| 54399911200,2024.0,2024-01-01,Journal of Applied Science and Engineering,27,10,3225-3236,-,ISSN-27089967,21101270127.0,Journal,Tamkang University,English,0.46,66,2.4,30,0.244,43,0.81,15.0,4.0,0.49,8.12,32.0,48.0,0.0,0.0,"Gonzalez-Gaxiola, O., Biswas, A., Yıldırım, Y. and 1 more (...) (2024).Pure-Cubic Optical Solitons With Kerr Law By Laplace-Adomian Decomposition. Journal of Applied Science and Engineering,27(10) 3225-3236",https://www.scopus.com/record/display.url?eid=2-s2.0-85185761914&origin=resultslist,10.6180/jase.202410_27(10).0003,Article,,2-s2.0-85185761914,-,Dunarea de Jos University of Galati| Grambling State University| Sefako Makgatho Health Sciences University| Universidad Autónoma Metropolitana| Biruni Universitesi| King Abdulaziz University| Near East University,329012| 708587| 713698| 505017| 705242| 409001| 704928,Academic,7.0,60024080| 60030731| 60004582| 60008717| 60013269| 60105114| 60006471,Universidad Autónoma Metropolitana Unidad Cuajimalpa| Grambling State University| King Abdulaziz University| Universitatea Dunarea de Jos din Galati| Sefako Makgatho Health Sciences University (SMU)| Biruni Üniversitesi| Yakın Doğu Üniversitesi,56000797900,54399911200,7202059726,-,Mexico| Saudi Arabia| United States| South Africa| Turkey| Cyprus| Romania,7.0,1000| 2200,Multidisciplinary| General Engineering,2,Engineering & Technology,-,-,36,Engineering,-,-,-,-,-,Soliton Solutions in Nonlinear Schrödinger Dynamics,551,79.922,Nonlinear Solitary Wave Solutions,1559,99.82,Definitive,2024.0,4.0,N/A,"Gonzalez-Gaxiola, O.| Biswas, A.| Yıldırım, Y.| Asiri, A.",Dunarea de Jos University of Galati| Grambling State University| Sefako Makgatho Health Sciences University| Universidad Autónoma Metropolitana| Biruni Universitesi| King Abdulaziz University| Near East University,Mexico| Saudi Arabia| United States| South Africa| Turkey| Cyprus| Romania,0
56000797900,56000797900,Bright and dark optical solitons of the Schäfer–Wayne short-pulse equation by Laplace substitution method,"González-Gaxiola, O.",1.0,56000797900,2020.0,2020-01-01,Optik,200,-,-,163414,ISSN-00304026,110152.0,Journal,Elsevier GmbH,English,0.88,39,4.1,32,0.482,36,0.47,10.0,4.0,0.24,12.56,58.0,62.0,0.0,0.0,"González-Gaxiola, O. (2020).Bright and dark optical solitons of the Schäfer–Wayne short-pulse equation by Laplace substitution method. Optik,200",https://www.scopus.com/record/display.url?eid=2-s2.0-85072333645&origin=resultslist,10.1016/j.ijleo.2019.163414,Article,,2-s2.0-85072333645,-,Universidad Autónoma Metropolitana,505017,Academic,1.0,60024080,Universidad Autónoma Metropolitana Unidad Cuajimalpa,-,-,-,56000797900,Mexico,1.0,2208| 2504| 3107,"Electrical and Electronic Engineering| Electronic, Optical and Magnetic Materials| Atomic and Molecular Physics, and Optics",2| 4,Engineering & Technology| Natural Sciences,433| 249| 221| 439,Materials Science| Engineering - Petroleum| Engineering - Electrical & Electronic| Physics & Astronomy,37| 36,Physical Sciences| Engineering,51,Physical Sciences,5102| 5108,"Atomic, molecular and optical physics| Quantum physics",-,Soliton Solutions in Nonlinear Schrödinger Dynamics,551,79.922,Dynamics of Solitary Waves and Short Pulses,65145,61.498,Very Good,2020.0,4.0,N/A,"González-Gaxiola, O.",Universidad Autónoma Metropolitana,Mexico,0
56000797900,56000797900,Solution of the Nonlinear Kompaneets Equation Through the Laplace-Adomian Decomposition Method,"González-Gaxiola, O.| Ruiz de Chávez, J.| Bernal-Jaquez, R.",3.0,56000797900| 56367889700| 56013594800,2017.0,2017-06-01,International Journal of Applied and Computational Mathematics,3,2,489-504,-,ISSN-23495103,21100899436.0,Journal,Springer,English,0.99,30,-,-,-,-,0.36,11.0,3.0,0.29,6.79,62.0,58.0,0.0,0.0,"González-Gaxiola, O., Ruiz de Chávez, J., Bernal-Jaquez, R. (2017).Solution of the Nonlinear Kompaneets Equation Through the Laplace-Adomian Decomposition Method. International Journal of Applied and Computational Mathematics,3(2) 489-504",https://www.scopus.com/record/display.url?eid=2-s2.0-85065173689&origin=resultslist,10.1007/s40819-016-0144-0,Article,,2-s2.0-85065173689,-,Universidad Autónoma Metropolitana,505017,Academic,1.0,60024080| 60028381,Universidad Autónoma Metropolitana Unidad Cuajimalpa| Universidad Autónoma Metropolitana -Unidad Iztapalapa,56000797900,56013594800,56000797900,-,Mexico,1.0,2604| 2605,Applied Mathematics| Computational Mathematics,4,Natural Sciences,431,Mathematics,37,Physical Sciences,46| 49,Information And Computing Sciences| Mathematical Sciences,4901| 4903,Applied mathematics| Numerical and computational mathematics,-,Matrix Solutions for Differential Equations and Stability,849,30.085,Adomian Decomposition Methods for Nonlinear Equations,9906,89.659,Very Good,2017.0,3.0,N/A,"González-Gaxiola, O.| Ruiz de Chávez, J.| Bernal-Jaquez, R.",Universidad Autónoma Metropolitana,Mexico,0
56000797900,56000797900,Optical Soliton Perturbation with Parabolic Law Nonlinearity,"Arnous, A.H.| Samir, I.| Biswas, A.| González-Gaxiola, O.| Moraru, L.| Iticescu, C.| Moldovanu, S.| Alghamdi, A.A.",8.0,57195299458| 57202829440| 7202059726| 56000797900| 6701888991| 24824288300| 51461832400| 58063028300,2023.0,2023-03-01,Universe,9,3,-,155,ISSN-22181997,21100903488.0,Journal,MDPI,English,0.8,40,4.3,33,0.78,24,0.96,15.0,3.0,0.25,11.8,49.0,63.0,0.0,0.0,"Arnous, A.H., Samir, I., Biswas, A. and 5 more (...) (2023).Optical Soliton Perturbation with Parabolic Law Nonlinearity. Universe,9(3) ",https://www.scopus.com/record/display.url?eid=2-s2.0-85152567189&origin=resultslist,10.3390/universe9030155,Article,Gold|Green,2-s2.0-85152567189,-,Ain Shams University| Dunarea de Jos University of Galati| El Shorouk Academy| Grambling State University| Sefako Makgatho Health Sciences University| Universidad Autónoma Metropolitana| King Abdulaziz University,104001| 329012| 717926| 708587| 713698| 505017| 409001,Academic| Government,7.0,60273661| 60026746| 60016618| 60216991| 60030731| 60004582| 126630232| 60008717| 60013269| 60024080,"Higher Institute of Engineering| El Shorouk Academy| Ain Shams University| Faculty of Engineering, Ain Shams University| Grambling State University| King Abdulaziz University| National Research Nuclear University| Universitatea Dunarea de Jos din Galati| Sefako Makgatho Health Sciences University (SMU)| Universidad Autónoma Metropolitana Unidad Cuajimalpa",57195299458,58063028300,6701888991,-,Mexico| Egypt| Saudi Arabia| United States| South Africa| Russian Federation| Romania,7.0,3100,General Physics and Astronomy,4,Natural Sciences,439,Physics & Astronomy,37,Physical Sciences,51| MD,Physical Sciences| Multidisciplinary,5101| 5107| MD,Astronomical sciences| Particle and high energy physics| Multidisciplinary,-,Soliton Solutions in Nonlinear Schrödinger Dynamics,551,79.922,Nonlinear Solitary Wave Solutions,1559,99.82,Definitive,2023.0,3.0,N/A,"Arnous, A.H.| Samir, I.| Biswas, A.| González-Gaxiola, O.| Moraru, L.| Iticescu, C.| Moldovanu, S.| Alghamdi, A.A.",Ain Shams University| Dunarea de Jos University of Galati| El Shorouk Academy| Grambling State University| Sefako Makgatho Health Sciences University| Universidad Autónoma Metropolitana| King Abdulaziz University,Mexico| Egypt| Saudi Arabia| United States| South Africa| Russian Federation| Romania,0
56000797900,56000797900,Quiescent pure-quartic optical solitons with Kerr and non-local combo self-phase modulation by Laplace-Adomian decomposition,"González-Gaxiola, O.| Yildirim, Y.| Hussein, L.| Biswas, A.",4.0,56000797900| 56988856400| 59241753900| 7202059726,2024.0,2024-01-01,Journal of Optics (India),-,-,-,-,ISSN-09728821,12185.0,Journal,Springer,English,0.91,35,2.7,61,0.286,69,1.78,17.0,3.0,0.51,5.92,38.0,47.0,0.0,0.0,"González-Gaxiola, O., Yildirim, Y., Hussein, L. and 1 more (...) (2024).Quiescent pure-quartic optical solitons with Kerr and non-local combo self-phase modulation by Laplace-Adomian decomposition. Journal of Optics (India),",https://www.scopus.com/record/display.url?eid=2-s2.0-85205260613&origin=resultslist,10.1007/s12596-024-02257-3,Article,Hybrid gold,2-s2.0-85205260613,-,"Dunarea de Jos University of Galati| Grambling State University| Sefako Makgatho Health Sciences University| University of Kyrenia| Universidad Autónoma Metropolitana| The Islamic University, Najaf| Biruni Universitesi| Near East University",329012| 708587| 713698| 716584| 505017| 717264| 705242| 704928,Academic,8.0,60024080| 60105114| 60006471| 60122140| 60109789| 60030731| 60008717| 60013269| 126630232,"Universidad Autónoma Metropolitana Unidad Cuajimalpa| Biruni Üniversitesi| Yakın Doğu Üniversitesi| University of Kyrenia| The Islamic University, Najaf| Grambling State University| Universitatea Dunarea de Jos din Galati| Sefako Makgatho Health Sciences University (SMU)| National Research Nuclear University",56000797900,7202059726,7202059726,-,Iraq| Mexico| United States| South Africa| Turkey| Cyprus| Russian Federation| Romania,8.0,3107,"Atomic and Molecular Physics, and Optics",4,Natural Sciences,439,Physics & Astronomy,37,Physical Sciences,40| 51,Engineering| Physical Sciences,5102| 4013| 4099,"Atomic, molecular and optical physics| Geomatic engineering| Other engineering",-,Soliton Solutions in Nonlinear Schrödinger Dynamics,551,79.922,Nonlinear Solitary Wave Solutions,1559,99.82,Definitive,2024.0,3.0,N/A,"González-Gaxiola, O.| Yildirim, Y.| Hussein, L.| Biswas, A.","Dunarea de Jos University of Galati| Grambling State University| Sefako Makgatho Health Sciences University| University of Kyrenia| Universidad Autónoma Metropolitana| The Islamic University, Najaf| Biruni Universitesi| Near East University",Iraq| Mexico| United States| South Africa| Turkey| Cyprus| Russian Federation| Romania,0
56000797900,56000797900,An Efficient Iterative Method for Solving the Elliptical Kepler’s Equation,"González-Gaxiola, O.| Hernández-Linares, S.",2.0,56000797900| 6506119639,2021.0,2021-04-01,International Journal of Applied and Computational Mathematics,7,2,-,42,ISSN-23495103,21100899436.0,Journal,Springer,English,0.82,43,2.4,44,0.346,61,0.95,14.0,3.0,0.34,8.85,60.0,57.0,0.0,0.0,"González-Gaxiola, O., Hernández-Linares, S. (2021).An Efficient Iterative Method for Solving the Elliptical Kepler’s Equation. International Journal of Applied and Computational Mathematics,7(2) ",https://www.scopus.com/record/display.url?eid=2-s2.0-85102571931&origin=resultslist,10.1007/s40819-021-00984-w,Article,,2-s2.0-85102571931,-,Universidad Autónoma Metropolitana,505017,Academic,1.0,60024080,Universidad Autónoma Metropolitana Unidad Cuajimalpa,56000797900,6506119639,56000797900,-,Mexico,1.0,2604| 2605,Applied Mathematics| Computational Mathematics,4,Natural Sciences,431,Mathematics,37,Physical Sciences,49| 46,Mathematical Sciences| Information And Computing Sciences,4901| 4903,Applied mathematics| Numerical and computational mathematics,-,Innovative Control Systems for Spacecraft Operations,504,43.427,Mathematical Methods in Celestial Mechanics Solutions,84341,43.266,Defensible,2021.0,3.0,N/A,"González-Gaxiola, O.| Hernández-Linares, S.",Universidad Autónoma Metropolitana,Mexico,0
56000797900,56000797900,Forces on membranes with in-plane order,"Barrientos, G.| Chacón-Acosta, G.| González-Gaxiola, O.| Santiago, J.A.",4.0,57214221269| 56013712800| 56000797900| 56271941100,2017.0,2017-11-01,Journal of Physics Communications,1,4,-,045017,ISSN-23996528,21100943253.0,Journal,Institute of Physics Publishing,English,-,-,-,-,-,-,0.11,5.0,2.0,0.17,12.03,67.0,65.0,0.0,0.0,"Barrientos, G., Chacón-Acosta, G., González-Gaxiola, O. and 1 more (...) (2017).Forces on membranes with in-plane order. Journal of Physics Communications,1(4) ",https://www.scopus.com/record/display.url?eid=2-s2.0-85047748313&origin=resultslist,10.1088/2399-6528/aa90cd,Article,Gold,2-s2.0-85047748313,-,Universidad Autónoma Metropolitana,505017,Academic,1.0,60024080,Universidad Autónoma Metropolitana Unidad Cuajimalpa,57214221269,56271941100,56271941100,-,Mexico,1.0,3100,General Physics and Astronomy,4,Natural Sciences,439,Physics & Astronomy,37,Physical Sciences,51,Physical Sciences,-,-,-,Liquid Crystal Innovations in Optical Applications,165,61.871,Defect Dynamics in Liquid Crystal Structures,5465,91.39,Definitive,2017.0,2.0,N/A,"Barrientos, G.| Chacón-Acosta, G.| González-Gaxiola, O.| Santiago, J.A.",Universidad Autónoma Metropolitana,Mexico,0
56000797900,56000797900,Optical solitons to Sasa-Satsuma model in birefringent fibers by Laplace-Adomian decomposition method,"González-Gaxiola, O.| Biswas, A.| Yildirim, Y.| Alghamdi, A.A.",4.0,56000797900| 7202059726| 56988856400| 58063028300,2022.0,2022-11-01,Journal of Optoelectronics and Advanced Materials,24,11-12,536-547,-,ISSN-14544164,26622.0,Journal,National Institute of Optoelectronics,English,0.24,83,1,83,0.153,88,0.28,5.0,2.0,0.16,12.86,63.0,71.0,0.0,0.0,"González-Gaxiola, O., Biswas, A., Yildirim, Y. and 1 more (...) (2022).Optical solitons to Sasa-Satsuma model in birefringent fibers by Laplace-Adomian decomposition method. Journal of Optoelectronics and Advanced Materials,24(11-12) 536-547",https://www.scopus.com/record/display.url?eid=2-s2.0-85168415047&origin=resultslist,-,Article,,2-s2.0-85168415047,-,Dunarea de Jos University of Galati| Grambling State University| Sefako Makgatho Health Sciences University| Universidad Autónoma Metropolitana| Biruni Universitesi| King Abdulaziz University,329012| 708587| 713698| 505017| 705242| 409001,Academic,6.0,60024080| 60030731| 60004582| 126630232| 60008717| 60013269| 60105114,Universidad Autónoma Metropolitana Unidad Cuajimalpa| Grambling State University| King Abdulaziz University| National Research Nuclear University| Universitatea Dunarea de Jos din Galati| Sefako Makgatho Health Sciences University (SMU)| Biruni Üniversitesi,56000797900,58063028300,7202059726,-,Mexico| Saudi Arabia| South Africa| United States| Turkey| Russian Federation| Romania,7.0,2208| 2504| 3104| 3107,"Electrical and Electronic Engineering| Electronic, Optical and Magnetic Materials| Condensed Matter Physics| Atomic and Molecular Physics, and Optics",2| 4,Engineering & Technology| Natural Sciences,439| 433| 221| 249,Physics & Astronomy| Materials Science| Engineering - Electrical & Electronic| Engineering - Petroleum,36| 37,Engineering| Physical Sciences,51,Physical Sciences,5102,"Atomic, molecular and optical physics",-,Soliton Solutions in Nonlinear Schrödinger Dynamics,551,79.922,Nonlinear Solitary Wave Solutions,1559,99.82,Definitive,2022.0,2.0,N/A,"González-Gaxiola, O.| Biswas, A.| Yildirim, Y.| Alghamdi, A.A.",Dunarea de Jos University of Galati| Grambling State University| Sefako Makgatho Health Sciences University| Universidad Autónoma Metropolitana| Biruni Universitesi| King Abdulaziz University,Mexico| Saudi Arabia| South Africa| United States| Turkey| Russian Federation| Romania,0
56000797900,56000797900,Optical soliton perturbation with spatio-temporal dispersion having Kerr law nonlinearity by the variational iteration method,"González-Gaxiola, O.| Biswas, A.| Alzahrani, A.K.| Belic, M.R.",4.0,56000797900| 7202059726| 57188751419| 7006317289,2020.0,2020-07-01,Revista Mexicana de Fisica,66,4,404-410,-,ISSN-0035001X,29758.0,Journal,Sociedad Mexicana de Fisica,English,0.49,65,0.8,79,0.181,80,0.4,12.0,2.0,0.0,14.33,68.0,78.0,0.0,0.0,"González-Gaxiola, O., Biswas, A., Alzahrani, A.K. and 1 more (...) (2020).Optical soliton perturbation with spatio-temporal dispersion having Kerr law nonlinearity by the variational iteration method. Revista Mexicana de Fisica,66(4) 404-410",https://www.scopus.com/record/display.url?eid=2-s2.0-85090972846&origin=resultslist,10.31349/RevMexFis.66.404,Article,Gold,2-s2.0-85090972846,-,Alabama A and M University| Universidad Autónoma Metropolitana| Tshwane University of Technology| Texas A&M University| Qatar Foundation HQ| Moscow Engineering Physics Institute| King Abdulaziz University,508001| 505017| 115003| 508230| 720208| 331040| 409001,Other| Academic,7.0,60024080| 60008740| 60004582| 60068673| 60006393| 60072753,Universidad Autónoma Metropolitana Unidad Cuajimalpa| Alabama A and M University| King Abdulaziz University| National Research Nuclear University MEPhI| Tshwane University of Technology| Texas A&M University at Qatar,56000797900,7006317289,56000797900,-,Qatar| Mexico| Saudi Arabia| South Africa| United States| Russian Federation,6.0,3100,General Physics and Astronomy,4,Natural Sciences,439,Physics & Astronomy,37,Physical Sciences,51| 40,Physical Sciences| Engineering,4013| 5104| 5107,Geomatic engineering| Condensed matter physics| Particle and high energy physics,-,Soliton Solutions in Nonlinear Schrödinger Dynamics,551,79.922,Nonlinear Solitary Wave Solutions,1559,99.82,Definitive,2020.0,2.0,N/A,"González-Gaxiola, O.| Biswas, A.| Alzahrani, A.K.| Belic, M.R.",Alabama A and M University| Universidad Autónoma Metropolitana| Tshwane University of Technology| Texas A&M University| Qatar Foundation HQ| Moscow Engineering Physics Institute| King Abdulaziz University,Qatar| Mexico| Saudi Arabia| South Africa| United States| Russian Federation,0
56000797900,56000797900,Nonlinear Oscillations of a Point Charge in the Electric Field of Charged Ring Using a Particular He’s Frequency-Amplitude Formulation,"González-Gaxiola, O.| Chacón-Acosta, G.| Santiago, J.A.",3.0,56000797900| 56013712800| 56271941100,2018.0,2018-02-01,International Journal of Applied and Computational Mathematics,4,1,-,43,ISSN-23495103,21100899436.0,Journal,Springer,English,0.6,58,0.3,91,-,-,0.82,23.0,1.0,0.13,7.68,74.0,69.0,0.0,0.0,"González-Gaxiola, O., Chacón-Acosta, G., Santiago, J.A. (2018).Nonlinear Oscillations of a Point Charge in the Electric Field of Charged Ring Using a Particular He’s Frequency-Amplitude Formulation. International Journal of Applied and Computational Mathematics,4(1) ",https://www.scopus.com/record/display.url?eid=2-s2.0-85062691394&origin=resultslist,10.1007/s40819-017-0479-1,Article,Green,2-s2.0-85062691394,-,Universidad Autónoma Metropolitana,505017,Academic,1.0,60024080,Universidad Autónoma Metropolitana Unidad Cuajimalpa,56000797900,56271941100,56000797900,-,Mexico,1.0,2604| 2605,Applied Mathematics| Computational Mathematics,4,Natural Sciences,431,Mathematics,37,Physical Sciences,46| 49,Information And Computing Sciences| Mathematical Sciences,4901| 4903,Applied mathematics| Numerical and computational mathematics,-,Matrix Solutions for Differential Equations and Stability,849,30.085,Analytical Solutions for Nonlinear Oscillator Dynamics,3559,86.903,Definitive,2018.0,1.0,N/A,"González-Gaxiola, O.| Chacón-Acosta, G.| Santiago, J.A.",Universidad Autónoma Metropolitana,Mexico,0
56000797900,56000797900,Approximate Analytical Solution of the Nonlinear Bethe Equation,"González-Gaxiola, O.| Chacón-Acosta, G.| León-Ramírez, A.",3.0,56000797900| 56013712800| 57211961889,2019.0,2019-04-01,International Journal of Applied and Computational Mathematics,5,2,-,25,ISSN-23495103,21100899436.0,Journal,Springer,English,0.61,57,1.9,45,0.272,65,0.45,10.0,1.0,0.13,7.82,73.0,70.0,0.0,0.0,"González-Gaxiola, O., Chacón-Acosta, G., León-Ramírez, A. (2019).Approximate Analytical Solution of the Nonlinear Bethe Equation. International Journal of Applied and Computational Mathematics,5(2) ",https://www.scopus.com/record/display.url?eid=2-s2.0-85075515207&origin=resultslist,10.1007/s40819-019-0616-0,Article,,2-s2.0-85075515207,-,Universidad Autónoma Metropolitana,505017,Academic,1.0,60024080,Universidad Autónoma Metropolitana Unidad Cuajimalpa,56000797900,57211961889,56000797900,-,Mexico,1.0,2604| 2605,Applied Mathematics| Computational Mathematics,4,Natural Sciences,431,Mathematics,37,Physical Sciences,49| 46,Mathematical Sciences| Information And Computing Sciences,4901| 4903,Applied mathematics| Numerical and computational mathematics,-,Matrix Solutions for Differential Equations and Stability,849,30.085,Adomian Decomposition Methods for Nonlinear Equations,9906,89.659,Definitive,2019.0,1.0,N/A,"González-Gaxiola, O.| Chacón-Acosta, G.| León-Ramírez, A.",Universidad Autónoma Metropolitana,Mexico,0
56000797900,56000797900,Numerical simulation of cubic-quartic optical soliton perturbation by the laplace adomian decomposition,"GonzaIez-GaxioIa, O.| Biswas, A.| Alshehri, H.M.| Dakova, A.",4.0,56000797900| 7202059726| 57219468258| 26030902200,2023.0,2023-01-01,Comptes Rendus de L'Academie Bulgare des Sciences,76,7,1008-1019,-,ISSN-13101331,31728.0,Journal,Academic Publishing House,English,0.36,74,0.6,75,0.16,73,0.31,7.0,1.0,0.07,14.79,65.0,76.0,0.0,0.0,"GonzaIez-GaxioIa, O., Biswas, A., Alshehri, H.M. and 1 more (...) (2023).Numerical simulation of cubic-quartic optical soliton perturbation by the laplace adomian decomposition. Comptes Rendus de L'Academie Bulgare des Sciences,76(7) 1008-1019",https://www.scopus.com/record/display.url?eid=2-s2.0-85168592435&origin=resultslist,10.7546/CRABS.2023.07.04,Article,Gold|Green,2-s2.0-85168592435,-,"Dunarea de Jos University of Galati| Grambling State University| University of Plovdiv ""Paisii Hilendarski""| Universidad Autónoma Metropolitana| Bulgarian Academy of Sciences| King Abdulaziz University",329012| 708587| 304008| 505017| 304005| 409001,Academic,6.0,60024080| 60030731| 60004582| 60008717| 60007615| 126630232| 60008830,Universidad Autónoma Metropolitana Unidad Cuajimalpa| Grambling State University| King Abdulaziz University| Universitatea Dunarea de Jos din Galati| Paisii Hilendarski University of Plovdiv| National Research Nuclear University| Institute of Electronics Bulgarian Academy of Sciences,56000797900,26030902200,26030902200,-,Mexico| Saudi Arabia| United States| Russian Federation| Bulgaria| Romania,6.0,1000,Multidisciplinary,-,-,-,-,-,-,49| 37,Mathematical Sciences| Earth Sciences,3705| 4904| 4901,Geology| Pure mathematics| Applied mathematics,-,Soliton Solutions in Nonlinear Schrödinger Dynamics,551,79.922,Nonlinear Solitary Wave Solutions,1559,99.82,Definitive,2023.0,1.0,N/A,"GonzaIez-GaxioIa, O.| Biswas, A.| Alshehri, H.M.| Dakova, A.","Dunarea de Jos University of Galati| Grambling State University| University of Plovdiv ""Paisii Hilendarski""| Universidad Autónoma Metropolitana| Bulgarian Academy of Sciences| King Abdulaziz University",Mexico| Saudi Arabia| United States| Russian Federation| Bulgaria| Romania,0
56000797900,56000797900,Biharmonic Fick–Jacobs diffusion in narrow channels,"Chacón-Acosta, G.| León-Ramírez, A.| González-Gaxiola, O.",3.0,56013712800| 57211961889| 56000797900,2023.0,2023-10-15,Physica A: Statistical Mechanics and its Applications,628,-,-,129155,ISSN-03784371,29115.0,Journal,Elsevier B.V.,English,1.05,25,7.2,6,0.661,28,1.06,12.0,1.0,0.16,6.35,65.0,69.0,0.0,0.0,"Chacón-Acosta, G., León-Ramírez, A., González-Gaxiola, O. (2023).Biharmonic Fick–Jacobs diffusion in narrow channels. Physica A: Statistical Mechanics and its Applications,628",https://www.scopus.com/record/display.url?eid=2-s2.0-85170425178&origin=resultslist,10.1016/j.physa.2023.129155,Article,,2-s2.0-85170425178,-,Universidad Autónoma Metropolitana| University of Potsdam,505017| 309090,Academic,2.0,60024080| 60021763,Universidad Autónoma Metropolitana Unidad Cuajimalpa| Universität Potsdam,56013712800,56000797900,56013712800,-,Mexico| Germany,2.0,2613| 3109,Statistics and Probability| Statistical and Nonlinear Physics,2| 4,Engineering & Technology| Natural Sciences,431| 439| 213| 344,Mathematics| Physics & Astronomy| Data Science| Statistics & Operational Research,37,Physical Sciences,49,Mathematical Sciences,4901| 4902,Applied mathematics| Mathematical physics,-,Neural Networks and Memristive Devices in Computing,331,93.198,Brownian Transport Mechanisms in Periodic Potentials,6658,77.229,Definitive,2023.0,1.0,N/A,"Chacón-Acosta, G.| León-Ramírez, A.| González-Gaxiola, O.",Universidad Autónoma Metropolitana| University of Potsdam,Mexico| Germany,0
56000797900,56000797900,Dispersive optical solitons and domain walls with Radhakrishnan–Kundu–Lakshmanan equation having dual-power law of self-phase modulation by Laplace-Adomian decomposition,"González-Gaxiola, O.| Biswas, A.| Yildirim, Y.| Alshomrani, A.S.",4.0,56000797900| 7202059726| 56988856400| 56901415600,2024.0,2024-01-01,Journal of Optics (India),-,-,-,-,ISSN-09728821,12185.0,Journal,Springer,English,0.91,35,2.7,61,0.286,69,1.05,10.0,1.0,0.17,5.92,56.0,65.0,0.0,0.0,"González-Gaxiola, O., Biswas, A., Yildirim, Y. and 1 more (...) (2024).Dispersive optical solitons and domain walls with Radhakrishnan–Kundu–Lakshmanan equation having dual-power law of self-phase modulation by Laplace-Adomian decomposition. Journal of Optics (India),",https://www.scopus.com/record/display.url?eid=2-s2.0-85203081063&origin=resultslist,10.1007/s12596-024-02172-7,Article,Hybrid gold,2-s2.0-85203081063,-,Grambling State University| Sefako Makgatho Health Sciences University| University of Kyrenia| Universidad Autónoma Metropolitana| Biruni Universitesi| Near East University| King Abdulaziz University,708587| 713698| 716584| 505017| 705242| 704928| 409001,Academic,7.0,60024080| 60030731| 60004582| 60013269| 60105114| 60006471| 60122140,Universidad Autónoma Metropolitana Unidad Cuajimalpa| Grambling State University| King Abdulaziz University| Sefako Makgatho Health Sciences University (SMU)| Biruni Üniversitesi| Yakın Doğu Üniversitesi| University of Kyrenia,56000797900,56901415600,7202059726,-,Mexico| Saudi Arabia| South Africa| United States| Turkey| Cyprus,6.0,3107,"Atomic and Molecular Physics, and Optics",4,Natural Sciences,439,Physics & Astronomy,37,Physical Sciences,51| 40,Physical Sciences| Engineering,4013| 5102| 4099,"Geomatic engineering| Atomic, molecular and optical physics| Other engineering",-,Soliton Solutions in Nonlinear Schrödinger Dynamics,551,79.922,Interactions and Solutions in Nonlinear Wave Systems,863,99.403,Definitive,2024.0,1.0,N/A,"González-Gaxiola, O.| Biswas, A.| Yildirim, Y.| Alshomrani, A.S.",Grambling State University| Sefako Makgatho Health Sciences University| University of Kyrenia| Universidad Autónoma Metropolitana| Biruni Universitesi| Near East University| King Abdulaziz University,Mexico| Saudi Arabia| South Africa| United States| Turkey| Cyprus,0
56000797900,56000797900,Bright optical solitons for the dispersive concatenation model with power-law of self-phase modulation by Laplace-Adomian decomposition,"González-Gaxiola, O.| Biswas, A.| Yildirim, Y.| Alshomrani, A.S.",4.0,56000797900| 7202059726| 56988856400| 56901415600,2024.0,2024-01-01,Journal of Optics (India),-,-,-,-,ISSN-09728821,12185.0,Journal,Springer,English,0.91,35,2.7,61,0.286,69,1.05,10.0,1.0,0.17,5.92,56.0,65.0,0.0,0.0,"González-Gaxiola, O., Biswas, A., Yildirim, Y. and 1 more (...) (2024).Bright optical solitons for the dispersive concatenation model with power-law of self-phase modulation by Laplace-Adomian decomposition. Journal of Optics (India),",https://www.scopus.com/record/display.url?eid=2-s2.0-85190778687&origin=resultslist,10.1007/s12596-024-01804-2,Article,Hybrid gold,2-s2.0-85190778687,-,Dunarea de Jos University of Galati| Grambling State University| Sefako Makgatho Health Sciences University| University of Kyrenia| Universidad Autónoma Metropolitana| Biruni Universitesi| King Abdulaziz University| Near East University,329012| 708587| 713698| 716584| 505017| 705242| 409001| 704928,Academic,8.0,60024080| 60030731| 60004582| 60008717| 60013269| 60105114| 60006471| 60122140,Universidad Autónoma Metropolitana Unidad Cuajimalpa| Grambling State University| King Abdulaziz University| Universitatea Dunarea de Jos din Galati| Sefako Makgatho Health Sciences University (SMU)| Biruni Üniversitesi| Yakın Doğu Üniversitesi| University of Kyrenia,56000797900,56901415600,7202059726,-,Mexico| Saudi Arabia| South Africa| United States| Turkey| Cyprus| Romania,7.0,3107,"Atomic and Molecular Physics, and Optics",4,Natural Sciences,439,Physics & Astronomy,37,Physical Sciences,40| 51,Engineering| Physical Sciences,5102| 4099| 4013,"Atomic, molecular and optical physics| Other engineering| Geomatic engineering",-,Soliton Solutions in Nonlinear Schrödinger Dynamics,551,79.922,Nonlinear Solitary Wave Solutions,1559,99.82,Definitive,2024.0,1.0,N/A,"González-Gaxiola, O.| Biswas, A.| Yildirim, Y.| Alshomrani, A.S.",Dunarea de Jos University of Galati| Grambling State University| Sefako Makgatho Health Sciences University| University of Kyrenia| Universidad Autónoma Metropolitana| Biruni Universitesi| King Abdulaziz University| Near East University,Mexico| Saudi Arabia| South Africa| United States| Turkey| Cyprus| Romania,0
56000797900,56000797900,Gaussons: Optical solitons with log-law nonlinearity by Laplace-Adomian decomposition method,"González-Gaxiola, O.| Biswas, A.| Alzahrani, A.K.",3.0,56000797900| 7202059726| 57188751419,2020.0,2020-01-01,Open Physics,18,1,182-188,-,ISSN-23915471,21100375849.0,Journal,De Gruyter Open Ltd,English,0.6,57,1.9,54,0.212,78,0.57,17.0,1.0,0.07,14.33,74.0,76.0,0.0,0.0,"González-Gaxiola, O., Biswas, A., Alzahrani, A.K. (2020).Gaussons: Optical solitons with log-law nonlinearity by Laplace-Adomian decomposition method. Open Physics,18(1) 182-188",https://www.scopus.com/record/display.url?eid=2-s2.0-85086650923&origin=resultslist,10.1515/phys-2020-0104,Article,Gold|Green,2-s2.0-85086650923,-,Alabama A and M University| Universidad Autónoma Metropolitana| Tshwane University of Technology| Moscow Engineering Physics Institute| King Abdulaziz University,508001| 505017| 115003| 331040| 409001,Academic,5.0,60024080| 60008740| 60004582| 60068673| 60006393,Universidad Autónoma Metropolitana Unidad Cuajimalpa| Alabama A and M University| King Abdulaziz University| National Research Nuclear University MEPhI| Tshwane University of Technology,56000797900,57188751419,56000797900,-,Mexico| Saudi Arabia| South Africa| United States| Russian Federation,5.0,3100,General Physics and Astronomy,4,Natural Sciences,439,Physics & Astronomy,37,Physical Sciences,51,Physical Sciences,-,-,-,Soliton Solutions in Nonlinear Schrödinger Dynamics,551,79.922,Nonlinear Solitary Wave Solutions,1559,99.82,Definitive,2020.0,1.0,N/A,"González-Gaxiola, O.| Biswas, A.| Alzahrani, A.K.",Alabama A and M University| Universidad Autónoma Metropolitana| Tshwane University of Technology| Moscow Engineering Physics Institute| King Abdulaziz University,Mexico| Saudi Arabia| South Africa| United States| Russian Federation,0
56000797900,56000797900,NUMERICAL SIMULATION OF HIGHLY DISPERSIVE DARK OPTICAL SOLITONS WITH KERR LAW OF NONLINEAR REFRACTIVE INDEX BY LAPLACE–ADOMIAN DECOMPOSITION METHOD,"González-Gaxiola, O.| Biswas, A.| Yildirim, Y.| Dakova, A.",4.0,56000797900| 7202059726| 56988856400| 26030902200,2023.0,2023-01-01,Comptes Rendus de L'Academie Bulgare des Sciences,76,5,677-688,-,ISSN-13101331,31728.0,Journal,Academic Publishing House,English,0.36,74,0.6,75,0.16,73,0.58,13.0,1.0,0.07,14.79,65.0,76.0,0.0,0.0,"González-Gaxiola, O., Biswas, A., Yildirim, Y. and 1 more (...) (2023).NUMERICAL SIMULATION OF HIGHLY DISPERSIVE DARK OPTICAL SOLITONS WITH KERR LAW OF NONLINEAR REFRACTIVE INDEX BY LAPLACE–ADOMIAN DECOMPOSITION METHOD. Comptes Rendus de L'Academie Bulgare des Sciences,76(5) 677-688",https://www.scopus.com/record/display.url?eid=2-s2.0-85163860881&origin=resultslist,10.7546/CRABS.2023.05.03,Article,Gold|Green,2-s2.0-85163860881,-,"Dunarea de Jos University of Galati| Grambling State University| Sefako Makgatho Health Sciences University| University of Plovdiv ""Paisii Hilendarski""| Universidad Autónoma Metropolitana| Bulgarian Academy of Sciences| King Abdulaziz University| Near East University",329012| 708587| 713698| 304008| 505017| 304005| 409001| 704928,Academic,8.0,60024080| 60030731| 60004582| 126630232| 60008717| 60013269| 60006471| 60007615| 60024147| 60008830,Universidad Autónoma Metropolitana Unidad Cuajimalpa| Grambling State University| King Abdulaziz University| National Research Nuclear University| Universitatea Dunarea de Jos din Galati| Sefako Makgatho Health Sciences University (SMU)| Yakın Doğu Üniversitesi| Paisii Hilendarski University of Plovdiv| The Bulgarian Academy of Sciences| Institute of Electronics Bulgarian Academy of Sciences,56000797900,26030902200,26030902200,-,Mexico| Saudi Arabia| United States| South Africa| Cyprus| Russian Federation| Bulgaria| Romania,8.0,1000,Multidisciplinary,-,-,-,-,-,-,49| 37,Mathematical Sciences| Earth Sciences,4904| 4901| 3705,Pure mathematics| Applied mathematics| Geology,-,Soliton Solutions in Nonlinear Schrödinger Dynamics,551,79.922,Nonlinear Solitary Wave Solutions,1559,99.82,Definitive,2023.0,1.0,N/A,"González-Gaxiola, O.| Biswas, A.| Yildirim, Y.| Dakova, A.","Dunarea de Jos University of Galati| Grambling State University| Sefako Makgatho Health Sciences University| University of Plovdiv ""Paisii Hilendarski""| Universidad Autónoma Metropolitana| Bulgarian Academy of Sciences| King Abdulaziz University| Near East University",Mexico| Saudi Arabia| United States| South Africa| Cyprus| Russian Federation| Bulgaria| Romania,0
56000797900,56000797900,"BRIGHT, DARK, AND W-SHAPED SOLITONS OF BISWAS–ARSHED EQUATION VIA VARIATIONAL ITERATION METHOD","González-Gaxiola, O.| Yildirim, Y.",2.0,56000797900| 56988856400,2024.0,2024-01-01,Ukrainian Journal of Physical Optics,25,5,S1151-S1159,-,ISSN-16091833,11400153315.0,Journal,Institute of Physical Optics,English,1.75,9,12.3,9,0.816,26,0.94,9.0,0.0,0.0,5.92,70.0,70.0,0.0,0.0,"González-Gaxiola, O., Yildirim, Y. (2024).BRIGHT, DARK, AND W-SHAPED SOLITONS OF BISWAS–ARSHED EQUATION VIA VARIATIONAL ITERATION METHOD. Ukrainian Journal of Physical Optics,25(5) S1151-S1159",https://www.scopus.com/record/display.url?eid=2-s2.0-85214409476&origin=resultslist,10.3116/16091833/Ukr.J.Phys.Opt.2024.S1151,Article,Gold,2-s2.0-85214409476,-,Universidad Autónoma Metropolitana| Biruni Universitesi| Near East University,505017| 705242| 704928,Academic,3.0,60024080| 60105114| 60006471,Universidad Autónoma Metropolitana Unidad Cuajimalpa| Biruni Üniversitesi| Yakın Doğu Üniversitesi,56000797900,56988856400,-,-,Mexico| Turkey| Cyprus,3.0,3107,"Atomic and Molecular Physics, and Optics",4,Natural Sciences,439,Physics & Astronomy,37,Physical Sciences,40| 34| 51,Engineering| Chemical Sciences| Physical Sciences,4013| 3403| 5102,"Geomatic engineering| Macromolecular and materials chemistry| Atomic, molecular and optical physics",-,Soliton Solutions in Nonlinear Schrödinger Dynamics,551,79.922,Nonlinear Solitary Wave Solutions,1559,99.82,Definitive,2024.0,0.0,N/A,"González-Gaxiola, O.| Yildirim, Y.",Universidad Autónoma Metropolitana| Biruni Universitesi| Near East University,Mexico| Turkey| Cyprus,0
56000797900,56000797900,Application of a heuristic method to solve nonlinear oscillators with irrational forces,"González-Gaxiola, O.| de Chávez, J.R.",2.0,56000797900| 56367889700,2022.0,2022-01-01,European Journal of Pure and Applied Mathematics,15,1,82-99,-,ISSN-13075543,21100981084.0,Journal,New York Business Global,English,0.8,42,1,62,0.246,77,1.42,16.0,0.0,0.0,5.9,81.0,80.0,0.0,0.0,"González-Gaxiola, O., de Chávez, J.R. (2022).Application of a heuristic method to solve nonlinear oscillators with irrational forces. European Journal of Pure and Applied Mathematics,15(1) 82-99",https://www.scopus.com/record/display.url?eid=2-s2.0-85126071773&origin=resultslist,10.29020/nybg.ejpam.v15i1.4172,Article,Gold,2-s2.0-85126071773,-,Universidad Autónoma Metropolitana,505017,Academic,1.0,60014923| 60024080| 60028381,Universidad Autónoma Metropolitana| Universidad Autónoma Metropolitana Unidad Cuajimalpa| Universidad Autónoma Metropolitana -Unidad Iztapalapa,56000797900,56367889700,56000797900,-,Mexico,1.0,2602| 2604| 2608| 2612| 2613| 2614,Algebra and Number Theory| Applied Mathematics| Geometry and Topology| Numerical Analysis| Statistics and Probability| Theoretical Computer Science,4| 2,Natural Sciences| Engineering & Technology,212| 213| 344| 431,Computer Science & Information Systems| Data Science| Statistics & Operational Research| Mathematics,37,Physical Sciences,MD,Multidisciplinary,MD,Multidisciplinary,-,Matrix Solutions for Differential Equations and Stability,849,30.085,Analytical Solutions for Nonlinear Oscillator Dynamics,3559,86.903,Definitive,2022.0,0.0,N/A,"González-Gaxiola, O.| de Chávez, J.R.",Universidad Autónoma Metropolitana,Mexico,0
