Autor,Autor_ID,Title,Authors,Number of Authors,Scopus Author Ids,Year,Full date,Scopus Source title,Volume,Issue,Pages,Article number,ISSN,Source ID,Source type,Publisher,Language,SNIP (publication year),SNIP percentile (publication year) *,CiteScore (publication year),CiteScore percentile (publication year) *,SJR (publication year),SJR percentile (publication year) *,Field-Weighted View Impact,Views,Citations,Field-Weighted Citation Impact,Field-Citation Average,"Outputs in Top Citation Percentiles, per percentile","Field-Weighted Outputs in Top Citation Percentiles, per percentile",Main patent families,Policy citations,Reference,Abstract,DOI,Publication type,Open Access,EID,PubMed ID,Institutions,Institution IDs,Sector,Number of Institutions,Scopus Affiliation IDs,Scopus Affiliation names,Scopus Author ID First Author,Scopus Author ID Last Author,Scopus Author ID Corresponding Author,Scopus Author ID Single Author,Country/Region,Number of Countries/Regions,All Science Journal Classification (ASJC) code,All Science Journal Classification (ASJC) field name,Quacquarelli Symonds (QS) Subject area code,Quacquarelli Symonds (QS) Subject area field name,Quacquarelli Symonds (QS) Subject code,Quacquarelli Symonds (QS) Subject field name,Times Higher Education (THE) code,Times Higher Education (THE) field name,ANZSRC FoR (2020) parent code,ANZSRC FoR (2020) parent name,ANZSRC FoR (2020) code,ANZSRC FoR (2020) name,Sustainable Development Goals (2025),Topic Cluster name,Topic Cluster number,Topic Cluster Prominence Percentile,Topic name,Topic number,Topic Prominence Percentile,Publication link to Topic strength,Año,Citas,Colaboracion,Autores,Instituciones,Regiones,Instituciones_Nacionales
56013705500,56013705500,The kinetic parameters of the Oxygen Evolution Reaction (OER) calculated on inactive anodes via EIS transfer functions: •OH formation,"García-Osorio, D.A.| Jaimes, R.| Vazquez-Arenas, J.| Lara, R.H.| Alvarez-Ramirez, J.",5.0,56328496400| 56986196500| 56013705500| 56335217900| 55399527300,2017.0,2017-01-01,Journal of the Electrochemical Society,164,11,E3321-E3328,-,ISSN-00134651,25169.0,Journal,Electrochemical Society Inc.,English,1.04,27,5.3,11,1.267,9,1.48,61.0,101.0,2.98,11.76,4.0,7.0,0.0,0.0,"García-Osorio, D.A., Jaimes, R., Vazquez-Arenas, J. and 2 more (...) (2017).The kinetic parameters of the Oxygen Evolution Reaction (OER) calculated on inactive anodes via EIS transfer functions: •OH formation. Journal of the Electrochemical Society,164(11) E3321-E3328",https://www.scopus.com/record/display.url?eid=2-s2.0-85021856426&origin=resultslist,10.1149/2.0321711jes,Article,Hybrid gold,2-s2.0-85021856426,-,Universidad Autónoma Metropolitana| Universidad Juarez del Estado de Durango,505017| 704853,Academic,2.0,60028381| 60014403,Universidad Autónoma Metropolitana -Unidad Iztapalapa| Universidad Juárez del Estado de Durango,56328496400,55399527300,-,-,Mexico,1.0,1603| 2105| 2504| 2505| 2508| 3104,"Electrochemistry| Renewable Energy, Sustainability and the Environment| Electronic, Optical and Magnetic Materials| Materials Chemistry| Surfaces, Coatings and Films| Condensed Matter Physics",4| 2,Natural Sciences| Engineering & Technology,433| 439| 221| 409,Materials Science| Physics & Astronomy| Engineering - Electrical & Electronic| Chemistry,37| 36,Physical Sciences| Engineering,40| 34,Engineering| Chemical Sciences,3406| 4016,Physical chemistry| Materials engineering,-,Innovative Approaches in Wastewater Treatment Technologies,433,93.264,Electrochemical Techniques for Wastewater Degradation,336,99.825,Very Good,2017.0,101.0,N/A,"García-Osorio, D.A.| Jaimes, R.| Vazquez-Arenas, J.| Lara, R.H.| Alvarez-Ramirez, J.",Universidad Autónoma Metropolitana| Universidad Juarez del Estado de Durango,Mexico,0
56013705500,56013705500,Formation of active chlorine species involving the higher oxide MOx+1 on active Ti/RuO2-IrO2 anodes: A DEMS analysis,"Luna-Trujillo, M.| Palma-Goyes, R.| Vazquez-Arenas, J.| Manzo-Robledo, A.",4.0,57210387415| 36633077700| 56013705500| 23005607400,2020.0,2020-12-01,Journal of Electroanalytical Chemistry,878,-,-,114661,ISSN-15726657,9500154039.0,Journal,Elsevier B.V.,English,0.91,38,6,16,0.845,19,1.27,45.0,77.0,1.9,15.24,5.0,13.0,0.0,0.0,"Luna-Trujillo, M., Palma-Goyes, R., Vazquez-Arenas, J. and 1 more (...) (2020).Formation of active chlorine species involving the higher oxide MOx+1 on active Ti/RuO2-IrO2 anodes: A DEMS analysis. Journal of Electroanalytical Chemistry,878",https://www.scopus.com/record/display.url?eid=2-s2.0-85091747595&origin=resultslist,10.1016/j.jelechem.2020.114661,Article,,2-s2.0-85091747595,-,Consejo Nacional de Ciencia y Tecnologia Mexico| Universidad Autónoma Metropolitana| Universidad de Antioquia| Instituto Politécnico Nacional,704696| 505017| 604001| 505011,Government| Academic,4.0,60019176| 60006489| 60055833| 60028381| 60027998,"Instituto Politécnico Nacional| Escuela Superior de Ingenieria Quimica e Industrias Extractivas| Universidad de Antioquia| Universidad Autónoma Metropolitana -Unidad Iztapalapa| Secretaría de Ciencia, Humanidades, Tecnología e Innovación",57210387415,23005607400,36633077700,-,Mexico| Colombia,2.0,1500| 1602| 1603,General Chemical Engineering| Analytical Chemistry| Electrochemistry,4| 2,Natural Sciences| Engineering & Technology,219| 409,Engineering - Chemical| Chemistry,37| 36,Physical Sciences| Engineering,34,Chemical Sciences,3406| 3401,Physical chemistry| Analytical chemistry,-,Innovative Approaches in Wastewater Treatment Technologies,433,93.264,Electrochemical Techniques for Wastewater Degradation,336,99.825,Very Good,2020.0,77.0,N/A,"Luna-Trujillo, M.| Palma-Goyes, R.| Vazquez-Arenas, J.| Manzo-Robledo, A.",Consejo Nacional de Ciencia y Tecnologia Mexico| Universidad Autónoma Metropolitana| Universidad de Antioquia| Instituto Politécnico Nacional,Mexico| Colombia,0
56013705500,56013705500,Microstructural and electrochemical analysis of Sb2O5 doped-Ti/RuO2-ZrO2 to yield active chlorine species for ciprofloxacin degradation,"Palma-Goyes, R.E.| Vazquez-Arenas, J.| Ostos, C.| Ferraro, F.| Torres-Palma, R.A.| Gonzalez, I.",6.0,36633077700| 56013705500| 24559580800| 36602259900| 57205313324| 7102176710,2016.0,2016-09-20,Electrochimica Acta,213,-,740-751,-,ISSN-00134686,25181.0,Journal,Elsevier Ltd,English,1.19,20,8,4,1.355,8,3.55,135.0,68.0,2.17,10.58,7.0,12.0,0.0,0.0,"Palma-Goyes, R.E., Vazquez-Arenas, J., Ostos, C. and 3 more (...) (2016).Microstructural and electrochemical analysis of Sb2O5 doped-Ti/RuO2-ZrO2 to yield active chlorine species for ciprofloxacin degradation. Electrochimica Acta,213740-751",https://www.scopus.com/record/display.url?eid=2-s2.0-84982816248&origin=resultslist,10.1016/j.electacta.2016.07.150,Article,Green,2-s2.0-84982816248,-,Universidad Autónoma Metropolitana| Universidad de Antioquia| Universidad Católica Luis Amigó,505017| 604001| 719878,Academic,3.0,60055833| 60028381| 60189166,Universidad de Antioquia| Universidad Autónoma Metropolitana -Unidad Iztapalapa| Universidad Católica Luis Amigó,36633077700,7102176710,56013705500,-,Mexico| Colombia,2.0,1500| 1603,General Chemical Engineering| Electrochemistry,4| 2,Natural Sciences| Engineering & Technology,219| 409,Engineering - Chemical| Chemistry,37| 36,Physical Sciences| Engineering,51| 40| 34,Physical Sciences| Engineering| Chemical Sciences,-,-,-,Innovative Approaches in Wastewater Treatment Technologies,433,93.264,Electrochemical Techniques for Wastewater Degradation,336,99.825,Very Good,2016.0,68.0,N/A,"Palma-Goyes, R.E.| Vazquez-Arenas, J.| Ostos, C.| Ferraro, F.| Torres-Palma, R.A.| Gonzalez, I.",Universidad Autónoma Metropolitana| Universidad de Antioquia| Universidad Católica Luis Amigó,Mexico| Colombia,0
56013705500,56013705500,The abatement of indigo carmine using active chlorine electrogenerated on ternary Sb2O5-doped Ti/RuO2-ZrO2 anodes in a filter-press FM01-LC reactor,"Palma-Goyes, R.E.| Vazquez-Arenas, J.| Torres-Palma, R.A.| Ostos, C.| Ferraro, F.| González, I.",6.0,36633077700| 56013705500| 57205313324| 24559580800| 36602259900| 7102176710,2015.0,2015-06-26,Electrochimica Acta,174,-,735-744,-,ISSN-00134686,25181.0,Journal,Elsevier Ltd,English,1.35,15,7.2,5,1.321,10,3.54,137.0,58.0,1.52,10.52,10.0,19.0,0.0,0.0,"Palma-Goyes, R.E., Vazquez-Arenas, J., Torres-Palma, R.A. and 3 more (...) (2015).The abatement of indigo carmine using active chlorine electrogenerated on ternary Sb2O5-doped Ti/RuO2-ZrO2 anodes in a filter-press FM01-LC reactor. Electrochimica Acta,174735-744",https://www.scopus.com/record/display.url?eid=2-s2.0-84934908068&origin=resultslist,10.1016/j.electacta.2015.06.037,Article,,2-s2.0-84934908068,-,Universidad Autónoma Metropolitana| Universidad de Antioquia| Universidad Católica Luis Amigó,505017| 604001| 719878,Academic,3.0,60055833| 60028381| 60189166,Universidad de Antioquia| Universidad Autónoma Metropolitana -Unidad Iztapalapa| Universidad Católica Luis Amigó,36633077700,7102176710,56013705500,-,Mexico| Colombia,2.0,1500| 1603,General Chemical Engineering| Electrochemistry,2| 4,Engineering & Technology| Natural Sciences,409| 219,Chemistry| Engineering - Chemical,36| 37,Engineering| Physical Sciences,34| 51| 40,Chemical Sciences| Physical Sciences| Engineering,-,-,SDG 6| SDG 11,Innovative Approaches in Wastewater Treatment Technologies,433,93.264,Electrochemical Techniques for Wastewater Degradation,336,99.825,Definitive,2015.0,58.0,N/A,"Palma-Goyes, R.E.| Vazquez-Arenas, J.| Torres-Palma, R.A.| Ostos, C.| Ferraro, F.| González, I.",Universidad Autónoma Metropolitana| Universidad de Antioquia| Universidad Católica Luis Amigó,Mexico| Colombia,0
56013705500,56013705500,"Assessment of arsenic and fluorine in surface soil to determine environmental and health risk factors in the Comarca Lagunera, Mexico","Sariñana-Ruiz, Y.A.| Vazquez-Arenas, J.| Sosa-Rodríguez, F.S.| Labastida, I.| Armienta, M.A.| Aragón-Piña, A.| Escobedo-Bretado, M.A.| González-Valdez, L.S.| Ponce-Peña, P.| Ramírez-Aldaba, H.| Lara, R.H.",11.0,57193682299| 56013705500| 36646751000| 25650180400| 7003338266| 8697737500| 57202633960| 6504583666| 56507368200| 57191409123| 56335217900,2017.0,2017-01-01,Chemosphere,178,-,391-401,-,ISSN-00456535,24657.0,Journal,Elsevier Ltd,English,1.48,12,6.4,10,1.435,12,3.35,114.0,53.0,1.93,11.94,10.0,14.0,0.0,0.0,"Sariñana-Ruiz, Y.A., Vazquez-Arenas, J., Sosa-Rodríguez, F.S. and 8 more (...) (2017).Assessment of arsenic and fluorine in surface soil to determine environmental and health risk factors in the Comarca Lagunera, Mexico. Chemosphere,178391-401",https://www.scopus.com/record/display.url?eid=2-s2.0-85015772227&origin=resultslist,10.1016/j.chemosphere.2017.03.032,Article,,2-s2.0-85015772227,28340462,Universidad Autónoma Metropolitana| Universidad Juarez del Estado de Durango| Universidad Autonoma de San Luis Potosi| Instituto Politécnico Nacional| Universidad Nacional Autónoma de México,505017| 704853| 505014| 505011| 505023,Academic,5.0,60014403| 60028381| 60023193| 60032442| 60031335| 60019176,Universidad Juárez del Estado de Durango| Universidad Autónoma Metropolitana -Unidad Iztapalapa| Universidad Autónoma Metropolitana - Azcapotzalco| Universidad Nacional Autónoma de México| Universidad Autónoma de San Luis Potosí| Instituto Politécnico Nacional,57193682299,56335217900,56335217900,-,Mexico,1.0,1600| 2304| 2305| 2307| 2310| 2739,"General Chemistry| Environmental Chemistry| Environmental Engineering| Health, Toxicology and Mutagenesis| Pollution| Public Health, Environmental and Occupational Health",2| 3| 5| 4,Engineering & Technology| Social Sciences & Management| Life Sciences & Medicine| Natural Sciences,424| 532| 249| 409,Environmental Sciences| Medicine| Engineering - Petroleum| Chemistry,34| 37,Medical and Health| Physical Sciences,MD,Multidisciplinary,MD,Multidisciplinary,SDG 3| SDG 6,Fluoride and Oral Health in Children,293,70.634,Fluoride Accumulation and Soil Pollution Effects,16047,76.98,Defensible,2017.0,53.0,N/A,"Sariñana-Ruiz, Y.A.| Vazquez-Arenas, J.| Sosa-Rodríguez, F.S.| Labastida, I.| Armienta, M.A.| Aragón-Piña, A.| Escobedo-Bretado, M.A.| González-Valdez, L.S.| Ponce-Peña, P.| Ramírez-Aldaba, H.| Lara, R.H.",Universidad Autónoma Metropolitana| Universidad Juarez del Estado de Durango| Universidad Autonoma de San Luis Potosi| Instituto Politécnico Nacional| Universidad Nacional Autónoma de México,Mexico,0
56013705500,56013705500,Improved performance of LiFePO4 cathode for Li-ion batteries through percolation studies,"Guzmán, G.| Vazquez-Arenas, J.| Ramos-Sánchez, G.| Bautista-Ramírez, M.| González, I.",5.0,57189004847| 56013705500| 56013733500| 57209384583| 7102176710,2017.0,2017-09-01,Electrochimica Acta,247,-,451-459,-,ISSN-00134686,25181.0,Journal,Elsevier Ltd,English,1.13,23,8.6,5,1.439,8,1.63,80.0,50.0,2.07,11.59,11.0,13.0,0.0,0.0,"Guzmán, G., Vazquez-Arenas, J., Ramos-Sánchez, G. and 2 more (...) (2017).Improved performance of LiFePO4 cathode for Li-ion batteries through percolation studies. Electrochimica Acta,247451-459",https://www.scopus.com/record/display.url?eid=2-s2.0-85023629228&origin=resultslist,10.1016/j.electacta.2017.06.172,Article,,2-s2.0-85023629228,-,Universidad Autónoma Metropolitana| Instituto Politécnico Nacional,505017| 505011,Academic,2.0,113211402| 60028381| 60019176,Departamento de Ingeniería de Procesos e Hidráulica| Universidad Autónoma Metropolitana -Unidad Iztapalapa| Instituto Politécnico Nacional,57189004847,7102176710,56013705500,-,Mexico,1.0,1500| 1603,General Chemical Engineering| Electrochemistry,4| 2,Natural Sciences| Engineering & Technology,219| 409,Engineering - Chemical| Chemistry,36| 37,Engineering| Physical Sciences,40| 34| 51,Engineering| Chemical Sciences| Physical Sciences,-,-,SDG 7,High-Performance Materials for Lithium-Ion Batteries,303,96.73,Lithium Ion Battery Cathode Materials,408,98.272,Very Good,2017.0,50.0,N/A,"Guzmán, G.| Vazquez-Arenas, J.| Ramos-Sánchez, G.| Bautista-Ramírez, M.| González, I.",Universidad Autónoma Metropolitana| Instituto Politécnico Nacional,Mexico,0
56013705500,56013705500,Unraveling the structural and composition properties associated with the enhancement of the photocatalytic activity under visible light of Ag2O/BiFeO3-Ag synthesized by microwave-assisted hydrothermal method,"Camacho-Escobar, L.| Palma-Goyes, R.E.| Ortiz-Landeros, J.| Romero-Ibarra, I.| Gamba-Vásquez, O.A.| Vazquez-Arenas, J.",6.0,57216528999| 36633077700| 24341599900| 56013732100| 36918076500| 56013705500,2020.0,2020-08-15,Applied Surface Science,521,-,-,146357,ISSN-01694332,28983.0,Journal,Elsevier B.V.,English,1.38,17,10.7,6,1.295,10,1.79,53.0,45.0,1.63,13.51,10.0,16.0,0.0,0.0,"Camacho-Escobar, L., Palma-Goyes, R.E., Ortiz-Landeros, J. and 3 more (...) (2020).Unraveling the structural and composition properties associated with the enhancement of the photocatalytic activity under visible light of Ag2O/BiFeO3-Ag synthesized by microwave-assisted hydrothermal method. Applied Surface Science,521",https://www.scopus.com/record/display.url?eid=2-s2.0-85083788738&origin=resultslist,10.1016/j.apsusc.2020.146357,Article,,2-s2.0-85083788738,-,Consejo Nacional de Ciencia y Tecnologia Mexico| Universidad Autónoma Metropolitana| Universidad de Antioquia| Instituto Politécnico Nacional,704696| 505017| 604001| 505011,Academic| Government,4.0,60019176| 60006489| 60055833| 60028381| 60027998,"Instituto Politécnico Nacional| Escuela Superior de Ingenieria Quimica e Industrias Extractivas| Universidad de Antioquia| Universidad Autónoma Metropolitana -Unidad Iztapalapa| Secretaría de Ciencia, Humanidades, Tecnología e Innovación",57216528999,56013705500,56013705500,-,Mexico| Colombia,2.0,2508| 3104| 3110,"Surfaces, Coatings and Films| Condensed Matter Physics| Surfaces and Interfaces",4,Natural Sciences,433| 439,Materials Science| Physics & Astronomy,36| 37,Engineering| Physical Sciences,MD,Multidisciplinary,MD,Multidisciplinary,-,Ferroelectric Materials for Energy Storage Applications,13,92.937,Multiferroic Properties of Bismuth Ferrite Materials,313,98.149,Very Good,2020.0,45.0,N/A,"Camacho-Escobar, L.| Palma-Goyes, R.E.| Ortiz-Landeros, J.| Romero-Ibarra, I.| Gamba-Vásquez, O.A.| Vazquez-Arenas, J.",Consejo Nacional de Ciencia y Tecnologia Mexico| Universidad Autónoma Metropolitana| Universidad de Antioquia| Instituto Politécnico Nacional,Mexico| Colombia,0
56013705500,56013705500,Theoretical and experimental studies of highly active graphene nanosheets to determine catalytic nitrogen sites responsible for the oxygen reduction reaction in alkaline media,"Vazquez-Arenas, J.| Galano, A.| Lee, D.U.| Higgins, D.| Guevara-García, A.| Chen, Z.",6.0,56013705500| 55995932900| 59048099100| 35279919400| 8615638400| 35279457000,2016.0,2016-01-01,Journal of Materials Chemistry A,4,3,976-990,-,ISSN-20507488,21100232403.0,Journal,Royal Society of Chemistry,English,1.49,12,14.4,3,3.075,3,2.35,90.0,41.0,1.47,14.96,14.0,20.0,0.0,0.0,"Vazquez-Arenas, J., Galano, A., Lee, D.U. and 3 more (...) (2016).Theoretical and experimental studies of highly active graphene nanosheets to determine catalytic nitrogen sites responsible for the oxygen reduction reaction in alkaline media. Journal of Materials Chemistry A,4(3) 976-990",https://www.scopus.com/record/display.url?eid=2-s2.0-84953410897&origin=resultslist,10.1039/c5ta06653k,Article,,2-s2.0-84953410897,-,Universidad Autónoma Metropolitana| University of Waterloo,505017| 501051,Academic,2.0,60014923| 60115730| 60014171,Universidad Autónoma Metropolitana| Waterloo Institute for Nanotechnology| University of Waterloo,56013705500,35279457000,56013705500,-,Mexico| Canada,2.0,1600| 2105| 2500,"General Chemistry| Renewable Energy, Sustainability and the Environment| General Materials Science",4| 2,Natural Sciences| Engineering & Technology,433| 221| 409,Materials Science| Engineering - Electrical & Electronic| Chemistry,37| 36,Physical Sciences| Engineering,34| 40,Chemical Sciences| Engineering,4016| 4004| 3403,Materials engineering| Chemical engineering| Macromolecular and materials chemistry,-,Innovative Electrocatalysts for Energy Conversion Applications,242,99.869,Carbon-Based Electrocatalysts for Oxygen Reduction Applications,16,99.975,Very Good,2016.0,41.0,N/A,"Vazquez-Arenas, J.| Galano, A.| Lee, D.U.| Higgins, D.| Guevara-García, A.| Chen, Z.",Universidad Autónoma Metropolitana| University of Waterloo,Mexico| Canada,0
56013705500,56013705500,Sustainable biorefinery associated with wastewater treatment of Cr (III) using a native microalgae consortium,"Moreno-García, A.F.| Neri-Torres, E.E.| Mena-Cervantes, V.Y.| Altamirano, R.H.| Pineda-Flores, G.| Luna-Sánchez, R.| García-Solares, M.| Vazquez-Arenas, J.| Suastes-Rivas, J.K.",9.0,57221383722| 57190665091| 56013624700| 57203148814| 6602421934| 6506635334| 56007072000| 56013705500| 55997017300,2021.0,2021-04-15,Fuel,290,-,-,119040,ISSN-00162361,16313.0,Journal,Elsevier Ltd,English,1.85,8,11.2,5,1.514,6,3.63,101.0,38.0,2.14,14.47,10.0,12.0,0.0,0.0,"Moreno-García, A.F., Neri-Torres, E.E., Mena-Cervantes, V.Y. and 6 more (...) (2021).Sustainable biorefinery associated with wastewater treatment of Cr (III) using a native microalgae consortium. Fuel,290",https://www.scopus.com/record/display.url?eid=2-s2.0-85098988869&origin=resultslist,10.1016/j.fuel.2020.119040,Article,,2-s2.0-85098988869,-,Consejo Nacional de Ciencia y Tecnologia Mexico| Universidad Autónoma Metropolitana| Universidad Iberoamericana (UIA)| Instituto Politécnico Nacional,704696| 505017| 702731| 505011,Academic| Government,4.0,60023193| 60011923| 60019176| 120273117| 60027998| 60028381,"Universidad Autónoma Metropolitana - Azcapotzalco| Universidad Iberoamericana| Instituto Politécnico Nacional| Laboratorio Nacional de Desarrollo y Aseguramiento de la Calidad de Biocombustibles (LaNDACBio)| Secretaría de Ciencia, Humanidades, Tecnología e Innovación| Universidad Autónoma Metropolitana -Unidad Iztapalapa",57221383722,55997017300,56007072000| 56013705500,-,Mexico,1.0,1500| 1605| 2102| 2103,General Chemical Engineering| Organic Chemistry| Energy Engineering and Power Technology| Fuel Technology,2| 4,Engineering & Technology| Natural Sciences,219| 409| 221| 249,Engineering - Chemical| Chemistry| Engineering - Electrical & Electronic| Engineering - Petroleum,36| 37,Engineering| Physical Sciences,40,Engineering,4012| 4004| 4019,Fluid mechanics and thermal engineering| Chemical engineering| Resources engineering and extractive metallurgy,SDG 6| SDG 7| SDG 12,Microalgae Utilization for Lipid Production and Wastewater Treatment,554,92.283,Microalgae Utilization in Wastewater Treatment Systems,2719,99.773,Very Good,2021.0,38.0,N/A,"Moreno-García, A.F.| Neri-Torres, E.E.| Mena-Cervantes, V.Y.| Altamirano, R.H.| Pineda-Flores, G.| Luna-Sánchez, R.| García-Solares, M.| Vazquez-Arenas, J.| Suastes-Rivas, J.K.",Consejo Nacional de Ciencia y Tecnologia Mexico| Universidad Autónoma Metropolitana| Universidad Iberoamericana (UIA)| Instituto Politécnico Nacional,Mexico,0
56013705500,56013705500,NaFeTiO4/Fe2O3–FeTiO3 as heterogeneous catalyst towards a cleaner and sustainable biodiesel production from Jatropha curcas L. oil,"Gutiérrez-López, A.N.| Mena-Cervantes, V.Y.| García-Solares, S.M.| Vazquez-Arenas, J.| Hernández-Altamirano, R.",5.0,57220577598| 56013624700| 56007072000| 56013705500| 57203148814,2021.0,2021-07-01,Journal of Cleaner Production,304,-,-,127106,ISSN-09596526,19167.0,Journal,Elsevier Ltd,English,2.36,5,15.8,2,1.921,5,0.98,41.0,36.0,1.47,18.41,10.0,19.0,0.0,0.0,"Gutiérrez-López, A.N., Mena-Cervantes, V.Y., García-Solares, S.M. and 2 more (...) (2021).NaFeTiO4/Fe2O3–FeTiO3 as heterogeneous catalyst towards a cleaner and sustainable biodiesel production from Jatropha curcas L. oil. Journal of Cleaner Production,304",https://www.scopus.com/record/display.url?eid=2-s2.0-85107155027&origin=resultslist,10.1016/j.jclepro.2021.127106,Article,,2-s2.0-85107155027,-,Consejo Nacional de Ciencia y Tecnologia Mexico| Universidad Autónoma Metropolitana| Instituto Politécnico Nacional,704696| 505017| 505011,Academic| Government,3.0,60019176| 60028381| 60027998,"Instituto Politécnico Nacional| Universidad Autónoma Metropolitana -Unidad Iztapalapa| Secretaría de Ciencia, Humanidades, Tecnología e Innovación",57220577598,57203148814,56013705500| 57203148814,-,Mexico,1.0,1408| 2105| 2209| 2300,"Strategy and Management| Renewable Energy, Sustainability and the Environment| Industrial and Manufacturing Engineering| General Environmental Science",3| 2,Social Sciences & Management| Engineering & Technology,222| 221| 424| 308,Engineering - Mechanical| Engineering - Electrical & Electronic| Environmental Sciences| Business & Management Studies,36| 37| 35,Engineering| Physical Sciences| Business and Economics,40| 33,Engineering| Built Environment And Design,-,-,SDG 7,Biodiesel Production and Environmental Impacts,406,89.928,Catalytic Advances in Biodiesel Production Processes,1085,99.695,Definitive,2021.0,36.0,N/A,"Gutiérrez-López, A.N.| Mena-Cervantes, V.Y.| García-Solares, S.M.| Vazquez-Arenas, J.| Hernández-Altamirano, R.",Consejo Nacional de Ciencia y Tecnologia Mexico| Universidad Autónoma Metropolitana| Instituto Politécnico Nacional,Mexico,0
56013705500,56013705500,Unrevealing the effect of transparent fluorine-doped tin oxide (FTO) substrate and irradiance configuration to unmask the activity of FTO-BiVO4 heterojunction,"Carrera-Crespo, J.E.| Fuentes-Camargo, I.| Palma-Goyes, R.E.| García-Pérez, U.M.| Vazquez-Arenas, J.| Chairez, I.| Poznyak, T.",7.0,55539257200| 57214729074| 36633077700| 36701336400| 56013705500| 15623290800| 6602085688,2021.0,2021-06-15,Materials Science in Semiconductor Processing,128,-,-,105717,ISSN-13698001,26675.0,Journal,Elsevier Ltd,English,1.04,30,6.7,14,0.687,25,3.11,88.0,35.0,1.32,13.65,11.0,21.0,0.0,0.0,"Carrera-Crespo, J.E., Fuentes-Camargo, I., Palma-Goyes, R.E. and 4 more (...) (2021).Unrevealing the effect of transparent fluorine-doped tin oxide (FTO) substrate and irradiance configuration to unmask the activity of FTO-BiVO4 heterojunction. Materials Science in Semiconductor Processing,128",https://www.scopus.com/record/display.url?eid=2-s2.0-85100781224&origin=resultslist,10.1016/j.mssp.2021.105717,Article,,2-s2.0-85100781224,-,Consejo Nacional de Ciencia y Tecnologia Mexico| Universidad Autonoma de Nuevo Leon| Universidad Autónoma Metropolitana| Universidad de Antioquia| Instituto Politécnico Nacional,704696| 505013| 505017| 604001| 505011,Academic| Government,5.0,60006489| 60019176| 60028381| 60055833| 60025417| 60027998,"Escuela Superior de Ingenieria Quimica e Industrias Extractivas| Instituto Politécnico Nacional| Universidad Autónoma Metropolitana -Unidad Iztapalapa| Universidad de Antioquia| Universidad Autónoma de Nuevo León| Secretaría de Ciencia, Humanidades, Tecnología e Innovación",55539257200,6602085688,57214729074| 56013705500,-,Mexico| Colombia,2.0,2210| 2211| 2500| 3104,Mechanical Engineering| Mechanics of Materials| General Materials Science| Condensed Matter Physics,2| 4,Engineering & Technology| Natural Sciences,439| 222| 433,Physics & Astronomy| Engineering - Mechanical| Materials Science,36| 37,Engineering| Physical Sciences,51| 40,Physical Sciences| Engineering,4018| 4016| 5104,Nanotechnology| Materials engineering| Condensed matter physics,-,Photocatalytic Properties of Titanium Dioxide Structures,62,94.768,Photocatalytic Innovations in Bismuth Vanadate Applications,5528,99.569,Very Good,2021.0,35.0,N/A,"Carrera-Crespo, J.E.| Fuentes-Camargo, I.| Palma-Goyes, R.E.| García-Pérez, U.M.| Vazquez-Arenas, J.| Chairez, I.| Poznyak, T.",Consejo Nacional de Ciencia y Tecnologia Mexico| Universidad Autonoma de Nuevo Leon| Universidad Autónoma Metropolitana| Universidad de Antioquia| Instituto Politécnico Nacional,Mexico| Colombia,0
56013705500,56013705500,Chemical and surface analysis during evolution of arsenopyrite oxidation by Acidithiobacillus thiooxidans in the presence and absence of supplementary arsenic,"Ramírez-Aldaba, H.| Valles, O.P.| Vazquez-Arenas, J.| Rojas-Contreras, J.A.| Valdez-Pérez, D.| Ruiz-Baca, E.| Meraz-Rodríguez, M.| Sosa-Rodríguez, F.S.| Rodríguez, Á.G.| Lara, R.H.",10.0,57191409123| 57191421295| 56013705500| 26635988600| 35747238900| 56000926400| 57186646900| 36646751000| 7005525884| 56335217900,2016.0,2016-10-01,Science of the Total Environment,566-567,-,1106-1119,-,ISSN-00489697,25349.0,Journal,Elsevier B.V.,English,1.87,7,6.9,8,1.652,7,0.91,41.0,35.0,0.59,11.77,16.0,42.0,0.0,0.0,"Ramírez-Aldaba, H., Valles, O.P., Vazquez-Arenas, J. and 7 more (...) (2016).Chemical and surface analysis during evolution of arsenopyrite oxidation by Acidithiobacillus thiooxidans in the presence and absence of supplementary arsenic. Science of the Total Environment,566-5671106-1119",https://www.scopus.com/record/display.url?eid=2-s2.0-84989808191&origin=resultslist,10.1016/j.scitotenv.2016.05.143,Article,,2-s2.0-84989808191,27312277,Universidad Autónoma Metropolitana| Universidad Autonoma de San Luis Potosi| Universidad Juarez del Estado de Durango| Instituto Politécnico Nacional,505017| 505014| 704853| 505011,Academic,4.0,60014403| 117467826| 60028381| 60019176| 60023193| 60031335,Universidad Juárez del Estado de Durango| UPIDET| Universidad Autónoma Metropolitana -Unidad Iztapalapa| Instituto Politécnico Nacional| Universidad Autónoma Metropolitana - Azcapotzalco| Universidad Autónoma de San Luis Potosí,57191409123,56335217900,56335217900,-,Mexico,1.0,2304| 2305| 2310| 2311,Environmental Chemistry| Environmental Engineering| Pollution| Waste Management and Disposal,3| 4| 2,Social Sciences & Management| Natural Sciences| Engineering & Technology,424| 249,Environmental Sciences| Engineering - Petroleum,37,Physical Sciences,MD,Multidisciplinary,MD,Multidisciplinary,-,Innovative Approaches to Metal Recovery and Bioleaching,1133,44.212,Bioleaching Mechanisms and Microbial Interactions in Mining,746,95.784,Definitive,2016.0,35.0,N/A,"Ramírez-Aldaba, H.| Valles, O.P.| Vazquez-Arenas, J.| Rojas-Contreras, J.A.| Valdez-Pérez, D.| Ruiz-Baca, E.| Meraz-Rodríguez, M.| Sosa-Rodríguez, F.S.| Rodríguez, Á.G.| Lara, R.H.",Universidad Autónoma Metropolitana| Universidad Autonoma de San Luis Potosi| Universidad Juarez del Estado de Durango| Instituto Politécnico Nacional,Mexico,0
56013705500,56013705500,XPS and EIS studies to account for the passive behavior of the alloy Ti-6Al-4V in Hank’s solution,"Chávez-Díaz, M.P.| Luna-Sánchez, R.M.| Vazquez-Arenas, J.| Lartundo-Rojas, L.| Hallen, J.M.| Cabrera-Sierra, R.",6.0,57194054099| 6506635334| 56013705500| 57455354200| 55989698700| 6602399970,2019.0,2019-11-01,Journal of Solid State Electrochemistry,23,11,3187-3196,-,ISSN-14328488,25199.0,Journal,Springer New York LLC,English,0.63,56,4.4,26,0.568,31,0.81,29.0,35.0,1.13,13.29,14.0,26.0,0.0,0.0,"Chávez-Díaz, M.P., Luna-Sánchez, R.M., Vazquez-Arenas, J. and 3 more (...) (2019).XPS and EIS studies to account for the passive behavior of the alloy Ti-6Al-4V in Hank’s solution. Journal of Solid State Electrochemistry,23(11) 3187-3196",https://www.scopus.com/record/display.url?eid=2-s2.0-85074787059&origin=resultslist,10.1007/s10008-019-04368-5,Article,,2-s2.0-85074787059,-,Universidad Autónoma Metropolitana| Instituto Politécnico Nacional,505017| 505011,Academic,2.0,60023193| 60006489| 60019176| 60028381,Universidad Autónoma Metropolitana - Azcapotzalco| Escuela Superior de Ingenieria Quimica e Industrias Extractivas| Instituto Politécnico Nacional| Universidad Autónoma Metropolitana -Unidad Iztapalapa,57194054099,6602399970,56013705500,-,Mexico,1.0,1603| 2102| 2208| 2500| 2505| 3104,Electrochemistry| Energy Engineering and Power Technology| Electrical and Electronic Engineering| General Materials Science| Materials Chemistry| Condensed Matter Physics,4| 2,Natural Sciences| Engineering & Technology,249| 409| 221| 433| 439,Engineering - Petroleum| Chemistry| Engineering - Electrical & Electronic| Materials Science| Physics & Astronomy,37| 36,Physical Sciences| Engineering,34,Chemical Sciences,3403| 3406,Macromolecular and materials chemistry| Physical chemistry,-,Corrosion Resistance in Duplex Stainless Steel Applications,432,69.98,Corrosion Resistance in Titanium Alloys for Implants,10720,88.848,Defensible,2019.0,35.0,N/A,"Chávez-Díaz, M.P.| Luna-Sánchez, R.M.| Vazquez-Arenas, J.| Lartundo-Rojas, L.| Hallen, J.M.| Cabrera-Sierra, R.",Universidad Autónoma Metropolitana| Instituto Politécnico Nacional,Mexico,0
56013705500,56013705500,"Photo-electrochemical and ozonation process to degrade ciprofloxacin in synthetic municipal wastewater, using C, N-codoped TiO2with high visible-light absorption","Palomares-Reyna, D.| Carrera-Crespo, J.E.| Sosa-Rodríguez, F.S.| García-Pérez, U.M.| Fuentes-Camargo, I.| Lartundo-Rojas, L.| Vazquez-Arenas, J.",7.0,57477075000| 55539257200| 36646751000| 36701336400| 57214729074| 57455354200| 56013705500,2022.0,2022-06-01,Journal of Environmental Chemical Engineering,10,3,-,107380,ISSN-22133437,21100255493.0,Journal,Elsevier Ltd,English,1.25,20,9.5,13,1.198,12,4.97,137.0,35.0,2.01,15.39,8.0,13.0,0.0,0.0,"Palomares-Reyna, D., Carrera-Crespo, J.E., Sosa-Rodríguez, F.S. and 4 more (...) (2022).Photo-electrochemical and ozonation process to degrade ciprofloxacin in synthetic municipal wastewater, using C, N-codoped TiO2with high visible-light absorption. Journal of Environmental Chemical Engineering,10(3) ",https://www.scopus.com/record/display.url?eid=2-s2.0-85125732026&origin=resultslist,10.1016/j.jece.2022.107380,Article,,2-s2.0-85125732026,-,Universidad Autonoma de Nuevo Leon| Universidad Autónoma Metropolitana| Instituto Politécnico Nacional,505013| 505017| 505011,Academic,3.0,60019176| 60006489| 60014923| 60023193| 60025417| 120273117,Instituto Politécnico Nacional| Escuela Superior de Ingenieria Quimica e Industrias Extractivas| Universidad Autónoma Metropolitana| Universidad Autónoma Metropolitana - Azcapotzalco| Universidad Autónoma de Nuevo León| Laboratorio Nacional de Desarrollo y Aseguramiento de la Calidad de Biocombustibles (LaNDACBio),57477075000,56013705500,55539257200| 56013705500,-,Mexico,1.0,1501| 1508| 2310| 2311,Chemical Engineering (miscellaneous)| Process Chemistry and Technology| Pollution| Waste Management and Disposal,3| 2,Social Sciences & Management| Engineering & Technology,424| 249| 219,Environmental Sciences| Engineering - Petroleum| Engineering - Chemical,37| 36,Physical Sciences| Engineering,40| 34,Engineering| Chemical Sciences,4004| 4011| 3406,Chemical engineering| Environmental engineering| Physical chemistry,SDG 6| SDG 11,Water Resource Management and Agricultural Sustainability,914,76.913,Human Rights and Access to Potable Water,36679,45.922,Weak,2022.0,35.0,N/A,"Palomares-Reyna, D.| Carrera-Crespo, J.E.| Sosa-Rodríguez, F.S.| García-Pérez, U.M.| Fuentes-Camargo, I.| Lartundo-Rojas, L.| Vazquez-Arenas, J.",Universidad Autonoma de Nuevo Leon| Universidad Autónoma Metropolitana| Instituto Politécnico Nacional,Mexico,0
56013705500,56013705500,In search of the active chlorine species on Ti/ZrO2-RuO2-Sb2O3 anodes using DEMS and XPS,"Palma-Goyes, R.E.| Vazquez-Arenas, J.| Ostos, C.| Manzo-Robledo, A.| Romero-Ibarra, I.| Calderón, J.A.| González, I.",7.0,36633077700| 56013705500| 24559580800| 23005607400| 56013732100| 7102018633| 7102176710,2018.0,2018-06-10,Electrochimica Acta,275,-,265-274,-,ISSN-00134686,25181.0,Journal,Elsevier Ltd,English,1.12,24,9.1,5,1.365,8,2.76,91.0,34.0,1.12,12.46,16.0,26.0,0.0,0.0,"Palma-Goyes, R.E., Vazquez-Arenas, J., Ostos, C. and 4 more (...) (2018).In search of the active chlorine species on Ti/ZrO2-RuO2-Sb2O3 anodes using DEMS and XPS. Electrochimica Acta,275265-274",https://www.scopus.com/record/display.url?eid=2-s2.0-85046167992&origin=resultslist,10.1016/j.electacta.2018.04.114,Article,,2-s2.0-85046167992,-,Universidad Autónoma Metropolitana| Universidad de Antioquia| Instituto Politécnico Nacional,505017| 604001| 505011,Academic,3.0,60019176| 60055833| 60006489| 60028381,Instituto Politécnico Nacional| Universidad de Antioquia| Escuela Superior de Ingenieria Quimica e Industrias Extractivas| Universidad Autónoma Metropolitana -Unidad Iztapalapa,36633077700,7102176710,56013705500,-,Mexico| Colombia,2.0,1500| 1603,General Chemical Engineering| Electrochemistry,2| 4,Engineering & Technology| Natural Sciences,409| 219,Chemistry| Engineering - Chemical,36| 37,Engineering| Physical Sciences,51| 34| 40,Physical Sciences| Chemical Sciences| Engineering,-,-,-,Innovative Approaches in Wastewater Treatment Technologies,433,93.264,Electrochemical Techniques for Wastewater Degradation,336,99.825,Very Good,2018.0,34.0,N/A,"Palma-Goyes, R.E.| Vazquez-Arenas, J.| Ostos, C.| Manzo-Robledo, A.| Romero-Ibarra, I.| Calderón, J.A.| González, I.",Universidad Autónoma Metropolitana| Universidad de Antioquia| Instituto Politécnico Nacional,Mexico| Colombia,0
56013705500,56013705500,An experimental and theoretical correlation to account for the effect of LiPF6 concentration on the ionic conductivity of poly(poly (ethylene glycol) methacrylate),"Nava, D.P.| Guzmán, G.| Vazquez-Arenas, J.| Cardoso, J.| Gomez, B.| Gonzalez, I.",6.0,23978231500| 57189004847| 56013705500| 7201823033| 7102133791| 7102176710,2016.0,2016-07-01,Solid State Ionics,290,-,98-107,-,ISSN-01672738,29887.0,Journal,Elsevier B.V.,English,0.9,34,4.3,21,0.75,24,4.21,135.0,33.0,0.88,11.39,17.0,32.0,0.0,0.0,"Nava, D.P., Guzmán, G., Vazquez-Arenas, J. and 3 more (...) (2016).An experimental and theoretical correlation to account for the effect of LiPF6 concentration on the ionic conductivity of poly(poly (ethylene glycol) methacrylate). Solid State Ionics,29098-107",https://www.scopus.com/record/display.url?eid=2-s2.0-84964596740&origin=resultslist,10.1016/j.ssi.2016.03.020,Article,,2-s2.0-84964596740,-,Universidad Autónoma Metropolitana| Universidad Católica De Santa María,505017| 708651,Academic,2.0,60028381| 60105309,Universidad Autónoma Metropolitana -Unidad Iztapalapa| Universidad Católica de Santa María,23978231500,7102176710,56013705500,-,Mexico| Peru,2.0,1600| 2500| 3104,General Chemistry| General Materials Science| Condensed Matter Physics,4| 2,Natural Sciences| Engineering & Technology,433| 409| 439,Materials Science| Chemistry| Physics & Astronomy,36| 37,Engineering| Physical Sciences,34,Chemical Sciences,3406| 3402,Physical chemistry| Inorganic chemistry,SDG 7,Fuel Cells and Polymer Electrolytes,79,97.646,Ionic Conductivity in Polymer Electrolyte Innovations,392,91.865,Definitive,2016.0,33.0,N/A,"Nava, D.P.| Guzmán, G.| Vazquez-Arenas, J.| Cardoso, J.| Gomez, B.| Gonzalez, I.",Universidad Autónoma Metropolitana| Universidad Católica De Santa María,Mexico| Peru,0
56013705500,56013705500,Synthesis of sodium zincsilicate (Na2ZnSiO4) and heterogeneous catalysis towards biodiesel production via Box-Behnken design,"Rodríguez-Ramírez, R.| Romero-Ibarra, I.| Vazquez-Arenas, J.",3.0,57218136523| 56013732100| 56013705500,2020.0,2020-11-15,Fuel,280,-,-,118668,ISSN-00162361,16313.0,Journal,Elsevier Ltd,English,1.95,7,9.8,7,1.56,6,1.33,40.0,33.0,1.57,14.61,14.0,17.0,0.0,0.0,"Rodríguez-Ramírez, R., Romero-Ibarra, I., Vazquez-Arenas, J. (2020).Synthesis of sodium zincsilicate (Na2ZnSiO4) and heterogeneous catalysis towards biodiesel production via Box-Behnken design. Fuel,280",https://www.scopus.com/record/display.url?eid=2-s2.0-85088018748&origin=resultslist,10.1016/j.fuel.2020.118668,Article,,2-s2.0-85088018748,-,Consejo Nacional de Ciencia y Tecnologia Mexico| Universidad Autónoma Metropolitana| Instituto Politécnico Nacional,704696| 505017| 505011,Academic| Government,3.0,60019176| 60027998| 60028381,"Instituto Politécnico Nacional| Secretaría de Ciencia, Humanidades, Tecnología e Innovación| Universidad Autónoma Metropolitana -Unidad Iztapalapa",57218136523,56013705500,56013732100,-,Mexico,1.0,1500| 1605| 2102| 2103,General Chemical Engineering| Organic Chemistry| Energy Engineering and Power Technology| Fuel Technology,4| 2,Natural Sciences| Engineering & Technology,249| 219| 409| 221,Engineering - Petroleum| Engineering - Chemical| Chemistry| Engineering - Electrical & Electronic,36| 37,Engineering| Physical Sciences,40,Engineering,4012| 4019| 4004,Fluid mechanics and thermal engineering| Resources engineering and extractive metallurgy| Chemical engineering,SDG 7,Biodiesel Production and Environmental Impacts,406,89.928,Catalytic Advances in Biodiesel Production Processes,1085,99.695,Definitive,2020.0,33.0,N/A,"Rodríguez-Ramírez, R.| Romero-Ibarra, I.| Vazquez-Arenas, J.",Consejo Nacional de Ciencia y Tecnologia Mexico| Universidad Autónoma Metropolitana| Instituto Politécnico Nacional,Mexico,0
56013705500,56013705500,Revisiting Electrochemical Techniques to Characterize the Solid-State Diffusion Mechanism in Lithium-Ion Batteries,"Santos-Mendoza, I.O.| Vázquez-Arenas, J.| González, I.| Ramos-Sánchez, G.| Castillo-Araiza, C.O.",5.0,55775264400| 56013705500| 7102176710| 56013733500| 23007559200,2019.0,2019-01-01,International Journal of Chemical Reactor Engineering,17,6,-,20180095,ISSN-15426580,130033.0,Journal,De Gruyter,English,0.49,66,1.7,56,0.259,57,1.71,63.0,33.0,0.92,13.0,15.0,31.0,0.0,0.0,"Santos-Mendoza, I.O., Vázquez-Arenas, J., González, I. and 2 more (...) (2019).Revisiting Electrochemical Techniques to Characterize the Solid-State Diffusion Mechanism in Lithium-Ion Batteries. International Journal of Chemical Reactor Engineering,17(6) ",https://www.scopus.com/record/display.url?eid=2-s2.0-85054813946&origin=resultslist,10.1515/ijcre-2018-0095,Article,,2-s2.0-85054813946,-,Universidad Autónoma Metropolitana,505017,Academic,1.0,60010210| 60028381,Universidad Autónoma Metropolitana Unidad Xochimilco| Universidad Autónoma Metropolitana -Unidad Iztapalapa,55775264400,23007559200,-,-,Mexico,1.0,1500,General Chemical Engineering,2,Engineering & Technology,219,Engineering - Chemical,36,Engineering,40,Engineering,4004,Chemical engineering,SDG 7,High-Performance Materials for Lithium-Ion Batteries,303,96.73,Lithium Ion Battery Cathode Materials,408,98.272,Very Good,2019.0,33.0,N/A,"Santos-Mendoza, I.O.| Vázquez-Arenas, J.| González, I.| Ramos-Sánchez, G.| Castillo-Araiza, C.O.",Universidad Autónoma Metropolitana,Mexico,0
56013705500,56013705500,Experimental and Theoretical Analysis Accounting for Differences of Pyrite and Chalcopyrite Oxidative Behaviors for Prospective Environmental and Bioleaching Applications,"Lara, R.H.| Vazquez-Arenas, J.| Ramos-Sanchez, G.| Galvan, M.| Lartundo-Rojas, L.",5.0,56335217900| 56013705500| 56013733500| 7006004160| 57455354200,2015.0,2015-07-09,Journal of Physical Chemistry C,119,32,18364-18379,-,ISSN-19327447,5200153123.0,Journal,American Chemical Society,English,1.25,18,7.9,5,1.886,4,1.78,60.0,32.0,0.87,10.32,19.0,32.0,0.0,0.0,"Lara, R.H., Vazquez-Arenas, J., Ramos-Sanchez, G. and 2 more (...) (2015).Experimental and Theoretical Analysis Accounting for Differences of Pyrite and Chalcopyrite Oxidative Behaviors for Prospective Environmental and Bioleaching Applications. Journal of Physical Chemistry C,119(32) 18364-18379",https://www.scopus.com/record/display.url?eid=2-s2.0-84939211871&origin=resultslist,10.1021/acs.jpcc.5b05149,Article,,2-s2.0-84939211871,-,Universidad Autónoma Metropolitana| Universidad Juarez del Estado de Durango| Instituto Politécnico Nacional,505017| 704853| 505011,Academic,3.0,60014403| 60028381| 60019176,Universidad Juárez del Estado de Durango| Universidad Autónoma Metropolitana -Unidad Iztapalapa| Instituto Politécnico Nacional,56335217900,57455354200,56013705500,-,Mexico,1.0,1606| 2100| 2504| 2508,"Physical and Theoretical Chemistry| General Energy| Electronic, Optical and Magnetic Materials| Surfaces, Coatings and Films",4| 2,Natural Sciences| Engineering & Technology,221| 409| 249| 433,Engineering - Electrical & Electronic| Chemistry| Engineering - Petroleum| Materials Science,36| 37,Engineering| Physical Sciences,34| 40,Chemical Sciences| Engineering,-,-,SDG 15,Innovative Approaches to Metal Recovery and Bioleaching,1133,44.212,Bioleaching Mechanisms and Microbial Interactions in Mining,746,95.784,Defensible,2015.0,32.0,N/A,"Lara, R.H.| Vazquez-Arenas, J.| Ramos-Sanchez, G.| Galvan, M.| Lartundo-Rojas, L.",Universidad Autónoma Metropolitana| Universidad Juarez del Estado de Durango| Instituto Politécnico Nacional,Mexico,0
56013705500,56013705500,Statistical optimization of biodiesel production from waste cooking oil using CaO as catalyst in a Robinson-Mahoney type reactor,"Soria-Figueroa, E.| Mena-Cervantes, V.Y.| García-Solares, M.| Hernández-Altamirano, R.| Vazquez-Arenas, J.",5.0,57218381673| 56013624700| 56007072000| 57203148814| 56013705500,2020.0,2020-12-15,Fuel,282,-,-,118853,ISSN-00162361,16313.0,Journal,Elsevier Ltd,English,1.95,7,9.8,7,1.56,6,2.83,81.0,31.0,1.37,14.61,15.0,20.0,0.0,0.0,"Soria-Figueroa, E., Mena-Cervantes, V.Y., García-Solares, M. and 2 more (...) (2020).Statistical optimization of biodiesel production from waste cooking oil using CaO as catalyst in a Robinson-Mahoney type reactor. Fuel,282",https://www.scopus.com/record/display.url?eid=2-s2.0-85088962393&origin=resultslist,10.1016/j.fuel.2020.118853,Article,,2-s2.0-85088962393,-,Consejo Nacional de Ciencia y Tecnologia Mexico| Universidad Autónoma Metropolitana| Instituto Politécnico Nacional,704696| 505017| 505011,Academic| Government,3.0,60019176| 60027998| 60028381,"Instituto Politécnico Nacional| Secretaría de Ciencia, Humanidades, Tecnología e Innovación| Universidad Autónoma Metropolitana -Unidad Iztapalapa",57218381673,56013705500,57203148814,-,Mexico,1.0,1500| 1605| 2102| 2103,General Chemical Engineering| Organic Chemistry| Energy Engineering and Power Technology| Fuel Technology,2| 4,Engineering & Technology| Natural Sciences,221| 219| 409| 249,Engineering - Electrical & Electronic| Engineering - Chemical| Chemistry| Engineering - Petroleum,36| 37,Engineering| Physical Sciences,40,Engineering,4012| 4004| 4019,Fluid mechanics and thermal engineering| Chemical engineering| Resources engineering and extractive metallurgy,SDG 7,Biodiesel Production and Environmental Impacts,406,89.928,Catalytic Advances in Biodiesel Production Processes,1085,99.695,Definitive,2020.0,31.0,N/A,"Soria-Figueroa, E.| Mena-Cervantes, V.Y.| García-Solares, M.| Hernández-Altamirano, R.| Vazquez-Arenas, J.",Consejo Nacional de Ciencia y Tecnologia Mexico| Universidad Autónoma Metropolitana| Instituto Politécnico Nacional,Mexico,0
56013705500,56013705500,Robust State of Charge estimation for Li-ion batteries based on Extended State Observers,"Sandoval-Chileño, M.A.| Castañeda, L.A.| Luviano-Juárez, A.| Gutiérrez-Frías, O.| Vazquez-Arenas, J.",5.0,57218418118| 56421827600| 16643087800| 33067934900| 56013705500,2020.0,2020-10-01,Journal of Energy Storage,31,-,-,101718,ISSN-2352152X,21100400826.0,Journal,Elsevier Ltd,English,1.5,13,6,19,1.088,14,0.76,30.0,31.0,0.9,16.68,15.0,31.0,0.0,0.0,"Sandoval-Chileño, M.A., Castañeda, L.A., Luviano-Juárez, A. and 2 more (...) (2020).Robust State of Charge estimation for Li-ion batteries based on Extended State Observers. Journal of Energy Storage,31",https://www.scopus.com/record/display.url?eid=2-s2.0-85089157538&origin=resultslist,10.1016/j.est.2020.101718,Article,,2-s2.0-85089157538,-,Consejo Nacional de Ciencia y Tecnologia Mexico| Universidad Autónoma Metropolitana| Instituto Politécnico Nacional,704696| 505017| 505011,Government| Academic,3.0,60019176| 60027998| 60028381,"Instituto Politécnico Nacional| Secretaría de Ciencia, Humanidades, Tecnología e Innovación| Universidad Autónoma Metropolitana -Unidad Iztapalapa",57218418118,56013705500,16643087800,-,Mexico,1.0,2102| 2105| 2208,"Energy Engineering and Power Technology| Renewable Energy, Sustainability and the Environment| Electrical and Electronic Engineering",2,Engineering & Technology,221| 249,Engineering - Electrical & Electronic| Engineering - Petroleum,36,Engineering,40,Engineering,-,-,SDG 7,Battery Management and Performance,927,97.188,Innovative Approaches to Lithium-Ion Battery Management,358,99.97,Definitive,2020.0,31.0,N/A,"Sandoval-Chileño, M.A.| Castañeda, L.A.| Luviano-Juárez, A.| Gutiérrez-Frías, O.| Vazquez-Arenas, J.",Consejo Nacional de Ciencia y Tecnologia Mexico| Universidad Autónoma Metropolitana| Instituto Politécnico Nacional,Mexico,0
56013705500,56013705500,The effects of ZrO2 on the electrocatalysis to yield active chlorine species on Sb2O5-Doped Ti/RuO2 anodes,"Palma-Goyes, R.E.| Vazquez-Arenas, J.| Ostos, C.| Torres-Palma, R.A.| González, I.",5.0,36633077700| 56013705500| 24559580800| 57205313324| 7102176710,2016.0,2016-01-01,Journal of the Electrochemical Society,163,9,H818-H825,-,ISSN-00134651,25169.0,Journal,Electrochemical Society Inc.,English,0.99,29,5.5,10,1.222,8,2.38,85.0,29.0,1.1,10.87,20.0,27.0,0.0,0.0,"Palma-Goyes, R.E., Vazquez-Arenas, J., Ostos, C. and 2 more (...) (2016).The effects of ZrO2 on the electrocatalysis to yield active chlorine species on Sb2O5-Doped Ti/RuO2 anodes. Journal of the Electrochemical Society,163(9) H818-H825",https://www.scopus.com/record/display.url?eid=2-s2.0-84982735869&origin=resultslist,10.1149/2.0891609jes,Article,,2-s2.0-84982735869,-,Universidad Autónoma Metropolitana| Universidad de Antioquia,505017| 604001,Academic,2.0,60055833| 60028381,Universidad de Antioquia| Universidad Autónoma Metropolitana -Unidad Iztapalapa,36633077700,7102176710,-,-,Mexico| Colombia,2.0,1603| 2105| 2504| 2505| 2508| 3104,"Electrochemistry| Renewable Energy, Sustainability and the Environment| Electronic, Optical and Magnetic Materials| Materials Chemistry| Surfaces, Coatings and Films| Condensed Matter Physics",2| 4,Engineering & Technology| Natural Sciences,409| 439| 433| 221,Chemistry| Physics & Astronomy| Materials Science| Engineering - Electrical & Electronic,36| 37,Engineering| Physical Sciences,40| 34,Engineering| Chemical Sciences,4016| 3406,Materials engineering| Physical chemistry,-,Innovative Approaches in Wastewater Treatment Technologies,433,93.264,Electrochemical Techniques for Wastewater Degradation,336,99.825,Very Good,2016.0,29.0,N/A,"Palma-Goyes, R.E.| Vazquez-Arenas, J.| Ostos, C.| Torres-Palma, R.A.| González, I.",Universidad Autónoma Metropolitana| Universidad de Antioquia,Mexico| Colombia,0
56013705500,56013705500,The influence of pH and current density on an UV254 photo-assisted electrochemical process generating active chlorine and radicals for efficient and rapid ciprofloxacin mineralization compared to individual techniques,"Yañez-Rios, A.E.| Carrera-Crespo, J.E.| Luna-Sanchez, R.M.| Palma-Goyes, R.E.| Vazquez-Arenas, J.",5.0,57219532866| 55539257200| 6506635334| 36633077700| 56013705500,2020.0,2020-10-01,Journal of Environmental Chemical Engineering,8,5,-,104357,ISSN-22133437,21100255493.0,Journal,Elsevier Ltd,English,1.31,19,7.5,13,0.965,15,1.19,48.0,29.0,1.06,17.0,17.0,26.0,0.0,0.0,"Yañez-Rios, A.E., Carrera-Crespo, J.E., Luna-Sanchez, R.M. and 2 more (...) (2020).The influence of pH and current density on an UV254 photo-assisted electrochemical process generating active chlorine and radicals for efficient and rapid ciprofloxacin mineralization compared to individual techniques. Journal of Environmental Chemical Engineering,8(5) ",https://www.scopus.com/record/display.url?eid=2-s2.0-85093669207&origin=resultslist,10.1016/j.jece.2020.104357,Article,,2-s2.0-85093669207,-,Consejo Nacional de Ciencia y Tecnologia Mexico| Universidad Autónoma Metropolitana| Universidad de Antioquia| Instituto Politécnico Nacional,704696| 505017| 604001| 505011,Academic| Government,4.0,60023193| 60019176| 60055833| 60028381| 60027998,"Universidad Autónoma Metropolitana - Azcapotzalco| Instituto Politécnico Nacional| Universidad de Antioquia| Universidad Autónoma Metropolitana -Unidad Iztapalapa| Secretaría de Ciencia, Humanidades, Tecnología e Innovación",57219532866,56013705500,36633077700| 56013705500,-,Mexico| Colombia,2.0,1501| 1508| 2310| 2311,Chemical Engineering (miscellaneous)| Process Chemistry and Technology| Pollution| Waste Management and Disposal,3| 2,Social Sciences & Management| Engineering & Technology,219| 424| 249,Engineering - Chemical| Environmental Sciences| Engineering - Petroleum,37| 36,Physical Sciences| Engineering,40| 34,Engineering| Chemical Sciences,4011| 4004| 3406,Environmental engineering| Chemical engineering| Physical chemistry,-,Innovative Approaches in Wastewater Treatment Technologies,433,93.264,Electrochemical Techniques for Wastewater Degradation,336,99.825,Very Good,2020.0,29.0,N/A,"Yañez-Rios, A.E.| Carrera-Crespo, J.E.| Luna-Sanchez, R.M.| Palma-Goyes, R.E.| Vazquez-Arenas, J.",Consejo Nacional de Ciencia y Tecnologia Mexico| Universidad Autónoma Metropolitana| Universidad de Antioquia| Instituto Politécnico Nacional,Mexico| Colombia,0
56013705500,56013705500,Nickel recovery from an electroplating rinsing effluent using RCE bench scale and RCE pilot plant reactors: The influence of pH control,"Almazán-Ruiz, F.J.| Caballero, F.| Cruz-Díaz, M.R.| Rivero, E.P.| Vazquez-Arenas, J.| González, I.",6.0,55260158400| 7006690470| 36545050800| 14034587000| 56013705500| 7102176710,2015.0,2015-05-01,Chemical Engineering Research and Design,97,-,18-27,-,ISSN-02638762,16411.0,Journal,Institution of Chemical Engineers,English,1.41,14,3.9,19,0.852,18,1.71,76.0,28.0,0.57,10.61,21.0,43.0,1.0,0.0,"Almazán-Ruiz, F.J., Caballero, F., Cruz-Díaz, M.R. and 3 more (...) (2015).Nickel recovery from an electroplating rinsing effluent using RCE bench scale and RCE pilot plant reactors: The influence of pH control. Chemical Engineering Research and Design,9718-27",https://www.scopus.com/record/display.url?eid=2-s2.0-84929400340&origin=resultslist,10.1016/j.cherd.2015.02.022,Article,,2-s2.0-84929400340,-,Universidad Autónoma Metropolitana| Universidad Nacional Autónoma de México,505017| 505023,Academic,2.0,115012991| 60032442| 60172565| 60028381,División de Ingeniería Química y Bioquímica| Universidad Nacional Autónoma de México| Facultad de Estudios Superiores Cuautitlán| Universidad Autónoma Metropolitana -Unidad Iztapalapa,55260158400,7102176710,56013705500,-,Mexico,1.0,1500| 1600,General Chemical Engineering| General Chemistry,4| 2,Natural Sciences| Engineering & Technology,409| 219,Chemistry| Engineering - Chemical,37| 36,Physical Sciences| Engineering,40,Engineering,4019| 4004,Resources engineering and extractive metallurgy| Chemical engineering,SDG 6,Electrodeposition Techniques for Enhanced Coating Properties,1019,29.627,Magnetic Alloy Films: Composition and Properties,17009,70.215,Defensible,2015.0,28.0,N/A,"Almazán-Ruiz, F.J.| Caballero, F.| Cruz-Díaz, M.R.| Rivero, E.P.| Vazquez-Arenas, J.| González, I.",Universidad Autónoma Metropolitana| Universidad Nacional Autónoma de México,Mexico,0
56013705500,56013705500,"Synthesis, characterization, and theoretical insights of green chitosan derivatives presenting enhanced Li+ ionic conductivity","Cardoso, J.| Nava, D.| García-Morán, P.| Hernández-Sánchez, F.| Gomez, B.| Vazquez-Arenas, J.| González, I.",7.0,7201823033| 23978231500| 25633580600| 55907998100| 7102133791| 56013705500| 11940303900,2015.0,2015-03-05,Journal of Physical Chemistry C,119,9,4655-4665,-,ISSN-19327447,5200153123.0,Journal,American Chemical Society,English,1.25,18,7.9,5,1.886,4,2.78,103.0,27.0,0.68,10.32,22.0,38.0,0.0,0.0,"Cardoso, J., Nava, D., García-Morán, P. and 4 more (...) (2015).Synthesis, characterization, and theoretical insights of green chitosan derivatives presenting enhanced Li+ ionic conductivity. Journal of Physical Chemistry C,119(9) 4655-4665",https://www.scopus.com/record/display.url?eid=2-s2.0-84924163160&origin=resultslist,10.1021/jp5128699,Article,,2-s2.0-84924163160,-,Centro de Investigacion Cientifica de Yucatan| Universidad Autónoma Metropolitana| Universidad Autónoma de Tlaxcala,703031| 505017| 714292,Academic,3.0,60014923| 60029589| 60009771,Universidad Autónoma Metropolitana| Universidad Autónoma de Tlaxcala| Centro de Investigacion Cientifica de Yucatan,7201823033,11940303900,56013705500,-,Mexico,1.0,1606| 2100| 2504| 2508,"Physical and Theoretical Chemistry| General Energy| Electronic, Optical and Magnetic Materials| Surfaces, Coatings and Films",4| 2,Natural Sciences| Engineering & Technology,433| 249| 221| 409,Materials Science| Engineering - Petroleum| Engineering - Electrical & Electronic| Chemistry,37| 36,Physical Sciences| Engineering,34| 40,Chemical Sciences| Engineering,-,-,-,Fuel Cells and Polymer Electrolytes,79,97.646,Biopolymer Electrolytes for Enhanced Energy Storage,14545,96.14,Defensible,2015.0,27.0,N/A,"Cardoso, J.| Nava, D.| García-Morán, P.| Hernández-Sánchez, F.| Gomez, B.| Vazquez-Arenas, J.| González, I.",Centro de Investigacion Cientifica de Yucatan| Universidad Autónoma Metropolitana| Universidad Autónoma de Tlaxcala,Mexico,0
56013705500,56013705500,"Effects of saccharin and anions (SO42−, Cl−) on the electrodeposition of Co–Ni alloys","Altamirano-Garcia, L.| Vazquez-Arenas, J.| Pritzker, M.| Luna-Sánchez, R.| Cabrera-Sierra, R.",5.0,36994333400| 56013705500| 7005473332| 6506635334| 6602399970,2015.0,2015-02-01,Journal of Solid State Electrochemistry,19,2,423-433,-,ISSN-14328488,25199.0,Journal,"Springer Science and Business Media, LLC",English,0.75,44,4.4,16,0.643,26,0.14,39.0,26.0,0.68,10.33,23.0,38.0,0.0,0.0,"Altamirano-Garcia, L., Vazquez-Arenas, J., Pritzker, M. and 2 more (...) (2015).Effects of saccharin and anions (SO42−, Cl−) on the electrodeposition of Co–Ni alloys. Journal of Solid State Electrochemistry,19(2) 423-433",https://www.scopus.com/record/display.url?eid=2-s2.0-85027929359&origin=resultslist,10.1007/s10008-014-2616-7,Article,,2-s2.0-85027929359,-,Universidad Autónoma Metropolitana| University of Waterloo| Instituto Politécnico Nacional,505017| 501051| 505011,Academic,3.0,60023193| 60028381| 60014171| 60006489,Universidad Autónoma Metropolitana - Azcapotzalco| Universidad Autónoma Metropolitana -Unidad Iztapalapa| University of Waterloo| Escuela Superior de Ingenieria Quimica e Industrias Extractivas,36994333400,6602399970,56013705500,-,Mexico| Canada,2.0,1603| 2208| 2500| 3104,Electrochemistry| Electrical and Electronic Engineering| General Materials Science| Condensed Matter Physics,4| 2,Natural Sciences| Engineering & Technology,439| 433| 249| 409| 221,Physics & Astronomy| Materials Science| Engineering - Petroleum| Chemistry| Engineering - Electrical & Electronic,36| 37,Engineering| Physical Sciences,34,Chemical Sciences,3406| 3403,Physical chemistry| Macromolecular and materials chemistry,SDG 7,Electrodeposition Techniques for Enhanced Coating Properties,1019,29.627,Magnetic Alloy Films: Composition and Properties,17009,70.215,Very Good,2015.0,26.0,N/A,"Altamirano-Garcia, L.| Vazquez-Arenas, J.| Pritzker, M.| Luna-Sánchez, R.| Cabrera-Sierra, R.",Universidad Autónoma Metropolitana| University of Waterloo| Instituto Politécnico Nacional,Mexico| Canada,0
56013705500,56013705500,Theoretical evidence of the relationship established between the HO[rad] radicals and H2O adsorptions and the electroactivity of typical catalysts used to oxidize organic compounds,"Jaimes, R.| Vazquez-Arenas, J.| González, I.| Galván, M.",4.0,56986196500| 56013705500| 7102176710| 7006004160,2017.0,2017-03-01,Electrochimica Acta,229,-,345-351,-,ISSN-00134686,25181.0,Journal,Elsevier Ltd,English,1.13,23,8.6,5,1.439,8,1.09,50.0,25.0,0.86,11.59,22.0,33.0,0.0,0.0,"Jaimes, R., Vazquez-Arenas, J., González, I. and 1 more (...) (2017).Theoretical evidence of the relationship established between the HO[rad] radicals and H2O adsorptions and the electroactivity of typical catalysts used to oxidize organic compounds. Electrochimica Acta,229345-351",https://www.scopus.com/record/display.url?eid=2-s2.0-85012249329&origin=resultslist,10.1016/j.electacta.2017.01.120,Article,,2-s2.0-85012249329,-,Universidad Autónoma Metropolitana,505017,Academic,1.0,60028381,Universidad Autónoma Metropolitana -Unidad Iztapalapa,56986196500,7006004160,56013705500,-,Mexico,1.0,1500| 1603,General Chemical Engineering| Electrochemistry,4| 2,Natural Sciences| Engineering & Technology,409| 219,Chemistry| Engineering - Chemical,36| 37,Engineering| Physical Sciences,51| 34| 40,Physical Sciences| Chemical Sciences| Engineering,-,-,-,Innovative Approaches in Wastewater Treatment Technologies,433,93.264,Electrochemical Techniques for Wastewater Degradation,336,99.825,Very Good,2017.0,25.0,N/A,"Jaimes, R.| Vazquez-Arenas, J.| González, I.| Galván, M.",Universidad Autónoma Metropolitana,Mexico,0
56013705500,56013705500,"Chromium adsorption into a macroporous resin based on vinylpyridine–divinylbenzene copolymers: thermodynamics, kinetics, and process dynamic in a fixed bed column","Arcos-Casarrubias, J.A.| Cruz-Díaz, M.R.| Cardoso-Martínez, J.| Vázquez-Arenas, J.| Caballero-Domínguez, F.V.",5.0,6506981735| 36545050800| 56328078400| 56013705500| 7006690470,2018.0,2018-01-01,Adsorption,24,1,105-120,-,ISSN-09295607,16302.0,Journal,Springer New York LLC,English,0.81,42,3.3,30,0.483,35,1.76,60.0,25.0,0.83,13.22,22.0,34.0,0.0,0.0,"Arcos-Casarrubias, J.A., Cruz-Díaz, M.R., Cardoso-Martínez, J. and 2 more (...) (2018).Chromium adsorption into a macroporous resin based on vinylpyridine–divinylbenzene copolymers: thermodynamics, kinetics, and process dynamic in a fixed bed column. Adsorption,24(1) 105-120",https://www.scopus.com/record/display.url?eid=2-s2.0-85035747481&origin=resultslist,10.1007/s10450-017-9925-y,Article,,2-s2.0-85035747481,-,Universidad Autónoma Metropolitana| Instituto Politécnico Nacional| Universidad Nacional Autónoma de México,505017| 505011| 505023,Academic,3.0,110244780| 60032442| 60172565| 60028381| 60019176,División de Ingeniería Química y Bioquímica| Universidad Nacional Autónoma de México| Facultad de Estudios Superiores Cuautitlán| Universidad Autónoma Metropolitana -Unidad Iztapalapa| Instituto Politécnico Nacional,6506981735,7006690470,6506981735,-,Mexico,1.0,1500| 1600| 3110,General Chemical Engineering| General Chemistry| Surfaces and Interfaces,4| 2,Natural Sciences| Engineering & Technology,409| 439| 219,Chemistry| Physics & Astronomy| Engineering - Chemical,36| 37,Engineering| Physical Sciences,40,Engineering,4004,Chemical engineering,-,Adsorption Mechanisms for Metal Ion Removal,54,98.234,Innovative Adsorbents for Chromium Removal Solutions,3837,99.216,Very Good,2018.0,25.0,N/A,"Arcos-Casarrubias, J.A.| Cruz-Díaz, M.R.| Cardoso-Martínez, J.| Vázquez-Arenas, J.| Caballero-Domínguez, F.V.",Universidad Autónoma Metropolitana| Instituto Politécnico Nacional| Universidad Nacional Autónoma de México,Mexico,0
56013705500,56013705500,Controlling Li2CuO2 single phase transition to preserve cathode capacity and cyclability in Li-ion batteries,"Ramos-Sanchez, G.| Romero-Ibarra, I.C.| Vazquez-Arenas, J.| Tapia, C.| Aguilar-Eseiza, N.| Gonzalez, I.",6.0,56013733500| 56013732100| 56013705500| 57206165738| 57193431706| 7102176710,2017.0,2017-05-01,Solid State Ionics,303,-,89-96,-,ISSN-01672738,29887.0,Journal,Elsevier B.V.,English,0.98,31,4.8,18,0.856,22,1.75,53.0,23.0,0.71,12.64,24.0,38.0,0.0,0.0,"Ramos-Sanchez, G., Romero-Ibarra, I.C., Vazquez-Arenas, J. and 3 more (...) (2017).Controlling Li2CuO2 single phase transition to preserve cathode capacity and cyclability in Li-ion batteries. Solid State Ionics,30389-96",https://www.scopus.com/record/display.url?eid=2-s2.0-85013973592&origin=resultslist,10.1016/j.ssi.2017.02.018,Article,,2-s2.0-85013973592,-,Universidad Autónoma Metropolitana| Instituto Politécnico Nacional,505017| 505011,Academic,2.0,60028381| 60019176,Universidad Autónoma Metropolitana -Unidad Iztapalapa| Instituto Politécnico Nacional,56013733500,7102176710,56013733500,-,Mexico,1.0,1600| 2500| 3104,General Chemistry| General Materials Science| Condensed Matter Physics,2| 4,Engineering & Technology| Natural Sciences,433| 409| 439,Materials Science| Chemistry| Physics & Astronomy,36| 37,Engineering| Physical Sciences,34,Chemical Sciences,3406| 3402,Physical chemistry| Inorganic chemistry,SDG 7,High-Performance Materials for Lithium-Ion Batteries,303,96.73,Enhancements in Lithium-Ion Cathode Materials,1720,98.215,Very Good,2017.0,23.0,N/A,"Ramos-Sanchez, G.| Romero-Ibarra, I.C.| Vazquez-Arenas, J.| Tapia, C.| Aguilar-Eseiza, N.| Gonzalez, I.",Universidad Autónoma Metropolitana| Instituto Politécnico Nacional,Mexico,0
56013705500,56013705500,Arsenopyrite weathering under conditions of simulated calcareous soil,"Lara, R.H.| Velázquez, L.J.| Vazquez-Arenas, J.| Mallet, M.| Dossot, M.| Labastida, I.| Sosa-Rodríguez, F.S.| Espinosa-Cristóbal, L.F.| Escobedo-Bretado, M.A.| Cruz, R.",10.0,56335217900| 56919412000| 56013705500| 55313108300| 11139852800| 25650180400| 36646751000| 34978439600| 24461146900| 57211267464,2016.0,2016-02-01,Environmental Science and Pollution Research,23,4,3681-3706,-,ISSN-09441344,23918.0,Journal,Springer Verlag,English,1.13,22,4,28,0.891,22,1.34,62.0,22.0,0.33,12.16,25.0,54.0,0.0,0.0,"Lara, R.H., Velázquez, L.J., Vazquez-Arenas, J. and 7 more (...) (2016).Arsenopyrite weathering under conditions of simulated calcareous soil. Environmental Science and Pollution Research,23(4) 3681-3706",https://www.scopus.com/record/display.url?eid=2-s2.0-84958765407&origin=resultslist,10.1007/s11356-015-5560-x,Article,,2-s2.0-84958765407,26498805,Université PSL| Universidad Autónoma Metropolitana| CNRS| Universidad Autonoma de San Luis Potosi| Universidad Juarez del Estado de Durango| Université de Lorraine| Universidad Autonoma de Ciudad Juarez| École pratique des hautes études,707274| 505017| 314004| 505014| 704853| 702747| 706746| 706340,Academic| Government,8.0,60014403| 60028381| 60110837| 60104289| 60023193| 60008167| 60031335,Universidad Juárez del Estado de Durango| Universidad Autónoma Metropolitana -Unidad Iztapalapa| Laboratoire de Chimie Physique et Microbiologie pour les Matériaux et l’Environnement| Université de Lorraine| Universidad Autónoma Metropolitana - Azcapotzalco| Universidad Autónoma de Ciudad Juárez| Universidad Autónoma de San Luis Potosí,56335217900,57211267464,56335217900,-,Mexico| France,2.0,2304| 2307| 2310,"Environmental Chemistry| Health, Toxicology and Mutagenesis| Pollution",5| 3| 2| 4,Life Sciences & Medicine| Social Sciences & Management| Engineering & Technology| Natural Sciences,249| 424,Engineering - Petroleum| Environmental Sciences,34| 37,Medical and Health| Physical Sciences,MD,Multidisciplinary,MD,Multidisciplinary,-,Innovative Materials for Enhanced Concrete Performance,60,98.888,Oxidation Dynamics of Pyrite and Arsenopyrite Interactions,23387,84.705,Very Good,2016.0,22.0,N/A,"Lara, R.H.| Velázquez, L.J.| Vazquez-Arenas, J.| Mallet, M.| Dossot, M.| Labastida, I.| Sosa-Rodríguez, F.S.| Espinosa-Cristóbal, L.F.| Escobedo-Bretado, M.A.| Cruz, R.",Université PSL| Universidad Autónoma Metropolitana| CNRS| Universidad Autonoma de San Luis Potosi| Universidad Juarez del Estado de Durango| Université de Lorraine| Universidad Autonoma de Ciudad Juarez| École pratique des hautes études,Mexico| France,0
56013705500,56013705500,Improving ozonation to remove carbamazepine through ozone-assisted catalysis using different NiO concentrations,"Aguilar, C.M.| Vazquez-Arenas, J.| Castillo-Araiza, O.O.| Rodríguez, J.L.| Chairez, I.| Salinas, E.| Poznyak, T.",7.0,56257155100| 56013705500| 23007559200| 37059821100| 15623290800| 57214794322| 6602085688,2020.0,2020-06-01,Environmental Science and Pollution Research,27,18,22184-22194,-,ISSN-09441344,23918.0,Journal,Springer,English,1.08,28,5.5,21,0.845,29,1.62,72.0,21.0,0.65,19.99,23.0,39.0,0.0,0.0,"Aguilar, C.M., Vazquez-Arenas, J., Castillo-Araiza, O.O. and 4 more (...) (2020).Improving ozonation to remove carbamazepine through ozone-assisted catalysis using different NiO concentrations. Environmental Science and Pollution Research,27(18) 22184-22194",https://www.scopus.com/record/display.url?eid=2-s2.0-85079120994&origin=resultslist,10.1007/s11356-020-07883-5,Article,,2-s2.0-85079120994,32034590,Consejo Nacional de Ciencia y Tecnologia Mexico| Universidad Autónoma Metropolitana| Instituto Politécnico Nacional,704696| 505017| 505011,Government| Academic,3.0,60028381| 60027998| 60019176| 60006489,"Universidad Autónoma Metropolitana -Unidad Iztapalapa| Secretaría de Ciencia, Humanidades, Tecnología e Innovación| Instituto Politécnico Nacional| Escuela Superior de Ingenieria Quimica e Industrias Extractivas",56257155100,6602085688,37059821100,-,Mexico,1.0,2304| 2307| 2310,"Environmental Chemistry| Health, Toxicology and Mutagenesis| Pollution",2| 5| 3| 4,Engineering & Technology| Life Sciences & Medicine| Social Sciences & Management| Natural Sciences,424| 249,Environmental Sciences| Engineering - Petroleum,34| 37,Medical and Health| Physical Sciences,MD,Multidisciplinary,MD,Multidisciplinary,-,Environmental Impact of Pharmaceuticals and Contaminants,153,98.169,Pharmaceutical Contaminants in Aquatic Environments,176,99.859,Very Good,2020.0,21.0,N/A,"Aguilar, C.M.| Vazquez-Arenas, J.| Castillo-Araiza, O.O.| Rodríguez, J.L.| Chairez, I.| Salinas, E.| Poznyak, T.",Consejo Nacional de Ciencia y Tecnologia Mexico| Universidad Autónoma Metropolitana| Instituto Politécnico Nacional,Mexico,0
56013705500,56013705500,Removal of concentrated Cr(III) from real tannery wastewater using abiotic and anaerobic processes with native microbial consortia,"Reyes-Romero, B.| Gutiérrez-López, A.N.| Hernández-Altamirano, R.| Mena-Cervantes, V.Y.| Ruiz-Baca, E.| Neri-Torres, E.E.| Chairez, I.| García-Solares, S.M.| Vazquez-Arenas, J.",9.0,57220582315| 57220577598| 57203148814| 56013624700| 56000926400| 57190665091| 15623290800| 56007072000| 56013705500,2021.0,2021-02-01,Journal of Environmental Chemical Engineering,9,1,-,104626,ISSN-22133437,21100255493.0,Journal,Elsevier Ltd,English,1.32,18,7.7,16,1.042,14,1.37,50.0,21.0,0.84,16.75,19.0,33.0,0.0,0.0,"Reyes-Romero, B., Gutiérrez-López, A.N., Hernández-Altamirano, R. and 6 more (...) (2021).Removal of concentrated Cr(III) from real tannery wastewater using abiotic and anaerobic processes with native microbial consortia. Journal of Environmental Chemical Engineering,9(1) ",https://www.scopus.com/record/display.url?eid=2-s2.0-85097435107&origin=resultslist,10.1016/j.jece.2020.104626,Article,,2-s2.0-85097435107,-,Consejo Nacional de Ciencia y Tecnologia Mexico| Universidad Autónoma Metropolitana| Universidad Juarez del Estado de Durango| Universidad Iberoamericana (UIA)| Instituto Politécnico Nacional,704696| 505017| 704853| 702731| 505011,Academic| Government,5.0,60019176| 120273117| 60014403| 60011923| 60028381| 60027998,"Instituto Politécnico Nacional| Laboratorio Nacional de Desarrollo y Aseguramiento de la Calidad de Biocombustibles (LaNDACBio)| Universidad Juárez del Estado de Durango| Universidad Iberoamericana| Universidad Autónoma Metropolitana -Unidad Iztapalapa| Secretaría de Ciencia, Humanidades, Tecnología e Innovación",57220582315,56013705500,56007072000| 56013705500,-,Mexico,1.0,1501| 1508| 2310| 2311,Chemical Engineering (miscellaneous)| Process Chemistry and Technology| Pollution| Waste Management and Disposal,2| 3,Engineering & Technology| Social Sciences & Management,249| 219| 424,Engineering - Petroleum| Engineering - Chemical| Environmental Sciences,37| 36,Physical Sciences| Engineering,34| 40,Chemical Sciences| Engineering,4011| 3406| 4004,Environmental engineering| Physical chemistry| Chemical engineering,SDG 6,Adsorption Mechanisms for Metal Ion Removal,54,98.234,Bioremediation Strategies for Chromium Contamination,10310,96.074,Very Good,2021.0,21.0,N/A,"Reyes-Romero, B.| Gutiérrez-López, A.N.| Hernández-Altamirano, R.| Mena-Cervantes, V.Y.| Ruiz-Baca, E.| Neri-Torres, E.E.| Chairez, I.| García-Solares, S.M.| Vazquez-Arenas, J.",Consejo Nacional de Ciencia y Tecnologia Mexico| Universidad Autónoma Metropolitana| Universidad Juarez del Estado de Durango| Universidad Iberoamericana (UIA)| Instituto Politécnico Nacional,Mexico,0
56013705500,56013705500,Heterogeneous Model to Distinguish the Activity of Electrogenerated Chlorine Species from Soluble Chlorine in an Electrochemical Reactor,"Palma-Goyes, R.E.| Rivera, F.F.| Vazquez-Arenas, J.",3.0,36633077700| 57215633068| 56013705500,2019.0,2019-12-11,Industrial and Engineering Chemistry Research,58,49,22399-22407,-,ISSN-08885885,13057.0,Journal,American Chemical Society,English,1.1,25,5.3,15,0.899,17,1.04,44.0,21.0,0.61,14.7,24.0,42.0,0.0,0.0,"Palma-Goyes, R.E., Rivera, F.F., Vazquez-Arenas, J. (2019).Heterogeneous Model to Distinguish the Activity of Electrogenerated Chlorine Species from Soluble Chlorine in an Electrochemical Reactor. Industrial and Engineering Chemistry Research,58(49) 22399-22407",https://www.scopus.com/record/display.url?eid=2-s2.0-85075664095&origin=resultslist,10.1021/acs.iecr.9b05185,Article,,2-s2.0-85075664095,-,Universidad Autónoma Metropolitana| Centro de Investigacion y Desarrollo Tecnologico en Electroquimica| Universidad de Antioquia,505017| 703032| 604001,Academic,3.0,60055833| 60084247| 60028381,Universidad de Antioquia| Centro de Investigación y Desarrollo Tecnológico en Electroquímica S.C.| Universidad Autónoma Metropolitana -Unidad Iztapalapa,36633077700,56013705500,57215633068,-,Mexico| Colombia,2.0,1500| 1600| 2209,General Chemical Engineering| General Chemistry| Industrial and Manufacturing Engineering,4| 2,Natural Sciences| Engineering & Technology,409| 219| 222,Chemistry| Engineering - Chemical| Engineering - Mechanical,36| 37,Engineering| Physical Sciences,40| 34,Engineering| Chemical Sciences,-,-,SDG 6,Innovative Approaches in Wastewater Treatment Technologies,433,93.264,Electrochemical Techniques for Wastewater Degradation,336,99.825,Very Good,2019.0,21.0,N/A,"Palma-Goyes, R.E.| Rivera, F.F.| Vazquez-Arenas, J.",Universidad Autónoma Metropolitana| Centro de Investigacion y Desarrollo Tecnologico en Electroquimica| Universidad de Antioquia,Mexico| Colombia,0
56013705500,56013705500,The biodiesel market in Mexico: Challenges and perspectives to overcome in Latin-American countries,"Sosa-Rodríguez, F.S.| Vazquez-Arenas, J.",2.0,36646751000| 56013705500,2021.0,2021-12-01,Energy Conversion and Management: X,12,-,-,100149,ISSN-25901745,21100896269.0,Journal,Elsevier Ltd,English,1.96,7,4.2,20,1.662,7,0.56,16.0,20.0,0.6,14.98,20.0,43.0,0.0,0.0,"Sosa-Rodríguez, F.S., Vazquez-Arenas, J. (2021).The biodiesel market in Mexico: Challenges and perspectives to overcome in Latin-American countries. Energy Conversion and Management: X,12",https://www.scopus.com/record/display.url?eid=2-s2.0-85120609353&origin=resultslist,10.1016/j.ecmx.2021.100149,Article,Gold|Green,2-s2.0-85120609353,-,Universidad Autónoma Metropolitana| Instituto Politécnico Nacional,505017| 505011,Academic,2.0,60014923| 60023193| 60019176,Universidad Autónoma Metropolitana| Universidad Autónoma Metropolitana - Azcapotzalco| Instituto Politécnico Nacional,36646751000,56013705500,36646751000,-,Mexico,1.0,2102| 2103| 2104| 2105,"Energy Engineering and Power Technology| Fuel Technology| Nuclear Energy and Engineering| Renewable Energy, Sustainability and the Environment",2,Engineering & Technology,221| 249,Engineering - Electrical & Electronic| Engineering - Petroleum,36,Engineering,40,Engineering,4012| 4004| 4008,Fluid mechanics and thermal engineering| Chemical engineering| Electrical engineering,SDG 7,Biodiesel Production and Environmental Impacts,406,89.928,Biodiesel Production from Diverse Feedstocks,86,99.103,Defensible,2021.0,20.0,N/A,"Sosa-Rodríguez, F.S.| Vazquez-Arenas, J.",Universidad Autónoma Metropolitana| Instituto Politécnico Nacional,Mexico,0
56013705500,56013705500,"The influence of cathode material, current density and pH on the rapid Cr(III) removal from concentrated tanning effluents via electro-precipitation","Bonola, B.| Sosa-Rodríguez, F.S.| García-Pérez, U.M.| Romero-Ibarra, I.| Henquin, E.R.| Vazquez-Arenas, J.",6.0,57218488185| 36646751000| 36701336400| 56013732100| 10242870700| 56013705500,2021.0,2021-10-01,Journal of Hazardous Materials Advances,2,-,-,100008,ISSN-27724166,21101162816.0,Journal,Elsevier B.V.,English,-,-,-,-,-,-,0.13,6.0,20.0,0.73,20.45,20.0,38.0,0.0,0.0,"Bonola, B., Sosa-Rodríguez, F.S., García-Pérez, U.M. and 3 more (...) (2021).The influence of cathode material, current density and pH on the rapid Cr(III) removal from concentrated tanning effluents via electro-precipitation. Journal of Hazardous Materials Advances,2",https://www.scopus.com/record/display.url?eid=2-s2.0-85122231909&origin=resultslist,10.1016/j.hazadv.2021.100008,Article,Gold,2-s2.0-85122231909,-,Consejo Nacional de Investigaciones Científicas y Técnicas| Universidad Autonoma de Nuevo Leon| Universidad Tecnológica Nacional| Universidad Autónoma Metropolitana| Instituto Politécnico Nacional,601002| 505013| 601027| 505017| 505011,Academic| Government,5.0,60019176| 60023193| 60025417| 60029679| 60004518,Instituto Politécnico Nacional| Universidad Autónoma Metropolitana - Azcapotzalco| Universidad Autónoma de Nuevo León| Instituto de Desarrollo y Diseño| Consejo Nacional de Investigaciones Científicas y Técnicas,57218488185,56013705500,36646751000,-,Mexico| Argentina,2.0,2304| 2305| 2307| 2310| 2311,"Environmental Chemistry| Environmental Engineering| Health, Toxicology and Mutagenesis| Pollution| Waste Management and Disposal",2| 4| 5| 3,Engineering & Technology| Natural Sciences| Life Sciences & Medicine| Social Sciences & Management,424| 249,Environmental Sciences| Engineering - Petroleum,34| 37,Medical and Health| Physical Sciences,-,-,-,-,SDG 6,Adsorption Mechanisms for Metal Ion Removal,54,98.234,Innovative Adsorbents for Chromium Removal Solutions,3837,99.216,Definitive,2021.0,20.0,N/A,"Bonola, B.| Sosa-Rodríguez, F.S.| García-Pérez, U.M.| Romero-Ibarra, I.| Henquin, E.R.| Vazquez-Arenas, J.",Consejo Nacional de Investigaciones Científicas y Técnicas| Universidad Autonoma de Nuevo Leon| Universidad Tecnológica Nacional| Universidad Autónoma Metropolitana| Instituto Politécnico Nacional,Mexico| Argentina,0
56013705500,56013705500,Design of a Zwitterion Polymer Electrolyte Based on Poly[poly (ethylene glycol) methacrylate]: The Effect of Sulfobetaine Group on Thermal Properties and Ionic Conduction,"Guzmán, G.| Nava, D.P.| Vazquez-Arenas, J.| Cardoso, J.",4.0,57189004847| 23978231500| 56013705500| 7201823033,2017.0,2017-08-01,Macromolecular Symposia,374,1,-,1600136,ISSN-10221360,25943.0,Journal,Wiley-VCH Verlag,English,0.31,77,1,63,0.235,63,0.64,31.0,20.0,0.3,9.96,27.0,57.0,0.0,0.0,"Guzmán, G., Nava, D.P., Vazquez-Arenas, J. and 1 more (...) (2017).Design of a Zwitterion Polymer Electrolyte Based on Poly[poly (ethylene glycol) methacrylate]: The Effect of Sulfobetaine Group on Thermal Properties and Ionic Conduction. Macromolecular Symposia,374(1) ",https://www.scopus.com/record/display.url?eid=2-s2.0-85027569838&origin=resultslist,10.1002/masy.201600136,Article,,2-s2.0-85027569838,-,Consejo Nacional de Ciencia y Tecnologia Mexico| Universidad Autónoma Metropolitana,704696| 505017,Academic| Government,2.0,60028381| 60027998,"Universidad Autónoma Metropolitana -Unidad Iztapalapa| Secretaría de Ciencia, Humanidades, Tecnología e Innovación",57189004847,7201823033,7201823033,-,Mexico,1.0,1605| 2505| 2507| 3104,Organic Chemistry| Materials Chemistry| Polymers and Plastics| Condensed Matter Physics,2| 4,Engineering & Technology| Natural Sciences,439| 433| 409| 249,Physics & Astronomy| Materials Science| Chemistry| Engineering - Petroleum,37| 36,Physical Sciences| Engineering,34,Chemical Sciences,3403,Macromolecular and materials chemistry,SDG 7,Fuel Cells and Polymer Electrolytes,79,97.646,Ionic Conductivity in Polymer Electrolyte Innovations,392,91.865,Definitive,2017.0,20.0,N/A,"Guzmán, G.| Nava, D.P.| Vazquez-Arenas, J.| Cardoso, J.",Consejo Nacional de Ciencia y Tecnologia Mexico| Universidad Autónoma Metropolitana,Mexico,0
56013705500,56013705500,Sustainable and fast elimination of high Cr(III) concentrations from real tannery wastewater using an electrochemical-chemical process forming Cr2FeO4,"Bonola, B.| Sosa-Rodríguez, F.| Lara, R.H.| García-Solares, S.M.| Mena-Cervantes, V.Y.| Lartundo-Rojas, L.| Vazquez-Arenas, J.| Hernández-Altamirano, R.",8.0,57218488185| 36646751000| 56335217900| 56007072000| 56013624700| 57455354200| 56013705500| 57203148814,2022.0,2022-08-01,Separation and Purification Technology,294,-,-,121211,ISSN-13835866,14292.0,Journal,Elsevier B.V.,English,1.48,13,12.7,8,1.339,8,1.4,41.0,20.0,1.0,18.95,16.0,29.0,0.0,0.0,"Bonola, B., Sosa-Rodríguez, F., Lara, R.H. and 5 more (...) (2022).Sustainable and fast elimination of high Cr(III) concentrations from real tannery wastewater using an electrochemical-chemical process forming Cr2FeO4. Separation and Purification Technology,294",https://www.scopus.com/record/display.url?eid=2-s2.0-85130245382&origin=resultslist,10.1016/j.seppur.2022.121211,Article,,2-s2.0-85130245382,-,Universidad Autónoma Metropolitana| Universidad Juarez del Estado de Durango| Instituto Politécnico Nacional,505017| 704853| 505011,Academic,3.0,60019176| 60014923| 60023193| 60014403| 127013697,Instituto Politécnico Nacional| Universidad Autónoma Metropolitana| Universidad Autónoma Metropolitana - Azcapotzalco| Universidad Juárez del Estado de Durango| Laboratorio Nacional de Desarrollo y Aseguramiento de la Calidad de Biocombustibles (LaNDACBio),57218488185,57203148814,56013705500,-,Mexico,1.0,1506| 1602,Filtration and Separation| Analytical Chemistry,4| 2,Natural Sciences| Engineering & Technology,249| 409| 219,Engineering - Petroleum| Chemistry| Engineering - Chemical,36| 37,Engineering| Physical Sciences,40,Engineering,4004| 4011,Chemical engineering| Environmental engineering,SDG 6,Adsorption Mechanisms for Metal Ion Removal,54,98.234,Innovative Adsorbents for Chromium Removal Solutions,3837,99.216,Defensible,2022.0,20.0,N/A,"Bonola, B.| Sosa-Rodríguez, F.| Lara, R.H.| García-Solares, S.M.| Mena-Cervantes, V.Y.| Lartundo-Rojas, L.| Vazquez-Arenas, J.| Hernández-Altamirano, R.",Universidad Autónoma Metropolitana| Universidad Juarez del Estado de Durango| Instituto Politécnico Nacional,Mexico,0
56013705500,56013705500,Pulse-Plating Electrodeposition of Metallic Bi in an Organic-Free Aqueous Electrolyte and Its Conversion into BiVO4 to Improve Photoelectrochemical Activity toward Pollutant Degradation under Visible Light,"Fuentes-Camargo, I.| Carrera-Crespo, J.E.| Vazquez-Arenas, J.| Romero-Ibarra, I.| Rodríguez, J.L.| Lartundo-Rojas, L.| Cardoso-Martínez, J.",7.0,57214729074| 55539257200| 56013705500| 56013732100| 37059821100| 57455354200| 56328078400,2020.0,2020-01-16,Journal of Physical Chemistry C,124,2,1421-1428,-,ISSN-19327447,5200153123.0,Journal,American Chemical Society,English,0.98,33,7.1,14,1.401,9,2.45,76.0,19.0,0.51,13.61,25.0,46.0,1.0,0.0,"Fuentes-Camargo, I., Carrera-Crespo, J.E., Vazquez-Arenas, J. and 4 more (...) (2020).Pulse-Plating Electrodeposition of Metallic Bi in an Organic-Free Aqueous Electrolyte and Its Conversion into BiVO4 to Improve Photoelectrochemical Activity toward Pollutant Degradation under Visible Light. Journal of Physical Chemistry C,124(2) 1421-1428",https://www.scopus.com/record/display.url?eid=2-s2.0-85079005570&origin=resultslist,10.1021/acs.jpcc.9b09898,Article,,2-s2.0-85079005570,-,Consejo Nacional de Ciencia y Tecnologia Mexico| Universidad Autónoma Metropolitana| Instituto Politécnico Nacional,704696| 505017| 505011,Academic| Government,3.0,60028381| 60019176| 60027998| 60006489,"Universidad Autónoma Metropolitana -Unidad Iztapalapa| Instituto Politécnico Nacional| Secretaría de Ciencia, Humanidades, Tecnología e Innovación| Escuela Superior de Ingenieria Quimica e Industrias Extractivas",57214729074,56328078400,56013705500,-,Mexico,1.0,1606| 2100| 2504| 2508,"Physical and Theoretical Chemistry| General Energy| Electronic, Optical and Magnetic Materials| Surfaces, Coatings and Films",4| 2,Natural Sciences| Engineering & Technology,409| 221| 249| 433,Chemistry| Engineering - Electrical & Electronic| Engineering - Petroleum| Materials Science,37| 36,Physical Sciences| Engineering,40| 34,Engineering| Chemical Sciences,-,-,-,Photocatalytic Properties of Titanium Dioxide Structures,62,94.768,Photocatalytic Innovations in Bismuth Vanadate Applications,5528,99.569,Very Good,2020.0,19.0,N/A,"Fuentes-Camargo, I.| Carrera-Crespo, J.E.| Vazquez-Arenas, J.| Romero-Ibarra, I.| Rodríguez, J.L.| Lartundo-Rojas, L.| Cardoso-Martínez, J.",Consejo Nacional de Ciencia y Tecnologia Mexico| Universidad Autónoma Metropolitana| Instituto Politécnico Nacional,Mexico,0
56013705500,56013705500,Delimiting the boron influence on the adsorptive properties of water and OH radicals on H-terminated Boron Doped Diamond catalysts: A Density Functional Theory analysis,"Jaimes, R.| Vazquez-Arenas, J.| González, I.| Galván, M.",4.0,56986196500| 56013705500| 7102176710| 7006004160,2016.0,2016-11-01,Surface Science,653,-,27-33,-,ISSN-00396028,12284.0,Journal,Elsevier B.V.,English,0.83,38,3.4,24,0.746,20,1.15,55.0,17.0,0.31,9.73,31.0,56.0,0.0,0.0,"Jaimes, R., Vazquez-Arenas, J., González, I. and 1 more (...) (2016).Delimiting the boron influence on the adsorptive properties of water and OH radicals on H-terminated Boron Doped Diamond catalysts: A Density Functional Theory analysis. Surface Science,65327-33",https://www.scopus.com/record/display.url?eid=2-s2.0-84973866283&origin=resultslist,10.1016/j.susc.2016.04.018,Article,,2-s2.0-84973866283,-,Universidad Autónoma Metropolitana,505017,Academic,1.0,60028381,Universidad Autónoma Metropolitana -Unidad Iztapalapa,56986196500,7006004160,56013705500,-,Mexico,1.0,2505| 2508| 3104| 3110,"Materials Chemistry| Surfaces, Coatings and Films| Condensed Matter Physics| Surfaces and Interfaces",4,Natural Sciences,439| 433,Physics & Astronomy| Materials Science,37| 36,Physical Sciences| Engineering,34| 51,Chemical Sciences| Physical Sciences,5108| 5104| 3406,Quantum physics| Condensed matter physics| Physical chemistry,-,Diamond Films and Their Multifaceted Applications,464,66.383,Electrochemical Applications of Boron-Doped Diamond,12094,87.566,Defensible,2016.0,17.0,N/A,"Jaimes, R.| Vazquez-Arenas, J.| González, I.| Galván, M.",Universidad Autónoma Metropolitana,Mexico,0
56013705500,56013705500,"Spatial distribution, mobility and potential health risks of arsenic and lead concentrations in semiarid fine top-soils of Durango City, Mexico","Sosa-Rodríguez, F.S.| Vazquez-Arenas, J.| Peña, P.P.| Escobedo-Bretado, M.A.| Castellanos-Juárez, F.X.| Labastida, I.| Lara, R.H.",7.0,36646751000| 56013705500| 57010949900| 57202633960| 6506523989| 25650180400| 56335217900,2020.0,2020-07-01,Catena,190,-,-,104540,ISSN-03418162,25155.0,Journal,Elsevier B.V.,English,1.68,10,8.1,3,1.44,10,1.59,43.0,16.0,0.58,10.35,29.0,43.0,0.0,0.0,"Sosa-Rodríguez, F.S., Vazquez-Arenas, J., Peña, P.P. and 4 more (...) (2020).Spatial distribution, mobility and potential health risks of arsenic and lead concentrations in semiarid fine top-soils of Durango City, Mexico. Catena,190",https://www.scopus.com/record/display.url?eid=2-s2.0-85081408775&origin=resultslist,10.1016/j.catena.2020.104540,Article,,2-s2.0-85081408775,-,Consejo Nacional de Ciencia y Tecnologia Mexico| Universidad Autónoma Metropolitana| Universidad Juarez del Estado de Durango,704696| 505017| 704853,Academic| Government,3.0,60023193| 60028381| 60027998| 60014403,"Universidad Autónoma Metropolitana - Azcapotzalco| Universidad Autónoma Metropolitana -Unidad Iztapalapa| Secretaría de Ciencia, Humanidades, Tecnología e Innovación| Universidad Juárez del Estado de Durango",36646751000,56335217900,56335217900,-,Mexico,1.0,1904,Earth-Surface Processes,4,Natural Sciences,451| 416| 450,Geophysics| Earth & Marine Sciences| Geology,37,Physical Sciences,41| 37,Environmental Sciences| Earth Sciences,4106| 3707| 3709,Soil sciences| Hydrology| Physical geography and environmental geoscience,SDG 3| SDG 11,Heavy Metal Pollution and Organic Waste Management,615,87.835,Heavy Metal Pollution and Soil Health Risks,301,99.75,Very Good,2020.0,16.0,N/A,"Sosa-Rodríguez, F.S.| Vazquez-Arenas, J.| Peña, P.P.| Escobedo-Bretado, M.A.| Castellanos-Juárez, F.X.| Labastida, I.| Lara, R.H.",Consejo Nacional de Ciencia y Tecnologia Mexico| Universidad Autónoma Metropolitana| Universidad Juarez del Estado de Durango,Mexico,0
56013705500,56013705500, Improving the mechanical performance of green starch/glycerol/Li + conductive films through cross-linking with Ca 2+,"Alvarez-Ramirez, J.| Vazquez-Arenas, J.| García-Hernández, A.| Vernon-Carter, E.J.",4.0,55399527300| 56013705500| 57192004816| 7004260997,2019.0,2019-04-01,Solid State Ionics,332,-,1-9,-,ISSN-01672738,29887.0,Journal,Elsevier B.V.,English,0.94,34,5.2,21,0.84,21,1.46,42.0,15.0,0.41,14.61,31.0,52.0,1.0,0.0,"Alvarez-Ramirez, J., Vazquez-Arenas, J., García-Hernández, A. and 1 more (...) (2019). Improving the mechanical performance of green starch/glycerol/Li + conductive films through cross-linking with Ca 2+. Solid State Ionics,3321-9",https://www.scopus.com/record/display.url?eid=2-s2.0-85059740061&origin=resultslist,10.1016/j.ssi.2019.01.002,Article,,2-s2.0-85059740061,-,Consejo Nacional de Ciencia y Tecnologia Mexico| Universidad Autónoma Metropolitana,704696| 505017,Academic| Government,2.0,60028381| 60027998,"Universidad Autónoma Metropolitana -Unidad Iztapalapa| Secretaría de Ciencia, Humanidades, Tecnología e Innovación",55399527300,7004260997,56013705500,-,Mexico,1.0,1600| 2500| 3104,General Chemistry| General Materials Science| Condensed Matter Physics,4| 2,Natural Sciences| Engineering & Technology,439| 409| 433,Physics & Astronomy| Chemistry| Materials Science,37| 36,Physical Sciences| Engineering,34,Chemical Sciences,3406| 3402,Physical chemistry| Inorganic chemistry,-,Fuel Cells and Polymer Electrolytes,79,97.646,Biopolymer Electrolytes for Enhanced Energy Storage,14545,96.14,Defensible,2019.0,15.0,N/A,"Alvarez-Ramirez, J.| Vazquez-Arenas, J.| García-Hernández, A.| Vernon-Carter, E.J.",Consejo Nacional de Ciencia y Tecnologia Mexico| Universidad Autónoma Metropolitana,Mexico,0
56013705500,56013705500,"Nanocomposite polymer electrolytes based on poly(poly(ethylene glycol)methacrylate), MMT or ZSM-5 formulated with LiTFSI and PYR11TFSI for Li-ion batteries","Cardoso, J.| Mayrén, A.| Romero-Ibarra, I.C.| Nava, D.P.| Vazquez-Arenas, J.",5.0,7201823033| 57190121583| 56013732100| 23978231500| 56013705500,2016.0,2016-01-01,RSC Advances,6,9,7249-7259,-,ISSN-20462069,21100199840.0,Journal,Royal Society of Chemistry,English,0.76,43,4.1,18,0.889,14,1.72,62.0,15.0,0.19,10.69,33.0,63.0,0.0,0.0,"Cardoso, J., Mayrén, A., Romero-Ibarra, I.C. and 2 more (...) (2016).Nanocomposite polymer electrolytes based on poly(poly(ethylene glycol)methacrylate), MMT or ZSM-5 formulated with LiTFSI and PYR11TFSI for Li-ion batteries. RSC Advances,6(9) 7249-7259",https://www.scopus.com/record/display.url?eid=2-s2.0-84977535705&origin=resultslist,10.1039/c5ra20620k,Article,,2-s2.0-84977535705,-,Universidad Autónoma Metropolitana| Instituto Politécnico Nacional,505017| 505011,Academic,2.0,60028381| 60019176,Universidad Autónoma Metropolitana -Unidad Iztapalapa| Instituto Politécnico Nacional,7201823033,56013705500,56013705500,-,Mexico,1.0,1500| 1600,General Chemical Engineering| General Chemistry,4| 2,Natural Sciences| Engineering & Technology,219| 409,Engineering - Chemical| Chemistry,37| 36,Physical Sciences| Engineering,34,Chemical Sciences,-,-,SDG 7,Fuel Cells and Polymer Electrolytes,79,97.646,Ionic Conductivity in Polymer Electrolyte Innovations,392,91.865,Very Good,2016.0,15.0,N/A,"Cardoso, J.| Mayrén, A.| Romero-Ibarra, I.C.| Nava, D.P.| Vazquez-Arenas, J.",Universidad Autónoma Metropolitana| Instituto Politécnico Nacional,Mexico,0
56013705500,56013705500,"Spatial distribution, mobility and bioavailability of arsenic, lead, copper and zinc in low polluted forest ecosystem in North-western Mexico","Roque-Álvarez, I.| Sosa-Rodríguez, F.S.| Vazquez-Arenas, J.| Escobedo-Bretado, M.A.| Labastida, I.| Corral-Rivas, J.J.| Aragón-Piña, A.| Armienta, M.A.| Ponce-Peña, P.| Lara, R.H.",10.0,57203816256| 36646751000| 56013705500| 57202633960| 25650180400| 6504062769| 8697737500| 7003338266| 56507368200| 56335217900,2018.0,2018-11-01,Chemosphere,210,-,320-333,-,ISSN-00456535,24657.0,Journal,Elsevier Ltd,English,1.57,11,7.4,8,1.448,9,1.96,73.0,15.0,0.38,13.23,33.0,53.0,0.0,0.0,"Roque-Álvarez, I., Sosa-Rodríguez, F.S., Vazquez-Arenas, J. and 7 more (...) (2018).Spatial distribution, mobility and bioavailability of arsenic, lead, copper and zinc in low polluted forest ecosystem in North-western Mexico. Chemosphere,210320-333",https://www.scopus.com/record/display.url?eid=2-s2.0-85053024615&origin=resultslist,10.1016/j.chemosphere.2018.07.004,Article,,2-s2.0-85053024615,30005354,Universidad Autónoma Metropolitana| Universidad Juarez del Estado de Durango| Universidad Autonoma de San Luis Potosi| Instituto Politécnico Nacional| Universidad Nacional Autónoma de México,505017| 704853| 505014| 505011| 505023,Academic,5.0,60014403| 60023193| 60019176| 60031335| 60032442,Universidad Juárez del Estado de Durango| Universidad Autónoma Metropolitana - Azcapotzalco| Instituto Politécnico Nacional| Universidad Autónoma de San Luis Potosí| Universidad Nacional Autónoma de México,57203816256,56335217900,56335217900,-,Mexico,1.0,1600| 2304| 2305| 2307| 2310| 2739,"General Chemistry| Environmental Chemistry| Environmental Engineering| Health, Toxicology and Mutagenesis| Pollution| Public Health, Environmental and Occupational Health",4| 3| 5| 2,Natural Sciences| Social Sciences & Management| Life Sciences & Medicine| Engineering & Technology,424| 409| 249| 532,Environmental Sciences| Chemistry| Engineering - Petroleum| Medicine,37| 34,Physical Sciences| Medical and Health,MD,Multidisciplinary,MD,Multidisciplinary,-,Heavy Metal Pollution and Organic Waste Management,615,87.835,Heavy Metal Bioaccumulation and Pollution Monitoring,22070,74.431,Defensible,2018.0,15.0,N/A,"Roque-Álvarez, I.| Sosa-Rodríguez, F.S.| Vazquez-Arenas, J.| Escobedo-Bretado, M.A.| Labastida, I.| Corral-Rivas, J.J.| Aragón-Piña, A.| Armienta, M.A.| Ponce-Peña, P.| Lara, R.H.",Universidad Autónoma Metropolitana| Universidad Juarez del Estado de Durango| Universidad Autonoma de San Luis Potosi| Instituto Politécnico Nacional| Universidad Nacional Autónoma de México,Mexico,0
56013705500,56013705500,A multi-scale model of the oxygen reduction reaction on highly active graphene nanosheets in alkaline conditions,"Vazquez-Arenas, J.| Ramos-Sanchez, G.| Franco, A.A.",3.0,56013705500| 56013733500| 57198188522,2016.0,2016-10-01,Journal of Power Sources,328,-,492-502,-,ISSN-03787753,18063.0,Journal,Elsevier B.V.,English,1.55,11,11.6,2,1.944,4,2.07,58.0,14.0,0.79,11.39,35.0,35.0,0.0,0.0,"Vazquez-Arenas, J., Ramos-Sanchez, G., Franco, A.A. (2016).A multi-scale model of the oxygen reduction reaction on highly active graphene nanosheets in alkaline conditions. Journal of Power Sources,328492-502",https://www.scopus.com/record/display.url?eid=2-s2.0-84982156113&origin=resultslist,10.1016/j.jpowsour.2016.08.003,Article,,2-s2.0-84982156113,-,Universidad Autónoma Metropolitana| CNRS| Université de Picardie Jules Verne,505017| 314004| 314061,Government| Academic,3.0,60028381| 60264759| 60008134| 60016097| 116666793,Universidad Autónoma Metropolitana -Unidad Iztapalapa| Laboratoire de Réactivité et Chimie des Solides (LRCS)| CNRS Centre National de la Recherche Scientifique| Université de Picardie Jules Verne| CONACYT Research Fellow,56013705500,57198188522,56013705500,-,Mexico| France,2.0,1606| 2102| 2105| 2208,"Physical and Theoretical Chemistry| Energy Engineering and Power Technology| Renewable Energy, Sustainability and the Environment| Electrical and Electronic Engineering",4| 2,Natural Sciences| Engineering & Technology,409| 249| 221,Chemistry| Engineering - Petroleum| Engineering - Electrical & Electronic,37| 36,Physical Sciences| Engineering,40| 34,Engineering| Chemical Sciences,-,-,SDG 7,Graphene-Based Nanocomposites for Enhanced Properties,653,93.46,Graphene Nanocomposites and Their Multifaceted Applications,66,99.466,Weak,2016.0,14.0,N/A,"Vazquez-Arenas, J.| Ramos-Sanchez, G.| Franco, A.A.",Universidad Autónoma Metropolitana| CNRS| Université de Picardie Jules Verne,Mexico| France,0
56013705500,56013705500,Polymer electrolytes through functionalization of poly (poly (ethylene glycol) methacrylate) with zwitterionic pendant groups: The role of ion clusters upon conductivity,"Guzmán, G.| Nava, D.| Vazquez-Arenas, J.| Cardoso, J.| Alvarez-Ramirez, J.",5.0,57189004847| 23978231500| 56013705500| 7201823033| 55399527300,2018.0,2018-07-01,Solid State Ionics,320,-,45-54,-,ISSN-01672738,29887.0,Journal,Elsevier B.V.,English,0.98,32,4.6,23,0.813,22,2.28,67.0,12.0,0.58,13.78,38.0,43.0,0.0,0.0,"Guzmán, G., Nava, D., Vazquez-Arenas, J. and 2 more (...) (2018).Polymer electrolytes through functionalization of poly (poly (ethylene glycol) methacrylate) with zwitterionic pendant groups: The role of ion clusters upon conductivity. Solid State Ionics,32045-54",https://www.scopus.com/record/display.url?eid=2-s2.0-85042402625&origin=resultslist,10.1016/j.ssi.2018.02.031,Article,,2-s2.0-85042402625,-,Universidad Autónoma Metropolitana| Universidad Autonoma de San Luis Potosi| Instituto Politécnico Nacional,505017| 505014| 505011,Academic,3.0,60028381| 60031335| 60019176,Universidad Autónoma Metropolitana -Unidad Iztapalapa| Universidad Autónoma de San Luis Potosí| Instituto Politécnico Nacional,57189004847,55399527300,56013705500,-,Mexico,1.0,1600| 2500| 3104,General Chemistry| General Materials Science| Condensed Matter Physics,2| 4,Engineering & Technology| Natural Sciences,409| 439| 433,Chemistry| Physics & Astronomy| Materials Science,37| 36,Physical Sciences| Engineering,34,Chemical Sciences,3406| 3402,Physical chemistry| Inorganic chemistry,-,Fuel Cells and Polymer Electrolytes,79,97.646,Ionic Conductivity in Polymer Electrolyte Innovations,392,91.865,Definitive,2018.0,12.0,N/A,"Guzmán, G.| Nava, D.| Vazquez-Arenas, J.| Cardoso, J.| Alvarez-Ramirez, J.",Universidad Autónoma Metropolitana| Universidad Autonoma de San Luis Potosi| Instituto Politécnico Nacional,Mexico,0
56013705500,56013705500,Revisiting tractable strategies to determine the activity/inactivity of electrocatalysts towards O2/•OH production,"García-Osorio, D.A.| Vazquez-Arenas, J.| Jaimes, R.",3.0,56328496400| 56013705500| 56986196500,2018.0,2018-01-01,Journal of the Electrochemical Society,165,15,J3101-J3108,-,ISSN-00134651,25169.0,Journal,Electrochemical Society Inc.,English,0.93,34,6.2,11,1.138,10,0.4,19.0,12.0,0.31,12.84,38.0,57.0,0.0,0.0,"García-Osorio, D.A., Vazquez-Arenas, J., Jaimes, R. (2018).Revisiting tractable strategies to determine the activity/inactivity of electrocatalysts towards O2/•OH production. Journal of the Electrochemical Society,165(15) J3101-J3108",https://www.scopus.com/record/display.url?eid=2-s2.0-85067606954&origin=resultslist,10.1149/2.0151815jes,Article,Hybrid gold,2-s2.0-85067606954,-,Consejo Nacional de Ciencia y Tecnologia Mexico| Universidad Autónoma Metropolitana,704696| 505017,Academic| Government,2.0,60028381| 60027998,"Universidad Autónoma Metropolitana -Unidad Iztapalapa| Secretaría de Ciencia, Humanidades, Tecnología e Innovación",56328496400,56986196500,56013705500,-,Mexico,1.0,1603| 2105| 2504| 2505| 2508| 3104,"Electrochemistry| Renewable Energy, Sustainability and the Environment| Electronic, Optical and Magnetic Materials| Materials Chemistry| Surfaces, Coatings and Films| Condensed Matter Physics",2| 4,Engineering & Technology| Natural Sciences,433| 409| 439| 221,Materials Science| Chemistry| Physics & Astronomy| Engineering - Electrical & Electronic,36| 37,Engineering| Physical Sciences,40| 34,Engineering| Chemical Sciences,3406| 4016,Physical chemistry| Materials engineering,-,Innovative Approaches in Wastewater Treatment Technologies,433,93.264,Electrochemical Techniques for Wastewater Degradation,336,99.825,Very Good,2018.0,12.0,N/A,"García-Osorio, D.A.| Vazquez-Arenas, J.| Jaimes, R.",Consejo Nacional de Ciencia y Tecnologia Mexico| Universidad Autónoma Metropolitana,Mexico,0
56013705500,56013705500,"Concomitant abatement of ciprofloxacin, sulfamethoxazole and cefadroxil in synthetic wastewater using hybrid photoelectrochemical ozonation driven on TiO2 containing C, N and P species","Palomares-Reyna, D.| Sosa-Rodríguez, F.S.| Goyes, R.E.P.| Fuentes-Camargo, I.| Elizalde, I.| Ramírez-López, M.| Lartundo-Rojas, L.| Vazquez-Arenas, J.",8.0,57477075000| 36646751000| 58474978700| 57214729074| 57193363830| 56013720700| 57455354200| 56013705500,2022.0,2022-11-01,Journal of Hazardous Materials Advances,8,-,-,100179,ISSN-27724166,21101162816.0,Journal,Elsevier B.V.,English,0.54,61,-,-,-,-,0.71,24.0,12.0,0.41,19.66,26.0,54.0,0.0,0.0,"Palomares-Reyna, D., Sosa-Rodríguez, F.S., Goyes, R.E.P. and 5 more (...) (2022).Concomitant abatement of ciprofloxacin, sulfamethoxazole and cefadroxil in synthetic wastewater using hybrid photoelectrochemical ozonation driven on TiO2 containing C, N and P species. Journal of Hazardous Materials Advances,8",https://www.scopus.com/record/display.url?eid=2-s2.0-85160720333&origin=resultslist,10.1016/j.hazadv.2022.100179,Article,Gold,2-s2.0-85160720333,-,Universidad Autónoma Metropolitana| Instituto Politécnico Nacional| Universidad del Valle,505017| 505011| 604003,Academic,3.0,60019176| 60023193| 60014923| 60066812| 105605023,"Instituto Politécnico Nacional| Universidad Autónoma Metropolitana - Azcapotzalco| Universidad Autónoma Metropolitana| Universidad del Valle, Cali| ESIQIE–Instituto Politécnico Nacional",57477075000,56013705500,56013705500,-,Mexico| Colombia,2.0,2304| 2305| 2307| 2310| 2311,"Environmental Chemistry| Environmental Engineering| Health, Toxicology and Mutagenesis| Pollution| Waste Management and Disposal",5| 4| 2| 3,Life Sciences & Medicine| Natural Sciences| Engineering & Technology| Social Sciences & Management,424| 249,Environmental Sciences| Engineering - Petroleum,37| 34,Physical Sciences| Medical and Health,-,-,-,-,SDG 6,Photocatalytic Properties of Titanium Dioxide Structures,62,94.768,Photocatalytic Innovations in Titanium Dioxide Applications,47,98.985,Defensible,2022.0,12.0,N/A,"Palomares-Reyna, D.| Sosa-Rodríguez, F.S.| Goyes, R.E.P.| Fuentes-Camargo, I.| Elizalde, I.| Ramírez-López, M.| Lartundo-Rojas, L.| Vazquez-Arenas, J.",Universidad Autónoma Metropolitana| Instituto Politécnico Nacional| Universidad del Valle,Mexico| Colombia,0
56013705500,56013705500,Zinc oxide-co-sodium zirconate: A fast heterogeneous catalyst for biodiesel production from soybean oil,"Rodríguez-Ramírez, R.| Sosa-Rodríguez, F.S.| Vazquez-Arenas, J.",3.0,57218136523| 36646751000| 56013705500,2022.0,2022-08-01,Journal of Environmental Chemical Engineering,10,4,-,108191,ISSN-22133437,21100255493.0,Journal,Elsevier Ltd,English,1.25,20,9.5,13,1.198,12,0.62,17.0,12.0,0.71,15.39,26.0,39.0,0.0,0.0,"Rodríguez-Ramírez, R., Sosa-Rodríguez, F.S., Vazquez-Arenas, J. (2022).Zinc oxide-co-sodium zirconate: A fast heterogeneous catalyst for biodiesel production from soybean oil. Journal of Environmental Chemical Engineering,10(4) ",https://www.scopus.com/record/display.url?eid=2-s2.0-85134428314&origin=resultslist,10.1016/j.jece.2022.108191,Article,,2-s2.0-85134428314,-,Universidad Autónoma Metropolitana| Instituto Politécnico Nacional,505017| 505011,Academic,2.0,60019176| 60014923| 60023193| 120273117,Instituto Politécnico Nacional| Universidad Autónoma Metropolitana| Universidad Autónoma Metropolitana - Azcapotzalco| Laboratorio Nacional de Desarrollo y Aseguramiento de la Calidad de Biocombustibles (LaNDACBio),57218136523,56013705500,56013705500,-,Mexico,1.0,1501| 1508| 2310| 2311,Chemical Engineering (miscellaneous)| Process Chemistry and Technology| Pollution| Waste Management and Disposal,3| 2,Social Sciences & Management| Engineering & Technology,424| 249| 219,Environmental Sciences| Engineering - Petroleum| Engineering - Chemical,37| 36,Physical Sciences| Engineering,40| 34,Engineering| Chemical Sciences,4011| 3406| 4004,Environmental engineering| Physical chemistry| Chemical engineering,SDG 7,Biodiesel Production and Environmental Impacts,406,89.928,Catalytic Advances in Biodiesel Production Processes,1085,99.695,Definitive,2022.0,12.0,N/A,"Rodríguez-Ramírez, R.| Sosa-Rodríguez, F.S.| Vazquez-Arenas, J.",Universidad Autónoma Metropolitana| Instituto Politécnico Nacional,Mexico,0
56013705500,56013705500,Green and fast biodiesel production at room temperature using soybean and Jatropha curcas L. oils catalyzed by potassium ferrate,"Gutiérrez-López, A.N.| Mena-Cervantes, V.Y.| González-Espinosa, M.A.| Sosa-Rodríguez, F.S.| Vazquez-Arenas, J.| Rodríguez-Ramírez, R.| Hernández-Altamirano, R.",7.0,57220577598| 56013624700| 6602860889| 36646751000| 56013705500| 57218136523| 57203148814,2022.0,2022-10-20,Journal of Cleaner Production,372,-,-,133739,ISSN-09596526,19167.0,Journal,Elsevier Ltd,English,2.32,4,18.5,1,1.981,6,0.95,37.0,11.0,0.54,18.63,28.0,47.0,0.0,0.0,"Gutiérrez-López, A.N., Mena-Cervantes, V.Y., González-Espinosa, M.A. and 4 more (...) (2022).Green and fast biodiesel production at room temperature using soybean and Jatropha curcas L. oils catalyzed by potassium ferrate. Journal of Cleaner Production,372",https://www.scopus.com/record/display.url?eid=2-s2.0-85137099538&origin=resultslist,10.1016/j.jclepro.2022.133739,Article,,2-s2.0-85137099538,-,Universidad Autónoma Metropolitana| Instituto Politécnico Nacional,505017| 505011,Academic,2.0,60019176| 60014923| 60023193,Instituto Politécnico Nacional| Universidad Autónoma Metropolitana| Universidad Autónoma Metropolitana - Azcapotzalco,57220577598,57203148814,56013705500| 57203148814,-,Mexico,1.0,1408| 2105| 2209| 2300,"Strategy and Management| Renewable Energy, Sustainability and the Environment| Industrial and Manufacturing Engineering| General Environmental Science",2| 3,Engineering & Technology| Social Sciences & Management,424| 308| 222| 221,Environmental Sciences| Business & Management Studies| Engineering - Mechanical| Engineering - Electrical & Electronic,35| 37| 36,Business and Economics| Physical Sciences| Engineering,40| 33,Engineering| Built Environment And Design,-,-,SDG 7,Biodiesel Production and Environmental Impacts,406,89.928,Catalytic Advances in Biodiesel Production Processes,1085,99.695,Very Good,2022.0,11.0,N/A,"Gutiérrez-López, A.N.| Mena-Cervantes, V.Y.| González-Espinosa, M.A.| Sosa-Rodríguez, F.S.| Vazquez-Arenas, J.| Rodríguez-Ramírez, R.| Hernández-Altamirano, R.",Universidad Autónoma Metropolitana| Instituto Politécnico Nacional,Mexico,0
56013705500,56013705500,A nonlinear Cole-Cole model for large-amplitude electrochemical impedance spectroscopy,"Hernandez-Jaimes, C.| Vazquez-Arenas, J.| Vernon-Carter, J.| Alvarez-Ramirez, J.",4.0,55327395000| 56013705500| 7004260997| 55399527300,2015.0,2015-12-01,Chemical Engineering Science,137,-,1-8,-,ISSN-00092509,16413.0,Journal,Elsevier Ltd,English,1.57,11,5,6,1.022,11,1.56,51.0,11.0,0.44,9.05,40.0,48.0,0.0,0.0,"Hernandez-Jaimes, C., Vazquez-Arenas, J., Vernon-Carter, J. and 1 more (...) (2015).A nonlinear Cole-Cole model for large-amplitude electrochemical impedance spectroscopy. Chemical Engineering Science,1371-8",https://www.scopus.com/record/display.url?eid=2-s2.0-84934966342&origin=resultslist,10.1016/j.ces.2015.06.015,Article,,2-s2.0-84934966342,-,Universidad Autónoma Metropolitana| Universidad Autonoma Chapingo,505017| 505047,Academic,2.0,60010597| 60028381,Universidad Autónoma Chapingo| Universidad Autónoma Metropolitana -Unidad Iztapalapa,55327395000,55399527300,55399527300,-,Mexico,1.0,1500| 1600| 2209,General Chemical Engineering| General Chemistry| Industrial and Manufacturing Engineering,4| 2,Natural Sciences| Engineering & Technology,409| 219| 222,Chemistry| Engineering - Chemical| Engineering - Mechanical,36| 37,Engineering| Physical Sciences,40,Engineering,4004,Chemical engineering,-,Battery Management and Performance,927,97.188,Electrochemical Impedance Spectroscopy in Corrosion Studies,26016,75.34,Very Good,2015.0,11.0,N/A,"Hernandez-Jaimes, C.| Vazquez-Arenas, J.| Vernon-Carter, J.| Alvarez-Ramirez, J.",Universidad Autónoma Metropolitana| Universidad Autonoma Chapingo,Mexico,0
56013705500,56013705500,Establishing the Relationship between Quantum Capacitance and Softness of N-Doped Graphene/Electrolyte Interfaces within the Density Functional Theory Grand Canonical Kohn-Sham Formalism,"Ochoa-Calle, A.| Guevara-Garciá, A.| Vazquez-Arenas, J.| González, I.| Galván, M.",5.0,55620240200| 8615638400| 56013705500| 7102176710| 7006004160,2020.0,2020-01-23,Journal of Physical Chemistry A,124,3,573-581,-,ISSN-10895639,26969.0,Journal,American Chemical Society,English,0.91,37,4.5,37,0.756,30,1.66,43.0,11.0,0.49,12.33,38.0,47.0,0.0,0.0,"Ochoa-Calle, A., Guevara-Garciá, A., Vazquez-Arenas, J. and 2 more (...) (2020).Establishing the Relationship between Quantum Capacitance and Softness of N-Doped Graphene/Electrolyte Interfaces within the Density Functional Theory Grand Canonical Kohn-Sham Formalism. Journal of Physical Chemistry A,124(3) 573-581",https://www.scopus.com/record/display.url?eid=2-s2.0-85078293040&origin=resultslist,10.1021/acs.jpca.9b10885,Article,,2-s2.0-85078293040,31876420,Consejo Nacional de Ciencia y Tecnologia Mexico| Universidad Autónoma Metropolitana,704696| 505017,Academic| Government,2.0,60028381| 60027998,"Universidad Autónoma Metropolitana -Unidad Iztapalapa| Secretaría de Ciencia, Humanidades, Tecnología e Innovación",55620240200,7006004160,7006004160,-,Mexico,1.0,1606,Physical and Theoretical Chemistry,2| 4,Engineering & Technology| Natural Sciences,409| 249,Chemistry| Engineering - Petroleum,37,Physical Sciences,51| 34,Physical Sciences| Chemical Sciences,3407| 3406| 5102,"Theoretical and computational chemistry| Physical chemistry| Atomic, molecular and optical physics",-,Quantum Chemistry and Molecular Interaction Insights,8,83.453,Conceptual Framework of Chemical Reactivity and Electronegativity,4614,87.536,Very Good,2020.0,11.0,N/A,"Ochoa-Calle, A.| Guevara-Garciá, A.| Vazquez-Arenas, J.| González, I.| Galván, M.",Consejo Nacional de Ciencia y Tecnologia Mexico| Universidad Autónoma Metropolitana,Mexico,0
56013705500,56013705500,Determination of active sites on Na2SiO3 and Li2SiO3 catalysts for methanol dissociation and methoxide stabilization concerning biodiesel production,"Cuautli, C.| Romero-Ibarra, I.| Vazquez-Arenas, J.| Galvan, M.",4.0,56538706300| 56013732100| 56013705500| 7006004160,2021.0,2021-08-15,Fuel,298,-,-,120840,ISSN-00162361,16313.0,Journal,Elsevier Ltd,English,1.85,8,11.2,5,1.514,6,1.3,38.0,10.0,0.55,14.47,36.0,45.0,0.0,0.0,"Cuautli, C., Romero-Ibarra, I., Vazquez-Arenas, J. and 1 more (...) (2021).Determination of active sites on Na2SiO3 and Li2SiO3 catalysts for methanol dissociation and methoxide stabilization concerning biodiesel production. Fuel,298",https://www.scopus.com/record/display.url?eid=2-s2.0-85104464091&origin=resultslist,10.1016/j.fuel.2021.120840,Article,,2-s2.0-85104464091,-,Consejo Nacional de Ciencia y Tecnologia Mexico| Universidad Autónoma Metropolitana| Instituto Politécnico Nacional,704696| 505017| 505011,Academic| Government,3.0,60019176| 60028381| 60027998,"Instituto Politécnico Nacional| Universidad Autónoma Metropolitana -Unidad Iztapalapa| Secretaría de Ciencia, Humanidades, Tecnología e Innovación",56538706300,7006004160,56013732100,-,Mexico,1.0,1500| 1605| 2102| 2103,General Chemical Engineering| Organic Chemistry| Energy Engineering and Power Technology| Fuel Technology,2| 4,Engineering & Technology| Natural Sciences,409| 221| 249| 219,Chemistry| Engineering - Electrical & Electronic| Engineering - Petroleum| Engineering - Chemical,36| 37,Engineering| Physical Sciences,40,Engineering,4019| 4004| 4012,Resources engineering and extractive metallurgy| Chemical engineering| Fluid mechanics and thermal engineering,SDG 7,Biodiesel Production and Environmental Impacts,406,89.928,Catalytic Advances in Biodiesel Production Processes,1085,99.695,Very Good,2021.0,10.0,N/A,"Cuautli, C.| Romero-Ibarra, I.| Vazquez-Arenas, J.| Galvan, M.",Consejo Nacional de Ciencia y Tecnologia Mexico| Universidad Autónoma Metropolitana| Instituto Politécnico Nacional,Mexico,0
56013705500,56013705500,Assessment of biofilm changes and concentration-depth profiles during arsenopyrite oxidation by Acidithiobacillus thiooxidans,"Ramírez-Aldaba, H.| Vazquez-Arenas, J.| Sosa-Rodríguez, F.S.| Valdez-Pérez, D.| Ruiz-Baca, E.| García-Meza, J.V.| Trejo-Córdova, G.| Lara, R.H.",8.0,57191409123| 56013705500| 36646751000| 35747238900| 56000926400| 6508260147| 6603463615| 56335217900,2017.0,2017-08-01,Environmental Science and Pollution Research,24,24,20082-20092,-,ISSN-09441344,23918.0,Journal,Springer Verlag,English,0.98,30,4.2,25,0.858,27,1.12,43.0,10.0,0.44,13.6,42.0,50.0,0.0,0.0,"Ramírez-Aldaba, H., Vazquez-Arenas, J., Sosa-Rodríguez, F.S. and 5 more (...) (2017).Assessment of biofilm changes and concentration-depth profiles during arsenopyrite oxidation by Acidithiobacillus thiooxidans. Environmental Science and Pollution Research,24(24) 20082-20092",https://www.scopus.com/record/display.url?eid=2-s2.0-85023163477&origin=resultslist,10.1007/s11356-017-9619-8,Article,,2-s2.0-85023163477,28702905,Universidad Autónoma Metropolitana| Universidad Juarez del Estado de Durango| Universidad Autonoma de San Luis Potosi| Centro de Investigacion y Desarrollo Tecnologico en Electroquimica| Instituto Politécnico Nacional,505017| 704853| 505014| 703032| 505011,Academic,5.0,60014403| 60019176| 60023193| 60031335| 60084247,Universidad Juárez del Estado de Durango| Instituto Politécnico Nacional| Universidad Autónoma Metropolitana - Azcapotzalco| Universidad Autónoma de San Luis Potosí| Centro de Investigación y Desarrollo Tecnológico en Electroquímica S.C.,57191409123,56335217900,56335217900,-,Mexico,1.0,2304| 2307| 2310,"Environmental Chemistry| Health, Toxicology and Mutagenesis| Pollution",5| 3| 4| 2,Life Sciences & Medicine| Social Sciences & Management| Natural Sciences| Engineering & Technology,249| 424,Engineering - Petroleum| Environmental Sciences,37| 34,Physical Sciences| Medical and Health,MD,Multidisciplinary,MD,Multidisciplinary,-,Innovative Approaches to Metal Recovery and Bioleaching,1133,44.212,Bioleaching Mechanisms and Microbial Interactions in Mining,746,95.784,Very Good,2017.0,10.0,N/A,"Ramírez-Aldaba, H.| Vazquez-Arenas, J.| Sosa-Rodríguez, F.S.| Valdez-Pérez, D.| Ruiz-Baca, E.| García-Meza, J.V.| Trejo-Córdova, G.| Lara, R.H.",Universidad Autónoma Metropolitana| Universidad Juarez del Estado de Durango| Universidad Autonoma de San Luis Potosi| Centro de Investigacion y Desarrollo Tecnologico en Electroquimica| Instituto Politécnico Nacional,Mexico,0
56013705500,56013705500,The Influence of Ni(II) and Co(II) Adsorptions in the Anomalous Behavior of Co-Ni Alloys: Density Functional Theory and Experimental Studies,"Vazquez-Arenas, J.| Ramos-Sanchez, G.| Lara, R.H.| Romero-Ibarra, I.| Almazan, M.E.F.| Lartundo-Rojas, L.",6.0,56013705500| 56013733500| 56335217900| 56013732100| 57200625471| 57455354200,2017.0,2017-02-13,ChemistrySelect,2,5,1826-1834,-,ISSN-23656549,21100850505.0,Journal,Wiley-Blackwell,English,0.4,70,0.9,71,0.445,42,0.67,27.0,10.0,0.48,14.58,42.0,48.0,0.0,0.0,"Vazquez-Arenas, J., Ramos-Sanchez, G., Lara, R.H. and 3 more (...) (2017).The Influence of Ni(II) and Co(II) Adsorptions in the Anomalous Behavior of Co-Ni Alloys: Density Functional Theory and Experimental Studies. ChemistrySelect,2(5) 1826-1834",https://www.scopus.com/record/display.url?eid=2-s2.0-85041943768&origin=resultslist,10.1002/slct.201601957,Article,,2-s2.0-85041943768,-,Universidad Autónoma Metropolitana| Universidad Juarez del Estado de Durango| Instituto Politécnico Nacional,505017| 704853| 505011,Academic,3.0,60028381| 60014403| 60019176,Universidad Autónoma Metropolitana -Unidad Iztapalapa| Universidad Juárez del Estado de Durango| Instituto Politécnico Nacional,56013705500,57455354200,56013705500,-,Mexico,1.0,1600,General Chemistry,4,Natural Sciences,409,Chemistry,37,Physical Sciences,34,Chemical Sciences,-,-,-,Electrodeposition Techniques for Enhanced Coating Properties,1019,29.627,Electrodeposition Techniques for Nanocrystalline Alloy Coatings,13672,74.39,Very Good,2017.0,10.0,N/A,"Vazquez-Arenas, J.| Ramos-Sanchez, G.| Lara, R.H.| Romero-Ibarra, I.| Almazan, M.E.F.| Lartundo-Rojas, L.",Universidad Autónoma Metropolitana| Universidad Juarez del Estado de Durango| Instituto Politécnico Nacional,Mexico,0
56013705500,56013705500,"Sphalerite oxidation simulating acidic, circumneutral and alkaline conditions to account for weathering behavior and Zn release","Sosa-Rodríguez, F.S.| Vazquez-Arenas, J.| Ponce-Peña, P.| Aragón-Piña, A.| Mallet, M.| Trejo-Córdova, G.| Núñez-Ramirez, D.M.| Escobedo-Bretado, M.A.| Lara, R.H.",9.0,36646751000| 56013705500| 56507368200| 8697737500| 55313108300| 57771445500| 54585907300| 57202633960| 56335217900,2023.0,2023-04-01,Journal of Geochemical Exploration,247,-,-,107163,ISSN-03756742,23222.0,Journal,Elsevier B.V.,English,1.22,18,7.4,14,0.825,33,1.86,25.0,10.0,1.2,8.34,23.0,24.0,0.0,0.0,"Sosa-Rodríguez, F.S., Vazquez-Arenas, J., Ponce-Peña, P. and 6 more (...) (2023).Sphalerite oxidation simulating acidic, circumneutral and alkaline conditions to account for weathering behavior and Zn release. Journal of Geochemical Exploration,247",https://www.scopus.com/record/display.url?eid=2-s2.0-85148036260&origin=resultslist,10.1016/j.gexplo.2023.107163,Article,,2-s2.0-85148036260,-,Universidad Autónoma Metropolitana| Universidad Autonoma de San Luis Potosi| Universidad Juarez del Estado de Durango| CNRS| Centro de Investigacion y Desarrollo Tecnologico en Electroquimica| Instituto Politécnico Nacional| Université de Lorraine,505017| 505014| 704853| 314004| 703032| 505011| 702747,Academic| Government,7.0,60014923| 60019176| 60014403| 60031335| 60008134| 60104289| 60084247,Universidad Autónoma Metropolitana| Instituto Politécnico Nacional| Universidad Juárez del Estado de Durango| Universidad Autónoma de San Luis Potosí| CNRS Centre National de la Recherche Scientifique| Université de Lorraine| Centro de Investigación y Desarrollo Tecnológico en Electroquímica S.C.,36646751000,56335217900,56335217900,-,Mexico| France,2.0,1905| 1906,Economic Geology| Geochemistry and Petrology,2| 4,Engineering & Technology| Natural Sciences,416| 450| 247| 249,Earth & Marine Sciences| Geology| Engineering - Mineral & Mining| Engineering - Petroleum,37,Physical Sciences,37,Earth Sciences,3703| 3705,Geochemistry| Geology,-,Innovative Approaches to Metal Recovery and Bioleaching,1133,44.212,Innovative Leaching Processes for Zinc Recovery,36908,61.774,Definitive,2023.0,10.0,N/A,"Sosa-Rodríguez, F.S.| Vazquez-Arenas, J.| Ponce-Peña, P.| Aragón-Piña, A.| Mallet, M.| Trejo-Córdova, G.| Núñez-Ramirez, D.M.| Escobedo-Bretado, M.A.| Lara, R.H.",Universidad Autónoma Metropolitana| Universidad Autonoma de San Luis Potosi| Universidad Juarez del Estado de Durango| CNRS| Centro de Investigacion y Desarrollo Tecnologico en Electroquimica| Instituto Politécnico Nacional| Université de Lorraine,Mexico| France,0
56013705500,56013705500,Simplified electrochemical model to account for different active/inactive cathode compositions in Li-ion batteries,"Santos-Mendoza, I.O.| Henquín, E.R.| Vazquez-Arenas, J.| Aguirre, P.A.",4.0,55775264400| 10242870700| 56013705500| 7007050170,2020.0,2020-10-01,Journal of Energy Storage,31,-,-,101579,ISSN-2352152X,21100400826.0,Journal,Elsevier Ltd,English,1.5,13,6,19,1.088,14,2.31,63.0,9.0,0.36,16.68,42.0,54.0,0.0,0.0,"Santos-Mendoza, I.O., Henquín, E.R., Vazquez-Arenas, J. and 1 more (...) (2020).Simplified electrochemical model to account for different active/inactive cathode compositions in Li-ion batteries. Journal of Energy Storage,31",https://www.scopus.com/record/display.url?eid=2-s2.0-85086065072&origin=resultslist,10.1016/j.est.2020.101579,Article,,2-s2.0-85086065072,-,Consejo Nacional de Investigaciones Científicas y Técnicas| Consejo Nacional de Ciencia y Tecnologia Mexico| Universidad Tecnológica Nacional| Universidad Autónoma Metropolitana,601002| 704696| 601027| 505017,Government| Academic,4.0,60028381| 60004518| 60029679| 60027998,"Universidad Autónoma Metropolitana -Unidad Iztapalapa| Consejo Nacional de Investigaciones Científicas y Técnicas| Instituto de Desarrollo y Diseño| Secretaría de Ciencia, Humanidades, Tecnología e Innovación",55775264400,7007050170,56013705500,-,Mexico| Argentina,2.0,2102| 2105| 2208,"Energy Engineering and Power Technology| Renewable Energy, Sustainability and the Environment| Electrical and Electronic Engineering",2,Engineering & Technology,221| 249,Engineering - Electrical & Electronic| Engineering - Petroleum,36,Engineering,40,Engineering,-,-,SDG 7,Battery Management and Performance,927,97.188,Modeling and Performance of Lithium-Ion Batteries,11922,98.083,Very Good,2020.0,9.0,N/A,"Santos-Mendoza, I.O.| Henquín, E.R.| Vazquez-Arenas, J.| Aguirre, P.A.",Consejo Nacional de Investigaciones Científicas y Técnicas| Consejo Nacional de Ciencia y Tecnologia Mexico| Universidad Tecnológica Nacional| Universidad Autónoma Metropolitana,Mexico| Argentina,0
56013705500,56013705500,Improvement of transport phenomena and COD removal through the design of manifolds in membrane aerated biofilm reactors for sewage treatment,"Plascencia-Jatomea, R.| Almazán-Ruiz, F.J.| Vazquez-Arenas, J.| Villa-Lerma, A.G.| Rivera, F.F.| Monroy, O.",6.0,56790004700| 55260158400| 56013705500| 32868199900| 57215633068| 6701714983,2020.0,2020-10-01,Journal of Environmental Chemical Engineering,8,5,-,104298,ISSN-22133437,21100255493.0,Journal,Elsevier Ltd,English,1.31,19,7.5,13,0.965,15,1.22,45.0,9.0,0.12,17.0,42.0,72.0,0.0,0.0,"Plascencia-Jatomea, R., Almazán-Ruiz, F.J., Vazquez-Arenas, J. and 3 more (...) (2020).Improvement of transport phenomena and COD removal through the design of manifolds in membrane aerated biofilm reactors for sewage treatment. Journal of Environmental Chemical Engineering,8(5) ",https://www.scopus.com/record/display.url?eid=2-s2.0-85090125974&origin=resultslist,10.1016/j.jece.2020.104298,Article,,2-s2.0-85090125974,-,Instituto Tecnológico de Sonora| Universidad Autónoma Metropolitana| Universidad Nacional Autónoma de México,714294| 505017| 505023,Academic,3.0,60002064| 60032442| 60028381| 101734145,Instituto Tecnológico de Sonora| Universidad Nacional Autónoma de México| Universidad Autónoma Metropolitana -Unidad Iztapalapa| Center of Research and Technological Development in Electrochemistry,56790004700,6701714983,6701714983,-,Mexico,1.0,1501| 1508| 2310| 2311,Chemical Engineering (miscellaneous)| Process Chemistry and Technology| Pollution| Waste Management and Disposal,3| 2,Social Sciences & Management| Engineering & Technology,424| 249| 219,Environmental Sciences| Engineering - Petroleum| Engineering - Chemical,37| 36,Physical Sciences| Engineering,40| 34,Engineering| Chemical Sciences,3406| 4004| 4011,Physical chemistry| Chemical engineering| Environmental engineering,SDG 6,Microbial Innovations in Wastewater Nitrogen Removal,627,88.293,Membrane Bioreactors for Enhanced Wastewater Treatment,44649,88.757,Very Good,2020.0,9.0,N/A,"Plascencia-Jatomea, R.| Almazán-Ruiz, F.J.| Vazquez-Arenas, J.| Villa-Lerma, A.G.| Rivera, F.F.| Monroy, O.",Instituto Tecnológico de Sonora| Universidad Autónoma Metropolitana| Universidad Nacional Autónoma de México,Mexico,0
56013705500,56013705500,Microwave-Assisted Solvothermal One-Pot Synthesis of RuO2 Nanoparticles: First Insights of Its Activity Towards Oxygen and Chlorine Evolution Reactions,"Palma-Goyes, R.E.| Vazquez-Arenas, J.| Romero-Ibarra, I.C.| Ostos, C.",4.0,36633077700| 56013705500| 56013732100| 24559580800,2018.0,2018-12-06,ChemistrySelect,3,45,12937-12945,-,ISSN-23656549,21100850505.0,Journal,Wiley-Blackwell,English,0.44,69,1.7,57,0.445,39,2.28,70.0,9.0,0.32,15.69,44.0,57.0,0.0,0.0,"Palma-Goyes, R.E., Vazquez-Arenas, J., Romero-Ibarra, I.C. and 1 more (...) (2018).Microwave-Assisted Solvothermal One-Pot Synthesis of RuO2 Nanoparticles: First Insights of Its Activity Towards Oxygen and Chlorine Evolution Reactions. ChemistrySelect,3(45) 12937-12945",https://www.scopus.com/record/display.url?eid=2-s2.0-85057731889&origin=resultslist,10.1002/slct.201802695,Article,,2-s2.0-85057731889,-,Consejo Nacional de Ciencia y Tecnologia Mexico| Universidad Autónoma Metropolitana| Universidad de Antioquia| Instituto Politécnico Nacional,704696| 505017| 604001| 505011,Academic| Government,4.0,60055833| 60027998| 60028381| 60019176,"Universidad de Antioquia| Secretaría de Ciencia, Humanidades, Tecnología e Innovación| Universidad Autónoma Metropolitana -Unidad Iztapalapa| Instituto Politécnico Nacional",36633077700,24559580800,36633077700,-,Mexico| Colombia,2.0,1600,General Chemistry,4,Natural Sciences,409,Chemistry,37,Physical Sciences,34,Chemical Sciences,-,-,-,Innovative Electrocatalysts for Energy Conversion Applications,242,99.869,Electrode Innovations for Enhanced Electrocatalytic Activity,11936,93.713,Very Good,2018.0,9.0,N/A,"Palma-Goyes, R.E.| Vazquez-Arenas, J.| Romero-Ibarra, I.C.| Ostos, C.",Consejo Nacional de Ciencia y Tecnologia Mexico| Universidad Autónoma Metropolitana| Universidad de Antioquia| Instituto Politécnico Nacional,Mexico| Colombia,0
56013705500,56013705500,Degradation of cefadroxil by photoelectrocatalytic ozonation under visible-light irradiation and single processes,"Palomares-Reyna, D.| Carrera-Crespo, J.E.| Sosa-Rodríguez, F.S.| Romero-Ibarra, I.C.| Castañeda-Galván, A.A.| Morales-García, S.S.| Vazquez-Arenas, J.",7.0,57477075000| 55539257200| 36646751000| 56013732100| 56296794600| 55977640100| 56013705500,2022.0,2022-10-01,Journal of Photochemistry and Photobiology A: Chemistry,431,-,-,113995,ISSN-10106030,26966.0,Journal,Elsevier B.V.,English,0.82,41,8.6,11,0.678,26,2.73,60.0,9.0,0.58,15.49,33.0,45.0,0.0,0.0,"Palomares-Reyna, D., Carrera-Crespo, J.E., Sosa-Rodríguez, F.S. and 4 more (...) (2022).Degradation of cefadroxil by photoelectrocatalytic ozonation under visible-light irradiation and single processes. Journal of Photochemistry and Photobiology A: Chemistry,431",https://www.scopus.com/record/display.url?eid=2-s2.0-85132651719&origin=resultslist,10.1016/j.jphotochem.2022.113995,Article,,2-s2.0-85132651719,-,Universidad Autónoma Metropolitana| Instituto Politécnico Nacional,505017| 505011,Academic,2.0,60019176| 60014923| 60023193,Instituto Politécnico Nacional| Universidad Autónoma Metropolitana| Universidad Autónoma Metropolitana - Azcapotzalco,57477075000,56013705500,56013705500,-,Mexico,1.0,1500| 1600| 3100,General Chemical Engineering| General Chemistry| General Physics and Astronomy,4| 2,Natural Sciences| Engineering & Technology,409| 439| 219,Chemistry| Physics & Astronomy| Engineering - Chemical,36| 37,Engineering| Physical Sciences,40| 31| 34,Engineering| Biological Sciences| Chemical Sciences,-,-,SDG 6,Circular Economy and Life Cycle Assessment Integration,426,98.692,Environmental Impact of Wastewater Treatment Systems,13292,97.893,Weak,2022.0,9.0,N/A,"Palomares-Reyna, D.| Carrera-Crespo, J.E.| Sosa-Rodríguez, F.S.| Romero-Ibarra, I.C.| Castañeda-Galván, A.A.| Morales-García, S.S.| Vazquez-Arenas, J.",Universidad Autónoma Metropolitana| Instituto Politécnico Nacional,Mexico,0
56013705500,56013705500,Nucleation and growth mechanism of Cu-Zn/AgNPs composite coatings at different concentrations of silver nanoparticles (AgNPs) in solution,"Cercado, B.| Teran, A.| Ballesteros, J.C.| Vázquez-Arenas, J.| Lara, R.H.| Ţălu, Ş.| Méndez-Albores, A.| Trejo, G.",8.0,56013656400| 57225899481| 16021310000| 56013705500| 56335217900| 36476658600| 56705195000| 6603463615,2021.0,2021-09-10,Electrochimica Acta,390,-,-,138867,ISSN-00134686,25181.0,Journal,Elsevier Ltd,English,1.06,29,12.3,7,1.306,10,1.54,48.0,9.0,0.27,14.84,38.0,62.0,0.0,0.0,"Cercado, B., Teran, A., Ballesteros, J.C. and 5 more (...) (2021).Nucleation and growth mechanism of Cu-Zn/AgNPs composite coatings at different concentrations of silver nanoparticles (AgNPs) in solution. Electrochimica Acta,390",https://www.scopus.com/record/display.url?eid=2-s2.0-85109647171&origin=resultslist,10.1016/j.electacta.2021.138867,Article,,2-s2.0-85109647171,-,Benemerita Universidad Autonoma de Puebla| Consejo Nacional de Ciencia y Tecnologia Mexico| Universidad Autónoma Metropolitana| Universidad Juarez del Estado de Durango| Centro de Investigacion y Desarrollo Tecnologico en Electroquimica| Technical University of Cluj-Napoca,505001| 704696| 505017| 704853| 703032| 329006,Academic| Government,6.0,60084247| 60028381| 60027998| 60014403| 60027373| 60024830,"Centro de Investigación y Desarrollo Tecnológico en Electroquímica S.C.| Universidad Autónoma Metropolitana -Unidad Iztapalapa| Secretaría de Ciencia, Humanidades, Tecnología e Innovación| Universidad Juárez del Estado de Durango| Universitatea Tehnica din Cluj-Napoca| Benemérita Universidad Autónoma de Puebla",56013656400,6603463615,56705195000,-,Mexico| Romania,2.0,1500| 1603,General Chemical Engineering| Electrochemistry,2| 4,Engineering & Technology| Natural Sciences,219| 409,Engineering - Chemical| Chemistry,36| 37,Engineering| Physical Sciences,40| 51| 34,Engineering| Physical Sciences| Chemical Sciences,-,-,-,Electrodeposition Techniques for Enhanced Coating Properties,1019,29.627,Electrodeposition Mechanisms in Nanostructured Materials,15817,78.905,Very Good,2021.0,9.0,N/A,"Cercado, B.| Teran, A.| Ballesteros, J.C.| Vázquez-Arenas, J.| Lara, R.H.| Ţălu, Ş.| Méndez-Albores, A.| Trejo, G.",Benemerita Universidad Autonoma de Puebla| Consejo Nacional de Ciencia y Tecnologia Mexico| Universidad Autónoma Metropolitana| Universidad Juarez del Estado de Durango| Centro de Investigacion y Desarrollo Tecnologico en Electroquimica| Technical University of Cluj-Napoca,Mexico| Romania,0
56013705500,56013705500,Modeling the sulfamethoxazole degradation by active chlorine in a flow electrochemical reactor,"Palma-Goyes, R.E.| Sosa-Rodríguez, F.S.| Rivera, F.F.| Vazquez-Arenas, J.",4.0,36633077700| 36646751000| 57215633068| 56013705500,2022.0,2022-06-01,Environmental Science and Pollution Research,29,28,42201-42214,-,ISSN-09441344,23918.0,Journal,Springer Science and Business Media Deutschland GmbH,English,1.17,22,7.9,17,0.944,21,1.1,44.0,8.0,0.42,18.85,36.0,53.0,0.0,0.0,"Palma-Goyes, R.E., Sosa-Rodríguez, F.S., Rivera, F.F. and 1 more (...) (2022).Modeling the sulfamethoxazole degradation by active chlorine in a flow electrochemical reactor. Environmental Science and Pollution Research,29(28) 42201-42214",https://www.scopus.com/record/display.url?eid=2-s2.0-85113994684&origin=resultslist,10.1007/s11356-021-16154-w,Article,,2-s2.0-85113994684,34467494,Consejo Nacional de Ciencia y Tecnologia Mexico| Universidad Autónoma Metropolitana| Centro de Investigacion y Desarrollo Tecnologico en Electroquimica| Universidad del Valle,704696| 505017| 703032| 604003,Academic| Government,4.0,60066812| 60014923| 60023193| 60084247| 60028381| 60027998,"Universidad del Valle, Cali| Universidad Autónoma Metropolitana| Universidad Autónoma Metropolitana - Azcapotzalco| Centro de Investigación y Desarrollo Tecnológico en Electroquímica S.C.| Universidad Autónoma Metropolitana -Unidad Iztapalapa| Secretaría de Ciencia, Humanidades, Tecnología e Innovación",36633077700,56013705500,57215633068| 56013705500,-,Mexico| Colombia,2.0,2304| 2307| 2310,"Environmental Chemistry| Health, Toxicology and Mutagenesis| Pollution",5| 3| 2| 4,Life Sciences & Medicine| Social Sciences & Management| Engineering & Technology| Natural Sciences,249| 424,Engineering - Petroleum| Environmental Sciences,34| 37,Medical and Health| Physical Sciences,MD,Multidisciplinary,MD,Multidisciplinary,SDG 7,Innovative Approaches in Wastewater Treatment Technologies,433,93.264,Electrochemical Techniques for Wastewater Degradation,336,99.825,Very Good,2022.0,8.0,N/A,"Palma-Goyes, R.E.| Sosa-Rodríguez, F.S.| Rivera, F.F.| Vazquez-Arenas, J.",Consejo Nacional de Ciencia y Tecnologia Mexico| Universidad Autónoma Metropolitana| Centro de Investigacion y Desarrollo Tecnologico en Electroquimica| Universidad del Valle,Mexico| Colombia,0
56013705500,56013705500,Changes in biooxidation mechanism and transient biofilm characteristics by As(V) during arsenopyrite colonization with Acidithiobacillus thiooxidans,"Ramírez-Aldaba, H.| Vázquez-Arenas, J.| Sosa-Rodríguez, F.S.| Valdez-Pérez, D.| Ruiz-Baca, E.| Trejo-Córdoba, G.| Escobedo-Bretado, M.A.| Lartundo-Rojas, L.| Ponce-Peña, P.| Lara, R.H.",10.0,57191409123| 56013705500| 36646751000| 35747238900| 56000926400| 57202329518| 57202633960| 57455354200| 56507368200| 56335217900,2018.0,2018-08-01,Journal of Industrial Microbiology and Biotechnology,45,8,669-680,-,ISSN-13675435,16085.0,Journal,Springer Verlag,English,0.92,35,5.6,23,0.883,28,2.84,45.0,8.0,0.24,8.46,46.0,62.0,0.0,0.0,"Ramírez-Aldaba, H., Vázquez-Arenas, J., Sosa-Rodríguez, F.S. and 7 more (...) (2018).Changes in biooxidation mechanism and transient biofilm characteristics by As(V) during arsenopyrite colonization with Acidithiobacillus thiooxidans. Journal of Industrial Microbiology and Biotechnology,45(8) 669-680",https://www.scopus.com/record/display.url?eid=2-s2.0-85047909603&origin=resultslist,10.1007/s10295-018-2051-3,Article,,2-s2.0-85047909603,29858724,Universidad Autónoma Metropolitana| Universidad Juarez del Estado de Durango| Centro de Investigacion y Desarrollo Tecnologico en Electroquimica| Instituto Politécnico Nacional,505017| 704853| 703032| 505011,Academic,4.0,60014403| 60019176| 60023193| 60084247,Universidad Juárez del Estado de Durango| Instituto Politécnico Nacional| Universidad Autónoma Metropolitana - Azcapotzalco| Centro de Investigación y Desarrollo Tecnológico en Electroquímica S.C.,57191409123,56335217900,56335217900,-,Mexico,1.0,2700,General Medicine,5,Life Sciences & Medicine,532,Medicine,34,Medical and Health,31,Biological Sciences,3106| 3101| 3107,Industrial biotechnology| Biochemistry and cell biology| Microbiology,-,Innovative Approaches to Metal Recovery and Bioleaching,1133,44.212,Bioleaching Mechanisms and Microbial Interactions in Mining,746,95.784,Definitive,2018.0,8.0,N/A,"Ramírez-Aldaba, H.| Vázquez-Arenas, J.| Sosa-Rodríguez, F.S.| Valdez-Pérez, D.| Ruiz-Baca, E.| Trejo-Córdoba, G.| Escobedo-Bretado, M.A.| Lartundo-Rojas, L.| Ponce-Peña, P.| Lara, R.H.",Universidad Autónoma Metropolitana| Universidad Juarez del Estado de Durango| Centro de Investigacion y Desarrollo Tecnologico en Electroquimica| Instituto Politécnico Nacional,Mexico,0
56013705500,56013705500,Enhanced naproxen elimination in water by catalytic ozonation based on nio films,"Aguilar-Melo, C.M.| Rodríguez, J.L.| Chairez, I.| Salgado, I.| Andraca Adame, J.A.| Galaviz-Pérez, J.A.| Vazquez-Arenas, J.| Poznyak, T.",8.0,57218893984| 37059821100| 15623290800| 35192219600| 8251751500| 36245166700| 56013705500| 6602085688,2020.0,2020-08-01,Catalysts,10,8,1-16,884,ISSN-20734344,21100332402.0,Journal,MDPI,English,0.92,37,4.5,36,0.8,27,2.38,84.0,8.0,0.18,16.69,45.0,67.0,0.0,0.0,"Aguilar-Melo, C.M., Rodríguez, J.L., Chairez, I. and 5 more (...) (2020).Enhanced naproxen elimination in water by catalytic ozonation based on nio films. Catalysts,10(8) 1-16",https://www.scopus.com/record/display.url?eid=2-s2.0-85090664243&origin=resultslist,10.3390/catal10080884,Article,Gold|Green,2-s2.0-85090664243,-,Consejo Nacional de Ciencia y Tecnologia Mexico| Universidad Autónoma Metropolitana| Universidad Juarez Autonoma de Tabasco| Instituto Politécnico Nacional,704696| 505017| 705961| 505011,Academic| Government,4.0,60028381| 60019176| 60006489| 60025378| 60027998,"Universidad Autónoma Metropolitana -Unidad Iztapalapa| Instituto Politécnico Nacional| Escuela Superior de Ingenieria Quimica e Industrias Extractivas| Universidad Juárez Autónoma de Tabasco| Secretaría de Ciencia, Humanidades, Tecnología e Innovación",57218893984,6602085688,37059821100| 15623290800,-,Mexico,1.0,1503| 1606| 2300,Catalysis| Physical and Theoretical Chemistry| General Environmental Science,4| 2,Natural Sciences| Engineering & Technology,409| 219| 249| 424,Chemistry| Engineering - Chemical| Engineering - Petroleum| Environmental Sciences,36| 37,Engineering| Physical Sciences,34| 40,Chemical Sciences| Engineering,4004| 3406| 4018,Chemical engineering| Physical chemistry| Nanotechnology,-,Innovative Approaches in Wastewater Treatment Technologies,433,93.264,Ozonation Techniques for Effective Water Purification,1013,98.943,Very Good,2020.0,8.0,N/A,"Aguilar-Melo, C.M.| Rodríguez, J.L.| Chairez, I.| Salgado, I.| Andraca Adame, J.A.| Galaviz-Pérez, J.A.| Vazquez-Arenas, J.| Poznyak, T.",Consejo Nacional de Ciencia y Tecnologia Mexico| Universidad Autónoma Metropolitana| Universidad Juarez Autonoma de Tabasco| Instituto Politécnico Nacional,Mexico,0
56013705500,56013705500,Molecular interactions arising in polyethylene-bentonite nanocomposites,"Bonilla-Blancas, A.E.| Romero-Ibarra, I.C.| Vazquez-Arenas, J.| Sanchez-Solis, A.| Manero, O.| Alvarez-Ramirez, J.",6.0,57191526205| 56013732100| 56013705500| 55914663300| 7003999464| 55399527300,2019.0,2019-01-10,Journal of Applied Polymer Science,136,2,-,46920,ISSN-00218995,13554.0,Journal,John Wiley and Sons Inc.,English,0.84,41,4.2,22,0.541,26,2.36,75.0,8.0,0.54,13.05,45.0,45.0,0.0,0.0,"Bonilla-Blancas, A.E., Romero-Ibarra, I.C., Vazquez-Arenas, J. and 3 more (...) (2019).Molecular interactions arising in polyethylene-bentonite nanocomposites. Journal of Applied Polymer Science,136(2) ",https://www.scopus.com/record/display.url?eid=2-s2.0-85053562207&origin=resultslist,10.1002/app.46920,Article,,2-s2.0-85053562207,-,Universidad Autónoma Metropolitana| Instituto Politécnico Nacional| Universidad Nacional Autónoma de México,505017| 505011| 505023,Academic,3.0,121668731| 60019176| 60032442| 60028381,Centro de Tecnología Avanzada CIATEQ A.C. -Centro de Tecnología Avanzada| Instituto Politécnico Nacional| Universidad Nacional Autónoma de México| Universidad Autónoma Metropolitana -Unidad Iztapalapa,57191526205,55399527300,56013732100,-,Mexico,1.0,1600| 2505| 2507| 2508,"General Chemistry| Materials Chemistry| Polymers and Plastics| Surfaces, Coatings and Films",4,Natural Sciences,409| 433,Chemistry| Materials Science,37| 36,Physical Sciences| Engineering,34| 40,Chemical Sciences| Engineering,-,-,-,Layered Double Hydroxides in Polymer Nanocomposites,484,61.282,Properties and Applications of Polymer-Clay Nanocomposites,19,94.335,Definitive,2019.0,8.0,N/A,"Bonilla-Blancas, A.E.| Romero-Ibarra, I.C.| Vazquez-Arenas, J.| Sanchez-Solis, A.| Manero, O.| Alvarez-Ramirez, J.",Universidad Autónoma Metropolitana| Instituto Politécnico Nacional| Universidad Nacional Autónoma de México,Mexico,0
56013705500,56013705500,Implications to enhance sulfamethoxazole degradation using statistical optimization of either active chlorine concentration or ORP in an electrochemical reactor,"Bonola, B.| Aguilar, D.| Fuentes-Camargo, I.| Sosa-Rodríguez, F.S.| Hernández Altamirano, R.| Luna-Sánchez, R.| Vazquez-Arenas, J.",7.0,57218488185| 57218489275| 57214729074| 36646751000| 57203148814| 6506635334| 56013705500,2020.0,2020-10-01,Journal of Environmental Chemical Engineering,8,5,-,104179,ISSN-22133437,21100255493.0,Journal,Elsevier Ltd,English,1.31,19,7.5,13,0.965,15,1.12,41.0,8.0,0.18,17.0,45.0,67.0,0.0,0.0,"Bonola, B., Aguilar, D., Fuentes-Camargo, I. and 4 more (...) (2020).Implications to enhance sulfamethoxazole degradation using statistical optimization of either active chlorine concentration or ORP in an electrochemical reactor. Journal of Environmental Chemical Engineering,8(5) ",https://www.scopus.com/record/display.url?eid=2-s2.0-85089310784&origin=resultslist,10.1016/j.jece.2020.104179,Article,,2-s2.0-85089310784,-,Universidad Autónoma Metropolitana| Instituto Politécnico Nacional,505017| 505011,Academic,2.0,60019176| 60023193| 60028381,Instituto Politécnico Nacional| Universidad Autónoma Metropolitana - Azcapotzalco| Universidad Autónoma Metropolitana -Unidad Iztapalapa,57218488185,56013705500,36646751000| 56013705500,-,Mexico,1.0,1501| 1508| 2310| 2311,Chemical Engineering (miscellaneous)| Process Chemistry and Technology| Pollution| Waste Management and Disposal,2| 3,Engineering & Technology| Social Sciences & Management,249| 424| 219,Engineering - Petroleum| Environmental Sciences| Engineering - Chemical,37| 36,Physical Sciences| Engineering,34| 40,Chemical Sciences| Engineering,4004| 3406| 4011,Chemical engineering| Physical chemistry| Environmental engineering,-,Innovative Approaches in Wastewater Treatment Technologies,433,93.264,Electrochemical Techniques for Wastewater Degradation,336,99.825,Definitive,2020.0,8.0,N/A,"Bonola, B.| Aguilar, D.| Fuentes-Camargo, I.| Sosa-Rodríguez, F.S.| Hernández Altamirano, R.| Luna-Sánchez, R.| Vazquez-Arenas, J.",Universidad Autónoma Metropolitana| Instituto Politécnico Nacional,Mexico,0
56013705500,56013705500,"Influence of oxygen vacancies, surface composition, and crystallite size on the photoelectrochemical oxidation activity of C,N-codoped TiO2 for cefadroxil abatement along with O3","Palomares-Reyna, D.| Palomino-Resendiz, R.L.| García-Pérez, U.M.| Fuentes-Camargo, I.| Lartundo-Rojas, L.| Sosa-Rodríguez, F.S.| Vilar, V.J.P.| Vazquez-Arenas, J.",8.0,57477075000| 57443378200| 36701336400| 57214729074| 57455354200| 36646751000| 10540195800| 56013705500,2023.0,2023-11-01,Chemosphere,342,-,-,140133,ISSN-00456535,24657.0,Journal,Elsevier Ltd,English,1.51,11,15.8,2,1.806,5,2.32,60.0,8.0,0.61,13.21,28.0,43.0,0.0,0.0,"Palomares-Reyna, D., Palomino-Resendiz, R.L., García-Pérez, U.M. and 5 more (...) (2023).Influence of oxygen vacancies, surface composition, and crystallite size on the photoelectrochemical oxidation activity of C,N-codoped TiO2 for cefadroxil abatement along with O3. Chemosphere,342",https://www.scopus.com/record/display.url?eid=2-s2.0-85171662177&origin=resultslist,10.1016/j.chemosphere.2023.140133,Article,,2-s2.0-85171662177,37704085,University of Porto| Universidad Autonoma de Nuevo Leon| Universidad Autónoma Metropolitana| Centro de Investigacion y Desarrollo Tecnologico en Electroquimica| Instituto Politécnico Nacional,328007| 505013| 505017| 703032| 505011,Academic,5.0,60019176| 60084247| 60025417| 105605023| 60023193| 60007249,Instituto Politécnico Nacional| Centro de Investigación y Desarrollo Tecnológico en Electroquímica S.C.| Universidad Autónoma de Nuevo León| ESIQIE–Instituto Politécnico Nacional| Universidad Autónoma Metropolitana - Azcapotzalco| Universidade do Porto,57477075000,56013705500,56013705500,-,Mexico| Portugal,2.0,1600| 2304| 2305| 2307| 2310| 2739,"General Chemistry| Environmental Chemistry| Environmental Engineering| Health, Toxicology and Mutagenesis| Pollution| Public Health, Environmental and Occupational Health",5| 3| 2| 4,Life Sciences & Medicine| Social Sciences & Management| Engineering & Technology| Natural Sciences,409| 532| 249| 424,Chemistry| Medicine| Engineering - Petroleum| Environmental Sciences,34| 37,Medical and Health| Physical Sciences,MD,Multidisciplinary,MD,Multidisciplinary,SDG 6| SDG 11,Photocatalytic Properties of Titanium Dioxide Structures,62,94.768,Photocatalytic Innovations in Titanium Dioxide Applications,47,98.985,Definitive,2023.0,8.0,N/A,"Palomares-Reyna, D.| Palomino-Resendiz, R.L.| García-Pérez, U.M.| Fuentes-Camargo, I.| Lartundo-Rojas, L.| Sosa-Rodríguez, F.S.| Vilar, V.J.P.| Vazquez-Arenas, J.",University of Porto| Universidad Autonoma de Nuevo Leon| Universidad Autónoma Metropolitana| Centro de Investigacion y Desarrollo Tecnologico en Electroquimica| Instituto Politécnico Nacional,Mexico| Portugal,0
56013705500,56013705500,Zinc/Silver particle (Zn/AgP) composite coatings: Evaluation of corrosion in physiological environments and antibacterial activity against P. aeruginosa,"Castro-Rodríguez, B.| Terán-López, A.| Reyes-Vidal, Y.| Bácame-Valenzuela, F.J.| Flores, J.G.| Ortega, R.| Mojica, J.| Acosta-Smith, E.| Vázquez-Arenas, J.| Lara, R.H.| Trejo, G.",11.0,57200557656| 57216549160| 36165869200| 57221336513| 57198032558| 7202793539| 35219162000| 57193253008| 56013705500| 56335217900| 6603463615,2020.0,2020-04-01,Coatings,10,4,-,337,ISSN-20796412,21100872725.0,Journal,MDPI AG,English,0.97,33,3,42,0.484,40,2.49,81.0,5.0,0.07,14.18,54.0,76.0,0.0,0.0,"Castro-Rodríguez, B., Terán-López, A., Reyes-Vidal, Y. and 8 more (...) (2020).Zinc/Silver particle (Zn/AgP) composite coatings: Evaluation of corrosion in physiological environments and antibacterial activity against P. aeruginosa. Coatings,10(4) ",https://www.scopus.com/record/display.url?eid=2-s2.0-85083836212&origin=resultslist,10.3390/coatings10040337,Article,Gold|Green,2-s2.0-85083836212,-,Consejo Nacional de Ciencia y Tecnologia Mexico| Universidad Autónoma Metropolitana| Universidad Juarez del Estado de Durango| Centro de Investigacion y Desarrollo Tecnologico en Electroquimica| Universidad Autonoma de Sinaloa,704696| 505017| 704853| 703032| 704857,Government| Academic,5.0,60084247| 60012676| 60027998| 60028381| 60014403,"Centro de Investigación y Desarrollo Tecnológico en Electroquímica S.C.| Universidad Autónoma de Sinaloa| Secretaría de Ciencia, Humanidades, Tecnología e Innovación| Universidad Autónoma Metropolitana -Unidad Iztapalapa| Universidad Juárez del Estado de Durango",57200557656,6603463615,6603463615,-,Mexico,1.0,2505| 2508| 3110,"Materials Chemistry| Surfaces, Coatings and Films| Surfaces and Interfaces",4,Natural Sciences,439| 433,Physics & Astronomy| Materials Science,37| 36,Physical Sciences| Engineering,40,Engineering,4016,Materials engineering,-,Additive Manufacturing and Corrosion Resistance,133,98.627,Biodegradable Zinc Alloys for Medical Applications,22981,98.869,Very Good,2020.0,5.0,N/A,"Castro-Rodríguez, B.| Terán-López, A.| Reyes-Vidal, Y.| Bácame-Valenzuela, F.J.| Flores, J.G.| Ortega, R.| Mojica, J.| Acosta-Smith, E.| Vázquez-Arenas, J.| Lara, R.H.| Trejo, G.",Consejo Nacional de Ciencia y Tecnologia Mexico| Universidad Autónoma Metropolitana| Universidad Juarez del Estado de Durango| Centro de Investigacion y Desarrollo Tecnologico en Electroquimica| Universidad Autonoma de Sinaloa,Mexico,0
56013705500,56013705500,Co-Ni alloy coatings electrodeposited using real leachates generated from positive electrodes of Ni[sbnd]Cd batteries,"Altamirano-Garcia, L.| Luna-Sánchez, R.M.| Sosa-Rodríguez, F.S.| Cabrera-Sierra, R.| Vazquez-Arenas, J.",5.0,36994333400| 6506635334| 36646751000| 6602399970| 56013705500,2021.0,2021-11-15,Surface and Coatings Technology,425,-,-,127672,ISSN-02578972,24537.0,Journal,Elsevier B.V.,English,1.36,17,7.6,12,0.922,15,0.82,23.0,5.0,0.21,14.29,51.0,66.0,0.0,0.0,"Altamirano-Garcia, L., Luna-Sánchez, R.M., Sosa-Rodríguez, F.S. and 2 more (...) (2021).Co-Ni alloy coatings electrodeposited using real leachates generated from positive electrodes of Ni[sbnd]Cd batteries. Surface and Coatings Technology,425",https://www.scopus.com/record/display.url?eid=2-s2.0-85114744693&origin=resultslist,10.1016/j.surfcoat.2021.127672,Article,,2-s2.0-85114744693,-,Universidad Autónoma Metropolitana| Instituto Politécnico Nacional,505017| 505011,Academic,2.0,126876291| 60023193| 60006489| 60019176,Universidad Mexiquense del Bicentenario – Unidad de Estudios Superiores Tultitlán| Universidad Autónoma Metropolitana - Azcapotzalco| Escuela Superior de Ingenieria Quimica e Industrias Extractivas| Instituto Politécnico Nacional,36994333400,56013705500,6506635334,-,Mexico,1.0,1600| 2505| 2508| 3104| 3110,"General Chemistry| Materials Chemistry| Surfaces, Coatings and Films| Condensed Matter Physics| Surfaces and Interfaces",4,Natural Sciences,409| 439| 433,Chemistry| Physics & Astronomy| Materials Science,36| 37,Engineering| Physical Sciences,51| 40,Physical Sciences| Engineering,4016| 5104,Materials engineering| Condensed matter physics,-,Ion Exchange and Lithium Recovery,486,91.563,Recycling and Recovery of Battery Materials,32092,79.631,Very Good,2021.0,5.0,N/A,"Altamirano-Garcia, L.| Luna-Sánchez, R.M.| Sosa-Rodríguez, F.S.| Cabrera-Sierra, R.| Vazquez-Arenas, J.",Universidad Autónoma Metropolitana| Instituto Politécnico Nacional,Mexico,0
56013705500,56013705500,Scale-up of Co–Ni cathodes produced from spent Ni–Cd batteries for hydrogen production in an oxy-hydrogen gas cell,"Villa de la Cruz, O.| Luna-Sánchez, R.M.| Trejo, G.| Fabián-Anguiano, J.A.| Ortiz-Landeros, J.| Vazquez-Arenas, J.",6.0,58350044400| 6506635334| 6603463615| 57211146878| 24341599900| 56013705500,2023.0,2023-12-05,International Journal of Hydrogen Energy,48,94,36759-36775,-,ISSN-03603199,26991.0,Journal,Elsevier Ltd,English,1.38,14,13.5,5,1.513,8,2.18,52.0,4.0,0.28,14.09,43.0,61.0,0.0,0.0,"Villa de la Cruz, O., Luna-Sánchez, R.M., Trejo, G. and 3 more (...) (2023).Scale-up of Co–Ni cathodes produced from spent Ni–Cd batteries for hydrogen production in an oxy-hydrogen gas cell. International Journal of Hydrogen Energy,48(94) 36759-36775",https://www.scopus.com/record/display.url?eid=2-s2.0-85162868134&origin=resultslist,10.1016/j.ijhydene.2023.06.036,Article,,2-s2.0-85162868134,-,Universidad Autónoma Metropolitana| Centro de Investigacion y Desarrollo Tecnologico en Electroquimica| Instituto Politécnico Nacional,505017| 703032| 505011,Academic,3.0,60023193| 60084247| 60019176| 60006489,Universidad Autónoma Metropolitana - Azcapotzalco| Centro de Investigación y Desarrollo Tecnológico en Electroquímica S.C.| Instituto Politécnico Nacional| Escuela Superior de Ingenieria Quimica e Industrias Extractivas,58350044400,56013705500,56013705500,-,Mexico,1.0,2102| 2103| 2105| 3104,"Energy Engineering and Power Technology| Fuel Technology| Renewable Energy, Sustainability and the Environment| Condensed Matter Physics",4| 2,Natural Sciences| Engineering & Technology,439| 249| 221,Physics & Astronomy| Engineering - Petroleum| Engineering - Electrical & Electronic,37| 36,Physical Sciences| Engineering,34| 40,Chemical Sciences| Engineering,-,-,SDG 7,Innovative Electrocatalysts for Energy Conversion Applications,242,99.869,Electrocatalytic Advances in Hydrogen Production,9796,90.739,Definitive,2023.0,4.0,N/A,"Villa de la Cruz, O.| Luna-Sánchez, R.M.| Trejo, G.| Fabián-Anguiano, J.A.| Ortiz-Landeros, J.| Vazquez-Arenas, J.",Universidad Autónoma Metropolitana| Centro de Investigacion y Desarrollo Tecnologico en Electroquimica| Instituto Politécnico Nacional,Mexico,0
56013705500,56013705500,Ecotoxic effect in Allium cepa due to sphalerite weathering arising in calcareous conditions,"Ponce-Peña, P.| López-Ortega, A.R.| Anguiano-Vega, G.A.| Sosa-Rodríguez, F.S.| Vázquez-Arenas, J.| Ramírez-Aldaba, H.| González-Lozano, M.A.| Trejo, G.| Ruiz-Baca, E.| Labastida, I.| Escobedo-Bretado, M.A.| Lara, R.H.",12.0,56507368200| 58894677700| 56080231200| 36646751000| 56013705500| 57191409123| 56507524700| 6603463615| 56000926400| 25650180400| 57202633960| 56335217900,2024.0,2024-03-01,Environmental Geochemistry and Health,46,3,-,87,ISSN-02694042,20992.0,Journal,Springer,English,0.98,31,7.2,15,0.871,19,0.62,10.0,4.0,0.52,7.69,32.0,46.0,0.0,0.0,"Ponce-Peña, P., López-Ortega, A.R., Anguiano-Vega, G.A. and 9 more (...) (2024).Ecotoxic effect in Allium cepa due to sphalerite weathering arising in calcareous conditions. Environmental Geochemistry and Health,46(3) ",https://www.scopus.com/record/display.url?eid=2-s2.0-85185396607&origin=resultslist,10.1007/s10653-024-01857-z,Article,,2-s2.0-85185396607,-,Universidad Autónoma Metropolitana| Universidad Juarez del Estado de Durango| Centro de Investigacion y Desarrollo Tecnologico en Electroquimica| Instituto Politécnico Nacional,505017| 704853| 703032| 505011,Academic,4.0,60014403| 60014923| 60019176| 60084247,Universidad Juárez del Estado de Durango| Universidad Autónoma Metropolitana| Instituto Politécnico Nacional| Centro de Investigación y Desarrollo Tecnológico en Electroquímica S.C.,56507368200,56335217900,36646751000| 56335217900,-,Mexico,1.0,1906| 2300| 2304| 2305| 2312,Geochemistry and Petrology| General Environmental Science| Environmental Chemistry| Environmental Engineering| Water Science and Technology,2| 4,Engineering & Technology| Natural Sciences,247| 249| 424| 416,Engineering - Mineral & Mining| Engineering - Petroleum| Environmental Sciences| Earth & Marine Sciences,37,Physical Sciences,42| 37| 41,Health Sciences| Earth Sciences| Environmental Sciences,3703| 4105| 4206,Geochemistry| Pollution and contamination| Public health,-,Flotation Techniques for Mineral and Wastewater Treatment,831,71.354,Surface Interactions and Electrochemistry in Flotation,3343,95.625,Definitive,2024.0,4.0,N/A,"Ponce-Peña, P.| López-Ortega, A.R.| Anguiano-Vega, G.A.| Sosa-Rodríguez, F.S.| Vázquez-Arenas, J.| Ramírez-Aldaba, H.| González-Lozano, M.A.| Trejo, G.| Ruiz-Baca, E.| Labastida, I.| Escobedo-Bretado, M.A.| Lara, R.H.",Universidad Autónoma Metropolitana| Universidad Juarez del Estado de Durango| Centro de Investigacion y Desarrollo Tecnologico en Electroquimica| Instituto Politécnico Nacional,Mexico,0
56013705500,56013705500,Non-linear first-harmonic balance to compute the electrochemical impedance of butler-volmer equation,"Alvarez-Ramirez, J.| Vazquez-Arenas, J.| González, M.| Carrera-Tarela, Y.",4.0,55399527300| 56013705500| 57211589226| 57202785984,2018.0,2018-01-01,Journal of the Electrochemical Society,165,9,H517-H523,-,ISSN-00134651,25169.0,Journal,Electrochemical Society Inc.,English,0.93,34,6.2,11,1.138,10,0.87,32.0,3.0,0.16,12.84,63.0,67.0,0.0,0.0,"Alvarez-Ramirez, J., Vazquez-Arenas, J., González, M. and 1 more (...) (2018).Non-linear first-harmonic balance to compute the electrochemical impedance of butler-volmer equation. Journal of the Electrochemical Society,165(9) H517-H523",https://www.scopus.com/record/display.url?eid=2-s2.0-85049351294&origin=resultslist,10.1149/2.1091809jes,Article,,2-s2.0-85049351294,-,Consejo Nacional de Ciencia y Tecnologia Mexico| Universidad Autónoma Metropolitana,704696| 505017,Government| Academic,2.0,60028381| 60027998,"Universidad Autónoma Metropolitana -Unidad Iztapalapa| Secretaría de Ciencia, Humanidades, Tecnología e Innovación",55399527300,57202785984,55399527300,-,Mexico,1.0,1603| 2105| 2504| 2505| 2508| 3104,"Electrochemistry| Renewable Energy, Sustainability and the Environment| Electronic, Optical and Magnetic Materials| Materials Chemistry| Surfaces, Coatings and Films| Condensed Matter Physics",4| 2,Natural Sciences| Engineering & Technology,439| 221| 433| 409,Physics & Astronomy| Engineering - Electrical & Electronic| Materials Science| Chemistry,36| 37,Engineering| Physical Sciences,34| 40,Chemical Sciences| Engineering,3406| 4016,Physical chemistry| Materials engineering,-,Battery Management and Performance,927,97.188,Electrochemical Impedance Spectroscopy in Corrosion Studies,26016,75.34,Defensible,2018.0,3.0,N/A,"Alvarez-Ramirez, J.| Vazquez-Arenas, J.| González, M.| Carrera-Tarela, Y.",Consejo Nacional de Ciencia y Tecnologia Mexico| Universidad Autónoma Metropolitana,Mexico,0
56013705500,56013705500,"Unraveling the effect of elemental surface composition, structural, and textural properties upon the activity of H2 production controlled by C–N–TiO2 photoanodes","Palomino-Resendiz, R.L.| Palomares-Reyna, D.| Yañez-Ríos, A.| Lara, R.H.| Trejo, G.| García-Pérez, U.M.| Sosa-Rodríguez, F.S.| Vazquez-Arenas, J.",8.0,57443378200| 57477075000| 57219532866| 56335217900| 6603463615| 36701336400| 36646751000| 56013705500,2024.0,2024-08-05,International Journal of Hydrogen Energy,77,-,324-335,-,ISSN-03603199,26991.0,Journal,Elsevier Ltd,English,1.78,8,13.3,6,1.685,8,1.03,18.0,3.0,0.31,9.7,38.0,57.0,0.0,0.0,"Palomino-Resendiz, R.L., Palomares-Reyna, D., Yañez-Ríos, A. and 5 more (...) (2024).Unraveling the effect of elemental surface composition, structural, and textural properties upon the activity of H2 production controlled by C–N–TiO2 photoanodes. International Journal of Hydrogen Energy,77324-335",https://www.scopus.com/record/display.url?eid=2-s2.0-85196262488&origin=resultslist,10.1016/j.ijhydene.2024.06.137,Article,,2-s2.0-85196262488,-,Universidad Autonoma de Nuevo Leon| Universidad Autónoma Metropolitana| Universidad Juarez del Estado de Durango| Centro de Investigacion y Desarrollo Tecnologico en Electroquimica| Instituto Politécnico Nacional,505013| 505017| 704853| 703032| 505011,Academic,5.0,60019176| 60084247| 60014403| 60025417| 60023193| 60006489,Instituto Politécnico Nacional| Centro de Investigación y Desarrollo Tecnológico en Electroquímica S.C.| Universidad Juárez del Estado de Durango| Universidad Autónoma de Nuevo León| Universidad Autónoma Metropolitana - Azcapotzalco| Escuela Superior de Ingenieria Quimica e Industrias Extractivas,57443378200,56013705500,36646751000| 56013705500,-,Mexico,1.0,2102| 2103| 2105| 3104,"Energy Engineering and Power Technology| Fuel Technology| Renewable Energy, Sustainability and the Environment| Condensed Matter Physics",4| 2,Natural Sciences| Engineering & Technology,221| 249| 439,Engineering - Electrical & Electronic| Engineering - Petroleum| Physics & Astronomy,36| 37,Engineering| Physical Sciences,40| 34,Engineering| Chemical Sciences,-,-,-,Photocatalytic Properties of Titanium Dioxide Structures,62,94.768,Photocatalytic Innovations in Titanium Dioxide Applications,47,98.985,Definitive,2024.0,3.0,N/A,"Palomino-Resendiz, R.L.| Palomares-Reyna, D.| Yañez-Ríos, A.| Lara, R.H.| Trejo, G.| García-Pérez, U.M.| Sosa-Rodríguez, F.S.| Vazquez-Arenas, J.",Universidad Autonoma de Nuevo Leon| Universidad Autónoma Metropolitana| Universidad Juarez del Estado de Durango| Centro de Investigacion y Desarrollo Tecnologico en Electroquimica| Instituto Politécnico Nacional,Mexico,0
56013705500,56013705500,"Analysis of cooperative effects between activated carbons and acetylene black using electrochemical, rheological and textural characterizations to maximize supercapacitance","Manzano-Zavala, M.| Sosa-Rodríguez, F.S.| Vazquez-Arenas, J.| Alvarez-Ramirez, J.",4.0,57218627807| 36646751000| 56013705500| 55399527300,2024.0,2024-01-01,Next Energy,2,-,-,100074,ISSN-2949821X,21101267126.0,Journal,Elsevier B.V.,English,-,-,1.3,73,-,-,0.07,1.0,2.0,0.23,8.53,45.0,62.0,0.0,0.0,"Manzano-Zavala, M., Sosa-Rodríguez, F.S., Vazquez-Arenas, J. and 1 more (...) (2024).Analysis of cooperative effects between activated carbons and acetylene black using electrochemical, rheological and textural characterizations to maximize supercapacitance. Next Energy,2",https://www.scopus.com/record/display.url?eid=2-s2.0-105000166693&origin=resultslist,10.1016/j.nxener.2023.100074,Article,Gold|Green,2-s2.0-105000166693,-,Universidad Autónoma Metropolitana| Instituto Politécnico Nacional,505017| 505011,Academic,2.0,60028381| 60023193| 60014923| 60019176,Universidad Autónoma Metropolitana -Unidad Iztapalapa| Universidad Autónoma Metropolitana - Azcapotzalco| Universidad Autónoma Metropolitana| Instituto Politécnico Nacional,57218627807,55399527300,56013705500,-,Mexico,1.0,2101| 2504,"Energy (miscellaneous)| Electronic, Optical and Magnetic Materials",4| 2,Natural Sciences| Engineering & Technology,221| 249| 433,Engineering - Electrical & Electronic| Engineering - Petroleum| Materials Science,36,Engineering,-,-,-,-,-,High-Performance Supercapacitors with Advanced Materials,360,97.973,Sustainable Carbon Materials for Energy Storage Applications,217,99.912,Definitive,2024.0,2.0,N/A,"Manzano-Zavala, M.| Sosa-Rodríguez, F.S.| Vazquez-Arenas, J.| Alvarez-Ramirez, J.",Universidad Autónoma Metropolitana| Instituto Politécnico Nacional,Mexico,0
56013705500,56013705500,Implications of CaSO4 scale growth on the corrosive response of carbon steel in acid media,"Ramírez-Estrada, A.| Mena-Cervantes, V.Y.| Hernández-Altamirano, R.| Vazquez-Arenas, J.| García-Solares, M.| Manzo-Robledo, A.| Trejo, G.",7.0,57196474074| 56013624700| 57203148814| 56013705500| 56007072000| 23005607400| 6603463615,2020.0,2020-03-05,Colloids and Surfaces A: Physicochemical and Engineering Aspects,588,-,-,124336,ISSN-09277757,26589.0,Journal,Elsevier B.V.,English,1.04,30,6.5,20,0.762,29,2.4,73.0,2.0,0.0,16.65,68.0,78.0,0.0,0.0,"Ramírez-Estrada, A., Mena-Cervantes, V.Y., Hernández-Altamirano, R. and 4 more (...) (2020).Implications of CaSO4 scale growth on the corrosive response of carbon steel in acid media. Colloids and Surfaces A: Physicochemical and Engineering Aspects,588",https://www.scopus.com/record/display.url?eid=2-s2.0-85076847998&origin=resultslist,10.1016/j.colsurfa.2019.124336,Article,,2-s2.0-85076847998,-,Consejo Nacional de Ciencia y Tecnologia Mexico| Universidad Autónoma Metropolitana| Centro de Investigacion y Desarrollo Tecnologico en Electroquimica| Instituto Politécnico Nacional,704696| 505017| 703032| 505011,Academic| Government,4.0,60019176| 120273117| 60028381| 60027998| 60006489| 60084247,"Instituto Politécnico Nacional| Laboratorio Nacional de Desarrollo y Aseguramiento de la Calidad de Biocombustibles (LaNDACBio)| Universidad Autónoma Metropolitana -Unidad Iztapalapa| Secretaría de Ciencia, Humanidades, Tecnología e Innovación| Escuela Superior de Ingenieria Quimica e Industrias Extractivas| Centro de Investigación y Desarrollo Tecnológico en Electroquímica S.C.",57196474074,6603463615,57203148814,-,Mexico,1.0,1505| 1606| 3110,Colloid and Surface Chemistry| Physical and Theoretical Chemistry| Surfaces and Interfaces,4| 2,Natural Sciences| Engineering & Technology,219| 249| 439| 409,Engineering - Chemical| Engineering - Petroleum| Physics & Astronomy| Chemistry,36| 37,Engineering| Physical Sciences,51| 34| 40,Physical Sciences| Chemical Sciences| Engineering,-,-,-,Water Distribution and Energy Management Systems,1157,49.248,Corrosion Protection Strategies for Marine Steel Structures,26259,61.433,Very Good,2020.0,2.0,N/A,"Ramírez-Estrada, A.| Mena-Cervantes, V.Y.| Hernández-Altamirano, R.| Vazquez-Arenas, J.| García-Solares, M.| Manzo-Robledo, A.| Trejo, G.",Consejo Nacional de Ciencia y Tecnologia Mexico| Universidad Autónoma Metropolitana| Centro de Investigacion y Desarrollo Tecnologico en Electroquimica| Instituto Politécnico Nacional,Mexico,0
56013705500,56013705500,Assessing the impact of transport and kinetic mechanisms during the analysis of a LiFePO4 cathode: A different perspective during the operation and modeling of a battery cell,"Santos-Mendoza, I.O.| Aparicio-Mauricio, G.| Vazquez-Arenas, J.| Castillo-Araiza, C.O.",4.0,55775264400| 57193856836| 56013705500| 23007559200,2023.0,2023-01-01,Chemical Engineering Journal,455,-,-,139720,ISSN-13858947,16398.0,Journal,Elsevier B.V.,English,1.93,6,21.7,2,2.852,2,1.45,36.0,2.0,0.13,15.65,56.0,72.0,0.0,0.0,"Santos-Mendoza, I.O., Aparicio-Mauricio, G., Vazquez-Arenas, J. and 1 more (...) (2023).Assessing the impact of transport and kinetic mechanisms during the analysis of a LiFePO4 cathode: A different perspective during the operation and modeling of a battery cell. Chemical Engineering Journal,455",https://www.scopus.com/record/display.url?eid=2-s2.0-85143515077&origin=resultslist,10.1016/j.cej.2022.139720,Article,,2-s2.0-85143515077,-,Universidad Autónoma Metropolitana| Instituto Politécnico Nacional,505017| 505011,Academic,2.0,60028381| 60019176,Universidad Autónoma Metropolitana -Unidad Iztapalapa| Instituto Politécnico Nacional,55775264400,23007559200,23007559200,-,Mexico,1.0,1500| 1600| 2209| 2304,General Chemical Engineering| General Chemistry| Industrial and Manufacturing Engineering| Environmental Chemistry,2| 4,Engineering & Technology| Natural Sciences,424| 222| 219| 249| 409,Environmental Sciences| Engineering - Mechanical| Engineering - Chemical| Engineering - Petroleum| Chemistry,36| 37,Engineering| Physical Sciences,40,Engineering,4011| 4016| 4004,Environmental engineering| Materials engineering| Chemical engineering,SDG 7,Battery Management and Performance,927,97.188,Modeling and Performance of Lithium-Ion Batteries,11922,98.083,Defensible,2023.0,2.0,N/A,"Santos-Mendoza, I.O.| Aparicio-Mauricio, G.| Vazquez-Arenas, J.| Castillo-Araiza, C.O.",Universidad Autónoma Metropolitana| Instituto Politécnico Nacional,Mexico,0
56013705500,56013705500,Construction of wetlands in La Piedad Lagoon: a strategy to mitigate climate change in Mexico,"Sosa Rodriguez, F.S.| Chaparro-Herrera, D.J.| Vazquez-Arenas, J.| Nava Arias, A.| Alva-Martínez, A.F.",5.0,36646751000| 18435950600| 56013705500| 58958704900| 58958705000,2024.0,2024-01-01,Blue-Green Systems,6,1,54-69,-,ISSN-26174782,21101089362.0,Journal,IWA Publishing,English,0.86,38,4.4,36,0.741,25,1.84,35.0,1.0,0.15,6.78,56.0,66.0,0.0,0.0,"Sosa Rodriguez, F.S., Chaparro-Herrera, D.J., Vazquez-Arenas, J. and 2 more (...) (2024).Construction of wetlands in La Piedad Lagoon: a strategy to mitigate climate change in Mexico. Blue-Green Systems,6(1) 54-69",https://www.scopus.com/record/display.url?eid=2-s2.0-85188799728&origin=resultslist,10.2166/bgs.2024.038,Article,Gold,2-s2.0-85188799728,-,Universidad Autónoma Metropolitana| Universidad Nacional Autónoma de México,505017| 505023,Academic,2.0,60023193| 60005058| 60028381,Universidad Autónoma Metropolitana - Azcapotzalco| Facultad de Estudios Superiores Iztacala| Universidad Autónoma Metropolitana -Unidad Iztapalapa,36646751000,58958705000,36646751000,-,Mexico,1.0,2301| 2308| 2312,"Environmental Science (miscellaneous)| Management, Monitoring, Policy and Law| Water Science and Technology",3| 2,Social Sciences & Management| Engineering & Technology,424,Environmental Sciences,37,Physical Sciences,41| 33,Environmental Sciences| Built Environment And Design,4102| 3304,Ecological applications| Urban and regional planning,SDG 3| SDG 6| SDG 11| SDG 13| SDG 15,Microbial Solutions for Water Quality and Ecosystem Health,324,87.77,Nutrient Dynamics and Eutrophication in Lakes,15714,85.802,Definitive,2024.0,1.0,N/A,"Sosa Rodriguez, F.S.| Chaparro-Herrera, D.J.| Vazquez-Arenas, J.| Nava Arias, A.| Alva-Martínez, A.F.",Universidad Autónoma Metropolitana| Universidad Nacional Autónoma de México,Mexico,0
56013705500,56013705500,Unraveling the influence of deposited layers on Ti/RuO2 anodes to define the electroactivity of oxygen evolution and active chlorine reactions,"Sterling-Montealegre, J.M.| Norberto Benitez, L.| Palma-Goyes, R.E.| Luna-Sanchez, R.M.| Ferraro, F.| Palomino-Resendiz, R.L.| García-Solares, S.M.| Vazquez-Arenas, J.",8.0,59326826700| 24437746800| 36633077700| 6506635334| 36602259900| 57443378200| 56007072000| 56013705500,2024.0,2024-11-15,Journal of Electroanalytical Chemistry,973,-,-,118645,ISSN-15726657,9500154039.0,Journal,Elsevier B.V.,English,0.73,47,8.1,19,0.76,24,2.78,44.0,1.0,0.11,9.42,56.0,69.0,0.0,0.0,"Sterling-Montealegre, J.M., Norberto Benitez, L., Palma-Goyes, R.E. and 5 more (...) (2024).Unraveling the influence of deposited layers on Ti/RuO2 anodes to define the electroactivity of oxygen evolution and active chlorine reactions. Journal of Electroanalytical Chemistry,973",https://www.scopus.com/record/display.url?eid=2-s2.0-85203873965&origin=resultslist,10.1016/j.jelechem.2024.118645,Article,,2-s2.0-85203873965,-,Universidad Autónoma Metropolitana| Instituto Politécnico Nacional| Universidad del Valle| Universidad Católica Luis Amigó,505017| 505011| 604003| 719878,Academic,4.0,60066812| 60023193| 60189166| 60019176,"Universidad del Valle, Cali| Universidad Autónoma Metropolitana - Azcapotzalco| Universidad Católica Luis Amigó| Instituto Politécnico Nacional",59326826700,56013705500,36633077700,-,Mexico| Colombia,2.0,1500| 1602| 1603,General Chemical Engineering| Analytical Chemistry| Electrochemistry,4| 2,Natural Sciences| Engineering & Technology,409| 219,Chemistry| Engineering - Chemical,37| 36,Physical Sciences| Engineering,34,Chemical Sciences,3401| 3406,Analytical chemistry| Physical chemistry,-,Innovative Approaches in Wastewater Treatment Technologies,433,93.264,Electrochemical Techniques for Wastewater Degradation,336,99.825,Definitive,2024.0,1.0,N/A,"Sterling-Montealegre, J.M.| Norberto Benitez, L.| Palma-Goyes, R.E.| Luna-Sanchez, R.M.| Ferraro, F.| Palomino-Resendiz, R.L.| García-Solares, S.M.| Vazquez-Arenas, J.",Universidad Autónoma Metropolitana| Instituto Politécnico Nacional| Universidad del Valle| Universidad Católica Luis Amigó,Mexico| Colombia,0
