Autor,Autor_ID,Title,Authors,Number of Authors,Scopus Author Ids,Year,Full date,Scopus Source title,Volume,Issue,Pages,Article number,ISSN,Source ID,Source type,Publisher,Language,SNIP (publication year),SNIP percentile (publication year) *,CiteScore (publication year),CiteScore percentile (publication year) *,SJR (publication year),SJR percentile (publication year) *,Field-Weighted View Impact,Views,Citations,Field-Weighted Citation Impact,Field-Citation Average,"Outputs in Top Citation Percentiles, per percentile","Field-Weighted Outputs in Top Citation Percentiles, per percentile",Main patent families,Policy citations,Reference,Abstract,DOI,Publication type,Open Access,EID,PubMed ID,Institutions,Institution IDs,Sector,Number of Institutions,Scopus Affiliation IDs,Scopus Affiliation names,Scopus Author ID First Author,Scopus Author ID Last Author,Scopus Author ID Corresponding Author,Scopus Author ID Single Author,Country/Region,Number of Countries/Regions,All Science Journal Classification (ASJC) code,All Science Journal Classification (ASJC) field name,Quacquarelli Symonds (QS) Subject area code,Quacquarelli Symonds (QS) Subject area field name,Quacquarelli Symonds (QS) Subject code,Quacquarelli Symonds (QS) Subject field name,Times Higher Education (THE) code,Times Higher Education (THE) field name,ANZSRC FoR (2020) parent code,ANZSRC FoR (2020) parent name,ANZSRC FoR (2020) code,ANZSRC FoR (2020) name,Sustainable Development Goals (2025),Topic Cluster name,Topic Cluster number,Topic Cluster Prominence Percentile,Topic name,Topic number,Topic Prominence Percentile,Publication link to Topic strength,Año,Citas,Colaboracion,Autores,Instituciones,Regiones,Instituciones_Nacionales
57204698538,57204698538,"NWChem: Past, present, and future","Aprà, E.| Bylaska, E.J.| De Jong, W.A.| Govind, N.| Kowalski, K.| Straatsma, T.P.| Valiev, M.| Van Dam, H.J.J.| Alexeev, Y.| Anchell, J.| Anisimov, V.| Aquino, F.W.| Atta-Fynn, R.| Autschbach, J.| Bauman, N.P.| Becca, J.C.| Bernholdt, D.E.| Bhaskaran-Nair, K.| Bogatko, S.| Borowski, P.| Boschen, J.| Brabec, J.| Bruner, A.| Cauët, E.| Chen, Y.| Chuev, G.N.| Cramer, C.J.| Daily, J.| Deegan, M.J.O.| Dunning, T.H.| Dupuis, M.| Dyall, K.G.| Fann, G.I.| Fischer, S.A.| Fonari, A.| Früchtl, H.| Gagliardi, L.| Garza, J.| Gawande, N.| Ghosh, S.| Glaesemann, K.| Götz, A.W.| Hammond, J.| Helms, V.| Hermes, E.D.| Hirao, K.| Hirata, S.| Jacquelin, M.| Jensen, L.| Johnson, B.G.| Jónsson, H.| Kendall, R.A.| Klemm, M.| Kobayashi, R.| Konkov, V.| Krishnamoorthy, S.| Krishnan, M.| Lin, Z.| Lins, R.D.| Littlefield, R.J.| Logsdail, A.J.| Lopata, K.| Ma, W.| Marenich, A.V.| Martin Del Campo, J.| Mejia-Rodriguez, D.| Moore, J.E.| Mullin, J.M.| Nakajima, T.| Nascimento, D.R.| Nichols, J.A.| Nichols, P.J.| Nieplocha, J.| Otero-De-La-Roza, A.| Palmer, B.| Panyala, A.| Pirojsirikul, T.| Peng, B.| Peverati, R.| Pittner, J.| Pollack, L.| Richard, R.M.| Sadayappan, P.| Schatz, G.C.| Shelton, W.A.| Silverstein, D.W.| Smith, D.M.A.| Soares, T.A.| Song, D.| Swart, M.| Taylor, H.L.| Thomas, G.S.| Tipparaju, V.| Truhlar, D.G.| Tsemekhman, K.| Van Voorhis, T.| Vázquez-Mayagoitia, A.| Verma, P.| Villa, O.| Vishnu, A.| Vogiatzis, K.D.| Wang, D.| Weare, J.H.| Williamson, M.J.| Windus, T.L.| Woliński, K.| Wong, A.T.| Wu, Q.| Yang, C.| Yu, Q.| Zacharias, M.| Zhang, Z.| Zhao, Y.| Harrison, R.J.",114.0,6603601682| 6701463104| 7201947545| 7003951565| 7103026909| 6701612707| 6603839075| 36927019300| 6602740577| 7801467365| 57216816550| 9638726000| 16021444100| 57206407510| 36859321200| 57201974225| 6603558471| 25822426700| 35736704000| 7003958545| 56099909800| 56625161900| 57190667066| 14059425500| 57216817638| 6603743457| 7202488076| 22979082200| 57216815297| 35461897500| 7102457318| 6701906861| 6602486537| 35181291300| 36571626000| 7801444916| 7006451975| 57204698538| 6507933467| 57202711007| 6603278839| 59157687500| 56597493000| 55937417700| 57090291100| 59268001600| 7202205669| 35932572500| 7403326681| 34770699900| 22971441100| 58057923700| 22985489100| 23015136800| 57204873924| 7004817496| 35583093900| 56296492600| 23992675300| 7003289252| 26639651700| 23566993000| 54400301700| 6701573498| 57886320600| 56386030100| 59787974400| 24172367100| 57210600898| 56385296400| 36111612900| 24177135400| 6603702277| 25026248600| 7201727196| 55524130800| 57194016061| 57192650060| 10040856900| 59831239600| 57198083993| 14827987300| 7004379362| 35498524400| 12802839400| 57191279865| 57198519962| 7003919798| 57216817170| 7005462279| 57212420935| 35197330000| 9736446000| 35419333100| 6507651319| 6603854124| 56002752600| 36751115200| 15052695000| 9735116100| 55933504000| 55657918800| 7004173153| 7202991257| 6603042045| 35613841500| 59108202400| 7404602295| 7407738693| 57216816360| 7005598310| 56491747000| 57548895400| 7403907299,2020.0,2020-05-14,Journal of Chemical Physics,152,18,-,184102,ISSN-00219606,28134.0,Journal,American Institute of Physics Inc.,English,0.97,33,5.5,17,1.071,17,10.58,376.0,671.0,28.97,13.25,1.0,1.0,1.0,1.0,"Aprà, E., Bylaska, E.J., De Jong, W.A. and 111 more (...) (2020).NWChem: Past, present, and future. Journal of Chemical Physics,152(18) ",https://www.scopus.com/record/display.url?eid=2-s2.0-85084785862&origin=resultslist,10.1063/5.0004997,Article,Bronze|Green,2-s2.0-85084785862,32414274,"University of Manchester| Louisiana State University| Intel| Ames Laboratory| Universal Display Corporation| Lawrence Berkeley National Laboratory| Siemens| Meta| University of Utah| Georgia Institute of Technology| University of Minnesota Twin Cities| Technical University of Munich| Universidade Federal de Pernambuco| University of Tennessee, Knoxville| Université libre de Bruxelles| Russian Academy of Sciences| Max Planck Institute for Coal Research| EaStCHEM Research School| Washington University St. Louis| Maria Curie-Skłodowska University in Lublin| Gaussian Inc.| RIKEN| Shandong Normal University| Cray Inc| University of Illinois at Urbana-Champaign| University of California at San Diego| NVIDIA| University of Washington| Los Alamos National Laboratory| Australian National University| Pacific Northwest National Laboratory| Oak Ridge National Laboratory| University of Florida| University of Cambridge| Sandia National Laboratories| Prince of Songkla University| SUNY Buffalo| Czech Academy of Sciences| Stony Brook University| Northwestern University| Cardiff University| University of Iceland| Aalto University| Wuhan University of Technology| Stanford University| Fundação Oswaldo Cruz| Brookhaven National Laboratory| Saarland University| University of Texas at Arlington| University of Tennessee System| United States Department of Energy| Florida Institute of Technology| Pennsylvania State University| University of Girona| University of St Andrews| Universidad Nacional Autónoma de México| University of Oviedo| ICREA| University of Science and Technology of China| Iowa State University| Universidad Autónoma Metropolitana| Naval Research Laboratory| Massachusetts Institute of Technology| Argonne National Laboratory| CAS - Institute of Software| Chinese Academy of Sciences| Advanced Micro Devices",315088| 508105| 508534| 508403| 711206| 508099| 309204| 708035| 508355| 508072| 508305| 309054| 602030| 508343| 303010| 331046| 700898| 725057| 508370| 327011| 711369| 208128| 203164| 707863| 508285| 508264| 704234| 508358| 508104| 201001| 508185| 508177| 508279| 315068| 508208| 216009| 508223| 308014| 508225| 508175| 315006| 320001| 313003| 203221| 508219| 602002| 508017| 309049| 508344| 508802| 508244| 508063| 508186| 312056| 315098| 505023| 312029| 312131| 203213| 508088| 505017| 508161| 508111| 715878| 203288| 700714| 508388,Academic| Government| Corporate,67.0,60023471| 60007174| 60024266| 60006221| 60028609| 60033010| 60336347| 60003467| 60032083| 60001439| 60010261| 60313615| 60011685| 60004354| 60031135| 60030266| 106323398| 60000145| 60271648| 60013366| 60021331| 60152345| 60029445| 60003771| 60015481| 60356797| 60027271| 60019647| 60181354| 60022132| 60028381| 60030612| 60025135| 60033241| 60015900| 60016648| 60000745| 60312013| 60071113| 60008950| 60010339| 60144861| 60019118| 60026004| 60359136| 60023998| 60007566| 60025256| 60019499| 60032442| 60013959| 60154289| 60391337| 60277300| 60006164| 60006793| 60006314| 60355089| 60008023| 60150772| 60025488| 60007363| 60019488| 60030543| 60031482| 60032907| 60028673| 60018407| 60349163| 60022195| 60311342| 60076695| 60015574| 60002210| 60031101| 60355437| 60018489| 60019722| 60012708| 60022414| 60129468| 60026415| 60103653| 60009952| 124515747| 60018135| 60020257,"Pacific Northwest National Laboratory| Lawrence Berkeley National Laboratory| Oak Ridge National Laboratory| Brookhaven National Laboratory| Argonne National Laboratory| Intel Corporation| QSimulate| The University of Texas at Arlington| University at Buffalo, The State University of New York| Pennsylvania State University| Washington University in St. Louis| 4G Clinical LLC| Uniwersytet Marii Curie-Sklodowskiej w Lublinie| Iowa State University| Academy of Sciences of the Czech Republic| J. Heyrovsky Institute of Physical Chemistry of the Academy of Sciences of the Czech Republic| University of Tennessee| Université Libre de Bruxelles| Meta| Institute of Theoretical and Experimental Biophysics of the Russian Academy of Sciences| Russian Academy of Sciences| College of Science and Engineering| University of Minnesota Twin Cities| The University of Manchester| University of Washington| Dirac Solutions Inc.| U.S. Naval Research Laboratory| Georgia Institute of Technology| EaStCHEM St Andrews| University of St Andrews| Universidad Autónoma Metropolitana -Unidad Iztapalapa| University of California, San Diego| San Diego Supercomputer Center| Universität des Saarlandes| Sandia National Laboratories, California| Riken| University of Illinois Urbana-Champaign| Acrobatiq| Haskoli Islands| The Australian National University| Florida Institute of Technology| College of Engineering and Science| University of Science and Technology of China| Fundacao Oswaldo Cruz| Zerene Systems LLC| Cardiff University| Louisiana State University| Institute of Software Chinese Academy of Sciences| Chinese Academy of Sciences| Universidad Nacional Autónoma de México| University of Florida| College of Liberal Arts and Sciences| DCI Solutions| RIKEN Center for Computational Science| Los Alamos National Laboratory| Universidad de Oviedo| Prince of Songkla University| StudyPoint, Inc.| Ames Laboratory| John and Marcia Price College of Engineering| The University of Utah| Northwestern University| Cain Department of Chemical Engineering| Universal Display Corporation| Universidade Federal de Pernambuco| Institució Catalana de Recerca i Estudis Avançats| Siemens AG| Cray Inc.| Gympass US, LLC| Massachusetts Institute of Technology| 1QB Information Technologies Inc.| NVIDIA| The University of Tennessee, Knoxville| Shandong Normal University| University of Cambridge| Qwil PBC| Advanced Micro Devices, Inc.| Technische Universität München| Stanford University| Wuhan University of Technology| State Key Laboratory of Silicate Materials for Architectures| Stony Brook University| Aalto University| Universitat de Girona| Schrӧdinger, Inc.| Max Planck Institute for Coal Research| Gaussian Inc.",6603601682,7403907299,7103026909,-,United Kingdom| Mexico| Spain| Japan| Finland| Thailand| Czech Republic| Brazil| Belgium| China| Poland| United States| Germany| Iceland| Australia| Russian Federation| Canada,17.0,1606| 3100,Physical and Theoretical Chemistry| General Physics and Astronomy,4| 2,Natural Sciences| Engineering & Technology,439| 409| 249,Physics & Astronomy| Chemistry| Engineering - Petroleum,37,Physical Sciences,40| 51| 34,Engineering| Physical Sciences| Chemical Sciences,-,-,-,Quantum Chemistry and Molecular Dynamics in Energy Systems,400,34.729,Multireference Coupled Cluster Methods in Quantum Chemistry,2204,93.905,Very Good,2020.0,671.0,N/A,"Aprà, E.| Bylaska, E.J.| De Jong, W.A.| Govind, N.| Kowalski, K.| Straatsma, T.P.| Valiev, M.| Van Dam, H.J.J.| Alexeev, Y.| Anchell, J.| Anisimov, V.| Aquino, F.W.| Atta-Fynn, R.| Autschbach, J.| Bauman, N.P.| Becca, J.C.| Bernholdt, D.E.| Bhaskaran-Nair, K.| Bogatko, S.| Borowski, P.| Boschen, J.| Brabec, J.| Bruner, A.| Cauët, E.| Chen, Y.| Chuev, G.N.| Cramer, C.J.| Daily, J.| Deegan, M.J.O.| Dunning, T.H.| Dupuis, M.| Dyall, K.G.| Fann, G.I.| Fischer, S.A.| Fonari, A.| Früchtl, H.| Gagliardi, L.| Garza, J.| Gawande, N.| Ghosh, S.| Glaesemann, K.| Götz, A.W.| Hammond, J.| Helms, V.| Hermes, E.D.| Hirao, K.| Hirata, S.| Jacquelin, M.| Jensen, L.| Johnson, B.G.| Jónsson, H.| Kendall, R.A.| Klemm, M.| Kobayashi, R.| Konkov, V.| Krishnamoorthy, S.| Krishnan, M.| Lin, Z.| Lins, R.D.| Littlefield, R.J.| Logsdail, A.J.| Lopata, K.| Ma, W.| Marenich, A.V.| Martin Del Campo, J.| Mejia-Rodriguez, D.| Moore, J.E.| Mullin, J.M.| Nakajima, T.| Nascimento, D.R.| Nichols, J.A.| Nichols, P.J.| Nieplocha, J.| Otero-De-La-Roza, A.| Palmer, B.| Panyala, A.| Pirojsirikul, T.| Peng, B.| Peverati, R.| Pittner, J.| Pollack, L.| Richard, R.M.| Sadayappan, P.| Schatz, G.C.| Shelton, W.A.| Silverstein, D.W.| Smith, D.M.A.| Soares, T.A.| Song, D.| Swart, M.| Taylor, H.L.| Thomas, G.S.| Tipparaju, V.| Truhlar, D.G.| Tsemekhman, K.| Van Voorhis, T.| Vázquez-Mayagoitia, A.| Verma, P.| Villa, O.| Vishnu, A.| Vogiatzis, K.D.| Wang, D.| Weare, J.H.| Williamson, M.J.| Windus, T.L.| Woliński, K.| Wong, A.T.| Wu, Q.| Yang, C.| Yu, Q.| Zacharias, M.| Zhang, Z.| Zhao, Y.| Harrison, R.J.","University of Manchester| Louisiana State University| Intel| Ames Laboratory| Universal Display Corporation| Lawrence Berkeley National Laboratory| Siemens| Meta| University of Utah| Georgia Institute of Technology| University of Minnesota Twin Cities| Technical University of Munich| Universidade Federal de Pernambuco| University of Tennessee, Knoxville| Université libre de Bruxelles| Russian Academy of Sciences| Max Planck Institute for Coal Research| EaStCHEM Research School| Washington University St. Louis| Maria Curie-Skłodowska University in Lublin| Gaussian Inc.| RIKEN| Shandong Normal University| Cray Inc| University of Illinois at Urbana-Champaign| University of California at San Diego| NVIDIA| University of Washington| Los Alamos National Laboratory| Australian National University| Pacific Northwest National Laboratory| Oak Ridge National Laboratory| University of Florida| University of Cambridge| Sandia National Laboratories| Prince of Songkla University| SUNY Buffalo| Czech Academy of Sciences| Stony Brook University| Northwestern University| Cardiff University| University of Iceland| Aalto University| Wuhan University of Technology| Stanford University| Fundação Oswaldo Cruz| Brookhaven National Laboratory| Saarland University| University of Texas at Arlington| University of Tennessee System| United States Department of Energy| Florida Institute of Technology| Pennsylvania State University| University of Girona| University of St Andrews| Universidad Nacional Autónoma de México| University of Oviedo| ICREA| University of Science and Technology of China| Iowa State University| Universidad Autónoma Metropolitana| Naval Research Laboratory| Massachusetts Institute of Technology| Argonne National Laboratory| CAS - Institute of Software| Chinese Academy of Sciences| Advanced Micro Devices",United Kingdom| Mexico| Spain| Japan| Finland| Thailand| Czech Republic| Brazil| Belgium| China| Poland| United States| Germany| Iceland| Australia| Russian Federation| Canada,0
57204698538,57204698538,AUTOMATON: A Program That Combines a Probabilistic Cellular Automata and a Genetic Algorithm for Global Minimum Search of Clusters and Molecules,"Yañez, O.| Báez-Grez, R.| Inostroza, D.| Rabanal-León, W.A.| Pino-Rios, R.| Garza, J.| Tiznado, W.",7.0,55794064800| 57201096006| 56688618700| 56021774000| 56951201800| 57204698538| 6507292367,2019.0,2019-02-12,Journal of Chemical Theory and Computation,15,2,1463-1475,-,ISSN-15499618,5100155074.0,Journal,American Chemical Society,English,1.44,14,9.2,7,1.759,9,1.33,46.0,76.0,2.74,12.42,5.0,8.0,0.0,0.0,"Yañez, O., Báez-Grez, R., Inostroza, D. and 4 more (...) (2019).AUTOMATON: A Program That Combines a Probabilistic Cellular Automata and a Genetic Algorithm for Global Minimum Search of Clusters and Molecules. Journal of Chemical Theory and Computation,15(2) 1463-1475",https://www.scopus.com/record/display.url?eid=2-s2.0-85059808425&origin=resultslist,10.1021/acs.jctc.8b00772,Article,,2-s2.0-85059808425,30543750,Universidad de Santiago de Chile| Universidad Andrés Bello| Universidad Autónoma Metropolitana,603006| 603010| 505017,Academic,3.0,60002636| 60023383| 60028381,Universidad Andrés Bello| Universidad de Santiago de Chile| Universidad Autónoma Metropolitana -Unidad Iztapalapa,55794064800,6507292367,56021774000| 6507292367,-,Chile| Mexico,2.0,1606| 1706,Physical and Theoretical Chemistry| Computer Science Applications,4| 2,Natural Sciences| Engineering & Technology,249| 409| 213| 212,Engineering - Petroleum| Chemistry| Data Science| Computer Science & Information Systems,37| 38,Physical Sciences| Computer Science,34,Chemical Sciences,3407| 3406,Theoretical and computational chemistry| Physical chemistry,-,Quantum Chemistry and Molecular Interaction Insights,8,83.453,Planar Tetracoordinate Carbon Structures,42041,79.836,Defensible,2019.0,76.0,N/A,"Yañez, O.| Báez-Grez, R.| Inostroza, D.| Rabanal-León, W.A.| Pino-Rios, R.| Garza, J.| Tiznado, W.",Universidad de Santiago de Chile| Universidad Andrés Bello| Universidad Autónoma Metropolitana,Chile| Mexico,0
57204698538,57204698538,Roothaan's approach to solve the Hartree-Fock equations for atoms confined by soft walls: Basis set with correct asymptotic behavior,"Rodriguez-Bautista, M.| Díaz-García, C.| Navarrete-López, A.M.| Vargas, R.| Garza, J.",5.0,56721438500| 8240579700| 22980766800| 55989742600| 57204698538,2015.0,2015-07-21,Journal of Chemical Physics,143,3,-,034103,ISSN-00219606,28134.0,Journal,American Institute of Physics Inc.,English,1.05,26,5.2,12,1.255,14,0.88,32.0,66.0,1.68,10.7,8.0,17.0,0.0,0.0,"Rodriguez-Bautista, M., Díaz-García, C., Navarrete-López, A.M. and 2 more (...) (2015).Roothaan's approach to solve the Hartree-Fock equations for atoms confined by soft walls: Basis set with correct asymptotic behavior. Journal of Chemical Physics,143(3) ",https://www.scopus.com/record/display.url?eid=2-s2.0-84937053747&origin=resultslist,10.1063/1.4926657,Article,,2-s2.0-84937053747,-,Universidad Autónoma Metropolitana,505017,Academic,1.0,60028381,Universidad Autónoma Metropolitana -Unidad Iztapalapa,56721438500,57204698538,-,-,Mexico,1.0,1606| 3100,Physical and Theoretical Chemistry| General Physics and Astronomy,4| 2,Natural Sciences| Engineering & Technology,409| 439| 249,Chemistry| Physics & Astronomy| Engineering - Petroleum,37,Physical Sciences,51| 40| 34,Physical Sciences| Engineering| Chemical Sciences,-,-,-,Quantum Well Structures in Silicon Devices,239,33.028,Quantum Confinement Effects in Atomic Systems,30014,68.41,Definitive,2015.0,66.0,N/A,"Rodriguez-Bautista, M.| Díaz-García, C.| Navarrete-López, A.M.| Vargas, R.| Garza, J.",Universidad Autónoma Metropolitana,Mexico,0
57204698538,57204698538,Electron-density delocalization in many-electron atoms confined by penetrable walls: A Hartree–Fock study,"Rodriguez-Bautista, M.| Vargas, R.| Aquino, N.| Garza, J.",4.0,56721438500| 55989742600| 7004300096| 57204698538,2018.0,2018-07-05,International Journal of Quantum Chemistry,118,13,-,e25571,ISSN-00207608,24127.0,Journal,John Wiley and Sons Inc.,English,0.85,40,4.6,23,0.848,24,0.57,12.0,44.0,2.33,10.74,12.0,10.0,0.0,0.0,"Rodriguez-Bautista, M., Vargas, R., Aquino, N. and 1 more (...) (2018).Electron-density delocalization in many-electron atoms confined by penetrable walls: A Hartree–Fock study. International Journal of Quantum Chemistry,118(13) ",https://www.scopus.com/record/display.url?eid=2-s2.0-85048027024&origin=resultslist,10.1002/qua.25571,Article,,2-s2.0-85048027024,-,Universidad Autónoma Metropolitana,505017,Academic,1.0,60028381,Universidad Autónoma Metropolitana -Unidad Iztapalapa,56721438500,57204698538,57204698538,-,Mexico,1.0,1606| 3104| 3107,"Physical and Theoretical Chemistry| Condensed Matter Physics| Atomic and Molecular Physics, and Optics",2| 4,Engineering & Technology| Natural Sciences,439| 249| 409,Physics & Astronomy| Engineering - Petroleum| Chemistry,37,Physical Sciences,34,Chemical Sciences,3407| 3406,Theoretical and computational chemistry| Physical chemistry,-,Quantum Well Structures in Silicon Devices,239,33.028,Quantum Confinement Effects in Atomic Systems,30014,68.41,Definitive,2018.0,44.0,N/A,"Rodriguez-Bautista, M.| Vargas, R.| Aquino, N.| Garza, J.",Universidad Autónoma Metropolitana,Mexico,0
57204698538,57204698538,Shannon entropy for the hydrogen atom confined by four different potentials,"Martínez-Sánchez, M.-A.| Vargas, R.| Garza, J.",3.0,57190744750| 55989742600| 57204698538,2019.0,2019-12-01,Quantum Reports,1,2,208-218,-,ISSN-2624960X,21101043793.0,Journal,MDPI AG,English,-,-,-,-,-,-,0.12,7.0,35.0,1.81,10.47,14.0,15.0,0.0,0.0,"Martínez-Sánchez, M.-A., Vargas, R., Garza, J. (2019).Shannon entropy for the hydrogen atom confined by four different potentials. Quantum Reports,1(2) 208-218",https://www.scopus.com/record/display.url?eid=2-s2.0-85104999006&origin=resultslist,10.3390/quantum1020018,Article,Gold|Green,2-s2.0-85104999006,-,Universidad Autónoma Metropolitana,505017,Academic,1.0,60028381,Universidad Autónoma Metropolitana -Unidad Iztapalapa,57190744750,57204698538,57204698538,-,Mexico,1.0,3101| 3103| 3107| 3109,"Physics and Astronomy (miscellaneous)| Astronomy and Astrophysics| Atomic and Molecular Physics, and Optics| Statistical and Nonlinear Physics",4,Natural Sciences,439,Physics & Astronomy,37,Physical Sciences,51,Physical Sciences,5108| 5104| 5107,Quantum physics| Condensed matter physics| Particle and high energy physics,-,Quantum Well Structures in Silicon Devices,239,33.028,Quantum Confinement Effects in Atomic Systems,30014,68.41,Definitive,2019.0,35.0,N/A,"Martínez-Sánchez, M.-A.| Vargas, R.| Garza, J.",Universidad Autónoma Metropolitana,Mexico,0
57204698538,57204698538,Theoretical Study of Sodium Effect on the Gasification of Carbonaceous Materials with Carbon Dioxide,"Calderón, L.A.| Garza, J.| Espinal, J.F.",3.0,57035062700| 57204698538| 6701633214,2015.0,2015-12-24,Journal of Physical Chemistry A,119,51,12756-12766,-,ISSN-10895639,26969.0,Journal,American Chemical Society,English,1.05,26,5,26,1.148,17,1.85,53.0,34.0,1.13,10.57,18.0,26.0,0.0,0.0,"Calderón, L.A., Garza, J., Espinal, J.F. (2015).Theoretical Study of Sodium Effect on the Gasification of Carbonaceous Materials with Carbon Dioxide. Journal of Physical Chemistry A,119(51) 12756-12766",https://www.scopus.com/record/display.url?eid=2-s2.0-84952915623&origin=resultslist,10.1021/acs.jpca.5b07020,Article,,2-s2.0-84952915623,-,Universidad Autónoma Metropolitana| Universidad de Antioquia,505017| 604001,Academic,2.0,60055833| 60028381,Universidad de Antioquia| Universidad Autónoma Metropolitana -Unidad Iztapalapa,57035062700,6701633214,6701633214,-,Mexico| Colombia,2.0,1606,Physical and Theoretical Chemistry,2| 4,Engineering & Technology| Natural Sciences,409| 249,Chemistry| Engineering - Petroleum,37,Physical Sciences,51| 34,Physical Sciences| Chemical Sciences,5102| 3407| 3406,"Atomic, molecular and optical physics| Theoretical and computational chemistry| Physical chemistry",-,Coal Gasification and Pyrolysis Processes,340,85.742,Nitrogen Management in Coal Combustion Processes,8123,94.123,Very Good,2015.0,34.0,N/A,"Calderón, L.A.| Garza, J.| Espinal, J.F.",Universidad Autónoma Metropolitana| Universidad de Antioquia,Mexico| Colombia,0
57204698538,57204698538,Solution of the Kohn–Sham equations for many-electron atoms confined by penetrable walls,"Martínez-Sánchez, M.-A.| Rodriguez-Bautista, M.| Vargas, R.| Garza, J.",4.0,57190744750| 56721438500| 55989742600| 57204698538,2016.0,2016-08-01,Theoretical Chemistry Accounts,135,8,-,207,ISSN-1432881X,21970.0,Journal,Springer New York LLC,English,0.59,56,2.1,62,0.527,53,0.36,20.0,31.0,1.46,10.29,19.0,20.0,0.0,0.0,"Martínez-Sánchez, M.-A., Rodriguez-Bautista, M., Vargas, R. and 1 more (...) (2016).Solution of the Kohn–Sham equations for many-electron atoms confined by penetrable walls. Theoretical Chemistry Accounts,135(8) ",https://www.scopus.com/record/display.url?eid=2-s2.0-84982813802&origin=resultslist,10.1007/s00214-016-1968-8,Article,,2-s2.0-84982813802,-,Universidad Autónoma Metropolitana,505017,Academic,1.0,60028381,Universidad Autónoma Metropolitana -Unidad Iztapalapa,57190744750,57204698538,57204698538,-,Mexico,1.0,1606,Physical and Theoretical Chemistry,4| 2,Natural Sciences| Engineering & Technology,409| 249,Chemistry| Engineering - Petroleum,37,Physical Sciences,34,Chemical Sciences,3406| 3407,Physical chemistry| Theoretical and computational chemistry,-,Quantum Well Structures in Silicon Devices,239,33.028,Quantum Confinement Effects in Atomic Systems,30014,68.41,Definitive,2016.0,31.0,N/A,"Martínez-Sánchez, M.-A.| Rodriguez-Bautista, M.| Vargas, R.| Garza, J.",Universidad Autónoma Metropolitana,Mexico,0
57204698538,57204698538,Evaluation of restricted probabilistic cellular automata on the exploration of the potential energy surface of Be6B11−,"Yañez, O.| Inostroza, D.| Usuga-Acevedo, B.| Vásquez-Espinal, A.| Pino-Rios, R.| Tabilo-Sepulveda, M.| Garza, J.| Barroso, J.| Merino, G.| Tiznado, W.",10.0,55794064800| 56688618700| 57214818931| 56108486100| 56951201800| 57214820485| 57204698538| 57194047463| 56000743500| 6507292367,2020.0,2020-03-01,Theoretical Chemistry Accounts,139,3,-,41,ISSN-1432881X,21970.0,Journal,Springer,English,0.56,60,2.6,62,0.431,55,0.72,23.0,29.0,1.78,12.33,17.0,14.0,0.0,0.0,"Yañez, O., Inostroza, D., Usuga-Acevedo, B. and 7 more (...) (2020).Evaluation of restricted probabilistic cellular automata on the exploration of the potential energy surface of Be6B11−. Theoretical Chemistry Accounts,139(3) ",https://www.scopus.com/record/display.url?eid=2-s2.0-85079210070&origin=resultslist,10.1007/s00214-020-2548-5,Article,,2-s2.0-85079210070,-,Universidad de Santiago de Chile| Centro de Investigacion y de Estudios Avanzados del Instituto Politécnico Nacional| Universidad Autónoma Metropolitana| Universidad Andrés Bello,603006| 505002| 505017| 603010,Academic| Government,4.0,60002636| 60023383| 60028381| 60010531,Universidad Andrés Bello| Universidad de Santiago de Chile| Universidad Autónoma Metropolitana -Unidad Iztapalapa| CINVESTAV Unidad Merida,55794064800,6507292367,6507292367,-,Chile| Mexico,2.0,1606,Physical and Theoretical Chemistry,2| 4,Engineering & Technology| Natural Sciences,409| 249,Chemistry| Engineering - Petroleum,37,Physical Sciences,34,Chemical Sciences,3406| 3407,Physical chemistry| Theoretical and computational chemistry,-,Quantum Chemistry and Molecular Interaction Insights,8,83.453,Innovative Boron Structures and Their Applications,10373,97.463,Very Good,2020.0,29.0,N/A,"Yañez, O.| Inostroza, D.| Usuga-Acevedo, B.| Vásquez-Espinal, A.| Pino-Rios, R.| Tabilo-Sepulveda, M.| Garza, J.| Barroso, J.| Merino, G.| Tiznado, W.",Universidad de Santiago de Chile| Centro de Investigacion y de Estudios Avanzados del Instituto Politécnico Nacional| Universidad Autónoma Metropolitana| Universidad Andrés Bello,Chile| Mexico,0
57204698538,57204698538,Insights on the cellulose pretreatment at room temperature by choline-chloride-based deep eutectic solvents: an atomistic study,"Sánchez-Badillo, J.A.| Gallo, M.| Rutiaga-Quiñones, J.G.| Garza, J.| López-Albarrán, P.",5.0,54406319000| 56000771200| 55995914500| 57204698538| 36175997800,2022.0,2022-08-01,Cellulose,29,12,6517-6548,-,ISSN-09690239,25810.0,Journal,Springer Science and Business Media B.V.,English,1.17,22,10,10,1.011,13,1.54,39.0,28.0,1.58,13.31,10.0,17.0,1.0,0.0,"Sánchez-Badillo, J.A., Gallo, M., Rutiaga-Quiñones, J.G. and 2 more (...) (2022).Insights on the cellulose pretreatment at room temperature by choline-chloride-based deep eutectic solvents: an atomistic study. Cellulose,29(12) 6517-6548",https://www.scopus.com/record/display.url?eid=2-s2.0-85132197749&origin=resultslist,10.1007/s10570-022-04671-x,Article,,2-s2.0-85132197749,-,"Tecnológico Nacional de México, Mexico City| Universidad Autónoma Metropolitana| Universidad Michoacana de San Nicolas de Hidalgo",719128| 505017| 505022,Academic,3.0,60032816| 60134870| 60028381,Universidad Michoacana de San Nicolás de Hidalgo| Tecnológico Nacional de México| Universidad Autónoma Metropolitana -Unidad Iztapalapa,54406319000,36175997800,36175997800,-,Mexico,1.0,2507,Polymers and Plastics,4,Natural Sciences,433,Materials Science,36,Engineering,34| 40,Chemical Sciences| Engineering,3403| 4016,Macromolecular and materials chemistry| Materials engineering,-,Biomass Conversion and Catalytic Innovations,49,98.103,Natural Deep Eutectic Solvents in Extraction Applications,2617,99.885,Very Good,2022.0,28.0,N/A,"Sánchez-Badillo, J.A.| Gallo, M.| Rutiaga-Quiñones, J.G.| Garza, J.| López-Albarrán, P.","Tecnológico Nacional de México, Mexico City| Universidad Autónoma Metropolitana| Universidad Michoacana de San Nicolas de Hidalgo",Mexico,0
57204698538,57204698538,The substituent effect on the antioxidant capacity of catechols and resorcinols,"Ortega-Moo, C.| Garza, J.| Vargas, R.",3.0,35746954900| 57204698538| 55989742600,2016.0,2016-07-01,Theoretical Chemistry Accounts,135,7,-,177,ISSN-1432881X,21970.0,Journal,Springer New York LLC,English,0.59,56,2.1,62,0.527,53,1.12,34.0,26.0,0.58,10.29,22.0,43.0,0.0,0.0,"Ortega-Moo, C., Garza, J., Vargas, R. (2016).The substituent effect on the antioxidant capacity of catechols and resorcinols. Theoretical Chemistry Accounts,135(7) ",https://www.scopus.com/record/display.url?eid=2-s2.0-84978083424&origin=resultslist,10.1007/s00214-016-1932-7,Article,,2-s2.0-84978083424,-,Universidad Autónoma Metropolitana,505017,Academic,1.0,60028381,Universidad Autónoma Metropolitana -Unidad Iztapalapa,35746954900,55989742600,55989742600,-,Mexico,1.0,1606,Physical and Theoretical Chemistry,2| 4,Engineering & Technology| Natural Sciences,249| 409,Engineering - Petroleum| Chemistry,37,Physical Sciences,34,Chemical Sciences,3407| 3406,Theoretical and computational chemistry| Physical chemistry,-,Radical Mechanisms in Alkaloid Chemistry,1178,12.492,Mechanisms of Radical Scavenging in Antioxidants,7544,93.035,Defensible,2016.0,26.0,N/A,"Ortega-Moo, C.| Garza, J.| Vargas, R.",Universidad Autónoma Metropolitana,Mexico,0
57204698538,57204698538,Fluorometric detection of iodine by MIL-53(Al)-TDC,"Díaz-Ramírez, M.L.| Vargas, B.| Raziel Álvarez, J.| Landeros-Rivera, B.| Rivera-Almazo, M.| Ramos, C.| Gabriel Flores, J.| Morales, E.| Vargas, R.| Garza, J.| González-Zamora, E.| Martínez, A.| Solís-Ibarra, D.| Ibarra, I.A.",14.0,57209578929| 57194947554| 57216958934| 57192995930| 57200856573| 57216959549| 57195242626| 57216957849| 55989742600| 57204698538| 55989686000| 7404025645| 35099497400| 55000477500,2020.0,2020-05-28,Dalton Transactions,49,20,6572-6577,-,ISSN-14779226,9500153949.0,Journal,Royal Society of Chemistry,English,0.86,41,6.7,14,0.98,16,1.77,44.0,25.0,1.49,11.42,20.0,18.0,0.0,0.0,"Díaz-Ramírez, M.L., Vargas, B., Raziel Álvarez, J. and 11 more (...) (2020).Fluorometric detection of iodine by MIL-53(Al)-TDC. Dalton Transactions,49(20) 6572-6577",https://www.scopus.com/record/display.url?eid=2-s2.0-85085535577&origin=resultslist,10.1039/d0dt00945h,Article,,2-s2.0-85085535577,32338666,Universidad Autónoma Metropolitana| Universidad Nacional Autónoma de México,505017| 505023,Academic,2.0,60032442| 60028381,Universidad Nacional Autónoma de México| Universidad Autónoma Metropolitana -Unidad Iztapalapa,57209578929,55000477500,7404025645,-,Mexico,1.0,1604,Inorganic Chemistry,4,Natural Sciences,409,Chemistry,37,Physical Sciences,34,Chemical Sciences,3402,Inorganic chemistry,-,Metal-Organic Frameworks in Environmental Applications,99,98.496,Iodine Adsorption Materials for Radioactive Waste Management,20195,97.276,Defensible,2020.0,25.0,N/A,"Díaz-Ramírez, M.L.| Vargas, B.| Raziel Álvarez, J.| Landeros-Rivera, B.| Rivera-Almazo, M.| Ramos, C.| Gabriel Flores, J.| Morales, E.| Vargas, R.| Garza, J.| González-Zamora, E.| Martínez, A.| Solís-Ibarra, D.| Ibarra, I.A.",Universidad Autónoma Metropolitana| Universidad Nacional Autónoma de México,Mexico,0
57204698538,57204698538,Embedding a Planar Hypercoordinate Carbon Atom into a [4n+2] π-System,"Yañez, O.| Báez-Grez, R.| Garza, J.| Pan, S.| Barroso, J.| Vásquez-Espinal, A.| Merino, G.| Tiznado, W.",8.0,55794064800| 57201096006| 57204698538| 54405920300| 57194047463| 56108486100| 56000743500| 6507292367,2020.0,2020-01-16,ChemPhysChem,21,2,145-148,-,ISSN-14394235,26588.0,Journal,Wiley-VCH Verlag,English,0.82,43,5.9,21,1.016,18,0.8,20.0,25.0,1.68,11.92,20.0,16.0,0.0,0.0,"Yañez, O., Báez-Grez, R., Garza, J. and 5 more (...) (2020).Embedding a Planar Hypercoordinate Carbon Atom into a [4n+2] π-System. ChemPhysChem,21(2) 145-148",https://www.scopus.com/record/display.url?eid=2-s2.0-85077060946&origin=resultslist,10.1002/cphc.201900998,Article,,2-s2.0-85077060946,31721418,Centro de Investigacion y de Estudios Avanzados del Instituto Politécnico Nacional| Universidad Andrés Bello| Universidad Autónoma Metropolitana| University of Marburg,505002| 603010| 505017| 309045,Academic| Government,4.0,60002636| 60028381| 60012556| 60010531,Universidad Andrés Bello| Universidad Autónoma Metropolitana -Unidad Iztapalapa| Philipps-Universität Marburg| CINVESTAV Unidad Merida,55794064800,6507292367,56108486100,-,Chile| Mexico| Germany,3.0,1606| 3107,"Physical and Theoretical Chemistry| Atomic and Molecular Physics, and Optics",4| 2,Natural Sciences| Engineering & Technology,249| 439| 409,Engineering - Petroleum| Physics & Astronomy| Chemistry,37,Physical Sciences,34,Chemical Sciences,3403| 3406,Macromolecular and materials chemistry| Physical chemistry,-,Quantum Chemistry and Molecular Interaction Insights,8,83.453,Planar Tetracoordinate Carbon Structures,42041,79.836,Definitive,2020.0,25.0,N/A,"Yañez, O.| Báez-Grez, R.| Garza, J.| Pan, S.| Barroso, J.| Vásquez-Espinal, A.| Merino, G.| Tiznado, W.",Centro de Investigacion y de Estudios Avanzados del Instituto Politécnico Nacional| Universidad Andrés Bello| Universidad Autónoma Metropolitana| University of Marburg,Chile| Mexico| Germany,0
57204698538,57204698538,Implementation of the Molecular Electrostatic Potential over Graphics Processing Units,"Cruz, J.C.| Hernández-Esparza, R.| Vázquez-Mayagoitia, Á.| Vargas, R.| Garza, J.",5.0,57209506006| 56587874900| 56002752600| 55989742600| 57204698538,2019.0,2019-07-22,Journal of Chemical Information and Modeling,59,7,3120-3127,-,ISSN-15499596,130080.0,Journal,American Chemical Society,English,1.29,18,6.3,7,1.329,8,0.5,17.0,25.0,0.77,10.44,20.0,36.0,0.0,0.0,"Cruz, J.C., Hernández-Esparza, R., Vázquez-Mayagoitia, Á. and 2 more (...) (2019).Implementation of the Molecular Electrostatic Potential over Graphics Processing Units. Journal of Chemical Information and Modeling,59(7) 3120-3127",https://www.scopus.com/record/display.url?eid=2-s2.0-85067987418&origin=resultslist,10.1021/acs.jcim.8b00951,Article,,2-s2.0-85067987418,31145605,Universidad Autónoma Metropolitana| United States Department of Energy| Argonne National Laboratory,505017| 508244| 715878,Government| Academic,3.0,60028381| 60028609,Universidad Autónoma Metropolitana -Unidad Iztapalapa| Argonne National Laboratory,57209506006,57204698538,57204698538,-,Mexico| United States,2.0,1500| 1600| 1706| 3309,General Chemical Engineering| General Chemistry| Computer Science Applications| Library and Information Sciences,3| 4| 2,Social Sciences & Management| Natural Sciences| Engineering & Technology,409| 329| 212| 213| 219,Chemistry| Library & Information Management| Computer Science & Information Systems| Data Science| Engineering - Chemical,38| 40| 36| 37,Computer Science| Social Sciences| Engineering| Physical Sciences,34,Chemical Sciences,3404| 3407,Medicinal and biomolecular chemistry| Theoretical and computational chemistry,-,Quantum Chemistry and Molecular Dynamics in Energy Systems,400,34.729,Quantum Chemistry Algorithms for Enhanced Performance,42350,75.668,Very Good,2019.0,25.0,N/A,"Cruz, J.C.| Hernández-Esparza, R.| Vázquez-Mayagoitia, Á.| Vargas, R.| Garza, J.",Universidad Autónoma Metropolitana| United States Department of Energy| Argonne National Laboratory,Mexico| United States,0
57204698538,57204698538,Formation of small clusters of NaCl dihydrate in the gas phase,"García, J.-J.| Hernández-Esparza, R.| Vargas, R.| Tiznado, W.| Garza, J.",5.0,57207774063| 56587874900| 55989742600| 6507292367| 57204698538,2019.0,2019-01-01,New Journal of Chemistry,43,11,4342-4348,-,ISSN-11440546,24824.0,Journal,Royal Society of Chemistry,English,0.76,46,4.7,19,0.712,22,0.44,16.0,22.0,0.72,16.76,23.0,38.0,0.0,0.0,"García, J.-J., Hernández-Esparza, R., Vargas, R. and 2 more (...) (2019).Formation of small clusters of NaCl dihydrate in the gas phase. New Journal of Chemistry,43(11) 4342-4348",https://www.scopus.com/record/display.url?eid=2-s2.0-85062888368&origin=resultslist,10.1039/c8nj06315j,Article,,2-s2.0-85062888368,-,Universidad Andrés Bello| Universidad Autónoma Metropolitana,603010| 505017,Academic,2.0,60028381| 60002636,Universidad Autónoma Metropolitana -Unidad Iztapalapa| Universidad Andrés Bello,57207774063,57204698538,57204698538,-,Chile| Mexico,2.0,1503| 1600| 2505,Catalysis| General Chemistry| Materials Chemistry,4| 2,Natural Sciences| Engineering & Technology,249| 219| 409| 433,Engineering - Petroleum| Engineering - Chemical| Chemistry| Materials Science,37| 36,Physical Sciences| Engineering,34,Chemical Sciences,-,-,-,Molecular Dynamics and Hydrogen Bonding in Water,191,75.474,Hydration Dynamics and Structural Insights in Aqueous Solutions,7508,80.156,Defensible,2019.0,22.0,N/A,"García, J.-J.| Hernández-Esparza, R.| Vargas, R.| Tiznado, W.| Garza, J.",Universidad Andrés Bello| Universidad Autónoma Metropolitana,Chile| Mexico,0
57204698538,57204698538,A Hartree-Fock study of the confined helium atom: Local and global basis set approaches,"Young, T.D.| Vargas, R.| Garza, J.",3.0,17436506500| 55989742600| 57204698538,2016.0,2016-02-15,"Physics Letters, Section A: General, Atomic and Solid State Physics",380,5-6,712-717,-,ISSN-03759601,29464.0,Journal,Elsevier B.V.,English,0.85,37,3.1,32,0.773,30,0.63,16.0,21.0,0.8,11.23,26.0,35.0,0.0,0.0,"Young, T.D., Vargas, R., Garza, J. (2016).A Hartree-Fock study of the confined helium atom: Local and global basis set approaches. Physics Letters, Section A: General, Atomic and Solid State Physics,380(5-6) 712-717",https://www.scopus.com/record/display.url?eid=2-s2.0-84952836964&origin=resultslist,10.1016/j.physleta.2015.11.021,Article,,2-s2.0-84952836964,-,Universidad Autónoma Metropolitana| Institute of Fundamental Technological Research of the Polish Academy of Sciences| Polish Academy of Sciences,505017| 703315| 327062,Academic,3.0,60016848| 60028381,Institute of Fundamental Technological Research of the Polish Academy of Sciences| Universidad Autónoma Metropolitana -Unidad Iztapalapa,17436506500,57204698538,17436506500,-,Mexico| Poland,2.0,3100,General Physics and Astronomy,4,Natural Sciences,439,Physics & Astronomy,37,Physical Sciences,51| 49,Physical Sciences| Mathematical Sciences,-,-,-,Quantum Well Structures in Silicon Devices,239,33.028,Quantum Confinement Effects in Atomic Systems,30014,68.41,Definitive,2016.0,21.0,N/A,"Young, T.D.| Vargas, R.| Garza, J.",Universidad Autónoma Metropolitana| Institute of Fundamental Technological Research of the Polish Academy of Sciences| Polish Academy of Sciences,Mexico| Poland,0
57204698538,57204698538, (Li 6 Si 5 ) 2–5 : The Smallest Cluster-Assembled Materials Based on Aromatic Si 56− Rings ,"Yañez, O.| Garcia, V.| Garza, J.| Orellana, W.| Vásquez-Espinal, A.| Tiznado, W.",6.0,55794064800| 57205575580| 57204698538| 6701747167| 56108486100| 6507292367,2019.0,2019-02-18,Chemistry - A European Journal,25,10,2467-2471,-,ISSN-09476539,23392.0,Journal,Wiley-VCH Verlag,English,0.99,31,9,7,1.681,6,0.73,26.0,21.0,0.78,16.65,24.0,36.0,0.0,0.0,"Yañez, O., Garcia, V., Garza, J. and 3 more (...) (2019). (Li 6 Si 5 ) 2–5 : The Smallest Cluster-Assembled Materials Based on Aromatic Si 56− Rings . Chemistry - A European Journal,25(10) 2467-2471",https://www.scopus.com/record/display.url?eid=2-s2.0-85060654030&origin=resultslist,10.1002/chem.201805677,Article,,2-s2.0-85060654030,30561850,Universidad Andrés Bello| Universidad Autónoma Metropolitana,603010| 505017,Academic,2.0,60002636| 60028381,Universidad Andrés Bello| Universidad Autónoma Metropolitana -Unidad Iztapalapa,55794064800,6507292367,56108486100,-,Chile| Mexico,2.0,1503| 1600| 1605,Catalysis| General Chemistry| Organic Chemistry,2| 4,Engineering & Technology| Natural Sciences,249| 409| 219,Engineering - Petroleum| Chemistry| Engineering - Chemical,36| 37,Engineering| Physical Sciences,34,Chemical Sciences,-,-,SDG 7,Quantum Chemistry and Molecular Interaction Insights,8,83.453,Planar Tetracoordinate Carbon Structures,42041,79.836,Defensible,2019.0,21.0,N/A,"Yañez, O.| Garcia, V.| Garza, J.| Orellana, W.| Vásquez-Espinal, A.| Tiznado, W.",Universidad Andrés Bello| Universidad Autónoma Metropolitana,Chile| Mexico,0
57204698538,57204698538,Hydrogen bonds in methane-water clusters,"Salazar-Cano, J.-R.| Guevara-García, A.| Vargas, R.| Restrepo, A.| Garza, J.",5.0,57214611498| 8615638400| 55989742600| 23009980500| 57204698538,2016.0,2016-01-01,Physical Chemistry Chemical Physics,18,34,23508-23515,-,ISSN-14639076,27011.0,Journal,Royal Society of Chemistry,English,1.11,23,7,7,1.685,9,0.81,25.0,20.0,0.65,10.74,27.0,40.0,0.0,0.0,"Salazar-Cano, J.-R., Guevara-García, A., Vargas, R. and 2 more (...) (2016).Hydrogen bonds in methane-water clusters. Physical Chemistry Chemical Physics,18(34) 23508-23515",https://www.scopus.com/record/display.url?eid=2-s2.0-84984684867&origin=resultslist,10.1039/c6cp04086a,Article,,2-s2.0-84984684867,-,Universidad Autónoma Metropolitana| Universidad de Antioquia,505017| 604001,Academic,2.0,60028381| 60055833,Universidad Autónoma Metropolitana -Unidad Iztapalapa| Universidad de Antioquia,57214611498,57204698538,57204698538,-,Mexico| Colombia,2.0,1606| 3100,Physical and Theoretical Chemistry| General Physics and Astronomy,2| 4,Engineering & Technology| Natural Sciences,439| 409| 249,Physics & Astronomy| Chemistry| Engineering - Petroleum,37,Physical Sciences,34| 51| 40,Chemical Sciences| Physical Sciences| Engineering,-,-,-,Interactions of Gas Hydrates and Colloidal Particles,605,46.501,Gas Hydrates and Their Energy Storage Potential,305,99.407,Very Good,2016.0,20.0,N/A,"Salazar-Cano, J.-R.| Guevara-García, A.| Vargas, R.| Restrepo, A.| Garza, J.",Universidad Autónoma Metropolitana| Universidad de Antioquia,Mexico| Colombia,0
57204698538,57204698538,Computational tools to study non-covalent interactions and confinement effects in chemical systems,"Vargas, R.| Garza, J.| Martínez, A.| Ibarra, I.A.",4.0,55989742600| 57204698538| 7404025645| 55000477500,2024.0,2024-02-14,Chemical Communications,60,22,3008-3018,-,ISSN-13597345,22781.0,Journal,Royal Society of Chemistry,English,0.78,43,7.4,18,1.037,15,1.35,19.0,18.0,2.05,8.77,7.0,13.0,0.0,0.0,"Vargas, R., Garza, J., Martínez, A. and 1 more (...) (2024).Computational tools to study non-covalent interactions and confinement effects in chemical systems. Chemical Communications,60(22) 3008-3018",https://www.scopus.com/record/display.url?eid=2-s2.0-85186098304&origin=resultslist,10.1039/d3cc06347j,Article,,2-s2.0-85186098304,38376468,CSIC| CSIC - National Museum of Natural Sciences| Universidad Autónoma Metropolitana| Universidad Nacional Autónoma de México,312004| 715444| 505017| 505023,Academic| Government,4.0,60028381| 60032442| 60005971| 60006754| 60015098,Universidad Autónoma Metropolitana -Unidad Iztapalapa| Universidad Nacional Autónoma de México| Instituto de Investigaciones en Materiales| Consejo Superior de Investigaciones Científicas| CSIC - Museo Nacional de Ciencias Naturales (MNCN),55989742600,55000477500,55989742600| 57204698538,-,Mexico| Spain,2.0,1503| 1600| 2503| 2504| 2505| 2506| 2508,"Catalysis| General Chemistry| Ceramics and Composites| Electronic, Optical and Magnetic Materials| Materials Chemistry| Metals and Alloys| Surfaces, Coatings and Films",2| 4,Engineering & Technology| Natural Sciences,433| 249| 219| 409,Materials Science| Engineering - Petroleum| Engineering - Chemical| Chemistry,36| 37,Engineering| Physical Sciences,40| 34,Engineering| Chemical Sciences,-,-,-,Quantum Well Structures in Silicon Devices,239,33.028,Quantum Confinement Effects in Atomic Systems,30014,68.41,Definitive,2024.0,18.0,N/A,"Vargas, R.| Garza, J.| Martínez, A.| Ibarra, I.A.",CSIC| CSIC - National Museum of Natural Sciences| Universidad Autónoma Metropolitana| Universidad Nacional Autónoma de México,Mexico| Spain,0
57204698538,57204698538,Formation of reactive oxygen species by vanadium complexes,"Soriano-Agueda, L.A.| Ortega-Moo, C.| Garza, J.| Guevara-García, J.A.| Vargas, R.",5.0,56584712700| 35746954900| 57204698538| 7801476667| 55989742600,2016.0,2016-02-01,Computational and Theoretical Chemistry,1077,-,99-105,-,ISSN-2210271X,21000196008.0,Journal,Elsevier B.V.,English,0.6,55,2.6,43,0.542,43,0.84,31.0,18.0,0.5,10.03,29.0,46.0,0.0,0.0,"Soriano-Agueda, L.A., Ortega-Moo, C., Garza, J. and 2 more (...) (2016).Formation of reactive oxygen species by vanadium complexes. Computational and Theoretical Chemistry,107799-105",https://www.scopus.com/record/display.url?eid=2-s2.0-84958523834&origin=resultslist,10.1016/j.comptc.2015.11.002,Article,,2-s2.0-84958523834,-,Universidad Autónoma Metropolitana| Universidad Autónoma de Tlaxcala,505017| 714292,Academic,2.0,60028381| 60029589,Universidad Autónoma Metropolitana -Unidad Iztapalapa| Universidad Autónoma de Tlaxcala,56584712700,55989742600,55989742600,-,Mexico,1.0,1303| 1606| 3104,Biochemistry| Physical and Theoretical Chemistry| Condensed Matter Physics,4| 5| 2,Natural Sciences| Life Sciences & Medicine| Engineering & Technology,507| 249| 439| 409,Biological Sciences| Engineering - Petroleum| Physics & Astronomy| Chemistry,37| 32,Physical Sciences| Life Sciences,34,Chemical Sciences,3406| 3407,Physical chemistry| Theoretical and computational chemistry,-,Polyoxometalates and Vanadium in Catalytic Applications,1104,35.383,Vanadium Coordination Compounds as Antidiabetic Agents,5784,89.843,Very Good,2016.0,18.0,N/A,"Soriano-Agueda, L.A.| Ortega-Moo, C.| Garza, J.| Guevara-García, J.A.| Vargas, R.",Universidad Autónoma Metropolitana| Universidad Autónoma de Tlaxcala,Mexico,0
57204698538,57204698538,Van der Waals exchange-correlation functionals over bulk and surface properties of transition metals,"Avelar, J.| Bruix, A.| Garza, J.| Vargas, R.",4.0,57208280783| 36463205900| 57204698538| 55989742600,2019.0,2019-01-01,Journal of Physics Condensed Matter,31,31,-,315501,ISSN-09538984,28567.0,Journal,Institute of Physics Publishing,English,0.95,34,4.7,26,0.936,20,0.7,27.0,17.0,0.59,13.59,29.0,43.0,0.0,0.0,"Avelar, J., Bruix, A., Garza, J. and 1 more (...) (2019).Van der Waals exchange-correlation functionals over bulk and surface properties of transition metals. Journal of Physics Condensed Matter,31(31) ",https://www.scopus.com/record/display.url?eid=2-s2.0-85067219665&origin=resultslist,10.1088/1361-648X/ab18ea,Article,,2-s2.0-85067219665,30978711,Technical University of Munich| Universidad Autónoma Metropolitana| Aarhus University,309054| 505017| 310010,Academic,3.0,60028381| 60029616| 60019722,Universidad Autónoma Metropolitana -Unidad Iztapalapa| Aarhus Universitet| Technische Universität München,57208280783,55989742600,-,-,Mexico| Germany| Denmark,3.0,2500| 3104,General Materials Science| Condensed Matter Physics,2| 4,Engineering & Technology| Natural Sciences,433| 439,Materials Science| Physics & Astronomy,37| 36,Physical Sciences| Engineering,40| 51,Engineering| Physical Sciences,5104| 4016| 4018,Condensed matter physics| Materials engineering| Nanotechnology,-,Quantum Chemistry and Molecular Interaction Insights,8,83.453,Density Functional Theory and Van Der Waals Interactions,4474,98.297,Very Good,2019.0,17.0,N/A,"Avelar, J.| Bruix, A.| Garza, J.| Vargas, R.",Technical University of Munich| Universidad Autónoma Metropolitana| Aarhus University,Mexico| Germany| Denmark,0
57204698538,57204698538,Ionization of many-electron atoms by the action of two plasma models,"Martínez-Sánchez, M.-A.| Martínez-Flores, C.| Vargas, R.| Garza, J.| Cabrera-Trujillo, R.| Sen, K.D.",6.0,57190744750| 55842469300| 55989742600| 57204698538| 6603862041| 7103105026,2021.0,2021-04-01,Physical Review E,103,4,-,043202,ISSN-24700045,21100855841.0,Journal,American Physical Society,English,0.97,34,4.5,12,0.847,21,1.0,15.0,15.0,1.8,8.35,27.0,15.0,0.0,0.0,"Martínez-Sánchez, M.-A., Martínez-Flores, C., Vargas, R. and 3 more (...) (2021).Ionization of many-electron atoms by the action of two plasma models. Physical Review E,103(4) ",https://www.scopus.com/record/display.url?eid=2-s2.0-85104476006&origin=resultslist,10.1103/PhysRevE.103.043202,Article,,2-s2.0-85104476006,34005965,Universidad Autónoma Metropolitana| University of Hyderabad| Universidad Nacional Autónoma de México,505017| 207074| 505023,Academic,3.0,60028381| 60172289| 60029516,Universidad Autónoma Metropolitana -Unidad Iztapalapa| Universidad Nacional Autónoma de México Campus Morelos| University of Hyderabad,57190744750,7103105026,-,-,India| Mexico,2.0,2613| 3104| 3109,Statistics and Probability| Condensed Matter Physics| Statistical and Nonlinear Physics,2| 4,Engineering & Technology| Natural Sciences,439| 344| 431| 213,Physics & Astronomy| Statistics & Operational Research| Mathematics| Data Science,37,Physical Sciences,49| 40| 51,Mathematical Sciences| Engineering| Physical Sciences,-,-,-,Plasma Dynamics and Electron Beam Innovations,746,15.827,Plasma Effects on Atomic Structure and Dynamics,18724,71.02,Very Good,2021.0,15.0,N/A,"Martínez-Sánchez, M.-A.| Martínez-Flores, C.| Vargas, R.| Garza, J.| Cabrera-Trujillo, R.| Sen, K.D.",Universidad Autónoma Metropolitana| University of Hyderabad| Universidad Nacional Autónoma de México,India| Mexico,0
57204698538,57204698538,Functionalized graphene pieces to trap the insecticide imidacloprid: a theoretical analysis,"Palomino-Asencio, L.| Ramírez-Torres, A.| Avelar, J.| Garza, J.| García-Hernández, E.",5.0,57208282109| 55253101700| 57208280783| 57204698538| 55927648000,2019.0,2019-05-01,Journal of Molecular Modeling,25,5,-,117,ISSN-16102940,57844.0,Journal,Springer Verlag,English,0.52,64,2.2,45,0.345,60,0.66,17.0,14.0,0.62,12.99,33.0,42.0,0.0,0.0,"Palomino-Asencio, L., Ramírez-Torres, A., Avelar, J. and 2 more (...) (2019).Functionalized graphene pieces to trap the insecticide imidacloprid: a theoretical analysis. Journal of Molecular Modeling,25(5) ",https://www.scopus.com/record/display.url?eid=2-s2.0-85064349567&origin=resultslist,10.1007/s00894-019-4016-5,Article,,2-s2.0-85064349567,30982115,Universidad Autónoma Metropolitana,505017,Academic,1.0,113751000| 60028381,Instituto Tecnológico Superior de Zacapoaxtla| Universidad Autónoma Metropolitana -Unidad Iztapalapa,57208282109,55927648000,55927648000,-,Mexico,1.0,1503| 1604| 1605| 1606| 1703| 1706,Catalysis| Inorganic Chemistry| Organic Chemistry| Physical and Theoretical Chemistry| Computational Theory and Mathematics| Computer Science Applications,2| 4,Engineering & Technology| Natural Sciences,219| 213| 212| 409| 249,Engineering - Chemical| Data Science| Computer Science & Information Systems| Chemistry| Engineering - Petroleum,38| 37| 36,Computer Science| Physical Sciences| Engineering,34,Chemical Sciences,3404| 3406| 3407,Medicinal and biomolecular chemistry| Physical chemistry| Theoretical and computational chemistry,-,Nanozymes and Pesticide Residue Detection Methods,579,92.74,Neonicotinoid Insecticides and Their Ecological Impact,5986,98.743,Very Good,2019.0,14.0,N/A,"Palomino-Asencio, L.| Ramírez-Torres, A.| Avelar, J.| Garza, J.| García-Hernández, E.",Universidad Autónoma Metropolitana,Mexico,0
57204698538,57204698538,Free-basis-set method to describe the helium atom confined by a spherical box with finite and infinite potentials,"Martínez-Flores, C.| Martínez-Sánchez, M.-A.| Vargas, R.| Garza, J.",4.0,55842469300| 57190744750| 55989742600| 57204698538,2021.0,2021-03-01,European Physical Journal D,75,3,-,100,ISSN-14346060,27549.0,Journal,Springer Science and Business Media Deutschland GmbH,English,0.65,54,2.5,60,0.423,52,0.5,8.0,14.0,0.88,11.36,28.0,32.0,0.0,0.0,"Martínez-Flores, C., Martínez-Sánchez, M.-A., Vargas, R. and 1 more (...) (2021).Free-basis-set method to describe the helium atom confined by a spherical box with finite and infinite potentials. European Physical Journal D,75(3) ",https://www.scopus.com/record/display.url?eid=2-s2.0-85102716939&origin=resultslist,10.1140/epjd/s10053-021-00110-x,Article,,2-s2.0-85102716939,-,Universidad Autónoma Metropolitana,505017,Academic,1.0,60028381,Universidad Autónoma Metropolitana -Unidad Iztapalapa,55842469300,57204698538,57204698538,-,Mexico,1.0,3107,"Atomic and Molecular Physics, and Optics",4,Natural Sciences,439,Physics & Astronomy,37,Physical Sciences,51,Physical Sciences,-,-,-,Quantum Well Structures in Silicon Devices,239,33.028,Quantum Confinement Effects in Atomic Systems,30014,68.41,Definitive,2021.0,14.0,N/A,"Martínez-Flores, C.| Martínez-Sánchez, M.-A.| Vargas, R.| Garza, J.",Universidad Autónoma Metropolitana,Mexico,0
57204698538,57204698538,Exact solution for the hydrogen atom confined by a dielectric continuum and the correct basis set to study many-electron atoms under similar confinements,"Martínez-Sánchez, M.-A.| Aquino, N.| Vargas, R.| Garza, J.",4.0,57190744750| 7004300096| 55989742600| 57204698538,2017.0,2017-12-16,Chemical Physics Letters,690,-,14-19,-,ISSN-00092614,26586.0,Journal,Elsevier B.V.,English,0.6,56,3.1,34,0.656,35,0.5,16.0,14.0,0.71,11.27,35.0,38.0,0.0,0.0,"Martínez-Sánchez, M.-A., Aquino, N., Vargas, R. and 1 more (...) (2017).Exact solution for the hydrogen atom confined by a dielectric continuum and the correct basis set to study many-electron atoms under similar confinements. Chemical Physics Letters,69014-19",https://www.scopus.com/record/display.url?eid=2-s2.0-85032878357&origin=resultslist,10.1016/j.cplett.2017.10.035,Article,,2-s2.0-85032878357,-,Universidad Autónoma Metropolitana,505017,Academic,1.0,60028381,Universidad Autónoma Metropolitana -Unidad Iztapalapa,57190744750,57204698538,57204698538,-,Mexico,1.0,1606| 3100,Physical and Theoretical Chemistry| General Physics and Astronomy,2| 4,Engineering & Technology| Natural Sciences,439| 249| 409,Physics & Astronomy| Engineering - Petroleum| Chemistry,37,Physical Sciences,34| 51,Chemical Sciences| Physical Sciences,-,-,-,Quantum Well Structures in Silicon Devices,239,33.028,Quantum Confinement Effects in Atomic Systems,30014,68.41,Definitive,2017.0,14.0,N/A,"Martínez-Sánchez, M.-A.| Aquino, N.| Vargas, R.| Garza, J.",Universidad Autónoma Metropolitana,Mexico,0
57204698538,57204698538,Persistent Planar Tetracoordinate Carbon in Global Minima Structures of Silicon-Carbon Clusters,"Leyva-Parra, L.| Inostroza, D.| Yañez, O.| Cruz, J.C.| Garza, J.| García, V.| Tiznado, W.",7.0,57221712431| 56688618700| 55794064800| 57209506006| 57204698538| 57205575580| 6507292367,2022.0,2022-03-01,Atoms,10,1,-,27,ISSN-22182004,21100857388.0,Journal,MDPI,English,0.85,39,3.1,47,0.485,43,1.62,27.0,13.0,1.0,12.02,24.0,29.0,0.0,0.0,"Leyva-Parra, L., Inostroza, D., Yañez, O. and 4 more (...) (2022).Persistent Planar Tetracoordinate Carbon in Global Minima Structures of Silicon-Carbon Clusters. Atoms,10(1) ",https://www.scopus.com/record/display.url?eid=2-s2.0-85125777965&origin=resultslist,10.3390/atoms10010027,Article,Gold|Green,2-s2.0-85125777965,-,Universidad Andrés Bello| Universidad Autónoma Metropolitana| Universidad Nacional Mayor de San Marcos| Universidad de Chile,603010| 505017| 605002| 603004,Academic,4.0,60002636| 60281419| 60012464| 60028381| 60071231,Universidad Andrés Bello| Centro de Nuevos Fármacos para Hipertensión| Universidad de Chile| Universidad Autónoma Metropolitana -Unidad Iztapalapa| Universidad Nacional Mayor de San Marcos,57221712431,6507292367,57205575580| 6507292367,-,Chile| Mexico| Peru,3.0,3104| 3106| 3107,"Condensed Matter Physics| Nuclear and High Energy Physics| Atomic and Molecular Physics, and Optics",4,Natural Sciences,439,Physics & Astronomy,37,Physical Sciences,51,Physical Sciences,5106| 5108,Nuclear and plasma physics| Quantum physics,-,Quantum Chemistry and Molecular Interaction Insights,8,83.453,Planar Tetracoordinate Carbon Structures,42041,79.836,Definitive,2022.0,13.0,N/A,"Leyva-Parra, L.| Inostroza, D.| Yañez, O.| Cruz, J.C.| Garza, J.| García, V.| Tiznado, W.",Universidad Andrés Bello| Universidad Autónoma Metropolitana| Universidad Nacional Mayor de San Marcos| Universidad de Chile,Chile| Mexico| Peru,0
57204698538,57204698538,Testing one-parameter hybrid exchange functionals in confined atomic systems,"Duarte-Alcaráz, F.-A.| Martínez-Sánchez, M.-A.| Rivera-Almazo, M.| Vargas, R.| Rosas-Burgos, R.-A.| Garza, J.",6.0,57209748716| 57190744750| 57200856573| 55989742600| 57209748678| 57204698538,2019.0,2019-01-01,"Journal of Physics B: Atomic, Molecular and Optical Physics",52,13,-,135002,ISSN-09534075,28565.0,Journal,Institute of Physics Publishing,English,0.84,41,3.9,34,0.791,27,0.23,5.0,13.0,0.73,10.97,34.0,37.0,0.0,0.0,"Duarte-Alcaráz, F.-A., Martínez-Sánchez, M.-A., Rivera-Almazo, M. and 3 more (...) (2019).Testing one-parameter hybrid exchange functionals in confined atomic systems. Journal of Physics B: Atomic, Molecular and Optical Physics,52(13) ",https://www.scopus.com/record/display.url?eid=2-s2.0-85068624636&origin=resultslist,10.1088/1361-6455/ab233b,Article,,2-s2.0-85068624636,-,Universidad Autónoma Metropolitana| Universidad de Sonora,505017| 505021,Academic,2.0,60032897| 60028381,Universidad de Sonora| Universidad Autónoma Metropolitana -Unidad Iztapalapa,57209748716,57204698538,-,-,Mexico,1.0,3104| 3107,"Condensed Matter Physics| Atomic and Molecular Physics, and Optics",4,Natural Sciences,439,Physics & Astronomy,37,Physical Sciences,51,Physical Sciences,5102| 5106| 5108,"Atomic, molecular and optical physics| Nuclear and plasma physics| Quantum physics",-,Quantum Well Structures in Silicon Devices,239,33.028,Quantum Confinement Effects in Atomic Systems,30014,68.41,Very Good,2019.0,13.0,N/A,"Duarte-Alcaráz, F.-A.| Martínez-Sánchez, M.-A.| Rivera-Almazo, M.| Vargas, R.| Rosas-Burgos, R.-A.| Garza, J.",Universidad Autónoma Metropolitana| Universidad de Sonora,Mexico,0
57204698538,57204698538,Main interactions of dopamine and risperidone with the dopamine D2 receptor,"Martínez, A.| García-Gutiérrez, P.| Zubillaga, R.A.| Garza, J.| Vargas, R.",5.0,7404025645| 7801588106| 6602332270| 57204698538| 55989742600,2021.0,2021-07-14,Physical Chemistry Chemical Physics,23,26,14224-14230,-,ISSN-14639076,27011.0,Journal,Royal Society of Chemistry,English,0.94,36,6.3,16,0.899,20,1.75,37.0,12.0,0.46,13.02,32.0,50.0,0.0,0.0,"Martínez, A., García-Gutiérrez, P., Zubillaga, R.A. and 2 more (...) (2021).Main interactions of dopamine and risperidone with the dopamine D2 receptor. Physical Chemistry Chemical Physics,23(26) 14224-14230",https://www.scopus.com/record/display.url?eid=2-s2.0-85109364948&origin=resultslist,10.1039/d1cp01637g,Article,,2-s2.0-85109364948,34159983,Universidad Autónoma Metropolitana| Universidad Nacional Autónoma de México,505017| 505023,Academic,2.0,60032442| 60005971| 60028381,Universidad Nacional Autónoma de México| Instituto de Investigaciones en Materiales| Universidad Autónoma Metropolitana -Unidad Iztapalapa,7404025645,55989742600,7404025645,-,Mexico,1.0,1606| 3100,Physical and Theoretical Chemistry| General Physics and Astronomy,2| 4,Engineering & Technology| Natural Sciences,249| 409| 439,Engineering - Petroleum| Chemistry| Physics & Astronomy,37,Physical Sciences,34| 40| 51,Chemical Sciences| Engineering| Physical Sciences,-,-,-,Cognitive and Physical Health in Schizophrenia,35,77.763,Understanding Schizophrenia throughFirst Rank Symptoms,59350,30.108,Defensible,2021.0,12.0,N/A,"Martínez, A.| García-Gutiérrez, P.| Zubillaga, R.A.| Garza, J.| Vargas, R.",Universidad Autónoma Metropolitana| Universidad Nacional Autónoma de México,Mexico,0
57204698538,57204698538,Analyzing ZnO clusters through the density-functional theory,"Zaragoza, I.-P.| Soriano-Agueda, L.-A.| Hernández-Esparza, R.| Vargas, R.| Garza, J.",5.0,6603190452| 56584712700| 56587874900| 55989742600| 57204698538,2018.0,2018-07-01,Journal of Molecular Modeling,24,7,-,164,ISSN-16102940,57844.0,Journal,Springer Verlag,English,0.51,64,2.2,44,0.37,53,0.69,21.0,11.0,0.31,12.77,40.0,57.0,0.0,0.0,"Zaragoza, I.-P., Soriano-Agueda, L.-A., Hernández-Esparza, R. and 2 more (...) (2018).Analyzing ZnO clusters through the density-functional theory. Journal of Molecular Modeling,24(7) ",https://www.scopus.com/record/display.url?eid=2-s2.0-85048696978&origin=resultslist,10.1007/s00894-018-3691-y,Article,,2-s2.0-85048696978,29909582,"Tecnológico Nacional de México, Mexico City| Universidad Autónoma Metropolitana",719128| 505017,Academic,2.0,60134870| 60028381,Tecnológico Nacional de México| Universidad Autónoma Metropolitana -Unidad Iztapalapa,6603190452,57204698538,57204698538,-,Mexico,1.0,1503| 1604| 1605| 1606| 1703| 1706,Catalysis| Inorganic Chemistry| Organic Chemistry| Physical and Theoretical Chemistry| Computational Theory and Mathematics| Computer Science Applications,4| 2,Natural Sciences| Engineering & Technology,212| 249| 219| 213| 409,Computer Science & Information Systems| Engineering - Petroleum| Engineering - Chemical| Data Science| Chemistry,37| 36| 38,Physical Sciences| Engineering| Computer Science,34,Chemical Sciences,3404| 3406| 3407,Medicinal and biomolecular chemistry| Physical chemistry| Theoretical and computational chemistry,-,Zinc Oxide Nanostructures and Applications,38,89.863,Zinc Oxide Nanoclusters and Their Electronic Properties,58304,51.411,Very Good,2018.0,11.0,N/A,"Zaragoza, I.-P.| Soriano-Agueda, L.-A.| Hernández-Esparza, R.| Vargas, R.| Garza, J.","Tecnológico Nacional de México, Mexico City| Universidad Autónoma Metropolitana",Mexico,0
57204698538,57204698538,Exploring the Potential Energy Surface of Trimetallic Deltahedral Zintl Ions: Lowest-Energy [Sn6Ge2Bi]3- and [(Sn6Ge2Bi)2]4- Structures,"Báez-Grez, R.| Garza, J.| Vásquez-Espinal, A.| Osorio, E.| Rabanal-León, W.A.| Yañez, O.| Tiznado, W.",7.0,57201096006| 57204698538| 56108486100| 36948747000| 56021774000| 55794064800| 6507292367,2019.0,2019-08-05,Inorganic Chemistry,58,15,10057-10064,-,ISSN-00201669,25264.0,Journal,American Chemical Society,English,1.15,23,7.9,8,1.349,8,1.59,43.0,11.0,0.68,11.83,38.0,39.0,0.0,0.0,"Báez-Grez, R., Garza, J., Vásquez-Espinal, A. and 4 more (...) (2019).Exploring the Potential Energy Surface of Trimetallic Deltahedral Zintl Ions: Lowest-Energy [Sn6Ge2Bi]3- and [(Sn6Ge2Bi)2]4- Structures. Inorganic Chemistry,58(15) 10057-10064",https://www.scopus.com/record/display.url?eid=2-s2.0-85070876717&origin=resultslist,10.1021/acs.inorgchem.9b01206,Article,,2-s2.0-85070876717,31287671,Universidad Andrés Bello| Universidad Autónoma Metropolitana| Universidad de Ibagué| Universidad de Concepción,603010| 505017| 706815| 603005,Academic,4.0,60002636| 60028381| 60105473| 60001282,Universidad Andrés Bello| Universidad Autónoma Metropolitana -Unidad Iztapalapa| Universidad de Ibagué| Universidad de Concepcion,57201096006,6507292367,55794064800,-,Chile| Mexico| Colombia,3.0,1604| 1606,Inorganic Chemistry| Physical and Theoretical Chemistry,4| 2,Natural Sciences| Engineering & Technology,249| 409,Engineering - Petroleum| Chemistry,37,Physical Sciences,34,Chemical Sciences,3403| 3402,Macromolecular and materials chemistry| Inorganic chemistry,-,Catalytic Innovations in Silicon-Based Organic Compounds,779,34.663,Zintl Clusters and Their Structural Innovations,20439,75.022,Very Good,2019.0,11.0,N/A,"Báez-Grez, R.| Garza, J.| Vásquez-Espinal, A.| Osorio, E.| Rabanal-León, W.A.| Yañez, O.| Tiznado, W.",Universidad Andrés Bello| Universidad Autónoma Metropolitana| Universidad de Ibagué| Universidad de Concepción,Chile| Mexico| Colombia,0
57204698538,57204698538,Non-covalent interactions between sertraline stereoisomers and 2-hydroxypropyl-ß-cyclodextrin: A quantum chemistry analysis,"Bautista-Renedo, J.-M.| Cuevas-Yañez, E.| Reyes-Pérez, H.| Vargas, R.| Garza, J.| González-Rivas, N.",6.0,56891781800| 56000886300| 7102981061| 55989742600| 57204698538| 56013629000,2020.0,2020-05-27,RSC Advances,10,34,20202-20210,-,ISSN-20462069,21100199840.0,Journal,Royal Society of Chemistry,English,0.86,40,5.9,18,0.746,22,1.25,41.0,11.0,0.31,16.26,38.0,58.0,0.0,0.0,"Bautista-Renedo, J.-M., Cuevas-Yañez, E., Reyes-Pérez, H. and 3 more (...) (2020).Non-covalent interactions between sertraline stereoisomers and 2-hydroxypropyl-ß-cyclodextrin: A quantum chemistry analysis. RSC Advances,10(34) 20202-20210",https://www.scopus.com/record/display.url?eid=2-s2.0-85085619244&origin=resultslist,10.1039/c9ra10218c,Article,Gold|Green,2-s2.0-85085619244,-,Universidad Autónoma Metropolitana| Universidad Autonoma del Estado de Mexico| Universidad Nacional Autónoma de México,505017| 505051| 505023,Academic,3.0,60175860| 60028381| 114921032,Centro Conjunto de Investigación en Química Sustentable UAEM-UNAM| Universidad Autónoma Metropolitana -Unidad Iztapalapa| Tecnológico de Estudios Superiores de Jocotitlán,56891781800,56013629000,56013629000,-,Mexico,1.0,1500| 1600,General Chemical Engineering| General Chemistry,2| 4,Engineering & Technology| Natural Sciences,409| 219,Chemistry| Engineering - Chemical,36| 37,Engineering| Physical Sciences,34,Chemical Sciences,-,-,-,Enzyme Immobilization Techniques for Enhanced Biocatalysis,722,72.073,Molecular Dynamics of Cyclodextrin Inclusion Complexes,18313,62.421,Defensible,2020.0,11.0,N/A,"Bautista-Renedo, J.-M.| Cuevas-Yañez, E.| Reyes-Pérez, H.| Vargas, R.| Garza, J.| González-Rivas, N.",Universidad Autónoma Metropolitana| Universidad Autonoma del Estado de Mexico| Universidad Nacional Autónoma de México,Mexico,0
57204698538,57204698538,Non-conventional interactions of N3 inhibitor with the main protease of SARS-CoV and SARS-CoV-2,"García-Gutiérrez, P.| Zubillaga, R.A.| Ibarra, I.A.| Martínez, A.| Vargas, R.| Garza, J.",6.0,7801588106| 6602332270| 55000477500| 7404025645| 55989742600| 57204698538,2021.0,2021-01-01,Computational and Structural Biotechnology Journal,19,-,4669-4675,-,ISSN-20010370,21100318415.0,Journal,Elsevier B.V.,English,1.36,17,6,24,1.538,6,0.37,9.0,10.0,0.56,14.37,36.0,45.0,0.0,0.0,"García-Gutiérrez, P., Zubillaga, R.A., Ibarra, I.A. and 3 more (...) (2021).Non-conventional interactions of N3 inhibitor with the main protease of SARS-CoV and SARS-CoV-2. Computational and Structural Biotechnology Journal,194669-4675",https://www.scopus.com/record/display.url?eid=2-s2.0-85113305130&origin=resultslist,10.1016/j.csbj.2021.08.015,Article,Gold|Green,2-s2.0-85113305130,-,Universidad Autónoma Metropolitana| Universidad Nacional Autónoma de México,505017| 505023,Academic,2.0,60028381| 60032442| 60005971,Universidad Autónoma Metropolitana -Unidad Iztapalapa| Universidad Nacional Autónoma de México| Instituto de Investigaciones en Materiales,7801588106,57204698538,55989742600,-,Mexico,1.0,1303| 1304| 1305| 1311| 1315| 1706,Biochemistry| Biophysics| Biotechnology| Genetics| Structural Biology| Computer Science Applications,2| 5,Engineering & Technology| Life Sciences & Medicine,213| 212| 507,Data Science| Computer Science & Information Systems| Biological Sciences,38| 32,Computer Science| Life Sciences,31| 46,Biological Sciences| Information And Computing Sciences,4601| 3101,Applied computing| Biochemistry and cell biology,SDG 3,"COVID-19, Its Impact, and Vaccination",1,99.935,Targeting SARS Coronavirus Proteases for Antiviral Development,2341,99.603,Very Good,2021.0,10.0,N/A,"García-Gutiérrez, P.| Zubillaga, R.A.| Ibarra, I.A.| Martínez, A.| Vargas, R.| Garza, J.",Universidad Autónoma Metropolitana| Universidad Nacional Autónoma de México,Mexico,0
57204698538,57204698538,Study of the oxidation mechanisms associated to new dimeric and trimeric esters of ferulic acid,"Guillén-Villar, R.C.| Vargas-Álvarez, Y.| Vargas, R.| Garza, J.| Matus, M.H.| Salas-Reyes, M.| Domínguez, Z.",7.0,56152892000| 56509578900| 55989742600| 57204698538| 12754179100| 56153077900| 6603012192,2015.0,2015-03-01,Journal of Electroanalytical Chemistry,740,-,95-104,-,ISSN-15726657,9500154039.0,Journal,Elsevier B.V.,English,0.87,36,4.4,16,0.714,23,1.57,69.0,10.0,0.37,10.76,42.0,52.0,0.0,0.0,"Guillén-Villar, R.C., Vargas-Álvarez, Y., Vargas, R. and 4 more (...) (2015).Study of the oxidation mechanisms associated to new dimeric and trimeric esters of ferulic acid. Journal of Electroanalytical Chemistry,74095-104",https://www.scopus.com/record/display.url?eid=2-s2.0-84922478806&origin=resultslist,10.1016/j.jelechem.2015.01.003,Article,,2-s2.0-84922478806,-,Universidad Autónoma Metropolitana| Universidad Veracruzana,505017| 505056,Academic,2.0,60007909| 60028381,Universidad Veracruzana| Universidad Autónoma Metropolitana -Unidad Iztapalapa,56152892000,6603012192,56153077900,-,Mexico,1.0,1500| 1602| 1603,General Chemical Engineering| Analytical Chemistry| Electrochemistry,2| 4,Engineering & Technology| Natural Sciences,409| 219,Chemistry| Engineering - Chemical,36| 37,Engineering| Physical Sciences,34,Chemical Sciences,3406| 3401,Physical chemistry| Analytical chemistry,-,Lipase Enzymes in Biocatalytic Applications,867,49.379,Antioxidant Applications of Lipase-Catalyzed Transesterification,50361,78.135,Defensible,2015.0,10.0,N/A,"Guillén-Villar, R.C.| Vargas-Álvarez, Y.| Vargas, R.| Garza, J.| Matus, M.H.| Salas-Reyes, M.| Domínguez, Z.",Universidad Autónoma Metropolitana| Universidad Veracruzana,Mexico,0
57204698538,57204698538,Confinement effects on the spin potential of first row transition metal cations,"Lozano-Espinosa, M.| Garza, J.| Galván, M.",3.0,57213458829| 57204698538| 7006004160,2017.0,2017-02-01,Philosophical Magazine,97,4,284-297,-,ISSN-14786435,15300154849.0,Journal,Taylor and Francis Ltd.,English,0.84,39,2.9,41,0.757,28,0.52,17.0,10.0,0.42,9.42,42.0,50.0,0.0,0.0,"Lozano-Espinosa, M., Garza, J., Galván, M. (2017).Confinement effects on the spin potential of first row transition metal cations. Philosophical Magazine,97(4) 284-297",https://www.scopus.com/record/display.url?eid=2-s2.0-84995549300&origin=resultslist,10.1080/14786435.2016.1258498,Article,,2-s2.0-84995549300,-,Universidad Autónoma Metropolitana,505017,Academic,1.0,60028381,Universidad Autónoma Metropolitana -Unidad Iztapalapa,57213458829,7006004160,7006004160,-,Mexico,1.0,3104,Condensed Matter Physics,4,Natural Sciences,439,Physics & Astronomy,37,Physical Sciences,49| 51| 40,Mathematical Sciences| Physical Sciences| Engineering,-,-,-,Quantum Well Structures in Silicon Devices,239,33.028,Quantum Confinement Effects in Atomic Systems,30014,68.41,Very Good,2017.0,10.0,N/A,"Lozano-Espinosa, M.| Garza, J.| Galván, M.",Universidad Autónoma Metropolitana,Mexico,0
57204698538,57204698538,Initial stage of the degradation of three common neonicotinoids: theoretical prediction of charge transfer sites,"García-Hernández, E.| Flores-Moreno, R.| Vázquez-Mayagoitia, Á.| Vargas, R.| Garza, J.",5.0,55927648000| 6507942740| 56002752600| 55989742600| 57204698538,2017.0,2017-01-01,New Journal of Chemistry,41,3,965-974,-,ISSN-11440546,24824.0,Journal,Royal Society of Chemistry,English,0.79,42,4.7,18,0.864,16,1.25,41.0,9.0,0.21,14.48,44.0,63.0,0.0,0.0,"García-Hernández, E., Flores-Moreno, R., Vázquez-Mayagoitia, Á. and 2 more (...) (2017).Initial stage of the degradation of three common neonicotinoids: theoretical prediction of charge transfer sites. New Journal of Chemistry,41(3) 965-974",https://www.scopus.com/record/display.url?eid=2-s2.0-85010987002&origin=resultslist,10.1039/c6nj02655a,Article,,2-s2.0-85010987002,-,Universidad Autónoma Metropolitana| United States Department of Energy| Argonne National Laboratory| Universidad de Guadalajara,505017| 508244| 715878| 505019,Academic| Government,4.0,60028381| 113751000| 60008943| 60028609,Universidad Autónoma Metropolitana -Unidad Iztapalapa| Instituto Tecnológico Superior de Zacapoaxtla| Universidad de Guadalajara| Argonne National Laboratory,55927648000,57204698538,57204698538,-,Mexico| United States,2.0,1503| 1600| 2505,Catalysis| General Chemistry| Materials Chemistry,4| 2,Natural Sciences| Engineering & Technology,433| 219| 409| 249,Materials Science| Engineering - Chemical| Chemistry| Engineering - Petroleum,36| 37,Engineering| Physical Sciences,34,Chemical Sciences,-,-,-,Nanozymes and Pesticide Residue Detection Methods,579,92.74,Neonicotinoid Insecticides and Their Ecological Impact,5986,98.743,Very Good,2017.0,9.0,N/A,"García-Hernández, E.| Flores-Moreno, R.| Vázquez-Mayagoitia, Á.| Vargas, R.| Garza, J.",Universidad Autónoma Metropolitana| United States Department of Energy| Argonne National Laboratory| Universidad de Guadalajara,Mexico| United States,0
57204698538,57204698538,Electron Density Analysis for the H2+ System Confined by Hard Walls: The Chemical Bond Under Extreme Conditions,"Hernández-Esparza, R.| Landeros-Rivera, B.| Vargas, R.| Garza, J.",4.0,56587874900| 57192995930| 55989742600| 57204698538,2019.0,2019-07-01,Annalen der Physik,531,7,-,1800476,ISSN-00033804,26998.0,Journal,Wiley-VCH Verlag,English,0.89,38,5,18,1.277,14,0.72,24.0,9.0,0.44,13.61,42.0,50.0,0.0,0.0,"Hernández-Esparza, R., Landeros-Rivera, B., Vargas, R. and 1 more (...) (2019).Electron Density Analysis for the H2+ System Confined by Hard Walls: The Chemical Bond Under Extreme Conditions. Annalen der Physik,531(7) ",https://www.scopus.com/record/display.url?eid=2-s2.0-85064203343&origin=resultslist,10.1002/andp.201800476,Article,,2-s2.0-85064203343,-,Universidad Autónoma Metropolitana,505017,Academic,1.0,60028381,Universidad Autónoma Metropolitana -Unidad Iztapalapa,56587874900,57204698538,57204698538,-,Mexico,1.0,3100,General Physics and Astronomy,4,Natural Sciences,439,Physics & Astronomy,37,Physical Sciences,51| 49,Physical Sciences| Mathematical Sciences,-,-,-,Quantum Well Structures in Silicon Devices,239,33.028,Quantum Confinement Effects in Atomic Systems,30014,68.41,Definitive,2019.0,9.0,N/A,"Hernández-Esparza, R.| Landeros-Rivera, B.| Vargas, R.| Garza, J.",Universidad Autónoma Metropolitana,Mexico,0
57204698538,57204698538,Tsallis entropy: A comparative study for the 1s2-state of helium atom,"Nasser, I.| Martinez-Flores, C.| Zeama, M.| Vargas, R.| Garza, J.",5.0,6603778932| 55842469300| 55991525900| 55989742600| 57204698538,2021.0,2021-03-15,"Physics Letters, Section A: General, Atomic and Solid State Physics",392,-,-,127136,ISSN-03759601,29464.0,Journal,Elsevier B.V.,English,0.92,37,4.4,31,0.531,38,0.59,12.0,8.0,0.49,14.31,41.0,49.0,0.0,0.0,"Nasser, I., Martinez-Flores, C., Zeama, M. and 2 more (...) (2021).Tsallis entropy: A comparative study for the 1s2-state of helium atom. Physics Letters, Section A: General, Atomic and Solid State Physics,392",https://www.scopus.com/record/display.url?eid=2-s2.0-85099395469&origin=resultslist,10.1016/j.physleta.2020.127136,Article,,2-s2.0-85099395469,-,King Fahd University of Petroleum and Minerals| Universidad Autónoma Metropolitana| Egyptian Chinese University,409002| 505017| 723251,Academic,3.0,60262991| 60273018| 60028381| 60009506,Egyptian Chinese University| Faculty of Engineering and Technology| Universidad Autónoma Metropolitana -Unidad Iztapalapa| King Fahd University of Petroleum and Minerals,6603778932,57204698538,55991525900,-,Mexico| Egypt| Saudi Arabia,3.0,3100,General Physics and Astronomy,4,Natural Sciences,439,Physics & Astronomy,37,Physical Sciences,49| 51,Mathematical Sciences| Physical Sciences,-,-,-,Quantum Information and Optical State Manipulation,9,93.394,Information Theory Applications in Quantum Systems,14686,83.419,Very Good,2021.0,8.0,N/A,"Nasser, I.| Martinez-Flores, C.| Zeama, M.| Vargas, R.| Garza, J.",King Fahd University of Petroleum and Minerals| Universidad Autónoma Metropolitana| Egyptian Chinese University,Mexico| Egypt| Saudi Arabia,0
57204698538,57204698538,Dissociation energy for the P2S2 ring in a family of thionation reagents and the corresponding chemical reactivity of separated species: a density functional theory analysis,"Cortés-Santiago, A.| Navarrete-López, A.M.| Vargas, R.| Garza, J.",4.0,56584747500| 22980766800| 55989742600| 57204698538,2017.0,2017-05-01,Journal of Physical Organic Chemistry,30,5,-,e3624,ISSN-08943230,26971.0,Journal,John Wiley and Sons Ltd,English,0.65,53,2.6,57,0.467,59,0.71,25.0,8.0,0.19,10.69,46.0,64.0,0.0,0.0,"Cortés-Santiago, A., Navarrete-López, A.M., Vargas, R. and 1 more (...) (2017).Dissociation energy for the P2S2 ring in a family of thionation reagents and the corresponding chemical reactivity of separated species: a density functional theory analysis. Journal of Physical Organic Chemistry,30(5) ",https://www.scopus.com/record/display.url?eid=2-s2.0-84982206760&origin=resultslist,10.1002/poc.3624,Article,,2-s2.0-84982206760,-,Universidad Autónoma Metropolitana,505017,Academic,1.0,60028381,Universidad Autónoma Metropolitana -Unidad Iztapalapa,56584747500,57204698538,57204698538,-,Mexico,1.0,1605| 1606,Organic Chemistry| Physical and Theoretical Chemistry,4| 2,Natural Sciences| Engineering & Technology,409| 249,Chemistry| Engineering - Petroleum,37,Physical Sciences,34,Chemical Sciences,3405| 3406,Organic chemistry| Physical chemistry,-,Ruthenium Complexes in Catalysis and Medicine,1045,39.83,Synthesis and Applications of Lawesson's Reagent Derivatives,56760,13.512,Defensible,2017.0,8.0,N/A,"Cortés-Santiago, A.| Navarrete-López, A.M.| Vargas, R.| Garza, J.",Universidad Autónoma Metropolitana,Mexico,0
57204698538,57204698538,Deformations of cyclodextrins and their influence to form inclusion compounds,"Bautista-Renedo, J.-M.| Hernández-Esparza, R.| Cuevas-Yañez, E.| Reyes-Pérez, H.| Vargas, R.| Garza, J.| González-Rivas, N.",7.0,56891781800| 56587874900| 56000886300| 7102981061| 55989742600| 57204698538| 56013629000,2022.0,2022-03-15,International Journal of Quantum Chemistry,122,6,-,e26859,ISSN-00207608,24127.0,Journal,John Wiley and Sons Inc,English,0.72,48,4.8,34,0.424,50,1.9,35.0,8.0,0.69,11.54,36.0,40.0,0.0,0.0,"Bautista-Renedo, J.-M., Hernández-Esparza, R., Cuevas-Yañez, E. and 4 more (...) (2022).Deformations of cyclodextrins and their influence to form inclusion compounds. International Journal of Quantum Chemistry,122(6) ",https://www.scopus.com/record/display.url?eid=2-s2.0-85120558421&origin=resultslist,10.1002/qua.26859,Article,,2-s2.0-85120558421,-,McMaster University| Universidad Autónoma Metropolitana| Universidad Autonoma del Estado de Mexico,501017| 505017| 505051,Academic,3.0,60002281| 60031828| 60106381| 125387165| 60028381,"Universidad Autónoma del Estado de México| McMaster University| McMaster University, Faculty of Science| Tecnológico de Estudios Superiores de Jocotitlán| Universidad Autónoma Metropolitana -Unidad Iztapalapa",56891781800,56013629000,57204698538| 56013629000,-,Mexico| Canada,2.0,1606| 3104| 3107,"Physical and Theoretical Chemistry| Condensed Matter Physics| Atomic and Molecular Physics, and Optics",2| 4,Engineering & Technology| Natural Sciences,409| 249| 439,Chemistry| Engineering - Petroleum| Physics & Astronomy,37,Physical Sciences,34,Chemical Sciences,3407| 3406,Theoretical and computational chemistry| Physical chemistry,-,Enzyme Immobilization Techniques for Enhanced Biocatalysis,722,72.073,Molecular Dynamics of Cyclodextrin Inclusion Complexes,18313,62.421,Very Good,2022.0,8.0,N/A,"Bautista-Renedo, J.-M.| Hernández-Esparza, R.| Cuevas-Yañez, E.| Reyes-Pérez, H.| Vargas, R.| Garza, J.| González-Rivas, N.",McMaster University| Universidad Autónoma Metropolitana| Universidad Autonoma del Estado de Mexico,Mexico| Canada,0
57204698538,57204698538,A detailed description of the CO molecule adsorbed in InOF-1,"Landeros-Rivera, B.| Ibarra, I.A.| Díaz-Ramírez, M.L.| Vargas, R.| Lara-García, H.A.| Garza, J.| Martínez, A.",7.0,57192995930| 55000477500| 57209578929| 55989742600| 56285455400| 57204698538| 7404025645,2020.0,2020-04-21,Physical Chemistry Chemical Physics,22,15,7969-7974,-,ISSN-14639076,27011.0,Journal,Royal Society of Chemistry,English,0.97,34,6.1,13,1.053,17,1.44,42.0,8.0,0.38,13.25,45.0,53.0,0.0,0.0,"Landeros-Rivera, B., Ibarra, I.A., Díaz-Ramírez, M.L. and 4 more (...) (2020).A detailed description of the CO molecule adsorbed in InOF-1. Physical Chemistry Chemical Physics,22(15) 7969-7974",https://www.scopus.com/record/display.url?eid=2-s2.0-85083544324&origin=resultslist,10.1039/d0cp00579g,Article,,2-s2.0-85083544324,32236261,Universidad Autónoma Metropolitana| Universidad Nacional Autónoma de México,505017| 505023,Academic,2.0,60028381| 60032442| 60005971,Universidad Autónoma Metropolitana -Unidad Iztapalapa| Universidad Nacional Autónoma de México| Instituto de Investigaciones en Materiales,57192995930,7404025645,55989742600,-,Mexico,1.0,1606| 3100,Physical and Theoretical Chemistry| General Physics and Astronomy,2| 4,Engineering & Technology| Natural Sciences,249| 439| 409,Engineering - Petroleum| Physics & Astronomy| Chemistry,37,Physical Sciences,34| 51| 40,Chemical Sciences| Physical Sciences| Engineering,-,-,-,Quantum Chemistry and Molecular Interaction Insights,8,83.453,Quantum Theory and Electron Density in Chemical Bonding,9726,87.792,Defensible,2020.0,8.0,N/A,"Landeros-Rivera, B.| Ibarra, I.A.| Díaz-Ramírez, M.L.| Vargas, R.| Lara-García, H.A.| Garza, J.| Martínez, A.",Universidad Autónoma Metropolitana| Universidad Nacional Autónoma de México,Mexico,0
57204698538,57204698538,Identification of the preferential CO and SO2adsorption sites within NOTT-401,"Rivera-Almazo, M.| Díaz-Ramírez, M.L.| Hernández-Esparza, R.| Vargas, R.| Martínez, A.| Martis, V.| Sáenz-Cavazos, P.A.| Williams, D.| Lima, E.| Ibarra, I.A.| Garza, J.",11.0,57200856573| 57209578929| 56587874900| 55989742600| 7404025645| 34973230300| 57204199284| 55574201884| 7103348371| 55000477500| 57204698538,2021.0,2021-01-14,Physical Chemistry Chemical Physics,23,2,1454-1463,-,ISSN-14639076,27011.0,Journal,Royal Society of Chemistry,English,0.94,36,6.3,16,0.899,20,1.66,35.0,8.0,0.54,13.02,41.0,46.0,0.0,0.0,"Rivera-Almazo, M., Díaz-Ramírez, M.L., Hernández-Esparza, R. and 8 more (...) (2021).Identification of the preferential CO and SO2adsorption sites within NOTT-401. Physical Chemistry Chemical Physics,23(2) 1454-1463",https://www.scopus.com/record/display.url?eid=2-s2.0-85100280520&origin=resultslist,10.1039/d0cp04668j,Article,,2-s2.0-85100280520,33399155,McMaster University| Universidad Autónoma Metropolitana| Imperial College London| Universidad Nacional Autónoma de México,501017| 505017| 315018| 505023,Academic,4.0,60028381| 60032442| 60031828| 60175955| 60015150,Universidad Autónoma Metropolitana -Unidad Iztapalapa| Universidad Nacional Autónoma de México| McMaster University| Surface Measurement Systems Ltd.| Imperial College London,57200856573,57204698538,7103348371| 55000477500| 57204698538,-,United Kingdom| Mexico| Canada,3.0,1606| 3100,Physical and Theoretical Chemistry| General Physics and Astronomy,2| 4,Engineering & Technology| Natural Sciences,249| 439| 409,Engineering - Petroleum| Physics & Astronomy| Chemistry,37,Physical Sciences,40| 34| 51,Engineering| Chemical Sciences| Physical Sciences,-,-,-,Carbon-Based Membranes for Enhanced Gas Separation,650,81.099,Adsorption Mechanisms for Carbon Monoxide Separation,49080,78.525,Defensible,2021.0,8.0,N/A,"Rivera-Almazo, M.| Díaz-Ramírez, M.L.| Hernández-Esparza, R.| Vargas, R.| Martínez, A.| Martis, V.| Sáenz-Cavazos, P.A.| Williams, D.| Lima, E.| Ibarra, I.A.| Garza, J.",McMaster University| Universidad Autónoma Metropolitana| Imperial College London| Universidad Nacional Autónoma de México,United Kingdom| Mexico| Canada,0
57204698538,57204698538,Encapsulation of dopamine within SU-101: insights by computational chemistry,"Medel, E.| Obeso, J.L.| Serrano-Fuentes, C.| Garza, J.| Ibarra, I.A.| Leyva, C.| Inge, A.K.| Martínez, A.| Vargas, R.",9.0,58203644300| 57580822200| 58418464300| 57204698538| 55000477500| 15829455800| 54883630500| 7404025645| 55989742600,2023.0,2023-06-16,Chemical Communications,59,56,8684-8687,-,ISSN-13597345,22781.0,Journal,Royal Society of Chemistry,English,0.79,41,8.6,13,1.133,9,2.43,48.0,8.0,0.6,13.3,28.0,43.0,0.0,0.0,"Medel, E., Obeso, J.L., Serrano-Fuentes, C. and 6 more (...) (2023).Encapsulation of dopamine within SU-101: insights by computational chemistry. Chemical Communications,59(56) 8684-8687",https://www.scopus.com/record/display.url?eid=2-s2.0-85163798382&origin=resultslist,10.1039/d3cc02304d,Article,Green,2-s2.0-85163798382,37345452,CSIC| CSIC - National Museum of Natural Sciences| Universidad Autónoma Metropolitana| Instituto Politécnico Nacional| Universidad Nacional Autónoma de México| Stockholm University,312004| 715444| 505017| 505011| 505023| 332014,Academic| Government,6.0,60028381| 60019176| 60005971| 60032442| 60028378| 60015098,Universidad Autónoma Metropolitana -Unidad Iztapalapa| Instituto Politécnico Nacional| Instituto de Investigaciones en Materiales| Universidad Nacional Autónoma de México| Stockholms universitet| CSIC - Museo Nacional de Ciencias Naturales (MNCN),58203644300,55989742600,57204698538| 7404025645| 55989742600,-,Mexico| Spain| Sweden,3.0,1503| 1600| 2503| 2504| 2505| 2506| 2508,"Catalysis| General Chemistry| Ceramics and Composites| Electronic, Optical and Magnetic Materials| Materials Chemistry| Metals and Alloys| Surfaces, Coatings and Films",4| 2,Natural Sciences| Engineering & Technology,409| 219| 249| 433,Chemistry| Engineering - Chemical| Engineering - Petroleum| Materials Science,36| 37,Engineering| Physical Sciences,40| 34,Engineering| Chemical Sciences,-,-,-,Metal-Organic Frameworks in Environmental Applications,99,98.496,Metal Organic Frameworks in Targeted Drug Delivery,31745,98.641,Definitive,2023.0,8.0,N/A,"Medel, E.| Obeso, J.L.| Serrano-Fuentes, C.| Garza, J.| Ibarra, I.A.| Leyva, C.| Inge, A.K.| Martínez, A.| Vargas, R.",CSIC| CSIC - National Museum of Natural Sciences| Universidad Autónoma Metropolitana| Instituto Politécnico Nacional| Universidad Nacional Autónoma de México| Stockholm University,Mexico| Spain| Sweden,0
57204698538,57204698538,Gas-flow activation of MOFs: Unlocking efficient catalysis through dynamic bonding,"Díaz-Ramírez, M.L.| Park, S.H.| Rivera-Almazo, M.| Medel, E.| Peralta, R.A.| Ibarra, I.A.| Vargas, R.| Garza, J.| Jeong, N.C.",9.0,57209578929| 57574017900| 57200856573| 58203644300| 56879898700| 55000477500| 55989742600| 57204698538| 8529179300,2024.0,2024-12-23,Chemical Science,16,6,2581-2588,-,ISSN-20416520,19700200838.0,Journal,Royal Society of Chemistry,English,1.46,13,12.6,10,2.138,9,1.03,15.0,7.0,0.64,10.89,21.0,41.0,0.0,0.0,"Díaz-Ramírez, M.L., Park, S.H., Rivera-Almazo, M. and 6 more (...) (2024).Gas-flow activation of MOFs: Unlocking efficient catalysis through dynamic bonding. Chemical Science,16(6) 2581-2588",https://www.scopus.com/record/display.url?eid=2-s2.0-85214130963&origin=resultslist,10.1039/d4sc07011a,Article,Gold|Green,2-s2.0-85214130963,-,Daegu Gyeongbuk Institute of Science and Technology| Universidad Autónoma Metropolitana| Universidad Nacional Autónoma de México,701404| 505017| 505023,Academic,3.0,60092864| 60014923| 60032442| 60005971,Daegu Gyeongbuk Institute of Science and Technology| Universidad Autónoma Metropolitana| Universidad Nacional Autónoma de México| Instituto de Investigaciones en Materiales,57209578929,8529179300,55989742600| 57204698538| 8529179300,-,South Korea| Mexico,2.0,1600,General Chemistry,4,Natural Sciences,409,Chemistry,37,Physical Sciences,34,Chemical Sciences,-,-,-,Metal-Organic Frameworks in Environmental Applications,99,98.496,Metal Organic Frameworks in Gas Storage Applications,74,99.688,Definitive,2024.0,7.0,N/A,"Díaz-Ramírez, M.L.| Park, S.H.| Rivera-Almazo, M.| Medel, E.| Peralta, R.A.| Ibarra, I.A.| Vargas, R.| Garza, J.| Jeong, N.C.",Daegu Gyeongbuk Institute of Science and Technology| Universidad Autónoma Metropolitana| Universidad Nacional Autónoma de México,South Korea| Mexico,0
57204698538,57204698538,Interaction of 5-: S -cysteinyl-dopamine with graphene oxide: An experimental and theoretical study for the detection of a Parkinson's disease biomarker,"Badillo-Ramírez, I.| Landeros-Rivera, B.| De La O-Cuevas, E.| Vargas, R.| Garza, J.| Saniger, J.M.",6.0,57194635244| 57192995930| 57208532285| 55989742600| 57204698538| 59255225400,2019.0,2019-01-01,New Journal of Chemistry,43,40,15861-15870,-,ISSN-11440546,24824.0,Journal,Royal Society of Chemistry,English,0.76,46,4.7,19,0.712,22,0.85,27.0,7.0,0.18,16.76,47.0,66.0,0.0,0.0,"Badillo-Ramírez, I., Landeros-Rivera, B., De La O-Cuevas, E. and 3 more (...) (2019).Interaction of 5-: S -cysteinyl-dopamine with graphene oxide: An experimental and theoretical study for the detection of a Parkinson's disease biomarker. New Journal of Chemistry,43(40) 15861-15870",https://www.scopus.com/record/display.url?eid=2-s2.0-85073635547&origin=resultslist,10.1039/c9nj03781k,Article,,2-s2.0-85073635547,-,Universidad Autonoma de Zacatecas| Universidad Autónoma Metropolitana| Universidad Nacional Autónoma de México,505049| 505017| 505023,Academic,3.0,60032442| 60028381| 60014481,Universidad Nacional Autónoma de México| Universidad Autónoma Metropolitana -Unidad Iztapalapa| Universidad Autónoma de Zacatecas,57194635244,59255225400,57194635244,-,Mexico,1.0,1503| 1600| 2505,Catalysis| General Chemistry| Materials Chemistry,2| 4,Engineering & Technology| Natural Sciences,219| 409| 433| 249,Engineering - Chemical| Chemistry| Materials Science| Engineering - Petroleum,37| 36,Physical Sciences| Engineering,34,Chemical Sciences,-,-,-,Quantum Chemistry and Molecular Interaction Insights,8,83.453,Hydrogen Bond Complexation and Quantum Theory Insights,81982,2.907,Definitive,2019.0,7.0,N/A,"Badillo-Ramírez, I.| Landeros-Rivera, B.| De La O-Cuevas, E.| Vargas, R.| Garza, J.| Saniger, J.M.",Universidad Autonoma de Zacatecas| Universidad Autónoma Metropolitana| Universidad Nacional Autónoma de México,Mexico,0
57204698538,57204698538,"Non-covalent interactions in biocompatible platforms for drug delivery: Mg2(olsalazine) Metal-Organic Framework with phenylethylamine, dopamine and sertraline","Medel, E.| Garza, J.| Ibarra, I.A.| Martínez, A.| Vargas, R.",5.0,58203644300| 57204698538| 55000477500| 7404025645| 55989742600,2023.0,2023-10-01,Computational and Theoretical Chemistry,1228,-,-,114265,ISSN-2210271X,21000196008.0,Journal,Elsevier B.V.,English,0.6,55,4.2,40,0.405,50,1.65,30.0,7.0,0.66,10.61,31.0,41.0,0.0,0.0,"Medel, E., Garza, J., Ibarra, I.A. and 2 more (...) (2023).Non-covalent interactions in biocompatible platforms for drug delivery: Mg2(olsalazine) Metal-Organic Framework with phenylethylamine, dopamine and sertraline. Computational and Theoretical Chemistry,1228",https://www.scopus.com/record/display.url?eid=2-s2.0-85167797568&origin=resultslist,10.1016/j.comptc.2023.114265,Article,,2-s2.0-85167797568,-,CSIC| CSIC - National Museum of Natural Sciences| Universidad Autónoma Metropolitana| Universidad Nacional Autónoma de México,312004| 715444| 505017| 505023,Academic| Government,4.0,60028381| 60032442| 60015098,Universidad Autónoma Metropolitana -Unidad Iztapalapa| Universidad Nacional Autónoma de México| CSIC - Museo Nacional de Ciencias Naturales (MNCN),58203644300,55989742600,55989742600,-,Spain| Mexico,2.0,1303| 1606| 3104,Biochemistry| Physical and Theoretical Chemistry| Condensed Matter Physics,5| 2| 4,Life Sciences & Medicine| Engineering & Technology| Natural Sciences,409| 249| 439| 507,Chemistry| Engineering - Petroleum| Physics & Astronomy| Biological Sciences,37| 32,Physical Sciences| Life Sciences,34,Chemical Sciences,3406| 3407,Physical chemistry| Theoretical and computational chemistry,-,Metal-Organic Frameworks in Environmental Applications,99,98.496,Metal Organic Frameworks in Targeted Drug Delivery,31745,98.641,Definitive,2023.0,7.0,N/A,"Medel, E.| Garza, J.| Ibarra, I.A.| Martínez, A.| Vargas, R.",CSIC| CSIC - National Museum of Natural Sciences| Universidad Autónoma Metropolitana| Universidad Nacional Autónoma de México,Spain| Mexico,0
57204698538,57204698538,A Theoretical Analysis of Interaction Energies and Intermolecular Interactions between Amphotericin B and Potential Bioconjugates Used in the Modification of Nanocarriers for Drug Delivery,"Cuellar, J.| Parada-Díaz, L.| Garza, J.| Mejía, S.M.",4.0,57639083500| 58161800400| 57204698538| 21735087700,2023.0,2023-03-01,Molecules,28,6,-,2674,ISSN-14203049,26370.0,Journal,MDPI,English,1.06,24,7.4,17,0.744,24,0.86,16.0,7.0,0.67,10.44,31.0,40.0,0.0,0.0,"Cuellar, J., Parada-Díaz, L., Garza, J. and 1 more (...) (2023).A Theoretical Analysis of Interaction Energies and Intermolecular Interactions between Amphotericin B and Potential Bioconjugates Used in the Modification of Nanocarriers for Drug Delivery. Molecules,28(6) ",https://www.scopus.com/record/display.url?eid=2-s2.0-85151111398&origin=resultslist,10.3390/molecules28062674,Article,Gold|Green,2-s2.0-85151111398,36985646,Universidad Autónoma Metropolitana| Universidad Javeriana,505017| 604006,Academic,2.0,60033545| 60028381,Pontificia Universidad Javeriana| Universidad Autónoma Metropolitana -Unidad Iztapalapa,57639083500,21735087700,21735087700,-,Mexico| Colombia,2.0,1313| 1601| 1602| 1605| 1606| 3002| 3003,Molecular Medicine| Chemistry (miscellaneous)| Analytical Chemistry| Organic Chemistry| Physical and Theoretical Chemistry| Drug Discovery| Pharmaceutical Science,2| 5| 4,Engineering & Technology| Life Sciences & Medicine| Natural Sciences,409| 249| 532| 537,Chemistry| Engineering - Petroleum| Medicine| Pharmacy & Pharmacology,32| 37| 34,Life Sciences| Physical Sciences| Medical and Health,34,Chemical Sciences,3405| 3404,Organic chemistry| Medicinal and biomolecular chemistry,-,Invasive Fungal Infections and Antifungal Resistance,91,78.94,Amphotericin B: Mechanisms and Applications in Antifungal Therapy,16835,85.833,Definitive,2023.0,7.0,N/A,"Cuellar, J.| Parada-Díaz, L.| Garza, J.| Mejía, S.M.",Universidad Autónoma Metropolitana| Universidad Javeriana,Mexico| Colombia,0
57204698538,57204698538,"Li8Si8, Li10Si9, and Li12Si10: Assemblies of Lithium-Silicon Aromatic Units","Manrique-de-la-Cuba, M.F.| Leyva-Parra, L.| Inostroza, D.| Gomez, B.| Vásquez-Espinal, A.| Garza, J.| Yañez, O.| Tiznado, W.",8.0,57209498208| 57221712431| 56688618700| 7102133791| 56108486100| 57204698538| 55794064800| 6507292367,2021.0,2021-05-17,ChemPhysChem,22,10,906-910,-,ISSN-14394235,26588.0,Journal,John Wiley and Sons Inc,English,0.77,46,5.8,25,0.86,22,2.01,43.0,7.0,0.43,11.65,44.0,52.0,0.0,0.0,"Manrique-de-la-Cuba, M.F., Leyva-Parra, L., Inostroza, D. and 5 more (...) (2021).Li8Si8, Li10Si9, and Li12Si10: Assemblies of Lithium-Silicon Aromatic Units. ChemPhysChem,22(10) 906-910",https://www.scopus.com/record/display.url?eid=2-s2.0-85104824359&origin=resultslist,10.1002/cphc.202001051,Article,,2-s2.0-85104824359,33779015,Universidad Andrés Bello| Universidad Autónoma Metropolitana| Universidad Católica De Santa María,603010| 505017| 708651,Academic,3.0,60105309| 60002636| 60028381| 60281419,Universidad Católica de Santa María| Universidad Andrés Bello| Universidad Autónoma Metropolitana -Unidad Iztapalapa| Centro de Nuevos Fármacos para Hipertensión,57209498208,6507292367,55794064800| 6507292367,-,Chile| Mexico| Peru,3.0,1606| 3107,"Physical and Theoretical Chemistry| Atomic and Molecular Physics, and Optics",2| 4,Engineering & Technology| Natural Sciences,249| 439| 409,Engineering - Petroleum| Physics & Astronomy| Chemistry,37,Physical Sciences,34,Chemical Sciences,3406| 3403,Physical chemistry| Macromolecular and materials chemistry,-,Quantum Chemistry and Molecular Interaction Insights,8,83.453,Silicon Clusters and Their Structural Properties,11111,78.13,Defensible,2021.0,7.0,N/A,"Manrique-de-la-Cuba, M.F.| Leyva-Parra, L.| Inostroza, D.| Gomez, B.| Vásquez-Espinal, A.| Garza, J.| Yañez, O.| Tiznado, W.",Universidad Andrés Bello| Universidad Autónoma Metropolitana| Universidad Católica De Santa María,Chile| Mexico| Peru,0
57204698538,57204698538,Finite element method as an alternative to study the electronic structure of confined atoms,"García-Miranda, J.-J.| Vargas, R.| Garza, J.",3.0,58097827400| 55989742600| 57204698538,2023.0,2023-09-01,Physical Review E,108,3,-,035302,ISSN-24700045,21100855841.0,Journal,American Physical Society,English,0.87,35,4.5,14,0.805,22,0.85,11.0,7.0,0.96,7.29,31.0,30.0,0.0,0.0,"García-Miranda, J.-J., Vargas, R., Garza, J. (2023).Finite element method as an alternative to study the electronic structure of confined atoms. Physical Review E,108(3) ",https://www.scopus.com/record/display.url?eid=2-s2.0-85172939966&origin=resultslist,10.1103/PhysRevE.108.035302,Article,,2-s2.0-85172939966,37849191,Universidad Autónoma Metropolitana,505017,Academic,1.0,60028381,Universidad Autónoma Metropolitana -Unidad Iztapalapa,58097827400,57204698538,-,-,Mexico,1.0,2613| 3104| 3109,Statistics and Probability| Condensed Matter Physics| Statistical and Nonlinear Physics,2| 4,Engineering & Technology| Natural Sciences,439| 344| 431| 213,Physics & Astronomy| Statistics & Operational Research| Mathematics| Data Science,37,Physical Sciences,49| 40| 51,Mathematical Sciences| Engineering| Physical Sciences,-,-,-,Quantum Well Structures in Silicon Devices,239,33.028,Quantum Confinement Effects in Atomic Systems,30014,68.41,Definitive,2023.0,7.0,N/A,"García-Miranda, J.-J.| Vargas, R.| Garza, J.",Universidad Autónoma Metropolitana,Mexico,0
57204698538,57204698538,Oligolignols within lignin-adhesive formulations drive their Young's modulus: A ReaxFF-MD study,"López-Albarrán, P.| Pizzi, A.| Navarro-Santos, P.| Hernández-Esparza, R.| Garza, J.",5.0,36175997800| 7102104085| 6505732190| 56587874900| 57204698538,2017.0,2017-10-01,International Journal of Adhesion and Adhesives,78,-,227-233,-,ISSN-01437496,13639.0,Journal,Elsevier Ltd,English,1.52,11,4.2,20,0.926,13,0.69,28.0,7.0,0.45,11.2,49.0,49.0,0.0,0.0,"López-Albarrán, P., Pizzi, A., Navarro-Santos, P. and 2 more (...) (2017).Oligolignols within lignin-adhesive formulations drive their Young's modulus: A ReaxFF-MD study. International Journal of Adhesion and Adhesives,78227-233",https://www.scopus.com/record/display.url?eid=2-s2.0-85027684326&origin=resultslist,10.1016/j.ijadhadh.2017.08.003,Article,,2-s2.0-85027684326,-,Consejo Nacional de Ciencia y Tecnologia Mexico| Universidad Autónoma Metropolitana| Universidad Michoacana de San Nicolas de Hidalgo| Université de Lorraine,704696| 505017| 505022| 702747,Government| Academic,4.0,60032816| 60104289| 60027998| 60028381,"Universidad Michoacana de San Nicolás de Hidalgo| Université de Lorraine| Secretaría de Ciencia, Humanidades, Tecnología e Innovación| Universidad Autónoma Metropolitana -Unidad Iztapalapa",36175997800,57204698538,36175997800,-,Mexico| France,2.0,1500| 2502| 2507,General Chemical Engineering| Biomaterials| Polymers and Plastics,2| 4,Engineering & Technology| Natural Sciences,433| 219,Materials Science| Engineering - Chemical,36,Engineering,40,Engineering,4016| 4017,Materials engineering| Mechanical engineering,-,Wood Properties and Treatments for Enhanced Performance,897,50.294,Tannin-Based Innovations in Wood Adhesives and Materials,15959,90.859,Defensible,2017.0,7.0,N/A,"López-Albarrán, P.| Pizzi, A.| Navarro-Santos, P.| Hernández-Esparza, R.| Garza, J.",Consejo Nacional de Ciencia y Tecnologia Mexico| Universidad Autónoma Metropolitana| Universidad Michoacana de San Nicolas de Hidalgo| Université de Lorraine,Mexico| France,0
57204698538,57204698538,Theoretical analysis of the S-P bond in a family of compounds that involve a P2S2 ring: Role of the PBE0-1/5 exchange-correlation functional,"Cortés-Santiago, A.| Vázquez-Mayagoitia, Á.| del Campo, J.M.| Soriano-Agueda, L.A.| Vargas, R.| Garza, J.",6.0,56584747500| 56002752600| 57886320600| 56584712700| 55989742600| 57204698538,2015.0,2015-06-05,Computational and Theoretical Chemistry,1062,-,36-43,-,ISSN-2210271X,21000196008.0,Journal,Elsevier,English,0.59,56,2.8,38,0.538,45,1.13,34.0,6.0,0.4,9.88,51.0,50.0,0.0,0.0,"Cortés-Santiago, A., Vázquez-Mayagoitia, Á., del Campo, J.M. and 3 more (...) (2015).Theoretical analysis of the S-P bond in a family of compounds that involve a P2S2 ring: Role of the PBE0-1/5 exchange-correlation functional. Computational and Theoretical Chemistry,106236-43",https://www.scopus.com/record/display.url?eid=2-s2.0-84926475571&origin=resultslist,10.1016/j.comptc.2015.03.014,Article,,2-s2.0-84926475571,-,Benemerita Universidad Autonoma de Puebla| Universidad Autónoma Metropolitana| United States Department of Energy| Argonne National Laboratory| Universidad Nacional Autónoma de México,505001| 505017| 508244| 715878| 505023,Academic| Government,5.0,60028381| 60024830| 60028609| 60032442| 60005847,"Universidad Autónoma Metropolitana -Unidad Iztapalapa| Benemérita Universidad Autónoma de Puebla| Argonne National Laboratory| Universidad Nacional Autónoma de México| Universidad Nacional Autónoma de México, Facultad de Quimica",56584747500,57204698538,57204698538,-,Mexico| United States,2.0,1303| 1606| 3104,Biochemistry| Physical and Theoretical Chemistry| Condensed Matter Physics,2| 5| 4,Engineering & Technology| Life Sciences & Medicine| Natural Sciences,249| 507| 409| 439,Engineering - Petroleum| Biological Sciences| Chemistry| Physics & Astronomy,37| 32,Physical Sciences| Life Sciences,34,Chemical Sciences,3407| 3406,Theoretical and computational chemistry| Physical chemistry,-,Quantum Chemistry and Molecular Interaction Insights,8,83.453,Density Functional Theory and Van Der Waals Interactions,4474,98.297,Very Good,2015.0,6.0,N/A,"Cortés-Santiago, A.| Vázquez-Mayagoitia, Á.| del Campo, J.M.| Soriano-Agueda, L.A.| Vargas, R.| Garza, J.",Benemerita Universidad Autonoma de Puebla| Universidad Autónoma Metropolitana| United States Department of Energy| Argonne National Laboratory| Universidad Nacional Autónoma de México,Mexico| United States,0
57204698538,57204698538,Isostructural MFM-300(Sc) and MFM-300(In): Adsorption Behavior to Determine Their Differences,"Rivera-Almazo, M.| Perez-Sanchez, E.| Martínez-Ahumada, E.| Martínez, A.| Garza, J.| Ibarra, I.A.| Vargas, R.",7.0,57200856573| 57575516200| 57212137584| 7404025645| 57204698538| 55000477500| 55989742600,2022.0,2022-04-14,Journal of Physical Chemistry C,126,14,6465-6471,-,ISSN-19327447,5200153123.0,Journal,American Chemical Society,English,0.85,39,7,21,1.028,15,1.31,29.0,6.0,0.43,14.1,42.0,53.0,0.0,0.0,"Rivera-Almazo, M., Perez-Sanchez, E., Martínez-Ahumada, E. and 4 more (...) (2022).Isostructural MFM-300(Sc) and MFM-300(In): Adsorption Behavior to Determine Their Differences. Journal of Physical Chemistry C,126(14) 6465-6471",https://www.scopus.com/record/display.url?eid=2-s2.0-85128184504&origin=resultslist,10.1021/acs.jpcc.2c00742,Article,,2-s2.0-85128184504,-,Universidad Autónoma Metropolitana| Universidad Nacional Autónoma de México,505017| 505023,Academic,2.0,60028381| 60005971| 60032442,Universidad Autónoma Metropolitana -Unidad Iztapalapa| Instituto de Investigaciones en Materiales| Universidad Nacional Autónoma de México,57200856573,55989742600,-,-,Mexico,1.0,1606| 2100| 2504| 2508,"Physical and Theoretical Chemistry| General Energy| Electronic, Optical and Magnetic Materials| Surfaces, Coatings and Films",2| 4,Engineering & Technology| Natural Sciences,433| 221| 249| 409,Materials Science| Engineering - Electrical & Electronic| Engineering - Petroleum| Chemistry,36| 37,Engineering| Physical Sciences,34| 40,Chemical Sciences| Engineering,-,-,-,Metal-Organic Frameworks in Environmental Applications,99,98.496,Metal Organic Frameworks in Gas Storage Applications,74,99.688,Definitive,2022.0,6.0,N/A,"Rivera-Almazo, M.| Perez-Sanchez, E.| Martínez-Ahumada, E.| Martínez, A.| Garza, J.| Ibarra, I.A.| Vargas, R.",Universidad Autónoma Metropolitana| Universidad Nacional Autónoma de México,Mexico,0
57204698538,57204698538,Conformations of α-cyclodextrin and its role on the stability of inclusion complexes in aqueous solution,"H. Huerta, E.| Gutiérrez-Flores, J.| Gómez-Balderas, R.| Garza, J.| Ramos, E.| Vargas, R.",6.0,58786158300| 57193845445| 6602784807| 57204698538| 57187020500| 55989742600,2024.0,2024-11-15,Journal of Molecular Liquids,414,-,-,126267,ISSN-01677322,26965.0,Journal,Elsevier B.V.,English,1.21,20,10.5,8,0.935,17,2.2,26.0,5.0,0.73,6.84,27.0,38.0,0.0,0.0,"H. Huerta, E., Gutiérrez-Flores, J., Gómez-Balderas, R. and 3 more (...) (2024).Conformations of α-cyclodextrin and its role on the stability of inclusion complexes in aqueous solution. Journal of Molecular Liquids,414",https://www.scopus.com/record/display.url?eid=2-s2.0-85206946643&origin=resultslist,10.1016/j.molliq.2024.126267,Article,,2-s2.0-85206946643,-,Universidad Autónoma Metropolitana| Universidad Nacional Autónoma de México,505017| 505023,Academic,2.0,60025013| 60032442| 60028381| 60172565| 60005971,Instituto de Quimica de la UNAM| Universidad Nacional Autónoma de México| Universidad Autónoma Metropolitana -Unidad Iztapalapa| Facultad de Estudios Superiores Cuautitlán| Instituto de Investigaciones en Materiales,58786158300,55989742600,58786158300,-,Mexico,1.0,1606| 1607| 2504| 2505| 3104| 3107,"Physical and Theoretical Chemistry| Spectroscopy| Electronic, Optical and Magnetic Materials| Materials Chemistry| Condensed Matter Physics| Atomic and Molecular Physics, and Optics",4| 2,Natural Sciences| Engineering & Technology,433| 249| 439| 409,Materials Science| Engineering - Petroleum| Physics & Astronomy| Chemistry,37| 36,Physical Sciences| Engineering,40| 34,Engineering| Chemical Sciences,3406| 4004,Physical chemistry| Chemical engineering,-,Enzyme Immobilization Techniques for Enhanced Biocatalysis,722,72.073,Molecular Dynamics of Cyclodextrin Inclusion Complexes,18313,62.421,Definitive,2024.0,5.0,N/A,"H. Huerta, E.| Gutiérrez-Flores, J.| Gómez-Balderas, R.| Garza, J.| Ramos, E.| Vargas, R.",Universidad Autónoma Metropolitana| Universidad Nacional Autónoma de México,Mexico,0
57204698538,57204698538,Electron density analysis of two-electron systems confined by prolate spheroids with hard walls,"Yanajara-Parra, H.| Corella-Madueño, A.| Adrián Duarte-Alcaraz, F.| Vargas, R.| Garza, J.",5.0,58895473600| 6506884073| 58894822700| 55989742600| 57204698538,2024.0,2024-02-01,Journal of Physics Communications,8,2,-,025004,ISSN-23996528,21100943253.0,Journal,Institute of Physics,English,0.59,56,2.7,50,0.322,53,0.98,11.0,5.0,0.63,7.91,27.0,42.0,0.0,0.0,"Yanajara-Parra, H., Corella-Madueño, A., Adrián Duarte-Alcaraz, F. and 2 more (...) (2024).Electron density analysis of two-electron systems confined by prolate spheroids with hard walls. Journal of Physics Communications,8(2) ",https://www.scopus.com/record/display.url?eid=2-s2.0-85185501666&origin=resultslist,10.1088/2399-6528/ad246e,Article,Gold|Green,2-s2.0-85185501666,-,Consejo Nacional de Ciencia y Tecnologia Mexico| Universidad Autónoma Metropolitana| Universidad de Sonora,704696| 505017| 505021,Government| Academic,3.0,60027998| 60032897| 60028381,"Secretaría de Ciencia, Humanidades, Tecnología e Innovación| Universidad de Sonora| Universidad Autónoma Metropolitana -Unidad Iztapalapa",58895473600,57204698538,-,-,Mexico,1.0,3100,General Physics and Astronomy,4,Natural Sciences,439,Physics & Astronomy,37,Physical Sciences,51,Physical Sciences,-,-,-,Quantum Well Structures in Silicon Devices,239,33.028,Quantum Confinement Effects in Atomic Systems,30014,68.41,Definitive,2024.0,5.0,N/A,"Yanajara-Parra, H.| Corella-Madueño, A.| Adrián Duarte-Alcaraz, F.| Vargas, R.| Garza, J.",Consejo Nacional de Ciencia y Tecnologia Mexico| Universidad Autónoma Metropolitana| Universidad de Sonora,Mexico,0
57204698538,57204698538,Non-covalent interactions in polymorphs of urea under pressure,"Padilla-Bernal, G.| Gutiérrez-Flores, J.| Garza, J.| Vargas, R.",4.0,58192076600| 57193845445| 57204698538| 55989742600,2023.0,2023-05-01,Theoretical Chemistry Accounts,142,5,-,42,ISSN-1432881X,21970.0,Journal,Springer Science and Business Media Deutschland GmbH,English,0.56,58,3.4,60,0.345,63,1.28,21.0,4.0,0.42,9.52,43.0,53.0,0.0,0.0,"Padilla-Bernal, G., Gutiérrez-Flores, J., Garza, J. and 1 more (...) (2023).Non-covalent interactions in polymorphs of urea under pressure. Theoretical Chemistry Accounts,142(5) ",https://www.scopus.com/record/display.url?eid=2-s2.0-85153215947&origin=resultslist,10.1007/s00214-023-02978-x,Article,,2-s2.0-85153215947,-,Universidad Autónoma Metropolitana,505017,Academic,1.0,60028381,Universidad Autónoma Metropolitana -Unidad Iztapalapa,58192076600,55989742600,55989742600,-,Mexico,1.0,1606,Physical and Theoretical Chemistry,2| 4,Engineering & Technology| Natural Sciences,249| 409,Engineering - Petroleum| Chemistry,37,Physical Sciences,34,Chemical Sciences,3406| 3407,Physical chemistry| Theoretical and computational chemistry,-,Machine Learning Insights into Crystal Structures,1264,69.196,Hydrogen Bond Dynamics in High-Pressure Crystalline Structures,21236,71.519,Definitive,2023.0,4.0,N/A,"Padilla-Bernal, G.| Gutiérrez-Flores, J.| Garza, J.| Vargas, R.",Universidad Autónoma Metropolitana,Mexico,0
57204698538,57204698538,Si6C18: A bispentalene derivative with two planar tetracoordinate carbons,"Inostroza, D.| Leyva-Parra, L.| Yañez, O.| Cruz, J.C.| Garza, J.| García, V.| Thimmakondu, V.S.| Ceron, M.L.| Tiznado, W.",9.0,56688618700| 57221712431| 55794064800| 57209506006| 57204698538| 57205575580| 57320102900| 57416791800| 6507292367,2023.0,2023-01-05,International Journal of Quantum Chemistry,123,1,-,e27008,ISSN-00207608,24127.0,Journal,John Wiley and Sons Inc,English,0.62,53,4.7,35,0.393,52,2.07,69.0,3.0,0.31,9.75,49.0,59.0,0.0,0.0,"Inostroza, D., Leyva-Parra, L., Yañez, O. and 6 more (...) (2023).Si6C18: A bispentalene derivative with two planar tetracoordinate carbons. International Journal of Quantum Chemistry,123(1) ",https://www.scopus.com/record/display.url?eid=2-s2.0-85137245275&origin=resultslist,10.1002/qua.27008,Article,,2-s2.0-85137245275,-,San Diego State University| Universidad de las Américas - Chile| Universidad Andrés Bello| Universidad Autónoma Metropolitana| Universidad Nacional Mayor de San Marcos| Universidad Finis Terrae,508204| 706192| 603010| 505017| 605002| 705602,Academic,6.0,60002636| 60281419| 60105362| 60028381| 60071231| 60096500| 60018926| 60105368,Universidad Andrés Bello| Centro de Nuevos Fármacos para Hipertensión| Universidad de Las Américas Chile| Universidad Autónoma Metropolitana -Unidad Iztapalapa| Universidad Nacional Mayor de San Marcos| SDSU College of Sciences| San Diego State University| Universidad Finis Terrae,56688618700,6507292367,57221712431| 6507292367,-,Chile| Mexico| United States| Peru,4.0,1606| 3104| 3107,"Physical and Theoretical Chemistry| Condensed Matter Physics| Atomic and Molecular Physics, and Optics",4| 2,Natural Sciences| Engineering & Technology,249| 439| 409,Engineering - Petroleum| Physics & Astronomy| Chemistry,37,Physical Sciences,34,Chemical Sciences,3407| 3406,Theoretical and computational chemistry| Physical chemistry,-,Quantum Chemistry and Molecular Interaction Insights,8,83.453,Planar Tetracoordinate Carbon Structures,42041,79.836,Definitive,2023.0,3.0,N/A,"Inostroza, D.| Leyva-Parra, L.| Yañez, O.| Cruz, J.C.| Garza, J.| García, V.| Thimmakondu, V.S.| Ceron, M.L.| Tiznado, W.",San Diego State University| Universidad de las Américas - Chile| Universidad Andrés Bello| Universidad Autónoma Metropolitana| Universidad Nacional Mayor de San Marcos| Universidad Finis Terrae,Chile| Mexico| United States| Peru,0
57204698538,57204698538,Revealing the Role of Noncovalent Interactions on the Conformation of the Methyl Group in Tricyclic Orthoamide,"Gutiérrez-Flores, J.| H Huerta, E.| Cuevas, G.| Garza, J.| Vargas, R.",5.0,57193845445| 58786158300| 7004077888| 57204698538| 55989742600,2024.0,2024-01-05,Journal of Organic Chemistry,89,1,257-268,-,ISSN-00223263,25896.0,Journal,American Chemical Society,English,0.86,38,6.1,27,0.737,28,3.96,46.0,3.0,0.46,6.52,38.0,49.0,0.0,0.0,"Gutiérrez-Flores, J., H Huerta, E., Cuevas, G. and 2 more (...) (2024).Revealing the Role of Noncovalent Interactions on the Conformation of the Methyl Group in Tricyclic Orthoamide. Journal of Organic Chemistry,89(1) 257-268",https://www.scopus.com/record/display.url?eid=2-s2.0-85181006819&origin=resultslist,10.1021/acs.joc.3c02016,Article,Hybrid gold|Green,2-s2.0-85181006819,-,Universidad Autónoma Metropolitana| Universidad Nacional Autónoma de México,505017| 505023,Academic,2.0,60028381| 60032442,Universidad Autónoma Metropolitana -Unidad Iztapalapa| Universidad Nacional Autónoma de México,57193845445,55989742600,55989742600,-,Mexico,1.0,1605,Organic Chemistry,4| 2,Natural Sciences| Engineering & Technology,249| 409,Engineering - Petroleum| Chemistry,37,Physical Sciences,34,Chemical Sciences,3405| 3404,Organic chemistry| Medicinal and biomolecular chemistry,-,Quantum Chemistry and Molecular Interaction Insights,8,83.453,Quantum Theory and Electron Density in Chemical Bonding,9726,87.792,Definitive,2024.0,3.0,N/A,"Gutiérrez-Flores, J.| H Huerta, E.| Cuevas, G.| Garza, J.| Vargas, R.",Universidad Autónoma Metropolitana| Universidad Nacional Autónoma de México,Mexico,0
57204698538,57204698538,Interactions involved in the adsorption of ethylene glycol and 2-hydroxyethoxide on the Au(111) surface: a Density Functional Theory study,"Avelar, J.| Hernández-Esparza, R.| Garza, J.| Vargas, R.",4.0,57208280783| 56587874900| 57204698538| 55989742600,2024.0,2024-12-01,Journal of Molecular Modeling,30,12,-,396,ISSN-16102940,57844.0,Journal,Springer Science and Business Media Deutschland GmbH,English,0.58,57,3.8,32,0.376,57,0.7,9.0,3.0,0.4,7.52,38.0,52.0,0.0,0.0,"Avelar, J., Hernández-Esparza, R., Garza, J. and 1 more (...) (2024).Interactions involved in the adsorption of ethylene glycol and 2-hydroxyethoxide on the Au(111) surface: a Density Functional Theory study. Journal of Molecular Modeling,30(12) ",https://www.scopus.com/record/display.url?eid=2-s2.0-85209476062&origin=resultslist,10.1007/s00894-024-06187-6,Article,Hybrid gold|Green,2-s2.0-85209476062,39531089,Universidad Autónoma Metropolitana| United States Department of Energy| Argonne National Laboratory,505017| 508244| 715878,Government| Academic,3.0,60028381| 60028609,Universidad Autónoma Metropolitana -Unidad Iztapalapa| Argonne National Laboratory,57208280783,55989742600,55989742600,-,Mexico| United States,2.0,1503| 1604| 1605| 1606| 1703| 1706,Catalysis| Inorganic Chemistry| Organic Chemistry| Physical and Theoretical Chemistry| Computational Theory and Mathematics| Computer Science Applications,2| 4,Engineering & Technology| Natural Sciences,409| 212| 249| 213| 219,Chemistry| Computer Science & Information Systems| Engineering - Petroleum| Data Science| Engineering - Chemical,36| 38| 37,Engineering| Computer Science| Physical Sciences,34,Chemical Sciences,3404| 3407| 3406,Medicinal and biomolecular chemistry| Theoretical and computational chemistry| Physical chemistry,-,Quantum Chemistry and Molecular Interaction Insights,8,83.453,Quantum Theory and Electron Density in Chemical Bonding,9726,87.792,Definitive,2024.0,3.0,N/A,"Avelar, J.| Hernández-Esparza, R.| Garza, J.| Vargas, R.",Universidad Autónoma Metropolitana| United States Department of Energy| Argonne National Laboratory,Mexico| United States,0
57204698538,57204698538,On the initial stages of lignin polymerization through spin-polarized density functional theory,"Navarro-Santos, P.| Rodriguez-Olalde, N.E.| Gallo, M.| Vargas, R.| Garza, J.| López-Albarrán, P.",6.0,6505732190| 56780424900| 56000771200| 55989742600| 57204698538| 36175997800,2019.0,2019-09-01,Chemical Physics Letters,730,-,289-296,-,ISSN-00092614,26586.0,Journal,Elsevier B.V.,English,0.64,55,3.5,33,0.529,40,0.92,24.0,3.0,0.16,12.73,62.0,68.0,0.0,0.0,"Navarro-Santos, P., Rodriguez-Olalde, N.E., Gallo, M. and 3 more (...) (2019).On the initial stages of lignin polymerization through spin-polarized density functional theory. Chemical Physics Letters,730289-296",https://www.scopus.com/record/display.url?eid=2-s2.0-85067182829&origin=resultslist,10.1016/j.cplett.2019.05.053,Article,,2-s2.0-85067182829,-,"Tecnológico Nacional de México, Mexico City| Universidad Autónoma Metropolitana| Universidad Michoacana de San Nicolas de Hidalgo",719128| 505017| 505022,Academic,3.0,60032816| 60134870| 60028381,Universidad Michoacana de San Nicolás de Hidalgo| Tecnológico Nacional de México| Universidad Autónoma Metropolitana -Unidad Iztapalapa,6505732190,36175997800,36175997800,-,Mexico,1.0,1606| 3100,Physical and Theoretical Chemistry| General Physics and Astronomy,2| 4,Engineering & Technology| Natural Sciences,409| 249| 439,Chemistry| Engineering - Petroleum| Physics & Astronomy,37,Physical Sciences,51| 34,Physical Sciences| Chemical Sciences,-,-,-,Quantum Chemistry and Molecular Interaction Insights,8,83.453,Conceptual Framework of Chemical Reactivity and Electronegativity,4614,87.536,Very Good,2019.0,3.0,N/A,"Navarro-Santos, P.| Rodriguez-Olalde, N.E.| Gallo, M.| Vargas, R.| Garza, J.| López-Albarrán, P.","Tecnológico Nacional de México, Mexico City| Universidad Autónoma Metropolitana| Universidad Michoacana de San Nicolas de Hidalgo",Mexico,0
57204698538,57204698538,Importance of one-parameter hybrid exchange-correlation functionals in band gaps of transition metal and metalloid oxides,"Navarrete-López, A.M.| Rivera-Almazo, M.| Garza, J.| Vargas, R.",4.0,22980766800| 57200856573| 57204698538| 55989742600,2018.0,2018-03-01,Theoretical Chemistry Accounts,137,3,-,36,ISSN-1432881X,21970.0,Journal,Springer New York LLC,English,0.51,64,2.7,59,0.462,54,0.38,14.0,2.0,0.0,11.15,68.0,74.0,0.0,0.0,"Navarrete-López, A.M., Rivera-Almazo, M., Garza, J. and 1 more (...) (2018).Importance of one-parameter hybrid exchange-correlation functionals in band gaps of transition metal and metalloid oxides. Theoretical Chemistry Accounts,137(3) ",https://www.scopus.com/record/display.url?eid=2-s2.0-85042537098&origin=resultslist,10.1007/s00214-018-2222-3,Article,,2-s2.0-85042537098,-,Universidad Autónoma Metropolitana,505017,Academic,1.0,60023193| 60028381,Universidad Autónoma Metropolitana - Azcapotzalco| Universidad Autónoma Metropolitana -Unidad Iztapalapa,22980766800,55989742600,55989742600,-,Mexico,1.0,1606,Physical and Theoretical Chemistry,2| 4,Engineering & Technology| Natural Sciences,409| 249,Chemistry| Engineering - Petroleum,37,Physical Sciences,34,Chemical Sciences,3406| 3407,Physical chemistry| Theoretical and computational chemistry,-,Superconductivity and Magnetic Interactions in Cuprates,826,15.435,Magnetic and Electronic Properties of Transition Metal Oxides,52672,68.187,Defensible,2018.0,2.0,N/A,"Navarrete-López, A.M.| Rivera-Almazo, M.| Garza, J.| Vargas, R.",Universidad Autónoma Metropolitana,Mexico,0
57204698538,57204698538,Stochastic evaluation of four-component relativistic second-order many-body perturbation energies: A potentially quadratic-scaling correlation method,"Cruz, J.C.| Garza, J.| Yanai, T.| Hirata, S.",4.0,57209506006| 57204698538| 7102539152| 7202205669,2022.0,2022-06-14,Journal of Chemical Physics,156,22,-,224102,ISSN-00219606,28134.0,Journal,American Institute of Physics Inc.,English,1.17,22,7.1,15,1.196,13,0.95,19.0,2.0,0.16,12.48,63.0,71.0,0.0,0.0,"Cruz, J.C., Garza, J., Yanai, T. and 1 more (...) (2022).Stochastic evaluation of four-component relativistic second-order many-body perturbation energies: A potentially quadratic-scaling correlation method. Journal of Chemical Physics,156(22) ",https://www.scopus.com/record/display.url?eid=2-s2.0-85132120897&origin=resultslist,10.1063/5.0091973,Article,Green,2-s2.0-85132120897,35705393,Universidad Autónoma Metropolitana| Nagoya University| University of Illinois at Urbana-Champaign,505017| 208093| 508285,Academic,3.0,60028381| 60000264| 60000745,Universidad Autónoma Metropolitana -Unidad Iztapalapa| Nagoya University| University of Illinois Urbana-Champaign,57209506006,7202205669,7202205669,-,Mexico| Japan| United States,3.0,1606| 3100,Physical and Theoretical Chemistry| General Physics and Astronomy,2| 4,Engineering & Technology| Natural Sciences,409| 439| 249,Chemistry| Physics & Astronomy| Engineering - Petroleum,37,Physical Sciences,34| 40| 51,Chemical Sciences| Engineering| Physical Sciences,-,-,-,Quantum Chemistry and Molecular Dynamics in Energy Systems,400,34.729,Multireference Coupled Cluster Methods in Quantum Chemistry,2204,93.905,Very Good,2022.0,2.0,N/A,"Cruz, J.C.| Garza, J.| Yanai, T.| Hirata, S.",Universidad Autónoma Metropolitana| Nagoya University| University of Illinois at Urbana-Champaign,Mexico| Japan| United States,0
57204698538,57204698538,Computational study of the interaction of DNA bases with vanadium(IV) and (V) complexes derived from the anticancer VCp2Cl2,"Soriano-Agueda, L.| Garza, J.| Guevara-García, J.A.| Vargas, R.",4.0,56584712700| 57204698538| 7801476667| 55989742600,2023.0,2023-12-01,Computational and Theoretical Chemistry,1230,-,-,114386,ISSN-2210271X,21000196008.0,Journal,Elsevier B.V.,English,0.6,55,4.2,40,0.405,50,0.44,8.0,1.0,0.09,10.61,65.0,74.0,0.0,0.0,"Soriano-Agueda, L., Garza, J., Guevara-García, J.A. and 1 more (...) (2023).Computational study of the interaction of DNA bases with vanadium(IV) and (V) complexes derived from the anticancer VCp2Cl2. Computational and Theoretical Chemistry,1230",https://www.scopus.com/record/display.url?eid=2-s2.0-85175738343&origin=resultslist,10.1016/j.comptc.2023.114386,Article,,2-s2.0-85175738343,-,Universidad Autónoma Metropolitana| Donostia International Physics Center| Universidad Autónoma de Tlaxcala,505017| 312066| 714292,Academic| Government,3.0,60017954| 60028381| 60029589,Donostia International Physics Center| Universidad Autónoma Metropolitana -Unidad Iztapalapa| Universidad Autónoma de Tlaxcala,56584712700,55989742600,56584712700,-,Mexico| Spain,2.0,1303| 1606| 3104,Biochemistry| Physical and Theoretical Chemistry| Condensed Matter Physics,2| 5| 4,Engineering & Technology| Life Sciences & Medicine| Natural Sciences,409| 249| 507| 439,Chemistry| Engineering - Petroleum| Biological Sciences| Physics & Astronomy,32| 37,Life Sciences| Physical Sciences,34,Chemical Sciences,3406| 3407,Physical chemistry| Theoretical and computational chemistry,SDG 3,Polyoxometalates and Vanadium in Catalytic Applications,1104,35.383,Vanadium Coordination Compounds as Antidiabetic Agents,5784,89.843,Definitive,2023.0,1.0,N/A,"Soriano-Agueda, L.| Garza, J.| Guevara-García, J.A.| Vargas, R.",Universidad Autónoma Metropolitana| Donostia International Physics Center| Universidad Autónoma de Tlaxcala,Mexico| Spain,0
57204698538,57204698538,On the“Staple” Effect in the d-Glucose Acetylation by Choline-Chloride Ethylene Glycol and Choline-Chloride Urea Deep Eutectic Solvents,"López-Albarrán, P.| Gallo, M.| Garza, J.| Sánchez-Badillo, J.A.",4.0,36175997800| 56000771200| 57204698538| 54406319000,2024.0,2024-08-08,Journal of Physical Chemistry B,128,31,7653-7672,-,ISSN-15206106,26970.0,Journal,American Chemical Society,English,0.81,41,5.3,36,0.742,25,0.63,8.0,0.0,0.0,7.27,70.0,70.0,0.0,0.0,"López-Albarrán, P., Gallo, M., Garza, J. and 1 more (...) (2024).On the“Staple” Effect in the d-Glucose Acetylation by Choline-Chloride Ethylene Glycol and Choline-Chloride Urea Deep Eutectic Solvents. Journal of Physical Chemistry B,128(31) 7653-7672",https://www.scopus.com/record/display.url?eid=2-s2.0-85200216937&origin=resultslist,10.1021/acs.jpcb.4c03585,Article,,2-s2.0-85200216937,39113547,"Tecnológico Nacional de México, Mexico City| Universidad Autónoma Metropolitana| Universidad Michoacana de San Nicolas de Hidalgo",719128| 505017| 505022,Academic,3.0,60032816| 60134870| 60028381,Universidad Michoacana de San Nicolás de Hidalgo| Tecnológico Nacional de México| Universidad Autónoma Metropolitana -Unidad Iztapalapa,36175997800,54406319000,54406319000,-,Mexico,1.0,1606| 2505| 2508,"Physical and Theoretical Chemistry| Materials Chemistry| Surfaces, Coatings and Films",2| 4,Engineering & Technology| Natural Sciences,409| 433| 249,Chemistry| Materials Science| Engineering - Petroleum,37| 36,Physical Sciences| Engineering,51| 34| 40,Physical Sciences| Chemical Sciences| Engineering,-,-,-,Biomass Conversion and Catalytic Innovations,49,98.103,Natural Deep Eutectic Solvents in Extraction Applications,2617,99.885,Definitive,2024.0,0.0,N/A,"López-Albarrán, P.| Gallo, M.| Garza, J.| Sánchez-Badillo, J.A.","Tecnológico Nacional de México, Mexico City| Universidad Autónoma Metropolitana| Universidad Michoacana de San Nicolas de Hidalgo",Mexico,0
57204698538,57204698538,Si5-pentagonal rings and Y-shaped Si4 building blocks in Li32Si18 system: similarities with the crystalline Zintl phase Li12Si7,"Yañez, O.| Inostroza, D.| Leyva-Parra, L.| Solar-Encinas, J.| Cruz, J.C.| Garza, J.| Vásquez-Espinal, A.| Pino-Rios, R.| Orellana, W.| Tiznado, W.",10.0,55794064800| 56688618700| 57221712431| 57809269100| 57209506006| 57204698538| 56108486100| 56951201800| 6701747167| 6507292367,2022.0,2022-10-07,Molecular Systems Design and Engineering,8,2,207-216,-,ISSN-20589689,21100853806.0,Journal,Royal Society of Chemistry,English,0.82,41,7.2,15,0.962,15,1.07,25.0,0.0,0.0,13.8,81.0,80.0,0.0,0.0,"Yañez, O., Inostroza, D., Leyva-Parra, L. and 7 more (...) (2022).Si5-pentagonal rings and Y-shaped Si4 building blocks in Li32Si18 system: similarities with the crystalline Zintl phase Li12Si7. Molecular Systems Design and Engineering,8(2) 207-216",https://www.scopus.com/record/display.url?eid=2-s2.0-85141428779&origin=resultslist,10.1039/d2me00152g,Article,,2-s2.0-85141428779,-,Universidad de las Américas - Chile| Universidad Andrés Bello| Universidad Autónoma Metropolitana| Universidad Arturo Prat,706192| 603010| 505017| 700289,Academic,4.0,60105362| 60281419| 60002636| 60028381| 60010144,Universidad de Las Américas Chile| Centro de Nuevos Fármacos para Hipertensión| Universidad Andrés Bello| Universidad Autónoma Metropolitana -Unidad Iztapalapa| Universidad Arturo Prat,55794064800,6507292367,6507292367,-,Chile| Mexico,2.0,1501| 1508| 1601| 2102| 2204| 2209| 2505,Chemical Engineering (miscellaneous)| Process Chemistry and Technology| Chemistry (miscellaneous)| Energy Engineering and Power Technology| Biomedical Engineering| Industrial and Manufacturing Engineering| Materials Chemistry,4| 2,Natural Sciences| Engineering & Technology,409| 433| 221| 507| 222| 249| 219,Chemistry| Materials Science| Engineering - Electrical & Electronic| Biological Sciences| Engineering - Mechanical| Engineering - Petroleum| Engineering - Chemical,36| 37,Engineering| Physical Sciences,34,Chemical Sciences,3403,Macromolecular and materials chemistry,SDG 7,Quantum Chemistry and Molecular Interaction Insights,8,83.453,Silicon Clusters and Their Structural Properties,11111,78.13,Defensible,2022.0,0.0,N/A,"Yañez, O.| Inostroza, D.| Leyva-Parra, L.| Solar-Encinas, J.| Cruz, J.C.| Garza, J.| Vásquez-Espinal, A.| Pino-Rios, R.| Orellana, W.| Tiznado, W.",Universidad de las Américas - Chile| Universidad Andrés Bello| Universidad Autónoma Metropolitana| Universidad Arturo Prat,Chile| Mexico,0
