Autor,Autor_ID,Title,Authors,Number of Authors,Scopus Author Ids,Year,Full date,Scopus Source title,Volume,Issue,Pages,Article number,ISSN,Source ID,Source type,Publisher,Language,SNIP (publication year),SNIP percentile (publication year) *,CiteScore (publication year),CiteScore percentile (publication year) *,SJR (publication year),SJR percentile (publication year) *,Field-Weighted View Impact,Views,Citations,Field-Weighted Citation Impact,Field-Citation Average,"Outputs in Top Citation Percentiles, per percentile","Field-Weighted Outputs in Top Citation Percentiles, per percentile",Main patent families,Policy citations,Reference,Abstract,DOI,Publication type,Open Access,EID,PubMed ID,Institutions,Institution IDs,Sector,Number of Institutions,Scopus Affiliation IDs,Scopus Affiliation names,Scopus Author ID First Author,Scopus Author ID Last Author,Scopus Author ID Corresponding Author,Scopus Author ID Single Author,Country/Region,Number of Countries/Regions,All Science Journal Classification (ASJC) code,All Science Journal Classification (ASJC) field name,Quacquarelli Symonds (QS) Subject area code,Quacquarelli Symonds (QS) Subject area field name,Quacquarelli Symonds (QS) Subject code,Quacquarelli Symonds (QS) Subject field name,Times Higher Education (THE) code,Times Higher Education (THE) field name,ANZSRC FoR (2020) parent code,ANZSRC FoR (2020) parent name,ANZSRC FoR (2020) code,ANZSRC FoR (2020) name,Sustainable Development Goals (2025),Topic Cluster name,Topic Cluster number,Topic Cluster Prominence Percentile,Topic name,Topic number,Topic Prominence Percentile,Publication link to Topic strength,Año,Citas,Colaboracion,Autores,Instituciones,Regiones,Instituciones_Nacionales
56013603800,56013603800,"High intensity ultrasound treatment of faba bean (Vicia faba L.) protein: Effect on surface properties, foaming ability and structural changes","Martínez-Velasco, A.| Lobato-Calleros, C.| Hernández-Rodríguez, B.E.| Román-Guerrero, A.| Alvarez-Ramirez, J.| Vernon-Carter, E.J.",6.0,57200696660| 6603090042| 56074846400| 56013603800| 55399527300| 7004260997,2018.0,2018-06-01,Ultrasonics Sonochemistry,44,-,97-105,-,ISSN-13504177,13517.0,Journal,Elsevier B.V.,English,2.05,6,10.2,2,1.556,2,4.56,137.0,294.0,5.35,11.03,1.0,3.0,1.0,0.0,"Martínez-Velasco, A., Lobato-Calleros, C., Hernández-Rodríguez, B.E. and 3 more (...) (2018).High intensity ultrasound treatment of faba bean (Vicia faba L.) protein: Effect on surface properties, foaming ability and structural changes. Ultrasonics Sonochemistry,4497-105",https://www.scopus.com/record/display.url?eid=2-s2.0-85042237830&origin=resultslist,10.1016/j.ultsonch.2018.02.007,Article,,2-s2.0-85042237830,29680632,Universidad Autónoma Metropolitana| Universidad Autonoma Chapingo,505017| 505047,Academic,2.0,60028381| 60010597,Universidad Autónoma Metropolitana -Unidad Iztapalapa| Universidad Autónoma Chapingo,57200696660,7004260997,6603090042,-,Mexico,1.0,1501| 1604| 1605| 2304| 2741| 3102,"Chemical Engineering (miscellaneous)| Inorganic Chemistry| Organic Chemistry| Environmental Chemistry| Radiology, Nuclear Medicine and Imaging| Acoustics and Ultrasonics",4| 5| 2,Natural Sciences| Life Sciences & Medicine| Engineering & Technology,532| 219| 439| 249| 424| 409,Medicine| Engineering - Chemical| Physics & Astronomy| Engineering - Petroleum| Environmental Sciences| Chemistry,37| 34| 36,Physical Sciences| Medical and Health| Engineering,40| 34,Engineering| Chemical Sciences,3406| 4004,Physical chemistry| Chemical engineering,-,Protein Emulsification and Functional Food Applications,582,95.487,Functional Properties of Plant Proteins in Food Applications,4008,99.802,Definitive,2018.0,294.0,N/A,"Martínez-Velasco, A.| Lobato-Calleros, C.| Hernández-Rodríguez, B.E.| Román-Guerrero, A.| Alvarez-Ramirez, J.| Vernon-Carter, E.J.",Universidad Autónoma Metropolitana| Universidad Autonoma Chapingo,Mexico,0
56013603800,56013603800,"Sorption isotherms, thermodynamic properties and glass transition temperature of mucilage extracted from chia seeds (Salvia hispanica L.)","Velázquez-Gutiérrez, S.K.| Figueira, A.C.| Rodríguez-Huezo, M.E.| Román-Guerrero, A.| Carrillo-Navas, H.| Pérez-Alonso, C.",6.0,56483286600| 15842834500| 6504471198| 56013603800| 51565848600| 6507830886,2015.0,2015-05-05,Carbohydrate Polymers,121,-,411-419,-,ISSN-01448617,25801.0,Journal,Elsevier Ltd,English,1.84,7,7.8,5,1.44,7,5.08,141.0,107.0,3.36,8.94,4.0,6.0,0.0,0.0,"Velázquez-Gutiérrez, S.K., Figueira, A.C., Rodríguez-Huezo, M.E. and 3 more (...) (2015).Sorption isotherms, thermodynamic properties and glass transition temperature of mucilage extracted from chia seeds (Salvia hispanica L.). Carbohydrate Polymers,121411-419",https://www.scopus.com/record/display.url?eid=2-s2.0-84921033370&origin=resultslist,10.1016/j.carbpol.2014.11.068,Article,,2-s2.0-84921033370,25659716,Universidad Autónoma Metropolitana| Universidad Autonoma del Estado de Mexico| University of Algarve,505017| 505051| 328006,Academic,3.0,60002281| 60002144| 111115118| 60028381,Universidad Autónoma del Estado de México| Universidade do Algarve| Tecnológico de Estudios Superiores de Ecatepec| Universidad Autónoma Metropolitana -Unidad Iztapalapa,56483286600,6507830886,6507830886,-,Mexico| Portugal,2.0,1605| 2505| 2507,Organic Chemistry| Materials Chemistry| Polymers and Plastics,2| 4,Engineering & Technology| Natural Sciences,409| 249| 433,Chemistry| Engineering - Petroleum| Materials Science,37| 36,Physical Sciences| Engineering,30| 31| 40,"Agricultural, Veterinary And Food Sciences| Biological Sciences| Engineering",3006| 3101| 4004,Food sciences| Biochemistry and cell biology| Chemical engineering,-,Moisture Dynamics and Energy Efficiency in Drying,817,73.185,Water Activity and Moisture Dynamics,5092,83.705,Very Good,2015.0,107.0,N/A,"Velázquez-Gutiérrez, S.K.| Figueira, A.C.| Rodríguez-Huezo, M.E.| Román-Guerrero, A.| Carrillo-Navas, H.| Pérez-Alonso, C.",Universidad Autónoma Metropolitana| Universidad Autonoma del Estado de Mexico| University of Algarve,Mexico| Portugal,0
56013603800,56013603800,Formation of biopolymer complexes composed of pea protein and mesquite gum – Impact of quercetin addition on their physical and chemical stability,"Cuevas-Bernardino, J.C.| Leyva-Gutierrez, F.M.A.| Vernon-Carter, E.J.| Lobato-Calleros, C.| Román-Guerrero, A.| Davidov-Pardo, G.",6.0,57188803168| 57197765980| 7004260997| 6603090042| 56013603800| 36559154200,2018.0,2018-04-01,Food Hydrocolloids,77,-,736-745,-,ISSN-0268005X,22597.0,Journal,Elsevier B.V.,English,2.04,6,9.4,3,2.055,2,2.45,95.0,101.0,2.35,12.37,4.0,10.0,2.0,0.0,"Cuevas-Bernardino, J.C., Leyva-Gutierrez, F.M.A., Vernon-Carter, E.J. and 3 more (...) (2018).Formation of biopolymer complexes composed of pea protein and mesquite gum – Impact of quercetin addition on their physical and chemical stability. Food Hydrocolloids,77736-745",https://www.scopus.com/record/display.url?eid=2-s2.0-85034630008&origin=resultslist,10.1016/j.foodhyd.2017.11.015,Article,,2-s2.0-85034630008,-,Universidad Autónoma Metropolitana| California State Polytechnic University Pomona| Universidad Autonoma Chapingo,505017| 508023| 505047,Academic,3.0,60028381| 60005565| 60010597,"Universidad Autónoma Metropolitana -Unidad Iztapalapa| California State Polytechnic University, Pomona| Universidad Autónoma Chapingo",57188803168,36559154200,36559154200,-,Mexico| United States,2.0,1106| 1500| 1600,Food Science| General Chemical Engineering| General Chemistry,2| 5| 4,Engineering & Technology| Life Sciences & Medicine| Natural Sciences,219| 502| 409,Engineering - Chemical| Agriculture & Forestry| Chemistry,32| 37| 36,Life Sciences| Physical Sciences| Engineering,40| 30,"Engineering| Agricultural, Veterinary And Food Sciences",4004| 3006,Chemical engineering| Food sciences,-,Protein Emulsification and Functional Food Applications,582,95.487,Zein Nanoparticles for Enhanced Bioactive Delivery,11954,98.993,Very Good,2018.0,101.0,N/A,"Cuevas-Bernardino, J.C.| Leyva-Gutierrez, F.M.A.| Vernon-Carter, E.J.| Lobato-Calleros, C.| Román-Guerrero, A.| Davidov-Pardo, G.",Universidad Autónoma Metropolitana| California State Polytechnic University Pomona| Universidad Autonoma Chapingo,Mexico| United States,0
56013603800,56013603800,Extraction of phenolic compounds from Satureja macrostema using microwave-ultrasound assisted and reflux methods and evaluation of their antioxidant activity and cytotoxicity,"Alonso-Carrillo, N.| Aguilar-Santamaría, M.D.L.Á.| Vernon-Carter, E.J.| Jiménez-Alvarado, R.| Cruz-Sosa, F.| Román-Guerrero, A.",6.0,57193928358| 57193933645| 7004260997| 6504756634| 56013839300| 56013603800,2017.0,2017-09-01,Industrial Crops and Products,103,-,213-221,-,ISSN-09266690,32791.0,Journal,Elsevier B.V.,English,1.71,9,6.5,5,1.091,11,4.14,133.0,90.0,4.15,6.75,5.0,4.0,0.0,0.0,"Alonso-Carrillo, N., Aguilar-Santamaría, M.D.L.Á., Vernon-Carter, E.J. and 3 more (...) (2017).Extraction of phenolic compounds from Satureja macrostema using microwave-ultrasound assisted and reflux methods and evaluation of their antioxidant activity and cytotoxicity. Industrial Crops and Products,103213-221",https://www.scopus.com/record/display.url?eid=2-s2.0-85017553412&origin=resultslist,10.1016/j.indcrop.2017.04.002,Article,,2-s2.0-85017553412,-,Universidad Autónoma Metropolitana| Universidad Autonoma del Estado de Hidalgo,505017| 505050,Academic,2.0,60028381| 60027135,Universidad Autónoma Metropolitana -Unidad Iztapalapa| Universidad Autónoma del Estado de Hidalgo,57193928358,56013603800,56013603800,-,Mexico,1.0,1102,Agronomy and Crop Science,5,Life Sciences & Medicine,502,Agriculture & Forestry,32,Life Sciences,40| 30,"Engineering| Agricultural, Veterinary And Food Sciences",4004| 3006| 3004,Chemical engineering| Food sciences| Crop and pasture production,-,Ionic Liquids in Catalysis and Extraction Processes,424,80.052,Valorization of Agro-Industrial Waste for Bioactive Compounds,3566,99.467,Very Good,2017.0,90.0,N/A,"Alonso-Carrillo, N.| Aguilar-Santamaría, M.D.L.Á.| Vernon-Carter, E.J.| Jiménez-Alvarado, R.| Cruz-Sosa, F.| Román-Guerrero, A.",Universidad Autónoma Metropolitana| Universidad Autonoma del Estado de Hidalgo,Mexico,0
56013603800,56013603800,Effect of bio-chemical chitosan and gallic acid into rheology and physicochemical properties of ternary edible films,"Pacheco, N.| Naal-Ek, M.G.| Ayora-Talavera, T.| Shirai, K.| Román-Guerrero, A.| Fabela-Morón, M.F.| Cuevas-Bernardino, J.C.",7.0,57215612664| 57204938455| 56644662700| 55993639400| 56013603800| 57200728387| 57188803168,2019.0,2019-03-15,International Journal of Biological Macromolecules,125,-,149-158,-,ISSN-01418130,17544.0,Journal,Elsevier B.V.,English,1.41,14,6.9,7,0.972,21,3.56,102.0,83.0,2.7,15.19,5.0,8.0,0.0,0.0,"Pacheco, N., Naal-Ek, M.G., Ayora-Talavera, T. and 4 more (...) (2019).Effect of bio-chemical chitosan and gallic acid into rheology and physicochemical properties of ternary edible films. International Journal of Biological Macromolecules,125149-158",https://www.scopus.com/record/display.url?eid=2-s2.0-85058037498&origin=resultslist,10.1016/j.ijbiomac.2018.12.060,Article,,2-s2.0-85058037498,30529349,CIATEJ Guadalajara| Consejo Nacional de Ciencia y Tecnologia Mexico| Universidad Autónoma Metropolitana,703030| 704696| 505017,Government| Academic,3.0,60069653| 114317875| 60028381| 60027998,"Centro de Investigación y Asistencia en Tecnologia y Diseño del Estado de Jalisco| Instituto Tecnológico Superior de Calkiní en el Estado de| Universidad Autónoma Metropolitana -Unidad Iztapalapa| Secretaría de Ciencia, Humanidades, Tecnología e Innovación",57215612664,57188803168,57188803168,-,Mexico,1.0,1303| 1312| 1315,Biochemistry| Molecular Biology| Structural Biology,5,Life Sciences & Medicine,507,Biological Sciences,32,Life Sciences,31,Biological Sciences,3101,Biochemistry and cell biology,-,Chitosan Applications in Health and Food Packaging,881,93.656,Biopolymer Edible Films for Sustainable Packaging,181,99.967,Definitive,2019.0,83.0,N/A,"Pacheco, N.| Naal-Ek, M.G.| Ayora-Talavera, T.| Shirai, K.| Román-Guerrero, A.| Fabela-Morón, M.F.| Cuevas-Bernardino, J.C.",CIATEJ Guadalajara| Consejo Nacional de Ciencia y Tecnologia Mexico| Universidad Autónoma Metropolitana,Mexico,0
56013603800,56013603800,Stabilization of oil-in-water-in-oil (O1/W/O2) Pickering double emulsions by soluble and insoluble whey protein concentrate-gum Arabic complexes used as inner and outer interfaces,"Estrada-Fernández, A.G.| Román-Guerrero, A.| Jiménez-Alvarado, R.| Lobato-Calleros, C.| Alvarez-Ramirez, J.| Vernon-Carter, E.J.",6.0,56305433200| 56013603800| 6504756634| 6603090042| 55399527300| 7004260997,2018.0,2018-03-01,Journal of Food Engineering,221,-,35-44,-,ISSN-02608774,20586.0,Journal,Elsevier Ltd,English,1.73,9,6.7,6,1.277,9,3.22,155.0,76.0,2.81,11.38,6.0,8.0,2.0,0.0,"Estrada-Fernández, A.G., Román-Guerrero, A., Jiménez-Alvarado, R. and 3 more (...) (2018).Stabilization of oil-in-water-in-oil (O1/W/O2) Pickering double emulsions by soluble and insoluble whey protein concentrate-gum Arabic complexes used as inner and outer interfaces. Journal of Food Engineering,22135-44",https://www.scopus.com/record/display.url?eid=2-s2.0-85031399124&origin=resultslist,10.1016/j.jfoodeng.2017.10.006,Article,,2-s2.0-85031399124,-,Universidad Autónoma Metropolitana| Universidad Autonoma del Estado de Hidalgo| Universidad Autonoma Chapingo,505017| 505050| 505047,Academic,3.0,60028381| 60027135| 60010597,Universidad Autónoma Metropolitana -Unidad Iztapalapa| Universidad Autónoma del Estado de Hidalgo| Universidad Autónoma Chapingo,56305433200,7004260997,7004260997,-,Mexico,1.0,1106,Food Science,5,Life Sciences & Medicine,502,Agriculture & Forestry,32,Life Sciences,30| 40,"Agricultural, Veterinary And Food Sciences| Engineering",4004| 3006,Chemical engineering| Food sciences,-,Foam and Perfluoroalkyl Substances in Environmental Applications,888,95.553,Stability and Applications of Pickering Emulsions,2164,99.777,Very Good,2018.0,76.0,N/A,"Estrada-Fernández, A.G.| Román-Guerrero, A.| Jiménez-Alvarado, R.| Lobato-Calleros, C.| Alvarez-Ramirez, J.| Vernon-Carter, E.J.",Universidad Autónoma Metropolitana| Universidad Autonoma del Estado de Hidalgo| Universidad Autonoma Chapingo,Mexico,0
56013603800,56013603800,Physicochemical characterisation of hawthorn pectins and their performing in stabilising oil-in-water emulsions,"Cuevas-Bernardino, J.C.| Lobato-Calleros, C.| Román-Guerrero, A.| Alvarez-Ramirez, J.| Vernon-Carter, E.J.",5.0,57188803168| 6603090042| 56013603800| 55399527300| 7004260997,2016.0,2016-06-01,Reactive and Functional Polymers,103,-,63-71,-,ISSN-13815148,14240.0,Journal,Elsevier B.V.,English,1.1,24,5.2,12,0.871,15,2.32,91.0,69.0,1.79,10.61,7.0,15.0,0.0,0.0,"Cuevas-Bernardino, J.C., Lobato-Calleros, C., Román-Guerrero, A. and 2 more (...) (2016).Physicochemical characterisation of hawthorn pectins and their performing in stabilising oil-in-water emulsions. Reactive and Functional Polymers,10363-71",https://www.scopus.com/record/display.url?eid=2-s2.0-84963614698&origin=resultslist,10.1016/j.reactfunctpolym.2016.03.024,Article,,2-s2.0-84963614698,-,Universidad Autónoma Metropolitana| Universidad Autonoma Chapingo,505017| 505047,Academic,2.0,60028381| 60010597,Universidad Autónoma Metropolitana -Unidad Iztapalapa| Universidad Autónoma Chapingo,57188803168,7004260997,7004260997,-,Mexico,1.0,1303| 1500| 1600| 2304| 2505| 2507,Biochemistry| General Chemical Engineering| General Chemistry| Environmental Chemistry| Materials Chemistry| Polymers and Plastics,5| 2| 4,Life Sciences & Medicine| Engineering & Technology| Natural Sciences,507| 433| 249| 409| 219| 424,Biological Sciences| Materials Science| Engineering - Petroleum| Chemistry| Engineering - Chemical| Environmental Sciences,32| 36| 37,Life Sciences| Engineering| Physical Sciences,40| 34,Engineering| Chemical Sciences,3403| 4004,Macromolecular and materials chemistry| Chemical engineering,-,Antioxidant Compounds and Their Medicinal Potential,6,97.711,Pectin Properties and Extraction Techniques for Diverse Applications,2290,99.455,Definitive,2016.0,69.0,N/A,"Cuevas-Bernardino, J.C.| Lobato-Calleros, C.| Román-Guerrero, A.| Alvarez-Ramirez, J.| Vernon-Carter, E.J.",Universidad Autónoma Metropolitana| Universidad Autonoma Chapingo,Mexico,0
56013603800,56013603800,Rheological properties of tamarind (Tamarindus indica L.) seed mucilage obtained by spray-drying as a novel source of hydrocolloid,"Alpizar-Reyes, E.| Román-Guerrero, A.| Gallardo-Rivera, R.| Varela-Guerrero, V.| Cruz-Olivares, J.| Pérez-Alonso, C.",6.0,57192102030| 56013603800| 57194083929| 36473983700| 22956893200| 6507830886,2018.0,2018-02-01,International Journal of Biological Macromolecules,107,-,817-824,-,ISSN-01418130,17544.0,Journal,Elsevier B.V.,English,1.49,13,6,7,0.962,22,2.62,82.0,53.0,1.74,14.35,9.0,16.0,0.0,0.0,"Alpizar-Reyes, E., Román-Guerrero, A., Gallardo-Rivera, R. and 3 more (...) (2018).Rheological properties of tamarind (Tamarindus indica L.) seed mucilage obtained by spray-drying as a novel source of hydrocolloid. International Journal of Biological Macromolecules,107817-824",https://www.scopus.com/record/display.url?eid=2-s2.0-85030476194&origin=resultslist,10.1016/j.ijbiomac.2017.09.048,Article,,2-s2.0-85030476194,28928066,Universidad Autónoma Metropolitana| Universidad Autonoma del Estado de Mexico| Universidad Nacional Autónoma de México,505017| 505051| 505023,Academic,3.0,60002281| 60028381| 60175860,Universidad Autónoma del Estado de México| Universidad Autónoma Metropolitana -Unidad Iztapalapa| Centro Conjunto de Investigación en Química Sustentable UAEM-UNAM,57192102030,6507830886,6507830886,-,Mexico,1.0,1303| 1312| 1315,Biochemistry| Molecular Biology| Structural Biology,5,Life Sciences & Medicine,507,Biological Sciences,32,Life Sciences,31,Biological Sciences,3101,Biochemistry and cell biology,-,Polysaccharides and Their Multifaceted Biological Activities,548,88.555,Functional Properties of Galactomannan Polysaccharides,10620,94.973,Very Good,2018.0,53.0,N/A,"Alpizar-Reyes, E.| Román-Guerrero, A.| Gallardo-Rivera, R.| Varela-Guerrero, V.| Cruz-Olivares, J.| Pérez-Alonso, C.",Universidad Autónoma Metropolitana| Universidad Autonoma del Estado de Mexico| Universidad Nacional Autónoma de México,Mexico,0
56013603800,56013603800,Microencapsulation by spray drying of lemon essential oil: Evaluation of mixtures of mesquite gum–nopal mucilage as new wall materials,"Cortés-Camargo, S.| Cruz-Olivares, J.| Barragán-Huerta, B.E.| Dublán-García, O.| Román-Guerrero, A.| Pérez-Alonso, C.",6.0,56971571100| 22956893200| 6504271322| 37046036300| 56013603800| 6507830886,2017.0,2017-05-19,Journal of Microencapsulation,34,4,395-407,-,ISSN-02652048,23050.0,Journal,Taylor and Francis Ltd,English,0.62,54,3.1,38,0.52,33,2.73,104.0,52.0,1.37,11.69,10.0,21.0,0.0,0.0,"Cortés-Camargo, S., Cruz-Olivares, J., Barragán-Huerta, B.E. and 3 more (...) (2017).Microencapsulation by spray drying of lemon essential oil: Evaluation of mixtures of mesquite gum–nopal mucilage as new wall materials. Journal of Microencapsulation,34(4) 395-407",https://www.scopus.com/record/display.url?eid=2-s2.0-85021107655&origin=resultslist,10.1080/02652048.2017.1338772,Article,,2-s2.0-85021107655,28581875,Universidad Autónoma Metropolitana| Universidad Autonoma del Estado de Mexico| Instituto Politécnico Nacional,505017| 505051| 505011,Academic,3.0,60002281| 60019176| 60028381,Universidad Autónoma del Estado de México| Instituto Politécnico Nacional| Universidad Autónoma Metropolitana -Unidad Iztapalapa,56971571100,6507830886,6507830886,-,Mexico,1.0,1502| 1505| 1605| 1606| 3003,Bioengineering| Colloid and Surface Chemistry| Organic Chemistry| Physical and Theoretical Chemistry| Pharmaceutical Science,4| 2| 5,Natural Sciences| Engineering & Technology| Life Sciences & Medicine,219| 249| 409| 537,Engineering - Chemical| Engineering - Petroleum| Chemistry| Pharmacy & Pharmacology,37| 34| 36,Physical Sciences| Medical and Health| Engineering,32,Biomedical And Clinical Sciences,3214,Pharmacology and pharmaceutical sciences,-,Innovative Drug Delivery Systems for Enhanced Absorption,147,89.47,Microencapsulation Techniques for Enhanced Food Stability,2264,99.337,Definitive,2017.0,52.0,N/A,"Cortés-Camargo, S.| Cruz-Olivares, J.| Barragán-Huerta, B.E.| Dublán-García, O.| Román-Guerrero, A.| Pérez-Alonso, C.",Universidad Autónoma Metropolitana| Universidad Autonoma del Estado de Mexico| Instituto Politécnico Nacional,Mexico,0
56013603800,56013603800,"Impact of fat replacement by a hybrid gel (canola oil/candelilla wax oleogel and gelatinized corn starch hydrogel) on dough viscoelasticity, color, texture, structure, and starch digestibility of sugar-snap cookies","Barragán-Martínez, L.P.| Román-Guerrero, A.| Vernon-Carter, E.J.| Alvarez-Ramirez, J.",4.0,57209652735| 56013603800| 7004260997| 55399527300,2022.0,2022-09-01,International Journal of Gastronomy and Food Science,29,-,-,100563,ISSN-1878450X,21100789945.0,Journal,AZTI-Tecnalia,English,1.17,22,4.5,3,0.617,6,4.2,82.0,51.0,9.34,5.03,4.0,1.0,0.0,0.0,"Barragán-Martínez, L.P., Román-Guerrero, A., Vernon-Carter, E.J. and 1 more (...) (2022).Impact of fat replacement by a hybrid gel (canola oil/candelilla wax oleogel and gelatinized corn starch hydrogel) on dough viscoelasticity, color, texture, structure, and starch digestibility of sugar-snap cookies. International Journal of Gastronomy and Food Science,29",https://www.scopus.com/record/display.url?eid=2-s2.0-85133653228&origin=resultslist,10.1016/j.ijgfs.2022.100563,Article,,2-s2.0-85133653228,-,Universidad Autónoma Metropolitana,505017,Academic,1.0,60028381,Universidad Autónoma Metropolitana -Unidad Iztapalapa,57209652735,55399527300,55399527300,-,Mexico,1.0,1106| 3316,Food Science| Cultural Studies,3| 5,Social Sciences & Management| Life Sciences & Medicine,311| 502,Communication & Media Studies| Agriculture & Forestry,40| 32,Social Sciences| Life Sciences,35| 30,"Commerce, Management, Tourism And Services| Agricultural, Veterinary And Food Sciences",3504| 3099| 3006,"Commercial services| Other agricultural, veterinary and food sciences| Food sciences",-,Protein Emulsification and Functional Food Applications,582,95.487,Innovative Oleogels from Sunflower Oil Applications,14243,99.194,Definitive,2022.0,51.0,N/A,"Barragán-Martínez, L.P.| Román-Guerrero, A.| Vernon-Carter, E.J.| Alvarez-Ramirez, J.",Universidad Autónoma Metropolitana,Mexico,0
56013603800,56013603800,Structural changes of corn starch during Saccharomyces cerevisiae fermentation,"Reyes, I.| Cruz-Sosa, F.| Roman-Guerrero, A.| Vernon-Carter, E.J.| Alvarez-Ramirez, J.",5.0,57191035399| 56013839300| 56013603800| 7004260997| 55399527300,2016.0,2016-09-01,Starch/Staerke,68,9-10,961-971,-,ISSN-00389056,26489.0,Journal,Wiley-VCH Verlag,English,1,28,2.7,31,0.604,32,1.02,47.0,49.0,0.65,9.27,11.0,40.0,0.0,0.0,"Reyes, I., Cruz-Sosa, F., Roman-Guerrero, A. and 2 more (...) (2016).Structural changes of corn starch during Saccharomyces cerevisiae fermentation. Starch/Staerke,68(9-10) 961-971",https://www.scopus.com/record/display.url?eid=2-s2.0-84985906401&origin=resultslist,10.1002/star.201600088,Article,,2-s2.0-84985906401,-,Universidad Autónoma Metropolitana,505017,Academic,1.0,60028381,Universidad Autónoma Metropolitana -Unidad Iztapalapa,57191035399,55399527300,57191035399,-,Mexico,1.0,1106| 1605,Food Science| Organic Chemistry,4| 5| 2,Natural Sciences| Life Sciences & Medicine| Engineering & Technology,249| 409| 502,Engineering - Petroleum| Chemistry| Agriculture & Forestry,37| 32,Physical Sciences| Life Sciences,30| 40,"Agricultural, Veterinary And Food Sciences| Engineering",4004| 3006,Chemical engineering| Food sciences,-,Starch Properties and Applications in Food Science,737,83.584,Starch Properties and Applications in Food Science,99,99.766,Definitive,2016.0,49.0,N/A,"Reyes, I.| Cruz-Sosa, F.| Roman-Guerrero, A.| Vernon-Carter, E.J.| Alvarez-Ramirez, J.",Universidad Autónoma Metropolitana,Mexico,0
56013603800,56013603800,Effect of chia mucilage addition on oxidation and release kinetics of lemon essential oil microencapsulated using mesquite gum – Chia mucilage mixtures,"Cortés-Camargo, S.| Acuña-Avila, P.E.| Rodríguez-Huezo, M.E.| Román-Guerrero, A.| Varela-Guerrero, V.| Pérez-Alonso, C.",6.0,56971571100| 56674771800| 6504471198| 56013603800| 36473983700| 6507830886,2019.0,2019-02-01,Food Research International,116,-,1010-1019,-,ISSN-09639969,23180.0,Journal,Elsevier Ltd,English,1.66,10,6.2,11,1.44,6,2.13,92.0,46.0,1.86,11.84,10.0,14.0,0.0,0.0,"Cortés-Camargo, S., Acuña-Avila, P.E., Rodríguez-Huezo, M.E. and 3 more (...) (2019).Effect of chia mucilage addition on oxidation and release kinetics of lemon essential oil microencapsulated using mesquite gum – Chia mucilage mixtures. Food Research International,1161010-1019",https://www.scopus.com/record/display.url?eid=2-s2.0-85053877772&origin=resultslist,10.1016/j.foodres.2018.09.040,Article,Green,2-s2.0-85053877772,30716883,Universidad Autónoma Metropolitana| Universidad Autonoma del Estado de Mexico| Universidad Nacional Autónoma de México,505017| 505051| 505023,Academic,3.0,60002281| 120005081| 110244780| 60028381| 60175860,Universidad Autónoma del Estado de México| Universidad Tecnológica de Zinacantepec| División de Ingeniería Química y Bioquímica| Universidad Autónoma Metropolitana -Unidad Iztapalapa| Centro Conjunto de Investigación en Química Sustentable UAEM-UNAM,56971571100,6507830886,6507830886,-,Mexico,1.0,1106,Food Science,5,Life Sciences & Medicine,502,Agriculture & Forestry,32,Life Sciences,30| 32| 40,"Agricultural, Veterinary And Food Sciences| Biomedical And Clinical Sciences| Engineering",4004| 3210| 3006,Chemical engineering| Nutrition and dietetics| Food sciences,-,Innovative Drug Delivery Systems for Enhanced Absorption,147,89.47,Microencapsulation Techniques for Enhanced Food Stability,2264,99.337,Very Good,2019.0,46.0,N/A,"Cortés-Camargo, S.| Acuña-Avila, P.E.| Rodríguez-Huezo, M.E.| Román-Guerrero, A.| Varela-Guerrero, V.| Pérez-Alonso, C.",Universidad Autónoma Metropolitana| Universidad Autonoma del Estado de Mexico| Universidad Nacional Autónoma de México,Mexico,0
56013603800,56013603800,Successive inoculation of Lactobacillus brevis and Rhizopus oligosporus on shrimp wastes for recovery of chitin and added-value products,"Aranday-García, R.| Román Guerrero, A.| Ifuku, S.| Shirai, K.",4.0,57194104028| 56013603800| 6506072969| 55993639400,2017.0,2017-07-01,Process Biochemistry,58,-,17-24,-,ISSN-13595113,16134.0,Journal,Elsevier Ltd,English,1.06,26,4.6,29,0.761,33,0.83,44.0,41.0,0.99,11.13,13.0,29.0,0.0,0.0,"Aranday-García, R., Román Guerrero, A., Ifuku, S. and 1 more (...) (2017).Successive inoculation of Lactobacillus brevis and Rhizopus oligosporus on shrimp wastes for recovery of chitin and added-value products. Process Biochemistry,5817-24",https://www.scopus.com/record/display.url?eid=2-s2.0-85018778227&origin=resultslist,10.1016/j.procbio.2017.04.036,Article,,2-s2.0-85018778227,-,Universidad Autónoma Metropolitana| Tottori University,505017| 208167,Academic,2.0,60028381| 60010414,Universidad Autónoma Metropolitana -Unidad Iztapalapa| Tottori University,57194104028,55993639400,55993639400,-,Mexico| Japan,2.0,1303| 1502| 2402,Biochemistry| Bioengineering| Applied Microbiology and Biotechnology,2| 5,Engineering & Technology| Life Sciences & Medicine,219| 507,Engineering - Chemical| Biological Sciences,36| 32,Engineering| Life Sciences,31,Biological Sciences,3101| 3106,Biochemistry and cell biology| Industrial biotechnology,SDG 14,Chitosan Applications in Health and Food Packaging,881,93.656,Chitin and Chitosan: Sustainable Biopolymer Applications,6238,99.097,Very Good,2017.0,41.0,N/A,"Aranday-García, R.| Román Guerrero, A.| Ifuku, S.| Shirai, K.",Universidad Autónoma Metropolitana| Tottori University,Mexico| Japan,0
56013603800,56013603800,"Physicochemical, shear flow behaviour and emulsifying properties of Acacia cochliacantha and Acacia farnesiana gums","Sibaja-Hernández, R.| Román-Guerrero, A.| Sepúlveda-Jiménez, G.| Rodríguez-Monroy, M.",4.0,56503986100| 56013603800| 20434874600| 6603164637,2015.0,2015-05-01,Industrial Crops and Products,67,-,161-168,-,ISSN-09266690,32791.0,Journal,Elsevier,English,1.85,7,5.2,8,1.049,13,2.11,81.0,40.0,2.16,6.03,15.0,12.0,0.0,0.0,"Sibaja-Hernández, R., Román-Guerrero, A., Sepúlveda-Jiménez, G. and 1 more (...) (2015).Physicochemical, shear flow behaviour and emulsifying properties of Acacia cochliacantha and Acacia farnesiana gums. Industrial Crops and Products,67161-168",https://www.scopus.com/record/display.url?eid=2-s2.0-84922259532&origin=resultslist,10.1016/j.indcrop.2015.01.037,Article,,2-s2.0-84922259532,-,Universidad Autónoma Metropolitana,505017,Academic,1.0,109178258| 60028381,Centro de Desarrollo de Productos Bióticos del Instituto Politécnico Nacional| Universidad Autónoma Metropolitana -Unidad Iztapalapa,56503986100,6603164637,6603164637,-,Mexico,1.0,1102,Agronomy and Crop Science,5,Life Sciences & Medicine,502,Agriculture & Forestry,32,Life Sciences,40| 30,"Engineering| Agricultural, Veterinary And Food Sciences",3006| 4004| 3004,Food sciences| Chemical engineering| Crop and pasture production,-,Innovative Drug Delivery Systems for Enhanced Absorption,147,89.47,Properties and Applications of Acacia Gum Arabic,37532,69.898,Very Good,2015.0,40.0,N/A,"Sibaja-Hernández, R.| Román-Guerrero, A.| Sepúlveda-Jiménez, G.| Rodríguez-Monroy, M.",Universidad Autónoma Metropolitana,Mexico,0
56013603800,56013603800,"Physical properties and release behaviour of caffeine multiple emulsions stabilised by binary or ternary biopolymer soluble complexes under acid, bile and yogurt storage conditions","Hernández-Marín, N.Y.| Lobato-Calleros, C.| Román-Guerrero, A.| Alvarez-Ramirez, J.| Vernon-Carter, E.J.",5.0,56052957100| 6603090042| 56013603800| 55399527300| 7004260997,2016.0,2016-07-01,Food Hydrocolloids,58,-,42-48,-,ISSN-0268005X,22597.0,Journal,Elsevier B.V.,English,2.07,5,7.3,4,2.03,2,3.31,107.0,39.0,2.14,9.81,15.0,12.0,0.0,0.0,"Hernández-Marín, N.Y., Lobato-Calleros, C., Román-Guerrero, A. and 2 more (...) (2016).Physical properties and release behaviour of caffeine multiple emulsions stabilised by binary or ternary biopolymer soluble complexes under acid, bile and yogurt storage conditions. Food Hydrocolloids,5842-48",https://www.scopus.com/record/display.url?eid=2-s2.0-84959018976&origin=resultslist,10.1016/j.foodhyd.2016.02.008,Article,,2-s2.0-84959018976,-,Universidad Autónoma Metropolitana| Universidad Autonoma Chapingo,505017| 505047,Academic,2.0,60010597| 60028381,Universidad Autónoma Chapingo| Universidad Autónoma Metropolitana -Unidad Iztapalapa,56052957100,7004260997,6603090042,-,Mexico,1.0,1106| 1500| 1600,Food Science| General Chemical Engineering| General Chemistry,5| 2| 4,Life Sciences & Medicine| Engineering & Technology| Natural Sciences,502| 219| 409,Agriculture & Forestry| Engineering - Chemical| Chemistry,36| 32| 37,Engineering| Life Sciences| Physical Sciences,40| 30,"Engineering| Agricultural, Veterinary And Food Sciences",4004| 3006,Chemical engineering| Food sciences,-,Protein Emulsification and Functional Food Applications,582,95.487,Multiple Emulsions for Enhanced Nutrient Delivery,18465,93.211,Very Good,2016.0,39.0,N/A,"Hernández-Marín, N.Y.| Lobato-Calleros, C.| Román-Guerrero, A.| Alvarez-Ramirez, J.| Vernon-Carter, E.J.",Universidad Autónoma Metropolitana| Universidad Autonoma Chapingo,Mexico,0
56013603800,56013603800,Complexation with whey protein hydrolysate improves cacao pods husk pectin surface active and emulsifying properties,"Trujillo-Ramírez, D.| Lobato-Calleros, C.| Román-Guerrero, A.| Hernández-Rodríguez, L.| Alvarez-Ramirez, J.| Vernon-Carter, E.J.",6.0,57200720193| 6603090042| 56013603800| 55899376700| 55399527300| 7004260997,2018.0,2018-02-01,Reactive and Functional Polymers,123,-,61-69,-,ISSN-13815148,14240.0,Journal,Elsevier B.V.,English,0.92,35,4.9,15,0.712,18,2.7,97.0,39.0,1.4,12.9,14.0,20.0,0.0,0.0,"Trujillo-Ramírez, D., Lobato-Calleros, C., Román-Guerrero, A. and 3 more (...) (2018).Complexation with whey protein hydrolysate improves cacao pods husk pectin surface active and emulsifying properties. Reactive and Functional Polymers,12361-69",https://www.scopus.com/record/display.url?eid=2-s2.0-85042261685&origin=resultslist,10.1016/j.reactfunctpolym.2017.12.011,Article,,2-s2.0-85042261685,-,Universidad Autónoma Metropolitana| Universidad Autonoma Chapingo,505017| 505047,Academic,2.0,60028381| 60010597,Universidad Autónoma Metropolitana -Unidad Iztapalapa| Universidad Autónoma Chapingo,57200720193,7004260997,7004260997,-,Mexico,1.0,1303| 1500| 1600| 2304| 2505| 2507,Biochemistry| General Chemical Engineering| General Chemistry| Environmental Chemistry| Materials Chemistry| Polymers and Plastics,4| 2| 5,Natural Sciences| Engineering & Technology| Life Sciences & Medicine,433| 507| 409| 424| 249| 219,Materials Science| Biological Sciences| Chemistry| Environmental Sciences| Engineering - Petroleum| Engineering - Chemical,32| 36| 37,Life Sciences| Engineering| Physical Sciences,40| 34,Engineering| Chemical Sciences,3403| 4004,Macromolecular and materials chemistry| Chemical engineering,-,Antioxidant Compounds and Their Medicinal Potential,6,97.711,Pectin Properties and Extraction Techniques for Diverse Applications,2290,99.455,Very Good,2018.0,39.0,N/A,"Trujillo-Ramírez, D.| Lobato-Calleros, C.| Román-Guerrero, A.| Hernández-Rodríguez, L.| Alvarez-Ramirez, J.| Vernon-Carter, E.J.",Universidad Autónoma Metropolitana| Universidad Autonoma Chapingo,Mexico,0
56013603800,56013603800,"Polyelectrolyte complex of Aloe vera, chitosan, and alginate produced fibroblast and lymphocyte viabilities and migration","Gallardo-Rivera, R.| de los Ángeles Aguilar-Santamaría, M.| Silva-Bermúdez, P.| García-López, J.| Tecante, A.| Velasquillo, C.| Román-Guerrero, A.| Pérez-Alonso, C.| Vázquez-Torres, H.| Shirai, K.",10.0,57194083929| 56009890600| 56013548300| 55958088900| 6602496961| 24339719300| 56013603800| 6507830886| 6602853187| 55993639400,2018.0,2018-07-15,Carbohydrate Polymers,192,-,84-94,-,ISSN-01448617,25801.0,Journal,Elsevier Ltd,English,1.77,8,9.6,5,1.377,6,3.09,104.0,26.0,1.35,11.1,21.0,21.0,0.0,0.0,"Gallardo-Rivera, R., de los Ángeles Aguilar-Santamaría, M., Silva-Bermúdez, P. and 7 more (...) (2018).Polyelectrolyte complex of Aloe vera, chitosan, and alginate produced fibroblast and lymphocyte viabilities and migration. Carbohydrate Polymers,19284-94",https://www.scopus.com/record/display.url?eid=2-s2.0-85044167301&origin=resultslist,10.1016/j.carbpol.2018.03.044,Article,,2-s2.0-85044167301,29691038,Universidad Autónoma Metropolitana| Instituto Nacional de Rehabilitación| Universidad Autonoma del Estado de Mexico| Universidad Nacional Autónoma de México,505017| 715278| 505051| 505023,Medical| Academic,4.0,60028381| 60084250| 60032442| 60002281,Universidad Autónoma Metropolitana -Unidad Iztapalapa| Instituto Nacional de Rehabilitación| Universidad Nacional Autónoma de México| Universidad Autónoma del Estado de México,57194083929,55993639400,55993639400,-,Mexico,1.0,1605| 2505| 2507,Organic Chemistry| Materials Chemistry| Polymers and Plastics,4| 2,Natural Sciences| Engineering & Technology,249| 409| 433,Engineering - Petroleum| Chemistry| Materials Science,37| 36,Physical Sciences| Engineering,31| 40| 30,"Biological Sciences| Engineering| Agricultural, Veterinary And Food Sciences",3101| 3006| 4004,Biochemistry and cell biology| Food sciences| Chemical engineering,-,Complementary and Alternative Medicine in Patient Care,687,36.821,Aloe Vera's Multifaceted Healing Properties,5750,93.55,Very Good,2018.0,26.0,N/A,"Gallardo-Rivera, R.| de los Ángeles Aguilar-Santamaría, M.| Silva-Bermúdez, P.| García-López, J.| Tecante, A.| Velasquillo, C.| Román-Guerrero, A.| Pérez-Alonso, C.| Vázquez-Torres, H.| Shirai, K.",Universidad Autónoma Metropolitana| Instituto Nacional de Rehabilitación| Universidad Autonoma del Estado de Mexico| Universidad Nacional Autónoma de México,Mexico,0
56013603800,56013603800,Microstructural influence on physical properties and release profiles of sesame oil encapsulated into sodium alginate-tamarind mucilage hydrogel beads,"Cortés-Camargo, S.| Román-Guerrero, A.| Alvarez-Ramirez, J.| Alpizar-Reyes, E.| Velázquez-Gutiérrez, S.K.| Pérez-Alonso, C.",6.0,56971571100| 56013603800| 55399527300| 57192102030| 56483286600| 6507830886,2023.0,2023-06-01,Carbohydrate Polymer Technologies and Applications,5,-,-,100302,ISSN-26668939,21101082065.0,Journal,Elsevier Ltd,English,1.16,20,8.7,13,0.944,13,1.88,39.0,25.0,2.11,11.87,8.0,12.0,0.0,0.0,"Cortés-Camargo, S., Román-Guerrero, A., Alvarez-Ramirez, J. and 3 more (...) (2023).Microstructural influence on physical properties and release profiles of sesame oil encapsulated into sodium alginate-tamarind mucilage hydrogel beads. Carbohydrate Polymer Technologies and Applications,5",https://www.scopus.com/record/display.url?eid=2-s2.0-85149064254&origin=resultslist,10.1016/j.carpta.2023.100302,Article,Gold|Green,2-s2.0-85149064254,-,Universidad del Bío-Bío| Universidad Autónoma Metropolitana| Universidad Autonoma del Estado de Mexico,700283| 505017| 505051,Academic,3.0,128533437| 60028381| 60023195| 60002281,Universidad Tecnológica de Zinacantepec (UTZIN)| Universidad Autónoma Metropolitana -Unidad Iztapalapa| Universidad del Bio Bio| Universidad Autónoma del Estado de México,56971571100,6507830886,6507830886,-,Chile| Mexico,2.0,1303| 1305| 1601| 1602| 2505| 2507,Biochemistry| Biotechnology| Chemistry (miscellaneous)| Analytical Chemistry| Materials Chemistry| Polymers and Plastics,5| 4,Life Sciences & Medicine| Natural Sciences,507| 409| 433,Biological Sciences| Chemistry| Materials Science,32| 36| 37,Life Sciences| Engineering| Physical Sciences,40| 34,Engineering| Chemical Sciences,3403| 3406| 4004,Macromolecular and materials chemistry| Physical chemistry| Chemical engineering,-,Innovative Drug Delivery Systems for Enhanced Absorption,147,89.47,Microencapsulation Techniques for Enhanced Food Stability,2264,99.337,Definitive,2023.0,25.0,N/A,"Cortés-Camargo, S.| Román-Guerrero, A.| Alvarez-Ramirez, J.| Alpizar-Reyes, E.| Velázquez-Gutiérrez, S.K.| Pérez-Alonso, C.",Universidad del Bío-Bío| Universidad Autónoma Metropolitana| Universidad Autonoma del Estado de Mexico,Chile| Mexico,0
56013603800,56013603800,Characterization of Cooked Meat Models using Grasshopper (Sphenarium purpurascens) Soluble Protein Extracted by Alkalisation and Ultrasound as Meat-Extender,"Cruz-López, S.O.| Escalona-Buendía, H.B.| Román-Guerrero, A.| Domínguez-Soberanes, J.| Alvarez-Cisneros, Y.M.",5.0,57223023218| 57194437346| 56013603800| 57201861035| 36704366800,2022.0,2022-01-01,Food Science of Animal Resources,42,3,536-555,-,ISSN-26360772,21100940430.0,Journal,Korean Society for Food Science of Animal Resources,English,1,30,5.6,7,0.556,26,2.12,43.0,25.0,2.53,8.68,12.0,9.0,0.0,0.0,"Cruz-López, S.O., Escalona-Buendía, H.B., Román-Guerrero, A. and 2 more (...) (2022).Characterization of Cooked Meat Models using Grasshopper (Sphenarium purpurascens) Soluble Protein Extracted by Alkalisation and Ultrasound as Meat-Extender. Food Science of Animal Resources,42(3) 536-555",https://www.scopus.com/record/display.url?eid=2-s2.0-85132077885&origin=resultslist,10.5851/kosfa.2022.e22,Article,Gold|Green,2-s2.0-85132077885,-,Universidad Autónoma Metropolitana| Universidad Panamericana (UP),505017| 702732,Academic,2.0,60014923| 60028381| 60012895,Universidad Autónoma Metropolitana| Universidad Autónoma Metropolitana -Unidad Iztapalapa| Universidad Panamericana,57223023218,36704366800,36704366800,-,Mexico,1.0,1103| 1106,Animal Science and Zoology| Food Science,5,Life Sciences & Medicine,502,Agriculture & Forestry,32,Life Sciences,30| 40,"Agricultural, Veterinary And Food Sciences| Engineering",4004| 3006| 3001,Chemical engineering| Food sciences| Agricultural biotechnology,-,Mercury Dynamics in Environmental and Health Contexts,694,91.89,Nutritional Potential of Edible Insects in Food,3070,99.535,Definitive,2022.0,25.0,N/A,"Cruz-López, S.O.| Escalona-Buendía, H.B.| Román-Guerrero, A.| Domínguez-Soberanes, J.| Alvarez-Cisneros, Y.M.",Universidad Autónoma Metropolitana| Universidad Panamericana (UP),Mexico,0
56013603800,56013603800,"Modification of Oxalis tuberosa starch with OSA, characterization and application in food-grade Pickering emulsions","Estrada-Fernández, A.G.| Dorantes-Bautista, G.| Román-Guerrero, A.| Campos-Montiel, R.G.| Hernández-Uribe, J.P.| Jiménez-Alvarado, R.",6.0,56305433200| 57219376805| 56013603800| 6506346023| 56002741700| 6504756634,2021.0,2021-08-01,Journal of Food Science and Technology,58,8,2896-2905,-,ISSN-00221155,20617.0,Journal,Springer,English,1.17,24,5.3,24,0.64,27,1.72,85.0,22.0,0.99,13.13,18.0,29.0,0.0,0.0,"Estrada-Fernández, A.G., Dorantes-Bautista, G., Román-Guerrero, A. and 3 more (...) (2021).Modification of Oxalis tuberosa starch with OSA, characterization and application in food-grade Pickering emulsions. Journal of Food Science and Technology,58(8) 2896-2905",https://www.scopus.com/record/display.url?eid=2-s2.0-85092478201&origin=resultslist,10.1007/s13197-020-04790-y,Article,Green,2-s2.0-85092478201,-,Universidad Autónoma Metropolitana| Universidad Autonoma del Estado de Hidalgo,505017| 505050,Academic,2.0,60027135| 60028381,Universidad Autónoma del Estado de Hidalgo| Universidad Autónoma Metropolitana -Unidad Iztapalapa,56305433200,6504756634,6504756634,-,Mexico,1.0,1106,Food Science,5,Life Sciences & Medicine,502,Agriculture & Forestry,32,Life Sciences,40| 30,"Engineering| Agricultural, Veterinary And Food Sciences",4004| 3006,Chemical engineering| Food sciences,-,Starch Properties and Applications in Food Science,737,83.584,Esterification and Modification of Starch Properties,9921,96.74,Very Good,2021.0,22.0,N/A,"Estrada-Fernández, A.G.| Dorantes-Bautista, G.| Román-Guerrero, A.| Campos-Montiel, R.G.| Hernández-Uribe, J.P.| Jiménez-Alvarado, R.",Universidad Autónoma Metropolitana| Universidad Autonoma del Estado de Hidalgo,Mexico,0
56013603800,56013603800,Effect of layer (calcium phosphate-chitosan)-by-layer (mesquite gum) matrix on carotenoids-in-water-emulsion properties,"García-Márquez, E.| Román-Guerrero, A.| Cruz-Sosa, F.| Lobato-Calleros, C.| Álvarez-Ramírez, J.| Vernon-Carter, E.J.| Espinosa-Andrews, H.",7.0,55428281700| 56013603800| 56013839300| 6603090042| 55399527300| 7004260997| 56002681100,2015.0,2015-01-01,Food Hydrocolloids,43,-,451-458,-,ISSN-0268005X,22597.0,Journal,Elsevier B.V.,English,2.01,6,7,5,1.802,4,3.57,141.0,22.0,1.06,9.44,26.0,27.0,2.0,0.0,"García-Márquez, E., Román-Guerrero, A., Cruz-Sosa, F. and 4 more (...) (2015).Effect of layer (calcium phosphate-chitosan)-by-layer (mesquite gum) matrix on carotenoids-in-water-emulsion properties. Food Hydrocolloids,43451-458",https://www.scopus.com/record/display.url?eid=2-s2.0-84908407153&origin=resultslist,10.1016/j.foodhyd.2014.07.005,Article,,2-s2.0-84908407153,-,Universidad Autónoma Metropolitana| Universidad Autonoma Chapingo,505017| 505047,Academic,2.0,60095192| 60028381| 60010597,Instituto Dermatologico de Jalisco Dr. Jose Barba Rubio| Universidad Autónoma Metropolitana -Unidad Iztapalapa| Universidad Autónoma Chapingo,55428281700,56002681100,56002681100,-,Mexico,1.0,1106| 1500| 1600,Food Science| General Chemical Engineering| General Chemistry,2| 4| 5,Engineering & Technology| Natural Sciences| Life Sciences & Medicine,502| 409| 219,Agriculture & Forestry| Chemistry| Engineering - Chemical,37| 36| 32,Physical Sciences| Engineering| Life Sciences,40| 30,"Engineering| Agricultural, Veterinary And Food Sciences",3006| 4004,Food sciences| Chemical engineering,-,Protein Emulsification and Functional Food Applications,582,95.487,Stability and Properties of Emulsified Systems,7336,97.555,Very Good,2015.0,22.0,N/A,"García-Márquez, E.| Román-Guerrero, A.| Cruz-Sosa, F.| Lobato-Calleros, C.| Álvarez-Ramírez, J.| Vernon-Carter, E.J.| Espinosa-Andrews, H.",Universidad Autónoma Metropolitana| Universidad Autonoma Chapingo,Mexico,0
56013603800,56013603800,Cross-linking chitosan into hydroxypropylmethylcellulose for the preparation of Neem oil coating for postharvest storage of pitaya (Stenocereus pruinosus),"Hernández-Valencia, C.G.| Román-Guerrero, A.| Aguilar-Santamaría, Á.| Cira, L.| Shirai, K.",5.0,57205406851| 56013603800| 57193933645| 55606951100| 55993639400,2019.0,2019-01-01,Molecules,24,2,-,219,ISSN-14203049,26370.0,Journal,MDPI AG,English,1.15,23,4.1,29,0.698,22,1.48,50.0,20.0,0.91,12.12,25.0,31.0,0.0,0.0,"Hernández-Valencia, C.G., Román-Guerrero, A., Aguilar-Santamaría, Á. and 2 more (...) (2019).Cross-linking chitosan into hydroxypropylmethylcellulose for the preparation of Neem oil coating for postharvest storage of pitaya (Stenocereus pruinosus). Molecules,24(2) ",https://www.scopus.com/record/display.url?eid=2-s2.0-85059889573&origin=resultslist,10.3390/molecules24020219,Article,Gold|Green,2-s2.0-85059889573,30634411,Instituto Tecnológico de Sonora| Universidad Autónoma Metropolitana,714294| 505017,Academic,2.0,60028381| 60002064,Universidad Autónoma Metropolitana -Unidad Iztapalapa| Instituto Tecnológico de Sonora,57205406851,55993639400,55993639400,-,Mexico,1.0,1313| 1601| 1602| 1605| 1606| 3002| 3003,Molecular Medicine| Chemistry (miscellaneous)| Analytical Chemistry| Organic Chemistry| Physical and Theoretical Chemistry| Drug Discovery| Pharmaceutical Science,5| 2| 4,Life Sciences & Medicine| Engineering & Technology| Natural Sciences,532| 249| 537| 409,Medicine| Engineering - Petroleum| Pharmacy & Pharmacology| Chemistry,37| 32| 34,Physical Sciences| Life Sciences| Medical and Health,34,Chemical Sciences,3404| 3405,Medicinal and biomolecular chemistry| Organic chemistry,-,Antioxidant Compounds and Their Medicinal Potential,6,97.711,Betalains: Antioxidant Pigments in Food Applications,9172,97.792,Defensible,2019.0,20.0,N/A,"Hernández-Valencia, C.G.| Román-Guerrero, A.| Aguilar-Santamaría, Á.| Cira, L.| Shirai, K.",Instituto Tecnológico de Sonora| Universidad Autónoma Metropolitana,Mexico,0
56013603800,56013603800,"Chemical characterization, antioxidant capacity, and anti-hyperglycemic effect of Stenocereus stellatus fruits from the arid Mixteca Baja region of Mexico","Clara, C.-A.| Angélica, R.-G.| Víctor Hugo, O.-C.| Fernando, D.D.L.-S.| Erika Lorena, Á.-R.| Clara, P.-Z.| Edgar del Carmen, S.-P.| José Alberto, M.-E.",8.0,57216954706| 56013603800| 57216950461| 57216946869| 57216950238| 57216951022| 57216950707| 56002729700,2020.0,2020-10-30,Food Chemistry,328,-,-,127076,ISSN-03088146,24039.0,Journal,Elsevier Ltd,English,2.23,5,11.9,3,1.772,4,1.42,53.0,18.0,0.36,14.03,26.0,54.0,0.0,0.0,"Clara, C.-A., Angélica, R.-G., Víctor Hugo, O.-C. and 5 more (...) (2020).Chemical characterization, antioxidant capacity, and anti-hyperglycemic effect of Stenocereus stellatus fruits from the arid Mixteca Baja region of Mexico. Food Chemistry,328",https://www.scopus.com/record/display.url?eid=2-s2.0-85085492583&origin=resultslist,10.1016/j.foodchem.2020.127076,Article,,2-s2.0-85085492583,32480257,Universidad Autónoma Metropolitana| Universidad Autonoma de la Ciudad de Mexico,505017| 708454,Academic,2.0,60028381| 124470198| 122909994| 60094425,Universidad Autónoma Metropolitana -Unidad Iztapalapa| Group of Biochemistry of Macromolecules| College of Sciences and Technology| Universidad Autónoma de la Ciudad de México,57216954706,56002729700,56002729700,-,Mexico,1.0,1106| 1602,Food Science| Analytical Chemistry,5| 4,Life Sciences & Medicine| Natural Sciences,502| 409,Agriculture & Forestry| Chemistry,37| 32,Physical Sciences| Life Sciences,30,"Agricultural, Veterinary And Food Sciences",3006,Food sciences,-,Antioxidant Compounds and Their Medicinal Potential,6,97.711,Betalains: Antioxidant Pigments in Food Applications,9172,97.792,Very Good,2020.0,18.0,N/A,"Clara, C.-A.| Angélica, R.-G.| Víctor Hugo, O.-C.| Fernando, D.D.L.-S.| Erika Lorena, Á.-R.| Clara, P.-Z.| Edgar del Carmen, S.-P.| José Alberto, M.-E.",Universidad Autónoma Metropolitana| Universidad Autonoma de la Ciudad de Mexico,Mexico,0
56013603800,56013603800,"Arnica montana cell culture establishment, and assessment of its cytotoxic, antibacterial, α-amylase inhibitor, and antioxidant in vitro bioactivities","Nieto-Trujillo, A.| Cruz-Sosa, F.| Luria-Pérez, R.| Gutiérrez-Rebolledo, G.A.| Román-Guerrero, A.| Burrola-Aguilar, C.| Zepeda-Gómez, C.| Estrada-Zúñiga, M.E.",8.0,57195480935| 56013839300| 8096565200| 59330316000| 56013603800| 55746374800| 55229318300| 56013573600,2021.0,2021-11-01,Plants,10,11,-,2300,ISSN-22237747,21100788294.0,Journal,MDPI,English,1.33,18,3.6,29,0.765,19,2.91,62.0,17.0,1.4,10.04,24.0,20.0,0.0,0.0,"Nieto-Trujillo, A., Cruz-Sosa, F., Luria-Pérez, R. and 5 more (...) (2021).Arnica montana cell culture establishment, and assessment of its cytotoxic, antibacterial, α-amylase inhibitor, and antioxidant in vitro bioactivities. Plants,10(11) ",https://www.scopus.com/record/display.url?eid=2-s2.0-85117907884&origin=resultslist,10.3390/plants10112300,Article,Gold|Green,2-s2.0-85117907884,-,Universidad Autónoma Metropolitana| Universidad Autonoma del Estado de Mexico| Hospital Infantil de Mexico Federico Gomez| Instituto Politécnico Nacional,505017| 505051| 505033| 505011,Medical| Academic,4.0,60002281| 60028381| 60014923| 60000328| 60019176,Universidad Autónoma del Estado de México| Universidad Autónoma Metropolitana -Unidad Iztapalapa| Universidad Autónoma Metropolitana| Hospital Infantil de México Federico Gómez| Instituto Politécnico Nacional,57195480935,56013573600,57195480935| 8096565200| 56013573600,-,Mexico,1.0,1105| 1110| 2303,"Ecology, Evolution, Behavior and Systematics| Plant Science| Ecology",4| 5,Natural Sciences| Life Sciences & Medicine,424| 502,Environmental Sciences| Agriculture & Forestry,32| 37,Life Sciences| Physical Sciences,31| 30,"Biological Sciences| Agricultural, Veterinary And Food Sciences",-,-,SDG 3,Antioxidant Compounds and Their Therapeutic Potential,1290,25.965,Therapeutic Potential of Arnica Montana Extracts,75975,57.27,Very Good,2021.0,17.0,N/A,"Nieto-Trujillo, A.| Cruz-Sosa, F.| Luria-Pérez, R.| Gutiérrez-Rebolledo, G.A.| Román-Guerrero, A.| Burrola-Aguilar, C.| Zepeda-Gómez, C.| Estrada-Zúñiga, M.E.",Universidad Autónoma Metropolitana| Universidad Autonoma del Estado de Mexico| Hospital Infantil de Mexico Federico Gomez| Instituto Politécnico Nacional,Mexico,0
56013603800,56013603800,"Exogenous addition of muicle (Justicia spicigera Schechtendal) extract to white maize tortillas affects the antioxidant activity, texture, color, and in vitro starch digestibility","Alvarez-Poblano, L.| Roman-Guerrero, A.| Vernon-Carter, E.J.| Alvarez-Ramirez, J.",4.0,57211919724| 56013603800| 7004260997| 55399527300,2020.0,2020-11-01,LWT,133,-,-,110120,ISSN-00236438,20744.0,Journal,Academic Press,English,1.58,12,6.7,12,1.258,10,2.2,75.0,16.0,0.56,12.49,29.0,44.0,0.0,0.0,"Alvarez-Poblano, L., Roman-Guerrero, A., Vernon-Carter, E.J. and 1 more (...) (2020).Exogenous addition of muicle (Justicia spicigera Schechtendal) extract to white maize tortillas affects the antioxidant activity, texture, color, and in vitro starch digestibility. LWT,133",https://www.scopus.com/record/display.url?eid=2-s2.0-85090043955&origin=resultslist,10.1016/j.lwt.2020.110120,Article,,2-s2.0-85090043955,-,Universidad Autónoma Metropolitana,505017,Academic,1.0,60028381,Universidad Autónoma Metropolitana -Unidad Iztapalapa,57211919724,55399527300,55399527300,-,Mexico,1.0,1106,Food Science,5,Life Sciences & Medicine,502,Agriculture & Forestry,32,Life Sciences,32| 30| 40,"Biomedical And Clinical Sciences| Agricultural, Veterinary And Food Sciences| Engineering",4004| 3210| 3006,Chemical engineering| Nutrition and dietetics| Food sciences,-,Starch Properties and Applications in Food Science,737,83.584,Nutritional and Functional Aspects of Nixtamalized Maize,28077,74.576,Defensible,2020.0,16.0,N/A,"Alvarez-Poblano, L.| Roman-Guerrero, A.| Vernon-Carter, E.J.| Alvarez-Ramirez, J.",Universidad Autónoma Metropolitana,Mexico,0
56013603800,56013603800,Phenolic Compounds from Wild Plant and In Vitro Cultures of Ageratina pichichensis and Evaluation of Their Antioxidant Activity,"Motolinia-Alcántara, E.A.| Franco-Vásquez, A.M.| Nieto-Camacho, A.| Arreguín-Espinosa, R.| Rodríguez-Monroy, M.| Cruz-Sosa, F.| Román-Guerrero, A.",7.0,57218894205| 57457955500| 56013573300| 56074241200| 6603164637| 56013839300| 56013603800,2023.0,2023-03-01,Plants,12,5,-,1107,ISSN-22237747,21100788294.0,Journal,MDPI,English,1.19,19,6.5,14,0.795,19,3.5,56.0,16.0,1.94,8.25,14.0,13.0,0.0,0.0,"Motolinia-Alcántara, E.A., Franco-Vásquez, A.M., Nieto-Camacho, A. and 4 more (...) (2023).Phenolic Compounds from Wild Plant and In Vitro Cultures of Ageratina pichichensis and Evaluation of Their Antioxidant Activity. Plants,12(5) ",https://www.scopus.com/record/display.url?eid=2-s2.0-85149980027&origin=resultslist,10.3390/plants12051107,Article,Gold|Green,2-s2.0-85149980027,-,Universidad Autónoma Metropolitana| Instituto Politécnico Nacional| Universidad Nacional Autónoma de México,505017| 505011| 505023,Academic,3.0,60028381| 60032442| 60019176,Universidad Autónoma Metropolitana -Unidad Iztapalapa| Universidad Nacional Autónoma de México| Instituto Politécnico Nacional,57218894205,56013603800,56013839300| 56013603800,-,Mexico,1.0,1105| 1110| 2303,"Ecology, Evolution, Behavior and Systematics| Plant Science| Ecology",5| 4,Life Sciences & Medicine| Natural Sciences,424| 502,Environmental Sciences| Agriculture & Forestry,37| 32,Physical Sciences| Life Sciences,30| 31,"Agricultural, Veterinary And Food Sciences| Biological Sciences",-,-,-,Medicinal Plant Extracts for Pain Management,170,62.59,Eupatorium Compounds in Health and Disease Management,45608,62.301,Definitive,2023.0,16.0,N/A,"Motolinia-Alcántara, E.A.| Franco-Vásquez, A.M.| Nieto-Camacho, A.| Arreguín-Espinosa, R.| Rodríguez-Monroy, M.| Cruz-Sosa, F.| Román-Guerrero, A.",Universidad Autónoma Metropolitana| Instituto Politécnico Nacional| Universidad Nacional Autónoma de México,Mexico,0
56013603800,56013603800,Phenolic compounds and parthenolide production from in vitro cultures of Tanacetum parthenium,"Nieto-Trujillo, A.| Buendía-González, L.| García-Morales, C.| Román-Guerrero, A.| Cruz-Sosa, F.| Estrada-Zúñiga, M.E.",6.0,57195480935| 16425323300| 14622521000| 56013603800| 56013839300| 56013573600,2017.0,2017-08-01,Revista Mexicana de Ingeniera Quimica,16,2,371-383,-,ISSN-16652738,19900192431.0,Journal,Universidad Autonoma Metropolitana Iztapalapa,English,0.65,52,1.6,50,0.328,47,1.0,40.0,14.0,0.48,10.49,35.0,48.0,0.0,0.0,"Nieto-Trujillo, A., Buendía-González, L., García-Morales, C. and 3 more (...) (2017).Phenolic compounds and parthenolide production from in vitro cultures of Tanacetum parthenium. Revista Mexicana de Ingeniera Quimica,16(2) 371-383",https://www.scopus.com/record/display.url?eid=2-s2.0-85028331946&origin=resultslist,-,Article,,2-s2.0-85028331946,-,Universidad Autónoma Metropolitana| Universidad Autonoma del Estado de Mexico,505017| 505051,Academic,2.0,60028381| 60002281,Universidad Autónoma Metropolitana -Unidad Iztapalapa| Universidad Autónoma del Estado de México,57195480935,56013573600,56013839300,-,Mexico,1.0,1500,General Chemical Engineering,2,Engineering & Technology,219,Engineering - Chemical,36,Engineering,30| 40| 31,"Agricultural, Veterinary And Food Sciences| Engineering| Biological Sciences",3006| 3106| 4004,Food sciences| Industrial biotechnology| Chemical engineering,-,Antioxidant and Antimicrobial Properties of Essential Oils,275,87.901,Antioxidant and Antimicrobial Properties of Tanacetum Oils,26468,78.808,Very Good,2017.0,14.0,N/A,"Nieto-Trujillo, A.| Buendía-González, L.| García-Morales, C.| Román-Guerrero, A.| Cruz-Sosa, F.| Estrada-Zúñiga, M.E.",Universidad Autónoma Metropolitana| Universidad Autonoma del Estado de Mexico,Mexico,0
56013603800,56013603800,Exploring the Potential of Mesquite Gum–Nopal Mucilage Mixtures: Physicochemical and Functional Properties,"Cortés-Camargo, S.| Gallardo-Rivera, R.| Barragán-Huerta, B.E.| Dublán-García, O.| Román-Guerrero, A.| Pérez-Alonso, C.",6.0,56971571100| 57194083929| 6504271322| 37046036300| 56013603800| 6507830886,2018.0,2018-01-01,Journal of Food Science,83,1,113-121,-,ISSN-00221147,20614.0,Journal,Blackwell Publishing Inc.,English,1.02,29,3.7,26,0.783,24,1.54,72.0,14.0,0.53,11.38,34.0,46.0,0.0,0.0,"Cortés-Camargo, S., Gallardo-Rivera, R., Barragán-Huerta, B.E. and 3 more (...) (2018).Exploring the Potential of Mesquite Gum–Nopal Mucilage Mixtures: Physicochemical and Functional Properties. Journal of Food Science,83(1) 113-121",https://www.scopus.com/record/display.url?eid=2-s2.0-85037330630&origin=resultslist,10.1111/1750-3841.13937,Article,,2-s2.0-85037330630,29205348,Universidad Autónoma Metropolitana| Universidad Autonoma del Estado de Mexico| Instituto Politécnico Nacional,505017| 505051| 505011,Academic,3.0,60002281| 60028381| 60019176,Universidad Autónoma del Estado de México| Universidad Autónoma Metropolitana -Unidad Iztapalapa| Instituto Politécnico Nacional,56971571100,6507830886,6507830886,-,Mexico,1.0,1106,Food Science,5,Life Sciences & Medicine,502,Agriculture & Forestry,32,Life Sciences,30| 32,"Agricultural, Veterinary And Food Sciences| Biomedical And Clinical Sciences",3210| 3006,Nutrition and dietetics| Food sciences,-,Polysaccharides and Their Multifaceted Biological Activities,548,88.555,Functional Properties of Galactomannan Polysaccharides,10620,94.973,Defensible,2018.0,14.0,N/A,"Cortés-Camargo, S.| Gallardo-Rivera, R.| Barragán-Huerta, B.E.| Dublán-García, O.| Román-Guerrero, A.| Pérez-Alonso, C.",Universidad Autónoma Metropolitana| Universidad Autonoma del Estado de Mexico| Instituto Politécnico Nacional,Mexico,0
56013603800,56013603800,Pickering emulsion polymerization kinetics of styrene: Comparison of bare and surface modified SiO2 nanoparticles,"Fouconnier, B.| Román-Guerrero, A.| López-Serrano, F.",3.0,6507932308| 56013603800| 36995481000,2016.0,2016-07-02,"Journal of Macromolecular Science, Part A: Pure and Applied Chemistry",53,7,403-412,-,ISSN-10601325,25891.0,Journal,Taylor and Francis Inc.,English,0.52,61,1.9,45,0.333,45,1.24,52.0,12.0,0.29,10.22,38.0,57.0,0.0,0.0,"Fouconnier, B., Román-Guerrero, A., López-Serrano, F. (2016).Pickering emulsion polymerization kinetics of styrene: Comparison of bare and surface modified SiO2 nanoparticles. Journal of Macromolecular Science, Part A: Pure and Applied Chemistry,53(7) 403-412",https://www.scopus.com/record/display.url?eid=2-s2.0-84975796833&origin=resultslist,10.1080/10601325.2016.1176441,Article,,2-s2.0-84975796833,-,Universidad Autónoma Metropolitana| Universidad Nacional Autónoma de México| Universidad Veracruzana,505017| 505023| 505056,Academic,3.0,60007909| 60028381| 60032442,Universidad Veracruzana| Universidad Autónoma Metropolitana -Unidad Iztapalapa| Universidad Nacional Autónoma de México,6507932308,36995481000,36995481000,-,Mexico,1.0,1600| 2503| 2505| 2507,General Chemistry| Ceramics and Composites| Materials Chemistry| Polymers and Plastics,4,Natural Sciences,409| 433,Chemistry| Materials Science,36| 37,Engineering| Physical Sciences,34,Chemical Sciences,3403,Macromolecular and materials chemistry,-,Foam and Perfluoroalkyl Substances in Environmental Applications,888,95.553,Stability and Applications of Pickering Emulsions,2164,99.777,Very Good,2016.0,12.0,N/A,"Fouconnier, B.| Román-Guerrero, A.| López-Serrano, F.",Universidad Autónoma Metropolitana| Universidad Nacional Autónoma de México| Universidad Veracruzana,Mexico,0
56013603800,56013603800,"Effect of starch gelatinization on the morphology, viscoelasticity, and water structure of candelilla wax–canola oil–starch hybrid gels","Barragán-Martínez, L.P.| Molina-Rodríguez, A.| Román-Guerrero, A.| Vernon-Carter, E.J.| Alvarez-Ramirez, J.",5.0,57209652735| 57480392600| 56013603800| 7004260997| 55399527300,2022.0,2022-05-01,Journal of Food Processing and Preservation,46,5,-,e16520,ISSN-01458892,20590.0,Journal,John Wiley and Sons Inc,English,0.75,46,3.4,46,0.494,36,1.58,39.0,11.0,0.65,15.38,28.0,42.0,1.0,0.0,"Barragán-Martínez, L.P., Molina-Rodríguez, A., Román-Guerrero, A. and 2 more (...) (2022).Effect of starch gelatinization on the morphology, viscoelasticity, and water structure of candelilla wax–canola oil–starch hybrid gels. Journal of Food Processing and Preservation,46(5) ",https://www.scopus.com/record/display.url?eid=2-s2.0-85125938306&origin=resultslist,10.1111/jfpp.16520,Article,,2-s2.0-85125938306,-,Universidad Autónoma Metropolitana,505017,Academic,1.0,60028381,Universidad Autónoma Metropolitana -Unidad Iztapalapa,57209652735,55399527300,7004260997,-,Mexico,1.0,1106| 1500| 1600,Food Science| General Chemical Engineering| General Chemistry,5| 2| 4,Life Sciences & Medicine| Engineering & Technology| Natural Sciences,219| 502| 409,Engineering - Chemical| Agriculture & Forestry| Chemistry,36| 37| 32,Engineering| Physical Sciences| Life Sciences,30| 40,"Agricultural, Veterinary And Food Sciences| Engineering",3006| 4004,Food sciences| Chemical engineering,SDG 9,Protein Emulsification and Functional Food Applications,582,95.487,Innovative Oleogels from Sunflower Oil Applications,14243,99.194,Very Good,2022.0,11.0,N/A,"Barragán-Martínez, L.P.| Molina-Rodríguez, A.| Román-Guerrero, A.| Vernon-Carter, E.J.| Alvarez-Ramirez, J.",Universidad Autónoma Metropolitana,Mexico,0
56013603800,56013603800,Chemical characterization of yellow-orange and purple varieties of Opuntia ficus-indica fruits and thermal stability of their betalains,"Carreón-Hidalgo, J.P.| Román-Guerrero, A.| Navarro-Ocaña, A.| Gómez-Linton, D.R.| Franco-Vásquez, D.C.| Franco-Vásquez, A.M.| Arreguín-Espinosa, R.| Pérez-Flores, L.J.",8.0,57365034500| 56013603800| 55989787300| 57209241345| 57219257314| 57457955500| 56074241200| 56013751300,2023.0,2023-01-01,Journal of Food Science,88,1,161-174,-,ISSN-00221147,20614.0,Journal,John Wiley and Sons Inc,English,0.98,28,7.1,19,0.783,19,3.29,78.0,11.0,0.98,11.18,21.0,29.0,0.0,0.0,"Carreón-Hidalgo, J.P., Román-Guerrero, A., Navarro-Ocaña, A. and 5 more (...) (2023).Chemical characterization of yellow-orange and purple varieties of Opuntia ficus-indica fruits and thermal stability of their betalains. Journal of Food Science,88(1) 161-174",https://www.scopus.com/record/display.url?eid=2-s2.0-85144227026&origin=resultslist,10.1111/1750-3841.16421,Article,,2-s2.0-85144227026,36524774,Universidad Autónoma Metropolitana| Universidad Nacional Autónoma de México,505017| 505023,Academic,2.0,60014923| 60032442,Universidad Autónoma Metropolitana| Universidad Nacional Autónoma de México,57365034500,56013751300,56013751300,-,Mexico,1.0,1106,Food Science,5,Life Sciences & Medicine,502,Agriculture & Forestry,32,Life Sciences,30| 32,"Agricultural, Veterinary And Food Sciences| Biomedical And Clinical Sciences",3210| 3006,Nutrition and dietetics| Food sciences,-,Antioxidant Compounds and Their Medicinal Potential,6,97.711,Betalains: Antioxidant Pigments in Food Applications,9172,97.792,Very Good,2023.0,11.0,N/A,"Carreón-Hidalgo, J.P.| Román-Guerrero, A.| Navarro-Ocaña, A.| Gómez-Linton, D.R.| Franco-Vásquez, D.C.| Franco-Vásquez, A.M.| Arreguín-Espinosa, R.| Pérez-Flores, L.J.",Universidad Autónoma Metropolitana| Universidad Nacional Autónoma de México,Mexico,0
56013603800,56013603800,Effect of the addition of an emulgel based on whey protein isolate-alginate-inulin complex on the physicochemical and textural properties of reduced-fat set yoghurt,"Ortiz-Deleón, A.M.| Román-Guerrero, A.| Sandoval-Castilla, O.| Cuevas-Bernardino, J.C.| Vernon-Carter, E.J.",5.0,58318268800| 56013603800| 6506641565| 57188803168| 7004260997,2023.0,2023-12-01,International Journal of Food Science and Technology,58,12,6844-6854,-,ISSN-09505423,20115.0,Journal,John Wiley and Sons Inc,English,0.74,44,5.8,25,0.685,25,2.0,54.0,11.0,0.86,12.78,21.0,33.0,0.0,0.0,"Ortiz-Deleón, A.M., Román-Guerrero, A., Sandoval-Castilla, O. and 2 more (...) (2023).Effect of the addition of an emulgel based on whey protein isolate-alginate-inulin complex on the physicochemical and textural properties of reduced-fat set yoghurt. International Journal of Food Science and Technology,58(12) 6844-6854",https://www.scopus.com/record/display.url?eid=2-s2.0-85169161408&origin=resultslist,10.1111/ijfs.16678,Article,Bronze,2-s2.0-85169161408,-,CIATEJ Guadalajara| Consejo Nacional de Ciencia y Tecnologia Mexico| Universidad Autónoma Metropolitana| Universidad Autonoma Chapingo,703030| 704696| 505017| 505047,Academic| Government,4.0,60028381| 60010597| 60069653,Universidad Autónoma Metropolitana -Unidad Iztapalapa| Universidad Autónoma Chapingo| Centro de Investigación y Asistencia en Tecnologia y Diseño del Estado de Jalisco,58318268800,7004260997,56013603800,-,Mexico,1.0,1106| 2209,Food Science| Industrial and Manufacturing Engineering,2| 5,Engineering & Technology| Life Sciences & Medicine,502| 222,Agriculture & Forestry| Engineering - Mechanical,36| 32,Engineering| Life Sciences,32| 40| 30,"Biomedical And Clinical Sciences| Engineering| Agricultural, Veterinary And Food Sciences",3210| 4004| 3006,Nutrition and dietetics| Chemical engineering| Food sciences,-,Probiotics and Their Impact on Health,525,88.031,Yogurt Innovations in Fermentation and Probiotics,1188,98.508,Definitive,2023.0,11.0,N/A,"Ortiz-Deleón, A.M.| Román-Guerrero, A.| Sandoval-Castilla, O.| Cuevas-Bernardino, J.C.| Vernon-Carter, E.J.",CIATEJ Guadalajara| Consejo Nacional de Ciencia y Tecnologia Mexico| Universidad Autónoma Metropolitana| Universidad Autonoma Chapingo,Mexico,0
56013603800,56013603800,Characterization of O/W emulgels based on whey protein-alginate-inulin coacervates: Influence of temperature and ultrasound as protein preconditioning process,"Ortiz-Deleón, A.M.| Román-Guerrero, A.| Sandoval-Castilla, O.| Cuevas-Bernardino, J.C.",4.0,58318268800| 56013603800| 6506641565| 57188803168,2024.0,2024-04-01,International Journal of Biological Macromolecules,265,-,-,131260,ISSN-01418130,17544.0,Journal,Elsevier B.V.,English,1.46,13,10.3,8,1.285,8,3.13,41.0,10.0,1.22,8.19,14.0,24.0,0.0,0.0,"Ortiz-Deleón, A.M., Román-Guerrero, A., Sandoval-Castilla, O. and 1 more (...) (2024).Characterization of O/W emulgels based on whey protein-alginate-inulin coacervates: Influence of temperature and ultrasound as protein preconditioning process. International Journal of Biological Macromolecules,265",https://www.scopus.com/record/display.url?eid=2-s2.0-85190130596&origin=resultslist,10.1016/j.ijbiomac.2024.131260,Article,,2-s2.0-85190130596,38599904,CIATEJ Guadalajara| Consejo Nacional de Ciencia y Tecnologia Mexico| Universidad Autónoma Metropolitana| Universidad Autonoma Chapingo,703030| 704696| 505017| 505047,Government| Academic,4.0,60028381| 60010597| 60069653| 60027998,"Universidad Autónoma Metropolitana -Unidad Iztapalapa| Universidad Autónoma Chapingo| Centro de Investigación y Asistencia en Tecnologia y Diseño del Estado de Jalisco| Secretaría de Ciencia, Humanidades, Tecnología e Innovación",58318268800,57188803168,56013603800,-,Mexico,1.0,1303| 1312| 1315,Biochemistry| Molecular Biology| Structural Biology,5,Life Sciences & Medicine,507,Biological Sciences,32,Life Sciences,31,Biological Sciences,3101,Biochemistry and cell biology,-,Protein Emulsification and Functional Food Applications,582,95.487,Coacervation Mechanisms in Protein-Polysaccharide Interactions,9750,97.754,Definitive,2024.0,10.0,N/A,"Ortiz-Deleón, A.M.| Román-Guerrero, A.| Sandoval-Castilla, O.| Cuevas-Bernardino, J.C.",CIATEJ Guadalajara| Consejo Nacional de Ciencia y Tecnologia Mexico| Universidad Autónoma Metropolitana| Universidad Autonoma Chapingo,Mexico,0
56013603800,56013603800,"Phytochemical, pharmacological, and biotechnological study of Ageratina pichinchensis: A native species of Mexico","Sánchez-Ramos, M.| Marquina-Bahena, S.| Alvarez, L.| Román-Guerrero, A.| Bernabé-Antonio, A.| Cruz-Sosa, F.",6.0,55310002700| 55995895400| 7201392046| 56013603800| 36543544800| 56013839300,2021.0,2021-10-01,Plants,10,10,-,2225,ISSN-22237747,21100788294.0,Journal,MDPI,English,1.33,18,3.6,29,0.765,19,1.92,35.0,9.0,0.7,10.04,38.0,39.0,0.0,0.0,"Sánchez-Ramos, M., Marquina-Bahena, S., Alvarez, L. and 3 more (...) (2021).Phytochemical, pharmacological, and biotechnological study of Ageratina pichinchensis: A native species of Mexico. Plants,10(10) ",https://www.scopus.com/record/display.url?eid=2-s2.0-85117717911&origin=resultslist,10.3390/plants10102225,Article,Gold|Green,2-s2.0-85117717911,-,Universidad Autonoma del Estado de Morelos| Universidad Autónoma Metropolitana| Universidad de Guadalajara,505016| 505017| 505019,Academic,3.0,60028381| 60025626| 60017272| 60008943,Universidad Autónoma Metropolitana -Unidad Iztapalapa| Universidad Autónoma del Estado de Morelos| Centro de Investigaciones Quimicas| Universidad de Guadalajara,55310002700,56013839300,-,-,Mexico,1.0,1105| 1110| 2303,"Ecology, Evolution, Behavior and Systematics| Plant Science| Ecology",5| 4,Life Sciences & Medicine| Natural Sciences,502| 424,Agriculture & Forestry| Environmental Sciences,32| 37,Life Sciences| Physical Sciences,30| 31,"Agricultural, Veterinary And Food Sciences| Biological Sciences",-,-,-,Medicinal Plant Extracts for Pain Management,170,62.59,Eupatorium Compounds in Health and Disease Management,45608,62.301,Very Good,2021.0,9.0,N/A,"Sánchez-Ramos, M.| Marquina-Bahena, S.| Alvarez, L.| Román-Guerrero, A.| Bernabé-Antonio, A.| Cruz-Sosa, F.",Universidad Autonoma del Estado de Morelos| Universidad Autónoma Metropolitana| Universidad de Guadalajara,Mexico,0
56013603800,56013603800,"Obtaining 2,3-Dihydrobenzofuran and 3-Epilupeol from Ageratina pichinchensis (Kunth) R.King & Ho.Rob. Cell Cultures Grown in Shake Flasks under Photoperiod and Darkness, and Its Scale-Up to an Airlift Bioreactor for Enhanced Production","Sánchez-Ramos, M.| Marquina-Bahena, S.| Alvarez, L.| Bernabé-Antonio, A.| Cabañas-García, E.| Román-Guerrero, A.| Cruz-Sosa, F.",7.0,55310002700| 55995895400| 7201392046| 36543544800| 57206259342| 56013603800| 56013839300,2023.0,2023-01-01,Molecules,28,2,-,578,ISSN-14203049,26370.0,Journal,MDPI,English,1.06,24,7.4,17,0.744,24,1.92,36.0,8.0,0.77,10.44,28.0,36.0,0.0,0.0,"Sánchez-Ramos, M., Marquina-Bahena, S., Alvarez, L. and 4 more (...) (2023).Obtaining 2,3-Dihydrobenzofuran and 3-Epilupeol from Ageratina pichinchensis (Kunth) R.King & Ho.Rob. Cell Cultures Grown in Shake Flasks under Photoperiod and Darkness, and Its Scale-Up to an Airlift Bioreactor for Enhanced Production. Molecules,28(2) ",https://www.scopus.com/record/display.url?eid=2-s2.0-85146715077&origin=resultslist,10.3390/molecules28020578,Article,Gold|Green,2-s2.0-85146715077,36677637,Universidad Autonoma del Estado de Morelos| Universidad Autónoma Metropolitana| Universidad de Guadalajara| Instituto Politécnico Nacional,505016| 505017| 505019| 505011,Academic,4.0,60014923| 60025626| 60008943| 60019176,Universidad Autónoma Metropolitana| Universidad Autónoma del Estado de Morelos| Universidad de Guadalajara| Instituto Politécnico Nacional,55310002700,56013839300,55310002700| 56013839300,-,Mexico,1.0,1313| 1601| 1602| 1605| 1606| 3002| 3003,Molecular Medicine| Chemistry (miscellaneous)| Analytical Chemistry| Organic Chemistry| Physical and Theoretical Chemistry| Drug Discovery| Pharmaceutical Science,2| 4| 5,Engineering & Technology| Natural Sciences| Life Sciences & Medicine,249| 537| 532| 409,Engineering - Petroleum| Pharmacy & Pharmacology| Medicine| Chemistry,34| 32| 37,Medical and Health| Life Sciences| Physical Sciences,34,Chemical Sciences,3405| 3404,Organic chemistry| Medicinal and biomolecular chemistry,-,Genetic Innovations in Plant Regeneration and Metabolite Production,385,49.182,Enhancing Plant Metabolite Production through Cell Cultures,9126,94.532,Definitive,2023.0,8.0,N/A,"Sánchez-Ramos, M.| Marquina-Bahena, S.| Alvarez, L.| Bernabé-Antonio, A.| Cabañas-García, E.| Román-Guerrero, A.| Cruz-Sosa, F.",Universidad Autonoma del Estado de Morelos| Universidad Autónoma Metropolitana| Universidad de Guadalajara| Instituto Politécnico Nacional,Mexico,0
56013603800,56013603800,MOISTURE SORPTION PROPERTIES AND STORAGE STABILITY CONDITIONS OF A NUTRACEUTICAL SYSTEM MICROENCAPSULATED BY SPRAY DRYING,"Pavón-García, L.M.A.| Gallardo-Rivera, R.| Román-Guerrero, A.| Carrillo-Navas, H.| Rodríguez-Huezo, M.E.| Guadarrama-Lezama, A.Y.| Pérez-Alonso, C.",7.0,39861807000| 57194083929| 56013603800| 51565848600| 6504471198| 42861398100| 6507830886,2015.0,2015-01-01,Revista Mexicana de Ingeniera Quimica,14,3,601-613,-,ISSN-16652738,19900192431.0,Journal,Universidad Autonoma Metropolitana,English,0.61,54,1.1,55,0.269,53,0.0,3.0,8.0,0.11,9.07,46.0,67.0,0.0,0.0,"Pavón-García, L.M.A., Gallardo-Rivera, R., Román-Guerrero, A. and 4 more (...) (2015).MOISTURE SORPTION PROPERTIES AND STORAGE STABILITY CONDITIONS OF A NUTRACEUTICAL SYSTEM MICROENCAPSULATED BY SPRAY DRYING. Revista Mexicana de Ingeniera Quimica,14(3) 601-613",https://www.scopus.com/record/display.url?eid=2-s2.0-85019084806&origin=resultslist,-,Article,,2-s2.0-85019084806,-,Universidad Autónoma Metropolitana,505017,Academic,1.0,101617823| 60028381| 116480422,Facultad de Química| Universidad Autónoma Metropolitana -Unidad Iztapalapa| Tecnológico de Estudios Superiores de Ecatepec,39861807000,6507830886,6507830886,-,Mexico,1.0,1500,General Chemical Engineering,2,Engineering & Technology,219,Engineering - Chemical,36,Engineering,31| 30| 40,"Biological Sciences| Agricultural, Veterinary And Food Sciences| Engineering",3006| 4004| 3106,Food sciences| Chemical engineering| Industrial biotechnology,-,Moisture Dynamics and Energy Efficiency in Drying,817,73.185,Water Activity and Moisture Dynamics,5092,83.705,Definitive,2015.0,8.0,N/A,"Pavón-García, L.M.A.| Gallardo-Rivera, R.| Román-Guerrero, A.| Carrillo-Navas, H.| Rodríguez-Huezo, M.E.| Guadarrama-Lezama, A.Y.| Pérez-Alonso, C.",Universidad Autónoma Metropolitana,Mexico,0
56013603800,56013603800,"Achiote (Bixa orellana) Lipophilic Extract, Bixin, and δ -tocotrienol Effects on Lifespan and Stress Resistance in Caenorhabditis elegans","Gómez-Linton, D.R.| Alavez, S.| Navarro-Ocaña, A.| Román-Guerrero, A.| Pinzón-López, L.| Pérez-Flores, L.J.",6.0,57209241345| 55993649500| 55989787300| 56013603800| 55871895200| 56013751300,2021.0,2021-04-01,Planta Medica,87,5,368-374,-,ISSN-00320943,21744.0,Journal,Georg Thieme Verlag,English,1.09,28,6.2,11,0.572,20,2.76,67.0,8.0,0.65,10.83,41.0,41.0,0.0,0.0,"Gómez-Linton, D.R., Alavez, S., Navarro-Ocaña, A. and 3 more (...) (2021).Achiote (Bixa orellana) Lipophilic Extract, Bixin, and δ -tocotrienol Effects on Lifespan and Stress Resistance in Caenorhabditis elegans. Planta Medica,87(5) 368-374",https://www.scopus.com/record/display.url?eid=2-s2.0-85095846672&origin=resultslist,10.1055/a-1266-6674,Article,,2-s2.0-85095846672,33124008,Universidad Autónoma Metropolitana| Instituto Tecnológico de Conkal| Universidad Nacional Autónoma de México,505017| 717998| 505023,Academic,3.0,60028381| 60014923| 60005847| 60032442| 60095232,"Universidad Autónoma Metropolitana -Unidad Iztapalapa| Universidad Autónoma Metropolitana| Universidad Nacional Autónoma de México, Facultad de Quimica| Universidad Nacional Autónoma de México| Instituto Tecnológico Agropecuario de Conkal",57209241345,56013751300,56013751300,-,Mexico,1.0,1313| 1602| 1605| 2707| 3002| 3003| 3004,Molecular Medicine| Analytical Chemistry| Organic Chemistry| Complementary and Alternative Medicine| Drug Discovery| Pharmaceutical Science| Pharmacology,2| 5| 4,Engineering & Technology| Life Sciences & Medicine| Natural Sciences,532| 409| 537| 249,Medicine| Chemistry| Pharmacy & Pharmacology| Engineering - Petroleum,32| 34| 37,Life Sciences| Medical and Health| Physical Sciences,32,Biomedical And Clinical Sciences,3214,Pharmacology and pharmaceutical sciences,-,Molecular Mechanisms in Aging and Cancer Risk,753,56.377,Caenorhabditis Elegans in Lifespan and Immunity Research,1973,98.622,Very Good,2021.0,8.0,N/A,"Gómez-Linton, D.R.| Alavez, S.| Navarro-Ocaña, A.| Román-Guerrero, A.| Pinzón-López, L.| Pérez-Flores, L.J.",Universidad Autónoma Metropolitana| Instituto Tecnológico de Conkal| Universidad Nacional Autónoma de México,Mexico,0
56013603800,56013603800,Liquid-liquid and liquid-solid separation in self-assembled chitosan-alginate and chitosan-pectin complexes,"García-Jiménez, A.| Román-Guerrero, A.| Pérez-Alonso, C.| Fouconnier, B.",4.0,57976938200| 56013603800| 6507830886| 6507932308,2022.0,2022-12-31,International Journal of Biological Macromolecules,223,-,1368-1380,-,ISSN-01418130,17544.0,Journal,Elsevier B.V.,English,1.52,13,14.5,6,1.187,14,3.04,59.0,7.0,0.42,14.35,39.0,53.0,0.0,0.0,"García-Jiménez, A., Román-Guerrero, A., Pérez-Alonso, C. and 1 more (...) (2022).Liquid-liquid and liquid-solid separation in self-assembled chitosan-alginate and chitosan-pectin complexes. International Journal of Biological Macromolecules,2231368-1380",https://www.scopus.com/record/display.url?eid=2-s2.0-85142417948&origin=resultslist,10.1016/j.ijbiomac.2022.11.091,Article,,2-s2.0-85142417948,36395941,Universidad Autónoma Metropolitana| Universidad Autonoma del Estado de Mexico| Universidad Veracruzana,505017| 505051| 505056,Academic,3.0,60028381| 60002281| 60007909,Universidad Autónoma Metropolitana -Unidad Iztapalapa| Universidad Autónoma del Estado de México| Universidad Veracruzana,57976938200,6507932308,56013603800,-,Mexico,1.0,1303| 1312| 1315,Biochemistry| Molecular Biology| Structural Biology,5,Life Sciences & Medicine,507,Biological Sciences,32,Life Sciences,31,Biological Sciences,3101,Biochemistry and cell biology,-,Protein Emulsification and Functional Food Applications,582,95.487,Coacervation Mechanisms in Protein-Polysaccharide Interactions,9750,97.754,Very Good,2022.0,7.0,N/A,"García-Jiménez, A.| Román-Guerrero, A.| Pérez-Alonso, C.| Fouconnier, B.",Universidad Autónoma Metropolitana| Universidad Autonoma del Estado de Mexico| Universidad Veracruzana,Mexico,0
56013603800,56013603800,Environmentally friendly achiote seed extracts with higher δ-tocotrienol content have higher in vitro and in vivo antioxidant activity than the conventional extract,"Gómez-Linton, D.R.| Navarro-Ocaña, A.| Román-Guerrero, A.| Alavez, S.| Pinzón-López, L.| Mendoza-Espinoza, J.A.| Pérez-Flores, L.J.",7.0,57209241345| 55989787300| 56013603800| 55993649500| 55871895200| 56002729700| 56013751300,2021.0,2021-07-01,Journal of Food Science and Technology,58,7,2579-2588,-,ISSN-00221155,20617.0,Journal,Springer,English,1.17,24,5.3,24,0.64,27,2.18,69.0,7.0,0.46,13.13,44.0,50.0,0.0,0.0,"Gómez-Linton, D.R., Navarro-Ocaña, A., Román-Guerrero, A. and 4 more (...) (2021).Environmentally friendly achiote seed extracts with higher δ-tocotrienol content have higher in vitro and in vivo antioxidant activity than the conventional extract. Journal of Food Science and Technology,58(7) 2579-2588",https://www.scopus.com/record/display.url?eid=2-s2.0-85091820584&origin=resultslist,10.1007/s13197-020-04764-0,Article,Green,2-s2.0-85091820584,-,Universidad Autónoma Metropolitana| Universidad Autonoma de la Ciudad de Mexico| Instituto Tecnológico de Conkal| Universidad Nacional Autónoma de México,505017| 708454| 717998| 505023,Academic,4.0,60028381| 60014923| 60005847| 60032442| 60112837| 60095232| 60094425,"Universidad Autónoma Metropolitana -Unidad Iztapalapa| Universidad Autónoma Metropolitana| Universidad Nacional Autónoma de México, Facultad de Quimica| Universidad Nacional Autónoma de México| Universidad Autónoma Metropolitana-Lerma| Instituto Tecnológico Agropecuario de Conkal| Universidad Autónoma de la Ciudad de México",57209241345,56013751300,56013751300,-,Mexico,1.0,1106,Food Science,5,Life Sciences & Medicine,502,Agriculture & Forestry,32,Life Sciences,40| 30,"Engineering| Agricultural, Veterinary And Food Sciences",3006| 4004,Food sciences| Chemical engineering,-,Carotenoid Dynamics in Nutrition and Health,1002,62.525,Bixa Orellana: Carotenoid Applications and Benefits,36625,78.239,Very Good,2021.0,7.0,N/A,"Gómez-Linton, D.R.| Navarro-Ocaña, A.| Román-Guerrero, A.| Alavez, S.| Pinzón-López, L.| Mendoza-Espinoza, J.A.| Pérez-Flores, L.J.",Universidad Autónoma Metropolitana| Universidad Autonoma de la Ciudad de Mexico| Instituto Tecnológico de Conkal| Universidad Nacional Autónoma de México,Mexico,0
56013603800,56013603800,Whole-cell bioconversion of naringenin to high added value hydroxylated compounds using Yarrowia lipolytica 2.2ab in surface and liquid cultures,"Hernández-Guzmán, C.| Prado-Barragán, A.| Gimeno, M.| Román-Guerrero, A.| Rutiaga-Quiñones, O.M.| Rocha Guzmán, N.E.| Huerta-Ochoa, S.",7.0,57837739800| 57215578398| 16686213300| 56013603800| 36129624500| 55993707400| 12144465900,2020.0,2020-07-01,Bioprocess and Biosystems Engineering,43,7,1219-1230,-,ISSN-16157591,15419.0,Journal,Springer,English,0.86,40,4.5,36,0.628,41,0.96,40.0,7.0,0.13,15.38,47.0,71.0,0.0,0.0,"Hernández-Guzmán, C., Prado-Barragán, A., Gimeno, M. and 4 more (...) (2020).Whole-cell bioconversion of naringenin to high added value hydroxylated compounds using Yarrowia lipolytica 2.2ab in surface and liquid cultures. Bioprocess and Biosystems Engineering,43(7) 1219-1230",https://www.scopus.com/record/display.url?eid=2-s2.0-85081214168&origin=resultslist,10.1007/s00449-020-02316-6,Article,,2-s2.0-85081214168,32144595,"Tecnológico Nacional de México, Mexico City| Universidad Autónoma Metropolitana| Universidad Nacional Autónoma de México",719128| 505017| 505023,Academic,3.0,60028381| 60032442| 60134870,Universidad Autónoma Metropolitana -Unidad Iztapalapa| Universidad Nacional Autónoma de México| Tecnológico Nacional de México,57837739800,12144465900,12144465900,-,Mexico,1.0,1305| 1502,Biotechnology| Bioengineering,5| 2,Life Sciences & Medicine| Engineering & Technology,507| 219,Biological Sciences| Engineering - Chemical,36| 32,Engineering| Life Sciences,31| 40,Biological Sciences| Engineering,3106| 4004,Industrial biotechnology| Chemical engineering,-,Synthetic Biology Models in Metabolic Engineering,560,70.7,Metabolic Engineering for Enhanced Natural Product Synthesis,5229,99.207,Defensible,2020.0,7.0,N/A,"Hernández-Guzmán, C.| Prado-Barragán, A.| Gimeno, M.| Román-Guerrero, A.| Rutiaga-Quiñones, O.M.| Rocha Guzmán, N.E.| Huerta-Ochoa, S.","Tecnológico Nacional de México, Mexico City| Universidad Autónoma Metropolitana| Universidad Nacional Autónoma de México",Mexico,0
56013603800,56013603800,"CONTENIDO Conventional and non-conventional extraction of functional compounds from jiotilla (Escontria chiotilla) fruits and evaluation of their antioxidant activity Volumen 8, número 3, 2009 / Volume 8, number 3, 2009","Franco-Vásquez, D.C.| Carreón-Hidalgo, J.P.| Gómez-Linton, D.R.| Román-Guerrero, A.| Franco-Vásquez, A.M.| Arreguín-Espinosa, R.| Alavez, S.| Pérez-Flores, L.J.",8.0,57219257314| 57365034500| 57209241345| 56013603800| 57457955500| 56074241200| 55993649500| 56013751300,2023.0,2023-01-01,Revista Mexicana de Ingeniera Quimica,22,1,-,Alim2963,ISSN-16652738,19900192431.0,Journal,Universidad Autonoma Metropolitana,English,0.36,74,3.6,50,0.266,61,1.54,33.0,6.0,0.46,13.01,34.0,51.0,0.0,0.0,"Franco-Vásquez, D.C., Carreón-Hidalgo, J.P., Gómez-Linton, D.R. and 5 more (...) (2023).CONTENIDO Conventional and non-conventional extraction of functional compounds from jiotilla (Escontria chiotilla) fruits and evaluation of their antioxidant activity Volumen 8, número 3, 2009 / Volume 8, number 3, 2009. Revista Mexicana de Ingeniera Quimica,22(1) ",https://www.scopus.com/record/display.url?eid=2-s2.0-85145931332&origin=resultslist,10.24275/rmiq/Alim2963,Article,Hybrid gold,2-s2.0-85145931332,-,Universidad Autónoma Metropolitana| Universidad Nacional Autónoma de México,505017| 505023,Academic,2.0,60028381| 60112837| 60032442,Universidad Autónoma Metropolitana -Unidad Iztapalapa| Universidad Autónoma Metropolitana-Lerma| Universidad Nacional Autónoma de México,57219257314,56013751300,56013751300,-,Mexico,1.0,1500,General Chemical Engineering,2,Engineering & Technology,219,Engineering - Chemical,36,Engineering,30| 31| 40,"Agricultural, Veterinary And Food Sciences| Biological Sciences| Engineering",3106| 4004| 3006,Industrial biotechnology| Chemical engineering| Food sciences,-,Antioxidant Compounds and Their Medicinal Potential,6,97.711,Betalains: Antioxidant Pigments in Food Applications,9172,97.792,Definitive,2023.0,6.0,N/A,"Franco-Vásquez, D.C.| Carreón-Hidalgo, J.P.| Gómez-Linton, D.R.| Román-Guerrero, A.| Franco-Vásquez, A.M.| Arreguín-Espinosa, R.| Alavez, S.| Pérez-Flores, L.J.",Universidad Autónoma Metropolitana| Universidad Nacional Autónoma de México,Mexico,0
56013603800,56013603800,"Vaccinium leucanthum schlechtendahl fruit, a new source of dietary fiber and antioxidant compounds","Sánchez-Franco, J.A.| Ayala-Niño, A.| Cariño-Cortés, R.| Hernández-Fuentes, A.D.| Castañeda-Ovando, A.| Campos-Montiely, R.G.| Román-Guerrero, A.| Jiménez-Alvarado, R.",8.0,57192265783| 57204670725| 16202139700| 24174200300| 56002704800| 6506346023| 56013603800| 6504756634,2019.0,2019-09-01,Revista Mexicana de Ingeniera Quimica,18,3,901-911,-,ISSN-16652738,19900192431.0,Journal,Universidad Autonoma Metropolitana Iztapalapa,English,0.58,59,1.7,57,0.277,55,1.61,63.0,5.0,0.15,13.0,54.0,68.0,0.0,0.0,"Sánchez-Franco, J.A., Ayala-Niño, A., Cariño-Cortés, R. and 5 more (...) (2019).Vaccinium leucanthum schlechtendahl fruit, a new source of dietary fiber and antioxidant compounds. Revista Mexicana de Ingeniera Quimica,18(3) 901-911",https://www.scopus.com/record/display.url?eid=2-s2.0-85071175339&origin=resultslist,10.24275/uam/izt/dcbi/revmexingquim/2019v18n3/Sanchez,Article,Hybrid gold,2-s2.0-85071175339,-,Universidad Autónoma Metropolitana| Universidad Autonoma del Estado de Hidalgo,505017| 505050,Academic,2.0,60027135| 60028381,Universidad Autónoma del Estado de Hidalgo| Universidad Autónoma Metropolitana -Unidad Iztapalapa,57192265783,6504756634,6504756634,-,Mexico,1.0,1500,General Chemical Engineering,2,Engineering & Technology,219,Engineering - Chemical,36,Engineering,31| 30| 40,"Biological Sciences| Agricultural, Veterinary And Food Sciences| Engineering",3006| 4004| 3106,Food sciences| Chemical engineering| Industrial biotechnology,-,Anthocyanins and Their Multifaceted Health Benefits,771,79.987,Anthocyanin-Rich Plant Extracts and Health Benefits,1120,99.215,Very Good,2019.0,5.0,N/A,"Sánchez-Franco, J.A.| Ayala-Niño, A.| Cariño-Cortés, R.| Hernández-Fuentes, A.D.| Castañeda-Ovando, A.| Campos-Montiely, R.G.| Román-Guerrero, A.| Jiménez-Alvarado, R.",Universidad Autónoma Metropolitana| Universidad Autonoma del Estado de Hidalgo,Mexico,0
56013603800,56013603800,Hybrid microspheres and percolated monoliths synthesized via pickering emulsion co-polymerization stabilized by in situ surface-modified silica nanoparticles,"Fouconnier, B.| López-Serrano, F.| Puente Lee, R.I.| Terrazas-Rodríguez, J.E.| Román-Guerrero, A.| Barrera, M.C.| Escobar, J.",7.0,6507932308| 36995481000| 56648052500| 36495709400| 56013603800| 36988533600| 55993632200,2021.0,2021-01-01,Express Polymer Letters,15,6,554-567,-,ISSN-1788618X,11200153519.0,Journal,BME-PT and GTE,English,1.1,27,6.6,16,0.657,21,2.52,70.0,5.0,0.31,12.91,51.0,59.0,0.0,0.0,"Fouconnier, B., López-Serrano, F., Puente Lee, R.I. and 4 more (...) (2021).Hybrid microspheres and percolated monoliths synthesized via pickering emulsion co-polymerization stabilized by in situ surface-modified silica nanoparticles. Express Polymer Letters,15(6) 554-567",https://www.scopus.com/record/display.url?eid=2-s2.0-85104272494&origin=resultslist,10.3144/expresspolymlett.2021.47,Article,Gold|Green,2-s2.0-85104272494,-,Universidad Autónoma Metropolitana| Instituto Mexicano del Petroleo| Universidad Nacional Autónoma de México| Universidad Veracruzana,505017| 505005| 505023| 505056,Government| Academic,4.0,60007909| 60032442| 60028381| 60019271,Universidad Veracruzana| Universidad Nacional Autónoma de México| Universidad Autónoma Metropolitana -Unidad Iztapalapa| Instituto Mexicano Del Petroleo,6507932308,55993632200,6507932308,-,Mexico,1.0,1500| 1605| 1606| 2505| 2507,General Chemical Engineering| Organic Chemistry| Physical and Theoretical Chemistry| Materials Chemistry| Polymers and Plastics,2| 4,Engineering & Technology| Natural Sciences,249| 409| 219| 433,Engineering - Petroleum| Chemistry| Engineering - Chemical| Materials Science,36| 37,Engineering| Physical Sciences,40| 34,Engineering| Chemical Sciences,3403| 4016,Macromolecular and materials chemistry| Materials engineering,-,Foam and Perfluoroalkyl Substances in Environmental Applications,888,95.553,Nanoparticle Interfaces in Capillary Suspension Systems,57732,95.056,Defensible,2021.0,5.0,N/A,"Fouconnier, B.| López-Serrano, F.| Puente Lee, R.I.| Terrazas-Rodríguez, J.E.| Román-Guerrero, A.| Barrera, M.C.| Escobar, J.",Universidad Autónoma Metropolitana| Instituto Mexicano del Petroleo| Universidad Nacional Autónoma de México| Universidad Veracruzana,Mexico,0
56013603800,56013603800,Optimization of the Extraction Process of Bioactive Compounds from Red Fruits of Stenocereus stellatus: Response Surface Methodology (RSM),"Cervantes-Arista, C.| García-Jiménez, A.| Trujillo-Ramírez, D.| Díaz de León-Sánchez, F.| Mendoza-Espinoza, J.A.| Román-Guerrero, A.| Martínez-Velasco, A.",7.0,57210643271| 57976938200| 57200720193| 25649284800| 56002729700| 56013603800| 57200696660,2024.0,2024-08-01,Food Analytical Methods,17,8,1241-1253,-,ISSN-19369751,14500154701.0,Journal,Springer,English,0.84,39,6.7,10,0.541,33,1.82,31.0,4.0,0.63,6.39,32.0,42.0,0.0,0.0,"Cervantes-Arista, C., García-Jiménez, A., Trujillo-Ramírez, D. and 4 more (...) (2024).Optimization of the Extraction Process of Bioactive Compounds from Red Fruits of Stenocereus stellatus: Response Surface Methodology (RSM). Food Analytical Methods,17(8) 1241-1253",https://www.scopus.com/record/display.url?eid=2-s2.0-85195879169&origin=resultslist,10.1007/s12161-024-02645-2,Article,,2-s2.0-85195879169,-,Consejo Nacional de Ciencia y Tecnologia Mexico| Universidad Autónoma de Tamaulipas| Universidad Autónoma Metropolitana| Universidad Autonoma de la Ciudad de Mexico,704696| 714293| 505017| 708454,Academic| Government,4.0,60014923| 60028381| 60019607| 60094425| 60027998,"Universidad Autónoma Metropolitana| Universidad Autónoma Metropolitana -Unidad Iztapalapa| Universidad Autónoma de Tamaulipas| Universidad Autónoma de la Ciudad de México| Secretaría de Ciencia, Humanidades, Tecnología e Innovación",57210643271,57200696660,57200720193,-,Mexico,1.0,1106| 1602| 2213| 2402| 3311,"Food Science| Analytical Chemistry| Safety, Risk, Reliability and Quality| Applied Microbiology and Biotechnology| Safety Research",3| 5| 2| 4,Social Sciences & Management| Life Sciences & Medicine| Engineering & Technology| Natural Sciences,249| 409| 507| 502,Engineering - Petroleum| Chemistry| Biological Sciences| Agriculture & Forestry,37| 32| 40| 36,Physical Sciences| Life Sciences| Social Sciences| Engineering,30,"Agricultural, Veterinary And Food Sciences",3006,Food sciences,-,Antioxidant Compounds and Their Medicinal Potential,6,97.711,Betalains: Antioxidant Pigments in Food Applications,9172,97.792,Definitive,2024.0,4.0,N/A,"Cervantes-Arista, C.| García-Jiménez, A.| Trujillo-Ramírez, D.| Díaz de León-Sánchez, F.| Mendoza-Espinoza, J.A.| Román-Guerrero, A.| Martínez-Velasco, A.",Consejo Nacional de Ciencia y Tecnologia Mexico| Universidad Autónoma de Tamaulipas| Universidad Autónoma Metropolitana| Universidad Autonoma de la Ciudad de Mexico,Mexico,0
56013603800,56013603800,Extraction of Lipophilic Antioxidants from Native Tomato Using Green Technologies,"Gómez-Linton, D.R.| Navarro-Ocaña, A.| Alavez, S.| Lobato-Ortiz, R.| Román-Guerrero, A.| Espinoza, J.A.M.| Villa-Hernández, J.M.| Pérez-Flores, L.J.",8.0,57209241345| 55989787300| 55993649500| 56002667100| 56013603800| 57604228100| 55782192900| 56013751300,2022.0,2022-01-01,Food Technology and Biotechnology,60,1,121-131,-,ISSN-13309862,15632.0,Journal,University of Zagreb,English,0.76,45,4,35,0.437,42,2.18,58.0,3.0,0.2,14.86,56.0,68.0,0.0,0.0,"Gómez-Linton, D.R., Navarro-Ocaña, A., Alavez, S. and 5 more (...) (2022).Extraction of Lipophilic Antioxidants from Native Tomato Using Green Technologies. Food Technology and Biotechnology,60(1) 121-131",https://www.scopus.com/record/display.url?eid=2-s2.0-85128578053&origin=resultslist,10.17113/ftb.60.01.22.7366,Article,Gold|Green,2-s2.0-85128578053,-,Universidad Autónoma Metropolitana| Universidad Autonoma de la Ciudad de Mexico| Colegio de Postgraduados| Universidad Nacional Autónoma de México,505017| 708454| 505003| 505023,Academic,4.0,60014923| 60032442| 60033065| 60094425,Universidad Autónoma Metropolitana| Universidad Nacional Autónoma de México| Colegio De Postgraduados Campus Montecillo| Universidad Autónoma de la Ciudad de México,57209241345,56013751300,56013751300,-,Mexico,1.0,1106| 1305| 1500| 2209,Food Science| Biotechnology| General Chemical Engineering| Industrial and Manufacturing Engineering,5| 2,Life Sciences & Medicine| Engineering & Technology,222| 502| 219| 507,Engineering - Mechanical| Agriculture & Forestry| Engineering - Chemical| Biological Sciences,36| 32,Engineering| Life Sciences,31| 30,"Biological Sciences| Agricultural, Veterinary And Food Sciences",3106| 3006,Industrial biotechnology| Food sciences,SDG 7,Carotenoid Dynamics in Nutrition and Health,1002,62.525,Lycopene's Antioxidant Role in Health Benefits,3584,97.543,Definitive,2022.0,3.0,N/A,"Gómez-Linton, D.R.| Navarro-Ocaña, A.| Alavez, S.| Lobato-Ortiz, R.| Román-Guerrero, A.| Espinoza, J.A.M.| Villa-Hernández, J.M.| Pérez-Flores, L.J.",Universidad Autónoma Metropolitana| Universidad Autonoma de la Ciudad de Mexico| Colegio de Postgraduados| Universidad Nacional Autónoma de México,Mexico,0
56013603800,56013603800,"Evaluation of physicochemical, Theological, textural and thermal properties of Mexican manchego-type cheese manufactured from goaťs milk","Ortíz-Deleón, A.M.| Ramírez-Santiago, C.| Sandoval-Castilla, O.| Román-Guerrero, A.| Aguirre-Mandujano, E.",5.0,58318268800| 6505511889| 6506641565| 56013603800| 6505894687,2023.0,2023-01-01,Revista Mexicana de Ingeniera Quimica,22,1,-,Alim3012,ISSN-16652738,19900192431.0,Journal,Universidad Autonoma Metropolitana,English,0.36,74,3.6,50,0.266,61,2.29,49.0,2.0,0.15,13.01,56.0,70.0,0.0,0.0,"Ortíz-Deleón, A.M., Ramírez-Santiago, C., Sandoval-Castilla, O. and 2 more (...) (2023).Evaluation of physicochemical, Theological, textural and thermal properties of Mexican manchego-type cheese manufactured from goaťs milk. Revista Mexicana de Ingeniera Quimica,22(1) ",https://www.scopus.com/record/display.url?eid=2-s2.0-85162274297&origin=resultslist,10.24275/rmiq/Alim3012,Article,Hybrid gold,2-s2.0-85162274297,-,Universidad Autónoma Metropolitana| Universidad Autonoma Chapingo,505017| 505047,Academic,2.0,60010597| 60028381,Universidad Autónoma Chapingo| Universidad Autónoma Metropolitana -Unidad Iztapalapa,58318268800,6505894687,6506641565| 56013603800,-,Mexico,1.0,1500,General Chemical Engineering,2,Engineering & Technology,219,Engineering - Chemical,36,Engineering,31| 40| 30,"Biological Sciences| Engineering| Agricultural, Veterinary And Food Sciences",3006| 4004| 3106,Food sciences| Chemical engineering| Industrial biotechnology,-,Bacteriophage Applications in Food Safety and Health,491,85.546,Proteolysis and Texture Dynamics in Cheese Production,1718,94.009,Definitive,2023.0,2.0,N/A,"Ortíz-Deleón, A.M.| Ramírez-Santiago, C.| Sandoval-Castilla, O.| Román-Guerrero, A.| Aguirre-Mandujano, E.",Universidad Autónoma Metropolitana| Universidad Autonoma Chapingo,Mexico,0
56013603800,56013603800,Postharvest Preservation of Cactus Fruits (Stenocereus pruinosus and Stenocereus stellatus) Produced in Semidesertic Area of Oaxaca by Biopolymer Coatings,"Hernandez-Valencia, C.G.| Shirai, K.| Mejía, P.| Blanco, S.| Guerrero, A.R.| Lourdes Yáñez López, M.| Escalona, H.",7.0,57205406851| 55993639400| 57214693032| 57214681212| 56013603800| 57214669556| 57194437346,2016.0,2016-01-01,International Journal of Interdisciplinary Social Sciences,11,1,15-26,-,ISSN-18331882,19900193276.0,Journal,Common Ground Research Networks,English,0,94,-,-,0.103,94,0.0,32.0,2.0,0.31,3.26,67.0,56.0,0.0,0.0,"Hernandez-Valencia, C.G., Shirai, K., Mejía, P. and 4 more (...) (2016).Postharvest Preservation of Cactus Fruits (Stenocereus pruinosus and Stenocereus stellatus) Produced in Semidesertic Area of Oaxaca by Biopolymer Coatings. International Journal of Interdisciplinary Social Sciences,11(1) 15-26",https://www.scopus.com/record/display.url?eid=2-s2.0-85060174035&origin=resultslist,10.18848/1833-1882/CGP/15-26,Article,,2-s2.0-85060174035,-,Universidad Autónoma Metropolitana,505017,Academic,1.0,60014923,Universidad Autónoma Metropolitana,57205406851,57194437346,-,-,Mexico,1.0,3300,General Social Sciences,3,Social Sciences & Management,-,-,40,Social Sciences,44| 35,"Human Society| Commerce, Management, Tourism And Services",4409| 3506| 4410,Social work| Marketing| Sociology,-,Antioxidant Compounds and Their Medicinal Potential,6,97.711,Betalains: Antioxidant Pigments in Food Applications,9172,97.792,Defensible,2016.0,2.0,N/A,"Hernandez-Valencia, C.G.| Shirai, K.| Mejía, P.| Blanco, S.| Guerrero, A.R.| Lourdes Yáñez López, M.| Escalona, H.",Universidad Autónoma Metropolitana,Mexico,0
56013603800,56013603800,EFFECT OF Cr AND Pb ON THE ACTIVITY OF ANTIOXIDANT ENZYMES IN A CELL SUSPENSION CULTURE OF Jatropha curcas,"Valadez-Villarreal, A.| Maldonado-Magaña, A.| Bernabé-Antonio, A.| Estrada-Zúñiga, M.E.| Román-Guerrero, A.| Cruz-Sosa, F.",6.0,59698235500| 36509066000| 36543544800| 56013573600| 56013603800| 56013839300,2015.0,2015-01-01,Revista Mexicana de Ingeniera Quimica,14,3,681-689,-,ISSN-16652738,19900192431.0,Journal,Universidad Autonoma Metropolitana,English,0.61,54,1.1,55,0.269,53,0.0,0.0,2.0,0.0,9.07,66.0,69.0,0.0,0.0,"Valadez-Villarreal, A., Maldonado-Magaña, A., Bernabé-Antonio, A. and 3 more (...) (2015).EFFECT OF Cr AND Pb ON THE ACTIVITY OF ANTIOXIDANT ENZYMES IN A CELL SUSPENSION CULTURE OF Jatropha curcas. Revista Mexicana de Ingeniera Quimica,14(3) 681-689",https://www.scopus.com/record/display.url?eid=2-s2.0-105000392930&origin=resultslist,-,Article,,2-s2.0-105000392930,-,Universidad Autonoma del Estado de Morelos| Universidad Autónoma Metropolitana| Universidad Autonoma del Estado de Mexico| Universidad de Guadalajara,505016| 505017| 505051| 505019,Academic,4.0,60028381| 132379469| 60025626| 60017272| 60008943| 60002281,Universidad Autónoma Metropolitana -Unidad Iztapalapa| Universidad Tecnológica de Tabasco| Universidad Autónoma del Estado de Morelos| Centro de Investigaciones Quimicas| Universidad de Guadalajara| Universidad Autónoma del Estado de México,59698235500,56013839300,56013839300,-,Mexico,1.0,1500,General Chemical Engineering,2,Engineering & Technology,219,Engineering - Chemical,36,Engineering,31| 40| 30,"Biological Sciences| Engineering| Agricultural, Veterinary And Food Sciences",3106| 4004| 3006,Industrial biotechnology| Chemical engineering| Food sciences,-,Arsenic Contamination in Soil and Water Systems,225,93.787,Heavy Metal Accumulation and Antioxidant Mechanisms in Plants,359,99.548,Definitive,2015.0,2.0,N/A,"Valadez-Villarreal, A.| Maldonado-Magaña, A.| Bernabé-Antonio, A.| Estrada-Zúñiga, M.E.| Román-Guerrero, A.| Cruz-Sosa, F.",Universidad Autonoma del Estado de Morelos| Universidad Autónoma Metropolitana| Universidad Autonoma del Estado de Mexico| Universidad de Guadalajara,Mexico,0
56013603800,56013603800,Water-in-oil nanoemulsions loaded with Ardisia compressa K. bioactive compounds: evaluation of their physicochemical stability and functional activities,"Joaquín-Cruz, E.| Hernández-Rodríguez, L.| Jiménez-Alvarado, R.| Alonso-Carrillo, N.| Cruz-Sosa, F.| Roman-Guerrero, A.",6.0,55882983400| 55899376700| 6504756634| 57193928358| 56013839300| 56013603800,2022.0,2022-01-01,Journal of Dispersion Science and Technology,43,8,1121-1134,-,ISSN-01932691,26952.0,Journal,Taylor and Francis Ltd.,English,0.65,53,4.6,38,0.357,54,1.79,58.0,1.0,0.0,12.89,70.0,80.0,0.0,0.0,"Joaquín-Cruz, E., Hernández-Rodríguez, L., Jiménez-Alvarado, R. and 3 more (...) (2022).Water-in-oil nanoemulsions loaded with Ardisia compressa K. bioactive compounds: evaluation of their physicochemical stability and functional activities. Journal of Dispersion Science and Technology,43(8) 1121-1134",https://www.scopus.com/record/display.url?eid=2-s2.0-85096519546&origin=resultslist,10.1080/01932691.2020.1848573,Article,,2-s2.0-85096519546,-,Universidad Autónoma Metropolitana| Universidad Autonoma del Estado de Hidalgo| Universidad Autonoma Chapingo,505017| 505050| 505047,Academic,3.0,60028381| 60010597| 60027135,Universidad Autónoma Metropolitana -Unidad Iztapalapa| Universidad Autónoma Chapingo| Universidad Autónoma del Estado de Hidalgo,55882983400,56013603800,56013603800,-,Mexico,1.0,1606| 2507| 2508,"Physical and Theoretical Chemistry| Polymers and Plastics| Surfaces, Coatings and Films",4| 2,Natural Sciences| Engineering & Technology,433| 409| 249,Materials Science| Chemistry| Engineering - Petroleum,37| 36,Physical Sciences| Engineering,34,Chemical Sciences,3406,Physical chemistry,-,Innovative Drug Delivery Systems for Enhanced Absorption,147,89.47,Nanoemulsions in Drug Delivery and Food Applications,5906,98.824,Very Good,2022.0,1.0,N/A,"Joaquín-Cruz, E.| Hernández-Rodríguez, L.| Jiménez-Alvarado, R.| Alonso-Carrillo, N.| Cruz-Sosa, F.| Roman-Guerrero, A.",Universidad Autónoma Metropolitana| Universidad Autonoma del Estado de Hidalgo| Universidad Autonoma Chapingo,Mexico,0
56013603800,56013603800,"Moisture sorption isotherms, thermodynamic properties and sorption properties of walnut flavor microcapsules","Velázquez-Gutiérrez, S.K.| Román-Guerrero, A.| Cortés-Camargo, S.| Cruz-Olivares, J.| Fabela-Morón, M.F.| Pérez-Alonso, C.",6.0,56483286600| 56013603800| 56971571100| 22956893200| 57200728387| 6507830886,2024.0,2024-01-01,Revista Mexicana de Ingeniera Quimica,23,3,-,Alim24307,ISSN-16652738,19900192431.0,Journal,Universidad Autonoma Metropolitana,English,0.4,72,2.6,59,0.238,68,0.92,14.0,0.0,0.0,8.56,70.0,70.0,0.0,0.0,"Velázquez-Gutiérrez, S.K., Román-Guerrero, A., Cortés-Camargo, S. and 3 more (...) (2024).Moisture sorption isotherms, thermodynamic properties and sorption properties of walnut flavor microcapsules. Revista Mexicana de Ingeniera Quimica,23(3) ",https://www.scopus.com/record/display.url?eid=2-s2.0-85204483923&origin=resultslist,10.24275/rmiq/Alim24307,Article,Bronze,2-s2.0-85204483923,-,Universidad Autónoma Metropolitana| Universidad Autonoma del Estado de Mexico,505017| 505051,Academic,2.0,60002281| 60028381| 128533437| 60112837,Universidad Autónoma del Estado de México| Universidad Autónoma Metropolitana -Unidad Iztapalapa| Universidad Tecnológica de Zinacantepec (UTZIN)| Universidad Autónoma Metropolitana-Lerma,56483286600,6507830886,6507830886,-,Mexico,1.0,1500,General Chemical Engineering,2,Engineering & Technology,219,Engineering - Chemical,36,Engineering,40| 30| 31,"Engineering| Agricultural, Veterinary And Food Sciences| Biological Sciences",4004| 3006| 3106,Chemical engineering| Food sciences| Industrial biotechnology,-,Moisture Dynamics and Energy Efficiency in Drying,817,73.185,Water Activity and Moisture Dynamics,5092,83.705,Definitive,2024.0,0.0,N/A,"Velázquez-Gutiérrez, S.K.| Román-Guerrero, A.| Cortés-Camargo, S.| Cruz-Olivares, J.| Fabela-Morón, M.F.| Pérez-Alonso, C.",Universidad Autónoma Metropolitana| Universidad Autonoma del Estado de Mexico,Mexico,0
