Autor,Autor_ID,Title,Authors,Number of Authors,Scopus Author Ids,Year,Full date,Scopus Source title,Volume,Issue,Pages,Article number,ISSN,Source ID,Source type,Publisher,Language,SNIP (publication year),SNIP percentile (publication year) *,CiteScore (publication year),CiteScore percentile (publication year) *,SJR (publication year),SJR percentile (publication year) *,Field-Weighted View Impact,Views,Citations,Field-Weighted Citation Impact,Field-Citation Average,"Outputs in Top Citation Percentiles, per percentile","Field-Weighted Outputs in Top Citation Percentiles, per percentile",Main patent families,Policy citations,Reference,Abstract,DOI,Publication type,Open Access,EID,PubMed ID,Institutions,Institution IDs,Sector,Number of Institutions,Scopus Affiliation IDs,Scopus Affiliation names,Scopus Author ID First Author,Scopus Author ID Last Author,Scopus Author ID Corresponding Author,Scopus Author ID Single Author,Country/Region,Number of Countries/Regions,All Science Journal Classification (ASJC) code,All Science Journal Classification (ASJC) field name,Quacquarelli Symonds (QS) Subject area code,Quacquarelli Symonds (QS) Subject area field name,Quacquarelli Symonds (QS) Subject code,Quacquarelli Symonds (QS) Subject field name,Times Higher Education (THE) code,Times Higher Education (THE) field name,ANZSRC FoR (2020) parent code,ANZSRC FoR (2020) parent name,ANZSRC FoR (2020) code,ANZSRC FoR (2020) name,Sustainable Development Goals (2025),Topic Cluster name,Topic Cluster number,Topic Cluster Prominence Percentile,Topic name,Topic number,Topic Prominence Percentile,Publication link to Topic strength,Año,Citas,Colaboracion,Autores,Instituciones,Regiones,Instituciones_Nacionales
7004904219,7004904219,Mammary analogue secretory carcinoma (MASC) of salivary gland in four mexican patients,"Serrano-Arévalo, M.L.| Mosqueda-Taylor, A.| Domínguez-Malagón, H.| Michal, M.",4.0,56467990700| 7004904219| 55993692100| 37015849600,2015.0,2015-01-01,"Medicina Oral, Patologia Oral y Cirugia Bucal",20,1,e23-e29,-,ISSN-16984447,144622.0,Journal,"Medicina Oral, Patologia Oral y Cirugia Bucal",English,1.43,13,2.9,23,0.663,28,1.76,28.0,42.0,2.24,5.36,14.0,12.0,0.0,0.0,"Serrano-Arévalo, M.L., Mosqueda-Taylor, A., Domínguez-Malagón, H. and 1 more (...) (2015).Mammary analogue secretory carcinoma (MASC) of salivary gland in four mexican patients. Medicina Oral, Patologia Oral y Cirugia Bucal,20(1) e23-e29",https://www.scopus.com/record/display.url?eid=2-s2.0-84920268658&origin=resultslist,10.4317/medoral.19874,Article,Gold|Green,2-s2.0-84920268658,25481229,Universidad Autónoma Metropolitana| Instituto Nacional de Cancerologia - Mexico,505017| 505036,Government| Academic,2.0,60019825| 60010210| 114865933,"Instituto Nacional de Cancerologia, México| Universidad Autónoma Metropolitana Unidad Xochimilco| Sikl’s Department of Pathology",56467990700,37015849600,56467990700,-,Mexico| Czech Republic,2.0,2733| 2746| 3500,Otorhinolaryngology| Surgery| General Dentistry,5,Life Sciences & Medicine,532| 514,Medicine| Dentistry,34,Medical and Health,32,Biomedical And Clinical Sciences,3203,Dentistry,SDG 3,Salivary Gland Tumors and Congenital Conditions,572,28.777,Salivary Gland Neoplasms and NTRK Fusions,16658,93.407,Definitive,2015.0,42.0,N/A,"Serrano-Arévalo, M.L.| Mosqueda-Taylor, A.| Domínguez-Malagón, H.| Michal, M.",Universidad Autónoma Metropolitana| Instituto Nacional de Cancerologia - Mexico,Mexico| Czech Republic,0
7004904219,7004904219,Oral Squamous Cell Carcinoma Frequency in Young Patients from Referral Centers Around the World,"Ferreira e Costa, R.| Leão, M.L.B.| Sant’Ana, M.S.P.| Mesquita, R.A.| Gomez, R.S.| Santos-Silva, A.R.| Khurram, S.A.| Tailor, A.| Schouwstra, C.-M.| Robinson, L.| van Heerden, W.F.P.| Tomasi, R.A.| Gorrino, R.| de Prato, R.S.F.| Taylor, A.M.| Urizar, J.M.A.| de Mendoza, I.L.I.| Radhakrishnan, R.| Chandrashekar, C.| Choi, S.-W.| Thomson, P.| Pontes, H.A.R.| Fonseca, F.P.",23.0,56605109200| 57544085600| 57221750517| 7005556627| 7402250311| 24469152300| 36339859900| 57219979175| 57220923209| 57209506138| 7003568460| 57211494815| 57542287100| 57544430600| 7004904219| 26028495000| 57218563591| 7103113006| 36169152200| 56194443000| 7102217084| 16231013400| 57574976000,2022.0,2022-09-01,Head and Neck Pathology,16,3,755-762,-,ISSN-1936055X,15500154704.0,Journal,Springer,English,1.54,12,4.6,19,0.65,31,3.01,37.0,34.0,3.92,6.89,8.0,5.0,0.0,0.0,"Ferreira e Costa, R., Leão, M.L.B., Sant’Ana, M.S.P. and 20 more (...) (2022).Oral Squamous Cell Carcinoma Frequency in Young Patients from Referral Centers Around the World. Head and Neck Pathology,16(3) 755-762",https://www.scopus.com/record/display.url?eid=2-s2.0-85126840192&origin=resultslist,10.1007/s12105-022-01441-w,Article,Green,2-s2.0-85126840192,35316511,The University of Hong Kong| Universidad Nacional de Córdoba| Universidade Estadual de Campinas| Universidad Autónoma Metropolitana| Universidade Federal de Minas Gerais| University of Pretoria| University of the Basque Country| Universidade Federal do Pará| Manipal Academy of Higher Education| University of Sheffield,205006| 601005| 602014| 505017| 602027| 115007| 312036| 602039| 703262| 315096,Academic,10.0,60030074| 60029570| 60176589| 60001881| 60021902| 60211858| 60000658| 60014923| 60027856| 60016524| 60014284| 60006541| 60001890,"Universidade Federal de Minas Gerais| Universidade Estadual de Campinas| Faculty of Medicine, Dentistry and Health| The University of Sheffield| University of Pretoria| Faculty of Health Sciences| Universidad Nacional de Córdoba| Universidad Autónoma Metropolitana| Universidad del Pais Vasco| Manipal Academy of Higher Education| Manipal College of Dental Sciences, Manipal| The University of Hong Kong| Universidade Federal do Pará",56605109200,57574976000,57574976000,-,India| United Kingdom| China| Spain| Mexico| South Africa| Brazil| Argentina,8.0,2730| 2733| 2734,Oncology| Otorhinolaryngology| Pathology and Forensic Medicine,5,Life Sciences & Medicine,532,Medicine,34,Medical and Health,32,Biomedical And Clinical Sciences,3202| 3203,Clinical sciences| Dentistry,SDG 3,Impact of HPV on Squamous Cell Carcinoma Outcomes,213,68.672,Oral Cancer Risk Factors and Patient Profiles,7726,93.28,Definitive,2022.0,34.0,N/A,"Ferreira e Costa, R.| Leão, M.L.B.| Sant’Ana, M.S.P.| Mesquita, R.A.| Gomez, R.S.| Santos-Silva, A.R.| Khurram, S.A.| Tailor, A.| Schouwstra, C.-M.| Robinson, L.| van Heerden, W.F.P.| Tomasi, R.A.| Gorrino, R.| de Prato, R.S.F.| Taylor, A.M.| Urizar, J.M.A.| de Mendoza, I.L.I.| Radhakrishnan, R.| Chandrashekar, C.| Choi, S.-W.| Thomson, P.| Pontes, H.A.R.| Fonseca, F.P.",The University of Hong Kong| Universidad Nacional de Córdoba| Universidade Estadual de Campinas| Universidad Autónoma Metropolitana| Universidade Federal de Minas Gerais| University of Pretoria| University of the Basque Country| Universidade Federal do Pará| Manipal Academy of Higher Education| University of Sheffield,India| United Kingdom| China| Spain| Mexico| South Africa| Brazil| Argentina,0
7004904219,7004904219,Comparative histological and immunohistochemical study of ameloblastomas and ameloblastic carcinomas,"Martínez-Martínez, M.| Mosqueda-Taylor, A.| Carlos-Bregni, R.| Pires, F.-R.| Delgado-Azañero, W.| Neves-Silva, R.| Aldape-Barrios, B.| Paes-de Almeida, O.",8.0,56825438600| 7004904219| 57213940291| 7004637769| 6507731509| 56113181900| 14014082500| 7006200042,2017.0,2017-05-01,"Medicina Oral, Patologia Oral y Cirugia Bucal",22,3,e324-e332,21901,ISSN-16984447,144622.0,Journal,"Medicina Oral, Patologia Oral y Cirugia Bucal",English,1.24,19,2.7,29,0.841,17,1.82,43.0,33.0,2.02,5.95,17.0,13.0,0.0,0.0,"Martínez-Martínez, M., Mosqueda-Taylor, A., Carlos-Bregni, R. and 5 more (...) (2017).Comparative histological and immunohistochemical study of ameloblastomas and ameloblastic carcinomas. Medicina Oral, Patologia Oral y Cirugia Bucal,22(3) e324-e332",https://www.scopus.com/record/display.url?eid=2-s2.0-85018749034&origin=resultslist,10.4317/medoral.21901,Article,Gold|Green,2-s2.0-85018749034,28390135,Universidad Peruana Cayetano Heredia| Universidade Estadual de Campinas| Universidade Federal do Rio de Janeiro| Universidad Autónoma Metropolitana| Universidad Nacional Autónoma de México,605001| 602014| 602041| 505017| 505023,Academic,5.0,60029570| 60010210| 100584600| 60000036| 60071237| 60032442,Universidade Estadual de Campinas| Universidad Autónoma Metropolitana Unidad Xochimilco| Hospital Herrera Llerandi| Universidade Federal do Rio de Janeiro| Universidad Peruana Cayetano Heredia| Universidad Nacional Autónoma de México,56825438600,7006200042,56825438600,-,Guatemala| Mexico| Peru| Brazil,4.0,2733| 2746| 3500,Otorhinolaryngology| Surgery| General Dentistry,5,Life Sciences & Medicine,532| 514,Medicine| Dentistry,34,Medical and Health,32,Biomedical And Clinical Sciences,3203,Dentistry,SDG 3,Salivary Gland Tumors and Congenital Conditions,572,28.777,Ameloblastoma: Insights into Odontogenic Tumors,9232,86.617,Definitive,2017.0,33.0,N/A,"Martínez-Martínez, M.| Mosqueda-Taylor, A.| Carlos-Bregni, R.| Pires, F.-R.| Delgado-Azañero, W.| Neves-Silva, R.| Aldape-Barrios, B.| Paes-de Almeida, O.",Universidad Peruana Cayetano Heredia| Universidade Estadual de Campinas| Universidade Federal do Rio de Janeiro| Universidad Autónoma Metropolitana| Universidad Nacional Autónoma de México,Guatemala| Mexico| Peru| Brazil,0
7004904219,7004904219,Primordial odontogenic tumor: An immunohistochemical profile,"Bologna-Molina, R.| Mikami, T.| Pereira-Prado, V.| Pires, F.-R.| Carlos-Bregni, R.| Mosqueda-Taylor, A.",6.0,23466361400| 25225620700| 57191896460| 7004637769| 57213940291| 7004904219,2017.0,2017-05-01,"Medicina Oral, Patologia Oral y Cirugia Bucal",22,3,e314-e323,21859,ISSN-16984447,144622.0,Journal,"Medicina Oral, Patologia Oral y Cirugia Bucal",English,1.24,19,2.7,29,0.841,17,1.58,36.0,31.0,2.35,5.95,18.0,11.0,0.0,0.0,"Bologna-Molina, R., Mikami, T., Pereira-Prado, V. and 3 more (...) (2017).Primordial odontogenic tumor: An immunohistochemical profile. Medicina Oral, Patologia Oral y Cirugia Bucal,22(3) e314-e323",https://www.scopus.com/record/display.url?eid=2-s2.0-85018766825&origin=resultslist,10.4317/medoral.21859,Article,Gold|Green,2-s2.0-85018766825,28390134,Universidad Autónoma Metropolitana| Universidad de la República| Iwate Medical University| Universidade do Estado do Rio de Janeiro,505017| 606001| 208041| 602013,Academic,4.0,60071612| 60016350| 60005499| 100584600| 60010210,Universidad de la Republica| Iwate Medical University| Universidade do Estado do Rio de Janeiro| Hospital Herrera Llerandi| Universidad Autónoma Metropolitana Unidad Xochimilco,23466361400,7004904219,7004904219,-,Guatemala| Mexico| Uruguay| Japan| Brazil,5.0,2733| 2746| 3500,Otorhinolaryngology| Surgery| General Dentistry,5,Life Sciences & Medicine,514| 532,Dentistry| Medicine,34,Medical and Health,32,Biomedical And Clinical Sciences,3203,Dentistry,SDG 3,Cleft Lip and Palate Treatment Innovations,938,26.095,Histological and Immunohistochemical Aspects of Odontogenic Lesions,69270,41.974,Defensible,2017.0,31.0,N/A,"Bologna-Molina, R.| Mikami, T.| Pereira-Prado, V.| Pires, F.-R.| Carlos-Bregni, R.| Mosqueda-Taylor, A.",Universidad Autónoma Metropolitana| Universidad de la República| Iwate Medical University| Universidade do Estado do Rio de Janeiro,Guatemala| Mexico| Uruguay| Japan| Brazil,0
7004904219,7004904219,Primordial Odontogenic Tumor: A case report with histopathological analyses,"Mikami, T.| Ohashi, Y.| Bologna-Molina, R.| Mosqueda-Taylor, A.| Fujiwara, N.| Tsunoda, N.| Yamada, H.| Takeda, Y.",8.0,25225620700| 56522320500| 23466361400| 7004904219| 7102602953| 57196440517| 57420367800| 7404001533,2017.0,2017-12-01,Pathology International,67,12,638-643,-,ISSN-13205463,16986.0,Journal,Blackwell Publishing,English,0.69,49,2.6,43,0.637,38,0.77,25.0,29.0,1.64,6.1,19.0,17.0,0.0,1.0,"Mikami, T., Ohashi, Y., Bologna-Molina, R. and 5 more (...) (2017).Primordial Odontogenic Tumor: A case report with histopathological analyses. Pathology International,67(12) 638-643",https://www.scopus.com/record/display.url?eid=2-s2.0-85033224283&origin=resultslist,10.1111/pin.12601,Article,,2-s2.0-85033224283,29090496,Universidad Autónoma Metropolitana| Universidad de la República| Iwate Medical University,505017| 606001| 208041,Academic,3.0,60016350| 60071612| 60010210,Iwate Medical University| Universidad de la Republica| Universidad Autónoma Metropolitana Unidad Xochimilco,25225620700,7404001533,25225620700,-,Uruguay| Mexico| Japan,3.0,2734,Pathology and Forensic Medicine,5,Life Sciences & Medicine,532,Medicine,34,Medical and Health,32,Biomedical And Clinical Sciences,3202,Clinical sciences,SDG 3,Cleft Lip and Palate Treatment Innovations,938,26.095,Histological and Immunohistochemical Aspects of Odontogenic Lesions,69270,41.974,Definitive,2017.0,29.0,N/A,"Mikami, T.| Ohashi, Y.| Bologna-Molina, R.| Mosqueda-Taylor, A.| Fujiwara, N.| Tsunoda, N.| Yamada, H.| Takeda, Y.",Universidad Autónoma Metropolitana| Universidad de la República| Iwate Medical University,Uruguay| Mexico| Japan,0
7004904219,7004904219,Central odontogenic fibroma: an international multicentric study of 62 cases,"Roza, A.L.O.C.| Sousa, E.M.| Leite, A.A.| Amaral-Silva, G.K.| Morais, T.M.D.L.| Wagner, V.P.| Schuch, L.F.| Vasconcelos, A.C.U.| de Arruda, J.A.A.| Mesquita, R.A.| Fonseca, F.P.| Abrahão, A.C.| Agostini, M.| de Andrade, B.A.B.| da Silveira, E.J.D.| Martínez-Flores, R.| Rondanelli, B.M.| Alberdi-Navarro, J.| Robinson, L.| Marin, C.| Assunção Júnior, J.N.R.| Valiati, R.| Fregnani, E.R.| Santos-Silva, A.R.| Lopes, M.A.| Hunter, K.D.| Khurram, S.A.| Speight, P.M.| Mosqueda-Taylor, A.| van Heerden, W.F.P.| Carlos, R.| Wright, J.M.| de Almeida, O.P.| Romañach, M.J.| Vargas, P.A.",35.0,57211403633| 57219203157| 57191669716| 57191899205| 57203059154| 55940439800| 57193611554| 56926258700| 57189517699| 7005556627| 57574976000| 33367506800| 7005322199| 45660922700| 7004104639| 49663830400| 10044199700| 57193225437| 57209506138| 57193348777| 35749581800| 25321018700| 6507464677| 24469152300| 7202369029| 8909576000| 36339859900| 34573132700| 7004904219| 7003568460| 57213940291| 7601526111| 7006200042| 24469056900| 7005330448,2021.0,2021-05-01,"Oral Surgery, Oral Medicine, Oral Pathology and Oral Radiology",131,5,549-557,-,ISSN-22124403,21100204102.0,Journal,Mosby Inc.,English,1.27,20,3.9,19,0.57,31,2.29,50.0,26.0,2.66,6.77,15.0,8.0,0.0,0.0,"Roza, A.L.O.C., Sousa, E.M., Leite, A.A. and 32 more (...) (2021).Central odontogenic fibroma: an international multicentric study of 62 cases. Oral Surgery, Oral Medicine, Oral Pathology and Oral Radiology,131(5) 549-557",https://www.scopus.com/record/display.url?eid=2-s2.0-85091680446&origin=resultslist,10.1016/j.oooo.2020.08.022,Article,Green,2-s2.0-85091680446,32988809,Universidad Mayor| Universidade do Planalto Catarinense| Universidade Federal do Rio de Janeiro| Universidade Federal de Minas Gerais| Texas A&M University| Hospital Sirio-Libanes| University of the Basque Country| Universidade Federal do Rio Grande do Norte| Universidade Metropolitana de Santos| Universidade Estadual de Campinas| Universidade Federal de Pelotas| Universidad Andrés Bello| Universidad Autónoma Metropolitana| University of Pretoria| University of Sheffield,703066| 721258| 602041| 602027| 508230| 702496| 312036| 602042| 714257| 602014| 602029| 603010| 505017| 115007| 315096,Medical| Academic,15.0,60029570| 60000036| 60014598| 60030074| 60023857| 60002636| 60005881| 60027856| 60021902| 60211858| 60001881| 60019111| 60004365| 60005896| 60010210| 112607738| 60027347,Universidade Estadual de Campinas| Universidade Federal do Rio de Janeiro| Universidade Federal de Pelotas| Universidade Federal de Minas Gerais| Universidade Federal do Rio Grande do Norte| Universidad Andrés Bello| Universidad Mayor| Universidad del Pais Vasco| University of Pretoria| Faculty of Health Sciences| The University of Sheffield| Universidade Metropolitana de Santos| Universidade do Planalto Catarinense| Hospital Sirio-Libanês| Universidad Autónoma Metropolitana Unidad Xochimilco| Centro Clínico de Cabeza y Cuello/Hospital Herrera Llerandi| Texas A&M College of Dentistry,57211403633,7005330448,7005330448,-,Chile| United Kingdom| Guatemala| Mexico| Spain| South Africa| United States| Brazil,8.0,2734| 2741| 2746| 3500| 3504,"Pathology and Forensic Medicine| Radiology, Nuclear Medicine and Imaging| Surgery| General Dentistry| Oral Surgery",5,Life Sciences & Medicine,514| 532,Dentistry| Medicine,34,Medical and Health,32| 30,"Biomedical And Clinical Sciences| Agricultural, Veterinary And Food Sciences",3009| 3202| 3203,Veterinary sciences| Clinical sciences| Dentistry,-,Cleft Lip and Palate Treatment Innovations,938,26.095,Histological and Immunohistochemical Aspects of Odontogenic Lesions,69270,41.974,Definitive,2021.0,26.0,N/A,"Roza, A.L.O.C.| Sousa, E.M.| Leite, A.A.| Amaral-Silva, G.K.| Morais, T.M.D.L.| Wagner, V.P.| Schuch, L.F.| Vasconcelos, A.C.U.| de Arruda, J.A.A.| Mesquita, R.A.| Fonseca, F.P.| Abrahão, A.C.| Agostini, M.| de Andrade, B.A.B.| da Silveira, E.J.D.| Martínez-Flores, R.| Rondanelli, B.M.| Alberdi-Navarro, J.| Robinson, L.| Marin, C.| Assunção Júnior, J.N.R.| Valiati, R.| Fregnani, E.R.| Santos-Silva, A.R.| Lopes, M.A.| Hunter, K.D.| Khurram, S.A.| Speight, P.M.| Mosqueda-Taylor, A.| van Heerden, W.F.P.| Carlos, R.| Wright, J.M.| de Almeida, O.P.| Romañach, M.J.| Vargas, P.A.",Universidad Mayor| Universidade do Planalto Catarinense| Universidade Federal do Rio de Janeiro| Universidade Federal de Minas Gerais| Texas A&M University| Hospital Sirio-Libanes| University of the Basque Country| Universidade Federal do Rio Grande do Norte| Universidade Metropolitana de Santos| Universidade Estadual de Campinas| Universidade Federal de Pelotas| Universidad Andrés Bello| Universidad Autónoma Metropolitana| University of Pretoria| University of Sheffield,Chile| United Kingdom| Guatemala| Mexico| Spain| South Africa| United States| Brazil,0
7004904219,7004904219,Primordial odontogenic tumor: A systematic review,"Bologna-Molina, R.| Pereira-Prado, V.| Sánchez-Romero, C.| González-González, R.| Mosqueda-Taylor, A.",5.0,23466361400| 57191896460| 57190013276| 55044208200| 7004904219,2020.0,2020-05-01,Medicina Oral Patologia Oral y Cirugia Bucal,25,3,e383-e387,-,ISSN-16984447,144622.0,Journal,Medicina Oral S.L.,English,1.39,16,3.2,28,0.644,31,1.22,21.0,26.0,1.94,7.22,19.0,13.0,0.0,0.0,"Bologna-Molina, R., Pereira-Prado, V., Sánchez-Romero, C. and 2 more (...) (2020).Primordial odontogenic tumor: A systematic review. Medicina Oral Patologia Oral y Cirugia Bucal,25(3) e383-e387",https://www.scopus.com/record/display.url?eid=2-s2.0-85083544266&origin=resultslist,10.4317/medoral.23432,Article,Gold|Green,2-s2.0-85083544266,32040459,Universidad Autónoma Metropolitana| Universidad de la República| Universidad Juarez del Estado de Durango,505017| 606001| 704853,Academic,3.0,60071612| 60014403| 60014923,Universidad de la Republica| Universidad Juárez del Estado de Durango| Universidad Autónoma Metropolitana,23466361400,7004904219,7004904219,-,Uruguay| Mexico,2.0,2733| 2746| 3500,Otorhinolaryngology| Surgery| General Dentistry,5,Life Sciences & Medicine,514| 532,Dentistry| Medicine,34,Medical and Health,32,Biomedical And Clinical Sciences,3203,Dentistry,SDG 3,Cleft Lip and Palate Treatment Innovations,938,26.095,Histological and Immunohistochemical Aspects of Odontogenic Lesions,69270,41.974,Definitive,2020.0,26.0,N/A,"Bologna-Molina, R.| Pereira-Prado, V.| Sánchez-Romero, C.| González-González, R.| Mosqueda-Taylor, A.",Universidad Autónoma Metropolitana| Universidad de la República| Universidad Juarez del Estado de Durango,Uruguay| Mexico,0
7004904219,7004904219,Detection of MAPK/ERK pathway proteins and KRAS mutations in adenomatoid odontogenic tumors,"Bologna-Molina, R.| Ogawa, I.| Mosqueda-Taylor, A.| Takata, T.| Sánchez-Romero, C.| Villarroel-Dorrego, M.| Takeda, Y.| Mikami, T.",8.0,23466361400| 57211391429| 7004904219| 55656271100| 57190013276| 8395963700| 7404001533| 25225620700,2019.0,2019-03-01,Oral Diseases,25,2,481-487,-,ISSN-1354523X,22815.0,Journal,Blackwell Publishing Ltd,English,1.14,24,3.9,12,0.777,14,1.37,36.0,26.0,1.68,6.55,20.0,17.0,0.0,0.0,"Bologna-Molina, R., Ogawa, I., Mosqueda-Taylor, A. and 5 more (...) (2019).Detection of MAPK/ERK pathway proteins and KRAS mutations in adenomatoid odontogenic tumors. Oral Diseases,25(2) 481-487",https://www.scopus.com/record/display.url?eid=2-s2.0-85056162169&origin=resultslist,10.1111/odi.12989,Article,,2-s2.0-85056162169,30294831,Hiroshima University| Universidad Central de Venezuela| Universidade Estadual de Campinas| Universidad Autónoma Metropolitana| Universidad de la República| Iwate Medical University,208033| 607002| 602014| 505017| 606001| 208041,Academic,6.0,60071612| 60028210| 60014923| 60030788| 60029570| 60001197| 60016350,Universidad de la Republica| Hiroshima University Hospital| Universidad Autónoma Metropolitana| Hiroshima University| Universidade Estadual de Campinas| Universidad Central de Venezuela| Iwate Medical University,23466361400,25225620700,23466361400,-,Uruguay| Mexico| Japan| Brazil| Venezuela,5.0,2733| 3500,Otorhinolaryngology| General Dentistry,5,Life Sciences & Medicine,514| 532,Dentistry| Medicine,34,Medical and Health,32,Biomedical And Clinical Sciences,3203,Dentistry,SDG 3,Salivary Gland Tumors and Congenital Conditions,572,28.777,Ameloblastoma: Insights into Odontogenic Tumors,9232,86.617,Very Good,2019.0,26.0,N/A,"Bologna-Molina, R.| Ogawa, I.| Mosqueda-Taylor, A.| Takata, T.| Sánchez-Romero, C.| Villarroel-Dorrego, M.| Takeda, Y.| Mikami, T.",Hiroshima University| Universidad Central de Venezuela| Universidade Estadual de Campinas| Universidad Autónoma Metropolitana| Universidad de la República| Iwate Medical University,Uruguay| Mexico| Japan| Brazil| Venezuela,0
7004904219,7004904219,"Immunohistochemical Expression of GLUT-1 and HIF-1α in Tooth Germ, Ameloblastoma, and Ameloblastic Carcinoma","Sánchez-Romero, C.| Bologna-Molina, R.| Mosqueda-Taylor, A.| Paes De Almeida, O.",4.0,57190013276| 23466361400| 7004904219| 7006200042,2016.0,2016-08-01,International Journal of Surgical Pathology,24,5,410-418,-,ISSN-10668969,21625.0,Journal,SAGE Publications Inc.,English,0.59,56,1.6,52,0.335,50,1.24,20.0,24.0,1.12,6.26,24.0,26.0,0.0,0.0,"Sánchez-Romero, C., Bologna-Molina, R., Mosqueda-Taylor, A. and 1 more (...) (2016).Immunohistochemical Expression of GLUT-1 and HIF-1α in Tooth Germ, Ameloblastoma, and Ameloblastic Carcinoma. International Journal of Surgical Pathology,24(5) 410-418",https://www.scopus.com/record/display.url?eid=2-s2.0-84976466186&origin=resultslist,10.1177/1066896916640359,Article,,2-s2.0-84976466186,27020375,Universidade Estadual de Campinas| Universidad Autónoma Metropolitana| Universidad de la República,602014| 505017| 606001,Academic,3.0,60029570| 60071612| 60010210,Universidade Estadual de Campinas| Universidad de la Republica| Universidad Autónoma Metropolitana Unidad Xochimilco,57190013276,7006200042,57190013276,-,Mexico| Uruguay| Brazil,3.0,2702| 2734| 2746,Anatomy| Pathology and Forensic Medicine| Surgery,5,Life Sciences & Medicine,532| 503,Medicine| Anatomy & Physiology,34| 32,Medical and Health| Life Sciences,32,Biomedical And Clinical Sciences,3202,Clinical sciences,SDG 3,Hypoxia and Tumor Metabolism in Cancer Progression,834,53.695,Glucose Transporters in Cellular Metabolism and Cancer,8528,87.24,Very Good,2016.0,24.0,N/A,"Sánchez-Romero, C.| Bologna-Molina, R.| Mosqueda-Taylor, A.| Paes De Almeida, O.",Universidade Estadual de Campinas| Universidad Autónoma Metropolitana| Universidad de la República,Mexico| Uruguay| Brazil,0
7004904219,7004904219,Oral vesiculobullous lesions as an early sign of COVID-19: immunohistochemical detection of SARS-CoV-2 spike protein,"Soares, C.D.| Mosqueda-Taylor, A.| de Carvalho, M.G.F.| de Almeida, O.P.",4.0,56708122100| 7004904219| 37077016100| 7006200042,2021.0,2021-01-01,British Journal of Dermatology,184,1,-,-,ISSN-00070963,24267.0,Journal,Blackwell Publishing Ltd,English,2.77,3,13.6,1,2.447,1,1.56,19.0,23.0,3.25,6.78,18.0,6.0,0.0,0.0,"Soares, C.D., Mosqueda-Taylor, A., de Carvalho, M.G.F. and 1 more (...) (2021).Oral vesiculobullous lesions as an early sign of COVID-19: immunohistochemical detection of SARS-CoV-2 spike protein. British Journal of Dermatology,184(1) ",https://www.scopus.com/record/display.url?eid=2-s2.0-85096771699&origin=resultslist,10.1111/bjd.19569,Article,Bronze|Green,2-s2.0-85096771699,33140407,Universidade Estadual de Campinas| Universidad Autónoma Metropolitana,602014| 505017,Academic,2.0,60029570| 60010210| 120504761,Universidade Estadual de Campinas| Universidad Autónoma Metropolitana Unidad Xochimilco| Laboratório de Citopatologia,56708122100,7006200042,56708122100,-,Mexico| Brazil,2.0,2708,Dermatology,5,Life Sciences & Medicine,532,Medicine,34,Medical and Health,32,Biomedical And Clinical Sciences,3202,Clinical sciences,SDG 3,"COVID-19, Its Impact, and Vaccination",1,99.935,Cutaneous Manifestations of COVID-19 Infection,16269,83.082,Definitive,2021.0,23.0,N/A,"Soares, C.D.| Mosqueda-Taylor, A.| de Carvalho, M.G.F.| de Almeida, O.P.",Universidade Estadual de Campinas| Universidad Autónoma Metropolitana,Mexico| Brazil,0
7004904219,7004904219,Salivary Gland Tumors: A Retrospective Study of 164 Cases from a Single Private Practice Service in Mexico and Literature Review,"Cunha, J.L.S.| Hernandez-Guerrero, J.C.| de Almeida, O.P.| Soares, C.D.| Mosqueda-Taylor, A.",5.0,56957827000| 55989746900| 7006200042| 56708122100| 7004904219,2021.0,2021-06-01,Head and Neck Pathology,15,2,523-531,-,ISSN-1936055X,15500154704.0,Journal,Springer,English,1.97,7,3.6,25,0.63,33,1.58,30.0,23.0,1.82,7.7,18.0,14.0,0.0,0.0,"Cunha, J.L.S., Hernandez-Guerrero, J.C., de Almeida, O.P. and 2 more (...) (2021).Salivary Gland Tumors: A Retrospective Study of 164 Cases from a Single Private Practice Service in Mexico and Literature Review. Head and Neck Pathology,15(2) 523-531",https://www.scopus.com/record/display.url?eid=2-s2.0-85092501484&origin=resultslist,10.1007/s12105-020-01231-2,Article,Bronze|Green,2-s2.0-85092501484,33044721,Universidade Estadual de Campinas| Universidad Autónoma Metropolitana| Universidad Nacional Autónoma de México,602014| 505017| 505023,Academic,3.0,60029570| 60032442| 60010210,Universidade Estadual de Campinas| Universidad Nacional Autónoma de México| Universidad Autónoma Metropolitana Unidad Xochimilco,56957827000,7004904219,56708122100,-,Mexico| Brazil,2.0,2730| 2733| 2734,Oncology| Otorhinolaryngology| Pathology and Forensic Medicine,5,Life Sciences & Medicine,532,Medicine,34,Medical and Health,32,Biomedical And Clinical Sciences,3203| 3202,Dentistry| Clinical sciences,SDG 3,Salivary Gland Tumors and Congenital Conditions,572,28.777,Prognostic Insights into Salivary Gland Carcinomas,6418,89.016,Definitive,2021.0,23.0,N/A,"Cunha, J.L.S.| Hernandez-Guerrero, J.C.| de Almeida, O.P.| Soares, C.D.| Mosqueda-Taylor, A.",Universidade Estadual de Campinas| Universidad Autónoma Metropolitana| Universidad Nacional Autónoma de México,Mexico| Brazil,0
7004904219,7004904219,CTNNB1 and APC mutations in odontogenic carcinoma with dentinoid,"Gondak, R.O.| Mariano, F.V.| de Sousa, S.F.| Siqueira, E.C.D.| Díaz, K.P.| Martins, L.A.L.| Altemani, A.| Mosqueda-Taylor, A.| Gomez, R.S.| Gomes, C.C.",10.0,37001471300| 36704152400| 37074216300| 56258730100| 54884882000| 57212104535| 7003450280| 7004904219| 7402250311| 8248564500,2020.0,2020-05-01,"Oral Surgery, Oral Medicine, Oral Pathology and Oral Radiology",129,5,e249-e256,-,ISSN-22124403,21100204102.0,Journal,Mosby Inc.,English,1.23,21,3.1,22,0.664,29,1.0,21.0,22.0,1.79,7.81,22.0,14.0,0.0,0.0,"Gondak, R.O., Mariano, F.V., de Sousa, S.F. and 7 more (...) (2020).CTNNB1 and APC mutations in odontogenic carcinoma with dentinoid. Oral Surgery, Oral Medicine, Oral Pathology and Oral Radiology,129(5) e249-e256",https://www.scopus.com/record/display.url?eid=2-s2.0-85084345709&origin=resultslist,10.1016/j.oooo.2019.08.017,Article,,2-s2.0-85084345709,31606421,Universidad Autonoma de Baja California| Universidade Estadual de Campinas| Universidad Autónoma Metropolitana| Universidade Federal de Minas Gerais| Universidade de São Paulo| Universidade Federal de Santa Catarina,505046| 602014| 505017| 602027| 602049| 602031,Academic,6.0,60017609| 60029570| 60030074| 60005618| 60008088| 60014923,Universidade Federal de Santa Catarina| Universidade Estadual de Campinas| Universidade Federal de Minas Gerais| Universidad Autónoma de Baja California| Universidade de São Paulo| Universidad Autónoma Metropolitana,37001471300,8248564500,7402250311,-,Mexico| Brazil,2.0,2734| 2741| 2746| 3500| 3504,"Pathology and Forensic Medicine| Radiology, Nuclear Medicine and Imaging| Surgery| General Dentistry| Oral Surgery",5,Life Sciences & Medicine,514| 532,Dentistry| Medicine,34,Medical and Health,32| 30,"Biomedical And Clinical Sciences| Agricultural, Veterinary And Food Sciences",3009| 3202| 3203,Veterinary sciences| Clinical sciences| Dentistry,SDG 3,Salivary Gland Tumors and Congenital Conditions,572,28.777,Ameloblastoma: Insights into Odontogenic Tumors,9232,86.617,Very Good,2020.0,22.0,N/A,"Gondak, R.O.| Mariano, F.V.| de Sousa, S.F.| Siqueira, E.C.D.| Díaz, K.P.| Martins, L.A.L.| Altemani, A.| Mosqueda-Taylor, A.| Gomez, R.S.| Gomes, C.C.",Universidad Autonoma de Baja California| Universidade Estadual de Campinas| Universidad Autónoma Metropolitana| Universidade Federal de Minas Gerais| Universidade de São Paulo| Universidade Federal de Santa Catarina,Mexico| Brazil,0
7004904219,7004904219,Oral Amelanotic Melanomas: Clinicopathologic Features of 8 Cases and Review of the Literature,"Soares, C.D.| Carlos, R.| Andrade, B.A.B.D.| Cunha, J.L.S.| Agostini, M.| Romañach, M.J.| Hernandez-Guerrero, J.C.| Mosqueda-Taylor, A.| Almeida, O.P.D.| Jorge, J.",10.0,56708122100| 57213940291| 45660922700| 56957827000| 7005322199| 24469056900| 55989746900| 7004904219| 57209314233| 57191344544,2021.0,2021-05-01,International Journal of Surgical Pathology,29,3,263-272,-,ISSN-10668969,21625.0,Journal,SAGE Publications Inc.,English,0.79,45,1.7,53,0.344,49,1.07,18.0,22.0,2.39,6.26,18.0,10.0,0.0,0.0,"Soares, C.D., Carlos, R., Andrade, B.A.B.D. and 7 more (...) (2021).Oral Amelanotic Melanomas: Clinicopathologic Features of 8 Cases and Review of the Literature. International Journal of Surgical Pathology,29(3) 263-272",https://www.scopus.com/record/display.url?eid=2-s2.0-85088827389&origin=resultslist,10.1177/1066896920946435,Article,,2-s2.0-85088827389,32734791,Universidade Estadual de Campinas| Universidade Federal do Rio de Janeiro| Universidad Autónoma Metropolitana| Universidad Nacional Autónoma de México,602014| 602041| 505017| 505023,Academic,4.0,60029570| 112607738| 60000036| 60032442| 60010210,Universidade Estadual de Campinas| Centro Clínico de Cabeza y Cuello/Hospital Herrera Llerandi| Universidade Federal do Rio de Janeiro| Universidad Nacional Autónoma de México| Universidad Autónoma Metropolitana Unidad Xochimilco,56708122100,57191344544,56708122100,-,Guatemala| Mexico| Brazil,3.0,2702| 2734| 2746,Anatomy| Pathology and Forensic Medicine| Surgery,5,Life Sciences & Medicine,532| 503,Medicine| Anatomy & Physiology,34| 32,Medical and Health| Life Sciences,32,Biomedical And Clinical Sciences,3202,Clinical sciences,SDG 3,Melanoma Diagnosis and Treatment,114,87.181,Mucosal Melanoma: Challenges and Treatment Insights,17934,80.708,Definitive,2021.0,22.0,N/A,"Soares, C.D.| Carlos, R.| Andrade, B.A.B.D.| Cunha, J.L.S.| Agostini, M.| Romañach, M.J.| Hernandez-Guerrero, J.C.| Mosqueda-Taylor, A.| Almeida, O.P.D.| Jorge, J.",Universidade Estadual de Campinas| Universidade Federal do Rio de Janeiro| Universidad Autónoma Metropolitana| Universidad Nacional Autónoma de México,Guatemala| Mexico| Brazil,0
7004904219,7004904219,Primary intraosseous squamous cell carcinoma arising in an odontogenic keratocyst previously treated with marsupialization: Case report and immunohistochemical study,"Martínez-Martínez, M.| Mosqueda-Taylor, A.| Delgado-Azañero, W.| Rumayor-Piña, A.| De Almeida, O.P.",5.0,56825438600| 7004904219| 6507731509| 57208678786| 7006200042,2016.0,2016-04-01,"Oral Surgery, Oral Medicine, Oral Pathology and Oral Radiology",121,4,e87-e95,-,ISSN-22124403,21100204102.0,Journal,Mosby Inc.,English,1.07,25,2.9,27,0.665,28,1.09,38.0,21.0,0.34,5.81,26.0,54.0,0.0,0.0,"Martínez-Martínez, M., Mosqueda-Taylor, A., Delgado-Azañero, W. and 2 more (...) (2016).Primary intraosseous squamous cell carcinoma arising in an odontogenic keratocyst previously treated with marsupialization: Case report and immunohistochemical study. Oral Surgery, Oral Medicine, Oral Pathology and Oral Radiology,121(4) e87-e95",https://www.scopus.com/record/display.url?eid=2-s2.0-84960086010&origin=resultslist,10.1016/j.oooo.2015.08.015,Article,,2-s2.0-84960086010,26638715,Universidad Peruana Cayetano Heredia| Universidade Estadual de Campinas| Universidad Autónoma Metropolitana,605001| 602014| 505017,Academic,3.0,60029570| 60010210| 60071237,Universidade Estadual de Campinas| Universidad Autónoma Metropolitana Unidad Xochimilco| Universidad Peruana Cayetano Heredia,56825438600,7006200042,56825438600,-,Mexico| Peru| Brazil,3.0,2734| 2741| 2746| 3501| 3504,"Pathology and Forensic Medicine| Radiology, Nuclear Medicine and Imaging| Surgery| Dentistry (miscellaneous)| Oral Surgery",5,Life Sciences & Medicine,532| 514,Medicine| Dentistry,34,Medical and Health,30| 32,"Agricultural, Veterinary And Food Sciences| Biomedical And Clinical Sciences",3202| 3203| 3009,Clinical sciences| Dentistry| Veterinary sciences,SDG 3,Impact of HPV on Squamous Cell Carcinoma Outcomes,213,68.672,Primary Intraosseous Carcinoma and Odontogenic Tumors,74677,38.63,Very Good,2016.0,21.0,N/A,"Martínez-Martínez, M.| Mosqueda-Taylor, A.| Delgado-Azañero, W.| Rumayor-Piña, A.| De Almeida, O.P.",Universidad Peruana Cayetano Heredia| Universidade Estadual de Campinas| Universidad Autónoma Metropolitana,Mexico| Peru| Brazil,0
7004904219,7004904219,Langerhans cell histiocytosis in the oral and maxillofacial region: An update,"Faustino, I.S.P.| Fernandes, P.M.| Pontes, H.A.R.| Mosqueda-Taylor, A.| Santos-Silva, A.R.| Vargas, P.A.| Lopes, M.A.",7.0,57188724612| 56712342900| 16231013400| 7004904219| 24469152300| 7005330448| 7202369029,2021.0,2021-07-01,Journal of Oral Pathology and Medicine,50,6,565-571,-,ISSN-09042512,26155.0,Journal,John Wiley and Sons Inc,English,1.43,16,6.9,4,0.774,21,0.73,12.0,21.0,1.32,7.57,19.0,21.0,0.0,0.0,"Faustino, I.S.P., Fernandes, P.M., Pontes, H.A.R. and 4 more (...) (2021).Langerhans cell histiocytosis in the oral and maxillofacial region: An update. Journal of Oral Pathology and Medicine,50(6) 565-571",https://www.scopus.com/record/display.url?eid=2-s2.0-85108269740&origin=resultslist,10.1111/jop.13207,Article,Green,2-s2.0-85108269740,34091963,Universidade Estadual de Campinas| Universidad Autónoma Metropolitana| Universidade Federal do Pará,602014| 505017| 602039,Academic,3.0,60029570| 60001890| 60010210,Universidade Estadual de Campinas| Universidade Federal do Pará| Universidad Autónoma Metropolitana Unidad Xochimilco,57188724612,7202369029,7202369029,-,Mexico| Brazil,2.0,1306| 2733| 2734| 3504| 3506,Cancer Research| Otorhinolaryngology| Pathology and Forensic Medicine| Oral Surgery| Periodontics,5,Life Sciences & Medicine,514| 507| 532,Dentistry| Biological Sciences| Medicine,34,Medical and Health,32,Biomedical And Clinical Sciences,3203,Dentistry,-,Lymphoma Pathogenesis and Treatment Insights,4,90.059,Langerhans Cell Histiocytosis: Clinical Insights and Imaging,984,85.933,Definitive,2021.0,21.0,N/A,"Faustino, I.S.P.| Fernandes, P.M.| Pontes, H.A.R.| Mosqueda-Taylor, A.| Santos-Silva, A.R.| Vargas, P.A.| Lopes, M.A.",Universidade Estadual de Campinas| Universidad Autónoma Metropolitana| Universidade Federal do Pará,Mexico| Brazil,0
7004904219,7004904219,Pathogenesis of primordial odontogenic tumour based on tumourigenesis and odontogenesis,"Mikami, T.| Bologna-Molina, R.| Mosqueda-Taylor, A.| Ogawa, I.| Pereira-Prado, V.| Fujiwara, N.| Pires, F.R.| Carlos, R.| Takata, T.| Takeda, Y.",10.0,25225620700| 23466361400| 7004904219| 57211391429| 57191896460| 7102602953| 7004637769| 57213940291| 55656271100| 7404001533,2018.0,2018-10-01,Oral Diseases,24,7,1226-1234,-,ISSN-1354523X,22815.0,Journal,Blackwell Publishing Ltd,English,1.07,27,4,11,0.853,16,1.56,40.0,21.0,1.47,6.12,25.0,19.0,0.0,0.0,"Mikami, T., Bologna-Molina, R., Mosqueda-Taylor, A. and 7 more (...) (2018).Pathogenesis of primordial odontogenic tumour based on tumourigenesis and odontogenesis. Oral Diseases,24(7) 1226-1234",https://www.scopus.com/record/display.url?eid=2-s2.0-85050907408&origin=resultslist,10.1111/odi.12914,Article,,2-s2.0-85050907408,29908099,Hiroshima University| Universidad Autónoma Metropolitana| Universidad de la República| Iwate Medical University| Universidade do Estado do Rio de Janeiro,208033| 505017| 606001| 208041| 602013,Academic,5.0,60016350| 60071612| 60010210| 60028210| 60005499| 112607738| 60030788,Iwate Medical University| Universidad de la Republica| Universidad Autónoma Metropolitana Unidad Xochimilco| Hiroshima University Hospital| Universidade do Estado do Rio de Janeiro| Centro Clínico de Cabeza y Cuello/Hospital Herrera Llerandi| Hiroshima University,25225620700,7404001533,25225620700,-,Guatemala| Uruguay| Mexico| Japan| Brazil,5.0,2733| 3500,Otorhinolaryngology| General Dentistry,5,Life Sciences & Medicine,514| 532,Dentistry| Medicine,34,Medical and Health,32,Biomedical And Clinical Sciences,3203,Dentistry,SDG 3,Cleft Lip and Palate Treatment Innovations,938,26.095,Histological and Immunohistochemical Aspects of Odontogenic Lesions,69270,41.974,Very Good,2018.0,21.0,N/A,"Mikami, T.| Bologna-Molina, R.| Mosqueda-Taylor, A.| Ogawa, I.| Pereira-Prado, V.| Fujiwara, N.| Pires, F.R.| Carlos, R.| Takata, T.| Takeda, Y.",Hiroshima University| Universidad Autónoma Metropolitana| Universidad de la República| Iwate Medical University| Universidade do Estado do Rio de Janeiro,Guatemala| Uruguay| Mexico| Japan| Brazil,0
7004904219,7004904219,Myofibroblastic lesions in the oral cavity: Immunohistochemical and ultrastructural analysis,"Pereira de Oliveira, D.H.I.| da Silveira, É.J.D.| de Souza, L.B.| Caro-Sanchez, C.H.S.| Dominguez-Malagon, H.| Mosqueda Taylor, A.| Queiroz, L.M.G.",7.0,57204567249| 7004104639| 9733179300| 35321765300| 55993692100| 7004904219| 9732850200,2019.0,2019-01-01,Oral Diseases,25,1,174-181,-,ISSN-1354523X,22815.0,Journal,Blackwell Publishing Ltd,English,1.14,24,3.9,12,0.777,14,0.71,24.0,20.0,1.22,6.55,25.0,24.0,0.0,0.0,"Pereira de Oliveira, D.H.I., da Silveira, É.J.D., de Souza, L.B. and 4 more (...) (2019).Myofibroblastic lesions in the oral cavity: Immunohistochemical and ultrastructural analysis. Oral Diseases,25(1) 174-181",https://www.scopus.com/record/display.url?eid=2-s2.0-85056205777&origin=resultslist,10.1111/odi.12972,Article,,2-s2.0-85056205777,30168888,Universidad Autónoma Metropolitana| Instituto Nacional de Cancerologia - Mexico| Universidade Federal do Ceará| Universidade Federal do Rio Grande do Norte,505017| 505036| 602037| 602042,Academic| Government,4.0,60020457| 60023857| 60019825| 60010210,"Universidade Federal do Ceará| Universidade Federal do Rio Grande do Norte| Instituto Nacional de Cancerologia, México| Universidad Autónoma Metropolitana Unidad Xochimilco",57204567249,9732850200,57204567249,-,Mexico| Brazil,2.0,2733| 3500,Otorhinolaryngology| General Dentistry,5,Life Sciences & Medicine,514| 532,Dentistry| Medicine,34,Medical and Health,32,Biomedical And Clinical Sciences,3203,Dentistry,SDG 3,Molecular Insights into Tumor Dynamics and Treatment,141,43.558,Myofibroblastoma: Insights into Tumor Characteristics,38641,53.381,Very Good,2019.0,20.0,N/A,"Pereira de Oliveira, D.H.I.| da Silveira, É.J.D.| de Souza, L.B.| Caro-Sanchez, C.H.S.| Dominguez-Malagon, H.| Mosqueda Taylor, A.| Queiroz, L.M.G.",Universidad Autónoma Metropolitana| Instituto Nacional de Cancerologia - Mexico| Universidade Federal do Ceará| Universidade Federal do Rio Grande do Norte,Mexico| Brazil,0
7004904219,7004904219,Oct-4 and CD44 in epithelial stem cells like of benign odontogenic lesions,"Monroy, E.A.C.| de Andrade Santos, P.P.| de Sousa Lopes, M.L.D.| Mosqueda-Taylor, A.| Pinto, L.P.| de Souza, L.B.",6.0,57202850501| 35745567100| 57217264269| 7004904219| 7103011417| 9733179300,2018.0,2018-10-01,Histochemistry and Cell Biology,150,4,371-377,-,ISSN-09486143,18548.0,Journal,Springer Verlag,English,0.71,49,4.5,13,0.919,8,1.1,32.0,17.0,0.48,10.42,30.0,48.0,0.0,0.0,"Monroy, E.A.C., de Andrade Santos, P.P., de Sousa Lopes, M.L.D. and 3 more (...) (2018).Oct-4 and CD44 in epithelial stem cells like of benign odontogenic lesions. Histochemistry and Cell Biology,150(4) 371-377",https://www.scopus.com/record/display.url?eid=2-s2.0-85049564595&origin=resultslist,10.1007/s00418-018-1692-7,Article,,2-s2.0-85049564595,29971493,Universidad Autónoma Metropolitana| Universidade Federal do Rio Grande do Norte,505017| 602042,Academic,2.0,60023857| 60010210,Universidade Federal do Rio Grande do Norte| Universidad Autónoma Metropolitana Unidad Xochimilco,57202850501,9733179300,9733179300,-,Mexico| Brazil,2.0,1307| 1312| 2722| 3607,Cell Biology| Molecular Biology| Histology| Medical Laboratory Technology,5,Life Sciences & Medicine,507| 532,Biological Sciences| Medicine,34| 32,Medical and Health| Life Sciences,31,Biological Sciences,3101,Biochemistry and cell biology,SDG 3,Salivary Gland Tumors and Congenital Conditions,572,28.777,Odontogenic Cysts and Keratocystic Tumors Insights,8096,83.961,Defensible,2018.0,17.0,N/A,"Monroy, E.A.C.| de Andrade Santos, P.P.| de Sousa Lopes, M.L.D.| Mosqueda-Taylor, A.| Pinto, L.P.| de Souza, L.B.",Universidad Autónoma Metropolitana| Universidade Federal do Rio Grande do Norte,Mexico| Brazil,0
7004904219,7004904219,KRAS mutations in brown tumor of the jaws in hyperparathyroidism,"Guimarães, L.M.| Gomes, I.P.| Pereira, T.D.S.F.| de Andrade, B.A.B.| Romañach, M.J.| de Lacerda, J.C.T.| Pontes, H.A.R.| Brennan, P.A.| Rahimi, S.| Carlos, R.| Mosqueda-Taylor, A.| Bologna-Molina, R.| Passador-Santos, F.| Gomez, R.S.| Gomes, C.C.",15.0,57194422137| 57216583308| 57207954898| 45660922700| 24469056900| 8575719000| 16231013400| 7402304465| 7004058732| 57213940291| 7004904219| 23466361400| 8850452900| 7402250311| 8248564500,2020.0,2020-09-01,Journal of Oral Pathology and Medicine,49,8,796-802,-,ISSN-09042512,26155.0,Journal,Blackwell Publishing Ltd,English,1.36,17,5.2,7,0.887,20,1.46,28.0,17.0,1.04,8.66,28.0,27.0,0.0,1.0,"Guimarães, L.M., Gomes, I.P., Pereira, T.D.S.F. and 12 more (...) (2020).KRAS mutations in brown tumor of the jaws in hyperparathyroidism. Journal of Oral Pathology and Medicine,49(8) 796-802",https://www.scopus.com/record/display.url?eid=2-s2.0-85090969788&origin=resultslist,10.1111/jop.13048,Article,,2-s2.0-85090969788,32492752,Faculdade São Leopoldo Mandic| Brighton and Sussex Medical School| Universidade Federal do Rio de Janeiro| Universidad Autónoma Metropolitana| Universidad de la República| Portsmouth Hospitals University NHS Trust| University of Portsmouth| Universidade Federal de Minas Gerais| University Hospitals Sussex NHS Foundation Trust| Universidade Federal do Pará,702530| 706781| 602041| 505017| 606001| 701856| 315093| 602027| 701676| 602039,Medical| Academic,10.0,60030074| 60000036| 112903337| 60001890| 60030999| 60025475| 60012806| 104910862| 60010210| 60071612| 60103619,Universidade Federal de Minas Gerais| Universidade Federal do Rio de Janeiro| Hospital Odilon Behrens| Universidade Federal do Pará| Queen Alexandra Hospital| University of Portsmouth| Royal Sussex County Hospital| Centro Clínico de Cabeza y Cuello| Universidad Autónoma Metropolitana Unidad Xochimilco| Universidad de la Republica| Faculdade São Leopoldo Mandic,57194422137,8248564500,8248564500,-,United Kingdom| Guatemala| Uruguay| Mexico| Brazil,5.0,1306| 2733| 2734| 3504| 3506,Cancer Research| Otorhinolaryngology| Pathology and Forensic Medicine| Oral Surgery| Periodontics,5,Life Sciences & Medicine,532| 514| 507,Medicine| Dentistry| Biological Sciences,34,Medical and Health,32,Biomedical And Clinical Sciences,3203,Dentistry,SDG 3,Genetic Insights into Neurofibromatosis and Tumor Dynamics,1047,13.931,Giant Cell Granulomas in Jaw Pathology,27277,58.741,Defensible,2020.0,17.0,N/A,"Guimarães, L.M.| Gomes, I.P.| Pereira, T.D.S.F.| de Andrade, B.A.B.| Romañach, M.J.| de Lacerda, J.C.T.| Pontes, H.A.R.| Brennan, P.A.| Rahimi, S.| Carlos, R.| Mosqueda-Taylor, A.| Bologna-Molina, R.| Passador-Santos, F.| Gomez, R.S.| Gomes, C.C.",Faculdade São Leopoldo Mandic| Brighton and Sussex Medical School| Universidade Federal do Rio de Janeiro| Universidad Autónoma Metropolitana| Universidad de la República| Portsmouth Hospitals University NHS Trust| University of Portsmouth| Universidade Federal de Minas Gerais| University Hospitals Sussex NHS Foundation Trust| Universidade Federal do Pará,United Kingdom| Guatemala| Uruguay| Mexico| Brazil,0
7004904219,7004904219,Comparative study between two different staging systems (AJCC TNM VS BALLANTYNE’S) for mucosal melanomas of the head & neck,"Luna-Ortiz, K.| Aguilar-Romero, M.| Villavicencio-Valencia, V.| Zepeda-Castilla, E.| Vidrio-Morgado, H.| Peteuil, N.| Mosqueda-Taylor, A.",7.0,6602757764| 57191041751| 12759378000| 35178870400| 57191032819| 57191041159| 7004904219,2016.0,2016-07-01,"Medicina Oral, Patologia Oral y Cirugia Bucal",21,4,e425-e430,21132,ISSN-16984447,144622.0,Journal,"Medicina Oral, Patologia Oral y Cirugia Bucal",English,1.11,23,2.8,25,0.649,31,0.87,20.0,16.0,1.47,5.45,32.0,20.0,0.0,1.0,"Luna-Ortiz, K., Aguilar-Romero, M., Villavicencio-Valencia, V. and 4 more (...) (2016).Comparative study between two different staging systems (AJCC TNM VS BALLANTYNE’S) for mucosal melanomas of the head & neck. Medicina Oral, Patologia Oral y Cirugia Bucal,21(4) e425-e430",https://www.scopus.com/record/display.url?eid=2-s2.0-84985945030&origin=resultslist,10.4317/medoral.21132,Article,Gold|Green,2-s2.0-84985945030,27031071,"Universidad Autónoma Metropolitana| Instituto Nacional de Cancerologia - Mexico| Universidad Nacional Autónoma de México| Hospital General ""Dr. Manuel Gea González""",505017| 505036| 505023| 715276,Medical| Government| Academic,4.0,60003352| 60019825| 60001570| 60032442| 60010210,"Hospital General ""Dr. Manuel Gea González""| Instituto Nacional de Cancerologia, México| Instituto de Seguridad y Servicios Sociales de los Trabajadores del Estado - ISSSTE| Universidad Nacional Autónoma de México| Universidad Autónoma Metropolitana Unidad Xochimilco",6602757764,7004904219,6602757764,-,Mexico,1.0,2733| 2746| 3500,Otorhinolaryngology| Surgery| General Dentistry,5,Life Sciences & Medicine,532| 514,Medicine| Dentistry,34,Medical and Health,32,Biomedical And Clinical Sciences,3203,Dentistry,SDG 3,Melanoma Diagnosis and Treatment,114,87.181,Mucosal Melanoma: Challenges and Treatment Insights,17934,80.708,Definitive,2016.0,16.0,N/A,"Luna-Ortiz, K.| Aguilar-Romero, M.| Villavicencio-Valencia, V.| Zepeda-Castilla, E.| Vidrio-Morgado, H.| Peteuil, N.| Mosqueda-Taylor, A.","Universidad Autónoma Metropolitana| Instituto Nacional de Cancerologia - Mexico| Universidad Nacional Autónoma de México| Hospital General ""Dr. Manuel Gea González""",Mexico,0
7004904219,7004904219,Benign epithelial oral lesions – association with human papillomavirus,"Piña, A.-R.| Fonseca, F.-P.| Pontes, F.-S.-C.| Pontes, H.-A.-R.| Pires, F.-R.| Mosqueda-Taylor, A.| Aguirre-Urizar, J.-M.| De Almeida, O.-P.",8.0,57208678786| 57574976000| 16230948500| 16231013400| 7004637769| 7004904219| 6603049895| 7006200042,2019.0,2019-05-01,Medicina Oral Patologia Oral y Cirugia Bucal,24,3,e290-e295,-,ISSN-16984447,144622.0,Journal,Medicina Oral S.L.,English,1.29,18,2.8,28,0.621,27,1.73,34.0,16.0,0.44,6.79,30.0,50.0,0.0,0.0,"Piña, A.-R., Fonseca, F.-P., Pontes, F.-S.-C. and 5 more (...) (2019).Benign epithelial oral lesions – association with human papillomavirus. Medicina Oral Patologia Oral y Cirugia Bucal,24(3) e290-e295",https://www.scopus.com/record/display.url?eid=2-s2.0-85065508272&origin=resultslist,10.4317/medoral.22817,Article,Gold|Green,2-s2.0-85065508272,31011139,Universidade Estadual de Campinas| Universidad Autónoma Metropolitana| Universidade Federal de Minas Gerais| Universidade do Estado do Rio de Janeiro| University of the Basque Country| Universidade Federal do Pará,602014| 505017| 602027| 602013| 312036| 602039,Academic,6.0,60029570| 60030074| 60001890| 60005499| 60010210| 60027856,Universidade Estadual de Campinas| Universidade Federal de Minas Gerais| Universidade Federal do Pará| Universidade do Estado do Rio de Janeiro| Universidad Autónoma Metropolitana Unidad Xochimilco| Universidad del Pais Vasco,57208678786,7006200042,57208678786,-,Spain| Mexico| Brazil,3.0,2733| 2746| 3500,Otorhinolaryngology| Surgery| General Dentistry,5,Life Sciences & Medicine,532| 514,Medicine| Dentistry,34,Medical and Health,32,Biomedical And Clinical Sciences,3203,Dentistry,-,Impact of HPV on Squamous Cell Carcinoma Outcomes,213,68.672,Human Papillomavirus and Oropharyngeal Carcinoma Insights,922,98.132,Very Good,2019.0,16.0,N/A,"Piña, A.-R.| Fonseca, F.-P.| Pontes, F.-S.-C.| Pontes, H.-A.-R.| Pires, F.-R.| Mosqueda-Taylor, A.| Aguirre-Urizar, J.-M.| De Almeida, O.-P.",Universidade Estadual de Campinas| Universidad Autónoma Metropolitana| Universidade Federal de Minas Gerais| Universidade do Estado do Rio de Janeiro| University of the Basque Country| Universidade Federal do Pará,Spain| Mexico| Brazil,0
7004904219,7004904219,Immunohistochemical expression of cyclooxygenase-2 (COX-2) in oral nevi and melanoma,"de Souza do Nascimento, J.| Carlos, R.| Delgado-Azañero, W.| Mosqueda Taylor, A.| de Almeida, O.P.| Romañach, M.J.| de Andrade, B.A.B.",7.0,57128643600| 57213940291| 6507731509| 7004904219| 7006200042| 24469056900| 45660922700,2016.0,2016-07-01,Journal of Oral Pathology and Medicine,45,6,440-443,-,ISSN-09042512,26155.0,Journal,Blackwell Publishing Ltd,English,0.97,30,3.7,13,0.778,27,1.25,36.0,15.0,0.74,6.74,33.0,37.0,0.0,0.0,"de Souza do Nascimento, J., Carlos, R., Delgado-Azañero, W. and 4 more (...) (2016).Immunohistochemical expression of cyclooxygenase-2 (COX-2) in oral nevi and melanoma. Journal of Oral Pathology and Medicine,45(6) 440-443",https://www.scopus.com/record/display.url?eid=2-s2.0-84990201195&origin=resultslist,10.1111/jop.12385,Article,,2-s2.0-84990201195,26608958,Universidad Peruana Cayetano Heredia| Universidade Estadual de Campinas| Universidade Federal Fluminense| Universidade Federal do Rio de Janeiro| Universidad Autónoma Metropolitana,605001| 602014| 602044| 602041| 505017,Academic,5.0,60001865| 112607738| 60071237| 60014923| 60029570| 60000036,Universidade Federal Fluminense| Centro Clínico de Cabeza y Cuello/Hospital Herrera Llerandi| Universidad Peruana Cayetano Heredia| Universidad Autónoma Metropolitana| Universidade Estadual de Campinas| Universidade Federal do Rio de Janeiro,57128643600,45660922700,45660922700,-,Guatemala| Mexico| Peru| Brazil,4.0,1306| 2733| 2734| 3504| 3506,Cancer Research| Otorhinolaryngology| Pathology and Forensic Medicine| Oral Surgery| Periodontics,5,Life Sciences & Medicine,507| 514| 532,Biological Sciences| Dentistry| Medicine,34,Medical and Health,32,Biomedical And Clinical Sciences,3203,Dentistry,SDG 3,Impact of Anti-Inflammatory Drugs on Cancer Progression,392,29.104,Cyclooxygenase 2 Role in Cancer Progression,350,91.079,Definitive,2016.0,15.0,N/A,"de Souza do Nascimento, J.| Carlos, R.| Delgado-Azañero, W.| Mosqueda Taylor, A.| de Almeida, O.P.| Romañach, M.J.| de Andrade, B.A.B.",Universidad Peruana Cayetano Heredia| Universidade Estadual de Campinas| Universidade Federal Fluminense| Universidade Federal do Rio de Janeiro| Universidad Autónoma Metropolitana,Guatemala| Mexico| Peru| Brazil,0
7004904219,7004904219,Oral Manifestations of Coronavirus Disease 2019 (COVID-19): A Comprehensive Clinicopathologic and Immunohistochemical Study,"Soares, C.D.| Souza, L.L.| De Carvalho, M.G.F.| Pontes, H.A.R.| Mosqueda-Taylor, A.| Hernandez-Guerrero, J.C.| Do Nascimento Medeiros, S.D.| De Oliveira Sales, A.| Alves, F.A.| Lopes Pinto, C.A.| De Almeida, O.P.",11.0,56708122100| 57195731822| 37077016100| 16231013400| 7004904219| 55989746900| 57471004800| 6507515019| 7005934197| 56742805400| 7006200042,2022.0,2022-04-01,American Journal of Surgical Pathology,46,4,528-536,-,ISSN-01475185,27085.0,Journal,Lippincott Williams and Wilkins,English,2.29,5,10.6,2,2.064,2,2.09,26.0,15.0,2.56,5.85,21.0,9.0,0.0,0.0,"Soares, C.D., Souza, L.L., De Carvalho, M.G.F. and 8 more (...) (2022).Oral Manifestations of Coronavirus Disease 2019 (COVID-19): A Comprehensive Clinicopathologic and Immunohistochemical Study. American Journal of Surgical Pathology,46(4) 528-536",https://www.scopus.com/record/display.url?eid=2-s2.0-85126739818&origin=resultslist,10.1097/PAS.0000000000001825,Article,Green,2-s2.0-85126739818,34720100,Universidade Estadual de Campinas| Universidad Autónoma Metropolitana| A.C.Camargo Cancer Center| Universidade de São Paulo| Universidad Nacional Autónoma de México,602014| 505017| 602051| 602049| 505023,Medical| Academic,5.0,60029570| 60008088| 60020303| 127870845| 127703807| 106773085| 60014923| 60032442,Universidade Estadual de Campinas| Universidade de São Paulo| A.C.Camargo Cancer Center| Laboratório de Citopatologia| Getúlio Sales Diagnósticos| João de Barros Barreto University Hospital| Universidad Autónoma Metropolitana| Universidad Nacional Autónoma de México,56708122100,7006200042,56708122100,-,Mexico| Brazil,2.0,2702| 2734| 2746,Anatomy| Pathology and Forensic Medicine| Surgery,5,Life Sciences & Medicine,503| 532,Anatomy & Physiology| Medicine,32| 34,Life Sciences| Medical and Health,32,Biomedical And Clinical Sciences,3202,Clinical sciences,SDG 3,"COVID-19, Its Impact, and Vaccination",1,99.935,Cutaneous Manifestations of COVID-19 Infection,16269,83.082,Very Good,2022.0,15.0,N/A,"Soares, C.D.| Souza, L.L.| De Carvalho, M.G.F.| Pontes, H.A.R.| Mosqueda-Taylor, A.| Hernandez-Guerrero, J.C.| Do Nascimento Medeiros, S.D.| De Oliveira Sales, A.| Alves, F.A.| Lopes Pinto, C.A.| De Almeida, O.P.",Universidade Estadual de Campinas| Universidad Autónoma Metropolitana| A.C.Camargo Cancer Center| Universidade de São Paulo| Universidad Nacional Autónoma de México,Mexico| Brazil,0
7004904219,7004904219,Inmunohistochemical detection of mastocytes in tissue from patients with actinic prurigo,"Martínez-Luna, E.| Bologna-Molina, R.| Mosqueda-Taylor, A.| Cuevas-González, J.-C.| Rodríguez-Lobato, E.| Martínez-Velasco, M.-A.| Vega-Memíje, M.-E.",7.0,16230862900| 23466361400| 7004904219| 55759220000| 36626421400| 56471800400| 56187754000,2015.0,2015-01-01,Journal of Clinical and Experimental Dentistry,7,5,e656-e659,-,ISSN-19895488,21100207619.0,Journal,Medicina Oral S.L.,English,0.91,34,0.9,70,0.342,55,0.4,14.0,15.0,1.1,5.46,34.0,27.0,0.0,0.0,"Martínez-Luna, E., Bologna-Molina, R., Mosqueda-Taylor, A. and 4 more (...) (2015).Inmunohistochemical detection of mastocytes in tissue from patients with actinic prurigo. Journal of Clinical and Experimental Dentistry,7(5) e656-e659",https://www.scopus.com/record/display.url?eid=2-s2.0-84950138053&origin=resultslist,10.4317/jced.52823,Article,Bronze|Green,2-s2.0-84950138053,-,"Universidad Autónoma Metropolitana| Universidad Juarez del Estado de Durango| Hospital General ""Dr. Manuel Gea González""",505017| 704853| 715276,Medical| Academic,3.0,60003352| 60014403| 60014923,"Hospital General ""Dr. Manuel Gea González""| Universidad Juárez del Estado de Durango| Universidad Autónoma Metropolitana",16230862900,56187754000,56187754000,-,Mexico,1.0,3500,General Dentistry,5,Life Sciences & Medicine,514,Dentistry,34,Medical and Health,30| 32,"Agricultural, Veterinary And Food Sciences| Biomedical And Clinical Sciences",3009| 3202| 3203,Veterinary sciences| Clinical sciences| Dentistry,-,Skin Sensitization and Occupational Health Risks,862,23.414,Photosensitivity Disorders and Their Management,16096,69.122,Definitive,2015.0,15.0,N/A,"Martínez-Luna, E.| Bologna-Molina, R.| Mosqueda-Taylor, A.| Cuevas-González, J.-C.| Rodríguez-Lobato, E.| Martínez-Velasco, M.-A.| Vega-Memíje, M.-E.","Universidad Autónoma Metropolitana| Universidad Juarez del Estado de Durango| Hospital General ""Dr. Manuel Gea González""",Mexico,0
7004904219,7004904219,"A Comparison of Ki67, Syndecan-1 (CD138), and Molecular RANK, RANKL, and OPG Triad Expression in Odontogenic Keratocyts, Unicystic Ameloblastoma, and Dentigerous Cysts","Brito-Mendoza, L.| Bologna-Molina, R.| Irigoyen-Camacho, M.E.| Martinez, G.| Sánchez-Romero, C.| Mosqueda-Taylor, A.",6.0,57205153102| 23466361400| 6603265505| 57205158019| 57190013276| 7004904219,2018.0,2018-01-01,Disease Markers,2018,-,-,7048531,ISSN-02780240,29729.0,Journal,Hindawi Limited,English,0.97,32,4.3,32,0.867,26,0.48,24.0,14.0,0.57,10.57,34.0,44.0,0.0,0.0,"Brito-Mendoza, L., Bologna-Molina, R., Irigoyen-Camacho, M.E. and 3 more (...) (2018).A Comparison of Ki67, Syndecan-1 (CD138), and Molecular RANK, RANKL, and OPG Triad Expression in Odontogenic Keratocyts, Unicystic Ameloblastoma, and Dentigerous Cysts. Disease Markers,2018",https://www.scopus.com/record/display.url?eid=2-s2.0-85058844539&origin=resultslist,10.1155/2018/7048531,Article,Hybrid gold|Green,2-s2.0-85058844539,30151060,Universidade Estadual de Campinas| Universidad Autónoma Metropolitana| Universidad de la República,602014| 505017| 606001,Academic,3.0,60010210| 60071612| 60029570,Universidad Autónoma Metropolitana Unidad Xochimilco| Universidad de la Republica| Universidade Estadual de Campinas,57205153102,7004904219,23466361400,-,Mexico| Uruguay| Brazil,3.0,1308| 1311| 1312| 2704,Clinical Biochemistry| Genetics| Molecular Biology| Biochemistry (medical),5,Life Sciences & Medicine,532| 507,Medicine| Biological Sciences,34| 32,Medical and Health| Life Sciences,32,Biomedical And Clinical Sciences,3208,Medical physiology,-,Salivary Gland Tumors and Congenital Conditions,572,28.777,Odontogenic Cysts and Keratocystic Tumors Insights,8096,83.961,Very Good,2018.0,14.0,N/A,"Brito-Mendoza, L.| Bologna-Molina, R.| Irigoyen-Camacho, M.E.| Martinez, G.| Sánchez-Romero, C.| Mosqueda-Taylor, A.",Universidade Estadual de Campinas| Universidad Autónoma Metropolitana| Universidad de la República,Mexico| Uruguay| Brazil,0
7004904219,7004904219,MicroRNAs expression profile in solid and unicystic ameloblastomas,"Setién-Olarra, A.| Marichalar-Mendia, X.| Bediaga, N.G.| Aguirre-Echebarria, P.| Aguirre-Urizar, J.M.| Mosqueda-Taylor, A.",6.0,55661872400| 37059326600| 59918648800| 57196088459| 6603049895| 7004904219,2017.0,2017-10-01,PLoS ONE,12,10,-,e0186841,ISSN-19326203,10600153309.0,Journal,Public Library of Science,English,1.16,22,5.7,8,1.164,13,0.77,25.0,14.0,0.46,17.34,35.0,49.0,0.0,0.0,"Setién-Olarra, A., Marichalar-Mendia, X., Bediaga, N.G. and 3 more (...) (2017).MicroRNAs expression profile in solid and unicystic ameloblastomas. PLoS ONE,12(10) ",https://www.scopus.com/record/display.url?eid=2-s2.0-85031827928&origin=resultslist,10.1371/journal.pone.0186841,Article,Gold|Green,2-s2.0-85031827928,29053755,Universidad Autónoma Metropolitana| Hospital Universitario Donostia| University of the Basque Country,505017| 312085| 312036,Medical| Academic,3.0,60027856| 60007263| 60010210,"Universidad del Pais Vasco| Osakidetza, Donostia University Hospital| Universidad Autónoma Metropolitana Unidad Xochimilco",55661872400,7004904219,37059326600,-,Mexico| Spain,2.0,1000,Multidisciplinary,-,-,-,-,-,-,MD,Multidisciplinary,MD,Multidisciplinary,-,Salivary Gland Tumors and Congenital Conditions,572,28.777,Ameloblastoma: Insights into Odontogenic Tumors,9232,86.617,Very Good,2017.0,14.0,N/A,"Setién-Olarra, A.| Marichalar-Mendia, X.| Bediaga, N.G.| Aguirre-Echebarria, P.| Aguirre-Urizar, J.M.| Mosqueda-Taylor, A.",Universidad Autónoma Metropolitana| Hospital Universitario Donostia| University of the Basque Country,Mexico| Spain,0
7004904219,7004904219,Primordial odontogenic tumor: Subepithelial expression of Syndecan-1 and Ki-67 suggests origin during early odontogenesis,"Bologna-Molina, R.| Mikami, T.| Pereira-Prado, V.| Tapia-Repetto, G.| Pires, F.R.| Carlos, R.| Mosqueda-Taylor, A.",7.0,23466361400| 25225620700| 57191896460| 57200827384| 7004637769| 57213940291| 7004904219,2018.0,2018-03-01,Oral Diseases,24,1-2,72-77,-,ISSN-1354523X,22815.0,Journal,Blackwell Publishing Ltd,English,1.07,27,4,11,0.853,16,1.06,27.0,14.0,1.31,6.12,34.0,22.0,0.0,0.0,"Bologna-Molina, R., Mikami, T., Pereira-Prado, V. and 4 more (...) (2018).Primordial odontogenic tumor: Subepithelial expression of Syndecan-1 and Ki-67 suggests origin during early odontogenesis. Oral Diseases,24(1-2) 72-77",https://www.scopus.com/record/display.url?eid=2-s2.0-85042517553&origin=resultslist,10.1111/odi.12733,Article,,2-s2.0-85042517553,29480622,Universidad Autónoma Metropolitana| Universidad de la República| Iwate Medical University| Universidade do Estado do Rio de Janeiro,505017| 606001| 208041| 602013,Academic,4.0,60071612| 60016350| 60005499| 112607738| 60010210,Universidad de la Republica| Iwate Medical University| Universidade do Estado do Rio de Janeiro| Centro Clínico de Cabeza y Cuello/Hospital Herrera Llerandi| Universidad Autónoma Metropolitana Unidad Xochimilco,23466361400,7004904219,23466361400,-,Guatemala| Mexico| Uruguay| Japan| Brazil,5.0,2733| 3500,Otorhinolaryngology| General Dentistry,5,Life Sciences & Medicine,514| 532,Dentistry| Medicine,34,Medical and Health,32,Biomedical And Clinical Sciences,3203,Dentistry,SDG 3,Cleft Lip and Palate Treatment Innovations,938,26.095,Histological and Immunohistochemical Aspects of Odontogenic Lesions,69270,41.974,Very Good,2018.0,14.0,N/A,"Bologna-Molina, R.| Mikami, T.| Pereira-Prado, V.| Tapia-Repetto, G.| Pires, F.R.| Carlos, R.| Mosqueda-Taylor, A.",Universidad Autónoma Metropolitana| Universidad de la República| Iwate Medical University| Universidade do Estado do Rio de Janeiro,Guatemala| Mexico| Uruguay| Japan| Brazil,0
7004904219,7004904219,"Immunohistochemical expression of podoplanin (D2-40), lymphangiogenesis, and neoangiogenesis in tooth germ, ameloblastomas, and ameloblastic carcinomas","Sánchez-Romero, C.| Bologna-Molina, R.| Mosqueda-Taylor, A.| de Almeida, O.P.",4.0,57190013276| 23466361400| 7004904219| 7006200042,2017.0,2017-09-01,Journal of Oral Pathology and Medicine,46,8,618-624,-,ISSN-09042512,26155.0,Journal,Blackwell Publishing Ltd,English,0.92,34,3.6,16,0.791,30,0.79,18.0,12.0,0.79,7.55,38.0,35.0,0.0,0.0,"Sánchez-Romero, C., Bologna-Molina, R., Mosqueda-Taylor, A. and 1 more (...) (2017).Immunohistochemical expression of podoplanin (D2-40), lymphangiogenesis, and neoangiogenesis in tooth germ, ameloblastomas, and ameloblastic carcinomas. Journal of Oral Pathology and Medicine,46(8) 618-624",https://www.scopus.com/record/display.url?eid=2-s2.0-85005992180&origin=resultslist,10.1111/jop.12524,Article,,2-s2.0-85005992180,27859616,Universidade Estadual de Campinas| Universidad Autónoma Metropolitana| Universidad de la República,602014| 505017| 606001,Academic,3.0,60029570| 60071612| 60010210,Universidade Estadual de Campinas| Universidad de la Republica| Universidad Autónoma Metropolitana Unidad Xochimilco,57190013276,7006200042,57190013276,-,Uruguay| Mexico| Brazil,3.0,1306| 2733| 2734| 3504| 3506,Cancer Research| Otorhinolaryngology| Pathology and Forensic Medicine| Oral Surgery| Periodontics,5,Life Sciences & Medicine,507| 514| 532,Biological Sciences| Dentistry| Medicine,34,Medical and Health,32,Biomedical And Clinical Sciences,3203,Dentistry,SDG 3,Lymphatic Function and Cancer Treatment Insights,1008,32.112,Podoplanin's Role in Tumor Progression and Therapy,38606,82.389,Very Good,2017.0,12.0,N/A,"Sánchez-Romero, C.| Bologna-Molina, R.| Mosqueda-Taylor, A.| de Almeida, O.P.",Universidade Estadual de Campinas| Universidad Autónoma Metropolitana| Universidad de la República,Uruguay| Mexico| Brazil,0
7004904219,7004904219,An international collaborative study of 105 new cases of adenomatoid odontogenic tumors,"Roza, A.L.O.C.| Carlos, R.| van Heerden, W.F.P.| de Andrade, B.A.B.| Mosqueda-Taylor, A.| Santos-Silva, A.R.| Lopes, M.A.| de Almeida, O.P.| Romañach, M.J.| Vargas, P.A.",10.0,57211403633| 57213940291| 7003568460| 45660922700| 7004904219| 24469152300| 7202369029| 7006200042| 24469056900| 7005330448,2021.0,2021-09-01,"Oral Surgery, Oral Medicine, Oral Pathology and Oral Radiology",132,3,327-338,-,ISSN-22124403,21100204102.0,Journal,Mosby Inc.,English,1.27,20,3.9,19,0.57,31,1.33,22.0,11.0,1.45,5.5,34.0,19.0,0.0,0.0,"Roza, A.L.O.C., Carlos, R., van Heerden, W.F.P. and 7 more (...) (2021).An international collaborative study of 105 new cases of adenomatoid odontogenic tumors. Oral Surgery, Oral Medicine, Oral Pathology and Oral Radiology,132(3) 327-338",https://www.scopus.com/record/display.url?eid=2-s2.0-85087932927&origin=resultslist,10.1016/j.oooo.2020.06.001,Article,Green,2-s2.0-85087932927,32680811,Universidade Estadual de Campinas| Universidade Federal do Rio de Janeiro| Universidad Autónoma Metropolitana| University of Pretoria,602014| 602041| 505017| 115007,Academic,4.0,60029570| 112607738| 60021902| 60000036| 60010210,Universidade Estadual de Campinas| Centro Clínico de Cabeza y Cuello/Hospital Herrera Llerandi| University of Pretoria| Universidade Federal do Rio de Janeiro| Universidad Autónoma Metropolitana Unidad Xochimilco,57211403633,7005330448,7005330448,-,Guatemala| Mexico| South Africa| Brazil,4.0,2734| 2741| 2746| 3501| 3504,"Pathology and Forensic Medicine| Radiology, Nuclear Medicine and Imaging| Surgery| Dentistry (miscellaneous)| Oral Surgery",5,Life Sciences & Medicine,514| 532,Dentistry| Medicine,34,Medical and Health,30| 32,"Agricultural, Veterinary And Food Sciences| Biomedical And Clinical Sciences",3203| 3202| 3009,Dentistry| Clinical sciences| Veterinary sciences,-,Salivary Gland Tumors and Congenital Conditions,572,28.777,Odontogenic Tumors and Their Clinical Significance,29716,67.135,Definitive,2021.0,11.0,N/A,"Roza, A.L.O.C.| Carlos, R.| van Heerden, W.F.P.| de Andrade, B.A.B.| Mosqueda-Taylor, A.| Santos-Silva, A.R.| Lopes, M.A.| de Almeida, O.P.| Romañach, M.J.| Vargas, P.A.",Universidade Estadual de Campinas| Universidade Federal do Rio de Janeiro| Universidad Autónoma Metropolitana| University of Pretoria,Guatemala| Mexico| South Africa| Brazil,0
7004904219,7004904219,Primordial odontogenic tumor: report of 2 new cases,"Delgado-Azañero, W.A.| de Almeida, O.P.| Pereira, A.A.C.| de Oliveira, C.E.| Dias, M.A.| Florez-Valderrama, G.| de Lima Morais, T.M.| Mariz, B.A.L.A.| Mosqueda-Taylor, A.",9.0,6507731509| 7006200042| 24336061600| 57213448319| 57215523349| 57219186258| 57201634282| 56333325300| 7004904219,2021.0,2021-08-01,"Oral Surgery, Oral Medicine, Oral Pathology and Oral Radiology",132,2,e69-e77,-,ISSN-22124403,21100204102.0,Journal,Mosby Inc.,English,1.27,20,3.9,19,0.57,31,1.86,28.0,11.0,1.45,5.5,34.0,19.0,0.0,0.0,"Delgado-Azañero, W.A., de Almeida, O.P., Pereira, A.A.C. and 6 more (...) (2021).Primordial odontogenic tumor: report of 2 new cases. Oral Surgery, Oral Medicine, Oral Pathology and Oral Radiology,132(2) e69-e77",https://www.scopus.com/record/display.url?eid=2-s2.0-85091613724&origin=resultslist,10.1016/j.oooo.2020.08.004,Article,,2-s2.0-85091613724,32981867,Universidad Peruana Cayetano Heredia| Universidade Federal de Alfenas| Universidade Estadual de Campinas| Universidad Autónoma Metropolitana,605001| 702453| 602014| 505017,Academic,4.0,60071237| 60029570| 60002101| 121578008| 125162095| 60010210,Universidad Peruana Cayetano Heredia| Universidade Estadual de Campinas| Universidade Federal de Alfenas| Inapós School of Dentistry| Hospital III Juliaca ESSALUD| Universidad Autónoma Metropolitana Unidad Xochimilco,6507731509,7004904219,7004904219,-,Mexico| Peru| Brazil,3.0,2734| 2741| 2746| 3501| 3504,"Pathology and Forensic Medicine| Radiology, Nuclear Medicine and Imaging| Surgery| Dentistry (miscellaneous)| Oral Surgery",5,Life Sciences & Medicine,532| 514,Medicine| Dentistry,34,Medical and Health,32| 30,"Biomedical And Clinical Sciences| Agricultural, Veterinary And Food Sciences",3009| 3203| 3202,Veterinary sciences| Dentistry| Clinical sciences,-,Cleft Lip and Palate Treatment Innovations,938,26.095,Histological and Immunohistochemical Aspects of Odontogenic Lesions,69270,41.974,Definitive,2021.0,11.0,N/A,"Delgado-Azañero, W.A.| de Almeida, O.P.| Pereira, A.A.C.| de Oliveira, C.E.| Dias, M.A.| Florez-Valderrama, G.| de Lima Morais, T.M.| Mariz, B.A.L.A.| Mosqueda-Taylor, A.",Universidad Peruana Cayetano Heredia| Universidade Federal de Alfenas| Universidade Estadual de Campinas| Universidad Autónoma Metropolitana,Mexico| Peru| Brazil,0
7004904219,7004904219,"Comparison of fatty acid synthase and cyclooxygenase-2 immunoexpression in embryonal, benign, and malignant odontogenic tissues","Sánchez-Romero, C.| Mosqueda-Taylor, A.| Delgado-Azañero, W.| Paes de Almedia, O.| Bologna-Molina, R.",5.0,57190013276| 7004904219| 6507731509| 57205561863| 23466361400,2019.0,2019-04-01,"Oral Surgery, Oral Medicine, Oral Pathology and Oral Radiology",127,4,309-317,-,ISSN-22124403,21100204102.0,Journal,Mosby Inc.,English,1.07,27,3.1,16,0.686,19,1.27,29.0,10.0,0.61,6.56,40.0,42.0,0.0,0.0,"Sánchez-Romero, C., Mosqueda-Taylor, A., Delgado-Azañero, W. and 2 more (...) (2019).Comparison of fatty acid synthase and cyclooxygenase-2 immunoexpression in embryonal, benign, and malignant odontogenic tissues. Oral Surgery, Oral Medicine, Oral Pathology and Oral Radiology,127(4) 309-317",https://www.scopus.com/record/display.url?eid=2-s2.0-85060550493&origin=resultslist,10.1016/j.oooo.2018.12.020,Article,,2-s2.0-85060550493,30692057,Universidad Peruana Cayetano Heredia| Universidade Estadual de Campinas| Universidad Autónoma Metropolitana| Universidad de la República,605001| 602014| 505017| 606001,Academic,4.0,60029570| 60010210| 60071237| 60071612,Universidade Estadual de Campinas| Universidad Autónoma Metropolitana Unidad Xochimilco| Universidad Peruana Cayetano Heredia| Universidad de la Republica,57190013276,23466361400,57190013276,-,Mexico| Uruguay| Peru| Brazil,4.0,2734| 2741| 2746| 3501| 3504,"Pathology and Forensic Medicine| Radiology, Nuclear Medicine and Imaging| Surgery| Dentistry (miscellaneous)| Oral Surgery",5,Life Sciences & Medicine,532| 514,Medicine| Dentistry,34,Medical and Health,30| 32,"Agricultural, Veterinary And Food Sciences| Biomedical And Clinical Sciences",3202| 3203| 3009,Clinical sciences| Dentistry| Veterinary sciences,SDG 3,Cellular Mechanisms Linking Diabetes and Cancer Risk,254,66.514,Fatty Acid Synthase and Lipid Metabolism in Cancer,9333,97.526,Very Good,2019.0,10.0,N/A,"Sánchez-Romero, C.| Mosqueda-Taylor, A.| Delgado-Azañero, W.| Paes de Almedia, O.| Bologna-Molina, R.",Universidad Peruana Cayetano Heredia| Universidade Estadual de Campinas| Universidad Autónoma Metropolitana| Universidad de la República,Mexico| Uruguay| Peru| Brazil,0
7004904219,7004904219,Characterization of juvenile spongiotic gingival hyperplasia as an entity of odontogenic origin,"Mendoza, I.L.-I.| Alberdi-Navarro, J.| Marichalar-Mendia, X.| Mosqueda-Taylor, A.| Aguirre-Urizar, J.M.",5.0,57808661500| 57193225437| 37059326600| 7004904219| 6603049895,2019.0,2019-01-01,Journal of Periodontology,90,12,1490-1495,-,ISSN-00223492,26173.0,Journal,John Wiley and Sons Inc,English,1.36,16,5.2,23,1.564,20,0.74,17.0,10.0,0.26,11.54,40.0,61.0,0.0,0.0,"Mendoza, I.L.-I., Alberdi-Navarro, J., Marichalar-Mendia, X. and 2 more (...) (2019).Characterization of juvenile spongiotic gingival hyperplasia as an entity of odontogenic origin. Journal of Periodontology,90(12) 1490-1495",https://www.scopus.com/record/display.url?eid=2-s2.0-85076446603&origin=resultslist,10.1002/JPER.19-0022,Article,,2-s2.0-85076446603,31294824,Universidad Autónoma Metropolitana| University of the Basque Country,505017| 312036,Academic,2.0,60027856| 123648060| 60010210,Universidad del Pais Vasco| Diagnostic Service of Oral and Maxillofacial Pathology (SDPOMF SL)| Universidad Autónoma Metropolitana Unidad Xochimilco,57808661500,6603049895,6603049895,-,Mexico| Spain,2.0,3506,Periodontics,5,Life Sciences & Medicine,514,Dentistry,34,Medical and Health,32,Biomedical And Clinical Sciences,3203,Dentistry,-,Cleft Lip and Palate Treatment Innovations,938,26.095,Epithelial Dynamics in Gingival Hyperplasia and Periodontal Health,78777,13.89,Definitive,2019.0,10.0,N/A,"Mendoza, I.L.-I.| Alberdi-Navarro, J.| Marichalar-Mendia, X.| Mosqueda-Taylor, A.| Aguirre-Urizar, J.M.",Universidad Autónoma Metropolitana| University of the Basque Country,Mexico| Spain,0
7004904219,7004904219,Differential expression of glypican-1 in ameloblastoma variants,"Bologna-Molina, R.| Mosqueda-Taylor, A.| Molina-Frechero, N.",3.0,23466361400| 7004904219| 55995913500,2015.0,2015-02-28,Applied Immunohistochemistry and Molecular Morphology,23,2,153-160,-,ISSN-15412016,16807.0,Journal,Lippincott Williams and Wilkins,English,0.72,46,3.1,25,0.682,15,1.06,23.0,10.0,1.14,6.15,42.0,26.0,0.0,0.0,"Bologna-Molina, R., Mosqueda-Taylor, A., Molina-Frechero, N. (2015).Differential expression of glypican-1 in ameloblastoma variants. Applied Immunohistochemistry and Molecular Morphology,23(2) 153-160",https://www.scopus.com/record/display.url?eid=2-s2.0-84923789490&origin=resultslist,10.1097/PAI.0000000000000042,Article,,2-s2.0-84923789490,25046223,Universidad Autónoma Metropolitana| Universidad de la República,505017| 606001,Academic,2.0,60071612| 60010210,Universidad de la Republica| Universidad Autónoma Metropolitana Unidad Xochimilco,23466361400,55995913500,23466361400,-,Uruguay| Mexico,2.0,2722| 2734| 3607,Histology| Pathology and Forensic Medicine| Medical Laboratory Technology,5,Life Sciences & Medicine,532,Medicine,34,Medical and Health,30| 32,"Agricultural, Veterinary And Food Sciences| Biomedical And Clinical Sciences",3009| 3202| 3211,Veterinary sciences| Clinical sciences| Oncology and carcinogenesis,-,Hepatocellular Carcinoma Management,223,81.295,Glypican-3 in Liver Tumor Dynamics,24570,80.745,Very Good,2015.0,10.0,N/A,"Bologna-Molina, R.| Mosqueda-Taylor, A.| Molina-Frechero, N.",Universidad Autónoma Metropolitana| Universidad de la República,Uruguay| Mexico,0
7004904219,7004904219,Immunolocalization of VEGF-A and orosomucoid-1 in odontogenic myxoma,"Bologna-Molina, R.| Mosqueda-Taylor, A.| Domínguez-Malagón, H.| Salazar-Rodríguez, S.| Tapia, G.| Gónzalez-Gónzalez, R.| Molina-Frechero, N.",7.0,23466361400| 7004904219| 55993692100| 36500259800| 56720191300| 55044208200| 55995913500,2015.0,2015-01-01,Romanian Journal of Morphology and Embryology,56,2,465-473,-,ISSN-12200522,83472.0,Journal,Editura Academiei Romane,English,0.56,58,1.4,64,0.352,56,0.92,24.0,9.0,0.64,7.77,44.0,40.0,0.0,0.0,"Bologna-Molina, R., Mosqueda-Taylor, A., Domínguez-Malagón, H. and 4 more (...) (2015).Immunolocalization of VEGF-A and orosomucoid-1 in odontogenic myxoma. Romanian Journal of Morphology and Embryology,56(2) 465-473",https://www.scopus.com/record/display.url?eid=2-s2.0-84936993642&origin=resultslist,-,Article,,2-s2.0-84936993642,26193215,Universidad Autónoma Metropolitana| Universidad de la República| Universidad Juarez del Estado de Durango| Instituto Nacional de Cancerologia - Mexico| National School of Public Health,505017| 606001| 704853| 505036| 704638,Academic| Government,5.0,60071612| 60010210| 60019825| 60066326| 60014403,"Universidad de la Republica| Universidad Autónoma Metropolitana Unidad Xochimilco| Instituto Nacional de Cancerologia, México| Instituto Nacional de Oncologia y Radiobiologia, Havana, cu| Universidad Juárez del Estado de Durango",23466361400,55995913500,23466361400,-,Uruguay| Mexico| Cuba,3.0,1307| 1309| 2710| 2734,Cell Biology| Developmental Biology| Embryology| Pathology and Forensic Medicine,5,Life Sciences & Medicine,507| 532,Biological Sciences| Medicine,34| 32,Medical and Health| Life Sciences,32,Biomedical And Clinical Sciences,3211| 3202| 3203,Oncology and carcinogenesis| Clinical sciences| Dentistry,SDG 3,Molecular Insights into Tumor Dynamics and Treatment,141,43.558,Myxoma and Odontogenic Tumor Insights,23035,53.793,Very Good,2015.0,9.0,N/A,"Bologna-Molina, R.| Mosqueda-Taylor, A.| Domínguez-Malagón, H.| Salazar-Rodríguez, S.| Tapia, G.| Gónzalez-Gónzalez, R.| Molina-Frechero, N.",Universidad Autónoma Metropolitana| Universidad de la República| Universidad Juarez del Estado de Durango| Instituto Nacional de Cancerologia - Mexico| National School of Public Health,Uruguay| Mexico| Cuba,0
7004904219,7004904219,Therapeutic management of the odontogenic keratocyst. An energetic approach with a conservative perspective and review of the current therapeutic options,"Borrás-Ferreres, J.| Sánchez-Torres, A.| Alberdi-Navarro, J.| Aguirre-Urizar, J.M.| Mosqueda-Taylor, A.| Gay-Escoda, C.",6.0,57193229406| 56258801800| 57193225437| 6603049895| 7004904219| 7006324998,2020.0,2020-08-01,Journal of Clinical and Experimental Dentistry,12,8,e794-e799,-,ISSN-19895488,21100207619.0,Journal,Medicina Oral S.L.,English,1.03,30,2.5,41,0.481,46,0.88,26.0,9.0,0.64,7.77,42.0,40.0,0.0,0.0,"Borrás-Ferreres, J., Sánchez-Torres, A., Alberdi-Navarro, J. and 3 more (...) (2020).Therapeutic management of the odontogenic keratocyst. An energetic approach with a conservative perspective and review of the current therapeutic options. Journal of Clinical and Experimental Dentistry,12(8) e794-e799",https://www.scopus.com/record/display.url?eid=2-s2.0-85089278165&origin=resultslist,10.4317/jced.56722,Article,Gold|Green,2-s2.0-85089278165,-,Universidad Autónoma Metropolitana| University of the Basque Country| University of Barcelona| Bellvitge Biomedical Research Institute,505017| 312036| 312046| 700990,Academic,4.0,123068488| 60001576| 60027856| 60010210| 60025847,EFHRE International University| Universitat de Barcelona| Universidad del Pais Vasco| Universidad Autónoma Metropolitana Unidad Xochimilco| Institut d'Investigació Biomedica de Bellvitge,57193229406,7006324998,57193229406,-,Mexico| Spain,2.0,3500,General Dentistry,5,Life Sciences & Medicine,514,Dentistry,34,Medical and Health,32| 30,"Biomedical And Clinical Sciences| Agricultural, Veterinary And Food Sciences",3009| 3203| 3202,Veterinary sciences| Dentistry| Clinical sciences,-,Salivary Gland Tumors and Congenital Conditions,572,28.777,Odontogenic Cysts and Keratocystic Tumors Insights,8096,83.961,Definitive,2020.0,9.0,N/A,"Borrás-Ferreres, J.| Sánchez-Torres, A.| Alberdi-Navarro, J.| Aguirre-Urizar, J.M.| Mosqueda-Taylor, A.| Gay-Escoda, C.",Universidad Autónoma Metropolitana| University of the Basque Country| University of Barcelona| Bellvitge Biomedical Research Institute,Mexico| Spain,0
7004904219,7004904219,Evaluation of the osteoclastogenic process associated with RANK / RANK-L / OPG in odontogenic myxomas,"González-Galván, M.C.| Mosqueda-Taylor, A.| Bologna-Molina, R.| Setien-Olarra, A.| Marichalar-Mendia, X.| Aguirre-Urizar, J.-M.",6.0,55942004800| 7004904219| 23466361400| 55661872400| 37059326600| 6603049895,2018.0,2018-05-01,Medicina Oral Patologia Oral y Cirugia Bucal,23,3,e315-e319,22372,ISSN-16984447,144622.0,Journal,Medicina Oral S.L.,English,1.08,26,2.7,25,0.623,28,2.16,37.0,8.0,0.92,6.5,46.0,31.0,0.0,0.0,"González-Galván, M.C., Mosqueda-Taylor, A., Bologna-Molina, R. and 3 more (...) (2018).Evaluation of the osteoclastogenic process associated with RANK / RANK-L / OPG in odontogenic myxomas. Medicina Oral Patologia Oral y Cirugia Bucal,23(3) e315-e319",https://www.scopus.com/record/display.url?eid=2-s2.0-85046707862&origin=resultslist,10.4317/medoral.22372,Article,Gold|Green,2-s2.0-85046707862,29680857,Universidad Autónoma Metropolitana| Universidad Nacional de Asunción| University of the Basque Country,505017| 702974| 312036,Academic,3.0,60072737| 60010210| 120180630| 60027856,Universidad Nacional de Asuncion| Universidad Autónoma Metropolitana Unidad Xochimilco| University of the Republic (UDELAR)| Universidad del Pais Vasco,55942004800,6603049895,6603049895,-,Paraguay| Spain| Uruguay| Mexico,4.0,2733| 2746| 3500,Otorhinolaryngology| Surgery| General Dentistry,5,Life Sciences & Medicine,514| 532,Dentistry| Medicine,34,Medical and Health,32,Biomedical And Clinical Sciences,3203,Dentistry,-,Cleft Lip and Palate Treatment Innovations,938,26.095,Clinical Features and Management of Odontogenic Tumors,18981,71.22,Very Good,2018.0,8.0,N/A,"González-Galván, M.C.| Mosqueda-Taylor, A.| Bologna-Molina, R.| Setien-Olarra, A.| Marichalar-Mendia, X.| Aguirre-Urizar, J.-M.",Universidad Autónoma Metropolitana| Universidad Nacional de Asunción| University of the Basque Country,Paraguay| Spain| Uruguay| Mexico,0
7004904219,7004904219,Dermoscopic patterns of filiform papillae of the tongue in patients with and without connective tissue autoimmune diseases,"Díaz-González, J.M.| Vega-Memije, M.E.| Mosqueda-Taylor, A.| García-Edgar, V.N.| Cuevas-González, J.C.",5.0,60575817600| 56187754000| 7004904219| 57202865986| 55759220000,2018.0,2018-08-01,International Journal of Dermatology,57,8,938-942,-,ISSN-00119059,24838.0,Journal,Blackwell Publishing Ltd,English,0.91,36,2.7,38,0.626,37,0.62,11.0,7.0,0.43,6.93,49.0,51.0,0.0,0.0,"Díaz-González, J.M., Vega-Memije, M.E., Mosqueda-Taylor, A. and 2 more (...) (2018).Dermoscopic patterns of filiform papillae of the tongue in patients with and without connective tissue autoimmune diseases. International Journal of Dermatology,57(8) 938-942",https://www.scopus.com/record/display.url?eid=2-s2.0-85049645986&origin=resultslist,10.1111/ijd.14038,Article,,2-s2.0-85049645986,29774953,"Universidad Autónoma Metropolitana| Universidad Autonoma de Ciudad Juarez| Hospital General ""Dr. Manuel Gea González""| Instituto Nacional de Ciencias Medicas y Nutricion Salvador Zubiran",505017| 706746| 715276| 505009,Medical| Academic| Government,4.0,60009149| 60003352| 60014923| 60008167,"Instituto Nacional de la Nutrición Salvador Zubiran| Hospital General ""Dr. Manuel Gea González""| Universidad Autónoma Metropolitana| Universidad Autónoma de Ciudad Juárez",60575817600,55759220000,56187754000,-,Mexico,1.0,2708,Dermatology,5,Life Sciences & Medicine,532,Medicine,34,Medical and Health,32,Biomedical And Clinical Sciences,3202,Clinical sciences,-,Enhancing Quality of Life through Cosmetic Treatments,201,68.869,Black Hairy Tongue and Related Conditions,85705,41.609,Weak,2018.0,7.0,N/A,"Díaz-González, J.M.| Vega-Memije, M.E.| Mosqueda-Taylor, A.| García-Edgar, V.N.| Cuevas-González, J.C.","Universidad Autónoma Metropolitana| Universidad Autonoma de Ciudad Juarez| Hospital General ""Dr. Manuel Gea González""| Instituto Nacional de Ciencias Medicas y Nutricion Salvador Zubiran",Mexico,0
7004904219,7004904219, Tumors of the oral cavity: CO 2 laser management ,"Luna-Ortiz, K.| Hidalgo-Bahena, S.C.| Muñoz-Gutiérrez, T.L.| Mosqueda-Taylor, A.",4.0,6602757764| 57205250219| 57205243180| 7004904219,2019.0,2019-01-01,Medicina Oral Patologia Oral y Cirugia Bucal,24,1,e84-e88,-,ISSN-16984447,144622.0,Journal,Medicina Oral S.L.,English,1.29,18,2.8,28,0.621,27,1.54,33.0,7.0,0.74,6.79,47.0,37.0,0.0,0.0,"Luna-Ortiz, K., Hidalgo-Bahena, S.C., Muñoz-Gutiérrez, T.L. and 1 more (...) (2019). Tumors of the oral cavity: CO 2 laser management . Medicina Oral Patologia Oral y Cirugia Bucal,24(1) e84-e88",https://www.scopus.com/record/display.url?eid=2-s2.0-85059260026&origin=resultslist,10.4317/medoral.22811,Article,Gold|Green,2-s2.0-85059260026,30573713,Universidad Autónoma Metropolitana| Instituto Nacional de Cancerologia - Mexico,505017| 505036,Government| Academic,2.0,60019825| 60010210,"Instituto Nacional de Cancerologia, México| Universidad Autónoma Metropolitana Unidad Xochimilco",6602757764,7004904219,6602757764,-,Mexico,1.0,2733| 2746| 3500,Otorhinolaryngology| Surgery| General Dentistry,5,Life Sciences & Medicine,514| 532,Dentistry| Medicine,34,Medical and Health,32,Biomedical And Clinical Sciences,3203,Dentistry,SDG 3,Impact of HPV on Squamous Cell Carcinoma Outcomes,213,68.672,Leukoplakia and Its Malignant Transformation Risks,10895,94.077,Very Good,2019.0,7.0,N/A,"Luna-Ortiz, K.| Hidalgo-Bahena, S.C.| Muñoz-Gutiérrez, T.L.| Mosqueda-Taylor, A.",Universidad Autónoma Metropolitana| Instituto Nacional de Cancerologia - Mexico,Mexico,0
7004904219,7004904219,Peripheral odontogenic keratocyst: Clinicopathological and immunohistochemical characterization,"Lafuente-Ibáñez de Mendoza, I.| Aguirre-Urizar, J.M.| Villatoro-Ugalde, V.| Magaña-Quiñones, J.-J.| Lana-Ojeda, J.| Mosqueda-Taylor, A.",6.0,57208618716| 6603049895| 6505518473| 57222510038| 57222509681| 7004904219,2022.0,2022-05-01,Oral Diseases,28,4,1198-1206,-,ISSN-1354523X,22815.0,Journal,John Wiley and Sons Inc,English,1.33,17,7.4,4,0.849,15,1.05,26.0,6.0,0.98,6.14,42.0,30.0,0.0,0.0,"Lafuente-Ibáñez de Mendoza, I., Aguirre-Urizar, J.M., Villatoro-Ugalde, V. and 3 more (...) (2022).Peripheral odontogenic keratocyst: Clinicopathological and immunohistochemical characterization. Oral Diseases,28(4) 1198-1206",https://www.scopus.com/record/display.url?eid=2-s2.0-85102935038&origin=resultslist,10.1111/odi.13834,Article,,2-s2.0-85102935038,33682271,Universidad Autónoma Metropolitana| University of the Basque Country,505017| 312036,Academic,2.0,60027856| 60021831| 60010210| 60020223,Universidad del Pais Vasco| Universidad Intercontinental| Universidad Autónoma Metropolitana Unidad Xochimilco| Universidad Tecnológica de México,57208618716,7004904219,57208618716,-,Spain| Mexico,2.0,2733| 3500,Otorhinolaryngology| General Dentistry,5,Life Sciences & Medicine,514| 532,Dentistry| Medicine,34,Medical and Health,32,Biomedical And Clinical Sciences,3203,Dentistry,-,Salivary Gland Tumors and Congenital Conditions,572,28.777,Odontogenic Cysts and Keratocystic Tumors Insights,8096,83.961,Definitive,2022.0,6.0,N/A,"Lafuente-Ibáñez de Mendoza, I.| Aguirre-Urizar, J.M.| Villatoro-Ugalde, V.| Magaña-Quiñones, J.-J.| Lana-Ojeda, J.| Mosqueda-Taylor, A.",Universidad Autónoma Metropolitana| University of the Basque Country,Spain| Mexico,0
7004904219,7004904219,Data set for the reporting of malignant odontogenic tumors explanations and recommendations of the guidelines from the international collaboration on Cancer reporting,"Slootweg, P.J.| Odell, E.W.| Baumhoer, D.| Carlos, R.| Hunter, K.D.| Taylor, A.M.| Richardson, M.S.| Slater, L.| Speight, P.M.| Wright, J.| Thompson, L.D.R.",11.0,35495021200| 21641914100| 22955661600| 57213940291| 8909576000| 7004904219| 7401976517| 36764935000| 34573132700| 7601526111| 35451989000,2019.0,2019-05-01,Archives of Pathology and Laboratory Medicine,143,5,587-592,-,ISSN-00039985,36099.0,Journal,College of American Pathologists,English,1.93,7,7.3,7,1.763,5,1.28,26.0,6.0,0.44,6.74,50.0,50.0,0.0,0.0,"Slootweg, P.J., Odell, E.W., Baumhoer, D. and 8 more (...) (2019).Data set for the reporting of malignant odontogenic tumors explanations and recommendations of the guidelines from the international collaboration on Cancer reporting. Archives of Pathology and Laboratory Medicine,143(5) 587-592",https://www.scopus.com/record/display.url?eid=2-s2.0-85063191841&origin=resultslist,10.5858/arpa.2018,Article,,2-s2.0-85063191841,30500289,University of Basel| Kaiser Permanente| Universidad Autónoma Metropolitana| Radboud University Nijmegen| Texas A&M University| Medical University of South Carolina| King's College London| University of Sheffield,306011| 508541| 505017| 325010| 508230| 508118| 315026| 315096,Medical| Academic,8.0,60002573| 60011520| 60028287| 60025568| 122540188| 60001881| 60010210| 60005447| 60023222| 100387414| 60027347| 60024670| 60017457,Radboud University Medical Center| King's College London| Universitätsspital Basel| Universitätsspital Basel Institute of Pathology| Pathology Division| The University of Sheffield| Universidad Autónoma Metropolitana Unidad Xochimilco| College of Medicine| Medical University of South Carolina| Scripps Oral Pathology Service| Texas A&M College of Dentistry| Woodland Hills Medical Center| Kaiser Permanente,35495021200,35451989000,35451989000,-,United Kingdom| Guatemala| Mexico| United States| Switzerland| Netherlands,6.0,2734| 3607,Pathology and Forensic Medicine| Medical Laboratory Technology,5,Life Sciences & Medicine,532,Medicine,34,Medical and Health,32| 30,"Biomedical And Clinical Sciences| Agricultural, Veterinary And Food Sciences",3211| 3009| 3202,Oncology and carcinogenesis| Veterinary sciences| Clinical sciences,SDG 3,Salivary Gland Tumors and Congenital Conditions,572,28.777,Ameloblastoma: Insights into Odontogenic Tumors,9232,86.617,Very Good,2019.0,6.0,N/A,"Slootweg, P.J.| Odell, E.W.| Baumhoer, D.| Carlos, R.| Hunter, K.D.| Taylor, A.M.| Richardson, M.S.| Slater, L.| Speight, P.M.| Wright, J.| Thompson, L.D.R.",University of Basel| Kaiser Permanente| Universidad Autónoma Metropolitana| Radboud University Nijmegen| Texas A&M University| Medical University of South Carolina| King's College London| University of Sheffield,United Kingdom| Guatemala| Mexico| United States| Switzerland| Netherlands,0
7004904219,7004904219,"Histomorphological evaluation, cell proliferation and endothelial immunostaining in oral and maxillofacial myofibroblastic lesions","Hassaf-Arreola, A.G.| Caro-Sanchez, C.H.S.| Domínguez-Malagón, H.| Irigoyen-Camacho, M.E.| de Almeida, O.P.| Sánchez-Romero, C.| Mosqueda-Taylor, A.",7.0,57948955300| 35321765300| 55993692100| 6603265505| 7006200042| 57190013276| 7004904219,2022.0,2022-11-01,Medicina Oral Patologia Oral y Cirugia Bucal,27,6,e497-e506,-,ISSN-16984447,144622.0,Journal,Medicina Oral S.L.,English,1.09,26,4.6,19,0.587,27,0.8,10.0,6.0,0.83,6.02,42.0,34.0,0.0,0.0,"Hassaf-Arreola, A.G., Caro-Sanchez, C.H.S., Domínguez-Malagón, H. and 4 more (...) (2022).Histomorphological evaluation, cell proliferation and endothelial immunostaining in oral and maxillofacial myofibroblastic lesions. Medicina Oral Patologia Oral y Cirugia Bucal,27(6) e497-e506",https://www.scopus.com/record/display.url?eid=2-s2.0-85140970876&origin=resultslist,10.4317/medoral.25326,Article,Gold|Green,2-s2.0-85140970876,36243994,Universidade Estadual de Campinas| Universidad Autónoma Metropolitana| Universidad Juarez del Estado de Durango| Instituto Nacional de Cancerologia - Mexico,602014| 505017| 704853| 505036,Government| Academic,4.0,60014923| 60019825| 60029570| 60014403,"Universidad Autónoma Metropolitana| Instituto Nacional de Cancerologia, México| Universidade Estadual de Campinas| Universidad Juárez del Estado de Durango",57948955300,7004904219,57948955300,-,Mexico| Brazil,2.0,2733| 2746| 3500,Otorhinolaryngology| Surgery| General Dentistry,5,Life Sciences & Medicine,532| 514,Medicine| Dentistry,34,Medical and Health,32,Biomedical And Clinical Sciences,3203,Dentistry,SDG 3,Molecular Insights into Tumor Dynamics and Treatment,141,43.558,Myofibroblastoma: Insights into Tumor Characteristics,38641,53.381,Defensible,2022.0,6.0,N/A,"Hassaf-Arreola, A.G.| Caro-Sanchez, C.H.S.| Domínguez-Malagón, H.| Irigoyen-Camacho, M.E.| de Almeida, O.P.| Sánchez-Romero, C.| Mosqueda-Taylor, A.",Universidade Estadual de Campinas| Universidad Autónoma Metropolitana| Universidad Juarez del Estado de Durango| Instituto Nacional de Cancerologia - Mexico,Mexico| Brazil,0
7004904219,7004904219,Clinicopathological Features of Metastasis to the Oral and Maxillofacial Region—Multicenter Study,"Kirschnick, L.B.| Schuch, L.F.| Gondak, R.| Rivero, E.R.C.| Gomes, A.P.N.| Etges, A.| Tarquinio, S.B.C.| Mesquita, R.A.| Caldeira, P.C.| da Costa, A.A.S.| Mendonça, E.F.| dos Santos, J.N.| Smit, C.| Robinson, L.| Tager, E.M.J.R.| Mosqueda-Taylor, A.| Pontes, H.A.R.| de Andrade, B.A.B.| Fonseca, T.C.| Abrahão, A.C.| Agostini, M.| Romañach, M.J.| Alves, F.A.| Jaguar, G.C.| de Mendonça, N.F.| Pinto, M.B.R.| da Silva, L.C.| Lopes, M.A.| Vargas, P.A.| van Heerden, W.| Abreu, L.G.| Martins, M.D.| Vasconcelos, A.C.U.",33.0,57214879572| 57193611554| 37001471300| 11339887800| 57201707205| 6507345708| 6506106251| 7005556627| 24544581300| 57203792522| 7004308851| 7201516718| 57756504300| 57209506138| 57219552495| 7004904219| 16231013400| 45660922700| 57221101121| 33367506800| 7005322199| 24469056900| 7005934197| 10839904000| 57217824826| 57201309575| 57213597508| 7202369029| 7005330448| 7003568460| 55937631400| 15073894300| 56926258700,2023.0,2023-12-01,Head and Neck Pathology,17,4,910-920,-,ISSN-1936055X,15500154704.0,Journal,Springer,English,1.79,7,5.7,9,0.89,10,2.27,27.0,6.0,1.06,5.65,34.0,27.0,0.0,0.0,"Kirschnick, L.B., Schuch, L.F., Gondak, R. and 30 more (...) (2023).Clinicopathological Features of Metastasis to the Oral and Maxillofacial Region—Multicenter Study. Head and Neck Pathology,17(4) 910-920",https://www.scopus.com/record/display.url?eid=2-s2.0-85175153928&origin=resultslist,10.1007/s12105-023-01588-0,Article,Green,2-s2.0-85175153928,37902929,Universidade Federal do Rio Grande do Sul| Universidade Estadual de Campinas| Universidade Federal de Pelotas| Universidade Federal do Rio de Janeiro| Universidad Autónoma Metropolitana| A.C.Camargo Cancer Center| Universidade Federal de Minas Gerais| Universidade Federal da Bahia| University of Pretoria| Universidade Federal de Santa Catarina| Universidade Federal de Goiás| Universidade Federal do Pará,602043| 602014| 602029| 602041| 505017| 602051| 602027| 602019| 115007| 602031| 602023| 602039,Medical| Academic,12.0,60029570| 60017609| 60014598| 60030074| 60027136| 60013710| 60021902| 117546544| 60010210| 60001890| 60000036| 60020303| 60006726,Universidade Estadual de Campinas| Universidade Federal de Santa Catarina| Universidade Federal de Pelotas| Universidade Federal de Minas Gerais| Universidade Federal de Goiás| Universidade Federal da Bahia| University of Pretoria| Clinical Center of Head and Neck/Hospital Herrera Llerandi| Universidad Autónoma Metropolitana Unidad Xochimilco| Universidade Federal do Pará| Universidade Federal do Rio de Janeiro| A.C.Camargo Cancer Center| Universidade Federal do Rio Grande do Sul,57214879572,56926258700,56926258700,-,Guatemala| Mexico| South Africa| Brazil,4.0,2730| 2733| 2734,Oncology| Otorhinolaryngology| Pathology and Forensic Medicine,5,Life Sciences & Medicine,532,Medicine,34,Medical and Health,32,Biomedical And Clinical Sciences,3203| 3202,Dentistry| Clinical sciences,SDG 3,Salivary Gland Tumors and Congenital Conditions,572,28.777,Oral Metastatic Carcinoma and Clinical Implications,22982,53.703,Definitive,2023.0,6.0,N/A,"Kirschnick, L.B.| Schuch, L.F.| Gondak, R.| Rivero, E.R.C.| Gomes, A.P.N.| Etges, A.| Tarquinio, S.B.C.| Mesquita, R.A.| Caldeira, P.C.| da Costa, A.A.S.| Mendonça, E.F.| dos Santos, J.N.| Smit, C.| Robinson, L.| Tager, E.M.J.R.| Mosqueda-Taylor, A.| Pontes, H.A.R.| de Andrade, B.A.B.| Fonseca, T.C.| Abrahão, A.C.| Agostini, M.| Romañach, M.J.| Alves, F.A.| Jaguar, G.C.| de Mendonça, N.F.| Pinto, M.B.R.| da Silva, L.C.| Lopes, M.A.| Vargas, P.A.| van Heerden, W.| Abreu, L.G.| Martins, M.D.| Vasconcelos, A.C.U.",Universidade Federal do Rio Grande do Sul| Universidade Estadual de Campinas| Universidade Federal de Pelotas| Universidade Federal do Rio de Janeiro| Universidad Autónoma Metropolitana| A.C.Camargo Cancer Center| Universidade Federal de Minas Gerais| Universidade Federal da Bahia| University of Pretoria| Universidade Federal de Santa Catarina| Universidade Federal de Goiás| Universidade Federal do Pará,Guatemala| Mexico| South Africa| Brazil,0
7004904219,7004904219,Comparative expression of cyclooxygenase 2 and ki67 in amelanotic and conventional oral melanoma,"Soares, C.D.| Hernandez-Guerrero, J.C.| de Andrade, B.A.B.| Romañach, M.J.| Mosqueda-Taylor, A.| Carlos, R.| Macedo, M.R.S.| de Almeida, O.P.| Jorge, J.",9.0,56708122100| 55989746900| 45660922700| 24469056900| 7004904219| 57213940291| 57219653085| 7006200042| 57191344544,2020.0,2020-01-01,Medicina Oral Patologia Oral y Cirugia Bucal,25,6,e728-e731,-,ISSN-16984447,144622.0,Journal,Medicina Oral S.L.,English,1.39,16,3.2,28,0.644,31,0.82,16.0,5.0,0.28,7.22,54.0,60.0,0.0,0.0,"Soares, C.D., Hernandez-Guerrero, J.C., de Andrade, B.A.B. and 6 more (...) (2020).Comparative expression of cyclooxygenase 2 and ki67 in amelanotic and conventional oral melanoma. Medicina Oral Patologia Oral y Cirugia Bucal,25(6) e728-e731",https://www.scopus.com/record/display.url?eid=2-s2.0-85094589033&origin=resultslist,10.4317/medoral.23737,Article,Gold|Green,2-s2.0-85094589033,32388516,Universidade Estadual de Campinas| Universidade Federal do Rio de Janeiro| Universidad Autónoma Metropolitana| Universidade Federal do Rio Grande do Norte,602014| 602041| 505017| 602042,Academic,4.0,60029570| 107038822| 60000036| 60010210| 112607738| 60023857,Universidade Estadual de Campinas| National University Autonomous of Mexico| Universidade Federal do Rio de Janeiro| Universidad Autónoma Metropolitana Unidad Xochimilco| Centro Clínico de Cabeza y Cuello/Hospital Herrera Llerandi| Universidade Federal do Rio Grande do Norte,56708122100,57191344544,56708122100,-,Guatemala| Mexico| Brazil,3.0,2733| 2746| 3500,Otorhinolaryngology| Surgery| General Dentistry,5,Life Sciences & Medicine,514| 532,Dentistry| Medicine,34,Medical and Health,32,Biomedical And Clinical Sciences,3203,Dentistry,SDG 3,Melanoma Diagnosis and Treatment,114,87.181,Mucosal Melanoma: Challenges and Treatment Insights,17934,80.708,Very Good,2020.0,5.0,N/A,"Soares, C.D.| Hernandez-Guerrero, J.C.| de Andrade, B.A.B.| Romañach, M.J.| Mosqueda-Taylor, A.| Carlos, R.| Macedo, M.R.S.| de Almeida, O.P.| Jorge, J.",Universidade Estadual de Campinas| Universidade Federal do Rio de Janeiro| Universidad Autónoma Metropolitana| Universidade Federal do Rio Grande do Norte,Guatemala| Mexico| Brazil,0
7004904219,7004904219,Adenoid Cystic Carcinoma in a Mexican Population,"Luna-Ortiz, K.| Villavicencio-Valencia, V.| Rodríguez-Falconi, A.| Peteuil, N.| Mosqueda-Taylor, A.",5.0,6602757764| 56000742400| 56453380300| 57191041159| 7004904219,2016.0,2016-06-01,Journal of Maxillofacial and Oral Surgery,15,2,236-242,-,ISSN-09728279,21100933829.0,Journal,Springer,English,0.55,58,-,-,-,-,0.0,6.0,5.0,0.17,5.78,54.0,64.0,0.0,0.0,"Luna-Ortiz, K., Villavicencio-Valencia, V., Rodríguez-Falconi, A. and 2 more (...) (2016).Adenoid Cystic Carcinoma in a Mexican Population. Journal of Maxillofacial and Oral Surgery,15(2) 236-242",https://www.scopus.com/record/display.url?eid=2-s2.0-85074171815&origin=resultslist,10.1007/s12663-015-0827-9,Article,Bronze|Green,2-s2.0-85074171815,-,"Universidad Autónoma Metropolitana| Universidad Nacional Autónoma de México| Hospital General ""Dr. Manuel Gea González""",505017| 505023| 715276,Medical| Academic,3.0,100774630| 60003352| 60032442| 60010210,"Instituto Nacional de Cancerología| Hospital General ""Dr. Manuel Gea González""| Universidad Nacional Autónoma de México| Universidad Autónoma Metropolitana Unidad Xochimilco",6602757764,7004904219,6602757764,-,United States,1.0,2733| 2746| 3504,Otorhinolaryngology| Surgery| Oral Surgery,5,Life Sciences & Medicine,532| 514,Medicine| Dentistry,34,Medical and Health,32,Biomedical And Clinical Sciences,3203,Dentistry,SDG 3,Salivary Gland Tumors and Congenital Conditions,572,28.777,Clinical Characteristics of Adenoid Cystic Carcinoma,13952,88.086,Definitive,2016.0,5.0,N/A,"Luna-Ortiz, K.| Villavicencio-Valencia, V.| Rodríguez-Falconi, A.| Peteuil, N.| Mosqueda-Taylor, A.","Universidad Autónoma Metropolitana| Universidad Nacional Autónoma de México| Hospital General ""Dr. Manuel Gea González""",United States,0
7004904219,7004904219,"Spatial distribution of CD34 protein in primordial odontogenic tumour, ameloblastic fibroma and the tooth germ","Pereira Prado, V.| Landini, G.| Mosqueda Taylor, A.| Vargas, P.| Bologna Molina, R.",5.0,57191896460| 57204248957| 7004904219| 7005330448| 23466361400,2023.0,2023-02-01,Journal of Oral Pathology and Medicine,52,2,181-187,-,ISSN-09042512,26155.0,Journal,John Wiley and Sons Inc,English,0.92,32,5.9,8,0.716,19,1.39,20.0,5.0,0.86,5.79,38.0,33.0,0.0,0.0,"Pereira Prado, V., Landini, G., Mosqueda Taylor, A. and 2 more (...) (2023).Spatial distribution of CD34 protein in primordial odontogenic tumour, ameloblastic fibroma and the tooth germ. Journal of Oral Pathology and Medicine,52(2) 181-187",https://www.scopus.com/record/display.url?eid=2-s2.0-85140029029&origin=resultslist,10.1111/jop.13370,Article,Green,2-s2.0-85140029029,36207782,University of Birmingham| Universidade Estadual de Campinas| Universidad Autónoma Metropolitana| Universidad de la República,315064| 602014| 505017| 606001,Academic,4.0,60071612| 60033481| 60019702| 60010210| 60029570,"Universidad de la Republica| University of Birmingham, College of Medical and Dental Sciences| University of Birmingham| Universidad Autónoma Metropolitana Unidad Xochimilco| Universidade Estadual de Campinas",57191896460,23466361400,57191896460,-,United Kingdom| Uruguay| Mexico| Brazil,4.0,1306| 2733| 2734| 3504| 3506,Cancer Research| Otorhinolaryngology| Pathology and Forensic Medicine| Oral Surgery| Periodontics,5,Life Sciences & Medicine,532| 507| 514,Medicine| Biological Sciences| Dentistry,34,Medical and Health,32,Biomedical And Clinical Sciences,3203,Dentistry,-,Cleft Lip and Palate Treatment Innovations,938,26.095,Histological and Immunohistochemical Aspects of Odontogenic Lesions,69270,41.974,Definitive,2023.0,5.0,N/A,"Pereira Prado, V.| Landini, G.| Mosqueda Taylor, A.| Vargas, P.| Bologna Molina, R.",University of Birmingham| Universidade Estadual de Campinas| Universidad Autónoma Metropolitana| Universidad de la República,United Kingdom| Uruguay| Mexico| Brazil,0
7004904219,7004904219,Assessment of CD-105 as an Angiogenic Modulator in Odontogenic Myxomas and Dental Follicles,"Del Carmen Gonzalez-Galvan, M.| Aguirre-Urizar, J.M.| Bologna-Molina, R.| Farfán-Morales, J.E.| Gainza-Cirauqui, M.L.| Marichalar-Mendia, X.| Mosqueda-Taylor, A.",7.0,57189247844| 6603049895| 23466361400| 23466853400| 26326243600| 37059326600| 7004904219,2016.0,2016-06-01,International Journal of Surgical Pathology,24,4,315-319,-,ISSN-10668969,21625.0,Journal,SAGE Publications Inc.,English,0.59,56,1.6,52,0.335,50,2.04,34.0,4.0,0.32,6.26,58.0,55.0,0.0,0.0,"Del Carmen Gonzalez-Galvan, M., Aguirre-Urizar, J.M., Bologna-Molina, R. and 4 more (...) (2016).Assessment of CD-105 as an Angiogenic Modulator in Odontogenic Myxomas and Dental Follicles. International Journal of Surgical Pathology,24(4) 315-319",https://www.scopus.com/record/display.url?eid=2-s2.0-84966473546&origin=resultslist,10.1177/1066896916632588,Article,Green,2-s2.0-84966473546,26888956,University of Malta| Universidad Autónoma Metropolitana| Universidad de la República| University of the Basque Country,339001| 505017| 606001| 312036,Academic,4.0,60027856| 60071612| 60095178| 60001570| 60072651| 60010210,Universidad del Pais Vasco| Universidad de la Republica| Hospital General Darío Fernández Fierro| Instituto de Seguridad y Servicios Sociales de los Trabajadores del Estado - ISSSTE| L-Università ta' Malta| Universidad Autónoma Metropolitana Unidad Xochimilco,57189247844,7004904219,57189247844,-,Mexico| Spain| Uruguay| Malta,4.0,2702| 2734| 2746,Anatomy| Pathology and Forensic Medicine| Surgery,5,Life Sciences & Medicine,503| 532,Anatomy & Physiology| Medicine,34| 32,Medical and Health| Life Sciences,32,Biomedical And Clinical Sciences,3202,Clinical sciences,-,Molecular Insights into Tumor Dynamics and Treatment,141,43.558,Myxoma and Odontogenic Tumor Insights,23035,53.793,Definitive,2016.0,4.0,N/A,"Del Carmen Gonzalez-Galvan, M.| Aguirre-Urizar, J.M.| Bologna-Molina, R.| Farfán-Morales, J.E.| Gainza-Cirauqui, M.L.| Marichalar-Mendia, X.| Mosqueda-Taylor, A.",University of Malta| Universidad Autónoma Metropolitana| Universidad de la República| University of the Basque Country,Mexico| Spain| Uruguay| Malta,0
7004904219,7004904219,Comparative Study of the Minichromosome Maintenance Proteins Complex (MCM 4/5/6) in Ameloblastoma and Unicystic Ameloblastoma,"Apellániz, D.| Pereira-Prado, V.| Sicco, E.| Vigil-Bastitta, G.| González-González, R.| Mosqueda-Taylor, A.| Molina-Frechero, N.| Hernandez, M.| Sánchez-Romero, C.| Bologna-Molina, R.",10.0,57202339430| 57191896460| 57195476668| 57202335154| 55044208200| 7004904219| 55995913500| 15051943600| 57190013276| 23466361400,2018.0,2018-12-01,International Journal of Surgical Pathology,26,8,714-720,-,ISSN-10668969,21625.0,Journal,SAGE Publications Inc.,English,0.72,48,1.6,55,0.406,48,1.25,25.0,4.0,0.14,7.01,58.0,68.0,0.0,0.0,"Apellániz, D., Pereira-Prado, V., Sicco, E. and 7 more (...) (2018).Comparative Study of the Minichromosome Maintenance Proteins Complex (MCM 4/5/6) in Ameloblastoma and Unicystic Ameloblastoma. International Journal of Surgical Pathology,26(8) 714-720",https://www.scopus.com/record/display.url?eid=2-s2.0-85047909706&origin=resultslist,10.1177/1066896918778341,Article,,2-s2.0-85047909706,29845895,Universidade Estadual de Campinas| Universidad Autónoma Metropolitana| Universidad de la República| Universidad Juarez del Estado de Durango| Universidad de Chile,602014| 505017| 606001| 704853| 603004,Academic,5.0,60071612| 60014403| 60010210| 60012464| 60029570,Universidad de la Republica| Universidad Juárez del Estado de Durango| Universidad Autónoma Metropolitana Unidad Xochimilco| Universidad de Chile| Universidade Estadual de Campinas,57202339430,23466361400,23466361400,-,Chile| Mexico| Uruguay| Brazil,4.0,2702| 2734| 2746,Anatomy| Pathology and Forensic Medicine| Surgery,5,Life Sciences & Medicine,532| 503,Medicine| Anatomy & Physiology,34| 32,Medical and Health| Life Sciences,32,Biomedical And Clinical Sciences,3202,Clinical sciences,SDG 3,"Interplay of DNA, RNA, and Protein Dynamics",17,81.426,DNA Replication Mechanisms and Cellular Dynamics,1086,95.287,Very Good,2018.0,4.0,N/A,"Apellániz, D.| Pereira-Prado, V.| Sicco, E.| Vigil-Bastitta, G.| González-González, R.| Mosqueda-Taylor, A.| Molina-Frechero, N.| Hernandez, M.| Sánchez-Romero, C.| Bologna-Molina, R.",Universidade Estadual de Campinas| Universidad Autónoma Metropolitana| Universidad de la República| Universidad Juarez del Estado de Durango| Universidad de Chile,Chile| Mexico| Uruguay| Brazil,0
7004904219,7004904219,Patient-derived xenografts of a case of ameloblastic fibrodentinoma,"Pereira, N.B.| de Souza, J.C.| Bastos, V.C.| Fonseca, F.P.| de Avelar, G.F.| Castro, W.H.| Dias, A.A.M.| Mosqueda-Taylor, A.| Gomez, R.S.| Gomes, C.C.",10.0,53464122500| 57207255348| 57205298631| 57574976000| 8738635800| 35749570800| 7202192036| 7004904219| 7402250311| 8248564500,2019.0,2019-05-01,Oral Diseases,25,4,1229-1233,-,ISSN-1354523X,22815.0,Journal,Blackwell Publishing Ltd,English,1.14,24,3.9,12,0.777,14,0.71,17.0,3.0,0.46,6.55,62.0,49.0,0.0,0.0,"Pereira, N.B., de Souza, J.C., Bastos, V.C. and 7 more (...) (2019).Patient-derived xenografts of a case of ameloblastic fibrodentinoma. Oral Diseases,25(4) 1229-1233",https://www.scopus.com/record/display.url?eid=2-s2.0-85062327911&origin=resultslist,10.1111/odi.13056,Article,,2-s2.0-85062327911,30720910,Universidad Autónoma Metropolitana| Universidade Federal de Minas Gerais,505017| 602027,Academic,2.0,60030074| 60010210,Universidade Federal de Minas Gerais| Universidad Autónoma Metropolitana Unidad Xochimilco,53464122500,8248564500,53464122500,-,Mexico| Brazil,2.0,2733| 3500,Otorhinolaryngology| General Dentistry,5,Life Sciences & Medicine,532| 514,Medicine| Dentistry,34,Medical and Health,32,Biomedical And Clinical Sciences,3203,Dentistry,SDG 3,Cleft Lip and Palate Treatment Innovations,938,26.095,Clinical Features and Management of Odontogenic Tumors,18981,71.22,Defensible,2019.0,3.0,N/A,"Pereira, N.B.| de Souza, J.C.| Bastos, V.C.| Fonseca, F.P.| de Avelar, G.F.| Castro, W.H.| Dias, A.A.M.| Mosqueda-Taylor, A.| Gomez, R.S.| Gomes, C.C.",Universidad Autónoma Metropolitana| Universidade Federal de Minas Gerais,Mexico| Brazil,0
7004904219,7004904219,"What is the frequency of floor of the mouth lesions? A descritive study of 4,016 cases","Paiva e Costa, A.M.| Corrêa Pontes, F.S.| De Souza, L.L.| Lopes, M.A.| Santos-Silva, A.R.| Agustin Vargas, P.| De Andrade, B.A.B.| Bezerra, K.T.| Romañach, M.J.| Gomez, R.S.| Ferreira e Costa, R.| Dos Santos Pinto Júnior, D.| Da Cruz Perez, D.E.| De Castro, J.F.L.| Libório-Kimura, T.N.| Câmara, J.| Penafort, P.V.M.| Fonseca, F.P.| De Almeida, O.P.| Mosqueda-Taylor, A.| Olmedo-Campos, M.| Tomasi, R.A.| Ferreyra, R.S.| Khan, W.| Pontes, H.A.R.",25.0,57262230300| 55409329000| 57195731822| 7202369029| 24469152300| 7005330448| 45660922700| 57208742225| 24469056900| 7402250311| 56605109200| 57343196800| 6508335786| 7103256365| 14070182700| 57191442277| 57343633300| 57574976000| 7006200042| 7004904219| 57343054300| 57211494815| 6701839092| 57211950020| 16231013400,2021.0,2021-11-01,Medicina Oral Patologia Oral y Cirugia Bucal,26,6,e738-e747,-,ISSN-16984447,144622.0,Journal,Medicina Oral S.L.,English,1.38,17,3.9,21,0.681,22,1.85,29.0,3.0,0.48,6.28,60.0,49.0,0.0,2.0,"Paiva e Costa, A.M., Corrêa Pontes, F.S., De Souza, L.L. and 22 more (...) (2021).What is the frequency of floor of the mouth lesions? A descritive study of 4,016 cases. Medicina Oral Patologia Oral y Cirugia Bucal,26(6) e738-e747",https://www.scopus.com/record/display.url?eid=2-s2.0-85119281530&origin=resultslist,10.4317/medoral.24537,Article,Gold|Green,2-s2.0-85119281530,34704985,Universidad Nacional de Córdoba| Universidade Estadual de Campinas| Universidade Federal do Rio de Janeiro| Universidad Autónoma Metropolitana| Universidade Federal de Pernambuco| Universidade Federal de Minas Gerais| Universidade de São Paulo| Universidade Federal do Pará| Universidade Federal do Amazonas| University of Sheffield,601005| 602014| 602041| 505017| 602030| 602027| 602049| 602039| 602090| 315096,Academic,10.0,60001890| 60029570| 60000036| 60030074| 60008088| 60031482| 60000943| 60010210| 60000658| 60176589,"Universidade Federal do Pará| Universidade Estadual de Campinas| Universidade Federal do Rio de Janeiro| Universidade Federal de Minas Gerais| Universidade de São Paulo| Universidade Federal de Pernambuco| Universidade Federal do Amazonas| Universidad Autónoma Metropolitana Unidad Xochimilco| Universidad Nacional de Córdoba| Faculty of Medicine, Dentistry and Health",57262230300,16231013400,16231013400,-,United Kingdom| Mexico| Brazil| Argentina,4.0,2733| 2746| 3500,Otorhinolaryngology| Surgery| General Dentistry,5,Life Sciences & Medicine,532| 514,Medicine| Dentistry,34,Medical and Health,32,Biomedical And Clinical Sciences,3203,Dentistry,SDG 3,Lymphoma Pathogenesis and Treatment Insights,4,90.059,Prognostic Factors in Non-Hodgkin Lymphoma Management,29212,41.787,Weak,2021.0,3.0,N/A,"Paiva e Costa, A.M.| Corrêa Pontes, F.S.| De Souza, L.L.| Lopes, M.A.| Santos-Silva, A.R.| Agustin Vargas, P.| De Andrade, B.A.B.| Bezerra, K.T.| Romañach, M.J.| Gomez, R.S.| Ferreira e Costa, R.| Dos Santos Pinto Júnior, D.| Da Cruz Perez, D.E.| De Castro, J.F.L.| Libório-Kimura, T.N.| Câmara, J.| Penafort, P.V.M.| Fonseca, F.P.| De Almeida, O.P.| Mosqueda-Taylor, A.| Olmedo-Campos, M.| Tomasi, R.A.| Ferreyra, R.S.| Khan, W.| Pontes, H.A.R.",Universidad Nacional de Córdoba| Universidade Estadual de Campinas| Universidade Federal do Rio de Janeiro| Universidad Autónoma Metropolitana| Universidade Federal de Pernambuco| Universidade Federal de Minas Gerais| Universidade de São Paulo| Universidade Federal do Pará| Universidade Federal do Amazonas| University of Sheffield,United Kingdom| Mexico| Brazil| Argentina,0
7004904219,7004904219,Symptomatic subgemmal neurogenous plaque in patients with COVID-19: Is there an association?,"Soares, C.D.| de Souza, L.L.| Laffitte, C.M.| Pontes, H.A.R.| de Almeida, O.P.| Mosqueda-Taylor, A.| Hernandez-Guerrero, J.C.| Vargas, P.A.| Lopes, M.A.| dos Santos-Silva, A.R.| da Costa Gurgel, A.| de Andrade Pacheco, M.M.| de Oliveira Sales, A.| de Oliveira Ramos, C.C.",14.0,56708122100| 57195731822| 58175624200| 16231013400| 7006200042| 7004904219| 55989746900| 7005330448| 7202369029| 24469152300| 58175624300| 58174453900| 6507515019| 57195921595,2023.0,2023-07-01,Journal of Oral Pathology and Medicine,52,6,514-520,-,ISSN-09042512,26155.0,Journal,John Wiley and Sons Inc,English,0.92,32,5.9,8,0.716,19,1.08,14.0,3.0,0.52,5.79,49.0,47.0,0.0,0.0,"Soares, C.D., de Souza, L.L., Laffitte, C.M. and 11 more (...) (2023).Symptomatic subgemmal neurogenous plaque in patients with COVID-19: Is there an association?. Journal of Oral Pathology and Medicine,52(6) 514-520",https://www.scopus.com/record/display.url?eid=2-s2.0-85151970818&origin=resultslist,10.1111/jop.13430,Article,Bronze,2-s2.0-85151970818,36964982,Universidade Estadual de Campinas| Universidad Autónoma Metropolitana| Universidad Nacional Autónoma de México| Universidade Federal do Rio Grande do Norte| Universidade Federal do Pará,602014| 505017| 505023| 602042| 602039,Academic,5.0,127703807| 60029570| 60001890| 60023857| 60014923| 60032442,Getúlio Sales Diagnósticos| Universidade Estadual de Campinas| Universidade Federal do Pará| Universidade Federal do Rio Grande do Norte| Universidad Autónoma Metropolitana| Universidad Nacional Autónoma de México,56708122100,57195921595,56708122100,-,Mexico| Brazil,2.0,1306| 2733| 2734| 3504| 3506,Cancer Research| Otorhinolaryngology| Pathology and Forensic Medicine| Oral Surgery| Periodontics,5,Life Sciences & Medicine,507| 514| 532,Biological Sciences| Dentistry| Medicine,34,Medical and Health,32,Biomedical And Clinical Sciences,3203,Dentistry,SDG 3,Olfactory and Drug Delivery Innovations in Health,800,58.208,Olfactory Dysfunction and COVID-19 Symptoms,16898,95.532,Definitive,2023.0,3.0,N/A,"Soares, C.D.| de Souza, L.L.| Laffitte, C.M.| Pontes, H.A.R.| de Almeida, O.P.| Mosqueda-Taylor, A.| Hernandez-Guerrero, J.C.| Vargas, P.A.| Lopes, M.A.| dos Santos-Silva, A.R.| da Costa Gurgel, A.| de Andrade Pacheco, M.M.| de Oliveira Sales, A.| de Oliveira Ramos, C.C.",Universidade Estadual de Campinas| Universidad Autónoma Metropolitana| Universidad Nacional Autónoma de México| Universidade Federal do Rio Grande do Norte| Universidade Federal do Pará,Mexico| Brazil,0
7004904219,7004904219,Odontogenic Carcinoma With Dentinoid in Long-Term Follow-up With 2 Recurrences,"Mariano, F.V.| Gondak, R.O.| Scarini, J.F.| da Silva, E.C.A.| Caravina, G.| Scapulatempo-Neto, C.| Almeida, O.P.| Altemani, A.| Mosqueda Taylor, A.",9.0,36704152400| 37001471300| 57211214455| 57212116219| 56055807300| 16246143600| 57209314233| 7003450280| 7004904219,2020.0,2020-04-01,International Journal of Surgical Pathology,28,2,181-187,-,ISSN-10668969,21625.0,Journal,SAGE Publications Inc.,English,0.77,46,1.4,60,0.356,53,0.43,13.0,3.0,0.3,6.78,62.0,58.0,0.0,0.0,"Mariano, F.V., Gondak, R.O., Scarini, J.F. and 6 more (...) (2020).Odontogenic Carcinoma With Dentinoid in Long-Term Follow-up With 2 Recurrences. International Journal of Surgical Pathology,28(2) 181-187",https://www.scopus.com/record/display.url?eid=2-s2.0-85073790825&origin=resultslist,10.1177/1066896919871662,Article,,2-s2.0-85073790825,32046549,Universidade Estadual de Campinas| Universidad Autónoma Metropolitana| Hospital de Câncer de Barretos| Universidade Federal de Santa Catarina,602014| 505017| 705427| 602031,Medical| Academic,4.0,60029570| 60017609| 101116265| 60084127| 60014923,Universidade Estadual de Campinas| Universidade Federal de Santa Catarina| Piracicaba Dental School| Hospital de Amor| Universidad Autónoma Metropolitana,36704152400,7004904219,37001471300,-,Mexico| Brazil,2.0,2702| 2734| 2746,Anatomy| Pathology and Forensic Medicine| Surgery,5,Life Sciences & Medicine,503| 532,Anatomy & Physiology| Medicine,32| 34,Life Sciences| Medical and Health,32,Biomedical And Clinical Sciences,3202,Clinical sciences,SDG 3,Salivary Gland Tumors and Congenital Conditions,572,28.777,Odontogenic Tumors and Their Clinical Significance,29716,67.135,Definitive,2020.0,3.0,N/A,"Mariano, F.V.| Gondak, R.O.| Scarini, J.F.| da Silva, E.C.A.| Caravina, G.| Scapulatempo-Neto, C.| Almeida, O.P.| Altemani, A.| Mosqueda Taylor, A.",Universidade Estadual de Campinas| Universidad Autónoma Metropolitana| Hospital de Câncer de Barretos| Universidade Federal de Santa Catarina,Mexico| Brazil,0
7004904219,7004904219,Long-term follow-up of a large multilocular odontogenic keratocyst. Analysis of recurrences and the applied treatments,"Borrás-Ferreres, J.| Albisu-Altolaguirre, I.| Gay-Escoda, C.| Mosqueda-Taylor, A.",4.0,57193229406| 59311667200| 7006324998| 7004904219,2024.0,2024-01-01,Journal of Clinical and Experimental Dentistry,16,9,e1157-e1163,62032,ISSN-19895488,21100207619.0,Journal,Medicina Oral S.L.,English,0.97,31,2.7,47,0.506,39,0.62,9.0,2.0,0.47,4.25,45.0,49.0,0.0,0.0,"Borrás-Ferreres, J., Albisu-Altolaguirre, I., Gay-Escoda, C. and 1 more (...) (2024).Long-term follow-up of a large multilocular odontogenic keratocyst. Analysis of recurrences and the applied treatments. Journal of Clinical and Experimental Dentistry,16(9) e1157-e1163",https://www.scopus.com/record/display.url?eid=2-s2.0-85202994704&origin=resultslist,10.4317/jced.62032,Article,Gold|Green,2-s2.0-85202994704,-,Universidad Autónoma Metropolitana| Centro Medico Teknon| University of Barcelona| Bellvitge Biomedical Research Institute,505017| 720266| 312046| 700990,Medical| Academic,4.0,131649142| 131648961| 60001576| 60033145| 60025780| 60025847| 60010210,"Private practice in Oral Surgery and Implantology| Private practice in Oral Surgery and Implantology| Universitat de Barcelona| Centro Medico Teknon| Universitat de Barcelona, Facultad de Medicina y Ciencias de la Salud| Institut d'Investigació Biomedica de Bellvitge| Universidad Autónoma Metropolitana Unidad Xochimilco",57193229406,7004904219,57193229406,-,Spain| Mexico,2.0,3500,General Dentistry,5,Life Sciences & Medicine,514,Dentistry,34,Medical and Health,30| 32,"Agricultural, Veterinary And Food Sciences| Biomedical And Clinical Sciences",3202| 3203| 3009,Clinical sciences| Dentistry| Veterinary sciences,-,Salivary Gland Tumors and Congenital Conditions,572,28.777,Odontogenic Cysts and Keratocystic Tumors Insights,8096,83.961,Definitive,2024.0,2.0,N/A,"Borrás-Ferreres, J.| Albisu-Altolaguirre, I.| Gay-Escoda, C.| Mosqueda-Taylor, A.",Universidad Autónoma Metropolitana| Centro Medico Teknon| University of Barcelona| Bellvitge Biomedical Research Institute,Spain| Mexico,0
7004904219,7004904219,Intraosseous maxillary mucoepidermoid carcinoma: A rare case report,"Morais, E.F.| Silva, L.P.| Mororó, A.B.G.| Pinto, E.P.| Taylor, A.M.| Pinto, L.P.| De Souza, L.B.",7.0,56073529100| 56865278700| 57195261589| 57226474419| 7004904219| 7103011417| 9733179300,2019.0,2019-10-20,Jornal Brasileiro de Patologia e Medicina Laboratorial,55,5,540-549,-,ISSN-16762444,4700152478.0,Journal,Sociedade Brasileira de Pneumologia e Tisiologia,English,0.2,85,0.5,85,0.151,73,0.5,11.0,1.0,0.0,7.55,73.0,75.0,0.0,0.0,"Morais, E.F., Silva, L.P., Mororó, A.B.G. and 4 more (...) (2019).Intraosseous maxillary mucoepidermoid carcinoma: A rare case report. Jornal Brasileiro de Patologia e Medicina Laboratorial,55(5) 540-549",https://www.scopus.com/record/display.url?eid=2-s2.0-85111706970&origin=resultslist,10.5935/1676-2444.20190050,Article,Gold|Green,2-s2.0-85111706970,-,Universidad Autónoma Metropolitana| Universidade Federal do Rio Grande do Norte,505017| 602042,Academic,2.0,60023857| 113946607| 60010210,Universidade Federal do Rio Grande do Norte| Liga Norte Riograndense Contra o Câncer| Universidad Autónoma Metropolitana Unidad Xochimilco,56073529100,9733179300,9733179300,-,Mexico| Brazil,2.0,1308| 2734| 3607,Clinical Biochemistry| Pathology and Forensic Medicine| Medical Laboratory Technology,5,Life Sciences & Medicine,507| 532,Biological Sciences| Medicine,32| 34,Life Sciences| Medical and Health,32,Biomedical And Clinical Sciences,3201| 3203| 3211,Cardiovascular medicine and haematology| Dentistry| Oncology and carcinogenesis,SDG 3,Salivary Gland Tumors and Congenital Conditions,572,28.777,Prognostic Insights into Salivary Gland Carcinomas,6418,89.016,Definitive,2019.0,1.0,N/A,"Morais, E.F.| Silva, L.P.| Mororó, A.B.G.| Pinto, E.P.| Taylor, A.M.| Pinto, L.P.| De Souza, L.B.",Universidad Autónoma Metropolitana| Universidade Federal do Rio Grande do Norte,Mexico| Brazil,0
7004904219,7004904219,Value of the toluidine blue test as an aid to determine the biopsy site in actinic prurigo cheilitis,"Cedeño-Suárez, L.M.| Vega-Memije, M.E.| Cuevas-González, J.C.| Mosqueda-Taylor, A.",4.0,57223102072| 56187754000| 55759220000| 7004904219,2021.0,2021-01-01,Autopsy and Case Reports,11,-,-,e2021247,ISSN-22361960,21101043558.0,Journal,Hospital Universitario da Universidade de Sao Paulo,English,0.61,56,0.2,86,0.111,93,0.23,5.0,1.0,0.0,8.33,73.0,79.0,0.0,0.0,"Cedeño-Suárez, L.M., Vega-Memije, M.E., Cuevas-González, J.C. and 1 more (...) (2021).Value of the toluidine blue test as an aid to determine the biopsy site in actinic prurigo cheilitis. Autopsy and Case Reports,11",https://www.scopus.com/record/display.url?eid=2-s2.0-85104882707&origin=resultslist,10.4322/acr.2021.247,Article,Gold|Green,2-s2.0-85104882707,-,"Universidad Autónoma Metropolitana| Universidad Autonoma de Ciudad Juarez| Hospital General ""Dr. Manuel Gea González""",505017| 706746| 715276,Medical| Academic,3.0,60003352| 60008167| 60010210,"Hospital General ""Dr. Manuel Gea González""| Universidad Autónoma de Ciudad Juárez| Universidad Autónoma Metropolitana Unidad Xochimilco",57223102072,7004904219,56187754000,-,Mexico,1.0,2724| 2734,Internal Medicine| Pathology and Forensic Medicine,5,Life Sciences & Medicine,532,Medicine,34,Medical and Health,34| 32,Chemical Sciences| Biomedical And Clinical Sciences,3202| 3211| 3499,Clinical sciences| Oncology and carcinogenesis| Other chemical sciences,-,Skin Sensitization and Occupational Health Risks,862,23.414,Photosensitivity Disorders and Their Management,16096,69.122,Defensible,2021.0,1.0,N/A,"Cedeño-Suárez, L.M.| Vega-Memije, M.E.| Cuevas-González, J.C.| Mosqueda-Taylor, A.","Universidad Autónoma Metropolitana| Universidad Autonoma de Ciudad Juarez| Hospital General ""Dr. Manuel Gea González""",Mexico,0
7004904219,7004904219,Mandibular ameloblastic carcinoma: An infrequent and challenging diagnosis,"Rivas, A.M.| Donoso-Hofer, F.| De Los Ángeles Fernández Toro, M.| Pinto, A.V.O.| Taylor, A.M.",5.0,57212217950| 23984798100| 26221635600| 57710692200| 7004904219,2022.0,2022-01-01,Revista Espanola de Cirugia Oral y Maxilofacial,44,1,44-48,-,ISSN-2386401X,5200153010.0,Journal,Ediciones Ergon SA,Spanish,0.31,78,0.3,85,0.138,84,2.45,28.0,0.0,0.0,5.59,81.0,80.0,0.0,0.0,"Rivas, A.M., Donoso-Hofer, F., De Los Ángeles Fernández Toro, M. and 2 more (...) (2022).Mandibular ameloblastic carcinoma: An infrequent and challenging diagnosis. Revista Espanola de Cirugia Oral y Maxilofacial,44(1) 44-48",https://www.scopus.com/record/display.url?eid=2-s2.0-85130719817&origin=resultslist,10.20986/recom.2022.1317/2021,Article,Gold,2-s2.0-85130719817,-,Universidad Autónoma Metropolitana| Universidad de Chile,505017| 603004,Academic,2.0,60015638| 60012464| 60010210,"Hospital San Juan de Dios, Santiago de Chile| Universidad de Chile| Universidad Autónoma Metropolitana Unidad Xochimilco",57212217950,7004904219,57212217950,-,Chile| Mexico,2.0,2733| 2746| 3504,Otorhinolaryngology| Surgery| Oral Surgery,5,Life Sciences & Medicine,514| 532,Dentistry| Medicine,34,Medical and Health,32,Biomedical And Clinical Sciences,3202| 3203| 3211,Clinical sciences| Dentistry| Oncology and carcinogenesis,SDG 3,Salivary Gland Tumors and Congenital Conditions,572,28.777,Ameloblastoma: Insights into Odontogenic Tumors,9232,86.617,Definitive,2022.0,0.0,N/A,"Rivas, A.M.| Donoso-Hofer, F.| De Los Ángeles Fernández Toro, M.| Pinto, A.V.O.| Taylor, A.M.",Universidad Autónoma Metropolitana| Universidad de Chile,Chile| Mexico,0
7004904219,7004904219,Focal acantholytic dyskeratosis: a multifocal verrucous presentation in the oral cavity,"Lafuente-Ibáñez de Mendoza, I.| Mosqueda-Taylor, A.| Aguirre-Urizar, J.M.",3.0,57208618716| 7004904219| 6603049895,2021.0,2021-01-01,International Journal of Dermatology,60,1,107-109,-,ISSN-00119059,24838.0,Journal,Blackwell Publishing Ltd,English,1.2,23,3.8,32,0.66,28,0.37,7.0,0.0,0.0,6.78,82.0,79.0,0.0,0.0,"Lafuente-Ibáñez de Mendoza, I., Mosqueda-Taylor, A., Aguirre-Urizar, J.M. (2021).Focal acantholytic dyskeratosis: a multifocal verrucous presentation in the oral cavity. International Journal of Dermatology,60(1) 107-109",https://www.scopus.com/record/display.url?eid=2-s2.0-85091032158&origin=resultslist,10.1111/ijd.15142,Article,,2-s2.0-85091032158,32946610,Universidad Autónoma Metropolitana| University of the Basque Country,505017| 312036,Academic,2.0,60027856| 60010210,Universidad del Pais Vasco| Universidad Autónoma Metropolitana Unidad Xochimilco,57208618716,6603049895,6603049895,-,Mexico| Spain,2.0,2708,Dermatology,5,Life Sciences & Medicine,532,Medicine,34,Medical and Health,32,Biomedical And Clinical Sciences,3202,Clinical sciences,SDG 3,Autoimmune Bullous Skin Diseases,703,24.787,Genetic Insights into Darier's and Hailey-Hailey Diseases,11951,73.029,Definitive,2021.0,0.0,N/A,"Lafuente-Ibáñez de Mendoza, I.| Mosqueda-Taylor, A.| Aguirre-Urizar, J.M.",Universidad Autónoma Metropolitana| University of the Basque Country,Mexico| Spain,0
7004904219,7004904219,An elderly Hispanic male with mucosal erosions,"Dufflart Ocampo, J.D.| Pérez Campos, E.| Vega Memije, E.| Toussaint Caire, S.| Sáenz Corral, C.I.| Mosqueda Taylor, A.",6.0,58794621900| 58795098500| 57673309300| 23499944800| 56190616500| 7004904219,2023.0,2023-12-01,JEADV Clinical Practice,2,4,1013-1015,-,ISSN-27686566,21101194671.0,Journal,John Wiley and Sons Inc,English,0.25,82,0.3,87,-,-,0.21,2.0,0.0,0.0,5.02,77.0,77.0,0.0,0.0,"Dufflart Ocampo, J.D., Pérez Campos, E., Vega Memije, E. and 3 more (...) (2023).An elderly Hispanic male with mucosal erosions. JEADV Clinical Practice,2(4) 1013-1015",https://www.scopus.com/record/display.url?eid=2-s2.0-85181521732&origin=resultslist,10.1002/jvc2.226,Article,Gold|Green,2-s2.0-85181521732,-,"Universidad Autónoma Metropolitana| Universidad Nacional Autónoma de México| Hospital General ""Dr. Manuel Gea González""",505017| 505023| 715276,Medical| Academic,3.0,60032442| 60003352| 60010210,"Universidad Nacional Autónoma de México| Hospital General ""Dr. Manuel Gea González""| Universidad Autónoma Metropolitana Unidad Xochimilco",58794621900,7004904219,58794621900,-,Mexico| Spain,2.0,2708,Dermatology,5,Life Sciences & Medicine,532,Medicine,34,Medical and Health,-,-,-,-,-,Autoimmune Bullous Skin Diseases,703,24.787,Cicatricial Pemphigoid and Autoantibody Dynamics,19538,71.425,Definitive,2023.0,0.0,N/A,"Dufflart Ocampo, J.D.| Pérez Campos, E.| Vega Memije, E.| Toussaint Caire, S.| Sáenz Corral, C.I.| Mosqueda Taylor, A.","Universidad Autónoma Metropolitana| Universidad Nacional Autónoma de México| Hospital General ""Dr. Manuel Gea González""",Mexico| Spain,0
