Autor,Autor_ID,Title,Authors,Number of Authors,Scopus Author Ids,Year,Full date,Scopus Source title,Volume,Issue,Pages,Article number,ISSN,Source ID,Source type,Publisher,Language,SNIP (publication year),SNIP percentile (publication year) *,CiteScore (publication year),CiteScore percentile (publication year) *,SJR (publication year),SJR percentile (publication year) *,Field-Weighted View Impact,Views,Citations,Field-Weighted Citation Impact,Field-Citation Average,"Outputs in Top Citation Percentiles, per percentile","Field-Weighted Outputs in Top Citation Percentiles, per percentile",Main patent families,Policy citations,Reference,Abstract,DOI,Publication type,Open Access,EID,PubMed ID,Institutions,Institution IDs,Sector,Number of Institutions,Scopus Affiliation IDs,Scopus Affiliation names,Scopus Author ID First Author,Scopus Author ID Last Author,Scopus Author ID Corresponding Author,Scopus Author ID Single Author,Country/Region,Number of Countries/Regions,All Science Journal Classification (ASJC) code,All Science Journal Classification (ASJC) field name,Quacquarelli Symonds (QS) Subject area code,Quacquarelli Symonds (QS) Subject area field name,Quacquarelli Symonds (QS) Subject code,Quacquarelli Symonds (QS) Subject field name,Times Higher Education (THE) code,Times Higher Education (THE) field name,ANZSRC FoR (2020) parent code,ANZSRC FoR (2020) parent name,ANZSRC FoR (2020) code,ANZSRC FoR (2020) name,Sustainable Development Goals (2025),Topic Cluster name,Topic Cluster number,Topic Cluster Prominence Percentile,Topic name,Topic number,Topic Prominence Percentile,Publication link to Topic strength,Año,Citas,Colaboracion,Autores,Instituciones,Regiones,Instituciones_Nacionales
55000477500,55000477500,A robust and biocompatible bismuth ellagate MOF synthesized under green ambient conditions,"Grape, E.S.| Gabriel Flores, J.| Hidalgo, T.| Martínez-Ahumada, E.| Gutierrez-Alejandre, A.| Hautier, A.| Williams, D.R.| O’Keeffe, M.| Ohrström, L.| Willhammar, T.| Horcajada, P.| Ibarra, I.A.| Ken Inge, A.",13.0,56148986400| 57195242626| 36610032500| 57212137584| 6603164478| 57219372384| 55574201884| 56288933500| 55931272000| 37073826700| 6506919746| 55000477500| 57208647553,2020.0,2020-09-30,Journal of the American Chemical Society,142,39,16795-16804,-,ISSN-00027863,22680.0,Journal,American Chemical Society,English,2.58,4,25.1,2,7.115,2,2.74,189.0,203.0,4.88,20.47,1.0,3.0,2.0,0.0,"Grape, E.S., Gabriel Flores, J., Hidalgo, T. and 10 more (...) (2020).A robust and biocompatible bismuth ellagate MOF synthesized under green ambient conditions. Journal of the American Chemical Society,142(39) 16795-16804",https://www.scopus.com/record/display.url?eid=2-s2.0-85092429358&origin=resultslist,10.1021/jacs.0c07525,Article,Hybrid gold|Green,2-s2.0-85092429358,32894014,Arizona State University| Institut national des sciences appliquées Lyon| Universidad Autónoma Metropolitana| Imperial College London| Chalmers University of Technology| Universidad Nacional Autónoma de México| Instituto IMDEA Energía| Stockholm University,508006| 314026| 505017| 315018| 332001| 505023| 715984| 332014,Academic,8.0,60028378| 60109812| 60032442| 60023193| 60027613| 60016253| 60015150| 60003892| 60000990,Stockholms universitet| Instituto IMDEA Energía| Universidad Nacional Autónoma de México| Universidad Autónoma Metropolitana - Azcapotzalco| Unidad de Investigacion en Catalisis| INSA Lyon| Imperial College London| Arizona State University| Chalmers University of Technology,56148986400,57208647553,6506919746| 55000477500| 57208647553,-,United Kingdom| Spain| Mexico| United States| France| Sweden,6.0,1303| 1503| 1505| 1600,Biochemistry| Catalysis| Colloid and Surface Chemistry| General Chemistry,2| 4| 5,Engineering & Technology| Natural Sciences| Life Sciences & Medicine,219| 507| 249| 409,Engineering - Chemical| Biological Sciences| Engineering - Petroleum| Chemistry,32| 36| 37,Life Sciences| Engineering| Physical Sciences,40| 34,Engineering| Chemical Sciences,-,-,SDG 7,Metal-Organic Frameworks in Environmental Applications,99,98.496,Tailored MOFs for Selective Gas Adsorption,19124,99.42,Defensible,2020.0,203.0,N/A,"Grape, E.S.| Gabriel Flores, J.| Hidalgo, T.| Martínez-Ahumada, E.| Gutierrez-Alejandre, A.| Hautier, A.| Williams, D.R.| O’Keeffe, M.| Ohrström, L.| Willhammar, T.| Horcajada, P.| Ibarra, I.A.| Ken Inge, A.",Arizona State University| Institut national des sciences appliquées Lyon| Universidad Autónoma Metropolitana| Imperial College London| Chalmers University of Technology| Universidad Nacional Autónoma de México| Instituto IMDEA Energía| Stockholm University,United Kingdom| Spain| Mexico| United States| France| Sweden,0
55000477500,55000477500,MOF Materials for the Capture of Highly Toxic H2S and SO2,"Martínez-Ahumada, E.| López-Olvera, A.| Jancik, V.| Sánchez-Bautista, J.E.| González-Zamora, E.| Martis, V.| Williams, D.R.| Ibarra, I.A.",8.0,57212137584| 57192953714| 6603651982| 57208326065| 55989686000| 34973230300| 55574201884| 55000477500,2020.0,2020-04-13,Organometallics,39,7,883-915,-,ISSN-02767333,26423.0,Journal,American Chemical Society,English,0.85,41,7,13,1.231,12,2.81,80.0,182.0,9.28,11.96,2.0,1.0,0.0,0.0,"Martínez-Ahumada, E., López-Olvera, A., Jancik, V. and 5 more (...) (2020).MOF Materials for the Capture of Highly Toxic H2S and SO2. Organometallics,39(7) 883-915",https://www.scopus.com/record/display.url?eid=2-s2.0-85078657359&origin=resultslist,10.1021/acs.organomet.9b00735,Article,,2-s2.0-85078657359,-,Universidad Autónoma Metropolitana| Imperial College London| Universidad Autonoma del Estado de Mexico| Universidad Nacional Autónoma de México,505017| 315018| 505051| 505023,Academic,4.0,60032442| 60175860| 60028381| 60175955| 60015150,Universidad Nacional Autónoma de México| Centro Conjunto de Investigación en Química Sustentable UAEM-UNAM| Universidad Autónoma Metropolitana -Unidad Iztapalapa| Surface Measurement Systems Ltd.| Imperial College London,57212137584,55000477500,6603651982,-,United Kingdom| Mexico,2.0,1604| 1605| 1606,Inorganic Chemistry| Organic Chemistry| Physical and Theoretical Chemistry,4| 2,Natural Sciences| Engineering & Technology,249| 409,Engineering - Petroleum| Chemistry,37,Physical Sciences,34,Chemical Sciences,3402| 3406,Inorganic chemistry| Physical chemistry,-,Metal-Organic Frameworks in Environmental Applications,99,98.496,Tailored MOFs for Selective Gas Adsorption,19124,99.42,Very Good,2020.0,182.0,N/A,"Martínez-Ahumada, E.| López-Olvera, A.| Jancik, V.| Sánchez-Bautista, J.E.| González-Zamora, E.| Martis, V.| Williams, D.R.| Ibarra, I.A.",Universidad Autónoma Metropolitana| Imperial College London| Universidad Autonoma del Estado de Mexico| Universidad Nacional Autónoma de México,United Kingdom| Mexico,0
55000477500,55000477500,SO2 Capture Using Porous Organic Cages,"Martínez-Ahumada, E.| He, D.| Berryman, V.| López-Olvera, A.| Hernandez, M.| Jancik, V.| Martis, V.| Vera, M.A.| Lima, E.| Parker, D.J.| Cooper, A.I.| Ibarra, I.A.| Liu, M.",13.0,57212137584| 56344671900| 55330700700| 57192953714| 55882134300| 6603651982| 34973230300| 55398162500| 7103348371| 57195672581| 7401832651| 55000477500| 56894787700,2021.0,2021-08-02,Angewandte Chemie - International Edition,60,32,17556-17563,-,ISSN-14337851,22687.0,Journal,John Wiley and Sons Inc,English,2.29,5,23.9,3,5.126,3,2.88,86.0,142.0,4.87,20.97,2.0,3.0,1.0,0.0,"Martínez-Ahumada, E., He, D., Berryman, V. and 10 more (...) (2021).SO2 Capture Using Porous Organic Cages. Angewandte Chemie - International Edition,60(32) 17556-17563",https://www.scopus.com/record/display.url?eid=2-s2.0-85107548093&origin=resultslist,10.1002/anie.202104555,Article,Hybrid gold|Green,2-s2.0-85107548093,33979473,University of Liverpool| Universidad Autónoma Metropolitana| Universidad Autonoma del Estado de Mexico| Universidad Nacional Autónoma de México,315086| 505017| 505051| 505023,Academic,4.0,60005971| 60032442| 60020661| 60002281| 60175860| 60175955| 60028381,Instituto de Investigaciones en Materiales| Universidad Nacional Autónoma de México| University of Liverpool| Universidad Autónoma del Estado de México| Centro Conjunto de Investigación en Química Sustentable UAEM-UNAM| Surface Measurement Systems Ltd.| Universidad Autónoma Metropolitana -Unidad Iztapalapa,57212137584,56894787700,7401832651| 55000477500| 56894787700,-,United Kingdom| Mexico,2.0,1503| 1600,Catalysis| General Chemistry,2| 4,Engineering & Technology| Natural Sciences,249| 409| 219,Engineering - Petroleum| Chemistry| Engineering - Chemical,37| 36,Physical Sciences| Engineering,34,Chemical Sciences,-,-,-,Metal-Organic Frameworks in Environmental Applications,99,98.496,Porous Organic Frameworks and Hydrogen Bonding Innovations,21020,98.968,Very Good,2021.0,142.0,N/A,"Martínez-Ahumada, E.| He, D.| Berryman, V.| López-Olvera, A.| Hernandez, M.| Jancik, V.| Martis, V.| Vera, M.A.| Lima, E.| Parker, D.J.| Cooper, A.I.| Ibarra, I.A.| Liu, M.",University of Liverpool| Universidad Autónoma Metropolitana| Universidad Autonoma del Estado de Mexico| Universidad Nacional Autónoma de México,United Kingdom| Mexico,0
55000477500,55000477500,Structure stability of HKUST-1 towards water and ethanol and their effect on its CO2 capture properties,"Álvarez, J.R.| Sánchez-González, E.| Pérez, E.| Schneider-Revueltas, E.| Martínez, A.| Tejeda-Cruz, A.| Islas-Jácome, A.| González-Zamora, E.| Ibarra, I.A.",9.0,56982347300| 24172136000| 57217261574| 57195036346| 7404025645| 6505992035| 48161545400| 55989686000| 55000477500,2017.0,2017-01-01,Dalton Transactions,46,28,9192-9200,-,ISSN-14779226,9500153949.0,Journal,Royal Society of Chemistry,English,0.91,34,7.3,14,1.306,15,1.78,86.0,133.0,3.93,9.67,3.0,5.0,1.0,0.0,"Álvarez, J.R., Sánchez-González, E., Pérez, E. and 6 more (...) (2017).Structure stability of HKUST-1 towards water and ethanol and their effect on its CO2 capture properties. Dalton Transactions,46(28) 9192-9200",https://www.scopus.com/record/display.url?eid=2-s2.0-85024912008&origin=resultslist,10.1039/c7dt01845b,Article,,2-s2.0-85024912008,28678240,Universidad Autónoma Metropolitana| Universidad Nacional Autónoma de México,505017| 505023,Academic,2.0,60032442| 60028381,Universidad Nacional Autónoma de México| Universidad Autónoma Metropolitana -Unidad Iztapalapa,56982347300,55000477500,48161545400,-,Mexico,1.0,1604,Inorganic Chemistry,4,Natural Sciences,409,Chemistry,37,Physical Sciences,34,Chemical Sciences,3402,Inorganic chemistry,SDG 13,Metal-Organic Frameworks in Environmental Applications,99,98.496,Metal Organic Frameworks in Gas Storage Applications,74,99.688,Definitive,2017.0,133.0,N/A,"Álvarez, J.R.| Sánchez-González, E.| Pérez, E.| Schneider-Revueltas, E.| Martínez, A.| Tejeda-Cruz, A.| Islas-Jácome, A.| González-Zamora, E.| Ibarra, I.A.",Universidad Autónoma Metropolitana| Universidad Nacional Autónoma de México,Mexico,0
55000477500,55000477500,Highly reversible sorption of H2S and CO2 by an environmentally friendly Mg-based MOF,"Sánchez-González, E.| Mileo, P.G.M.| Sagastuy-Breña, M.| Álvarez, J.R.| Reynolds, J.E.| Villarreal, A.| Gutiérrez-Alejandre, A.| Ramírez, J.| Balmaseda, J.| González-Zamora, E.| Maurin, G.| Humphrey, S.M.| Ibarra, I.A.",13.0,24172136000| 26027178100| 57203916478| 56982347300| 57201659853| 56092675400| 6603164478| 35551024700| 6603286727| 55989686000| 8914339300| 7101601899| 55000477500,2018.0,2018-01-01,Journal of Materials Chemistry A,6,35,16900-16909,-,ISSN-20507488,21100232403.0,Journal,Royal Society of Chemistry,English,1.6,10,17.2,4,3.372,5,2.31,100.0,98.0,2.84,18.29,4.0,8.0,0.0,0.0,"Sánchez-González, E., Mileo, P.G.M., Sagastuy-Breña, M. and 10 more (...) (2018).Highly reversible sorption of H2S and CO2 by an environmentally friendly Mg-based MOF. Journal of Materials Chemistry A,6(35) 16900-16909",https://www.scopus.com/record/display.url?eid=2-s2.0-85053556326&origin=resultslist,10.1039/c8ta05400b,Article,,2-s2.0-85053556326,-,University of Texas at Austin| Université de Montpellier| Universidad Autónoma Metropolitana| CNRS| Universidad Nacional Autónoma de México| École nationale supérieure de chimie de Montpellier,508345| 314084| 505017| 314004| 505023| 314010,Academic| Government,6.0,60032442| 60108488| 60008134| 60103239| 60024243| 60150456| 60013372| 60027613| 60028381,Universidad Nacional Autónoma de México| Université de Montpellier| CNRS Centre National de la Recherche Scientifique| Institut Charles Gerhardt Montpellier| École Nationale Supérieure de Chimie de Montpellier| College of Natural Sciences| The University of Texas at Austin| Unidad de Investigacion en Catalisis| Universidad Autónoma Metropolitana -Unidad Iztapalapa,24172136000,55000477500,8914339300,-,Mexico| United States| France,3.0,1600| 2105| 2500,"General Chemistry| Renewable Energy, Sustainability and the Environment| General Materials Science",2| 4,Engineering & Technology| Natural Sciences,221| 409| 433,Engineering - Electrical & Electronic| Chemistry| Materials Science,37| 36,Physical Sciences| Engineering,40| 34,Engineering| Chemical Sciences,4016| 4004| 3403,Materials engineering| Chemical engineering| Macromolecular and materials chemistry,-,Metal-Organic Frameworks in Environmental Applications,99,98.496,Metal Organic Frameworks in Gas Storage Applications,74,99.688,Very Good,2018.0,98.0,N/A,"Sánchez-González, E.| Mileo, P.G.M.| Sagastuy-Breña, M.| Álvarez, J.R.| Reynolds, J.E.| Villarreal, A.| Gutiérrez-Alejandre, A.| Ramírez, J.| Balmaseda, J.| González-Zamora, E.| Maurin, G.| Humphrey, S.M.| Ibarra, I.A.",University of Texas at Austin| Université de Montpellier| Universidad Autónoma Metropolitana| CNRS| Universidad Nacional Autónoma de México| École nationale supérieure de chimie de Montpellier,Mexico| United States| France,0
55000477500,55000477500,Greener synthesis of Cu-MOF-74 and its catalytic use for the generation of vanillin,"Flores, J.G.| Sánchez-González, E.| Gutiérrez-Alejandre, A.| Aguilar-Pliego, J.| Martínez, A.| Jurado-Vázquez, T.| Lima, E.| González-Zamora, E.| Díaz-García, M.| Sánchez-Sánchez, M.| Ibarra, I.A.",11.0,57206442858| 24172136000| 6603164478| 56013754600| 7404025645| 57191247913| 7103348371| 55989686000| 56081239100| 15763667700| 55000477500,2018.0,2018-01-01,Dalton Transactions,47,13,4639-4645,-,ISSN-14779226,9500153949.0,Journal,Royal Society of Chemistry,English,0.91,36,7.3,11,1.12,16,4.67,221.0,94.0,4.15,10.83,4.0,4.0,1.0,0.0,"Flores, J.G., Sánchez-González, E., Gutiérrez-Alejandre, A. and 8 more (...) (2018).Greener synthesis of Cu-MOF-74 and its catalytic use for the generation of vanillin. Dalton Transactions,47(13) 4639-4645",https://www.scopus.com/record/display.url?eid=2-s2.0-85044516732&origin=resultslist,10.1039/c7dt04701k,Article,,2-s2.0-85044516732,29521389,CSIC| CSIC - Institute of Catalysis and Petrochemistry| Universidad Autónoma Metropolitana| Universidad Nacional Autónoma de México,312004| 715433| 505017| 505023,Academic| Government,4.0,60023193| 60032442| 60027613| 60028381| 60021246| 60006754,Universidad Autónoma Metropolitana - Azcapotzalco| Universidad Nacional Autónoma de México| Unidad de Investigacion en Catalisis| Universidad Autónoma Metropolitana -Unidad Iztapalapa| CSIC - Instituto de Catálisis y Petroleoquímica (ICP)| Consejo Superior de Investigaciones Científicas,57206442858,55000477500,56013754600,-,Mexico| Spain,2.0,1604,Inorganic Chemistry,4,Natural Sciences,409,Chemistry,37,Physical Sciences,34,Chemical Sciences,3402,Inorganic chemistry,-,Metal-Organic Frameworks in Environmental Applications,99,98.496,Metal Organic Frameworks in Gas Storage Applications,74,99.688,Very Good,2018.0,94.0,N/A,"Flores, J.G.| Sánchez-González, E.| Gutiérrez-Alejandre, A.| Aguilar-Pliego, J.| Martínez, A.| Jurado-Vázquez, T.| Lima, E.| González-Zamora, E.| Díaz-García, M.| Sánchez-Sánchez, M.| Ibarra, I.A.",CSIC| CSIC - Institute of Catalysis and Petrochemistry| Universidad Autónoma Metropolitana| Universidad Nacional Autónoma de México,Mexico| Spain,0
55000477500,55000477500,High and energy-efficient reversible SO2 uptake by a robust Sc(III)-based MOF,"Zárate, J.A.| Sánchez-González, E.| Williams, D.R.| González-Zamora, E.| Martis, V.| Martínez, A.| Balmaseda, J.| Maurin, G.| Ibarra, I.A.",9.0,56432561800| 24172136000| 55574201884| 55989686000| 34973230300| 7404025645| 6603286727| 8914339300| 55000477500,2019.0,2019-01-01,Journal of Materials Chemistry A,7,26,15580-15584,-,ISSN-20507488,21100232403.0,Journal,Royal Society of Chemistry,English,1.66,10,17.1,4,3.432,5,1.19,45.0,92.0,2.81,19.21,4.0,8.0,0.0,0.0,"Zárate, J.A., Sánchez-González, E., Williams, D.R. and 6 more (...) (2019).High and energy-efficient reversible SO2 uptake by a robust Sc(III)-based MOF. Journal of Materials Chemistry A,7(26) 15580-15584",https://www.scopus.com/record/display.url?eid=2-s2.0-85068497643&origin=resultslist,10.1039/c9ta02585e,Article,,2-s2.0-85068497643,-,Université de Montpellier| Universidad Autónoma Metropolitana| CNRS| Imperial College London| Universidad Nacional Autónoma de México| École nationale supérieure de chimie de Montpellier,314084| 505017| 314004| 315018| 505023| 314010,Academic| Government,6.0,60032442| 60103239| 60024243| 60108488| 60008134| 60015150| 60028381| 60175955,Universidad Nacional Autónoma de México| Institut Charles Gerhardt Montpellier| École Nationale Supérieure de Chimie de Montpellier| Université de Montpellier| CNRS Centre National de la Recherche Scientifique| Imperial College London| Universidad Autónoma Metropolitana -Unidad Iztapalapa| Surface Measurement Systems Ltd.,56432561800,55000477500,8914339300,-,United Kingdom| Mexico| France,3.0,1600| 2105| 2500,"General Chemistry| Renewable Energy, Sustainability and the Environment| General Materials Science",2| 4,Engineering & Technology| Natural Sciences,409| 221| 433,Chemistry| Engineering - Electrical & Electronic| Materials Science,37| 36,Physical Sciences| Engineering,40| 34,Engineering| Chemical Sciences,4004| 3403| 4016,Chemical engineering| Macromolecular and materials chemistry| Materials engineering,-,Metal-Organic Frameworks in Environmental Applications,99,98.496,Tailored MOFs for Selective Gas Adsorption,19124,99.42,Very Good,2019.0,92.0,N/A,"Zárate, J.A.| Sánchez-González, E.| Williams, D.R.| González-Zamora, E.| Martis, V.| Martínez, A.| Balmaseda, J.| Maurin, G.| Ibarra, I.A.",Université de Montpellier| Universidad Autónoma Metropolitana| CNRS| Imperial College London| Universidad Nacional Autónoma de México| École nationale supérieure de chimie de Montpellier,United Kingdom| Mexico| France,0
55000477500,55000477500, Synthesis and Characterization of an SWCNT@HKUST-1 Composite: Enhancing the CO 2 Adsorption Properties of HKUST-1 ,"Cortés-Súarez, J.| Celis-Arias, V.| Beltrán, H.I.| Tejeda-Cruz, A.| Ibarra, I.A.| Romero-Ibarra, J.E.| Sánchez-González, E.| Loera-Serna, S.",8.0,59961705900| 57201366780| 6603666134| 6505992035| 55000477500| 55898545200| 24172136000| 55818896000,2019.0,2019-03-13,ACS Omega,4,3,5275-5282,-,ISSN-24701343,21100828963.0,Journal,American Chemical Society,English,0.72,49,2.7,41,0.767,20,1.78,60.0,89.0,2.77,14.81,4.0,8.0,0.0,0.0,"Cortés-Súarez, J., Celis-Arias, V., Beltrán, H.I. and 5 more (...) (2019). Synthesis and Characterization of an SWCNT@HKUST-1 Composite: Enhancing the CO 2 Adsorption Properties of HKUST-1 . ACS Omega,4(3) 5275-5282",https://www.scopus.com/record/display.url?eid=2-s2.0-85062880580&origin=resultslist,10.1021/acsomega.9b00330,Article,Gold|Green,2-s2.0-85062880580,-,Universidad Autónoma Metropolitana| Universidad Nacional Autónoma de México,505017| 505023,Academic,2.0,60023193| 60032442,Universidad Autónoma Metropolitana - Azcapotzalco| Universidad Nacional Autónoma de México,59961705900,55818896000,55000477500,-,Mexico,1.0,1500| 1600,General Chemical Engineering| General Chemistry,4| 2,Natural Sciences| Engineering & Technology,409| 219,Chemistry| Engineering - Chemical,36| 37,Engineering| Physical Sciences,34| 40,Chemical Sciences| Engineering,3403| 4004| 3406,Macromolecular and materials chemistry| Chemical engineering| Physical chemistry,SDG 13,Metal-Organic Frameworks in Environmental Applications,99,98.496,Metal Organic Frameworks in Gas Storage Applications,74,99.688,Very Good,2019.0,89.0,N/A,"Cortés-Súarez, J.| Celis-Arias, V.| Beltrán, H.I.| Tejeda-Cruz, A.| Ibarra, I.A.| Romero-Ibarra, J.E.| Sánchez-González, E.| Loera-Serna, S.",Universidad Autónoma Metropolitana| Universidad Nacional Autónoma de México,Mexico,0
55000477500,55000477500,Catalytic activity of HKUST-1 in the oxidation of trans-ferulic acid to vanillin,"Yepez, R.| García, S.| Schachat, P.| Sánchez-Sánchez, M.| González-Estefan, J.H.| González-Zamora, E.| Ibarra, I.A.| Aguilar-Pliego, J.",8.0,35084708300| 56817714100| 56703374300| 15763667700| 56584487500| 55989686000| 55000477500| 56013754600,2015.0,2015-07-01,New Journal of Chemistry,39,7,5112-5115,-,ISSN-11440546,24824.0,Journal,Royal Society of Chemistry,English,0.82,39,4,16,0.935,14,2.87,98.0,81.0,2.1,12.85,6.0,13.0,0.0,0.0,"Yepez, R., García, S., Schachat, P. and 5 more (...) (2015).Catalytic activity of HKUST-1 in the oxidation of trans-ferulic acid to vanillin. New Journal of Chemistry,39(7) 5112-5115",https://www.scopus.com/record/display.url?eid=2-s2.0-84933555828&origin=resultslist,10.1039/c5nj00247h,Article,,2-s2.0-84933555828,-,CSIC| CSIC - Institute of Catalysis and Petrochemistry| Universidad Autónoma Metropolitana| Universidad Nacional Autónoma de México| Instituto Mexicano del Petroleo,312004| 715433| 505017| 505023| 505005,Academic| Government,5.0,60023193| 60019271| 60021246| 60006754| 60005971| 60032442| 60028381,Universidad Autónoma Metropolitana - Azcapotzalco| Instituto Mexicano Del Petroleo| CSIC - Instituto de Catálisis y Petroleoquímica (ICP)| Consejo Superior de Investigaciones Científicas| Instituto de Investigaciones en Materiales| Universidad Nacional Autónoma de México| Universidad Autónoma Metropolitana -Unidad Iztapalapa,35084708300,56013754600,55989686000,-,Spain| Mexico,2.0,1503| 1600| 2505,Catalysis| General Chemistry| Materials Chemistry,4| 2,Natural Sciences| Engineering & Technology,249| 409| 219| 433,Engineering - Petroleum| Chemistry| Engineering - Chemical| Materials Science,36| 37,Engineering| Physical Sciences,34,Chemical Sciences,-,-,-,Metal-Organic Frameworks in Environmental Applications,99,98.496,Metal Organic Frameworks in Gas Storage Applications,74,99.688,Very Good,2015.0,81.0,N/A,"Yepez, R.| García, S.| Schachat, P.| Sánchez-Sánchez, M.| González-Estefan, J.H.| González-Zamora, E.| Ibarra, I.A.| Aguilar-Pliego, J.",CSIC| CSIC - Institute of Catalysis and Petrochemistry| Universidad Autónoma Metropolitana| Universidad Nacional Autónoma de México| Instituto Mexicano del Petroleo,Spain| Mexico,0
55000477500,55000477500,Outstanding reversible H2S capture by an Al(iii)-based MOF,"Antonio Zárate, J.| Sánchez-González, E.| Jurado-Vázquez, T.| Gutiérrez-Alejandre, A.| González-Zamora, E.| Castillo, I.| Maurin, G.| Ibarra, I.A.",8.0,57201281238| 24172136000| 57191247913| 6603164478| 55989686000| 7005794756| 8914339300| 55000477500,2019.0,2019-01-01,Chemical Communications,55,21,3049-3052,-,ISSN-13597345,22781.0,Journal,Royal Society of Chemistry,English,1.13,24,9.8,4,1.992,3,2.66,97.0,78.0,3.09,13.61,5.0,7.0,0.0,0.0,"Antonio Zárate, J., Sánchez-González, E., Jurado-Vázquez, T. and 5 more (...) (2019).Outstanding reversible H2S capture by an Al(iii)-based MOF. Chemical Communications,55(21) 3049-3052",https://www.scopus.com/record/display.url?eid=2-s2.0-85062632305&origin=resultslist,10.1039/c8cc09379b,Article,,2-s2.0-85062632305,30714581,Université de Montpellier| Universidad Autónoma Metropolitana| CNRS| Universidad Nacional Autónoma de México| École nationale supérieure de chimie de Montpellier,314084| 505017| 314004| 505023| 314010,Academic| Government,5.0,60032442| 60008134| 60024243| 60108488| 60103239| 60028381,Universidad Nacional Autónoma de México| CNRS Centre National de la Recherche Scientifique| École Nationale Supérieure de Chimie de Montpellier| Université de Montpellier| Institut Charles Gerhardt Montpellier| Universidad Autónoma Metropolitana -Unidad Iztapalapa,57201281238,55000477500,57201281238,-,Mexico| France,2.0,1503| 1600| 2503| 2504| 2505| 2506| 2508,"Catalysis| General Chemistry| Ceramics and Composites| Electronic, Optical and Magnetic Materials| Materials Chemistry| Metals and Alloys| Surfaces, Coatings and Films",2| 4,Engineering & Technology| Natural Sciences,409| 249| 433| 219,Chemistry| Engineering - Petroleum| Materials Science| Engineering - Chemical,36| 37,Engineering| Physical Sciences,40| 34,Engineering| Chemical Sciences,-,-,-,Metal-Organic Frameworks in Environmental Applications,99,98.496,Metal Organic Frameworks in Gas Storage Applications,74,99.688,Very Good,2019.0,78.0,N/A,"Antonio Zárate, J.| Sánchez-González, E.| Jurado-Vázquez, T.| Gutiérrez-Alejandre, A.| González-Zamora, E.| Castillo, I.| Maurin, G.| Ibarra, I.A.",Université de Montpellier| Universidad Autónoma Metropolitana| CNRS| Universidad Nacional Autónoma de México| École nationale supérieure de chimie de Montpellier,Mexico| France,0
55000477500,55000477500,Water adsorption properties of a Sc(III) porous coordination polymer for CO2 capture applications,"Álvarez, J.R.| Peralta, R.A.| Balmaseda, J.| González-Zamora, E.| Ibarra, I.A.",5.0,56982347300| 56879898700| 6603286727| 55989686000| 55000477500,2015.0,2015-12-01,Inorganic Chemistry Frontiers,2,12,1080-1084,-,ISSN-20521553,21100403917.0,Journal,Royal Society of Chemistry,English,0.95,32,2.9,53,1.442,10,0.96,37.0,58.0,2.22,9.48,10.0,12.0,0.0,0.0,"Álvarez, J.R., Peralta, R.A., Balmaseda, J. and 2 more (...) (2015).Water adsorption properties of a Sc(III) porous coordination polymer for CO2 capture applications. Inorganic Chemistry Frontiers,2(12) 1080-1084",https://www.scopus.com/record/display.url?eid=2-s2.0-84948685201&origin=resultslist,10.1039/c5qi00176e,Article,,2-s2.0-84948685201,-,Universidad Autónoma Metropolitana| Universidad Nacional Autónoma de México,505017| 505023,Academic,2.0,60032442| 60028381,Universidad Nacional Autónoma de México| Universidad Autónoma Metropolitana -Unidad Iztapalapa,56982347300,55000477500,55989686000,-,Mexico,1.0,1604,Inorganic Chemistry,4,Natural Sciences,409,Chemistry,37,Physical Sciences,34,Chemical Sciences,3402| 3403,Inorganic chemistry| Macromolecular and materials chemistry,SDG 13,Metal-Organic Frameworks in Environmental Applications,99,98.496,Metal Organic Frameworks in Gas Storage Applications,74,99.688,Definitive,2015.0,58.0,N/A,"Álvarez, J.R.| Peralta, R.A.| Balmaseda, J.| González-Zamora, E.| Ibarra, I.A.",Universidad Autónoma Metropolitana| Universidad Nacional Autónoma de México,Mexico,0
55000477500,55000477500,Carbon dioxide capture in the presence of water vapour in InOF-1,"Peralta, R.A.| Alcántar-Vázquez, B.| Sánchez-Serratos, M.| González-Zamora, E.| Ibarra, I.A.",5.0,56879898700| 55827211900| 56880342300| 55989686000| 55000477500,2015.0,2015-10-01,Inorganic Chemistry Frontiers,2,10,898-903,-,ISSN-20521553,21100403917.0,Journal,Royal Society of Chemistry,English,0.95,32,2.9,53,1.442,10,1.64,48.0,58.0,1.79,9.48,10.0,16.0,0.0,0.0,"Peralta, R.A., Alcántar-Vázquez, B., Sánchez-Serratos, M. and 2 more (...) (2015).Carbon dioxide capture in the presence of water vapour in InOF-1. Inorganic Chemistry Frontiers,2(10) 898-903",https://www.scopus.com/record/display.url?eid=2-s2.0-84942764507&origin=resultslist,10.1039/c5qi00077g,Article,,2-s2.0-84942764507,-,Universidad Autónoma Metropolitana| Universidad Nacional Autónoma de México,505017| 505023,Academic,2.0,60032442| 60028381,Universidad Nacional Autónoma de México| Universidad Autónoma Metropolitana -Unidad Iztapalapa,56879898700,55000477500,55989686000,-,Mexico,1.0,1604,Inorganic Chemistry,4,Natural Sciences,409,Chemistry,37,Physical Sciences,34,Chemical Sciences,3402| 3403,Inorganic chemistry| Macromolecular and materials chemistry,SDG 13,Metal-Organic Frameworks in Environmental Applications,99,98.496,Metal Organic Frameworks in Gas Storage Applications,74,99.688,Definitive,2015.0,58.0,N/A,"Peralta, R.A.| Alcántar-Vázquez, B.| Sánchez-Serratos, M.| González-Zamora, E.| Ibarra, I.A.",Universidad Autónoma Metropolitana| Universidad Nacional Autónoma de México,Mexico,0
55000477500,55000477500,Partially fluorinated MIL-101(Cr): From a miniscule structure modification to a huge chemical environment transformation inspected by 129Xe NMR,"Díaz-Ramírez, M.L.| Sánchez-González, E.| Álvarez, J.R.| González-Martínez, G.A.| Horike, S.| Kadota, K.| Sumida, K.| González-Zamora, E.| Springuel-Huet, M.-A.| Gutiérrez-Alejandre, A.| Jancik, V.| Furukawa, S.| Kitagawa, S.| Ibarra, I.A.| Lima, E.",15.0,57209578929| 24172136000| 56982347300| 60121603200| 6601908495| 56789617400| 35182099900| 55989686000| 6701774218| 6603164478| 6603651982| 7401638716| 7201690696| 55000477500| 7103348371,2019.0,2019-01-01,Journal of Materials Chemistry A,7,25,15101-15112,-,ISSN-20507488,21100232403.0,Journal,Royal Society of Chemistry,English,1.66,10,17.1,4,3.432,5,2.1,86.0,55.0,1.15,19.21,8.0,25.0,1.0,0.0,"Díaz-Ramírez, M.L., Sánchez-González, E., Álvarez, J.R. and 12 more (...) (2019).Partially fluorinated MIL-101(Cr): From a miniscule structure modification to a huge chemical environment transformation inspected by 129Xe NMR. Journal of Materials Chemistry A,7(25) 15101-15112",https://www.scopus.com/record/display.url?eid=2-s2.0-85068167000&origin=resultslist,10.1039/c9ta02237f,Article,,2-s2.0-85068167000,-,Kyoto University| Université PSL| Universidad Autónoma Metropolitana| CNRS| Adelaide University| Universidad Autonoma del Estado de Mexico| Sorbonne Université| Universidad Nacional Autónoma de México,208081| 707274| 505017| 314004| 725812| 505051| 314089| 505023,Academic| Government,8.0,60032442| 60119339| 60028381| 60082339| 60158061| 60175860,"Universidad Nacional Autónoma de México| Institute for Integrated Cell-Material Sciences| Universidad Autónoma Metropolitana -Unidad Iztapalapa| School of Physics, Chemistry and Earth Sciences| Laboratoire de Chimie de la Matière Condensée de Paris| Centro Conjunto de Investigación en Química Sustentable UAEM-UNAM",57209578929,7103348371,7401638716,-,Mexico| Japan| Australia| France,4.0,1600| 2105| 2500,"General Chemistry| Renewable Energy, Sustainability and the Environment| General Materials Science",4| 2,Natural Sciences| Engineering & Technology,409| 221| 433,Chemistry| Engineering - Electrical & Electronic| Materials Science,36| 37,Engineering| Physical Sciences,34| 40,Chemical Sciences| Engineering,3403| 4016| 4004,Macromolecular and materials chemistry| Materials engineering| Chemical engineering,-,Metal-Organic Frameworks in Environmental Applications,99,98.496,Metal Organic Frameworks in Gas Storage Applications,74,99.688,Definitive,2019.0,55.0,N/A,"Díaz-Ramírez, M.L.| Sánchez-González, E.| Álvarez, J.R.| González-Martínez, G.A.| Horike, S.| Kadota, K.| Sumida, K.| González-Zamora, E.| Springuel-Huet, M.-A.| Gutiérrez-Alejandre, A.| Jancik, V.| Furukawa, S.| Kitagawa, S.| Ibarra, I.A.| Lima, E.",Kyoto University| Université PSL| Universidad Autónoma Metropolitana| CNRS| Adelaide University| Universidad Autonoma del Estado de Mexico| Sorbonne Université| Universidad Nacional Autónoma de México,Mexico| Japan| Australia| France,0
55000477500,55000477500,Partially Reversible H2S Adsorption by MFM-300(Sc): Formation of Polysulfides,"Flores, J.G.| Zárate-Colín, J.A.| Sánchez-González, E.| Valenzuela, J.R.| Gutiérrez-Alejandre, A.| Ramírez, J.| Jancik, V.| Aguilar-Pliego, J.| Zorrilla, M.C.| Lara-García, H.A.| González-Zamora, E.| Guzmán-González, G.| González, I.| Maurin, G.| Ibarra, I.A.",15.0,57206442858| 57216604029| 24172136000| 57216604913| 6603164478| 35551024700| 6603651982| 56013754600| 57216604651| 56285455400| 55989686000| 57189004847| 7102176710| 8914339300| 55000477500,2020.0,2020-04-22,ACS Applied Materials and Interfaces,12,16,18885-18892,-,ISSN-19448244,19700171101.0,Journal,American Chemical Society,English,1.46,15,14,7,2.535,5,2.49,82.0,53.0,1.58,18.32,8.0,17.0,0.0,0.0,"Flores, J.G., Zárate-Colín, J.A., Sánchez-González, E. and 12 more (...) (2020).Partially Reversible H2S Adsorption by MFM-300(Sc): Formation of Polysulfides. ACS Applied Materials and Interfaces,12(16) 18885-18892",https://www.scopus.com/record/display.url?eid=2-s2.0-85084026242&origin=resultslist,10.1021/acsami.0c02340,Article,,2-s2.0-85084026242,32233387,Kyoto University| Université de Montpellier| Universidad Autónoma Metropolitana| CNRS| Universidad Autonoma del Estado de Mexico| Universidad Nacional Autónoma de México| École nationale supérieure de chimie de Montpellier,208081| 314084| 505017| 314004| 505051| 505023| 314010,Academic| Government,7.0,60032442| 60023193| 60108488| 60008134| 60024243| 60103239| 60027613| 60175860| 60028381| 60119339| 60011001,Universidad Nacional Autónoma de México| Universidad Autónoma Metropolitana - Azcapotzalco| Université de Montpellier| CNRS Centre National de la Recherche Scientifique| École Nationale Supérieure de Chimie de Montpellier| Institut Charles Gerhardt Montpellier| Unidad de Investigacion en Catalisis| Centro Conjunto de Investigación en Química Sustentable UAEM-UNAM| Universidad Autónoma Metropolitana -Unidad Iztapalapa| Institute for Integrated Cell-Material Sciences| Kyoto University,57206442858,55000477500,6603164478| 8914339300| 55000477500,-,Mexico| Japan| France,3.0,2500,General Materials Science,2,Engineering & Technology,433,Materials Science,36,Engineering,51| 34| 40,Physical Sciences| Chemical Sciences| Engineering,-,-,SDG 7,Metal-Organic Frameworks in Environmental Applications,99,98.496,Tailored MOFs for Selective Gas Adsorption,19124,99.42,Defensible,2020.0,53.0,N/A,"Flores, J.G.| Zárate-Colín, J.A.| Sánchez-González, E.| Valenzuela, J.R.| Gutiérrez-Alejandre, A.| Ramírez, J.| Jancik, V.| Aguilar-Pliego, J.| Zorrilla, M.C.| Lara-García, H.A.| González-Zamora, E.| Guzmán-González, G.| González, I.| Maurin, G.| Ibarra, I.A.",Kyoto University| Université de Montpellier| Universidad Autónoma Metropolitana| CNRS| Universidad Autonoma del Estado de Mexico| Universidad Nacional Autónoma de México| École nationale supérieure de chimie de Montpellier,Mexico| Japan| France,0
55000477500,55000477500,"Sustainable M-MOF-74 (M = Cu, Co, Zn) prepared in methanol as heterogeneous catalysts in the synthesis of benzaldehyde from styrene oxidation","Flores, J.G.| Díaz-García, M.| Ibarra, I.A.| Aguilar-Pliego, J.| Sánchez-Sánchez, M.",5.0,57206442858| 56081239100| 55000477500| 56013754600| 15763667700,2021.0,2021-06-01,Journal of Solid State Chemistry,298,-,-,122151,ISSN-00224596,26972.0,Journal,Academic Press Inc.,English,0.7,50,5.2,25,0.576,29,2.58,62.0,50.0,2.68,12.66,7.0,8.0,0.0,0.0,"Flores, J.G., Díaz-García, M., Ibarra, I.A. and 2 more (...) (2021).Sustainable M-MOF-74 (M = Cu, Co, Zn) prepared in methanol as heterogeneous catalysts in the synthesis of benzaldehyde from styrene oxidation. Journal of Solid State Chemistry,298",https://www.scopus.com/record/display.url?eid=2-s2.0-85103569240&origin=resultslist,10.1016/j.jssc.2021.122151,Article,Hybrid gold,2-s2.0-85103569240,-,CSIC| CSIC - Institute of Catalysis and Petrochemistry| Universidad Autónoma Metropolitana| Universidad Nacional Autónoma de México,312004| 715433| 505017| 505023,Academic| Government,4.0,60021246| 60006754| 60032442| 60023193,CSIC - Instituto de Catálisis y Petroleoquímica (ICP)| Consejo Superior de Investigaciones Científicas| Universidad Nacional Autónoma de México| Universidad Autónoma Metropolitana - Azcapotzalco,57206442858,15763667700,56013754600| 15763667700,-,Mexico| Spain,2.0,1604| 1606| 2503| 2504| 2505| 3104,"Inorganic Chemistry| Physical and Theoretical Chemistry| Ceramics and Composites| Electronic, Optical and Magnetic Materials| Materials Chemistry| Condensed Matter Physics",4| 2,Natural Sciences| Engineering & Technology,439| 433| 249| 409,Physics & Astronomy| Materials Science| Engineering - Petroleum| Chemistry,36| 37,Engineering| Physical Sciences,34,Chemical Sciences,3403| 3402,Macromolecular and materials chemistry| Inorganic chemistry,-,Metal-Organic Frameworks in Environmental Applications,99,98.496,Metal Organic Frameworks in Gas Storage Applications,74,99.688,Definitive,2021.0,50.0,N/A,"Flores, J.G.| Díaz-García, M.| Ibarra, I.A.| Aguilar-Pliego, J.| Sánchez-Sánchez, M.",CSIC| CSIC - Institute of Catalysis and Petrochemistry| Universidad Autónoma Metropolitana| Universidad Nacional Autónoma de México,Mexico| Spain,0
55000477500,55000477500,Benefits and complexity of defects in metal-organic frameworks,"Portillo-Vélez, N.S.| Obeso, J.L.| de los Reyes, J.A.| Peralta, R.A.| Ibarra, I.A.| Huxley, M.T.",6.0,55777159700| 57580822200| 6701672264| 56879898700| 55000477500| 57150833900,2024.0,2024-12-01,Communications Materials,5,1,-,247,ISSN-26624443,21101080189.0,Journal,Springer Nature,English,1.99,6,10.1,11,2.365,5,1.67,27.0,49.0,5.08,9.65,2.0,3.0,0.0,1.0,"Portillo-Vélez, N.S., Obeso, J.L., de los Reyes, J.A. and 3 more (...) (2024).Benefits and complexity of defects in metal-organic frameworks. Communications Materials,5(1) ",https://www.scopus.com/record/display.url?eid=2-s2.0-85212212276&origin=resultslist,10.1038/s43246-024-00691-1,Article,Gold|Green,2-s2.0-85212212276,-,Universidad Autónoma Metropolitana| Adelaide University| Instituto Politécnico Nacional| Universidad Nacional Autónoma de México,505017| 725812| 505011| 505023,Academic,4.0,60028381| 60032442| 60005971| 60019176| 60013076| 60009512| 60082339,"Universidad Autónoma Metropolitana -Unidad Iztapalapa| Universidad Nacional Autónoma de México| Instituto de Investigaciones en Materiales| Instituto Politécnico Nacional| Centro de Investigacion en Ciencia Aplicada y Tecnologia Avanzada| The University of Adelaide| School of Physics, Chemistry and Earth Sciences",55777159700,57150833900,56879898700| 55000477500| 57150833900,-,Mexico| Australia,2.0,2211| 2500,Mechanics of Materials| General Materials Science,2,Engineering & Technology,222| 433,Engineering - Mechanical| Materials Science,36,Engineering,40| 34,Engineering| Chemical Sciences,4016| 3403,Materials engineering| Macromolecular and materials chemistry,-,Metal-Organic Frameworks in Environmental Applications,99,98.496,Innovative Applications of Metal Organic Frameworks,9635,99.534,Definitive,2024.0,49.0,N/A,"Portillo-Vélez, N.S.| Obeso, J.L.| de los Reyes, J.A.| Peralta, R.A.| Ibarra, I.A.| Huxley, M.T.",Universidad Autónoma Metropolitana| Adelaide University| Instituto Politécnico Nacional| Universidad Nacional Autónoma de México,Mexico| Australia,0
55000477500,55000477500,CO2 capture under humid conditions in NH2-MIL-53(Al): The influence of the amine functional group,"Zárate, A.| Peralta, R.A.| Bayliss, P.A.| Howie, R.| Sánchez-Serratos, M.| Carmona-Monroy, P.| Solis-Ibarra, D.| González-Zamora, E.| Ibarra, I.A.",9.0,57187901800| 56879898700| 55272881200| 57187942000| 56880342300| 57188359500| 35099497400| 55989686000| 55000477500,2016.0,2016-01-01,RSC Advances,6,12,9978-9983,-,ISSN-20462069,21100199840.0,Journal,Royal Society of Chemistry,English,0.76,43,4.1,18,0.889,14,3.16,96.0,48.0,2.06,10.69,11.0,13.0,0.0,0.0,"Zárate, A., Peralta, R.A., Bayliss, P.A. and 6 more (...) (2016).CO2 capture under humid conditions in NH2-MIL-53(Al): The influence of the amine functional group. RSC Advances,6(12) 9978-9983",https://www.scopus.com/record/display.url?eid=2-s2.0-84961349900&origin=resultslist,10.1039/c5ra26517g,Article,,2-s2.0-84961349900,-,Universidad Autónoma Metropolitana| University of Nottingham| Universidad Nacional Autónoma de México,505017| 315090| 505023,Academic,3.0,60032442| 60015138| 60028381,Universidad Nacional Autónoma de México| University of Nottingham| Universidad Autónoma Metropolitana -Unidad Iztapalapa,57187901800,55000477500,35099497400,-,United Kingdom| Mexico,2.0,1500| 1600,General Chemical Engineering| General Chemistry,2| 4,Engineering & Technology| Natural Sciences,409| 219,Chemistry| Engineering - Chemical,37| 36,Physical Sciences| Engineering,34,Chemical Sciences,-,-,SDG 13,Metal-Organic Frameworks in Environmental Applications,99,98.496,Metal Organic Frameworks in Gas Storage Applications,74,99.688,Definitive,2016.0,48.0,N/A,"Zárate, A.| Peralta, R.A.| Bayliss, P.A.| Howie, R.| Sánchez-Serratos, M.| Carmona-Monroy, P.| Solis-Ibarra, D.| González-Zamora, E.| Ibarra, I.A.",Universidad Autónoma Metropolitana| University of Nottingham| Universidad Nacional Autónoma de México,United Kingdom| Mexico,0
55000477500,55000477500,CO2 capture enhancement in InOF-1: Via the bottleneck effect of confined ethanol,"Peralta, R.A.| Campos-Reales-Pineda, A.| Pfeiffer, H.| Álvarez, J.R.| Zárate, J.A.| Balmaseda, J.| González-Zamora, E.| Martínez, A.| Martínez-Otero, D.| Jancik, V.| Ibarra, I.A.",11.0,56879898700| 24281317500| 7103003652| 56982347300| 56432561800| 6603286727| 55989686000| 7404025645| 35318236600| 6603651982| 55000477500,2016.0,2016-01-01,Chemical Communications,52,67,10273-10276,-,ISSN-13597345,22781.0,Journal,Royal Society of Chemistry,English,1.18,21,11.3,2,2.538,3,1.53,58.0,46.0,2.06,10.69,12.0,13.0,0.0,0.0,"Peralta, R.A., Campos-Reales-Pineda, A., Pfeiffer, H. and 8 more (...) (2016).CO2 capture enhancement in InOF-1: Via the bottleneck effect of confined ethanol. Chemical Communications,52(67) 10273-10276",https://www.scopus.com/record/display.url?eid=2-s2.0-84982107405&origin=resultslist,10.1039/c6cc04734c,Article,,2-s2.0-84982107405,-,Universidad Autónoma Metropolitana| Universidad Autonoma del Estado de Mexico| Universidad Nacional Autónoma de México,505017| 505051| 505023,Academic,3.0,60032442| 60028381| 60175860,Universidad Nacional Autónoma de México| Universidad Autónoma Metropolitana -Unidad Iztapalapa| Centro Conjunto de Investigación en Química Sustentable UAEM-UNAM,56879898700,55000477500,55000477500,-,Mexico,1.0,1503| 1600| 2503| 2504| 2505| 2506| 2508,"Catalysis| General Chemistry| Ceramics and Composites| Electronic, Optical and Magnetic Materials| Materials Chemistry| Metals and Alloys| Surfaces, Coatings and Films",2| 4,Engineering & Technology| Natural Sciences,433| 409| 219| 249,Materials Science| Chemistry| Engineering - Chemical| Engineering - Petroleum,37| 36,Physical Sciences| Engineering,34| 40,Chemical Sciences| Engineering,-,-,SDG 13,Metal-Organic Frameworks in Environmental Applications,99,98.496,Metal Organic Frameworks in Gas Storage Applications,74,99.688,Definitive,2016.0,46.0,N/A,"Peralta, R.A.| Campos-Reales-Pineda, A.| Pfeiffer, H.| Álvarez, J.R.| Zárate, J.A.| Balmaseda, J.| González-Zamora, E.| Martínez, A.| Martínez-Otero, D.| Jancik, V.| Ibarra, I.A.",Universidad Autónoma Metropolitana| Universidad Autonoma del Estado de Mexico| Universidad Nacional Autónoma de México,Mexico,0
55000477500,55000477500,Water Adsorption Properties of NOTT-401 and CO2 Capture under Humid Conditions,"Sánchez-González, E.| Álvarez, J.R.| Peralta, R.A.| Campos-Reales-Pineda, A.| Tejeda-Cruz, A.| Lima, E.| Balmaseda, J.| González-Zamora, E.| Ibarra, I.A.",9.0,24172136000| 56982347300| 56879898700| 24281317500| 6505992035| 7103348371| 6603286727| 55989686000| 55000477500,2016.0,2016-08-31,ACS Omega,1,2,305-310,-,ISSN-24701343,21100828963.0,Journal,American Chemical Society,English,-,-,-,-,-,-,0.45,32.0,46.0,1.87,10.69,12.0,15.0,0.0,0.0,"Sánchez-González, E., Álvarez, J.R., Peralta, R.A. and 6 more (...) (2016).Water Adsorption Properties of NOTT-401 and CO2 Capture under Humid Conditions. ACS Omega,1(2) 305-310",https://www.scopus.com/record/display.url?eid=2-s2.0-85021732513&origin=resultslist,10.1021/acsomega.6b00102,Article,Gold|Green,2-s2.0-85021732513,-,Universidad Autónoma Metropolitana| Universidad Nacional Autónoma de México,505017| 505023,Academic,2.0,60032442| 60028381,Universidad Nacional Autónoma de México| Universidad Autónoma Metropolitana -Unidad Iztapalapa,24172136000,55000477500,55000477500,-,Mexico,1.0,1500| 1600,General Chemical Engineering| General Chemistry,4| 2,Natural Sciences| Engineering & Technology,409| 219,Chemistry| Engineering - Chemical,37| 36,Physical Sciences| Engineering,40| 34,Engineering| Chemical Sciences,3403| 4004| 3406,Macromolecular and materials chemistry| Chemical engineering| Physical chemistry,SDG 13,Metal-Organic Frameworks in Environmental Applications,99,98.496,Metal Organic Frameworks in Gas Storage Applications,74,99.688,Definitive,2016.0,46.0,N/A,"Sánchez-González, E.| Álvarez, J.R.| Peralta, R.A.| Campos-Reales-Pineda, A.| Tejeda-Cruz, A.| Lima, E.| Balmaseda, J.| González-Zamora, E.| Ibarra, I.A.",Universidad Autónoma Metropolitana| Universidad Nacional Autónoma de México,Mexico,0
55000477500,55000477500,CO2 adsorption under humid conditions: Self-regulated water content in CAU-10,"López-Cervantes, V.B.| Sánchez-González, E.| Jurado-Vázquez, T.| Tejeda-Cruz, A.| González-Zamora, E.| Ibarra, I.A.",6.0,57203690559| 24172136000| 57191247913| 6505992035| 55989686000| 55000477500,2018.0,2018-11-15,Polyhedron,155,-,163-169,-,ISSN-02775387,25303.0,Journal,Elsevier Ltd,English,0.63,56,3.8,25,0.426,42,1.24,49.0,39.0,1.18,11.04,14.0,24.0,0.0,0.0,"López-Cervantes, V.B., Sánchez-González, E., Jurado-Vázquez, T. and 3 more (...) (2018).CO2 adsorption under humid conditions: Self-regulated water content in CAU-10. Polyhedron,155163-169",https://www.scopus.com/record/display.url?eid=2-s2.0-85052614894&origin=resultslist,10.1016/j.poly.2018.08.043,Article,,2-s2.0-85052614894,-,Universidad Autónoma Metropolitana| Universidad Nacional Autónoma de México,505017| 505023,Academic,2.0,60032442| 60005971| 60028381,Universidad Nacional Autónoma de México| Instituto de Investigaciones en Materiales| Universidad Autónoma Metropolitana -Unidad Iztapalapa,57203690559,55000477500,24172136000,-,Mexico,1.0,1604| 1606| 2505,Inorganic Chemistry| Physical and Theoretical Chemistry| Materials Chemistry,4| 2,Natural Sciences| Engineering & Technology,433| 409| 249,Materials Science| Chemistry| Engineering - Petroleum,36| 37,Engineering| Physical Sciences,34,Chemical Sciences,3403| 3402,Macromolecular and materials chemistry| Inorganic chemistry,SDG 9| SDG 13,Metal-Organic Frameworks in Environmental Applications,99,98.496,Metal Organic Frameworks in Gas Storage Applications,74,99.688,Definitive,2018.0,39.0,N/A,"López-Cervantes, V.B.| Sánchez-González, E.| Jurado-Vázquez, T.| Tejeda-Cruz, A.| González-Zamora, E.| Ibarra, I.A.",Universidad Autónoma Metropolitana| Universidad Nacional Autónoma de México,Mexico,0
55000477500,55000477500,MOF-based catalysts: insights into the chemical transformation of greenhouse and toxic gases,"Obeso, J.L.| Flores, J.G.| Flores, C.V.| Huxley, M.T.| de los Reyes, J.A.| Peralta, R.A.| Ibarra, I.A.| Leyva, C.",8.0,57580822200| 57206442858| 58023746200| 57150833900| 6701672264| 56879898700| 55000477500| 15829455800,2023.0,2023-08-09,Chemical Communications,59,68,10226-10242,-,ISSN-13597345,22781.0,Journal,Royal Society of Chemistry,English,0.79,41,8.6,13,1.133,9,3.95,78.0,37.0,2.78,13.3,5.0,8.0,0.0,0.0,"Obeso, J.L., Flores, J.G., Flores, C.V. and 5 more (...) (2023).MOF-based catalysts: insights into the chemical transformation of greenhouse and toxic gases. Chemical Communications,59(68) 10226-10242",https://www.scopus.com/record/display.url?eid=2-s2.0-85168428157&origin=resultslist,10.1039/d3cc03148a,Article,,2-s2.0-85168428157,37554029,Universidad Autónoma Metropolitana| Adelaide University| Instituto Politécnico Nacional| Universidad Nacional Autónoma de México,505017| 725812| 505011| 505023,Academic,4.0,60019176| 60005971| 60032442| 60028381| 60009512| 60082339| 60014923,"Instituto Politécnico Nacional| Instituto de Investigaciones en Materiales| Universidad Nacional Autónoma de México| Universidad Autónoma Metropolitana -Unidad Iztapalapa| The University of Adelaide| School of Physics, Chemistry and Earth Sciences| Universidad Autónoma Metropolitana",57580822200,15829455800,56879898700| 55000477500| 15829455800,-,Mexico| Australia,2.0,1503| 1600| 2503| 2504| 2505| 2506| 2508,"Catalysis| General Chemistry| Ceramics and Composites| Electronic, Optical and Magnetic Materials| Materials Chemistry| Metals and Alloys| Surfaces, Coatings and Films",2| 4,Engineering & Technology| Natural Sciences,433| 409| 219| 249,Materials Science| Chemistry| Engineering - Chemical| Engineering - Petroleum,37| 36,Physical Sciences| Engineering,34| 40,Chemical Sciences| Engineering,-,-,-,Metal-Organic Frameworks in Environmental Applications,99,98.496,Metal Organic Frameworks in Gas Storage Applications,74,99.688,Definitive,2023.0,37.0,N/A,"Obeso, J.L.| Flores, J.G.| Flores, C.V.| Huxley, M.T.| de los Reyes, J.A.| Peralta, R.A.| Ibarra, I.A.| Leyva, C.",Universidad Autónoma Metropolitana| Adelaide University| Instituto Politécnico Nacional| Universidad Nacional Autónoma de México,Mexico| Australia,0
55000477500,55000477500,"Methylene blue adsorption in DUT-5: Relatively strong host-guest interactions elucidated by FTIR, solid-state NMR, and XPS","Obeso, J.L.| López-Olvera, A.| Flores, C.V.| Martínez-Ahumada, E.| Paz, R.| Viltres, H.| Islas-Jácome, A.| González-Zamora, E.| Balmaseda, J.| López-Morales, S.| Vera, M.A.| Lima, E.| Ibarra, I.A.| Leyva, C.",14.0,57580822200| 57192953714| 58023746200| 57212137584| 57219991378| 57193744866| 48161545400| 55989686000| 6603286727| 6504222250| 55398162500| 7103348371| 55000477500| 15829455800,2022.0,2022-12-15,Journal of Molecular Liquids,368,-,-,120758,ISSN-01677322,26965.0,Journal,Elsevier B.V.,English,1.24,20,9.7,8,0.914,16,3.47,70.0,36.0,2.47,12.12,7.0,9.0,0.0,0.0,"Obeso, J.L., López-Olvera, A., Flores, C.V. and 11 more (...) (2022).Methylene blue adsorption in DUT-5: Relatively strong host-guest interactions elucidated by FTIR, solid-state NMR, and XPS. Journal of Molecular Liquids,368",https://www.scopus.com/record/display.url?eid=2-s2.0-85144378265&origin=resultslist,10.1016/j.molliq.2022.120758,Article,,2-s2.0-85144378265,-,McMaster University| Universidad Autónoma Metropolitana| Instituto Politécnico Nacional| Universidad Nacional Autónoma de México,501017| 505017| 505011| 505023,Academic,4.0,60019176| 60005971| 60032442| 60031828| 60028381,Instituto Politécnico Nacional| Instituto de Investigaciones en Materiales| Universidad Nacional Autónoma de México| McMaster University| Universidad Autónoma Metropolitana -Unidad Iztapalapa,57580822200,15829455800,7103348371,-,Mexico| Canada,2.0,1606| 1607| 2504| 2505| 3104| 3107,"Physical and Theoretical Chemistry| Spectroscopy| Electronic, Optical and Magnetic Materials| Materials Chemistry| Condensed Matter Physics| Atomic and Molecular Physics, and Optics",2| 4,Engineering & Technology| Natural Sciences,249| 439| 433| 409,Engineering - Petroleum| Physics & Astronomy| Materials Science| Chemistry,37| 36,Physical Sciences| Engineering,40| 34,Engineering| Chemical Sciences,3406| 4004,Physical chemistry| Chemical engineering,-,Metal-Organic Frameworks in Environmental Applications,99,98.496,Metal-Organic Frameworks for Water Contaminant Removal,15456,99.479,Defensible,2022.0,36.0,N/A,"Obeso, J.L.| López-Olvera, A.| Flores, C.V.| Martínez-Ahumada, E.| Paz, R.| Viltres, H.| Islas-Jácome, A.| González-Zamora, E.| Balmaseda, J.| López-Morales, S.| Vera, M.A.| Lima, E.| Ibarra, I.A.| Leyva, C.",McMaster University| Universidad Autónoma Metropolitana| Instituto Politécnico Nacional| Universidad Nacional Autónoma de México,Mexico| Canada,0
55000477500,55000477500,CO2 capture in the presence of water vapour in MIL-53(Al),"Sánchez-Serratos, M.| Bayliss, P.A.| Peralta, R.A.| González-Zamora, E.| Lima, E.| Ibarra, I.A.",6.0,56880342300| 55272881200| 56879898700| 55989686000| 7103348371| 55000477500,2016.0,2016-01-01,New Journal of Chemistry,40,1,68-72,-,ISSN-11440546,24824.0,Journal,Royal Society of Chemistry,English,0.76,43,4.4,17,0.869,16,3.23,102.0,34.0,1.07,13.13,17.0,27.0,0.0,0.0,"Sánchez-Serratos, M., Bayliss, P.A., Peralta, R.A. and 3 more (...) (2016).CO2 capture in the presence of water vapour in MIL-53(Al). New Journal of Chemistry,40(1) 68-72",https://www.scopus.com/record/display.url?eid=2-s2.0-84953259643&origin=resultslist,10.1039/c5nj02312b,Article,,2-s2.0-84953259643,-,Universidad Autónoma Metropolitana| University of Nottingham| Universidad Nacional Autónoma de México,505017| 315090| 505023,Academic,3.0,60032442| 60015138| 60028381,Universidad Nacional Autónoma de México| University of Nottingham| Universidad Autónoma Metropolitana -Unidad Iztapalapa,56880342300,55000477500,55989686000,-,United Kingdom| Mexico,2.0,1503| 1600| 2505,Catalysis| General Chemistry| Materials Chemistry,4| 2,Natural Sciences| Engineering & Technology,219| 409| 433| 249,Engineering - Chemical| Chemistry| Materials Science| Engineering - Petroleum,36| 37,Engineering| Physical Sciences,34,Chemical Sciences,-,-,SDG 13,Metal-Organic Frameworks in Environmental Applications,99,98.496,Metal Organic Frameworks in Gas Storage Applications,74,99.688,Definitive,2016.0,34.0,N/A,"Sánchez-Serratos, M.| Bayliss, P.A.| Peralta, R.A.| González-Zamora, E.| Lima, E.| Ibarra, I.A.",Universidad Autónoma Metropolitana| University of Nottingham| Universidad Nacional Autónoma de México,United Kingdom| Mexico,0
55000477500,55000477500,"Bottleneck Effect of N,N-Dimethylformamide in InOF-1: Increasing CO2 Capture in Porous Coordination Polymers","Sánchez-González, E.| González-Zamora, E.| Martínez-Otero, D.| Jancik, V.| Ibarra, I.A.",5.0,24172136000| 55989686000| 35318236600| 6603651982| 55000477500,2017.0,2017-05-15,Inorganic Chemistry,56,10,5863-5872,-,ISSN-00201669,25264.0,Journal,American Chemical Society,English,1.12,23,8.1,9,1.892,7,1.49,46.0,34.0,2.08,10.11,17.0,12.0,0.0,0.0,"Sánchez-González, E., González-Zamora, E., Martínez-Otero, D. and 2 more (...) (2017).Bottleneck Effect of N,N-Dimethylformamide in InOF-1: Increasing CO2 Capture in Porous Coordination Polymers. Inorganic Chemistry,56(10) 5863-5872",https://www.scopus.com/record/display.url?eid=2-s2.0-85019483248&origin=resultslist,10.1021/acs.inorgchem.7b00519,Article,,2-s2.0-85019483248,28448142,Universidad Autónoma Metropolitana| Universidad Autonoma del Estado de Mexico| Universidad Nacional Autónoma de México,505017| 505051| 505023,Academic,3.0,60032442| 60005971| 60028381| 60175860| 60002281,Universidad Nacional Autónoma de México| Instituto de Investigaciones en Materiales| Universidad Autónoma Metropolitana -Unidad Iztapalapa| Centro Conjunto de Investigación en Química Sustentable UAEM-UNAM| Universidad Autónoma del Estado de México,24172136000,55000477500,55989686000,-,Mexico,1.0,1604| 1606,Inorganic Chemistry| Physical and Theoretical Chemistry,4| 2,Natural Sciences| Engineering & Technology,409| 249,Chemistry| Engineering - Petroleum,37,Physical Sciences,34,Chemical Sciences,3403| 3402,Macromolecular and materials chemistry| Inorganic chemistry,SDG 13,Metal-Organic Frameworks in Environmental Applications,99,98.496,Metal Organic Frameworks in Gas Storage Applications,74,99.688,Definitive,2017.0,34.0,N/A,"Sánchez-González, E.| González-Zamora, E.| Martínez-Otero, D.| Jancik, V.| Ibarra, I.A.",Universidad Autónoma Metropolitana| Universidad Autonoma del Estado de Mexico| Universidad Nacional Autónoma de México,Mexico,0
55000477500,55000477500,Humidity-induced CO2 capture enhancement in Mg-CUK-1,"Sagastuy-Breña, M.| Mileo, P.G.M.| Sánchez-González, E.| Reynolds, J.E.| Jurado-Vázquez, T.| Balmaseda, J.| González-Zamora, E.| Devautour-Vinot, S.| Humphrey, S.M.| Maurin, G.| Ibarra, I.A.",11.0,57203916478| 26027178100| 24172136000| 57201659853| 57191247913| 6603286727| 55989686000| 6506388164| 7101601899| 8914339300| 55000477500,2018.0,2018-01-01,Dalton Transactions,47,44,15827-15834,-,ISSN-14779226,9500153949.0,Journal,Royal Society of Chemistry,English,0.91,36,7.3,11,1.12,16,0.87,34.0,32.0,1.11,10.83,17.0,26.0,0.0,0.0,"Sagastuy-Breña, M., Mileo, P.G.M., Sánchez-González, E. and 8 more (...) (2018).Humidity-induced CO2 capture enhancement in Mg-CUK-1. Dalton Transactions,47(44) 15827-15834",https://www.scopus.com/record/display.url?eid=2-s2.0-85056354986&origin=resultslist,10.1039/c8dt03365j,Article,,2-s2.0-85056354986,30358783,University of Texas at Austin| Université de Montpellier| Universidad Autónoma Metropolitana| CNRS| Universidad Nacional Autónoma de México| École nationale supérieure de chimie de Montpellier,508345| 314084| 505017| 314004| 505023| 314010,Academic| Government,6.0,60032442| 60024243| 60108488| 60008134| 60103239| 60013372| 60150456| 60028381,Universidad Nacional Autónoma de México| École Nationale Supérieure de Chimie de Montpellier| Université de Montpellier| CNRS Centre National de la Recherche Scientifique| Institut Charles Gerhardt Montpellier| The University of Texas at Austin| College of Natural Sciences| Universidad Autónoma Metropolitana -Unidad Iztapalapa,57203916478,55000477500,7101601899,-,Mexico| United States| France,3.0,1604,Inorganic Chemistry,4,Natural Sciences,409,Chemistry,37,Physical Sciences,34,Chemical Sciences,3402,Inorganic chemistry,SDG 13,Metal-Organic Frameworks in Environmental Applications,99,98.496,Metal Organic Frameworks in Gas Storage Applications,74,99.688,Definitive,2018.0,32.0,N/A,"Sagastuy-Breña, M.| Mileo, P.G.M.| Sánchez-González, E.| Reynolds, J.E.| Jurado-Vázquez, T.| Balmaseda, J.| González-Zamora, E.| Devautour-Vinot, S.| Humphrey, S.M.| Maurin, G.| Ibarra, I.A.",University of Texas at Austin| Université de Montpellier| Universidad Autónoma Metropolitana| CNRS| Universidad Nacional Autónoma de México| École nationale supérieure de chimie de Montpellier,Mexico| United States| France,0
55000477500,55000477500,Reversible and efficient SO2capture by a chemically stable MOF CAU-10: Experiments and simulations,"Zárate, J.A.| Domínguez-Ojeda, E.| Sánchez-González, E.| Martínez-Ahumada, E.| López-Cervantes, V.B.| Williams, D.R.| Martis, V.| Ibarra, I.A.| Alejandre, J.",9.0,56432561800| 57218259299| 24172136000| 57212137584| 57203690559| 55574201884| 34973230300| 55000477500| 6701463968,2020.0,2020-07-21,Dalton Transactions,49,27,9203-9207,-,ISSN-14779226,9500153949.0,Journal,Royal Society of Chemistry,English,0.86,41,6.7,14,0.98,16,1.72,41.0,32.0,1.58,11.42,15.0,17.0,0.0,0.0,"Zárate, J.A., Domínguez-Ojeda, E., Sánchez-González, E. and 6 more (...) (2020).Reversible and efficient SO2capture by a chemically stable MOF CAU-10: Experiments and simulations. Dalton Transactions,49(27) 9203-9207",https://www.scopus.com/record/display.url?eid=2-s2.0-85088494836&origin=resultslist,10.1039/d0dt01595d,Article,,2-s2.0-85088494836,32614350,Kyoto University| Universidad Autónoma Metropolitana| Imperial College London| Universidad Nacional Autónoma de México,208081| 505017| 315018| 505023,Academic,4.0,60032442| 60028381| 60011001| 60119339| 60015150| 60175955,Universidad Nacional Autónoma de México| Universidad Autónoma Metropolitana -Unidad Iztapalapa| Kyoto University| Institute for Integrated Cell-Material Sciences| Imperial College London| Surface Measurement Systems Ltd.,56432561800,6701463968,55000477500| 6701463968,-,United Kingdom| Mexico| Japan,3.0,1604,Inorganic Chemistry,4,Natural Sciences,409,Chemistry,37,Physical Sciences,34,Chemical Sciences,3402,Inorganic chemistry,-,Metal-Organic Frameworks in Environmental Applications,99,98.496,Tailored MOFs for Selective Gas Adsorption,19124,99.42,Very Good,2020.0,32.0,N/A,"Zárate, J.A.| Domínguez-Ojeda, E.| Sánchez-González, E.| Martínez-Ahumada, E.| López-Cervantes, V.B.| Williams, D.R.| Martis, V.| Ibarra, I.A.| Alejandre, J.",Kyoto University| Universidad Autónoma Metropolitana| Imperial College London| Universidad Nacional Autónoma de México,United Kingdom| Mexico| Japan,0
55000477500,55000477500,Synthesis of vanillin: Via a catalytically active Cu(II)-metal organic polyhedron,"Sánchez-González, E.| López-Olvera, A.| Monroy, O.| Aguilar-Pliego, J.| Gabriel Flores, J.| Islas-Jácome, A.| Rincón-Guevara, M.A.| González-Zamora, E.| Rodríguez-Molina, B.| Ibarra, I.A.",10.0,24172136000| 57192953714| 57203628457| 56013754600| 57195242626| 48161545400| 57193608846| 55989686000| 56013723300| 55000477500,2017.0,2017-01-01,CrystEngComm,19,29,4142-4146,-,ISSN-14668033,130039.0,Journal,Royal Society of Chemistry,English,0.83,40,6.7,8,0.998,19,1.25,58.0,32.0,1.27,12.64,18.0,23.0,1.0,0.0,"Sánchez-González, E., López-Olvera, A., Monroy, O. and 7 more (...) (2017).Synthesis of vanillin: Via a catalytically active Cu(II)-metal organic polyhedron. CrystEngComm,19(29) 4142-4146",https://www.scopus.com/record/display.url?eid=2-s2.0-85026461993&origin=resultslist,10.1039/c6ce02621d,Article,,2-s2.0-85026461993,-,Universidad Autónoma Metropolitana| Universidad Nacional Autónoma de México,505017| 505023,Academic,2.0,60032442| 60014923| 60028381,Universidad Nacional Autónoma de México| Universidad Autónoma Metropolitana| Universidad Autónoma Metropolitana -Unidad Iztapalapa,24172136000,55000477500,55989686000,-,Mexico,1.0,1600| 2500| 3104,General Chemistry| General Materials Science| Condensed Matter Physics,4| 2,Natural Sciences| Engineering & Technology,439| 409| 433,Physics & Astronomy| Chemistry| Materials Science,36| 37,Engineering| Physical Sciences,34,Chemical Sciences,3402| 3403,Inorganic chemistry| Macromolecular and materials chemistry,-,Metal-Organic Frameworks in Environmental Applications,99,98.496,Metal Organic Frameworks in Gas Storage Applications,74,99.688,Very Good,2017.0,32.0,N/A,"Sánchez-González, E.| López-Olvera, A.| Monroy, O.| Aguilar-Pliego, J.| Gabriel Flores, J.| Islas-Jácome, A.| Rincón-Guevara, M.A.| González-Zamora, E.| Rodríguez-Molina, B.| Ibarra, I.A.",Universidad Autónoma Metropolitana| Universidad Nacional Autónoma de México,Mexico,0
55000477500,55000477500,"An efficient Ugi-3CR/aza Diels-Alder/Pomeranz-Fritsch protocol towards novel aza-analogues of (±)-nuevamine, (±)-lennoxamine and magallanesine: a diversity oriented synthesis approach","Vázquez-Vera, Ó.| Sánchez-Badillo, J.S.| Islas-Jácome, A.| Rentería-Gómez, M.A.| Pharande, S.G.| Cortes-García, C.J.| Rincón-Guevara, M.A.| Ibarra, I.A.| Gámez-Montaño, R.| González-Zamora, E.",10.0,57193614626| 57200567519| 48161545400| 57188538355| 55573758800| 55855714400| 57193608846| 55000477500| 7801607252| 55989686000,2017.0,2017-01-01,Organic and Biomolecular Chemistry,15,11,2363-2369,-,ISSN-14770520,26388.0,Journal,Royal Society of Chemistry,English,0.78,43,6.2,16,1.281,17,1.84,50.0,31.0,0.98,11.26,18.0,30.0,0.0,0.0,"Vázquez-Vera, Ó., Sánchez-Badillo, J.S., Islas-Jácome, A. and 7 more (...) (2017).An efficient Ugi-3CR/aza Diels-Alder/Pomeranz-Fritsch protocol towards novel aza-analogues of (±)-nuevamine, (±)-lennoxamine and magallanesine: a diversity oriented synthesis approach. Organic and Biomolecular Chemistry,15(11) 2363-2369",https://www.scopus.com/record/display.url?eid=2-s2.0-85015165760&origin=resultslist,10.1039/c6ob02572b,Article,,2-s2.0-85015165760,28066847,Universidad de Guanajuato| Universidad Autónoma Metropolitana| Universidad Nacional Autónoma de México,505020| 505017| 505023,Academic,3.0,60028381| 60033291| 60032442,Universidad Autónoma Metropolitana -Unidad Iztapalapa| Universidad de Guanajuato| Universidad Nacional Autónoma de México,57193614626,55989686000,55000477500,-,Mexico,1.0,1303| 1605| 1606,Biochemistry| Organic Chemistry| Physical and Theoretical Chemistry,2| 5| 4,Engineering & Technology| Life Sciences & Medicine| Natural Sciences,409| 249| 507,Chemistry| Engineering - Petroleum| Biological Sciences,32| 37,Life Sciences| Physical Sciences,34,Chemical Sciences,3404| 3405,Medicinal and biomolecular chemistry| Organic chemistry,-,Catalytic Innovations in Organic Synthesis and Activation,450,92.152,Isoindolinone Derivatives in Chemical Synthesis,22213,61.485,Very Good,2017.0,31.0,N/A,"Vázquez-Vera, Ó.| Sánchez-Badillo, J.S.| Islas-Jácome, A.| Rentería-Gómez, M.A.| Pharande, S.G.| Cortes-García, C.J.| Rincón-Guevara, M.A.| Ibarra, I.A.| Gámez-Montaño, R.| González-Zamora, E.",Universidad de Guanajuato| Universidad Autónoma Metropolitana| Universidad Nacional Autónoma de México,Mexico,0
55000477500,55000477500,Controlled Transdermal Release of Antioxidant Ferulate by a Porous Sc(III) MOF,"Osorio-Toribio, G.| Velásquez-Hernández, M.D.J.| Mileo, P.G.M.| Zárate, J.A.| Aguila-Rosas, J.| Leyva-Gómez, G.| Sánchez-Sánchez, R.| Magaña, J.J.| Pérez-Díaz, M.A.| Lázaro, I.A.| Forgan, R.S.| Maurin, G.| Lima, E.| Ibarra, I.A.",14.0,57216865258| 50263366900| 26027178100| 56432561800| 57189875920| 26021334500| 56492677900| 56002677800| 56673991200| 57198332566| 14522295500| 8914339300| 7103348371| 55000477500,2020.0,2020-06-26,iScience,23,6,-,101156,ISSN-25890042,21100907125.0,Journal,Elsevier Inc.,English,1.14,25,3.4,17,1.805,5,1.88,67.0,29.0,0.65,23.0,17.0,39.0,0.0,0.0,"Osorio-Toribio, G., Velásquez-Hernández, M.D.J., Mileo, P.G.M. and 11 more (...) (2020).Controlled Transdermal Release of Antioxidant Ferulate by a Porous Sc(III) MOF. iScience,23(6) ",https://www.scopus.com/record/display.url?eid=2-s2.0-85085020912&origin=resultslist,10.1016/j.isci.2020.101156,Article,Gold|Green,2-s2.0-85085020912,-,University of Strathclyde| Université de Montpellier| Universidad Autónoma Metropolitana| Instituto Nacional de Rehabilitación| CNRS| University of Valencia| Instituto Politécnico Nacional| Universidad Nacional Autónoma de México| Graz University of Technology| École nationale supérieure de chimie de Montpellier| University of Glasgow,315100| 314084| 505017| 715278| 314004| 312049| 505011| 505023| 301001| 314010| 315078,Medical| Academic| Government,11.0,60032442| 60019663| 60108488| 60008134| 60103239| 60024243| 60023193| 60084250| 60019176| 60002644| 60162090| 60001490,Universidad Nacional Autónoma de México| Technische Universitat Graz| Université de Montpellier| CNRS Centre National de la Recherche Scientifique| Institut Charles Gerhardt Montpellier| École Nationale Supérieure de Chimie de Montpellier| Universidad Autónoma Metropolitana - Azcapotzalco| Instituto Nacional de Rehabilitación| Instituto Politécnico Nacional| Universitat de València| WestCHEM| University of Glasgow,57216865258,55000477500,8914339300,-,Austria| United Kingdom| Spain| Mexico| France,5.0,1000,Multidisciplinary,-,-,-,-,-,-,MD,Multidisciplinary,MD,Multidisciplinary,-,Metal-Organic Frameworks in Environmental Applications,99,98.496,Metal Organic Frameworks in Targeted Drug Delivery,31745,98.641,Defensible,2020.0,29.0,N/A,"Osorio-Toribio, G.| Velásquez-Hernández, M.D.J.| Mileo, P.G.M.| Zárate, J.A.| Aguila-Rosas, J.| Leyva-Gómez, G.| Sánchez-Sánchez, R.| Magaña, J.J.| Pérez-Díaz, M.A.| Lázaro, I.A.| Forgan, R.S.| Maurin, G.| Lima, E.| Ibarra, I.A.",University of Strathclyde| Université de Montpellier| Universidad Autónoma Metropolitana| Instituto Nacional de Rehabilitación| CNRS| University of Valencia| Instituto Politécnico Nacional| Universidad Nacional Autónoma de México| Graz University of Technology| École nationale supérieure de chimie de Montpellier| University of Glasgow,Austria| United Kingdom| Spain| Mexico| France,0
55000477500,55000477500,Room-temperature prepared bimetallic nanocrystalline MOF-74 as catalysts in the aerobic oxidation of cyclohexene,"Flores, J.G.| Aguilar-Pliego, J.| Martin-Guaregua, N.| Ibarra, I.A.| Sanchez-Sanchez, M.",5.0,57206442858| 56013754600| 57204120910| 55000477500| 15763667700,2022.0,2022-07-01,Catalysis Today,394-396,-,295-303,-,ISSN-09205861,16377.0,Journal,Elsevier B.V.,English,1.08,26,11.9,10,1.053,15,3.03,86.0,28.0,1.26,20.72,10.0,23.0,0.0,0.0,"Flores, J.G., Aguilar-Pliego, J., Martin-Guaregua, N. and 2 more (...) (2022).Room-temperature prepared bimetallic nanocrystalline MOF-74 as catalysts in the aerobic oxidation of cyclohexene. Catalysis Today,394-396295-303",https://www.scopus.com/record/display.url?eid=2-s2.0-85114349840&origin=resultslist,10.1016/j.cattod.2021.08.025,Article,Hybrid gold|Green,2-s2.0-85114349840,-,CSIC| CSIC - Institute of Catalysis and Petrochemistry| Universidad Autónoma Metropolitana| Universidad Nacional Autónoma de México,312004| 715433| 505017| 505023,Academic| Government,4.0,60023193| 60006754| 60021246| 60028381| 60005971| 60032442,Universidad Autónoma Metropolitana - Azcapotzalco| Consejo Superior de Investigaciones Científicas| CSIC - Instituto de Catálisis y Petroleoquímica (ICP)| Universidad Autónoma Metropolitana -Unidad Iztapalapa| Instituto de Investigaciones en Materiales| Universidad Nacional Autónoma de México,57206442858,15763667700,15763667700,-,Mexico| Spain,2.0,1503| 1600,Catalysis| General Chemistry,2| 4,Engineering & Technology| Natural Sciences,219| 409| 249,Engineering - Chemical| Chemistry| Engineering - Petroleum,36| 37,Engineering| Physical Sciences,34| 40,Chemical Sciences| Engineering,-,-,-,Metal-Organic Frameworks in Environmental Applications,99,98.496,Metal Organic Frameworks in Gas Storage Applications,74,99.688,Definitive,2022.0,28.0,N/A,"Flores, J.G.| Aguilar-Pliego, J.| Martin-Guaregua, N.| Ibarra, I.A.| Sanchez-Sanchez, M.",CSIC| CSIC - Institute of Catalysis and Petrochemistry| Universidad Autónoma Metropolitana| Universidad Nacional Autónoma de México,Mexico| Spain,0
55000477500,55000477500,Confinement of alcohols to enhance CO2 capture in MIL-53(Al),"González-Martínez, G.A.| Zárate, J.A.| Martínez, A.| Sánchez-González, E.| Álvarez, J.R.| Lima, E.| González-Zamora, E.| Ibarra, I.A.",8.0,60121603200| 56432561800| 7404025645| 24172136000| 56982347300| 7103348371| 55989686000| 55000477500,2017.0,2017-01-01,RSC Advances,7,40,24833-24840,-,ISSN-20462069,21100199840.0,Journal,Royal Society of Chemistry,English,0.74,46,5.5,12,0.863,17,1.03,55.0,27.0,1.15,12.2,21.0,26.0,0.0,0.0,"González-Martínez, G.A., Zárate, J.A., Martínez, A. and 5 more (...) (2017).Confinement of alcohols to enhance CO2 capture in MIL-53(Al). RSC Advances,7(40) 24833-24840",https://www.scopus.com/record/display.url?eid=2-s2.0-85021725187&origin=resultslist,10.1039/c7ra03608f,Article,Gold,2-s2.0-85021725187,-,Universidad Autónoma Metropolitana| Universidad Nacional Autónoma de México,505017| 505023,Academic,2.0,60032442| 60028381,Universidad Nacional Autónoma de México| Universidad Autónoma Metropolitana -Unidad Iztapalapa,60121603200,55000477500,60121603200,-,Mexico,1.0,1500| 1600,General Chemical Engineering| General Chemistry,4| 2,Natural Sciences| Engineering & Technology,219| 409,Engineering - Chemical| Chemistry,36| 37,Engineering| Physical Sciences,34,Chemical Sciences,-,-,SDG 13,Metal-Organic Frameworks in Environmental Applications,99,98.496,Metal Organic Frameworks in Gas Storage Applications,74,99.688,Definitive,2017.0,27.0,N/A,"González-Martínez, G.A.| Zárate, J.A.| Martínez, A.| Sánchez-González, E.| Álvarez, J.R.| Lima, E.| González-Zamora, E.| Ibarra, I.A.",Universidad Autónoma Metropolitana| Universidad Nacional Autónoma de México,Mexico,0
55000477500,55000477500,Confinement of H2O and EtOH to enhance CO2 capture in MIL-53(Al)-TDC,"González-Martí, G.A.| Jurado-Vázquez, T.| Solís-Ibarra, D.| Vargas, B.| Sánchez-González, E.| Martínez, A.| Vargas, R.| González-Zamora, E.| Ibarra, I.A.",9.0,57203005466| 57191247913| 35099497400| 57194947554| 24172136000| 7404025645| 55989742600| 55989686000| 55000477500,2018.0,2018-01-01,Dalton Transactions,47,28,9459-9465,-,ISSN-14779226,9500153949.0,Journal,Royal Society of Chemistry,English,0.91,36,7.3,11,1.12,16,1.7,62.0,27.0,1.11,10.83,20.0,26.0,0.0,0.0,"González-Martí, G.A., Jurado-Vázquez, T., Solís-Ibarra, D. and 6 more (...) (2018).Confinement of H2O and EtOH to enhance CO2 capture in MIL-53(Al)-TDC. Dalton Transactions,47(28) 9459-9465",https://www.scopus.com/record/display.url?eid=2-s2.0-85050215029&origin=resultslist,10.1039/c8dt01369a,Article,,2-s2.0-85050215029,29956710,Universidad Autónoma Metropolitana| Universidad Nacional Autónoma de México,505017| 505023,Academic,2.0,60032442| 60028381,Universidad Nacional Autónoma de México| Universidad Autónoma Metropolitana -Unidad Iztapalapa,57203005466,55000477500,35099497400,-,Mexico,1.0,1604,Inorganic Chemistry,4,Natural Sciences,409,Chemistry,37,Physical Sciences,34,Chemical Sciences,3402,Inorganic chemistry,SDG 13,Metal-Organic Frameworks in Environmental Applications,99,98.496,Metal Organic Frameworks in Gas Storage Applications,74,99.688,Definitive,2018.0,27.0,N/A,"González-Martí, G.A.| Jurado-Vázquez, T.| Solís-Ibarra, D.| Vargas, B.| Sánchez-González, E.| Martínez, A.| Vargas, R.| González-Zamora, E.| Ibarra, I.A.",Universidad Autónoma Metropolitana| Universidad Nacional Autónoma de México,Mexico,0
55000477500,55000477500,Confined methanol within InOF-1: CO2 capture enhancement,"Sánchez-González, E.| Mileo, P.G.M.| Álvarez, J.R.| González-Zamora, E.| Maurin, G.| Ibarra, I.A.",6.0,24172136000| 26027178100| 56982347300| 55989686000| 8914339300| 55000477500,2017.0,2017-01-01,Dalton Transactions,46,44,15208-15215,-,ISSN-14779226,9500153949.0,Journal,Royal Society of Chemistry,English,0.91,34,7.3,14,1.306,15,1.03,35.0,26.0,1.65,9.67,22.0,17.0,0.0,0.0,"Sánchez-González, E., Mileo, P.G.M., Álvarez, J.R. and 3 more (...) (2017).Confined methanol within InOF-1: CO2 capture enhancement. Dalton Transactions,46(44) 15208-15215",https://www.scopus.com/record/display.url?eid=2-s2.0-85034217015&origin=resultslist,10.1039/c7dt02709e,Article,,2-s2.0-85034217015,28852759,Université de Montpellier| Universidad Autónoma Metropolitana| CNRS| Universidad Nacional Autónoma de México| École nationale supérieure de chimie de Montpellier,314084| 505017| 314004| 505023| 314010,Government| Academic,5.0,60032442| 60008134| 60103239| 60108488| 60024243| 60028381,Universidad Nacional Autónoma de México| CNRS Centre National de la Recherche Scientifique| Institut Charles Gerhardt Montpellier| Université de Montpellier| École Nationale Supérieure de Chimie de Montpellier| Universidad Autónoma Metropolitana -Unidad Iztapalapa,24172136000,55000477500,8914339300,-,Mexico| France,2.0,1604,Inorganic Chemistry,4,Natural Sciences,409,Chemistry,37,Physical Sciences,34,Chemical Sciences,3402,Inorganic chemistry,SDG 13,Metal-Organic Frameworks in Environmental Applications,99,98.496,Metal Organic Frameworks in Gas Storage Applications,74,99.688,Definitive,2017.0,26.0,N/A,"Sánchez-González, E.| Mileo, P.G.M.| Álvarez, J.R.| González-Zamora, E.| Maurin, G.| Ibarra, I.A.",Université de Montpellier| Universidad Autónoma Metropolitana| CNRS| Universidad Nacional Autónoma de México| École nationale supérieure de chimie de Montpellier,Mexico| France,0
55000477500,55000477500,Chemically Modified HKUST-1(Cu) for Gas Adsorption and Separation: Mixed-Metal and Hierarchical Porosity,"Yañez-Aulestia, A.| Trejos, V.M.| Esparza-Schulz, J.M.| Ibarra, I.A.| Sánchez-González, E.",5.0,57202224096| 14523759900| 55856922200| 55000477500| 24172136000,2024.0,2024-11-27,ACS Applied Materials and Interfaces,16,47,65581-65591,-,ISSN-19448244,19700171101.0,Journal,American Chemical Society,English,1.26,18,14.5,9,1.921,7,1.1,17.0,26.0,2.58,10.08,4.0,9.0,0.0,0.0,"Yañez-Aulestia, A., Trejos, V.M., Esparza-Schulz, J.M. and 2 more (...) (2024).Chemically Modified HKUST-1(Cu) for Gas Adsorption and Separation: Mixed-Metal and Hierarchical Porosity. ACS Applied Materials and Interfaces,16(47) 65581-65591",https://www.scopus.com/record/display.url?eid=2-s2.0-85211354132&origin=resultslist,10.1021/acsami.4c15059,Article,Hybrid gold|Green,2-s2.0-85211354132,39531534,Universidad Autónoma Metropolitana| Universidad Nacional Autónoma de México,505017| 505023,Academic,2.0,60028381| 60005971| 60032442,Universidad Autónoma Metropolitana -Unidad Iztapalapa| Instituto de Investigaciones en Materiales| Universidad Nacional Autónoma de México,57202224096,24172136000,57202224096| 24172136000,-,Mexico,1.0,2500,General Materials Science,2,Engineering & Technology,433,Materials Science,36,Engineering,34| 40| 51,Chemical Sciences| Engineering| Physical Sciences,-,-,-,Metal-Organic Frameworks in Environmental Applications,99,98.496,Tailored MOFs for Selective Gas Adsorption,19124,99.42,Definitive,2024.0,26.0,N/A,"Yañez-Aulestia, A.| Trejos, V.M.| Esparza-Schulz, J.M.| Ibarra, I.A.| Sánchez-González, E.",Universidad Autónoma Metropolitana| Universidad Nacional Autónoma de México,Mexico,0
55000477500,55000477500,Fluorometric detection of iodine by MIL-53(Al)-TDC,"Díaz-Ramírez, M.L.| Vargas, B.| Raziel Álvarez, J.| Landeros-Rivera, B.| Rivera-Almazo, M.| Ramos, C.| Gabriel Flores, J.| Morales, E.| Vargas, R.| Garza, J.| González-Zamora, E.| Martínez, A.| Solís-Ibarra, D.| Ibarra, I.A.",14.0,57209578929| 57194947554| 57216958934| 57192995930| 57200856573| 57216959549| 57195242626| 57216957849| 55989742600| 57204698538| 55989686000| 7404025645| 35099497400| 55000477500,2020.0,2020-05-28,Dalton Transactions,49,20,6572-6577,-,ISSN-14779226,9500153949.0,Journal,Royal Society of Chemistry,English,0.86,41,6.7,14,0.98,16,1.77,44.0,25.0,1.49,11.42,20.0,18.0,0.0,0.0,"Díaz-Ramírez, M.L., Vargas, B., Raziel Álvarez, J. and 11 more (...) (2020).Fluorometric detection of iodine by MIL-53(Al)-TDC. Dalton Transactions,49(20) 6572-6577",https://www.scopus.com/record/display.url?eid=2-s2.0-85085535577&origin=resultslist,10.1039/d0dt00945h,Article,,2-s2.0-85085535577,32338666,Universidad Autónoma Metropolitana| Universidad Nacional Autónoma de México,505017| 505023,Academic,2.0,60032442| 60028381,Universidad Nacional Autónoma de México| Universidad Autónoma Metropolitana -Unidad Iztapalapa,57209578929,55000477500,7404025645,-,Mexico,1.0,1604,Inorganic Chemistry,4,Natural Sciences,409,Chemistry,37,Physical Sciences,34,Chemical Sciences,3402,Inorganic chemistry,-,Metal-Organic Frameworks in Environmental Applications,99,98.496,Iodine Adsorption Materials for Radioactive Waste Management,20195,97.276,Defensible,2020.0,25.0,N/A,"Díaz-Ramírez, M.L.| Vargas, B.| Raziel Álvarez, J.| Landeros-Rivera, B.| Rivera-Almazo, M.| Ramos, C.| Gabriel Flores, J.| Morales, E.| Vargas, R.| Garza, J.| González-Zamora, E.| Martínez, A.| Solís-Ibarra, D.| Ibarra, I.A.",Universidad Autónoma Metropolitana| Universidad Nacional Autónoma de México,Mexico,0
55000477500,55000477500,New information of dopaminergic agents based on quantum chemistry calculations,"Goode-Romero, G.| Winnberg, U.| Domínguez, L.| Ibarra, I.A.| Vargas, R.| Winnberg, E.| Martínez, A.",7.0,57220586877| 57201481754| 57190401060| 55000477500| 55989742600| 36496227200| 7404025645,2020.0,2020-12-01,Scientific Reports,10,1,-,21581,ISSN-20452322,21100200805.0,Journal,Nature Research,English,1.39,16,7.1,7,1.24,8,0.96,31.0,24.0,0.43,23.0,20.0,50.0,0.0,0.0,"Goode-Romero, G., Winnberg, U., Domínguez, L. and 4 more (...) (2020).New information of dopaminergic agents based on quantum chemistry calculations. Scientific Reports,10(1) ",https://www.scopus.com/record/display.url?eid=2-s2.0-85097378500&origin=resultslist,10.1038/s41598-020-78446-4,Article,Gold|Green,2-s2.0-85097378500,33299000,Universidad Autónoma Metropolitana| Mexico Autonomous Institute of Technology| Universidad Nacional Autónoma de México,505017| 703438| 505023,Academic,3.0,60032442| 60030473| 60028381| 112578411,Universidad Nacional Autónoma de México| ITAM - Instituto Tecnológico Autónomo de México| Universidad Autónoma Metropolitana -Unidad Iztapalapa| Ersta Sköndal Bräcke University College,57220586877,7404025645,57220586877| 7404025645,-,Mexico| Sweden,2.0,1000,Multidisciplinary,-,-,-,-,-,-,MD,Multidisciplinary,MD,Multidisciplinary,-,Cognitive and Physical Health in Schizophrenia,35,77.763,Understanding Schizophrenia throughFirst Rank Symptoms,59350,30.108,Defensible,2020.0,24.0,N/A,"Goode-Romero, G.| Winnberg, U.| Domínguez, L.| Ibarra, I.A.| Vargas, R.| Winnberg, E.| Martínez, A.",Universidad Autónoma Metropolitana| Mexico Autonomous Institute of Technology| Universidad Nacional Autónoma de México,Mexico| Sweden,0
55000477500,55000477500,"Mn-CUK-1: A Flexible MOF for SO2, H2O, and H2S Capture","Dunning, S.G.| Gupta, N.K.| Reynolds, J.E.| Sagastuy-Breña, M.| Flores, J.G.| Martínez-Ahumada, E.| Sánchez-González, E.| Lynch, V.M.| Gutiérrez-Alejandre, A.| Aguilar-Pliego, J.| Kim, K.-S.| Ibarra, I.A.| Humphrey, S.M.",13.0,57191446201| 57190953984| 57201659853| 57203916478| 57206442858| 57212137584| 24172136000| 7103251827| 6603164478| 56013754600| 57193426514| 55000477500| 7101601899,2022.0,2022-09-26,Inorganic Chemistry,61,38,15037-15044,-,ISSN-00201669,25264.0,Journal,American Chemical Society,English,0.97,32,8,11,0.997,12,2.76,52.0,24.0,1.79,11.15,13.0,15.0,0.0,0.0,"Dunning, S.G., Gupta, N.K., Reynolds, J.E. and 10 more (...) (2022).Mn-CUK-1: A Flexible MOF for SO2, H2O, and H2S Capture. Inorganic Chemistry,61(38) 15037-15044",https://www.scopus.com/record/display.url?eid=2-s2.0-85137903393&origin=resultslist,10.1021/acs.inorgchem.2c02012,Article,,2-s2.0-85137903393,36083270,University of Science and Technology UST| University of Texas at Austin| Korean Institute of Civil Engineering and Building Technology| United States Department of Energy| Sandia National Laboratories| Universidad Autónoma Metropolitana| Universidad Nacional Autónoma de México,704944| 508345| 716286| 508244| 508208| 505017| 505023,Academic| Government,7.0,60013372| 60150456| 60005971| 60032442| 60104012| 60121523| 60015900| 60005847| 60023193,"The University of Texas at Austin| College of Natural Sciences| Instituto de Investigaciones en Materiales| Universidad Nacional Autónoma de México| University of Science and Technology (UST)| Korea Institute of Civil Engineering and Building Technology (KICT)| Sandia National Laboratories, California| Universidad Nacional Autónoma de México, Facultad de Quimica| Universidad Autónoma Metropolitana - Azcapotzalco",57191446201,7101601899,55000477500| 7101601899,-,South Korea| Mexico| United States,3.0,1604| 1606,Inorganic Chemistry| Physical and Theoretical Chemistry,2| 4,Engineering & Technology| Natural Sciences,409| 249,Chemistry| Engineering - Petroleum,37,Physical Sciences,34,Chemical Sciences,3403| 3402,Macromolecular and materials chemistry| Inorganic chemistry,-,Metal-Organic Frameworks in Environmental Applications,99,98.496,Metal Organic Frameworks in Gas Storage Applications,74,99.688,Definitive,2022.0,24.0,N/A,"Dunning, S.G.| Gupta, N.K.| Reynolds, J.E.| Sagastuy-Breña, M.| Flores, J.G.| Martínez-Ahumada, E.| Sánchez-González, E.| Lynch, V.M.| Gutiérrez-Alejandre, A.| Aguilar-Pliego, J.| Kim, K.-S.| Ibarra, I.A.| Humphrey, S.M.",University of Science and Technology UST| University of Texas at Austin| Korean Institute of Civil Engineering and Building Technology| United States Department of Energy| Sandia National Laboratories| Universidad Autónoma Metropolitana| Universidad Nacional Autónoma de México,South Korea| Mexico| United States,0
55000477500,55000477500,Robust Co(II)-Based Metal-Organic Framework for the Efficient Uptake and Selective Detection of SO2,"López-Cervantes, V.B.| López-Olvera, A.| Obeso, J.L.| Torres, I.K.| Martínez-Ahumada, E.| Carmona-Monroy, P.| Sánchez-González, E.| Solís-Ibarra, D.| Lima, E.| Jangodaz, E.| Babarao, R.| Ibarra, I.A.| Telfer, S.G.",13.0,57203690559| 57192953714| 57580822200| 57828093100| 57212137584| 57188359500| 24172136000| 35099497400| 7103348371| 57202494584| 15841280900| 55000477500| 7003333811,2024.0,2024-03-26,Chemistry of Materials,36,6,2735-2742,-,ISSN-08974756,12878.0,Journal,American Chemical Society,English,1.31,17,12,10,2.065,6,5.72,83.0,23.0,2.61,8.83,5.0,9.0,0.0,0.0,"López-Cervantes, V.B., López-Olvera, A., Obeso, J.L. and 10 more (...) (2024).Robust Co(II)-Based Metal-Organic Framework for the Efficient Uptake and Selective Detection of SO2. Chemistry of Materials,36(6) 2735-2742",https://www.scopus.com/record/display.url?eid=2-s2.0-85186968527&origin=resultslist,10.1021/acs.chemmater.3c02715,Article,Hybrid gold,2-s2.0-85186968527,-,Universidad Autónoma Metropolitana| Instituto Politécnico Nacional| Massey University| Universidad Nacional Autónoma de México| Royal Melbourne Institute of Technology University| MacDiarmid Institute for Advanced Materials and Nanotechnology,505017| 505011| 212003| 505023| 201019| 717109,Academic,6.0,60032442| 60019176| 60093471| 60008221| 60011362| 60028381,Universidad Nacional Autónoma de México| Instituto Politécnico Nacional| MacDiarmid Institute for Advanced Materials and Nanotechnology| Massey University| RMIT University| Universidad Autónoma Metropolitana -Unidad Iztapalapa,57203690559,7003333811,35099497400| 55000477500| 7003333811,-,Mexico| Australia| New Zealand,3.0,1500| 1600| 2505,General Chemical Engineering| General Chemistry| Materials Chemistry,4| 2,Natural Sciences| Engineering & Technology,219| 409| 433,Engineering - Chemical| Chemistry| Materials Science,37| 36,Physical Sciences| Engineering,34| 40,Chemical Sciences| Engineering,-,-,-,Metal-Organic Frameworks in Environmental Applications,99,98.496,Tailored MOFs for Selective Gas Adsorption,19124,99.42,Definitive,2024.0,23.0,N/A,"López-Cervantes, V.B.| López-Olvera, A.| Obeso, J.L.| Torres, I.K.| Martínez-Ahumada, E.| Carmona-Monroy, P.| Sánchez-González, E.| Solís-Ibarra, D.| Lima, E.| Jangodaz, E.| Babarao, R.| Ibarra, I.A.| Telfer, S.G.",Universidad Autónoma Metropolitana| Instituto Politécnico Nacional| Massey University| Universidad Nacional Autónoma de México| Royal Melbourne Institute of Technology University| MacDiarmid Institute for Advanced Materials and Nanotechnology,Mexico| Australia| New Zealand,0
55000477500,55000477500,Al(III)-based MOF for tetracycline removal from water: Adsorption performance and mechanism,"Obeso, J.L.| Flores, C.V.| Boujnah, M.| Viltres, H.| Celaya, C.A.| Rosas, P.M.| Esparza-Schulz, J.M.| Ibarra, I.A.| Cordero-Sánchez, S.| Peralta, R.A.| Leyva, C.",11.0,57580822200| 58023746200| 55121581500| 57193744866| 57192957743| 59228749600| 55856922200| 55000477500| 6701329965| 56879898700| 15829455800,2024.0,2024-10-01,Journal of Solid State Chemistry,338,-,-,124908,ISSN-00224596,26972.0,Journal,Academic Press Inc.,English,0.7,48,6.8,19,0.629,31,4.96,63.0,22.0,3.04,7.23,5.0,7.0,0.0,0.0,"Obeso, J.L., Flores, C.V., Boujnah, M. and 8 more (...) (2024).Al(III)-based MOF for tetracycline removal from water: Adsorption performance and mechanism. Journal of Solid State Chemistry,338",https://www.scopus.com/record/display.url?eid=2-s2.0-85199270983&origin=resultslist,10.1016/j.jssc.2024.124908,Article,,2-s2.0-85199270983,-,McMaster University| Centro de Investigacion y de Estudios Avanzados del Instituto Politécnico Nacional| Universidad Autónoma Metropolitana| Instituto Politécnico Nacional| Universidad Nacional Autónoma de México,501017| 505002| 505017| 505011| 505023,Government| Academic,5.0,60019176| 60005971| 60032442| 60017323| 60031828| 60014923| 60028381,Instituto Politécnico Nacional| Instituto de Investigaciones en Materiales| Universidad Nacional Autónoma de México| Centro de Investigacion y de Estudios Avanzados del Instituto Politécnico Nacional| McMaster University| Universidad Autónoma Metropolitana| Universidad Autónoma Metropolitana -Unidad Iztapalapa,57580822200,15829455800,6701329965| 56879898700| 15829455800,-,Mexico| Canada,2.0,1604| 1606| 2503| 2504| 2505| 3104,"Inorganic Chemistry| Physical and Theoretical Chemistry| Ceramics and Composites| Electronic, Optical and Magnetic Materials| Materials Chemistry| Condensed Matter Physics",4| 2,Natural Sciences| Engineering & Technology,439| 433| 409| 249,Physics & Astronomy| Materials Science| Chemistry| Engineering - Petroleum,37| 36,Physical Sciences| Engineering,34,Chemical Sciences,3403| 3402,Macromolecular and materials chemistry| Inorganic chemistry,SDG 3,Environmental Impact of Pharmaceuticals and Contaminants,153,98.169,Adsorption Mechanisms for Tetracycline Removal,7491,99.744,Definitive,2024.0,22.0,N/A,"Obeso, J.L.| Flores, C.V.| Boujnah, M.| Viltres, H.| Celaya, C.A.| Rosas, P.M.| Esparza-Schulz, J.M.| Ibarra, I.A.| Cordero-Sánchez, S.| Peralta, R.A.| Leyva, C.",McMaster University| Centro de Investigacion y de Estudios Avanzados del Instituto Politécnico Nacional| Universidad Autónoma Metropolitana| Instituto Politécnico Nacional| Universidad Nacional Autónoma de México,Mexico| Canada,0
55000477500,55000477500,Room-temperature synthesis of bimetallic ZnCu-MOF-74 as an adsorbent for tetracycline removal from an aqueous solution,"Flores, C.V.| Machín-Garriga, A.| Obeso, J.L.| Flores, J.G.| Ibarra, I.A.| Portillo-Vélez, N.S.| Leyva, C.| Peralta, R.A.",8.0,58023746200| 59258283400| 57580822200| 57206442858| 55000477500| 55777159700| 15829455800| 56879898700,2024.0,2024-08-05,Dalton Transactions,53,47,18917-18922,-,ISSN-14779226,9500153949.0,Journal,Royal Society of Chemistry,English,0.69,49,6,36,0.653,28,2.8,30.0,22.0,3.5,6.01,5.0,6.0,0.0,0.0,"Flores, C.V., Machín-Garriga, A., Obeso, J.L. and 5 more (...) (2024).Room-temperature synthesis of bimetallic ZnCu-MOF-74 as an adsorbent for tetracycline removal from an aqueous solution. Dalton Transactions,53(47) 18917-18922",https://www.scopus.com/record/display.url?eid=2-s2.0-85201107503&origin=resultslist,10.1039/d4dt01607f,Article,Hybrid gold,2-s2.0-85201107503,39113478,Universidad Autónoma Metropolitana| Instituto Politécnico Nacional| Universidad Nacional Autónoma de México,505017| 505011| 505023,Academic,3.0,60019176| 60032442| 60005971| 60014923| 60028381| 60023193,Instituto Politécnico Nacional| Universidad Nacional Autónoma de México| Instituto de Investigaciones en Materiales| Universidad Autónoma Metropolitana| Universidad Autónoma Metropolitana -Unidad Iztapalapa| Universidad Autónoma Metropolitana - Azcapotzalco,58023746200,56879898700,55777159700| 15829455800| 56879898700,-,Mexico,1.0,1604,Inorganic Chemistry,4,Natural Sciences,409,Chemistry,37,Physical Sciences,34,Chemical Sciences,3402,Inorganic chemistry,SDG 6,Environmental Impact of Pharmaceuticals and Contaminants,153,98.169,Adsorption Mechanisms for Tetracycline Removal,7491,99.744,Definitive,2024.0,22.0,N/A,"Flores, C.V.| Machín-Garriga, A.| Obeso, J.L.| Flores, J.G.| Ibarra, I.A.| Portillo-Vélez, N.S.| Leyva, C.| Peralta, R.A.",Universidad Autónoma Metropolitana| Instituto Politécnico Nacional| Universidad Nacional Autónoma de México,Mexico,0
55000477500,55000477500,A quantum chemical approach representing a new perspective concerning agonist and antagonist drugs in the context of schizophrenia and Parkinson’s disease,"Martínez, A.| Ibarra, I.A.| Vargas, R.",3.0,7404025645| 55000477500| 55989742600,2019.0,2019-12-01,PLoS ONE,14,12,-,e0224691,ISSN-19326203,10600153309.0,Journal,Public Library of Science,English,1.2,21,5.2,9,1.023,7,0.66,19.0,21.0,0.46,19.65,24.0,49.0,0.0,0.0,"Martínez, A., Ibarra, I.A., Vargas, R. (2019).A quantum chemical approach representing a new perspective concerning agonist and antagonist drugs in the context of schizophrenia and Parkinson’s disease. PLoS ONE,14(12) ",https://www.scopus.com/record/display.url?eid=2-s2.0-85076406933&origin=resultslist,10.1371/journal.pone.0224691,Article,Gold|Green,2-s2.0-85076406933,31830046,Universidad Autónoma Metropolitana| Universidad Nacional Autónoma de México,505017| 505023,Academic,2.0,60005971| 60032442| 60028381,Instituto de Investigaciones en Materiales| Universidad Nacional Autónoma de México| Universidad Autónoma Metropolitana -Unidad Iztapalapa,7404025645,55989742600,7404025645,-,Mexico,1.0,1000,Multidisciplinary,-,-,-,-,-,-,MD,Multidisciplinary,MD,Multidisciplinary,-,Cognitive and Physical Health in Schizophrenia,35,77.763,Understanding Schizophrenia throughFirst Rank Symptoms,59350,30.108,Defensible,2019.0,21.0,N/A,"Martínez, A.| Ibarra, I.A.| Vargas, R.",Universidad Autónoma Metropolitana| Universidad Nacional Autónoma de México,Mexico,0
55000477500,55000477500,Spent coffee ground-calcium alginate biosorbent for adsorptive removal of methylene blue from aqueous solutions,"Flores, C.V.| Obeso, J.L.| Viltres, H.| Torres-García, E.| Rajabzadeh, A.R.| Srinivasan, S.| Peralta, R.A.| Ibarra, I.A.| Leyva, C.",9.0,58023746200| 57580822200| 57193744866| 6602461192| 54888758900| 35249484900| 56879898700| 55000477500| 15829455800,2023.0,2023-12-11,RSC Sustainability,2,1,239-246,-,ISSN-27538125,21101176795.0,Journal,Royal Society of Chemistry,English,-,-,0.6,87,-,-,2.74,53.0,21.0,1.73,12.11,10.0,16.0,0.0,0.0,"Flores, C.V., Obeso, J.L., Viltres, H. and 6 more (...) (2023).Spent coffee ground-calcium alginate biosorbent for adsorptive removal of methylene blue from aqueous solutions. RSC Sustainability,2(1) 239-246",https://www.scopus.com/record/display.url?eid=2-s2.0-85180300088&origin=resultslist,10.1039/d3su00365e,Article,Gold,2-s2.0-85180300088,-,McMaster University| Universidad Autónoma Metropolitana| Instituto Politécnico Nacional| Universidad Nacional Autónoma de México| Instituto Mexicano del Petroleo,501017| 505017| 505011| 505023| 505005,Academic| Government,5.0,60019176| 60005971| 60032442| 60031828| 60014923| 60019271,Instituto Politécnico Nacional| Instituto de Investigaciones en Materiales| Universidad Nacional Autónoma de México| McMaster University| Universidad Autónoma Metropolitana| Instituto Mexicano Del Petroleo,58023746200,15829455800,56879898700| 55000477500| 15829455800,-,Mexico| Canada,2.0,1601| 1602| 1603| 1605,Chemistry (miscellaneous)| Analytical Chemistry| Electrochemistry| Organic Chemistry,4| 2,Natural Sciences| Engineering & Technology,409| 249,Chemistry| Engineering - Petroleum,37,Physical Sciences,-,-,-,-,-,Adsorption Mechanisms for Metal Ion Removal,54,98.234,Innovative Adsorbents for Dye Removal Applications,8131,99.83,Definitive,2023.0,21.0,N/A,"Flores, C.V.| Obeso, J.L.| Viltres, H.| Torres-García, E.| Rajabzadeh, A.R.| Srinivasan, S.| Peralta, R.A.| Ibarra, I.A.| Leyva, C.",McMaster University| Universidad Autónoma Metropolitana| Instituto Politécnico Nacional| Universidad Nacional Autónoma de México| Instituto Mexicano del Petroleo,Mexico| Canada,0
55000477500,55000477500,Water Adsorption Properties of Fe(pz)[Pt(CN)4] and the Capture of CO2 and CO,"Alvarado-Alvarado, D.| González-Estefan, J.H.| Flores, J.G.| Álvarez, J.R.| Aguilar-Pliego, J.| Islas-Jácome, A.| Chastanet, G.| González-Zamora, E.| Lara-García, H.A.| Alcántar-Vázquez, B.| Gonidec, M.| Ibarra, I.A.",12.0,57211347708| 56584487500| 57206442858| 56982347300| 56013754600| 48161545400| 7801425508| 55989686000| 56285455400| 55827211900| 55907081200| 55000477500,2020.0,2020-04-13,Organometallics,39,7,949-955,-,ISSN-02767333,26423.0,Journal,American Chemical Society,English,0.85,41,7,13,1.231,12,2.63,67.0,20.0,1.09,11.96,24.0,25.0,0.0,0.0,"Alvarado-Alvarado, D., González-Estefan, J.H., Flores, J.G. and 9 more (...) (2020).Water Adsorption Properties of Fe(pz)[Pt(CN)4] and the Capture of CO2 and CO. Organometallics,39(7) 949-955",https://www.scopus.com/record/display.url?eid=2-s2.0-85079030973&origin=resultslist,10.1021/acs.organomet.9b00711,Article,,2-s2.0-85079030973,-,Institut de chimie de la matière condensée de Bordeaux| Universidad Autónoma Metropolitana| CNRS| Bordeaux INP| Universidad Nacional Autónoma de México| Université de Bordeaux,314239| 505017| 314004| 706328| 505023| 702554,Government| Academic,6.0,60032442| 60012805| 60008134| 60102125| 60023193| 60028381,Universidad Nacional Autónoma de México| Institut de Chimie de la Matière Condensée de Bordeaux| CNRS Centre National de la Recherche Scientifique| Université de Bordeaux| Universidad Autónoma Metropolitana - Azcapotzalco| Universidad Autónoma Metropolitana -Unidad Iztapalapa,57211347708,55000477500,48161545400,-,Mexico| France,2.0,1604| 1605| 1606,Inorganic Chemistry| Organic Chemistry| Physical and Theoretical Chemistry,2| 4,Engineering & Technology| Natural Sciences,409| 249,Chemistry| Engineering - Petroleum,37,Physical Sciences,34,Chemical Sciences,3406| 3402,Physical chemistry| Inorganic chemistry,SDG 13,Metal-Organic Frameworks in Environmental Applications,99,98.496,Metal Organic Frameworks in Gas Storage Applications,74,99.688,Very Good,2020.0,20.0,N/A,"Alvarado-Alvarado, D.| González-Estefan, J.H.| Flores, J.G.| Álvarez, J.R.| Aguilar-Pliego, J.| Islas-Jácome, A.| Chastanet, G.| González-Zamora, E.| Lara-García, H.A.| Alcántar-Vázquez, B.| Gonidec, M.| Ibarra, I.A.",Institut de chimie de la matière condensée de Bordeaux| Universidad Autónoma Metropolitana| CNRS| Bordeaux INP| Universidad Nacional Autónoma de México| Université de Bordeaux,Mexico| France,0
55000477500,55000477500,Adsorption of 1-Propanol in the Channel-Like InOF-1 Metal-Organic Framework and Its Influence on the CO2 Capture Performances,"Raziel Álvarez, J.| Mileo, P.G.M.| Sánchez-González, E.| Antonio Zárate, J.| Rodríguez-Hernández, J.| González-Zamora, E.| Maurin, G.| Ibarra, I.A.",8.0,56982347300| 26027178100| 24172136000| 57201281238| 7003677891| 55989686000| 8914339300| 55000477500,2018.0,2018-03-15,Journal of Physical Chemistry C,122,10,5566-5577,-,ISSN-19327447,5200153123.0,Journal,American Chemical Society,English,1.1,25,7.6,8,1.652,6,0.91,36.0,19.0,1.1,12.68,28.0,26.0,0.0,0.0,"Raziel Álvarez, J., Mileo, P.G.M., Sánchez-González, E. and 5 more (...) (2018).Adsorption of 1-Propanol in the Channel-Like InOF-1 Metal-Organic Framework and Its Influence on the CO2 Capture Performances. Journal of Physical Chemistry C,122(10) 5566-5577",https://www.scopus.com/record/display.url?eid=2-s2.0-85044115353&origin=resultslist,10.1021/acs.jpcc.8b00215,Article,,2-s2.0-85044115353,-,Université de Montpellier| Center for Research in Applied Chemistry| Universidad Autónoma Metropolitana| CNRS| Universidad Nacional Autónoma de México| École nationale supérieure de chimie de Montpellier,314084| 703028| 505017| 314004| 505023| 314010,Academic| Government,6.0,60032442| 60024243| 60103239| 60108488| 60008134| 60029922| 60028381,"Universidad Nacional Autónoma de México| École Nationale Supérieure de Chimie de Montpellier| Institut Charles Gerhardt Montpellier| Université de Montpellier| CNRS Centre National de la Recherche Scientifique| Centro de Investigacion en Quimica Aplicada, Saltillo| Universidad Autónoma Metropolitana -Unidad Iztapalapa",56982347300,55000477500,8914339300,-,Mexico| France,2.0,1606| 2100| 2504| 2508,"Physical and Theoretical Chemistry| General Energy| Electronic, Optical and Magnetic Materials| Surfaces, Coatings and Films",2| 4,Engineering & Technology| Natural Sciences,249| 409| 433| 221,Engineering - Petroleum| Chemistry| Materials Science| Engineering - Electrical & Electronic,37| 36,Physical Sciences| Engineering,34| 40,Chemical Sciences| Engineering,-,-,SDG 13,Metal-Organic Frameworks in Environmental Applications,99,98.496,Metal Organic Frameworks in Gas Storage Applications,74,99.688,Definitive,2018.0,19.0,N/A,"Raziel Álvarez, J.| Mileo, P.G.M.| Sánchez-González, E.| Antonio Zárate, J.| Rodríguez-Hernández, J.| González-Zamora, E.| Maurin, G.| Ibarra, I.A.",Université de Montpellier| Center for Research in Applied Chemistry| Universidad Autónoma Metropolitana| CNRS| Universidad Nacional Autónoma de México| École nationale supérieure de chimie de Montpellier,Mexico| France,0
55000477500,55000477500,Computational tools to study non-covalent interactions and confinement effects in chemical systems,"Vargas, R.| Garza, J.| Martínez, A.| Ibarra, I.A.",4.0,55989742600| 57204698538| 7404025645| 55000477500,2024.0,2024-02-14,Chemical Communications,60,22,3008-3018,-,ISSN-13597345,22781.0,Journal,Royal Society of Chemistry,English,0.78,43,7.4,18,1.037,15,1.35,19.0,18.0,2.05,8.77,7.0,13.0,0.0,0.0,"Vargas, R., Garza, J., Martínez, A. and 1 more (...) (2024).Computational tools to study non-covalent interactions and confinement effects in chemical systems. Chemical Communications,60(22) 3008-3018",https://www.scopus.com/record/display.url?eid=2-s2.0-85186098304&origin=resultslist,10.1039/d3cc06347j,Article,,2-s2.0-85186098304,38376468,CSIC| CSIC - National Museum of Natural Sciences| Universidad Autónoma Metropolitana| Universidad Nacional Autónoma de México,312004| 715444| 505017| 505023,Academic| Government,4.0,60028381| 60032442| 60005971| 60006754| 60015098,Universidad Autónoma Metropolitana -Unidad Iztapalapa| Universidad Nacional Autónoma de México| Instituto de Investigaciones en Materiales| Consejo Superior de Investigaciones Científicas| CSIC - Museo Nacional de Ciencias Naturales (MNCN),55989742600,55000477500,55989742600| 57204698538,-,Mexico| Spain,2.0,1503| 1600| 2503| 2504| 2505| 2506| 2508,"Catalysis| General Chemistry| Ceramics and Composites| Electronic, Optical and Magnetic Materials| Materials Chemistry| Metals and Alloys| Surfaces, Coatings and Films",2| 4,Engineering & Technology| Natural Sciences,433| 249| 219| 409,Materials Science| Engineering - Petroleum| Engineering - Chemical| Chemistry,36| 37,Engineering| Physical Sciences,40| 34,Engineering| Chemical Sciences,-,-,-,Quantum Well Structures in Silicon Devices,239,33.028,Quantum Confinement Effects in Atomic Systems,30014,68.41,Definitive,2024.0,18.0,N/A,"Vargas, R.| Garza, J.| Martínez, A.| Ibarra, I.A.",CSIC| CSIC - National Museum of Natural Sciences| Universidad Autónoma Metropolitana| Universidad Nacional Autónoma de México,Mexico| Spain,0
55000477500,55000477500, CO 2 capture enhancement for InOF-1: confinement of 2-propanol ,"Sánchez-Bautista, J.E.| Landeros-Rivera, B.| Jurado-Vázquez, T.| Martínez, A.| González-Zamora, E.| Balmaseda, J.| Vargas, R.| Ibarra, I.A.",8.0,57208326065| 57192995930| 57191247913| 7404025645| 55989686000| 6603286727| 55989742600| 55000477500,2019.0,2019-01-01,Dalton Transactions,48,16,5176-5182,-,ISSN-14779226,9500153949.0,Journal,Royal Society of Chemistry,English,0.93,35,6.8,13,1.048,15,1.37,42.0,15.0,0.68,11.7,31.0,39.0,0.0,0.0,"Sánchez-Bautista, J.E., Landeros-Rivera, B., Jurado-Vázquez, T. and 5 more (...) (2019). CO 2 capture enhancement for InOF-1: confinement of 2-propanol . Dalton Transactions,48(16) 5176-5182",https://www.scopus.com/record/display.url?eid=2-s2.0-85064516043&origin=resultslist,10.1039/c9dt00384c,Article,,2-s2.0-85064516043,30869732,Universidad Autónoma Metropolitana| Universidad Nacional Autónoma de México,505017| 505023,Academic,2.0,60032442| 60028381,Universidad Nacional Autónoma de México| Universidad Autónoma Metropolitana -Unidad Iztapalapa,57208326065,55000477500,7404025645,-,Mexico,1.0,1604,Inorganic Chemistry,4,Natural Sciences,409,Chemistry,37,Physical Sciences,34,Chemical Sciences,3402,Inorganic chemistry,SDG 13,Metal-Organic Frameworks in Environmental Applications,99,98.496,Metal Organic Frameworks in Gas Storage Applications,74,99.688,Very Good,2019.0,15.0,N/A,"Sánchez-Bautista, J.E.| Landeros-Rivera, B.| Jurado-Vázquez, T.| Martínez, A.| González-Zamora, E.| Balmaseda, J.| Vargas, R.| Ibarra, I.A.",Universidad Autónoma Metropolitana| Universidad Nacional Autónoma de México,Mexico,0
55000477500,55000477500,Relevance of hydrogen bonding in CO2 capture enhancement within InOF-1: An energy and vibrational analysis,"Lara-García, H.A.| Landeros-Rivera, B.| González-Zamora, E.| Aguilar-Pliego, J.| Gómez-Cortés, A.| Martínez, A.| Vargas, R.| Diaz, G.| Ibarra, I.A.",9.0,56285455400| 57192995930| 55989686000| 56013754600| 6602668306| 7404025645| 55989742600| 7201671446| 55000477500,2019.0,2019-01-01,Dalton Transactions,48,24,8611-8616,-,ISSN-14779226,9500153949.0,Journal,Royal Society of Chemistry,English,0.93,35,6.8,13,1.048,15,1.63,54.0,15.0,0.77,11.7,31.0,36.0,0.0,0.0,"Lara-García, H.A., Landeros-Rivera, B., González-Zamora, E. and 6 more (...) (2019).Relevance of hydrogen bonding in CO2 capture enhancement within InOF-1: An energy and vibrational analysis. Dalton Transactions,48(24) 8611-8616",https://www.scopus.com/record/display.url?eid=2-s2.0-85067433527&origin=resultslist,10.1039/c9dt01266d,Article,,2-s2.0-85067433527,31070211,Universidad Autónoma Metropolitana| Universidad Nacional Autónoma de México,505017| 505023,Academic,2.0,60032442| 60028381| 60023193,Universidad Nacional Autónoma de México| Universidad Autónoma Metropolitana -Unidad Iztapalapa| Universidad Autónoma Metropolitana - Azcapotzalco,56285455400,55000477500,57192995930,-,Mexico,1.0,1604,Inorganic Chemistry,4,Natural Sciences,409,Chemistry,37,Physical Sciences,34,Chemical Sciences,3402,Inorganic chemistry,SDG 13,Metal-Organic Frameworks in Environmental Applications,99,98.496,Metal Organic Frameworks in Gas Storage Applications,74,99.688,Very Good,2019.0,15.0,N/A,"Lara-García, H.A.| Landeros-Rivera, B.| González-Zamora, E.| Aguilar-Pliego, J.| Gómez-Cortés, A.| Martínez, A.| Vargas, R.| Diaz, G.| Ibarra, I.A.",Universidad Autónoma Metropolitana| Universidad Nacional Autónoma de México,Mexico,0
55000477500,55000477500,Sulfadiazine hosted in MIL-53(Al) as a biocide topical delivery system,"Águila-Rosas, J.| Quirino-Barreda, T.| Leyva-Gómez, G.| González-Zamora, E.| Ibarra, I.A.| Lima, E.",6.0,57189875920| 57218244612| 26021334500| 55989686000| 55000477500| 7103348371,2020.0,2020-07-07,RSC Advances,10,43,25645-25651,-,ISSN-20462069,21100199840.0,Journal,Royal Society of Chemistry,English,0.86,40,5.9,18,0.746,22,1.68,53.0,15.0,0.43,16.26,31.0,50.0,0.0,0.0,"Águila-Rosas, J., Quirino-Barreda, T., Leyva-Gómez, G. and 3 more (...) (2020).Sulfadiazine hosted in MIL-53(Al) as a biocide topical delivery system. RSC Advances,10(43) 25645-25651",https://www.scopus.com/record/display.url?eid=2-s2.0-85088463308&origin=resultslist,10.1039/d0ra03636f,Article,Gold|Green,2-s2.0-85088463308,-,Universidad Autónoma Metropolitana| Universidad Nacional Autónoma de México,505017| 505023,Academic,2.0,60010210| 60032442| 60028381| 60005971| 124842032,Universidad Autónoma Metropolitana Unidad Xochimilco| Universidad Nacional Autónoma de México| Universidad Autónoma Metropolitana -Unidad Iztapalapa| Instituto de Investigaciones en Materiales| Pharma View Consulting SC,57189875920,7103348371,55000477500| 7103348371,-,Mexico,1.0,1500| 1600,General Chemical Engineering| General Chemistry,2| 4,Engineering & Technology| Natural Sciences,219| 409,Engineering - Chemical| Chemistry,37| 36,Physical Sciences| Engineering,34,Chemical Sciences,-,-,-,Metal-Organic Frameworks in Environmental Applications,99,98.496,Metal Organic Frameworks in Targeted Drug Delivery,31745,98.641,Weak,2020.0,15.0,N/A,"Águila-Rosas, J.| Quirino-Barreda, T.| Leyva-Gómez, G.| González-Zamora, E.| Ibarra, I.A.| Lima, E.",Universidad Autónoma Metropolitana| Universidad Nacional Autónoma de México,Mexico,0
55000477500,55000477500,Impact of Ni(ii) coordinatively unsaturated sites and coordinated water molecules on SO2 adsorption by a MOF with octanuclear metal clusters,"Obeso, J.L.| Gopalsamy, K.| Wahiduzzaman, M.| Martínez-Ahumada, E.| Fan, D.| Lara-García, H.A.| Carmona, F.J.| Maurin, G.| Ibarra, I.A.| Navarro, J.A.R.",10.0,57580822200| 54683771400| 56576360600| 57212137584| 57192432954| 56285455400| 57190294011| 8914339300| 55000477500| 55684414500,2024.0,2024-03-07,Journal of Materials Chemistry A,12,17,10157-10165,-,ISSN-20507488,21100232403.0,Journal,Royal Society of Chemistry,English,1.33,16,16.7,7,2.462,8,2.83,49.0,14.0,1.25,11.17,10.0,24.0,0.0,0.0,"Obeso, J.L., Gopalsamy, K., Wahiduzzaman, M. and 7 more (...) (2024).Impact of Ni(ii) coordinatively unsaturated sites and coordinated water molecules on SO2 adsorption by a MOF with octanuclear metal clusters. Journal of Materials Chemistry A,12(17) 10157-10165",https://www.scopus.com/record/display.url?eid=2-s2.0-85187656496&origin=resultslist,10.1039/d3ta07582f,Article,Hybrid gold|Green,2-s2.0-85187656496,-,Université de Montpellier| Universidad Autónoma Metropolitana| CNRS| Instituto Politécnico Nacional| Universidad Nacional Autónoma de México| École nationale supérieure de chimie de Montpellier| University of Granada,314084| 505017| 314004| 505011| 505023| 314010| 312057,Academic| Government,7.0,60019176| 60013076| 60032442| 60005971| 60103239| 60024243| 60008134| 60108488| 60027844| 60028381,Instituto Politécnico Nacional| Centro de Investigacion en Ciencia Aplicada y Tecnologia Avanzada| Universidad Nacional Autónoma de México| Instituto de Investigaciones en Materiales| Institut Charles Gerhardt Montpellier| École Nationale Supérieure de Chimie de Montpellier| CNRS Centre National de la Recherche Scientifique| Université de Montpellier| Universidad de Granada| Universidad Autónoma Metropolitana -Unidad Iztapalapa,57580822200,55684414500,8914339300| 55000477500| 55684414500,-,Spain| Mexico| France,3.0,1600| 2105| 2500,"General Chemistry| Renewable Energy, Sustainability and the Environment| General Materials Science",2| 4,Engineering & Technology| Natural Sciences,221| 433| 409,Engineering - Electrical & Electronic| Materials Science| Chemistry,37| 36,Physical Sciences| Engineering,34| 40,Chemical Sciences| Engineering,3403| 4016| 4004,Macromolecular and materials chemistry| Materials engineering| Chemical engineering,-,Metal-Organic Frameworks in Environmental Applications,99,98.496,Metal Organic Frameworks in Gas Storage Applications,74,99.688,Definitive,2024.0,14.0,N/A,"Obeso, J.L.| Gopalsamy, K.| Wahiduzzaman, M.| Martínez-Ahumada, E.| Fan, D.| Lara-García, H.A.| Carmona, F.J.| Maurin, G.| Ibarra, I.A.| Navarro, J.A.R.",Université de Montpellier| Universidad Autónoma Metropolitana| CNRS| Instituto Politécnico Nacional| Universidad Nacional Autónoma de México| École nationale supérieure de chimie de Montpellier| University of Granada,Spain| Mexico| France,0
55000477500,55000477500,Gas-phase organometallic catalysis in MFM-300(Sc) provided by switchable dynamic metal sites,"Obeso, J.L.| López-Olvera, A.| Flores, C.V.| Peralta, R.A.| Ibarra, I.A.| Leyva, C.",6.0,57580822200| 57192953714| 58023746200| 56879898700| 55000477500| 15829455800,2023.0,2023-02-17,Chemical Communications,59,22,3273-3276,-,ISSN-13597345,22781.0,Journal,Royal Society of Chemistry,English,0.79,41,8.6,13,1.133,9,2.68,53.0,14.0,1.05,13.3,17.0,28.0,0.0,0.0,"Obeso, J.L., López-Olvera, A., Flores, C.V. and 3 more (...) (2023).Gas-phase organometallic catalysis in MFM-300(Sc) provided by switchable dynamic metal sites. Chemical Communications,59(22) 3273-3276",https://www.scopus.com/record/display.url?eid=2-s2.0-85149073331&origin=resultslist,10.1039/d2cc06935k,Article,,2-s2.0-85149073331,36825543,Universidad Autónoma Metropolitana| Instituto Politécnico Nacional| Universidad Nacional Autónoma de México,505017| 505011| 505023,Academic,3.0,60019176| 60013076| 60032442| 60005971| 60028381,Instituto Politécnico Nacional| Centro de Investigacion en Ciencia Aplicada y Tecnologia Avanzada| Universidad Nacional Autónoma de México| Instituto de Investigaciones en Materiales| Universidad Autónoma Metropolitana -Unidad Iztapalapa,57580822200,15829455800,56879898700| 55000477500| 15829455800,-,Mexico,1.0,1503| 1600| 2503| 2504| 2505| 2506| 2508,"Catalysis| General Chemistry| Ceramics and Composites| Electronic, Optical and Magnetic Materials| Materials Chemistry| Metals and Alloys| Surfaces, Coatings and Films",4| 2,Natural Sciences| Engineering & Technology,249| 409| 219| 433,Engineering - Petroleum| Chemistry| Engineering - Chemical| Materials Science,36| 37,Engineering| Physical Sciences,40| 34,Engineering| Chemical Sciences,-,-,-,Catalytic Innovations in Hydrogenation and Desulfurization,1180,44.016,Catalytic Pathways for Methyl Isobutyl Ketone Synthesis,54074,60.634,Definitive,2023.0,14.0,N/A,"Obeso, J.L.| López-Olvera, A.| Flores, C.V.| Peralta, R.A.| Ibarra, I.A.| Leyva, C.",Universidad Autónoma Metropolitana| Instituto Politécnico Nacional| Universidad Nacional Autónoma de México,Mexico,0
55000477500,55000477500,Confined toluene within InOF-1: CO2 capture enhancement,"Garrido-Olvera, L.P.| Sanchez-Bautista, J.E.| Alvarado-Alvarado, D.| Landeros-Rivera, B.| Álvarez, J.R.| Vargas, R.| González-Zamora, E.| Balmaseda, J.| Lara-García, H.A.| Martínez, A.| Ibarra, I.A.",11.0,6504423846| 57208326065| 57211347708| 57192995930| 56982347300| 55989742600| 55989686000| 6603286727| 56285455400| 7404025645| 55000477500,2019.0,2019-01-01,RSC Advances,9,56,32864-32872,-,ISSN-20462069,21100199840.0,Journal,Royal Society of Chemistry,English,0.81,43,6.5,13,0.736,21,0.73,24.0,14.0,0.41,14.81,33.0,52.0,0.0,0.0,"Garrido-Olvera, L.P., Sanchez-Bautista, J.E., Alvarado-Alvarado, D. and 8 more (...) (2019).Confined toluene within InOF-1: CO2 capture enhancement. RSC Advances,9(56) 32864-32872",https://www.scopus.com/record/display.url?eid=2-s2.0-85073607124&origin=resultslist,10.1039/c9ra05991a,Article,Gold|Green,2-s2.0-85073607124,-,Universidad Autónoma Metropolitana| Universidad Nacional Autónoma de México,505017| 505023,Academic,2.0,60032442| 60028381,Universidad Nacional Autónoma de México| Universidad Autónoma Metropolitana -Unidad Iztapalapa,6504423846,55000477500,57192995930,-,Mexico,1.0,1500| 1600,General Chemical Engineering| General Chemistry,2| 4,Engineering & Technology| Natural Sciences,219| 409,Engineering - Chemical| Chemistry,37| 36,Physical Sciences| Engineering,34,Chemical Sciences,-,-,SDG 9| SDG 13,Mesoporous Silica Materials for Advanced Applications,577,60.105,Fluid Behavior in Confined Porous Media,12137,79.333,Defensible,2019.0,14.0,N/A,"Garrido-Olvera, L.P.| Sanchez-Bautista, J.E.| Alvarado-Alvarado, D.| Landeros-Rivera, B.| Álvarez, J.R.| Vargas, R.| González-Zamora, E.| Balmaseda, J.| Lara-García, H.A.| Martínez, A.| Ibarra, I.A.",Universidad Autónoma Metropolitana| Universidad Nacional Autónoma de México,Mexico,0
55000477500,55000477500,Lewis Acid-Catalyzed Ring-Opening Alcoholysis of Cyclohexene Oxide: The Role of Open Metal Sites in the Bi(III)-based Metal-Organic Framework SU-101,"Obeso, J.L.| Gabriel Flores, J.| Flores, C.V.| Rios-Escobedo, R.| Aguilar-Pliego, J.| Ken Inge, A.| Antonio de los Reyes, J.| Peralta, R.A.| Ibarra, I.A.| Leyva, C.",10.0,57580822200| 57195242626| 58023746200| 57610890000| 56013754600| 57208647553| 15723341500| 56879898700| 55000477500| 15829455800,2023.0,2023-07-07,ChemCatChem,15,13,-,e202300471,ISSN-18673880,19900191733.0,Journal,John Wiley and Sons Inc,English,0.76,42,8.1,13,1.034,10,2.82,49.0,13.0,1.16,11.19,18.0,25.0,0.0,0.0,"Obeso, J.L., Gabriel Flores, J., Flores, C.V. and 7 more (...) (2023).Lewis Acid-Catalyzed Ring-Opening Alcoholysis of Cyclohexene Oxide: The Role of Open Metal Sites in the Bi(III)-based Metal-Organic Framework SU-101. ChemCatChem,15(13) ",https://www.scopus.com/record/display.url?eid=2-s2.0-85160681987&origin=resultslist,10.1002/cctc.202300471,Article,Hybrid gold,2-s2.0-85160681987,-,Universidad Autónoma Metropolitana| Instituto Politécnico Nacional| Universidad Nacional Autónoma de México| Stockholm University,505017| 505011| 505023| 332014,Academic,4.0,60019176| 60005971| 60032442| 60028381| 60023193| 60028378| 60014923,Instituto Politécnico Nacional| Instituto de Investigaciones en Materiales| Universidad Nacional Autónoma de México| Universidad Autónoma Metropolitana -Unidad Iztapalapa| Universidad Autónoma Metropolitana - Azcapotzalco| Stockholms universitet| Universidad Autónoma Metropolitana,57580822200,15829455800,55000477500| 15829455800,-,Mexico| Sweden,2.0,1503| 1604| 1605| 1606,Catalysis| Inorganic Chemistry| Organic Chemistry| Physical and Theoretical Chemistry,4| 2,Natural Sciences| Engineering & Technology,219| 249| 409,Engineering - Chemical| Engineering - Petroleum| Chemistry,37| 36,Physical Sciences| Engineering,40,Engineering,4004,Chemical engineering,-,Radical Mechanisms in Alkaloid Chemistry,1178,12.492,Catalytic Innovations in Epoxide Ring Opening,12057,70.65,Definitive,2023.0,13.0,N/A,"Obeso, J.L.| Gabriel Flores, J.| Flores, C.V.| Rios-Escobedo, R.| Aguilar-Pliego, J.| Ken Inge, A.| Antonio de los Reyes, J.| Peralta, R.A.| Ibarra, I.A.| Leyva, C.",Universidad Autónoma Metropolitana| Instituto Politécnico Nacional| Universidad Nacional Autónoma de México| Stockholm University,Mexico| Sweden,0
55000477500,55000477500,Evaluation of the catalytic activity of Zn-MOF-74 for the alcoholysis of cyclohexene oxide,"Flores, J.G.| Obeso, J.L.| Martínez-Jiménez, V.| Martín-Guaregua, N.| Islas-Jácome, A.| González-Zamora, E.| Serrano-Espejel, H.| Mondragón-Rodríguez, B.| Leyva, C.| Solís-Casados, D.A.| Ibarra, I.A.| Peralta, R.A.| Aguilar-Pliego, J.| Antonio de los Reyes, J.",14.0,57206442858| 57580822200| 58559113700| 57204120910| 48161545400| 55989686000| 58620060500| 58620323500| 15829455800| 26221500700| 55000477500| 56879898700| 56013754600| 15723341500,2023.0,2023-09-11,RSC Advances,13,39,27174-27179,-,ISSN-20462069,21100199840.0,Journal,Royal Society of Chemistry,English,0.86,36,7.5,21,0.715,25,3.16,66.0,13.0,0.9,14.5,18.0,32.0,0.0,0.0,"Flores, J.G., Obeso, J.L., Martínez-Jiménez, V. and 11 more (...) (2023).Evaluation of the catalytic activity of Zn-MOF-74 for the alcoholysis of cyclohexene oxide. RSC Advances,13(39) 27174-27179",https://www.scopus.com/record/display.url?eid=2-s2.0-85172314839&origin=resultslist,10.1039/d3ra03122e,Article,Gold|Green,2-s2.0-85172314839,-,Universidad Autónoma Metropolitana| Universidad Autonoma del Estado de Mexico| Instituto Politécnico Nacional| Universidad Nacional Autónoma de México,505017| 505051| 505011| 505023,Academic,4.0,60028381| 60014923| 60019176| 60032442| 60175860| 60002281,Universidad Autónoma Metropolitana -Unidad Iztapalapa| Universidad Autónoma Metropolitana| Instituto Politécnico Nacional| Universidad Nacional Autónoma de México| Centro Conjunto de Investigación en Química Sustentable UAEM-UNAM| Universidad Autónoma del Estado de México,57206442858,15723341500,56879898700| 56013754600| 15723341500,-,Mexico,1.0,1500| 1600,General Chemical Engineering| General Chemistry,2| 4,Engineering & Technology| Natural Sciences,219| 409,Engineering - Chemical| Chemistry,36| 37,Engineering| Physical Sciences,34,Chemical Sciences,-,-,-,Metal-Organic Frameworks in Environmental Applications,99,98.496,Metal Organic Frameworks in Gas Storage Applications,74,99.688,Definitive,2023.0,13.0,N/A,"Flores, J.G.| Obeso, J.L.| Martínez-Jiménez, V.| Martín-Guaregua, N.| Islas-Jácome, A.| González-Zamora, E.| Serrano-Espejel, H.| Mondragón-Rodríguez, B.| Leyva, C.| Solís-Casados, D.A.| Ibarra, I.A.| Peralta, R.A.| Aguilar-Pliego, J.| Antonio de los Reyes, J.",Universidad Autónoma Metropolitana| Universidad Autonoma del Estado de Mexico| Instituto Politécnico Nacional| Universidad Nacional Autónoma de México,Mexico,0
55000477500,55000477500,"Synthesis of pyrrolo[3,4-b]pyridin-5-ones via multicomponent reactions and in vitro–in silico studies against SiHa, HeLa, and CaSki human cervical carcinoma cell lines","Segura-Olvera, D.| García-González, A.N.| Morales-Salazar, I.| Islas-Jácome, A.| Rojas-Aguirre, Y.| Ibarra, I.| Díaz-Cervantes, E.| Alcaraz-Estrada, S.L.| González-Zamora, E.",9.0,57203930200| 57201431883| 57210142617| 48161545400| 36696912900| 55000477500| 55856094600| 56047021500| 55989686000,2019.0,2019-07-22,Molecules,24,14,-,2648;,ISSN-14203049,26370.0,Journal,MDPI AG,English,1.15,23,4.1,29,0.698,22,2.0,51.0,13.0,0.25,12.12,34.0,62.0,0.0,0.0,"Segura-Olvera, D., García-González, A.N., Morales-Salazar, I. and 6 more (...) (2019).Synthesis of pyrrolo[3,4-b]pyridin-5-ones via multicomponent reactions and in vitro–in silico studies against SiHa, HeLa, and CaSki human cervical carcinoma cell lines. Molecules,24(14) ",https://www.scopus.com/record/display.url?eid=2-s2.0-85069678045&origin=resultslist,10.3390/molecules24142648,Article,Gold|Green,2-s2.0-85069678045,31336585,Universidad de Guanajuato| Universidad Autónoma Metropolitana| Universidad Nacional Autónoma de México,505020| 505017| 505023,Academic,3.0,60028381| 60032442| 60033291| 60001570| 60000123,Universidad Autónoma Metropolitana -Unidad Iztapalapa| Universidad Nacional Autónoma de México| Universidad de Guanajuato| Instituto de Seguridad y Servicios Sociales de los Trabajadores del Estado - ISSSTE| Hospital 20 de Noviembre,57203930200,55989686000,55856094600,-,Mexico,1.0,1313| 1601| 1602| 1605| 1606| 3002| 3003,Molecular Medicine| Chemistry (miscellaneous)| Analytical Chemistry| Organic Chemistry| Physical and Theoretical Chemistry| Drug Discovery| Pharmaceutical Science,4| 5| 2,Natural Sciences| Life Sciences & Medicine| Engineering & Technology,532| 537| 409| 249,Medicine| Pharmacy & Pharmacology| Chemistry| Engineering - Petroleum,34| 37| 32,Medical and Health| Physical Sciences| Life Sciences,34,Chemical Sciences,3404| 3405,Medicinal and biomolecular chemistry| Organic chemistry,SDG 3,Multicomponent Reactions in Antimicrobial and Anticancer Development,945,47.09,Innovative Multicomponent Reactions with Isocyanides,3597,91.969,Defensible,2019.0,13.0,N/A,"Segura-Olvera, D.| García-González, A.N.| Morales-Salazar, I.| Islas-Jácome, A.| Rojas-Aguirre, Y.| Ibarra, I.| Díaz-Cervantes, E.| Alcaraz-Estrada, S.L.| González-Zamora, E.",Universidad de Guanajuato| Universidad Autónoma Metropolitana| Universidad Nacional Autónoma de México,Mexico,0
55000477500,55000477500,Confined benzene within InOF-1: Contrasting CO2 and SO2 capture behaviours,"Barrios-Vargas, L.J.| Ruiz-Montoya, J.G.| Landeros-Rivera, B.| Álvarez, J.R.| Alvarado-Alvarado, D.| Vargas, R.| Martínez, A.| González-Zamora, E.| Cáceres, L.M.| Morales, J.C.| Ibarra, I.A.",11.0,57215543987| 56809410500| 57192995930| 56982347300| 57211347708| 55989742600| 7404025645| 55989686000| 57226648235| 57215544806| 55000477500,2020.0,2020-03-07,Dalton Transactions,49,9,2786-2793,-,ISSN-14779226,9500153949.0,Journal,Royal Society of Chemistry,English,0.86,41,6.7,14,0.98,16,3.58,92.0,13.0,0.61,11.42,34.0,41.0,0.0,0.0,"Barrios-Vargas, L.J., Ruiz-Montoya, J.G., Landeros-Rivera, B. and 8 more (...) (2020).Confined benzene within InOF-1: Contrasting CO2 and SO2 capture behaviours. Dalton Transactions,49(9) 2786-2793",https://www.scopus.com/record/display.url?eid=2-s2.0-85081137778&origin=resultslist,10.1039/c9dt04667d,Article,,2-s2.0-85081137778,32043501,"Universidad Autónoma Metropolitana| Universidad Nacional de Ingeniería, Peru| Universidad de Lima| Universidad Nacional Autónoma de México",505017| 701195| 701188| 505023,Academic,4.0,60032442| 60071255| 60028381| 60078115,"Universidad Nacional Autónoma de México| Universidad Nacional de Ingenieria, Lima| Universidad Autónoma Metropolitana -Unidad Iztapalapa| Universidad de Lima",57215543987,55000477500,55989742600,-,Mexico| Peru,2.0,1604,Inorganic Chemistry,4,Natural Sciences,409,Chemistry,37,Physical Sciences,34,Chemical Sciences,3402,Inorganic chemistry,SDG 13,Mesoporous Silica Materials for Advanced Applications,577,60.105,Fluid Behavior in Confined Porous Media,12137,79.333,Defensible,2020.0,13.0,N/A,"Barrios-Vargas, L.J.| Ruiz-Montoya, J.G.| Landeros-Rivera, B.| Álvarez, J.R.| Alvarado-Alvarado, D.| Vargas, R.| Martínez, A.| González-Zamora, E.| Cáceres, L.M.| Morales, J.C.| Ibarra, I.A.","Universidad Autónoma Metropolitana| Universidad Nacional de Ingeniería, Peru| Universidad de Lima| Universidad Nacional Autónoma de México",Mexico| Peru,0
55000477500,55000477500,SU-101: a Bi(iii)-based metal-organic framework as an efficient heterogeneous catalyst for the CO2 cycloaddition reaction,"Obeso, J.L.| Flores, J.G.| Flores, C.V.| López-Cervantes, V.B.| Martínez-Jiménez, V.| de los Reyes, J.A.| Lima, E.| Solis-Ibarra, D.| Ibarra, I.A.| Leyva, C.| Peralta, R.A.",11.0,57580822200| 57206442858| 58023746200| 57203690559| 58559113700| 6701672264| 7103348371| 35099497400| 55000477500| 15829455800| 56879898700,2023.0,2023-08-16,Dalton Transactions,52,35,12490-12495,-,ISSN-14779226,9500153949.0,Journal,Royal Society of Chemistry,English,0.72,46,6.6,26,0.697,19,5.16,79.0,13.0,1.39,9.32,18.0,21.0,0.0,0.0,"Obeso, J.L., Flores, J.G., Flores, C.V. and 8 more (...) (2023).SU-101: a Bi(iii)-based metal-organic framework as an efficient heterogeneous catalyst for the CO2 cycloaddition reaction. Dalton Transactions,52(35) 12490-12495",https://www.scopus.com/record/display.url?eid=2-s2.0-85169505486&origin=resultslist,10.1039/d3dt01743e,Article,,2-s2.0-85169505486,37602766,Universidad Autónoma Metropolitana| Instituto Politécnico Nacional| Universidad Nacional Autónoma de México,505017| 505011| 505023,Academic,3.0,60019176| 60032442| 60005971| 60028381| 60023193| 60014923,Instituto Politécnico Nacional| Universidad Nacional Autónoma de México| Instituto de Investigaciones en Materiales| Universidad Autónoma Metropolitana -Unidad Iztapalapa| Universidad Autónoma Metropolitana - Azcapotzalco| Universidad Autónoma Metropolitana,57580822200,56879898700,55000477500| 15829455800| 56879898700,-,Mexico,1.0,1604,Inorganic Chemistry,4,Natural Sciences,409,Chemistry,37,Physical Sciences,34,Chemical Sciences,3402,Inorganic chemistry,-,Polyurethane and Carbon Dioxide Utilization,798,82.407,Catalytic Transformations of Carbon Dioxide and Epoxides,2903,99.425,Definitive,2023.0,13.0,N/A,"Obeso, J.L.| Flores, J.G.| Flores, C.V.| López-Cervantes, V.B.| Martínez-Jiménez, V.| de los Reyes, J.A.| Lima, E.| Solis-Ibarra, D.| Ibarra, I.A.| Leyva, C.| Peralta, R.A.",Universidad Autónoma Metropolitana| Instituto Politécnico Nacional| Universidad Nacional Autónoma de México,Mexico,0
55000477500,55000477500,Linezolid@MOF-74 as a host-guest system with antimicrobial activity,"Ramos, D.| Aguila-Rosas, J.| Quirino-Barreda, C.T.| Santiago-Tellez, A.| Lara-García, H.A.| Guzmán, A.| Ibarra, I.A.| Lima, E.",8.0,57954329500| 57189875920| 24449575800| 57203430527| 56285455400| 6507649596| 55000477500| 7103348371,2022.0,2022-10-11,Journal of Materials Chemistry B,10,3,-,-,ISSN-2050750X,21100229202.0,Journal,Royal Society of Chemistry,English,1.03,28,11.5,11,1.211,13,2.35,59.0,12.0,0.72,16.69,26.0,39.0,0.0,0.0,"Ramos, D., Aguila-Rosas, J., Quirino-Barreda, C.T. and 5 more (...) (2022).Linezolid@MOF-74 as a host-guest system with antimicrobial activity. Journal of Materials Chemistry B,10(3) ",https://www.scopus.com/record/display.url?eid=2-s2.0-85141226462&origin=resultslist,10.1039/d2tb01819e,Article,,2-s2.0-85141226462,36285638,Universidad Autónoma Metropolitana| Instituto Politécnico Nacional| Universidad Nacional Autónoma de México,505017| 505011| 505023,Academic,3.0,60010210| 60032442| 60006489| 60019176| 60005971,Universidad Autónoma Metropolitana Unidad Xochimilco| Universidad Nacional Autónoma de México| Escuela Superior de Ingenieria Quimica e Industrias Extractivas| Instituto Politécnico Nacional| Instituto de Investigaciones en Materiales,57954329500,7103348371,6507649596| 55000477500| 7103348371,-,Mexico,1.0,1600| 2204| 2500,General Chemistry| Biomedical Engineering| General Materials Science,4| 2,Natural Sciences| Engineering & Technology,433| 507| 409,Materials Science| Biological Sciences| Chemistry,36| 37,Engineering| Physical Sciences,40| 34,Engineering| Chemical Sciences,4003| 4004| 3403,Biomedical engineering| Chemical engineering| Macromolecular and materials chemistry,-,Metal-Organic Frameworks in Environmental Applications,99,98.496,Metal Organic Frameworks as Antimicrobial Agents,54010,95.238,Defensible,2022.0,12.0,N/A,"Ramos, D.| Aguila-Rosas, J.| Quirino-Barreda, C.T.| Santiago-Tellez, A.| Lara-García, H.A.| Guzmán, A.| Ibarra, I.A.| Lima, E.",Universidad Autónoma Metropolitana| Instituto Politécnico Nacional| Universidad Nacional Autónoma de México,Mexico,0
55000477500,55000477500,MFM-300: From air pollution remediation to toxic gas detection,"Jurado-Vázquez, T.| Sánchez-González, E.| Campos-Reales-Pineda, A.E.| Islas-Jácome, A.| Lima, E.| González-Zamora, E.| Ibarra, I.A.",7.0,57191247913| 24172136000| 24281317500| 48161545400| 7103348371| 55989686000| 55000477500,2019.0,2019-01-01,Polyhedron,157,-,495-504,-,ISSN-02775387,25303.0,Journal,Elsevier Ltd,English,0.65,54,3.9,25,0.451,40,2.01,74.0,12.0,0.84,11.96,36.0,34.0,0.0,0.0,"Jurado-Vázquez, T., Sánchez-González, E., Campos-Reales-Pineda, A.E. and 4 more (...) (2019).MFM-300: From air pollution remediation to toxic gas detection. Polyhedron,157495-504",https://www.scopus.com/record/display.url?eid=2-s2.0-85055907288&origin=resultslist,10.1016/j.poly.2018.10.025,Article,,2-s2.0-85055907288,-,Benemerita Universidad Autonoma de Puebla| Universidad Autónoma Metropolitana| Universidad Nacional Autónoma de México,505001| 505017| 505023,Academic,3.0,60005971| 60032442| 60024830| 60028381,Instituto de Investigaciones en Materiales| Universidad Nacional Autónoma de México| Benemérita Universidad Autónoma de Puebla| Universidad Autónoma Metropolitana -Unidad Iztapalapa,57191247913,55000477500,55989686000,-,Mexico,1.0,1604| 1606| 2505,Inorganic Chemistry| Physical and Theoretical Chemistry| Materials Chemistry,4| 2,Natural Sciences| Engineering & Technology,433| 249| 409,Materials Science| Engineering - Petroleum| Chemistry,36| 37,Engineering| Physical Sciences,34,Chemical Sciences,3403| 3402,Macromolecular and materials chemistry| Inorganic chemistry,-,Metal-Organic Frameworks in Environmental Applications,99,98.496,Metal Organic Frameworks in Gas Storage Applications,74,99.688,Very Good,2019.0,12.0,N/A,"Jurado-Vázquez, T.| Sánchez-González, E.| Campos-Reales-Pineda, A.E.| Islas-Jácome, A.| Lima, E.| González-Zamora, E.| Ibarra, I.A.",Benemerita Universidad Autonoma de Puebla| Universidad Autónoma Metropolitana| Universidad Nacional Autónoma de México,Mexico,0
55000477500,55000477500,Al(iii)-based MOF for the selective adsorption of phosphate and arsenate from aqueous solutions,"Obeso, J.L.| Viltres, H.| Flores, C.V.| López-Cervantes, V.B.| Serrano-Fuentes, C.| Rajabzadeh, A.R.| Srinivasan, S.| Peralta, R.A.| Ibarra, I.A.| Leyva, C.",10.0,57580822200| 57193744866| 58023746200| 57203690559| 58418464300| 54888758900| 35249484900| 56879898700| 55000477500| 15829455800,2024.0,2024-01-17,RSC Applied Interfaces,1,1,147-154,-,ISSN-27553701,21101278532.0,Journal,Royal Society of Chemistry,English,-,-,0.5,89,-,-,0.26,4.0,12.0,1.52,7.91,12.0,19.0,0.0,0.0,"Obeso, J.L., Viltres, H., Flores, C.V. and 7 more (...) (2024).Al(iii)-based MOF for the selective adsorption of phosphate and arsenate from aqueous solutions. RSC Applied Interfaces,1(1) 147-154",https://www.scopus.com/record/display.url?eid=2-s2.0-105010902716&origin=resultslist,10.1039/d3lf00061c,Article,Gold,2-s2.0-105010902716,-,McMaster University| Universidad Autónoma Metropolitana| Instituto Politécnico Nacional| Universidad Nacional Autónoma de México,501017| 505017| 505011| 505023,Academic,4.0,60019176| 60005971| 60032442| 60031828| 60014923| 60028381,Instituto Politécnico Nacional| Instituto de Investigaciones en Materiales| Universidad Nacional Autónoma de México| McMaster University| Universidad Autónoma Metropolitana| Universidad Autónoma Metropolitana -Unidad Iztapalapa,57580822200,15829455800,56879898700| 55000477500| 15829455800,-,Mexico| Canada,2.0,2501| 2503| 2505| 2508,"Materials Science (miscellaneous)| Ceramics and Composites| Materials Chemistry| Surfaces, Coatings and Films",2| 4,Engineering & Technology| Natural Sciences,433,Materials Science,36,Engineering,-,-,-,-,-,Adsorption Mechanisms for Metal Ion Removal,54,98.234,Phosphate Adsorption Mechanisms in Water Treatment,3509,99.371,Definitive,2024.0,12.0,N/A,"Obeso, J.L.| Viltres, H.| Flores, C.V.| López-Cervantes, V.B.| Serrano-Fuentes, C.| Rajabzadeh, A.R.| Srinivasan, S.| Peralta, R.A.| Ibarra, I.A.| Leyva, C.",McMaster University| Universidad Autónoma Metropolitana| Instituto Politécnico Nacional| Universidad Nacional Autónoma de México,Mexico| Canada,0
55000477500,55000477500,HKUST-1 as a heterogeneous catalyst for the synthesis of vanillin,"Yépez, R.| Illescas, J.F.| Gijón, P.| Sánchez-Sánchez, M.| González-Zamora, E.| Santillan, R.| Raziel Álvarez, J.| Ibarra, I.A.| Aguilar-Pliego, J.",9.0,35084708300| 47861182100| 57190422372| 15763667700| 55989686000| 35515968200| 56982347300| 55000477500| 56013754600,2016.0,2016-07-23,Journal of Visualized Experiments,2016,113,-,e54054,ISSN-1940087X,19900191993.0,Journal,Journal of Visualized Experiments,English,0.46,65,2.1,39,0.867,15,4.42,115.0,11.0,0.27,11.15,40.0,58.0,0.0,0.0,"Yépez, R., Illescas, J.F., Gijón, P. and 6 more (...) (2016).HKUST-1 as a heterogeneous catalyst for the synthesis of vanillin. Journal of Visualized Experiments,2016(113) ",https://www.scopus.com/record/display.url?eid=2-s2.0-84979895698&origin=resultslist,10.3791/54054,Article,,2-s2.0-84979895698,27501027,Universidad Autónoma Metropolitana| Universidad Nacional Autónoma de México,505017| 505023,Academic,2.0,60023193| 117075229| 60028381| 117075245| 60032442,Universidad Autónoma Metropolitana - Azcapotzalco| ICP-CSIC| Universidad Autónoma Metropolitana -Unidad Iztapalapa| Center of Investigation and Superior Studies (IPN| Universidad Nacional Autónoma de México,35084708300,56013754600,55000477500,-,Mexico,1.0,1300| 1500| 2400| 2800,"General Biochemistry,Genetics and Molecular Biology| General Chemical Engineering| General Immunology and Microbiology| General Neuroscience",5| 2,Life Sciences & Medicine| Engineering & Technology,507| 532| 219,Biological Sciences| Medicine| Engineering - Chemical,32| 36| 34,Life Sciences| Engineering| Medical and Health,31,Biological Sciences,3101,Biochemistry and cell biology,-,Metal-Organic Frameworks in Environmental Applications,99,98.496,Metal Organic Frameworks in Gas Storage Applications,74,99.688,Definitive,2016.0,11.0,N/A,"Yépez, R.| Illescas, J.F.| Gijón, P.| Sánchez-Sánchez, M.| González-Zamora, E.| Santillan, R.| Raziel Álvarez, J.| Ibarra, I.A.| Aguilar-Pliego, J.",Universidad Autónoma Metropolitana| Universidad Nacional Autónoma de México,Mexico,0
55000477500,55000477500,"Synthesis of bis-furyl-pyrrolo[3,4-b]pyridin-5-ones via Ugi-Zhu reaction and in vitro activity assays against human SARS-CoV-2 and in silico studies on its main proteins","Morales-Salazar, I.| Montes-Enríquez, F.P.| Garduño-Albino, C.E.| García-Sánchez, M.A.| Ibarra, I.A.| Rojas-Aguirre, Y.| García-Hernández, M.E.| Sarmiento-Silva, R.E.| Alcaraz-Estrada, S.L.| Díaz-Cervantes, E.| González-Zamora, E.| Islas-Jácome, A.",12.0,57210142617| 57995072300| 57994753200| 7005999404| 55000477500| 36696912900| 57190018498| 7006766335| 56047021500| 55856094600| 55989686000| 48161545400,2022.0,2022-11-18,RSC Medicinal Chemistry,14,1,154-165,-,ISSN-26328682,21100977423.0,Journal,Royal Society of Chemistry,English,1.11,25,7.5,16,0.866,12,1.15,22.0,11.0,0.84,11.93,28.0,34.0,0.0,0.0,"Morales-Salazar, I., Montes-Enríquez, F.P., Garduño-Albino, C.E. and 9 more (...) (2022).Synthesis of bis-furyl-pyrrolo[3,4-b]pyridin-5-ones via Ugi-Zhu reaction and in vitro activity assays against human SARS-CoV-2 and in silico studies on its main proteins. RSC Medicinal Chemistry,14(1) 154-165",https://www.scopus.com/record/display.url?eid=2-s2.0-85143434106&origin=resultslist,10.1039/d2md00350c,Article,Green,2-s2.0-85143434106,-,Universidad de Guanajuato| Universidad Autónoma Metropolitana| Universidad Nacional Autónoma de México,505020| 505017| 505023,Academic,3.0,60028381| 60005971| 60032442| 60022869| 60000123| 60001570| 60033291,"Universidad Autónoma Metropolitana -Unidad Iztapalapa| Instituto de Investigaciones en Materiales| Universidad Nacional Autónoma de México| Universidad Nacional Autónoma de México, Facultad de Medicina| Hospital 20 de Noviembre| Instituto de Seguridad y Servicios Sociales de los Trabajadores del Estado - ISSSTE| Universidad de Guanajuato",57210142617,48161545400,56047021500| 55856094600| 55989686000| 48161545400,-,Mexico,1.0,1303| 1313| 1605| 3002| 3003| 3004,Biochemistry| Molecular Medicine| Organic Chemistry| Drug Discovery| Pharmaceutical Science| Pharmacology,2| 4| 5,Engineering & Technology| Natural Sciences| Life Sciences & Medicine,409| 537| 532| 249| 507,Chemistry| Pharmacy & Pharmacology| Medicine| Engineering - Petroleum| Biological Sciences,32| 37| 34,Life Sciences| Physical Sciences| Medical and Health,34| 31| 32,Chemical Sciences| Biological Sciences| Biomedical And Clinical Sciences,3404| 3101| 3205,Medicinal and biomolecular chemistry| Biochemistry and cell biology| Medical biochemistry and metabolomics,SDG 3,Multicomponent Reactions in Antimicrobial and Anticancer Development,945,47.09,Innovative Multicomponent Reactions with Isocyanides,3597,91.969,Defensible,2022.0,11.0,N/A,"Morales-Salazar, I.| Montes-Enríquez, F.P.| Garduño-Albino, C.E.| García-Sánchez, M.A.| Ibarra, I.A.| Rojas-Aguirre, Y.| García-Hernández, M.E.| Sarmiento-Silva, R.E.| Alcaraz-Estrada, S.L.| Díaz-Cervantes, E.| González-Zamora, E.| Islas-Jácome, A.",Universidad de Guanajuato| Universidad Autónoma Metropolitana| Universidad Nacional Autónoma de México,Mexico,0
55000477500,55000477500,Copper release by MOF-74(Cu): a novel pharmacological alternative to diseases with deficiency of a vital oligoelement,"Aguila-Rosas, J.| García-Martínez, B.A.| Ríos, C.| Diaz-Ruiz, A.| Obeso, J.L.| Quirino-Barreda, C.T.| Ibarra, I.A.| Guzmán-Vargas, A.| Lima, E.",9.0,57189875920| 57056376500| 7101933223| 55993788200| 57580822200| 24449575800| 55000477500| 6507649596| 7103348371,2024.0,2024-01-02,RSC Advances,14,2,855-862,-,ISSN-20462069,21100199840.0,Journal,Royal Society of Chemistry,English,0.96,32,7.6,21,0.777,23,3.89,58.0,10.0,1.04,9.58,14.0,28.0,0.0,0.0,"Aguila-Rosas, J., García-Martínez, B.A., Ríos, C. and 6 more (...) (2024).Copper release by MOF-74(Cu): a novel pharmacological alternative to diseases with deficiency of a vital oligoelement. RSC Advances,14(2) 855-862",https://www.scopus.com/record/display.url?eid=2-s2.0-85183026386&origin=resultslist,10.1039/d3ra07109j,Article,Gold|Green,2-s2.0-85183026386,-,Universidad Autónoma Metropolitana| Instituto Nacional de Rehabilitación| Instituto Nacional de Neurologia y Neurocirugia| Instituto Politécnico Nacional| Universidad Nacional Autónoma de México,505017| 715278| 505040| 505011| 505023,Medical| Academic| Government,5.0,60032442| 60005971| 60010210| 60084250| 60000029| 60019176| 60006489,Universidad Nacional Autónoma de México| Instituto de Investigaciones en Materiales| Universidad Autónoma Metropolitana Unidad Xochimilco| Instituto Nacional de Rehabilitación| Instituto Nacional de Neurología y Neurocirugía| Instituto Politécnico Nacional| Escuela Superior de Ingenieria Quimica e Industrias Extractivas,57189875920,7103348371,55000477500| 6507649596| 7103348371,-,Mexico,1.0,1500| 1600,General Chemical Engineering| General Chemistry,2| 4,Engineering & Technology| Natural Sciences,409| 219,Chemistry| Engineering - Chemical,37| 36,Physical Sciences| Engineering,34,Chemical Sciences,-,-,-,Metal-Organic Frameworks in Environmental Applications,99,98.496,Metal Organic Frameworks in Gas Storage Applications,74,99.688,Definitive,2024.0,10.0,N/A,"Aguila-Rosas, J.| García-Martínez, B.A.| Ríos, C.| Diaz-Ruiz, A.| Obeso, J.L.| Quirino-Barreda, C.T.| Ibarra, I.A.| Guzmán-Vargas, A.| Lima, E.",Universidad Autónoma Metropolitana| Instituto Nacional de Rehabilitación| Instituto Nacional de Neurologia y Neurocirugia| Instituto Politécnico Nacional| Universidad Nacional Autónoma de México,Mexico,0
55000477500,55000477500,Non-conventional interactions of N3 inhibitor with the main protease of SARS-CoV and SARS-CoV-2,"García-Gutiérrez, P.| Zubillaga, R.A.| Ibarra, I.A.| Martínez, A.| Vargas, R.| Garza, J.",6.0,7801588106| 6602332270| 55000477500| 7404025645| 55989742600| 57204698538,2021.0,2021-01-01,Computational and Structural Biotechnology Journal,19,-,4669-4675,-,ISSN-20010370,21100318415.0,Journal,Elsevier B.V.,English,1.36,17,6,24,1.538,6,0.37,9.0,10.0,0.56,14.37,36.0,45.0,0.0,0.0,"García-Gutiérrez, P., Zubillaga, R.A., Ibarra, I.A. and 3 more (...) (2021).Non-conventional interactions of N3 inhibitor with the main protease of SARS-CoV and SARS-CoV-2. Computational and Structural Biotechnology Journal,194669-4675",https://www.scopus.com/record/display.url?eid=2-s2.0-85113305130&origin=resultslist,10.1016/j.csbj.2021.08.015,Article,Gold|Green,2-s2.0-85113305130,-,Universidad Autónoma Metropolitana| Universidad Nacional Autónoma de México,505017| 505023,Academic,2.0,60028381| 60032442| 60005971,Universidad Autónoma Metropolitana -Unidad Iztapalapa| Universidad Nacional Autónoma de México| Instituto de Investigaciones en Materiales,7801588106,57204698538,55989742600,-,Mexico,1.0,1303| 1304| 1305| 1311| 1315| 1706,Biochemistry| Biophysics| Biotechnology| Genetics| Structural Biology| Computer Science Applications,2| 5,Engineering & Technology| Life Sciences & Medicine,213| 212| 507,Data Science| Computer Science & Information Systems| Biological Sciences,38| 32,Computer Science| Life Sciences,31| 46,Biological Sciences| Information And Computing Sciences,4601| 3101,Applied computing| Biochemistry and cell biology,SDG 3,"COVID-19, Its Impact, and Vaccination",1,99.935,Targeting SARS Coronavirus Proteases for Antiviral Development,2341,99.603,Very Good,2021.0,10.0,N/A,"García-Gutiérrez, P.| Zubillaga, R.A.| Ibarra, I.A.| Martínez, A.| Vargas, R.| Garza, J.",Universidad Autónoma Metropolitana| Universidad Nacional Autónoma de México,Mexico,0
55000477500,55000477500,"Analyzing the interaction energy between dopaminergic agents and DRD2: Is there any difference between risperidone (antagonist), aripiprazole (partial agonist) and pramipexole (agonist)?","Goode-Romero, G.| Dominguez, L.| Vargas, R.| Ibarra, I.A.| Martínez, A.",5.0,57220586877| 57190401060| 55989742600| 55000477500| 7404025645,2021.0,2021-03-01,Computational and Theoretical Chemistry,1197,-,-,113125,ISSN-2210271X,21000196008.0,Journal,Elsevier B.V.,English,0.55,61,3.1,52,0.346,60,0.9,20.0,10.0,0.72,12.48,36.0,38.0,0.0,0.0,"Goode-Romero, G., Dominguez, L., Vargas, R. and 2 more (...) (2021).Analyzing the interaction energy between dopaminergic agents and DRD2: Is there any difference between risperidone (antagonist), aripiprazole (partial agonist) and pramipexole (agonist)?. Computational and Theoretical Chemistry,1197",https://www.scopus.com/record/display.url?eid=2-s2.0-85098989487&origin=resultslist,10.1016/j.comptc.2020.113125,Article,,2-s2.0-85098989487,-,Universidad Autónoma Metropolitana| Universidad Nacional Autónoma de México,505017| 505023,Academic,2.0,60032442| 60028381,Universidad Nacional Autónoma de México| Universidad Autónoma Metropolitana -Unidad Iztapalapa,57220586877,7404025645,7404025645,-,Mexico,1.0,1303| 1606| 3104,Biochemistry| Physical and Theoretical Chemistry| Condensed Matter Physics,5| 4| 2,Life Sciences & Medicine| Natural Sciences| Engineering & Technology,249| 439| 409| 507,Engineering - Petroleum| Physics & Astronomy| Chemistry| Biological Sciences,32| 37,Life Sciences| Physical Sciences,34,Chemical Sciences,3406| 3407,Physical chemistry| Theoretical and computational chemistry,-,Cognitive and Physical Health in Schizophrenia,35,77.763,Understanding Schizophrenia throughFirst Rank Symptoms,59350,30.108,Defensible,2021.0,10.0,N/A,"Goode-Romero, G.| Dominguez, L.| Vargas, R.| Ibarra, I.A.| Martínez, A.",Universidad Autónoma Metropolitana| Universidad Nacional Autónoma de México,Mexico,0
55000477500,55000477500,"Synthesis of polyheterocyclic pyrrolo[3,4-b]pyridin-5-ones via a one-pot (Ugi-3CR/aza diels-alder/N-acylation/aromatization/SN2) process. A suitable alternative towards novel Aza-analogues of falipamil","Zamudio-Medina, A.| García-González, A.N.| Herrera-Carrillo, G.K.| Zárate-Zárate, D.| Benavides-Macías, A.| Tamariz, J.| Ibarra, I.A.| Islas-Jácome, A.| González-Zamora, E.",9.0,36188956400| 57201431883| 57201434839| 56728799400| 7004263190| 7003851509| 55000477500| 48161545400| 55989686000,2018.0,2018-01-01,Molecules,23,4,-,763,ISSN-14203049,26370.0,Journal,MDPI AG,English,1.23,20,4.1,22,0.757,19,1.0,34.0,10.0,0.35,11.45,41.0,55.0,0.0,0.0,"Zamudio-Medina, A., García-González, A.N., Herrera-Carrillo, G.K. and 6 more (...) (2018).Synthesis of polyheterocyclic pyrrolo[3,4-b]pyridin-5-ones via a one-pot (Ugi-3CR/aza diels-alder/N-acylation/aromatization/SN2) process. A suitable alternative towards novel Aza-analogues of falipamil. Molecules,23(4) ",https://www.scopus.com/record/display.url?eid=2-s2.0-85044733474&origin=resultslist,10.3390/molecules23040763,Article,Gold|Green,2-s2.0-85044733474,29584639,Universidad Autónoma Metropolitana| Instituto Politécnico Nacional| Universidad Nacional Autónoma de México,505017| 505011| 505023,Academic,3.0,60019176| 60028381| 60032442,Instituto Politécnico Nacional| Universidad Autónoma Metropolitana -Unidad Iztapalapa| Universidad Nacional Autónoma de México,36188956400,55989686000,55000477500,-,Mexico,1.0,1313| 1601| 1602| 1605| 1606| 3002| 3003,Molecular Medicine| Chemistry (miscellaneous)| Analytical Chemistry| Organic Chemistry| Physical and Theoretical Chemistry| Drug Discovery| Pharmaceutical Science,4| 2| 5,Natural Sciences| Engineering & Technology| Life Sciences & Medicine,409| 532| 249| 537,Chemistry| Medicine| Engineering - Petroleum| Pharmacy & Pharmacology,34| 32| 37,Medical and Health| Life Sciences| Physical Sciences,34,Chemical Sciences,3404| 3405,Medicinal and biomolecular chemistry| Organic chemistry,-,Multicomponent Reactions in Antimicrobial and Anticancer Development,945,47.09,Innovative Multicomponent Reactions with Isocyanides,3597,91.969,Very Good,2018.0,10.0,N/A,"Zamudio-Medina, A.| García-González, A.N.| Herrera-Carrillo, G.K.| Zárate-Zárate, D.| Benavides-Macías, A.| Tamariz, J.| Ibarra, I.A.| Islas-Jácome, A.| González-Zamora, E.",Universidad Autónoma Metropolitana| Instituto Politécnico Nacional| Universidad Nacional Autónoma de México,Mexico,0
55000477500,55000477500,SO2 Capture and Detection by SBA-15 and Amine-Functionalized SBA-15,"Obeso, J.L.| López-Cervantes, V.B.| Ojeda-López, R.| Yañez-Aulestia, A.| Cordero-Sánchez, S.| Sánchez-González, E.| Novelo-Peralta, O.| Reyes Morales, K.E.| Solís-Ibarra, D.| Ibarra, I.A.| Esparza-Schulz, J.M.",11.0,57580822200| 57203690559| 56199311900| 57202224096| 6701329965| 24172136000| 56013708300| 57201320781| 35099497400| 55000477500| 55856922200,2024.0,2024-02-07,Industrial and Engineering Chemistry Research,63,5,2223-2230,-,ISSN-08885885,13057.0,Journal,American Chemical Society,English,0.93,34,6.7,20,0.828,21,4.07,69.0,9.0,0.93,9.65,16.0,31.0,0.0,0.0,"Obeso, J.L., López-Cervantes, V.B., Ojeda-López, R. and 8 more (...) (2024).SO2 Capture and Detection by SBA-15 and Amine-Functionalized SBA-15. Industrial and Engineering Chemistry Research,63(5) 2223-2230",https://www.scopus.com/record/display.url?eid=2-s2.0-85183997437&origin=resultslist,10.1021/acs.iecr.3c03708,Article,Hybrid gold,2-s2.0-85183997437,-,Universidad Autónoma Metropolitana| Instituto Politécnico Nacional| Universidad Nacional Autónoma de México,505017| 505011| 505023,Academic,3.0,60019176| 60032442| 60005971| 60028381,Instituto Politécnico Nacional| Universidad Nacional Autónoma de México| Instituto de Investigaciones en Materiales| Universidad Autónoma Metropolitana -Unidad Iztapalapa,57580822200,55856922200,35099497400| 55000477500| 55856922200,-,Mexico,1.0,1500| 1600| 2209,General Chemical Engineering| General Chemistry| Industrial and Manufacturing Engineering,2| 4,Engineering & Technology| Natural Sciences,222| 409| 219,Engineering - Mechanical| Chemistry| Engineering - Chemical,36| 37,Engineering| Physical Sciences,40| 34,Engineering| Chemical Sciences,-,-,-,Metal-Organic Frameworks in Environmental Applications,99,98.496,Tailored MOFs for Selective Gas Adsorption,19124,99.42,Definitive,2024.0,9.0,N/A,"Obeso, J.L.| López-Cervantes, V.B.| Ojeda-López, R.| Yañez-Aulestia, A.| Cordero-Sánchez, S.| Sánchez-González, E.| Novelo-Peralta, O.| Reyes Morales, K.E.| Solís-Ibarra, D.| Ibarra, I.A.| Esparza-Schulz, J.M.",Universidad Autónoma Metropolitana| Instituto Politécnico Nacional| Universidad Nacional Autónoma de México,Mexico,0
55000477500,55000477500,Cellulose with a high fractal dimension is easily hydrolysable under acid catalysis,"Díaz, M.| Hernández, M.| Ibarra, I.A.| Guzmán, A.| Lara, V.| Lima, E.",6.0,57209578929| 55882134300| 55000477500| 6507649596| 7004454749| 7103348371,2017.0,2017-05-19,Catalysts,7,5,-,162,ISSN-20734344,21100332402.0,Journal,MDPI,English,1.03,27,3,54,0.855,29,0.93,34.0,8.0,0.27,14.62,46.0,59.0,0.0,0.0,"Díaz, M., Hernández, M., Ibarra, I.A. and 3 more (...) (2017).Cellulose with a high fractal dimension is easily hydrolysable under acid catalysis. Catalysts,7(5) ",https://www.scopus.com/record/display.url?eid=2-s2.0-85019765145&origin=resultslist,10.3390/catal7050162,Article,Gold|Green,2-s2.0-85019765145,-,Universidad Autónoma Metropolitana| Instituto Politécnico Nacional| Universidad Nacional Autónoma de México,505017| 505011| 505023,Academic,3.0,60032442| 60005971| 60019176| 60006489| 60028381,Universidad Nacional Autónoma de México| Instituto de Investigaciones en Materiales| Instituto Politécnico Nacional| Escuela Superior de Ingenieria Quimica e Industrias Extractivas| Universidad Autónoma Metropolitana -Unidad Iztapalapa,57209578929,7103348371,7103348371,-,Mexico,1.0,1503| 1606,Catalysis| Physical and Theoretical Chemistry,2| 4,Engineering & Technology| Natural Sciences,219| 249| 409,Engineering - Chemical| Engineering - Petroleum| Chemistry,37| 36,Physical Sciences| Engineering,34| 40,Chemical Sciences| Engineering,3406| 4004| 4018,Physical chemistry| Chemical engineering| Nanotechnology,-,Biomass Conversion and Catalytic Innovations,49,98.103,Catalytic Conversion of Cellulose to Polyols,11354,95.151,Very Good,2017.0,8.0,N/A,"Díaz, M.| Hernández, M.| Ibarra, I.A.| Guzmán, A.| Lara, V.| Lima, E.",Universidad Autónoma Metropolitana| Instituto Politécnico Nacional| Universidad Nacional Autónoma de México,Mexico,0
55000477500,55000477500,From pollution to energy storage: leveraging hydrogen sulfide with SU-101 cathodes in lithium-sulfur batteries,"Marquez, R.A.| Obeso, J.L.| Vaidyula, R.R.| López-Cervantes, V.B.| Peralta, R.A.| Marín Rosas, P.| de los Reyes, J.A.| Mullins, C.B.| Ibarra, I.A.",9.0,57852463800| 57580822200| 57209267370| 57203690559| 56879898700| 59180467900| 6701672264| 55234573000| 55000477500,2024.0,2024-06-14,Journal of Materials Chemistry A,12,47,32735-32744,-,ISSN-20507488,21100232403.0,Journal,Royal Society of Chemistry,English,1.33,16,16.7,7,2.462,8,1.67,29.0,8.0,0.72,11.17,18.0,38.0,0.0,0.0,"Marquez, R.A., Obeso, J.L., Vaidyula, R.R. and 6 more (...) (2024).From pollution to energy storage: leveraging hydrogen sulfide with SU-101 cathodes in lithium-sulfur batteries. Journal of Materials Chemistry A,12(47) 32735-32744",https://www.scopus.com/record/display.url?eid=2-s2.0-85196553286&origin=resultslist,10.1039/d4ta03620d,Article,Hybrid gold,2-s2.0-85196553286,-,University of Texas at Austin| Universidad Autónoma Metropolitana| Instituto Politécnico Nacional| Universidad Nacional Autónoma de México,508345| 505017| 505011| 505023,Academic,4.0,60013372| 60005971| 60032442| 60019176| 60028381| 60150401| 60150533,The University of Texas at Austin| Instituto de Investigaciones en Materiales| Universidad Nacional Autónoma de México| Instituto Politécnico Nacional| Universidad Autónoma Metropolitana -Unidad Iztapalapa| Cockrell School of Engineering| Texas Materials Institute,57852463800,55000477500,57852463800| 55234573000| 55000477500,-,Mexico| United States,2.0,1600| 2105| 2500,"General Chemistry| Renewable Energy, Sustainability and the Environment| General Materials Science",4| 2,Natural Sciences| Engineering & Technology,433| 221| 409,Materials Science| Engineering - Electrical & Electronic| Chemistry,36| 37,Engineering| Physical Sciences,40| 34,Engineering| Chemical Sciences,4016| 4004| 3403,Materials engineering| Chemical engineering| Macromolecular and materials chemistry,SDG 7,High-Performance Materials for Lithium Batteries,96,99.608,Lithium-Sulfur Battery Performance,51,99.96,Definitive,2024.0,8.0,N/A,"Marquez, R.A.| Obeso, J.L.| Vaidyula, R.R.| López-Cervantes, V.B.| Peralta, R.A.| Marín Rosas, P.| de los Reyes, J.A.| Mullins, C.B.| Ibarra, I.A.",University of Texas at Austin| Universidad Autónoma Metropolitana| Instituto Politécnico Nacional| Universidad Nacional Autónoma de México,Mexico| United States,0
55000477500,55000477500,A detailed description of the CO molecule adsorbed in InOF-1,"Landeros-Rivera, B.| Ibarra, I.A.| Díaz-Ramírez, M.L.| Vargas, R.| Lara-García, H.A.| Garza, J.| Martínez, A.",7.0,57192995930| 55000477500| 57209578929| 55989742600| 56285455400| 57204698538| 7404025645,2020.0,2020-04-21,Physical Chemistry Chemical Physics,22,15,7969-7974,-,ISSN-14639076,27011.0,Journal,Royal Society of Chemistry,English,0.97,34,6.1,13,1.053,17,1.44,42.0,8.0,0.38,13.25,45.0,53.0,0.0,0.0,"Landeros-Rivera, B., Ibarra, I.A., Díaz-Ramírez, M.L. and 4 more (...) (2020).A detailed description of the CO molecule adsorbed in InOF-1. Physical Chemistry Chemical Physics,22(15) 7969-7974",https://www.scopus.com/record/display.url?eid=2-s2.0-85083544324&origin=resultslist,10.1039/d0cp00579g,Article,,2-s2.0-85083544324,32236261,Universidad Autónoma Metropolitana| Universidad Nacional Autónoma de México,505017| 505023,Academic,2.0,60028381| 60032442| 60005971,Universidad Autónoma Metropolitana -Unidad Iztapalapa| Universidad Nacional Autónoma de México| Instituto de Investigaciones en Materiales,57192995930,7404025645,55989742600,-,Mexico,1.0,1606| 3100,Physical and Theoretical Chemistry| General Physics and Astronomy,2| 4,Engineering & Technology| Natural Sciences,249| 439| 409,Engineering - Petroleum| Physics & Astronomy| Chemistry,37,Physical Sciences,34| 51| 40,Chemical Sciences| Physical Sciences| Engineering,-,-,-,Quantum Chemistry and Molecular Interaction Insights,8,83.453,Quantum Theory and Electron Density in Chemical Bonding,9726,87.792,Defensible,2020.0,8.0,N/A,"Landeros-Rivera, B.| Ibarra, I.A.| Díaz-Ramírez, M.L.| Vargas, R.| Lara-García, H.A.| Garza, J.| Martínez, A.",Universidad Autónoma Metropolitana| Universidad Nacional Autónoma de México,Mexico,0
55000477500,55000477500,Identification of the preferential CO and SO2adsorption sites within NOTT-401,"Rivera-Almazo, M.| Díaz-Ramírez, M.L.| Hernández-Esparza, R.| Vargas, R.| Martínez, A.| Martis, V.| Sáenz-Cavazos, P.A.| Williams, D.| Lima, E.| Ibarra, I.A.| Garza, J.",11.0,57200856573| 57209578929| 56587874900| 55989742600| 7404025645| 34973230300| 57204199284| 55574201884| 7103348371| 55000477500| 57204698538,2021.0,2021-01-14,Physical Chemistry Chemical Physics,23,2,1454-1463,-,ISSN-14639076,27011.0,Journal,Royal Society of Chemistry,English,0.94,36,6.3,16,0.899,20,1.66,35.0,8.0,0.54,13.02,41.0,46.0,0.0,0.0,"Rivera-Almazo, M., Díaz-Ramírez, M.L., Hernández-Esparza, R. and 8 more (...) (2021).Identification of the preferential CO and SO2adsorption sites within NOTT-401. Physical Chemistry Chemical Physics,23(2) 1454-1463",https://www.scopus.com/record/display.url?eid=2-s2.0-85100280520&origin=resultslist,10.1039/d0cp04668j,Article,,2-s2.0-85100280520,33399155,McMaster University| Universidad Autónoma Metropolitana| Imperial College London| Universidad Nacional Autónoma de México,501017| 505017| 315018| 505023,Academic,4.0,60028381| 60032442| 60031828| 60175955| 60015150,Universidad Autónoma Metropolitana -Unidad Iztapalapa| Universidad Nacional Autónoma de México| McMaster University| Surface Measurement Systems Ltd.| Imperial College London,57200856573,57204698538,7103348371| 55000477500| 57204698538,-,United Kingdom| Mexico| Canada,3.0,1606| 3100,Physical and Theoretical Chemistry| General Physics and Astronomy,2| 4,Engineering & Technology| Natural Sciences,249| 439| 409,Engineering - Petroleum| Physics & Astronomy| Chemistry,37,Physical Sciences,40| 34| 51,Engineering| Chemical Sciences| Physical Sciences,-,-,-,Carbon-Based Membranes for Enhanced Gas Separation,650,81.099,Adsorption Mechanisms for Carbon Monoxide Separation,49080,78.525,Defensible,2021.0,8.0,N/A,"Rivera-Almazo, M.| Díaz-Ramírez, M.L.| Hernández-Esparza, R.| Vargas, R.| Martínez, A.| Martis, V.| Sáenz-Cavazos, P.A.| Williams, D.| Lima, E.| Ibarra, I.A.| Garza, J.",McMaster University| Universidad Autónoma Metropolitana| Imperial College London| Universidad Nacional Autónoma de México,United Kingdom| Mexico| Canada,0
55000477500,55000477500,Encapsulation of dopamine within SU-101: insights by computational chemistry,"Medel, E.| Obeso, J.L.| Serrano-Fuentes, C.| Garza, J.| Ibarra, I.A.| Leyva, C.| Inge, A.K.| Martínez, A.| Vargas, R.",9.0,58203644300| 57580822200| 58418464300| 57204698538| 55000477500| 15829455800| 54883630500| 7404025645| 55989742600,2023.0,2023-06-16,Chemical Communications,59,56,8684-8687,-,ISSN-13597345,22781.0,Journal,Royal Society of Chemistry,English,0.79,41,8.6,13,1.133,9,2.43,48.0,8.0,0.6,13.3,28.0,43.0,0.0,0.0,"Medel, E., Obeso, J.L., Serrano-Fuentes, C. and 6 more (...) (2023).Encapsulation of dopamine within SU-101: insights by computational chemistry. Chemical Communications,59(56) 8684-8687",https://www.scopus.com/record/display.url?eid=2-s2.0-85163798382&origin=resultslist,10.1039/d3cc02304d,Article,Green,2-s2.0-85163798382,37345452,CSIC| CSIC - National Museum of Natural Sciences| Universidad Autónoma Metropolitana| Instituto Politécnico Nacional| Universidad Nacional Autónoma de México| Stockholm University,312004| 715444| 505017| 505011| 505023| 332014,Academic| Government,6.0,60028381| 60019176| 60005971| 60032442| 60028378| 60015098,Universidad Autónoma Metropolitana -Unidad Iztapalapa| Instituto Politécnico Nacional| Instituto de Investigaciones en Materiales| Universidad Nacional Autónoma de México| Stockholms universitet| CSIC - Museo Nacional de Ciencias Naturales (MNCN),58203644300,55989742600,57204698538| 7404025645| 55989742600,-,Mexico| Spain| Sweden,3.0,1503| 1600| 2503| 2504| 2505| 2506| 2508,"Catalysis| General Chemistry| Ceramics and Composites| Electronic, Optical and Magnetic Materials| Materials Chemistry| Metals and Alloys| Surfaces, Coatings and Films",4| 2,Natural Sciences| Engineering & Technology,409| 219| 249| 433,Chemistry| Engineering - Chemical| Engineering - Petroleum| Materials Science,36| 37,Engineering| Physical Sciences,40| 34,Engineering| Chemical Sciences,-,-,-,Metal-Organic Frameworks in Environmental Applications,99,98.496,Metal Organic Frameworks in Targeted Drug Delivery,31745,98.641,Definitive,2023.0,8.0,N/A,"Medel, E.| Obeso, J.L.| Serrano-Fuentes, C.| Garza, J.| Ibarra, I.A.| Leyva, C.| Inge, A.K.| Martínez, A.| Vargas, R.",CSIC| CSIC - National Museum of Natural Sciences| Universidad Autónoma Metropolitana| Instituto Politécnico Nacional| Universidad Nacional Autónoma de México| Stockholm University,Mexico| Spain| Sweden,0
55000477500,55000477500,SO2 Capture at Low Pressure in a Prototypical MIL-53 Aluminum MOF Family: The Influence of Pore Expansion,"López-Olvera, A.| Zárate, J.A.| Obeso, J.L.| Sánchez-González, E.| de los Reyes, J.A.| Peralta, R.A.| González-Zamora, E.| Ibarra, I.A.",8.0,57192953714| 57207870668| 57580822200| 24172136000| 6701672264| 56879898700| 55989686000| 55000477500,2023.0,2023-12-25,Inorganic Chemistry,62,51,20901-20905,-,ISSN-00201669,25264.0,Journal,American Chemical Society,English,0.89,34,7.6,15,0.928,11,2.33,37.0,8.0,0.85,9.42,28.0,34.0,0.0,0.0,"López-Olvera, A., Zárate, J.A., Obeso, J.L. and 5 more (...) (2023).SO2 Capture at Low Pressure in a Prototypical MIL-53 Aluminum MOF Family: The Influence of Pore Expansion. Inorganic Chemistry,62(51) 20901-20905",https://www.scopus.com/record/display.url?eid=2-s2.0-85180071808&origin=resultslist,10.1021/acs.inorgchem.3c03179,Article,,2-s2.0-85180071808,38085262,Universidad Autónoma Metropolitana| Instituto Politécnico Nacional| Universidad Nacional Autónoma de México| Stockholm University,505017| 505011| 505023| 332014,Academic,4.0,60032442| 60005971| 60028381| 60019176| 60028378,Universidad Nacional Autónoma de México| Instituto de Investigaciones en Materiales| Universidad Autónoma Metropolitana -Unidad Iztapalapa| Instituto Politécnico Nacional| Stockholms universitet,57192953714,55000477500,57192953714| 55989686000| 55000477500,-,Mexico| Sweden,2.0,1604| 1606,Inorganic Chemistry| Physical and Theoretical Chemistry,2| 4,Engineering & Technology| Natural Sciences,409| 249,Chemistry| Engineering - Petroleum,37,Physical Sciences,34,Chemical Sciences,3403| 3402,Macromolecular and materials chemistry| Inorganic chemistry,-,Metal-Organic Frameworks in Environmental Applications,99,98.496,Tailored MOFs for Selective Gas Adsorption,19124,99.42,Definitive,2023.0,8.0,N/A,"López-Olvera, A.| Zárate, J.A.| Obeso, J.L.| Sánchez-González, E.| de los Reyes, J.A.| Peralta, R.A.| González-Zamora, E.| Ibarra, I.A.",Universidad Autónoma Metropolitana| Instituto Politécnico Nacional| Universidad Nacional Autónoma de México| Stockholm University,Mexico| Sweden,0
55000477500,55000477500,Gas-flow activation of MOFs: Unlocking efficient catalysis through dynamic bonding,"Díaz-Ramírez, M.L.| Park, S.H.| Rivera-Almazo, M.| Medel, E.| Peralta, R.A.| Ibarra, I.A.| Vargas, R.| Garza, J.| Jeong, N.C.",9.0,57209578929| 57574017900| 57200856573| 58203644300| 56879898700| 55000477500| 55989742600| 57204698538| 8529179300,2024.0,2024-12-23,Chemical Science,16,6,2581-2588,-,ISSN-20416520,19700200838.0,Journal,Royal Society of Chemistry,English,1.46,13,12.6,10,2.138,9,1.03,15.0,7.0,0.64,10.89,21.0,41.0,0.0,0.0,"Díaz-Ramírez, M.L., Park, S.H., Rivera-Almazo, M. and 6 more (...) (2024).Gas-flow activation of MOFs: Unlocking efficient catalysis through dynamic bonding. Chemical Science,16(6) 2581-2588",https://www.scopus.com/record/display.url?eid=2-s2.0-85214130963&origin=resultslist,10.1039/d4sc07011a,Article,Gold|Green,2-s2.0-85214130963,-,Daegu Gyeongbuk Institute of Science and Technology| Universidad Autónoma Metropolitana| Universidad Nacional Autónoma de México,701404| 505017| 505023,Academic,3.0,60092864| 60014923| 60032442| 60005971,Daegu Gyeongbuk Institute of Science and Technology| Universidad Autónoma Metropolitana| Universidad Nacional Autónoma de México| Instituto de Investigaciones en Materiales,57209578929,8529179300,55989742600| 57204698538| 8529179300,-,South Korea| Mexico,2.0,1600,General Chemistry,4,Natural Sciences,409,Chemistry,37,Physical Sciences,34,Chemical Sciences,-,-,-,Metal-Organic Frameworks in Environmental Applications,99,98.496,Metal Organic Frameworks in Gas Storage Applications,74,99.688,Definitive,2024.0,7.0,N/A,"Díaz-Ramírez, M.L.| Park, S.H.| Rivera-Almazo, M.| Medel, E.| Peralta, R.A.| Ibarra, I.A.| Vargas, R.| Garza, J.| Jeong, N.C.",Daegu Gyeongbuk Institute of Science and Technology| Universidad Autónoma Metropolitana| Universidad Nacional Autónoma de México,South Korea| Mexico,0
55000477500,55000477500,UTSA-16(Zn) for SO2 detection: elucidating the fluorescence mechanism,"López-Cervantes, V.B.| Martínez, M.L.| Obeso, J.L.| García-Carvajal, C.| Portillo-Vélez, N.S.| Guzmán-Vargas, A.| Peralta, R.A.| González-Zamora, E.| Ibarra, I.A.| Solis-Ibarra, D.| Woodliffe, J.L.| Amador-Sánchez, Y.A.",12.0,57203690559| 59472870900| 57580822200| 57205668106| 55777159700| 6507649596| 56879898700| 55989686000| 55000477500| 35099497400| 57219378847| 56010091300,2024.0,2024-12-04,Dalton Transactions,54,4,1646-1654,-,ISSN-14779226,9500153949.0,Journal,Royal Society of Chemistry,English,0.69,49,6,36,0.653,28,2.8,30.0,7.0,1.17,6.01,21.0,25.0,0.0,0.0,"López-Cervantes, V.B., Martínez, M.L., Obeso, J.L. and 9 more (...) (2024).UTSA-16(Zn) for SO2 detection: elucidating the fluorescence mechanism. Dalton Transactions,54(4) 1646-1654",https://www.scopus.com/record/display.url?eid=2-s2.0-85212125876&origin=resultslist,10.1039/d4dt02852j,Article,Green,2-s2.0-85212125876,39665278,"Tecnológico Nacional de México, Mexico City| Consejo Nacional de Investigaciones Científicas y Técnicas| Universidad Autónoma Metropolitana| Universidad Nacional de San Luis| University of Nottingham| Instituto Politécnico Nacional| Universidad Nacional Autónoma de México",719128| 601002| 505017| 601010| 315090| 505011| 505023,Academic| Government,7.0,60005971| 60032442| 60019176| 60134870| 60002218| 60004518| 60028381| 60015138,Instituto de Investigaciones en Materiales| Universidad Nacional Autónoma de México| Instituto Politécnico Nacional| Tecnológico Nacional de México| Universidad Nacional de San Luis| Consejo Nacional de Investigaciones Científicas y Técnicas| Universidad Autónoma Metropolitana -Unidad Iztapalapa| University of Nottingham,57203690559,56010091300,35099497400| 57219378847| 56010091300,-,United Kingdom| Mexico| Argentina,3.0,1604,Inorganic Chemistry,4,Natural Sciences,409,Chemistry,37,Physical Sciences,34,Chemical Sciences,3402,Inorganic chemistry,-,Metal-Organic Frameworks in Environmental Applications,99,98.496,Metal Organic Frameworks in Gas Storage Applications,74,99.688,Definitive,2024.0,7.0,N/A,"López-Cervantes, V.B.| Martínez, M.L.| Obeso, J.L.| García-Carvajal, C.| Portillo-Vélez, N.S.| Guzmán-Vargas, A.| Peralta, R.A.| González-Zamora, E.| Ibarra, I.A.| Solis-Ibarra, D.| Woodliffe, J.L.| Amador-Sánchez, Y.A.","Tecnológico Nacional de México, Mexico City| Consejo Nacional de Investigaciones Científicas y Técnicas| Universidad Autónoma Metropolitana| Universidad Nacional de San Luis| University of Nottingham| Instituto Politécnico Nacional| Universidad Nacional Autónoma de México",United Kingdom| Mexico| Argentina,0
55000477500,55000477500,"Non-covalent interactions in biocompatible platforms for drug delivery: Mg2(olsalazine) Metal-Organic Framework with phenylethylamine, dopamine and sertraline","Medel, E.| Garza, J.| Ibarra, I.A.| Martínez, A.| Vargas, R.",5.0,58203644300| 57204698538| 55000477500| 7404025645| 55989742600,2023.0,2023-10-01,Computational and Theoretical Chemistry,1228,-,-,114265,ISSN-2210271X,21000196008.0,Journal,Elsevier B.V.,English,0.6,55,4.2,40,0.405,50,1.65,30.0,7.0,0.66,10.61,31.0,41.0,0.0,0.0,"Medel, E., Garza, J., Ibarra, I.A. and 2 more (...) (2023).Non-covalent interactions in biocompatible platforms for drug delivery: Mg2(olsalazine) Metal-Organic Framework with phenylethylamine, dopamine and sertraline. Computational and Theoretical Chemistry,1228",https://www.scopus.com/record/display.url?eid=2-s2.0-85167797568&origin=resultslist,10.1016/j.comptc.2023.114265,Article,,2-s2.0-85167797568,-,CSIC| CSIC - National Museum of Natural Sciences| Universidad Autónoma Metropolitana| Universidad Nacional Autónoma de México,312004| 715444| 505017| 505023,Academic| Government,4.0,60028381| 60032442| 60015098,Universidad Autónoma Metropolitana -Unidad Iztapalapa| Universidad Nacional Autónoma de México| CSIC - Museo Nacional de Ciencias Naturales (MNCN),58203644300,55989742600,55989742600,-,Spain| Mexico,2.0,1303| 1606| 3104,Biochemistry| Physical and Theoretical Chemistry| Condensed Matter Physics,5| 2| 4,Life Sciences & Medicine| Engineering & Technology| Natural Sciences,409| 249| 439| 507,Chemistry| Engineering - Petroleum| Physics & Astronomy| Biological Sciences,37| 32,Physical Sciences| Life Sciences,34,Chemical Sciences,3406| 3407,Physical chemistry| Theoretical and computational chemistry,-,Metal-Organic Frameworks in Environmental Applications,99,98.496,Metal Organic Frameworks in Targeted Drug Delivery,31745,98.641,Definitive,2023.0,7.0,N/A,"Medel, E.| Garza, J.| Ibarra, I.A.| Martínez, A.| Vargas, R.",CSIC| CSIC - National Museum of Natural Sciences| Universidad Autónoma Metropolitana| Universidad Nacional Autónoma de México,Spain| Mexico,0
55000477500,55000477500,Isostructural MFM-300(Sc) and MFM-300(In): Adsorption Behavior to Determine Their Differences,"Rivera-Almazo, M.| Perez-Sanchez, E.| Martínez-Ahumada, E.| Martínez, A.| Garza, J.| Ibarra, I.A.| Vargas, R.",7.0,57200856573| 57575516200| 57212137584| 7404025645| 57204698538| 55000477500| 55989742600,2022.0,2022-04-14,Journal of Physical Chemistry C,126,14,6465-6471,-,ISSN-19327447,5200153123.0,Journal,American Chemical Society,English,0.85,39,7,21,1.028,15,1.31,29.0,6.0,0.43,14.1,42.0,53.0,0.0,0.0,"Rivera-Almazo, M., Perez-Sanchez, E., Martínez-Ahumada, E. and 4 more (...) (2022).Isostructural MFM-300(Sc) and MFM-300(In): Adsorption Behavior to Determine Their Differences. Journal of Physical Chemistry C,126(14) 6465-6471",https://www.scopus.com/record/display.url?eid=2-s2.0-85128184504&origin=resultslist,10.1021/acs.jpcc.2c00742,Article,,2-s2.0-85128184504,-,Universidad Autónoma Metropolitana| Universidad Nacional Autónoma de México,505017| 505023,Academic,2.0,60028381| 60005971| 60032442,Universidad Autónoma Metropolitana -Unidad Iztapalapa| Instituto de Investigaciones en Materiales| Universidad Nacional Autónoma de México,57200856573,55989742600,-,-,Mexico,1.0,1606| 2100| 2504| 2508,"Physical and Theoretical Chemistry| General Energy| Electronic, Optical and Magnetic Materials| Surfaces, Coatings and Films",2| 4,Engineering & Technology| Natural Sciences,433| 221| 249| 409,Materials Science| Engineering - Electrical & Electronic| Engineering - Petroleum| Chemistry,36| 37,Engineering| Physical Sciences,34| 40,Chemical Sciences| Engineering,-,-,-,Metal-Organic Frameworks in Environmental Applications,99,98.496,Metal Organic Frameworks in Gas Storage Applications,74,99.688,Definitive,2022.0,6.0,N/A,"Rivera-Almazo, M.| Perez-Sanchez, E.| Martínez-Ahumada, E.| Martínez, A.| Garza, J.| Ibarra, I.A.| Vargas, R.",Universidad Autónoma Metropolitana| Universidad Nacional Autónoma de México,Mexico,0
55000477500,55000477500,SO2 capture enhancement due to confined methanol within MIL-53(Al)-TDC,"Zárate, J.A.| González-Zamora, E.| Ibarra, I.A.| Díaz, G.",4.0,56432561800| 55989686000| 55000477500| 7201671446,2022.0,2022-11-24,Dalton Transactions,52,1,16-19,-,ISSN-14779226,9500153949.0,Journal,Royal Society of Chemistry,English,0.8,42,7.1,17,0.79,16,1.68,32.0,5.0,0.36,11.0,46.0,57.0,0.0,0.0,"Zárate, J.A., González-Zamora, E., Ibarra, I.A. and 1 more (...) (2022).SO2 capture enhancement due to confined methanol within MIL-53(Al)-TDC. Dalton Transactions,52(1) 16-19",https://www.scopus.com/record/display.url?eid=2-s2.0-85143964948&origin=resultslist,10.1039/d2dt03105a,Article,,2-s2.0-85143964948,36472152,Universidad Autónoma Metropolitana| Universidad Nacional Autónoma de México,505017| 505023,Academic,2.0,60032442| 60028381| 60005971,Universidad Nacional Autónoma de México| Universidad Autónoma Metropolitana -Unidad Iztapalapa| Instituto de Investigaciones en Materiales,56432561800,7201671446,55000477500| 7201671446,-,Mexico,1.0,1604,Inorganic Chemistry,4,Natural Sciences,409,Chemistry,37,Physical Sciences,34,Chemical Sciences,3402,Inorganic chemistry,-,Metal-Organic Frameworks in Environmental Applications,99,98.496,Tailored MOFs for Selective Gas Adsorption,19124,99.42,Defensible,2022.0,5.0,N/A,"Zárate, J.A.| González-Zamora, E.| Ibarra, I.A.| Díaz, G.",Universidad Autónoma Metropolitana| Universidad Nacional Autónoma de México,Mexico,0
55000477500,55000477500,Boosted Photocatalytic Activity of Zn/Al-Based Layered Double Hydroxides Through Cobalt Incorporation for Phenol Degradation,"Portillo-Vélez, N.S.| Velásquez-Torres, M.E.| Pérez-Hernández, R.| Ibarra, I.A.| Peralta, R.A.| Tzompantzi, F.",6.0,55777159700| 57910943000| 16480852200| 55000477500| 56879898700| 55993626500,2024.0,2024-04-12,ChemistrySelect,9,14,-,e202304860,ISSN-23656549,21100850505.0,Journal,John Wiley and Sons Inc,English,0.43,69,3,55,0.366,56,2.4,35.0,5.0,0.46,10.89,27.0,49.0,0.0,0.0,"Portillo-Vélez, N.S., Velásquez-Torres, M.E., Pérez-Hernández, R. and 3 more (...) (2024).Boosted Photocatalytic Activity of Zn/Al-Based Layered Double Hydroxides Through Cobalt Incorporation for Phenol Degradation. ChemistrySelect,9(14) ",https://www.scopus.com/record/display.url?eid=2-s2.0-85189958906&origin=resultslist,10.1002/slct.202304860,Article,Hybrid gold,2-s2.0-85189958906,-,Universidad Autónoma Metropolitana| Instituto Nacional de Investigaciones Nucleares| Universidad Nacional Autónoma de México,505017| 505039| 505023,Government| Academic,3.0,60028381| 60010532| 60005971| 60032442,Universidad Autónoma Metropolitana -Unidad Iztapalapa| Instituto Nacional de Investigaciones Nucleares| Instituto de Investigaciones en Materiales| Universidad Nacional Autónoma de México,55777159700,55993626500,55777159700| 56879898700| 55993626500,-,Mexico,1.0,1600,General Chemistry,4,Natural Sciences,409,Chemistry,37,Physical Sciences,34,Chemical Sciences,-,-,-,Photocatalytic Innovations in Carbon Dioxide Reduction,240,99.804,Photocatalytic Innovations in Layered Double Hydroxides,39180,94.103,Definitive,2024.0,5.0,N/A,"Portillo-Vélez, N.S.| Velásquez-Torres, M.E.| Pérez-Hernández, R.| Ibarra, I.A.| Peralta, R.A.| Tzompantzi, F.",Universidad Autónoma Metropolitana| Instituto Nacional de Investigaciones Nucleares| Universidad Nacional Autónoma de México,Mexico,0
55000477500,55000477500,APTES functionalization in SBA-15: the effect on SO2 capture and detection applications,"Obeso, J.L.| López Cervantes, V.B.| Flores, C.V.| García-Carvajal, C.| Garduño-Albino, C.E.| Peralta, R.A.| Trejos, V.M.| Huerta Arcos, L.| Ibarra, I.A.| Solis-Ibarra, D.| Cordero-Sánchez, S.| Portillo-Vélez, N.S.| Esparza-Schulz, J.M.",13.0,57580822200| 57203690559| 58023746200| 57205668106| 57994753200| 56879898700| 14523759900| 6603814057| 55000477500| 35099497400| 6701329965| 55777159700| 55856922200,2024.0,2024-06-29,Dalton Transactions,53,29,12208-12214,-,ISSN-14779226,9500153949.0,Journal,Royal Society of Chemistry,English,0.69,49,6,36,0.653,28,5.88,63.0,5.0,0.83,6.01,27.0,34.0,0.0,0.0,"Obeso, J.L., López Cervantes, V.B., Flores, C.V. and 10 more (...) (2024).APTES functionalization in SBA-15: the effect on SO2 capture and detection applications. Dalton Transactions,53(29) 12208-12214",https://www.scopus.com/record/display.url?eid=2-s2.0-85198069635&origin=resultslist,10.1039/d4dt01283f,Article,,2-s2.0-85198069635,38973674,Consejo Nacional de Investigaciones Científicas y Técnicas| Universidad Autónoma Metropolitana| Universidad Nacional de San Luis| Instituto Politécnico Nacional| Universidad Nacional Autónoma de México,601002| 505017| 601010| 505011| 505023,Academic| Government,5.0,60019176| 60032442| 60005971| 60004518| 60002218| 60028381| 60014923,Instituto Politécnico Nacional| Universidad Nacional Autónoma de México| Instituto de Investigaciones en Materiales| Consejo Nacional de Investigaciones Científicas y Técnicas| Universidad Nacional de San Luis| Universidad Autónoma Metropolitana -Unidad Iztapalapa| Universidad Autónoma Metropolitana,57580822200,55856922200,6701329965| 55777159700| 55856922200,-,Mexico| Argentina,2.0,1604,Inorganic Chemistry,4,Natural Sciences,409,Chemistry,37,Physical Sciences,34,Chemical Sciences,3402,Inorganic chemistry,-,Metal-Organic Frameworks in Environmental Applications,99,98.496,Tailored MOFs for Selective Gas Adsorption,19124,99.42,Definitive,2024.0,5.0,N/A,"Obeso, J.L.| López Cervantes, V.B.| Flores, C.V.| García-Carvajal, C.| Garduño-Albino, C.E.| Peralta, R.A.| Trejos, V.M.| Huerta Arcos, L.| Ibarra, I.A.| Solis-Ibarra, D.| Cordero-Sánchez, S.| Portillo-Vélez, N.S.| Esparza-Schulz, J.M.",Consejo Nacional de Investigaciones Científicas y Técnicas| Universidad Autónoma Metropolitana| Universidad Nacional de San Luis| Instituto Politécnico Nacional| Universidad Nacional Autónoma de México,Mexico| Argentina,0
55000477500,55000477500,Efficient and effective removal of toluene from aqueous solution using MIL-100(Fe),"Flores, C.V.| Obeso, J.L.| Viltres, H.| Peralta, R.A.| Ibarra, I.A.| Leyva, C.",6.0,58023746200| 57580822200| 57193744866| 56879898700| 55000477500| 15829455800,2024.0,2024-07-10,Environmental Science: Water Research and Technology,10,9,2142-2147,-,ISSN-20531400,21100468963.0,Journal,Royal Society of Chemistry,English,0.7,49,6.3,20,0.875,18,1.8,32.0,5.0,0.62,8.01,27.0,42.0,0.0,0.0,"Flores, C.V., Obeso, J.L., Viltres, H. and 3 more (...) (2024).Efficient and effective removal of toluene from aqueous solution using MIL-100(Fe). Environmental Science: Water Research and Technology,10(9) 2142-2147",https://www.scopus.com/record/display.url?eid=2-s2.0-85198920175&origin=resultslist,10.1039/d4ew00503a,Article,Hybrid gold,2-s2.0-85198920175,-,McMaster University| Universidad Autónoma Metropolitana| Instituto Politécnico Nacional| Universidad Nacional Autónoma de México,501017| 505017| 505011| 505023,Academic,4.0,60019176| 60005971| 60032442| 60031828| 60014923| 60028381,Instituto Politécnico Nacional| Instituto de Investigaciones en Materiales| Universidad Nacional Autónoma de México| McMaster University| Universidad Autónoma Metropolitana| Universidad Autónoma Metropolitana -Unidad Iztapalapa,58023746200,15829455800,56879898700| 55000477500| 15829455800,-,Mexico| Canada,2.0,2305| 2312,Environmental Engineering| Water Science and Technology,2,Engineering & Technology,424,Environmental Sciences,37,Physical Sciences,40| 34,Engineering| Chemical Sciences,4004| 4011| 3499,Chemical engineering| Environmental engineering| Other chemical sciences,SDG 6,Carbon-Based Membranes for Enhanced Gas Separation,650,81.099,Activated Carbon Applications in Volatile Organic Compound Removal,14112,97.815,Definitive,2024.0,5.0,N/A,"Flores, C.V.| Obeso, J.L.| Viltres, H.| Peralta, R.A.| Ibarra, I.A.| Leyva, C.",McMaster University| Universidad Autónoma Metropolitana| Instituto Politécnico Nacional| Universidad Nacional Autónoma de México,Mexico| Canada,0
55000477500,55000477500,Understanding the Mechanism of Amorphization for Co-URJC-5,"López-Olvera, A.| Montes-Andrés, H.| Martínez-Ahumada, E.| López-Cervantes, V.B.| Martínez-Serrano, R.D.| González-Zamora, E.| Martínez, A.| Leo, P.| Martos, C.| Ibarra, I.A.| Orcajo, G.",11.0,57192953714| 57201822069| 57212137584| 57203690559| 57218370482| 55989686000| 7404025645| 56155468100| 36796898700| 55000477500| 55566230900,2021.0,2021-11-22,European Journal of Inorganic Chemistry,2021,43,4458-4462,-,ISSN-14341948,25256.0,Journal,John Wiley and Sons Inc,English,0.59,58,4.3,39,0.553,35,1.5,37.0,4.0,0.18,10.87,55.0,68.0,0.0,0.0,"López-Olvera, A., Montes-Andrés, H., Martínez-Ahumada, E. and 8 more (...) (2021).Understanding the Mechanism of Amorphization for Co-URJC-5. European Journal of Inorganic Chemistry,2021(43) 4458-4462",https://www.scopus.com/record/display.url?eid=2-s2.0-85118195423&origin=resultslist,10.1002/ejic.202100664,Article,,2-s2.0-85118195423,-,Universidad Rey Juan Carlos| Universidad Autónoma Metropolitana| Universidad Nacional Autónoma de México,312044| 505017| 505023,Academic,3.0,60005971| 60032442| 60018940| 60028381| 60005847,"Instituto de Investigaciones en Materiales| Universidad Nacional Autónoma de México| Universidad Rey Juan Carlos| Universidad Autónoma Metropolitana -Unidad Iztapalapa| Universidad Nacional Autónoma de México, Facultad de Quimica",57192953714,55566230900,7404025645| 55000477500| 55566230900,-,Mexico| Spain,2.0,1604,Inorganic Chemistry,4,Natural Sciences,409,Chemistry,37,Physical Sciences,34,Chemical Sciences,3402,Inorganic chemistry,-,Metal-Organic Frameworks in Environmental Applications,99,98.496,Metal-Organic Framework Glasses for Advanced Applications,90523,95.23,Defensible,2021.0,4.0,N/A,"López-Olvera, A.| Montes-Andrés, H.| Martínez-Ahumada, E.| López-Cervantes, V.B.| Martínez-Serrano, R.D.| González-Zamora, E.| Martínez, A.| Leo, P.| Martos, C.| Ibarra, I.A.| Orcajo, G.",Universidad Rey Juan Carlos| Universidad Autónoma Metropolitana| Universidad Nacional Autónoma de México,Mexico| Spain,0
55000477500,55000477500,"Synthesis of new 5-aryl-benzo[f][1,7]naphthyridines via a cascade process (Ugi-3CR/intramolecular aza-diels-alder cycloaddition)/aromatization","Vázquez-Vera, Ó.| Segura-Olvera, D.| Rincón-Guevara, M.A.| Gutiérrez-Carrillo, A.| García-Sánchez, M.A.| Ibarra, I.A.| Lomas-Romero, L.| Islas-Jácome, A.| González-Zamora, E.",9.0,57193614626| 57203930200| 57193608846| 6505811955| 7005999404| 55000477500| 55138289300| 48161545400| 55989686000,2018.0,2018-08-14,Molecules,23,8,-,2029,ISSN-14203049,26370.0,Journal,MDPI AG,English,1.23,20,4.1,22,0.757,19,1.48,46.0,4.0,0.09,11.45,58.0,72.0,0.0,0.0,"Vázquez-Vera, Ó., Segura-Olvera, D., Rincón-Guevara, M.A. and 6 more (...) (2018).Synthesis of new 5-aryl-benzo[f][1,7]naphthyridines via a cascade process (Ugi-3CR/intramolecular aza-diels-alder cycloaddition)/aromatization. Molecules,23(8) ",https://www.scopus.com/record/display.url?eid=2-s2.0-85053617253&origin=resultslist,10.3390/molecules23082029,Article,Gold|Green,2-s2.0-85053617253,30110915,Universidad Autónoma Metropolitana| Instituto Politécnico Nacional| Universidad Nacional Autónoma de México,505017| 505011| 505023,Academic,3.0,60019176| 60028381| 60032442,Instituto Politécnico Nacional| Universidad Autónoma Metropolitana -Unidad Iztapalapa| Universidad Nacional Autónoma de México,57193614626,55989686000,55138289300,-,Mexico,1.0,1313| 1601| 1602| 1605| 1606| 3002| 3003,Molecular Medicine| Chemistry (miscellaneous)| Analytical Chemistry| Organic Chemistry| Physical and Theoretical Chemistry| Drug Discovery| Pharmaceutical Science,4| 2| 5,Natural Sciences| Engineering & Technology| Life Sciences & Medicine,537| 409| 249| 532,Pharmacy & Pharmacology| Chemistry| Engineering - Petroleum| Medicine,37| 34| 32,Physical Sciences| Medical and Health| Life Sciences,34,Chemical Sciences,3405| 3404,Organic chemistry| Medicinal and biomolecular chemistry,-,Multicomponent Reactions in Antimicrobial and Anticancer Development,945,47.09,Innovative Multicomponent Reactions with Isocyanides,3597,91.969,Very Good,2018.0,4.0,N/A,"Vázquez-Vera, Ó.| Segura-Olvera, D.| Rincón-Guevara, M.A.| Gutiérrez-Carrillo, A.| García-Sánchez, M.A.| Ibarra, I.A.| Lomas-Romero, L.| Islas-Jácome, A.| González-Zamora, E.",Universidad Autónoma Metropolitana| Instituto Politécnico Nacional| Universidad Nacional Autónoma de México,Mexico,0
55000477500,55000477500,Ho(III)-Based Metal–Organic Framework for Water Pollution Treatment: Insights into Sensitive Phosphate Removal and Sensing in Aqueous Solution,"Obeso, J.L.| López-Cervantes, V.B.| Flores, C.V.| Viltres, H.| Serrano-Fuentes, C.| Herrera-Zuñiga, L.| Portillo-Vélez, N.S.| Peralta, R.A.| Solis-Ibarra, D.| Ibarra, I.A.| Leyva, C.",11.0,57580822200| 57203690559| 58023746200| 57193744866| 58418464300| 57204576896| 55777159700| 56879898700| 35099497400| 55000477500| 15829455800,2024.0,2024-04-25,ACS Sustainable Resource Management,1,4,661-669,-,ISSN-28371445,21101360393.0,Journal,American Chemical Society,English,-,-,-,-,-,-,0.24,4.0,4.0,0.59,6.83,32.0,43.0,0.0,0.0,"Obeso, J.L., López-Cervantes, V.B., Flores, C.V. and 8 more (...) (2024).Ho(III)-Based Metal–Organic Framework for Water Pollution Treatment: Insights into Sensitive Phosphate Removal and Sensing in Aqueous Solution. ACS Sustainable Resource Management,1(4) 661-669",https://www.scopus.com/record/display.url?eid=2-s2.0-105021975793&origin=resultslist,10.1021/acssusresmgt.3c00073,Article,,2-s2.0-105021975793,-,McMaster University| Universidad Autónoma Metropolitana| Instituto Politécnico Nacional| Universidad Nacional Autónoma de México,501017| 505017| 505011| 505023,Academic,4.0,60019176| 60032442| 60005971| 60031828| 60014923,Instituto Politécnico Nacional| Universidad Nacional Autónoma de México| Instituto de Investigaciones en Materiales| McMaster University| Universidad Autónoma Metropolitana,57580822200,15829455800,35099497400| 55000477500| 15829455800,-,Mexico| Canada,2.0,1501| 1601| 2301| 2311,Chemical Engineering (miscellaneous)| Chemistry (miscellaneous)| Environmental Science (miscellaneous)| Waste Management and Disposal,2| 3| 4,Engineering & Technology| Social Sciences & Management| Natural Sciences,424| 409| 219,Environmental Sciences| Chemistry| Engineering - Chemical,37| 36,Physical Sciences| Engineering,-,-,-,-,SDG 6,Adsorption Mechanisms for Metal Ion Removal,54,98.234,Phosphate Adsorption Mechanisms in Water Treatment,3509,99.371,Definitive,2024.0,4.0,N/A,"Obeso, J.L.| López-Cervantes, V.B.| Flores, C.V.| Viltres, H.| Serrano-Fuentes, C.| Herrera-Zuñiga, L.| Portillo-Vélez, N.S.| Peralta, R.A.| Solis-Ibarra, D.| Ibarra, I.A.| Leyva, C.",McMaster University| Universidad Autónoma Metropolitana| Instituto Politécnico Nacional| Universidad Nacional Autónoma de México,Mexico| Canada,0
55000477500,55000477500,Bottleneck effect explained by Le Bail Refinements: Structure transformation of Mg-CUK-1 by confining H2O molecules,"Sánchez-González, E.| Flores, J.G.| Flores-Reyes, J.C.| Morales-Salazar, I.| Blanco-Carapia, R.E.| Rincón-Guevara, M.A.| Islas-Jácome, A.| González-Zamora, E.| Aguilar-Pliego, J.| Ibarra, I.A.",10.0,24172136000| 57206442858| 57216764833| 57210142617| 57216765986| 57193608846| 48161545400| 55989686000| 56013754600| 55000477500,2020.0,2020-04-01,Materials,13,8,-,1840,ISSN-19961944,76627.0,Journal,MDPI AG,English,1.26,20,4.2,33,0.682,31,1.23,34.0,3.0,0.14,14.16,62.0,70.0,0.0,0.0,"Sánchez-González, E., Flores, J.G., Flores-Reyes, J.C. and 7 more (...) (2020).Bottleneck effect explained by Le Bail Refinements: Structure transformation of Mg-CUK-1 by confining H2O molecules. Materials,13(8) ",https://www.scopus.com/record/display.url?eid=2-s2.0-85084591814&origin=resultslist,10.3390/MA13081840,Article,Gold|Green,2-s2.0-85084591814,-,CSIC| Kyoto University| CSIC - Institute of Catalysis and Petrochemistry| Universidad Autónoma Metropolitana| Universidad Nacional Autónoma de México,312004| 208081| 715433| 505017| 505023,Government| Academic,5.0,60032442| 60011001| 60119339| 60023193| 60006754| 60021246| 60028381,Universidad Nacional Autónoma de México| Kyoto University| Institute for Integrated Cell-Material Sciences| Universidad Autónoma Metropolitana - Azcapotzalco| Consejo Superior de Investigaciones Científicas| CSIC - Instituto de Catálisis y Petroleoquímica (ICP)| Universidad Autónoma Metropolitana -Unidad Iztapalapa,24172136000,55000477500,55989686000,-,Mexico| Spain| Japan,3.0,2500| 3104,General Materials Science| Condensed Matter Physics,2| 4,Engineering & Technology| Natural Sciences,433| 439,Materials Science| Physics & Astronomy,37| 36,Physical Sciences| Engineering,34| 40,Chemical Sciences| Engineering,-,-,SDG 13,Metal-Organic Frameworks in Environmental Applications,99,98.496,Metal Organic Frameworks in Gas Storage Applications,74,99.688,Definitive,2020.0,3.0,N/A,"Sánchez-González, E.| Flores, J.G.| Flores-Reyes, J.C.| Morales-Salazar, I.| Blanco-Carapia, R.E.| Rincón-Guevara, M.A.| Islas-Jácome, A.| González-Zamora, E.| Aguilar-Pliego, J.| Ibarra, I.A.",CSIC| Kyoto University| CSIC - Institute of Catalysis and Petrochemistry| Universidad Autónoma Metropolitana| Universidad Nacional Autónoma de México,Mexico| Spain| Japan,0
55000477500,55000477500,SO2 capture and detection with carbon microfibers (CMFs) synthesised from polyacrylonitrile,"Yañez-Aulestia, A.| López-Cervantes, V.B.| Esparza-Schulz, J.M.| Solis-Ibarra, D.| Ibarra, I.A.| Cordero-Sánchez, S.| Sánchez-González, E.| Ojeda-López, R.",8.0,57202224096| 57203690559| 55856922200| 35099497400| 55000477500| 6701329965| 24172136000| 56199311900,2024.0,2024-03-18,Chemical Communications,60,29,3970-3973,-,ISSN-13597345,22781.0,Journal,Royal Society of Chemistry,English,0.78,43,7.4,18,1.037,15,3.84,54.0,2.0,0.23,8.77,45.0,62.0,0.0,0.0,"Yañez-Aulestia, A., López-Cervantes, V.B., Esparza-Schulz, J.M. and 5 more (...) (2024).SO2 capture and detection with carbon microfibers (CMFs) synthesised from polyacrylonitrile. Chemical Communications,60(29) 3970-3973",https://www.scopus.com/record/display.url?eid=2-s2.0-85188082300&origin=resultslist,10.1039/d3cc04437h,Article,Hybrid gold,2-s2.0-85188082300,38501603,Universidad Autónoma Metropolitana| Universidad Nacional Autónoma de México,505017| 505023,Academic,2.0,60028381| 60005971| 60032442,Universidad Autónoma Metropolitana -Unidad Iztapalapa| Instituto de Investigaciones en Materiales| Universidad Nacional Autónoma de México,57202224096,56199311900,6701329965| 24172136000| 56199311900,-,Mexico,1.0,1503| 1600| 2503| 2504| 2505| 2506| 2508,"Catalysis| General Chemistry| Ceramics and Composites| Electronic, Optical and Magnetic Materials| Materials Chemistry| Metals and Alloys| Surfaces, Coatings and Films",4| 2,Natural Sciences| Engineering & Technology,433| 219| 249| 409,Materials Science| Engineering - Chemical| Engineering - Petroleum| Chemistry,37| 36,Physical Sciences| Engineering,34| 40,Chemical Sciences| Engineering,-,-,SDG 13,Metal-Organic Frameworks in Environmental Applications,99,98.496,Tailored MOFs for Selective Gas Adsorption,19124,99.42,Definitive,2024.0,2.0,N/A,"Yañez-Aulestia, A.| López-Cervantes, V.B.| Esparza-Schulz, J.M.| Solis-Ibarra, D.| Ibarra, I.A.| Cordero-Sánchez, S.| Sánchez-González, E.| Ojeda-López, R.",Universidad Autónoma Metropolitana| Universidad Nacional Autónoma de México,Mexico,0
