Autor,Autor_ID,Title,Authors,Number of Authors,Scopus Author Ids,Year,Full date,Scopus Source title,Volume,Issue,Pages,Article number,ISSN,Source ID,Source type,Publisher,Language,SNIP (publication year),SNIP percentile (publication year) *,CiteScore (publication year),CiteScore percentile (publication year) *,SJR (publication year),SJR percentile (publication year) *,Field-Weighted View Impact,Views,Citations,Field-Weighted Citation Impact,Field-Citation Average,"Outputs in Top Citation Percentiles, per percentile","Field-Weighted Outputs in Top Citation Percentiles, per percentile",Main patent families,Policy citations,Reference,Abstract,DOI,Publication type,Open Access,EID,PubMed ID,Institutions,Institution IDs,Sector,Number of Institutions,Scopus Affiliation IDs,Scopus Affiliation names,Scopus Author ID First Author,Scopus Author ID Last Author,Scopus Author ID Corresponding Author,Scopus Author ID Single Author,Country/Region,Number of Countries/Regions,All Science Journal Classification (ASJC) code,All Science Journal Classification (ASJC) field name,Quacquarelli Symonds (QS) Subject area code,Quacquarelli Symonds (QS) Subject area field name,Quacquarelli Symonds (QS) Subject code,Quacquarelli Symonds (QS) Subject field name,Times Higher Education (THE) code,Times Higher Education (THE) field name,ANZSRC FoR (2020) parent code,ANZSRC FoR (2020) parent name,ANZSRC FoR (2020) code,ANZSRC FoR (2020) name,Sustainable Development Goals (2025),Topic Cluster name,Topic Cluster number,Topic Cluster Prominence Percentile,Topic name,Topic number,Topic Prominence Percentile,Publication link to Topic strength,Año,Citas,Colaboracion,Autores,Instituciones,Regiones,Instituciones_Nacionales
56000737300,56000737300,Quadratic buck–boost converter with positive output voltage and continuous input current for PEMFC systems,"Rosas-Caro, J.C.| Sanchez, V.M.| Valdez-Resendiz, J.E.| Mayo-Maldonado, J.C.| Beltran-Carbajal, F.| Valderrabano-Gonzalez, A.",6.0,57191227591| 7103226481| 37121175000| 35781892200| 56000737300| 51864763800,2017.0,2017-01-01,International Journal of Hydrogen Energy,42,51,30400-30406,-,ISSN-03603199,26991.0,Journal,Elsevier Ltd,English,1.33,16,6.3,8,1.116,16,2.03,68.0,46.0,1.34,12.71,12.0,22.0,0.0,0.0,"Rosas-Caro, J.C., Sanchez, V.M., Valdez-Resendiz, J.E. and 3 more (...) (2017).Quadratic buck–boost converter with positive output voltage and continuous input current for PEMFC systems. International Journal of Hydrogen Energy,42(51) 30400-30406",https://www.scopus.com/record/display.url?eid=2-s2.0-85033462678&origin=resultslist,10.1016/j.ijhydene.2017.10.079,Article,,2-s2.0-85033462678,-,Universidad Autónoma Metropolitana| Universidad de Quintana Roo| Universidad Panamericana (UP)| Instituto Tecnologico de Estudios Superiores de Monterrey,505017| 713942| 702732| 505012,Academic,4.0,60012895| 60013079| 60007966| 60023193,Universidad Panamericana| Universidad de Quintana Roo| Tecnológico de Monterrey| Universidad Autónoma Metropolitana - Azcapotzalco,57191227591,51864763800,7103226481,-,Mexico,1.0,2102| 2103| 2105| 3104,"Energy Engineering and Power Technology| Fuel Technology| Renewable Energy, Sustainability and the Environment| Condensed Matter Physics",2| 4,Engineering & Technology| Natural Sciences,439| 221| 249,Physics & Astronomy| Engineering - Electrical & Electronic| Engineering - Petroleum,37| 36,Physical Sciences| Engineering,34| 40,Chemical Sciences| Engineering,-,-,SDG 7,Power Conversion and Management,295,79.595,High Voltage Boost Converter Innovations,1351,98.91,Definitive,2017.0,46.0,N/A,"Rosas-Caro, J.C.| Sanchez, V.M.| Valdez-Resendiz, J.E.| Mayo-Maldonado, J.C.| Beltran-Carbajal, F.| Valderrabano-Gonzalez, A.",Universidad Autónoma Metropolitana| Universidad de Quintana Roo| Universidad Panamericana (UP)| Instituto Tecnologico de Estudios Superiores de Monterrey,Mexico,0
56000737300,56000737300,DC-DC multiplier boost converter with resonant switching,"Rosas-Caro, J.C.| Mayo-Maldonado, J.C.| Valderrabano-Gonzalez, A.| Beltran-Carbajal, F.| Ramirez-Arredondo, J.M.| Rodriguez-Rodriguez, J.R.",6.0,57191227591| 35781892200| 51864763800| 56000737300| 7401783221| 36646737100,2015.0,2015-01-01,Electric Power Systems Research,119,-,83-90,-,ISSN-03787796,16044.0,Journal,Elsevier Ltd,English,1.59,10,4.2,12,0.962,15,1.54,45.0,36.0,2.04,8.84,17.0,13.0,0.0,0.0,"Rosas-Caro, J.C., Mayo-Maldonado, J.C., Valderrabano-Gonzalez, A. and 3 more (...) (2015).DC-DC multiplier boost converter with resonant switching. Electric Power Systems Research,11983-90",https://www.scopus.com/record/display.url?eid=2-s2.0-84907495080&origin=resultslist,10.1016/j.epsr.2014.09.003,Article,,2-s2.0-84907495080,-,Instituto Tecnológico de Morelia| Centro de Investigacion y de Estudios Avanzados del Instituto Politécnico Nacional| Universidad Autónoma Metropolitana| University of Southampton| Universidad Panamericana (UP),717993| 505002| 505017| 315097| 702732,Academic| Government,5.0,60012895| 60025225| 60023193| 60018216| 60032729,Universidad Panamericana| University of Southampton| Universidad Autónoma Metropolitana - Azcapotzalco| CINVESTAV Unidad Guadalajara| Instituto Tecnologico de Morelia,57191227591,36646737100,51864763800,-,United Kingdom| Mexico,2.0,2102| 2208,Energy Engineering and Power Technology| Electrical and Electronic Engineering,2,Engineering & Technology,249| 221,Engineering - Petroleum| Engineering - Electrical & Electronic,36,Engineering,40,Engineering,4008,Electrical engineering,-,Power Conversion and Management,295,79.595,High Voltage Boost Converter Innovations,1351,98.91,Definitive,2015.0,36.0,N/A,"Rosas-Caro, J.C.| Mayo-Maldonado, J.C.| Valderrabano-Gonzalez, A.| Beltran-Carbajal, F.| Ramirez-Arredondo, J.M.| Rodriguez-Rodriguez, J.R.",Instituto Tecnológico de Morelia| Centro de Investigacion y de Estudios Avanzados del Instituto Politécnico Nacional| Universidad Autónoma Metropolitana| University of Southampton| Universidad Panamericana (UP),United Kingdom| Mexico,0
56000737300,56000737300,Active suspension control using an mpc-lqr-lpv controller with attraction sets and quadratic stability conditions,"Rodriguez-Guevara, D.| Favela-Contreras, A.| Beltran-Carbajal, F.| Sotelo, D.| Sotelo, C.",5.0,57300389300| 6507514178| 56000737300| 57204108802| 57195475435,2021.0,2021-10-01,Mathematics,9,20,-,2533,ISSN-22277390,21100830702.0,Journal,MDPI,English,1.12,26,2.9,14,0.538,28,1.19,19.0,35.0,3.06,7.19,11.0,7.0,0.0,0.0,"Rodriguez-Guevara, D., Favela-Contreras, A., Beltran-Carbajal, F. and 2 more (...) (2021).Active suspension control using an mpc-lqr-lpv controller with attraction sets and quadratic stability conditions. Mathematics,9(20) ",https://www.scopus.com/record/display.url?eid=2-s2.0-85117379217&origin=resultslist,10.3390/math9202533,Article,Gold|Green,2-s2.0-85117379217,-,Universidad Autónoma Metropolitana| Instituto Tecnologico de Estudios Superiores de Monterrey,505017| 505012,Academic,2.0,60007966| 60014923| 60023193,Tecnológico de Monterrey| Universidad Autónoma Metropolitana| Universidad Autónoma Metropolitana - Azcapotzalco,57300389300,57195475435,6507514178,-,Mexico,1.0,1701| 2201| 2600,Computer Science (miscellaneous)| Engineering (miscellaneous)| General Mathematics,2| 4,Engineering & Technology| Natural Sciences,431| 212,Mathematics| Computer Science & Information Systems,36| 38| 37,Engineering| Computer Science| Physical Sciences,49,Mathematical Sciences,-,-,-,Mechanical Vibration Control in Structural Systems,1141,40.876,Active Suspension Control Systems,1162,96.946,Definitive,2021.0,35.0,N/A,"Rodriguez-Guevara, D.| Favela-Contreras, A.| Beltran-Carbajal, F.| Sotelo, D.| Sotelo, C.",Universidad Autónoma Metropolitana| Instituto Tecnologico de Estudios Superiores de Monterrey,Mexico,0
56000737300,56000737300,Single-inductor resonant switched capacitor voltage multiplier with safe commutation,"Rosas-Caro, J.C.| Mayo-Maldonado, J.C.| Mancilla-David, F.| Valderrabano-Gonzalez, A.| Carbajal, F.B.",5.0,57191227591| 35781892200| 8857271100| 51864763800| 56000737300,2015.0,2015-04-01,IET Power Electronics,8,4,507-516,-,ISSN-17554535,19700186866.0,Journal,Institution of Engineering and Technology,English,1.29,17,4,18,0.834,19,1.97,40.0,34.0,2.07,8.71,18.0,13.0,0.0,0.0,"Rosas-Caro, J.C., Mayo-Maldonado, J.C., Mancilla-David, F. and 2 more (...) (2015).Single-inductor resonant switched capacitor voltage multiplier with safe commutation. IET Power Electronics,8(4) 507-516",https://www.scopus.com/record/display.url?eid=2-s2.0-84926626145&origin=resultslist,10.1049/iet-pel.2014.0387,Article,,2-s2.0-84926626145,-,Universidad Autónoma Metropolitana| University of Southampton| Universidad Panamericana (UP)| University of Colorado Denver,505017| 315097| 702732| 508274,Academic,4.0,60012895| 60025225| 60279854| 60010307| 60023193,"Universidad Panamericana| University of Southampton| College of Engineering, Design and Computing| University of Colorado Denver| Universidad Autónoma Metropolitana - Azcapotzalco",57191227591,56000737300,57191227591,-,United Kingdom| Mexico| United States,3.0,2208,Electrical and Electronic Engineering,2,Engineering & Technology,221| 249,Engineering - Electrical & Electronic| Engineering - Petroleum,36,Engineering,40,Engineering,4009| 4008,"Electronics, sensors and digital hardware| Electrical engineering",-,Power Conversion and Management,295,79.595,High Voltage Boost Converter Innovations,1351,98.91,Very Good,2015.0,34.0,N/A,"Rosas-Caro, J.C.| Mayo-Maldonado, J.C.| Mancilla-David, F.| Valderrabano-Gonzalez, A.| Carbajal, F.B.",Universidad Autónoma Metropolitana| University of Southampton| Universidad Panamericana (UP)| University of Colorado Denver,United Kingdom| Mexico| United States,0
56000737300,56000737300,A fast parametric estimation approach of signals with multiple frequency harmonics,"Beltran-Carbajal, F.| Silva-Navarro, G.",2.0,56000737300| 6603129619,2017.0,2017-03-01,Electric Power Systems Research,144,-,157-162,-,ISSN-03787796,16044.0,Journal,Elsevier Ltd,English,1.45,13,5.2,12,1.048,11,0.91,23.0,33.0,1.79,11.16,17.0,15.0,0.0,0.0,"Beltran-Carbajal, F., Silva-Navarro, G. (2017).A fast parametric estimation approach of signals with multiple frequency harmonics. Electric Power Systems Research,144157-162",https://www.scopus.com/record/display.url?eid=2-s2.0-85002721688&origin=resultslist,10.1016/j.epsr.2016.11.023,Article,,2-s2.0-85002721688,-,Centro de Investigacion y de Estudios Avanzados del Instituto Politécnico Nacional| Universidad Autónoma Metropolitana,505002| 505017,Academic| Government,2.0,60023193| 60017323,Universidad Autónoma Metropolitana - Azcapotzalco| Centro de Investigacion y de Estudios Avanzados del Instituto Politécnico Nacional,56000737300,6603129619,56000737300,-,Mexico,1.0,2102| 2208,Energy Engineering and Power Technology| Electrical and Electronic Engineering,2,Engineering & Technology,221| 249,Engineering - Electrical & Electronic| Engineering - Petroleum,36,Engineering,40,Engineering,4008,Electrical engineering,-,Adaptive Control Systems for Nonlinear Dynamics,107,88.816,Model-Free Control and Parameter Estimation Techniques,43560,74.304,Very Good,2017.0,33.0,N/A,"Beltran-Carbajal, F.| Silva-Navarro, G.",Centro de Investigacion y de Estudios Avanzados del Instituto Politécnico Nacional| Universidad Autónoma Metropolitana,Mexico,0
56000737300,56000737300,Output feedback control of a mechanical system using magnetic levitation,"Beltran-Carbajal, F.| Valderrabano-Gonzalez, A.| Rosas-Caro, J.C.| Favela-Contreras, A.",4.0,56000737300| 51864763800| 57191227591| 6507514178,2015.0,2015-01-01,ISA Transactions,57,-,352-359,-,ISSN-00190578,29805.0,Journal,"ISA - Instrumentation, Systems, and Automation Society",English,2,6,4.5,9,1.102,9,1.06,32.0,31.0,0.96,7.32,19.0,30.0,0.0,0.0,"Beltran-Carbajal, F., Valderrabano-Gonzalez, A., Rosas-Caro, J.C. and 1 more (...) (2015).Output feedback control of a mechanical system using magnetic levitation. ISA Transactions,57352-359",https://www.scopus.com/record/display.url?eid=2-s2.0-84961332250&origin=resultslist,10.1016/j.isatra.2015.01.012,Article,,2-s2.0-84961332250,-,Universidad Autónoma Metropolitana| Universidad Panamericana (UP)| Instituto Tecnologico de Estudios Superiores de Monterrey,505017| 702732| 505012,Academic,3.0,60023193| 60012895| 60007966,Universidad Autónoma Metropolitana - Azcapotzalco| Universidad Panamericana| Tecnológico de Monterrey,56000737300,6507514178,56000737300,-,Mexico,1.0,1706| 2207| 2208| 2604| 3105,Computer Science Applications| Control and Systems Engineering| Electrical and Electronic Engineering| Applied Mathematics| Instrumentation,2| 4,Engineering & Technology| Natural Sciences,221| 249| 439| 212| 431| 213,Engineering - Electrical & Electronic| Engineering - Petroleum| Physics & Astronomy| Computer Science & Information Systems| Mathematics| Data Science,38| 36| 37,Computer Science| Engineering| Physical Sciences,40,Engineering,4009,"Electronics, sensors and digital hardware",-,Dynamic Control of Magnetic Rotor Systems,845,37.672,Magnetic Levitation Control Systems,23129,77.691,Very Good,2015.0,31.0,N/A,"Beltran-Carbajal, F.| Valderrabano-Gonzalez, A.| Rosas-Caro, J.C.| Favela-Contreras, A.",Universidad Autónoma Metropolitana| Universidad Panamericana (UP)| Instituto Tecnologico de Estudios Superiores de Monterrey,Mexico,0
56000737300,56000737300,An asymptotic differentiation approach of signals in velocity tracking control of DC motors,"Beltran-Carbajal, F.| Valderrabano-Gonzalez, A.| Rosas-Caro, J.C.| Favela-Contreras, A.",4.0,56000737300| 51864763800| 57191227591| 6507514178,2015.0,2015-01-01,Electric Power Systems Research,122,-,218-223,-,ISSN-03787796,16044.0,Journal,Elsevier Ltd,English,1.59,10,4.2,12,0.962,15,1.01,27.0,30.0,0.9,8.84,20.0,31.0,0.0,0.0,"Beltran-Carbajal, F., Valderrabano-Gonzalez, A., Rosas-Caro, J.C. and 1 more (...) (2015).An asymptotic differentiation approach of signals in velocity tracking control of DC motors. Electric Power Systems Research,122218-223",https://www.scopus.com/record/display.url?eid=2-s2.0-84922310996&origin=resultslist,10.1016/j.epsr.2015.01.013,Article,,2-s2.0-84922310996,-,Universidad Autónoma Metropolitana| Universidad Panamericana (UP)| Instituto Tecnologico de Estudios Superiores de Monterrey,505017| 702732| 505012,Academic,3.0,60023193| 60012895| 60007966,Universidad Autónoma Metropolitana - Azcapotzalco| Universidad Panamericana| Tecnológico de Monterrey,56000737300,6507514178,51864763800,-,Mexico,1.0,2102| 2208,Energy Engineering and Power Technology| Electrical and Electronic Engineering,2,Engineering & Technology,249| 221,Engineering - Petroleum| Engineering - Electrical & Electronic,36,Engineering,40,Engineering,4008,Electrical engineering,-,Robust Control Systems with Linear Matrix Inequalities,167,49.117,Active Disturbance Rejection Control in Complex Systems,5508,96.276,Defensible,2015.0,30.0,N/A,"Beltran-Carbajal, F.| Valderrabano-Gonzalez, A.| Rosas-Caro, J.C.| Favela-Contreras, A.",Universidad Autónoma Metropolitana| Universidad Panamericana (UP)| Instituto Tecnologico de Estudios Superiores de Monterrey,Mexico,0
56000737300,56000737300,Closed-loop online harmonic vibration estimation in DC electric motor systems,"Beltran-Carbajal, F.| Tapia-Olvera, R.| Valderrabano-Gonzalez, A.| Yanez-Badillo, H.| Rosas-Caro, J.C.| Mayo-Maldonado, J.C.",6.0,56000737300| 55810886300| 51864763800| 57193958449| 57191227591| 35781892200,2021.0,2021-06-01,Applied Mathematical Modelling,94,-,460-481,-,ISSN-0307904X,28065.0,Journal,Elsevier Inc.,English,1.76,9,8.5,3,1.105,16,3.25,55.0,29.0,2.57,9.34,14.0,9.0,0.0,0.0,"Beltran-Carbajal, F., Tapia-Olvera, R., Valderrabano-Gonzalez, A. and 3 more (...) (2021).Closed-loop online harmonic vibration estimation in DC electric motor systems. Applied Mathematical Modelling,94460-481",https://www.scopus.com/record/display.url?eid=2-s2.0-85100538595&origin=resultslist,10.1016/j.apm.2021.01.021,Article,,2-s2.0-85100538595,-,Universidad Autónoma Metropolitana| Universidad Panamericana (UP)| Universidad Nacional Autónoma de México| Instituto Tecnologico de Estudios Superiores de Monterrey,505017| 702732| 505023| 505012,Academic,4.0,60014923| 60023193| 60032442| 60012895| 125637654| 60007966,Universidad Autónoma Metropolitana| Universidad Autónoma Metropolitana - Azcapotzalco| Universidad Nacional Autónoma de México| Universidad Panamericana| División de Mecatrónica| Tecnológico de Monterrey,56000737300,35781892200,56000737300,-,Mexico,1.0,2604| 2611,Applied Mathematics| Modeling and Simulation,4,Natural Sciences,431,Mathematics,37,Physical Sciences,49| 40| 46,Mathematical Sciences| Engineering| Information And Computing Sciences,-,-,-,Adaptive Control Systems for Nonlinear Dynamics,107,88.816,Model-Free Control and Parameter Estimation Techniques,43560,74.304,Defensible,2021.0,29.0,N/A,"Beltran-Carbajal, F.| Tapia-Olvera, R.| Valderrabano-Gonzalez, A.| Yanez-Badillo, H.| Rosas-Caro, J.C.| Mayo-Maldonado, J.C.",Universidad Autónoma Metropolitana| Universidad Panamericana (UP)| Universidad Nacional Autónoma de México| Instituto Tecnologico de Estudios Superiores de Monterrey,Mexico,0
56000737300,56000737300,An MPC-LQR-LPV Controller with Quadratic Stability Conditions for a Nonlinear Half-Car Active Suspension System with Electro-Hydraulic Actuators,"Rodriguez-Guevara, D.| Favela-Contreras, A.| Beltran-Carbajal, F.| Sotelo, C.| Sotelo, D.",5.0,57300389300| 6507514178| 56000737300| 57195475435| 57204108802,2022.0,2022-02-01,Machines,10,2,-,137,ISSN-20751702,21100838145.0,Journal,MDPI,English,1.09,26,2.1,53,0.449,39,2.53,59.0,28.0,1.68,13.13,10.0,16.0,0.0,0.0,"Rodriguez-Guevara, D., Favela-Contreras, A., Beltran-Carbajal, F. and 2 more (...) (2022).An MPC-LQR-LPV Controller with Quadratic Stability Conditions for a Nonlinear Half-Car Active Suspension System with Electro-Hydraulic Actuators. Machines,10(2) ",https://www.scopus.com/record/display.url?eid=2-s2.0-85124811284&origin=resultslist,10.3390/machines10020137,Article,Gold|Green,2-s2.0-85124811284,-,Universidad Autónoma Metropolitana| Instituto Tecnologico de Estudios Superiores de Monterrey,505017| 505012,Academic,2.0,60007966| 60014923| 60023193,Tecnológico de Monterrey| Universidad Autónoma Metropolitana| Universidad Autónoma Metropolitana - Azcapotzalco,57300389300,57204108802,6507514178,-,Mexico,1.0,1701| 2207| 2208| 2209| 2210| 2606,Computer Science (miscellaneous)| Control and Systems Engineering| Electrical and Electronic Engineering| Industrial and Manufacturing Engineering| Mechanical Engineering| Control and Optimization,2| 4,Engineering & Technology| Natural Sciences,249| 222| 221| 212| 431,Engineering - Petroleum| Engineering - Mechanical| Engineering - Electrical & Electronic| Computer Science & Information Systems| Mathematics,36| 38| 37,Engineering| Computer Science| Physical Sciences,40,Engineering,4003,Biomedical engineering,-,Mechanical Vibration Control in Structural Systems,1141,40.876,Active Suspension Control Systems,1162,96.946,Definitive,2022.0,28.0,N/A,"Rodriguez-Guevara, D.| Favela-Contreras, A.| Beltran-Carbajal, F.| Sotelo, C.| Sotelo, D.",Universidad Autónoma Metropolitana| Instituto Tecnologico de Estudios Superiores de Monterrey,Mexico,0
56000737300,56000737300,On-line parametric estimation of damped multiple frequency oscillations,"Beltran-Carbajal, F.| Silva-Navarro, G.| Trujillo-Franco, L.G.",3.0,56000737300| 6603129619| 56514134800,2018.0,2018-01-01,Electric Power Systems Research,154,-,423-432,-,ISSN-03787796,16044.0,Journal,Elsevier Ltd,English,1.45,14,6.4,11,1.037,13,1.03,28.0,28.0,1.65,12.14,20.0,17.0,0.0,0.0,"Beltran-Carbajal, F., Silva-Navarro, G., Trujillo-Franco, L.G. (2018).On-line parametric estimation of damped multiple frequency oscillations. Electric Power Systems Research,154423-432",https://www.scopus.com/record/display.url?eid=2-s2.0-85029804100&origin=resultslist,10.1016/j.epsr.2017.09.013,Article,,2-s2.0-85029804100,-,Centro de Investigacion y de Estudios Avanzados del Instituto Politécnico Nacional| Universidad Autónoma Metropolitana,505002| 505017,Government| Academic,2.0,60023193| 60017323,Universidad Autónoma Metropolitana - Azcapotzalco| Centro de Investigacion y de Estudios Avanzados del Instituto Politécnico Nacional,56000737300,56514134800,56000737300,-,Mexico,1.0,2102| 2208,Energy Engineering and Power Technology| Electrical and Electronic Engineering,2,Engineering & Technology,249| 221,Engineering - Petroleum| Engineering - Electrical & Electronic,36,Engineering,40,Engineering,4008,Electrical engineering,-,Adaptive Control Systems for Nonlinear Dynamics,107,88.816,Model-Free Control and Parameter Estimation Techniques,43560,74.304,Very Good,2018.0,28.0,N/A,"Beltran-Carbajal, F.| Silva-Navarro, G.| Trujillo-Franco, L.G.",Centro de Investigacion y de Estudios Avanzados del Instituto Politécnico Nacional| Universidad Autónoma Metropolitana,Mexico,0
56000737300,56000737300,Article adaptive robust motion control of quadrotor systems using artificial neural networks and particle swarm optimization,"Yañez-Badillo, H.| Beltran-Carbajal, F.| Tapia-Olvera, R.| Favela-Contreras, A.| Sotelo, C.| Sotelo, D.",6.0,57193958449| 56000737300| 55810886300| 6507514178| 57195475435| 57204108802,2021.0,2021-10-01,Mathematics,9,19,-,2367,ISSN-22277390,21100830702.0,Journal,MDPI,English,1.12,26,2.9,14,0.538,28,1.62,26.0,27.0,2.78,7.19,15.0,8.0,0.0,0.0,"Yañez-Badillo, H., Beltran-Carbajal, F., Tapia-Olvera, R. and 3 more (...) (2021).Article adaptive robust motion control of quadrotor systems using artificial neural networks and particle swarm optimization. Mathematics,9(19) ",https://www.scopus.com/record/display.url?eid=2-s2.0-85115960795&origin=resultslist,10.3390/math9192367,Article,Gold|Green,2-s2.0-85115960795,-,Universidad Autónoma Metropolitana| Universidad Nacional Autónoma de México| Instituto Tecnologico de Estudios Superiores de Monterrey,505017| 505023| 505012,Academic,3.0,126961841| 60014923| 60023193| 60032442| 60007966,Departamento de Investigación| Universidad Autónoma Metropolitana| Universidad Autónoma Metropolitana - Azcapotzalco| Universidad Nacional Autónoma de México| Tecnológico de Monterrey,57193958449,57204108802,57193958449,-,Mexico,1.0,1701| 2201| 2600,Computer Science (miscellaneous)| Engineering (miscellaneous)| General Mathematics,4| 2,Natural Sciences| Engineering & Technology,431| 212,Mathematics| Computer Science & Information Systems,37| 38| 36,Physical Sciences| Computer Science| Engineering,49,Mathematical Sciences,-,-,-,Autonomous Control Systems for Aerial Vehicles,1233,56.769,Control Strategies for Autonomous Quadrotor Navigation,456,99.264,Very Good,2021.0,27.0,N/A,"Yañez-Badillo, H.| Beltran-Carbajal, F.| Tapia-Olvera, R.| Favela-Contreras, A.| Sotelo, C.| Sotelo, D.",Universidad Autónoma Metropolitana| Universidad Nacional Autónoma de México| Instituto Tecnologico de Estudios Superiores de Monterrey,Mexico,0
56000737300,56000737300,Output feedback dynamic control for trajectory tracking and vibration suppression,"Beltran-Carbajal, F.| Silva-Navarro, G.",2.0,56000737300| 6603129619,2020.0,2020-03-01,Applied Mathematical Modelling,79,-,793-808,-,ISSN-0307904X,28065.0,Journal,Elsevier Inc.,English,1.76,9,7.5,4,1.011,16,2.1,44.0,24.0,2.03,9.36,20.0,12.0,0.0,0.0,"Beltran-Carbajal, F., Silva-Navarro, G. (2020).Output feedback dynamic control for trajectory tracking and vibration suppression. Applied Mathematical Modelling,79793-808",https://www.scopus.com/record/display.url?eid=2-s2.0-85076201847&origin=resultslist,10.1016/j.apm.2019.11.004,Article,,2-s2.0-85076201847,-,Centro de Investigacion y de Estudios Avanzados del Instituto Politécnico Nacional| Universidad Autónoma Metropolitana,505002| 505017,Academic| Government,2.0,60023193| 60017323,Universidad Autónoma Metropolitana - Azcapotzalco| Centro de Investigacion y de Estudios Avanzados del Instituto Politécnico Nacional,56000737300,6603129619,56000737300,-,Mexico,1.0,2604| 2611,Applied Mathematics| Modeling and Simulation,4,Natural Sciences,431,Mathematics,37,Physical Sciences,40| 49| 46,Engineering| Mathematical Sciences| Information And Computing Sciences,-,-,-,Adaptive Control Systems for Nonlinear Dynamics,107,88.816,Model-Free Control and Parameter Estimation Techniques,43560,74.304,Defensible,2020.0,24.0,N/A,"Beltran-Carbajal, F.| Silva-Navarro, G.",Centro de Investigacion y de Estudios Avanzados del Instituto Politécnico Nacional| Universidad Autónoma Metropolitana,Mexico,0
56000737300,56000737300,An active vehicle suspension control approach with electromagnetic and hydraulic actuators,"Beltran-Carbajal, F.| Valderrabano-Gonzalez, A.| Favela-Contreras, A.| Hernandez-Avila, J.L.| Lopez-Garcia, I.| Tapia-Olvera, R.",6.0,56000737300| 51864763800| 6507514178| 6701386028| 56410643900| 55810886300,2019.0,2019-06-01,Actuators,8,2,-,35,ISSN-20760825,21100836581.0,Journal,MDPI AG,English,1.34,16,4.2,14,0.553,35,2.64,67.0,24.0,1.51,10.59,21.0,19.0,0.0,0.0,"Beltran-Carbajal, F., Valderrabano-Gonzalez, A., Favela-Contreras, A. and 3 more (...) (2019).An active vehicle suspension control approach with electromagnetic and hydraulic actuators. Actuators,8(2) ",https://www.scopus.com/record/display.url?eid=2-s2.0-85067042475&origin=resultslist,10.3390/act8020035,Article,Gold|Green,2-s2.0-85067042475,-,Universidad Autónoma Metropolitana| Universidad Panamericana (UP)| Universidad Nacional Autónoma de México| Instituto Tecnologico de Estudios Superiores de Monterrey,505017| 702732| 505023| 505012,Academic,4.0,60023193| 60014923| 60012895| 60007966| 60032442,Universidad Autónoma Metropolitana - Azcapotzalco| Universidad Autónoma Metropolitana| Universidad Panamericana| Tecnológico de Monterrey| Universidad Nacional Autónoma de México,56000737300,55810886300,56000737300,-,Mexico,1.0,2207| 2606,Control and Systems Engineering| Control and Optimization,2| 4,Engineering & Technology| Natural Sciences,431| 212,Mathematics| Computer Science & Information Systems,36| 37,Engineering| Physical Sciences,40,Engineering,4008| 4007,"Electrical engineering| Control engineering, mechatronics and robotics",-,Mechanical Vibration Control in Structural Systems,1141,40.876,Active Suspension Control Systems,1162,96.946,Very Good,2019.0,24.0,N/A,"Beltran-Carbajal, F.| Valderrabano-Gonzalez, A.| Favela-Contreras, A.| Hernandez-Avila, J.L.| Lopez-Garcia, I.| Tapia-Olvera, R.",Universidad Autónoma Metropolitana| Universidad Panamericana (UP)| Universidad Nacional Autónoma de México| Instituto Tecnologico de Estudios Superiores de Monterrey,Mexico,0
56000737300,56000737300,Dynamic simulation of a crude oil distillation plant using Aspen-Hysys®,"Sotelo, D.| Favela-Contreras, A.| Lozoya, C.| Beltran-Carbajal, F.| Dieck-Assad, G.| Sotelo, C.",6.0,57204108802| 6507514178| 24721606600| 56000737300| 6506062742| 57195475435,2019.0,2019-06-01,International Journal of Simulation Modelling,18,2,229-241,-,ISSN-17264529,144698.0,Journal,DAAAM International Vienna,English,1.45,14,3.8,25,0.624,33,3.4,126.0,24.0,0.79,11.33,21.0,35.0,0.0,0.0,"Sotelo, D., Favela-Contreras, A., Lozoya, C. and 3 more (...) (2019).Dynamic simulation of a crude oil distillation plant using Aspen-Hysys®. International Journal of Simulation Modelling,18(2) 229-241",https://www.scopus.com/record/display.url?eid=2-s2.0-85070099699&origin=resultslist,10.2507/IJSIMM18(2)465,Article,Gold,2-s2.0-85070099699,-,Universidad Autónoma Metropolitana| Instituto Tecnologico de Estudios Superiores de Monterrey,505017| 505012,Academic,2.0,60007966| 60023193,Tecnológico de Monterrey| Universidad Autónoma Metropolitana - Azcapotzalco,57204108802,57195475435,6507514178,-,Mexico,1.0,1706| 2611,Computer Science Applications| Modeling and Simulation,2| 4,Engineering & Technology| Natural Sciences,213| 212| 431,Data Science| Computer Science & Information Systems| Mathematics,37| 38,Physical Sciences| Computer Science,35| 46| 40,"Commerce, Management, Tourism And Services| Information And Computing Sciences| Engineering",3509| 4014| 4699,"Transportation, logistics and supply chains| Manufacturing engineering| Other information and computing sciences",-,Integration of Energy Systems in Natural Gas Networks,921,48.071,Innovative Approaches in Chemical Engineering Education,43231,77.632,Defensible,2019.0,24.0,N/A,"Sotelo, D.| Favela-Contreras, A.| Lozoya, C.| Beltran-Carbajal, F.| Dieck-Assad, G.| Sotelo, C.",Universidad Autónoma Metropolitana| Instituto Tecnologico de Estudios Superiores de Monterrey,Mexico,0
56000737300,56000737300,Generalized Nonlinear Stiffness Identification on Controlled Mechanical Vibrating Systems,"Beltran-Carbajal, F.| Silva-Navarro, G.",2.0,56000737300| 6603129619,2019.0,2019-05-01,Asian Journal of Control,21,3,1281-1292,-,ISSN-15618625,12221.0,Journal,Wiley-Blackwell,English,1.01,30,4.1,33,0.72,29,0.54,15.0,24.0,1.42,13.38,21.0,20.0,0.0,0.0,"Beltran-Carbajal, F., Silva-Navarro, G. (2019).Generalized Nonlinear Stiffness Identification on Controlled Mechanical Vibrating Systems. Asian Journal of Control,21(3) 1281-1292",https://www.scopus.com/record/display.url?eid=2-s2.0-85066104365&origin=resultslist,10.1002/asjc.1807,Article,,2-s2.0-85066104365,-,Centro de Investigacion y de Estudios Avanzados del Instituto Politécnico Nacional| Universidad Autónoma Metropolitana,505002| 505017,Academic| Government,2.0,60023193| 60017323,Universidad Autónoma Metropolitana - Azcapotzalco| Centro de Investigacion y de Estudios Avanzados del Instituto Politécnico Nacional,56000737300,6603129619,56000737300,-,Mexico,1.0,2207,Control and Systems Engineering,2,Engineering & Technology,212,Computer Science & Information Systems,36,Engineering,40,Engineering,4007,"Control engineering, mechatronics and robotics",-,Adaptive Control Systems for Nonlinear Dynamics,107,88.816,Model-Free Control and Parameter Estimation Techniques,43560,74.304,Very Good,2019.0,24.0,N/A,"Beltran-Carbajal, F.| Silva-Navarro, G.",Centro de Investigacion y de Estudios Avanzados del Instituto Politécnico Nacional| Universidad Autónoma Metropolitana,Mexico,0
56000737300,56000737300,Design of an adaptive predictive control strategy for crude oil atmospheric distillation process,"Raimondi, A.| Favela-Contreras, A.| Beltrán-Carbajal, F.| Piñón-Rubio, A.| Luis de la Peña-Elizondo, J.",5.0,55053941400| 6507514178| 56000737300| 56418650200| 56418558200,2015.0,2015-01-01,Control Engineering Practice,34,-,39-48,-,ISSN-09670661,18174.0,Journal,Elsevier Ltd,English,1.99,6,4.8,8,1.116,12,3.83,88.0,24.0,0.65,7.64,24.0,40.0,0.0,0.0,"Raimondi, A., Favela-Contreras, A., Beltrán-Carbajal, F. and 2 more (...) (2015).Design of an adaptive predictive control strategy for crude oil atmospheric distillation process. Control Engineering Practice,3439-48",https://www.scopus.com/record/display.url?eid=2-s2.0-84910633249&origin=resultslist,10.1016/j.conengprac.2014.09.014,Article,,2-s2.0-84910633249,-,Universidad Autónoma Metropolitana| Instituto Tecnologico de Estudios Superiores de Monterrey,505017| 505012,Academic,2.0,60007966| 60023193,Tecnológico de Monterrey| Universidad Autónoma Metropolitana - Azcapotzalco,55053941400,56418558200,6507514178,-,Mexico,1.0,1706| 2207| 2208| 2604,Computer Science Applications| Control and Systems Engineering| Electrical and Electronic Engineering| Applied Mathematics,4| 2,Natural Sciences| Engineering & Technology,221| 249| 213| 212| 431,Engineering - Electrical & Electronic| Engineering - Petroleum| Data Science| Computer Science & Information Systems| Mathematics,37| 36| 38,Physical Sciences| Engineering| Computer Science,40,Engineering,4007,"Control engineering, mechatronics and robotics",SDG 9,Predictive Control Models for Complex Systems,1003,37.345,Adaptive Control Systems for Process Optimization,82290,3.198,Defensible,2015.0,24.0,N/A,"Raimondi, A.| Favela-Contreras, A.| Beltrán-Carbajal, F.| Piñón-Rubio, A.| Luis de la Peña-Elizondo, J.",Universidad Autónoma Metropolitana| Instituto Tecnologico de Estudios Superiores de Monterrey,Mexico,0
56000737300,56000737300,An improved algorithm for fault detection and location in multi-terminal transmission lines based on wavelet correlation modes,"Jimenez, H.A.| Guillen, D.| Tapia-Olvera, R.| Escobar, G.| Beltran-Carbajal, F.",5.0,57211477211| 56081476600| 55810886300| 7004849882| 56000737300,2021.0,2021-03-01,Electric Power Systems Research,192,-,-,106953,ISSN-03787796,16044.0,Journal,Elsevier Ltd,English,1.33,18,6.6,19,1.109,19,2.01,50.0,23.0,1.4,15.0,18.0,20.0,0.0,0.0,"Jimenez, H.A., Guillen, D., Tapia-Olvera, R. and 2 more (...) (2021).An improved algorithm for fault detection and location in multi-terminal transmission lines based on wavelet correlation modes. Electric Power Systems Research,192",https://www.scopus.com/record/display.url?eid=2-s2.0-85097160974&origin=resultslist,10.1016/j.epsr.2020.106953,Article,,2-s2.0-85097160974,-,Universidad Autónoma Metropolitana| Universidad Nacional Autónoma de México| Instituto Tecnologico de Estudios Superiores de Monterrey,505017| 505023| 505012,Academic,3.0,60032442| 60007966| 60023193,Universidad Nacional Autónoma de México| Tecnológico de Monterrey| Universidad Autónoma Metropolitana - Azcapotzalco,57211477211,56000737300,55810886300,-,Mexico,1.0,2102| 2208,Energy Engineering and Power Technology| Electrical and Electronic Engineering,2,Engineering & Technology,249| 221,Engineering - Petroleum| Engineering - Electrical & Electronic,36,Engineering,40,Engineering,4008,Electrical engineering,-,Fault Protection for Power Systems,552,60.693,Transmission Line Fault Detection,12114,94.509,Very Good,2021.0,23.0,N/A,"Jimenez, H.A.| Guillen, D.| Tapia-Olvera, R.| Escobar, G.| Beltran-Carbajal, F.",Universidad Autónoma Metropolitana| Universidad Nacional Autónoma de México| Instituto Tecnologico de Estudios Superiores de Monterrey,Mexico,0
56000737300,56000737300,Active disturbance rejection control of a magnetic suspension system,"Beltran-Carbajal, F.| Valderrabano-Gonzalez, A.| Favela-Contreras, A.R.| Rosas-Caro, J.C.",4.0,56000737300| 51864763800| 6507514178| 57191227591,2015.0,2015-05-01,Asian Journal of Control,17,3,842-854,-,ISSN-15618625,12221.0,Journal,Wiley-Blackwell,English,1.12,23,3.2,25,0.793,27,1.69,33.0,22.0,0.64,6.25,26.0,40.0,0.0,0.0,"Beltran-Carbajal, F., Valderrabano-Gonzalez, A., Favela-Contreras, A.R. and 1 more (...) (2015).Active disturbance rejection control of a magnetic suspension system. Asian Journal of Control,17(3) 842-854",https://www.scopus.com/record/display.url?eid=2-s2.0-84929290866&origin=resultslist,10.1002/asjc.934,Article,Bronze,2-s2.0-84929290866,-,Universidad Autónoma Metropolitana| Universidad Panamericana (UP)| Instituto Tecnologico de Estudios Superiores de Monterrey,505017| 702732| 505012,Academic,3.0,60023193| 60007966| 60012895,Universidad Autónoma Metropolitana - Azcapotzalco| Tecnológico de Monterrey| Universidad Panamericana,56000737300,57191227591,56000737300,-,Mexico,1.0,2207| 2208| 2601,Control and Systems Engineering| Electrical and Electronic Engineering| Mathematics (miscellaneous),2| 4,Engineering & Technology| Natural Sciences,212| 431| 249| 221,Computer Science & Information Systems| Mathematics| Engineering - Petroleum| Engineering - Electrical & Electronic,36| 37,Engineering| Physical Sciences,40,Engineering,4007,"Control engineering, mechatronics and robotics",-,Dynamic Control of Magnetic Rotor Systems,845,37.672,Magnetic Levitation Control Systems,23129,77.691,Defensible,2015.0,22.0,N/A,"Beltran-Carbajal, F.| Valderrabano-Gonzalez, A.| Favela-Contreras, A.R.| Rosas-Caro, J.C.",Universidad Autónoma Metropolitana| Universidad Panamericana (UP)| Instituto Tecnologico de Estudios Superiores de Monterrey,Mexico,0
56000737300,56000737300,Adaptive neuronal induction motor control with an 84-pulse voltage source converter,"Beltran-Carbajal, F.| Tapia-Olvera, R.| Valderrabano-Gonzalez, A.| Lopez-Garcia, I.",4.0,56000737300| 55810886300| 51864763800| 56410643900,2021.0,2021-07-01,Asian Journal of Control,23,4,1603-1616,-,ISSN-15618625,12221.0,Journal,John Wiley and Sons Inc,English,1.09,27,5.1,6,0.731,32,0.54,9.0,21.0,1.77,8.46,19.0,15.0,0.0,0.0,"Beltran-Carbajal, F., Tapia-Olvera, R., Valderrabano-Gonzalez, A. and 1 more (...) (2021).Adaptive neuronal induction motor control with an 84-pulse voltage source converter. Asian Journal of Control,23(4) 1603-1616",https://www.scopus.com/record/display.url?eid=2-s2.0-85100576878&origin=resultslist,10.1002/asjc.2322,Article,,2-s2.0-85100576878,-,Universidad Autónoma Metropolitana| Universidad Panamericana (UP)| Universidad Nacional Autónoma de México,505017| 702732| 505023,Academic,3.0,60023193| 60014923| 60032442| 60012895,Universidad Autónoma Metropolitana - Azcapotzalco| Universidad Autónoma Metropolitana| Universidad Nacional Autónoma de México| Universidad Panamericana,56000737300,56410643900,56000737300,-,Mexico,1.0,2207| 2208| 2601,Control and Systems Engineering| Electrical and Electronic Engineering| Mathematics (miscellaneous),2| 4,Engineering & Technology| Natural Sciences,249| 221| 431| 212,Engineering - Petroleum| Engineering - Electrical & Electronic| Mathematics| Computer Science & Information Systems,37| 36,Physical Sciences| Engineering,40,Engineering,4007,"Control engineering, mechatronics and robotics",SDG 7,Adaptive Control Systems for Nonlinear Dynamics,107,88.816,Model-Free Control and Parameter Estimation Techniques,43560,74.304,Defensible,2021.0,21.0,N/A,"Beltran-Carbajal, F.| Tapia-Olvera, R.| Valderrabano-Gonzalez, A.| Lopez-Garcia, I.",Universidad Autónoma Metropolitana| Universidad Panamericana (UP)| Universidad Nacional Autónoma de México,Mexico,0
56000737300,56000737300,A Novel Discrete-time Nonlinear Model Predictive Control Based on State Space Model,"Sotelo, C.| Favela-Contreras, A.| Beltrán-Carbajal, F.| Dieck-Assad, G.| Rodríguez-Cañedo, P.| Sotelo, D.",6.0,57195475435| 6507514178| 56000737300| 6506062742| 57203963197| 57204108802,2018.0,2018-12-01,"International Journal of Control, Automation and Systems",16,6,2688-2696,-,ISSN-15986446,25479.0,Journal,"Institute of Control, Robotics and Systems",English,1.01,30,3.3,37,0.51,34,1.61,49.0,20.0,0.63,12.69,27.0,41.0,0.0,0.0,"Sotelo, C., Favela-Contreras, A., Beltrán-Carbajal, F. and 3 more (...) (2018).A Novel Discrete-time Nonlinear Model Predictive Control Based on State Space Model. International Journal of Control, Automation and Systems,16(6) 2688-2696",https://www.scopus.com/record/display.url?eid=2-s2.0-85053792487&origin=resultslist,10.1007/s12555-018-0041-x,Article,,2-s2.0-85053792487,-,Universidad Autónoma Metropolitana| Instituto Tecnologico de Estudios Superiores de Monterrey,505017| 505012,Academic,2.0,60007966| 60023193,Tecnológico de Monterrey| Universidad Autónoma Metropolitana - Azcapotzalco,57195475435,57204108802,6507514178,-,Mexico,1.0,1706| 2207,Computer Science Applications| Control and Systems Engineering,2,Engineering & Technology,213| 212,Data Science| Computer Science & Information Systems,38| 36,Computer Science| Engineering,40,Engineering,4007,"Control engineering, mechatronics and robotics",-,Predictive Control Models for Complex Systems,1003,37.345,Robust Control Strategies for Nonlinear Predictive Systems,143,97.757,Defensible,2018.0,20.0,N/A,"Sotelo, C.| Favela-Contreras, A.| Beltrán-Carbajal, F.| Dieck-Assad, G.| Rodríguez-Cañedo, P.| Sotelo, D.",Universidad Autónoma Metropolitana| Instituto Tecnologico de Estudios Superiores de Monterrey,Mexico,0
56000737300,56000737300,Adaptive dynamical tracking control under uncertainty of shunt DC motors,"Beltran-Carbajal, F.| Tapia-Olvera, R.| Lopez-Garcia, I.| Guillen, D.",4.0,56000737300| 55810886300| 56410643900| 56081476600,2018.0,2018-11-01,Electric Power Systems Research,164,-,70-78,-,ISSN-03787796,16044.0,Journal,Elsevier Ltd,English,1.45,14,6.4,11,1.037,13,1.89,50.0,19.0,0.66,12.14,28.0,40.0,0.0,0.0,"Beltran-Carbajal, F., Tapia-Olvera, R., Lopez-Garcia, I. and 1 more (...) (2018).Adaptive dynamical tracking control under uncertainty of shunt DC motors. Electric Power Systems Research,16470-78",https://www.scopus.com/record/display.url?eid=2-s2.0-85050978786&origin=resultslist,10.1016/j.epsr.2018.07.033,Article,,2-s2.0-85050978786,-,Universidad Autónoma Metropolitana| Universidad Nacional Autónoma de México| Instituto Tecnologico de Estudios Superiores de Monterrey,505017| 505023| 505012,Academic,3.0,60023193| 60032442| 60007966,Universidad Autónoma Metropolitana - Azcapotzalco| Universidad Nacional Autónoma de México| Tecnológico de Monterrey,56000737300,56081476600,56000737300,-,Mexico,1.0,2102| 2208,Energy Engineering and Power Technology| Electrical and Electronic Engineering,2,Engineering & Technology,221| 249,Engineering - Electrical & Electronic| Engineering - Petroleum,36,Engineering,40,Engineering,4008,Electrical engineering,-,Adaptive Control Systems for Nonlinear Dynamics,107,88.816,Model-Free Control and Parameter Estimation Techniques,43560,74.304,Defensible,2018.0,19.0,N/A,"Beltran-Carbajal, F.| Tapia-Olvera, R.| Lopez-Garcia, I.| Guillen, D.",Universidad Autónoma Metropolitana| Universidad Nacional Autónoma de México| Instituto Tecnologico de Estudios Superiores de Monterrey,Mexico,0
56000737300,56000737300,On the algebraic parameter identification of vibrating mechanical systems,"Beltran-Carbajal, F.| Silva-Navarro, G.",2.0,56000737300| 6603129619,2015.0,2015-01-01,International Journal of Mechanical Sciences,92,-,178-186,-,ISSN-00207403,50170.0,Journal,Elsevier Ltd,English,1.78,8,3.7,11,1.337,9,0.58,24.0,19.0,0.71,7.07,29.0,37.0,0.0,0.0,"Beltran-Carbajal, F., Silva-Navarro, G. (2015).On the algebraic parameter identification of vibrating mechanical systems. International Journal of Mechanical Sciences,92178-186",https://www.scopus.com/record/display.url?eid=2-s2.0-84920655925&origin=resultslist,10.1016/j.ijmecsci.2014.12.006,Article,,2-s2.0-84920655925,-,Centro de Investigacion y de Estudios Avanzados del Instituto Politécnico Nacional| Universidad Autónoma Metropolitana| Instituto Politécnico Nacional,505002| 505017| 505011,Government| Academic,3.0,60023193| 60017323| 60019176,Universidad Autónoma Metropolitana - Azcapotzalco| Centro de Investigacion y de Estudios Avanzados del Instituto Politécnico Nacional| Instituto Politécnico Nacional,56000737300,6603129619,56000737300,-,Mexico,1.0,2202| 2205| 2210| 2211| 2212| 2500| 2604| 3104,Aerospace Engineering| Civil and Structural Engineering| Mechanical Engineering| Mechanics of Materials| Ocean Engineering| General Materials Science| Applied Mathematics| Condensed Matter Physics,2| 4,Engineering & Technology| Natural Sciences,249| 247| 431| 433| 451| 439| 220| 416| 222,Engineering - Petroleum| Engineering - Mineral & Mining| Mathematics| Materials Science| Geophysics| Physics & Astronomy| Engineering - Civil & Structural| Earth & Marine Sciences| Engineering - Mechanical,37| 36,Physical Sciences| Engineering,40,Engineering,-,-,-,Adaptive Control Systems for Nonlinear Dynamics,107,88.816,Model-Free Control and Parameter Estimation Techniques,43560,74.304,Very Good,2015.0,19.0,N/A,"Beltran-Carbajal, F.| Silva-Navarro, G.",Centro de Investigacion y de Estudios Avanzados del Instituto Politécnico Nacional| Universidad Autónoma Metropolitana| Instituto Politécnico Nacional,Mexico,0
56000737300,56000737300,On Line Adaptive Neurocontroller for Regulating Angular Position and Trajectory of Quadrotor System,"Yañez-Badillo, H.| Tapia-Olvera, R.| Aguilar-Mejía, O.| Beltran-Carbajal, F.",4.0,57193958449| 55810886300| 57188711708| 56000737300,2017.0,2017-04-01,RIAI - Revista Iberoamericana de Automatica e Informatica Industrial,14,2,141-151,-,ISSN-16977912,5300152203.0,Journal,Elsevier Doyma,Spanish,0.45,67,1.2,54,0.215,53,1.72,48.0,17.0,1.42,9.89,30.0,20.0,0.0,0.0,"Yañez-Badillo, H., Tapia-Olvera, R., Aguilar-Mejía, O. and 1 more (...) (2017).On Line Adaptive Neurocontroller for Regulating Angular Position and Trajectory of Quadrotor System. RIAI - Revista Iberoamericana de Automatica e Informatica Industrial,14(2) 141-151",https://www.scopus.com/record/display.url?eid=2-s2.0-85017591772&origin=resultslist,10.1016/j.riai.2017.01.001,Article,Gold|Green,2-s2.0-85017591772,-,Universidad Autónoma Metropolitana| Universidad Nacional Autónoma de México| Universidad Politécnica de Tulancingo,505017| 505023| 720288,Academic,3.0,60095116| 60032442| 60023193| 60014923,Universidad Politécnica de Tulancingo Hidalgo| Universidad Nacional Autónoma de México| Universidad Autónoma Metropolitana - Azcapotzalco| Universidad Autónoma Metropolitana,57193958449,56000737300,55810886300,-,Mexico,1.0,1700| 2207,General Computer Science| Control and Systems Engineering,2,Engineering & Technology,212,Computer Science & Information Systems,38| 36,Computer Science| Engineering,40,Engineering,4009| 4007| 4004,"Electronics, sensors and digital hardware| Control engineering, mechatronics and robotics| Chemical engineering",-,Autonomous Control Systems for Aerial Vehicles,1233,56.769,Control Strategies for Autonomous Quadrotor Navigation,456,99.264,Definitive,2017.0,17.0,N/A,"Yañez-Badillo, H.| Tapia-Olvera, R.| Aguilar-Mejía, O.| Beltran-Carbajal, F.",Universidad Autónoma Metropolitana| Universidad Nacional Autónoma de México| Universidad Politécnica de Tulancingo,Mexico,0
56000737300,56000737300,An arx model-based predictive control of a semi-active vehicle suspension to improve passenger comfort and road-holding,"Piñón, A.| Favela-Contreras, A.| Félix-Herrán, L.C.| Beltran-Carbajal, F.| Lozoya, C.",5.0,57188694810| 6507514178| 26867645500| 56000737300| 24721606600,2021.0,2021-03-01,Actuators,10,3,1-17,47,ISSN-20760825,21100836581.0,Journal,MDPI AG,English,1.05,29,2.7,38,0.42,51,1.35,36.0,17.0,1.08,12.01,24.0,27.0,0.0,0.0,"Piñón, A., Favela-Contreras, A., Félix-Herrán, L.C. and 2 more (...) (2021).An arx model-based predictive control of a semi-active vehicle suspension to improve passenger comfort and road-holding. Actuators,10(3) 1-17",https://www.scopus.com/record/display.url?eid=2-s2.0-85102593737&origin=resultslist,10.3390/act10030047,Article,Gold|Green,2-s2.0-85102593737,-,Universidad Autónoma Metropolitana| Instituto Tecnologico de Estudios Superiores de Monterrey,505017| 505012,Academic,2.0,60007966| 60023193,Tecnológico de Monterrey| Universidad Autónoma Metropolitana - Azcapotzalco,57188694810,24721606600,6507514178,-,Mexico,1.0,2207| 2606,Control and Systems Engineering| Control and Optimization,2| 4,Engineering & Technology| Natural Sciences,212| 431,Computer Science & Information Systems| Mathematics,36| 37,Engineering| Physical Sciences,40,Engineering,4008| 4007,"Electrical engineering| Control engineering, mechatronics and robotics",-,Mechanical Vibration Control in Structural Systems,1141,40.876,Active Suspension Control Systems,1162,96.946,Definitive,2021.0,17.0,N/A,"Piñón, A.| Favela-Contreras, A.| Félix-Herrán, L.C.| Beltran-Carbajal, F.| Lozoya, C.",Universidad Autónoma Metropolitana| Instituto Tecnologico de Estudios Superiores de Monterrey,Mexico,0
56000737300,56000737300,An Adaptive Scheme to Improve Prony's Method Performance to Estimate Signal Parameters of Power System Oscillations,"Tapia-Olvera, R.| Guillen, D.| Beltran-Carbajal, F.| Castro, L.M.",4.0,55810886300| 56081476600| 56000737300| 46760952500,2022.0,2022-01-01,IEEE Transactions on Instrumentation and Measurement,71,-,-,9005212,ISSN-00189456,15361.0,Journal,Institute of Electrical and Electronics Engineers Inc.,English,1.71,9,7.4,9,1.397,5,0.92,17.0,15.0,0.9,13.36,21.0,32.0,0.0,0.0,"Tapia-Olvera, R., Guillen, D., Beltran-Carbajal, F. and 1 more (...) (2022).An Adaptive Scheme to Improve Prony's Method Performance to Estimate Signal Parameters of Power System Oscillations. IEEE Transactions on Instrumentation and Measurement,71",https://www.scopus.com/record/display.url?eid=2-s2.0-85135234545&origin=resultslist,10.1109/TIM.2022.3191721,Article,,2-s2.0-85135234545,-,Universidad Autónoma Metropolitana| Universidad Nacional Autónoma de México| Instituto Tecnologico de Estudios Superiores de Monterrey,505017| 505023| 505012,Academic,3.0,60032442| 60007966| 60014923| 60023193,Universidad Nacional Autónoma de México| Tecnológico de Monterrey| Universidad Autónoma Metropolitana| Universidad Autónoma Metropolitana - Azcapotzalco,55810886300,46760952500,55810886300,-,Mexico,1.0,2208| 3105,Electrical and Electronic Engineering| Instrumentation,2| 4,Engineering & Technology| Natural Sciences,439| 221| 249,Physics & Astronomy| Engineering - Electrical & Electronic| Engineering - Petroleum,36| 37,Engineering| Physical Sciences,40,Engineering,4009| 4006| 4008,"Electronics, sensors and digital hardware| Communications engineering| Electrical engineering",-,Optimization Techniques in Power Distribution Systems,48,88.097,Dynamics of Power System Oscillations and Control,10153,84.489,Defensible,2022.0,15.0,N/A,"Tapia-Olvera, R.| Guillen, D.| Beltran-Carbajal, F.| Castro, L.M.",Universidad Autónoma Metropolitana| Universidad Nacional Autónoma de México| Instituto Tecnologico de Estudios Superiores de Monterrey,Mexico,0
56000737300,56000737300,Neural Adaptive Robust Motion-Tracking Control for Robotic Manipulator Systems,"Galvan-Perez, D.| Yañez-Badillo, H.| Beltran-Carbajal, F.| Rivas-Cambero, I.| Favela-Contreras, A.| Tapia-Olvera, R.",6.0,55662739100| 57193958449| 56000737300| 42262558100| 6507514178| 55810886300,2022.0,2022-09-01,Actuators,11,9,-,255,ISSN-20760825,21100836581.0,Journal,MDPI,English,0.97,32,3.2,34,0.47,46,1.68,36.0,14.0,0.89,12.43,23.0,32.0,0.0,0.0,"Galvan-Perez, D., Yañez-Badillo, H., Beltran-Carbajal, F. and 3 more (...) (2022).Neural Adaptive Robust Motion-Tracking Control for Robotic Manipulator Systems. Actuators,11(9) ",https://www.scopus.com/record/display.url?eid=2-s2.0-85138509002&origin=resultslist,10.3390/act11090255,Article,Gold|Green,2-s2.0-85138509002,-,Universidad Autónoma Metropolitana| Universidad Nacional Autónoma de México| Instituto Tecnologico de Estudios Superiores de Monterrey,505017| 505023| 505012,Academic,3.0,108199060| 127596437| 60023193| 60014923| 60007966| 60032442,Universidad Politécnica de Tulancingo| Departamento de Investigación y Desarrollo Tecnológico| Universidad Autónoma Metropolitana - Azcapotzalco| Universidad Autónoma Metropolitana| Tecnológico de Monterrey| Universidad Nacional Autónoma de México,55662739100,55810886300,56000737300,-,Mexico,1.0,2207| 2606,Control and Systems Engineering| Control and Optimization,4| 2,Natural Sciences| Engineering & Technology,212| 431,Computer Science & Information Systems| Mathematics,37| 36,Physical Sciences| Engineering,40,Engineering,4008| 4007,"Electrical engineering| Control engineering, mechatronics and robotics",SDG 2| SDG 9,Adaptive Control Systems for Nonlinear Dynamics,107,88.816,Model-Free Control and Parameter Estimation Techniques,43560,74.304,Defensible,2022.0,14.0,N/A,"Galvan-Perez, D.| Yañez-Badillo, H.| Beltran-Carbajal, F.| Rivas-Cambero, I.| Favela-Contreras, A.| Tapia-Olvera, R.",Universidad Autónoma Metropolitana| Universidad Nacional Autónoma de México| Instituto Tecnologico de Estudios Superiores de Monterrey,Mexico,0
56000737300,56000737300,An adaptive neural online estimation approach of harmonic components,"Beltran-Carbajal, F.| Tapia-Olvera, R.",2.0,56000737300| 55810886300,2020.0,2020-09-01,Electric Power Systems Research,186,-,-,106406,ISSN-03787796,16044.0,Journal,Elsevier Ltd,English,1.6,12,7,15,0.845,18,0.58,17.0,14.0,0.55,14.41,32.0,44.0,0.0,0.0,"Beltran-Carbajal, F., Tapia-Olvera, R. (2020).An adaptive neural online estimation approach of harmonic components. Electric Power Systems Research,186",https://www.scopus.com/record/display.url?eid=2-s2.0-85084741752&origin=resultslist,10.1016/j.epsr.2020.106406,Article,,2-s2.0-85084741752,-,Universidad Autónoma Metropolitana| Universidad Nacional Autónoma de México,505017| 505023,Academic,2.0,60023193| 60032442,Universidad Autónoma Metropolitana - Azcapotzalco| Universidad Nacional Autónoma de México,56000737300,55810886300,56000737300,-,Mexico,1.0,2102| 2208,Energy Engineering and Power Technology| Electrical and Electronic Engineering,2,Engineering & Technology,221| 249,Engineering - Electrical & Electronic| Engineering - Petroleum,36,Engineering,40,Engineering,4008,Electrical engineering,-,Adaptive Control Systems for Nonlinear Dynamics,107,88.816,Model-Free Control and Parameter Estimation Techniques,43560,74.304,Defensible,2020.0,14.0,N/A,"Beltran-Carbajal, F.| Tapia-Olvera, R.",Universidad Autónoma Metropolitana| Universidad Nacional Autónoma de México,Mexico,0
56000737300,56000737300,An asymptotic and algebraic estimation method of harmonics,"Beltran-Carbajal, F.| Tapia-Olvera, R.| Valderrabano-Gonzalez, A.| Yanez-Badillo, H.",4.0,56000737300| 55810886300| 51864763800| 57193958449,2022.0,2022-05-01,Electric Power Systems Research,206,-,-,107771,ISSN-03787796,16044.0,Journal,Elsevier Ltd,English,1.38,16,6.6,22,1.099,19,1.92,41.0,14.0,0.88,15.9,23.0,33.0,0.0,0.0,"Beltran-Carbajal, F., Tapia-Olvera, R., Valderrabano-Gonzalez, A. and 1 more (...) (2022).An asymptotic and algebraic estimation method of harmonics. Electric Power Systems Research,206",https://www.scopus.com/record/display.url?eid=2-s2.0-85122456319&origin=resultslist,10.1016/j.epsr.2022.107771,Article,,2-s2.0-85122456319,-,Universidad Autónoma Metropolitana| Universidad Panamericana (UP)| Universidad Nacional Autónoma de México,505017| 702732| 505023,Academic,3.0,60014923| 60023193| 60032442| 60012895| 127564574,Universidad Autónoma Metropolitana| Universidad Autónoma Metropolitana - Azcapotzalco| Universidad Nacional Autónoma de México| Universidad Panamericana| Departamento de Investigación,56000737300,57193958449,56000737300,-,Mexico,1.0,2102| 2208,Energy Engineering and Power Technology| Electrical and Electronic Engineering,2,Engineering & Technology,221| 249,Engineering - Electrical & Electronic| Engineering - Petroleum,36,Engineering,40,Engineering,4008,Electrical engineering,-,Adaptive Control Systems for Nonlinear Dynamics,107,88.816,Model-Free Control and Parameter Estimation Techniques,43560,74.304,Defensible,2022.0,14.0,N/A,"Beltran-Carbajal, F.| Tapia-Olvera, R.| Valderrabano-Gonzalez, A.| Yanez-Badillo, H.",Universidad Autónoma Metropolitana| Universidad Panamericana (UP)| Universidad Nacional Autónoma de México,Mexico,0
56000737300,56000737300,Analysis of the Input Current-Ripple in the Series-Capacitor Boost Converter,"Rosas-Caro, J.C.| Escobar, G.| Valdez-Resendiz, J.E.| Mayo-Maldonado, J.C.| Beltran-Carbajal, F.| Del-Valle-Soto, C.",6.0,57191227591| 7004849882| 37121175000| 35781892200| 56000737300| 56257456700,2021.0,2021-10-01,IEEE Transactions on Industrial Electronics,68,10,10303-10308,9209078,ISSN-02780046,26053.0,Journal,Institute of Electrical and Electronics Engineers Inc.,English,3.08,3,17.1,3,3.519,3,1.76,37.0,14.0,0.89,14.67,28.0,32.0,0.0,0.0,"Rosas-Caro, J.C., Escobar, G., Valdez-Resendiz, J.E. and 3 more (...) (2021).Analysis of the Input Current-Ripple in the Series-Capacitor Boost Converter. IEEE Transactions on Industrial Electronics,68(10) 10303-10308",https://www.scopus.com/record/display.url?eid=2-s2.0-85101868659&origin=resultslist,10.1109/TIE.2020.3026304,Article,,2-s2.0-85101868659,-,Universidad Autónoma Metropolitana| Universidad Panamericana (UP)| Instituto Tecnologico de Estudios Superiores de Monterrey,505017| 702732| 505012,Academic,3.0,60012895| 60007966| 60014923| 60023193,Universidad Panamericana| Tecnológico de Monterrey| Universidad Autónoma Metropolitana| Universidad Autónoma Metropolitana - Azcapotzalco,57191227591,56257456700,57191227591,-,Mexico,1.0,2207| 2208,Control and Systems Engineering| Electrical and Electronic Engineering,2,Engineering & Technology,221| 212| 249,Engineering - Electrical & Electronic| Computer Science & Information Systems| Engineering - Petroleum,36,Engineering,46| 40,Information And Computing Sciences| Engineering,-,-,-,Power Conversion and Management,295,79.595,High-Efficiency Switched Capacitor DC-DC Converters,10358,94.875,Very Good,2021.0,14.0,N/A,"Rosas-Caro, J.C.| Escobar, G.| Valdez-Resendiz, J.E.| Mayo-Maldonado, J.C.| Beltran-Carbajal, F.| Del-Valle-Soto, C.",Universidad Autónoma Metropolitana| Universidad Panamericana (UP)| Instituto Tecnologico de Estudios Superiores de Monterrey,Mexico,0
56000737300,56000737300,Extended PI Feedback Tracking Control for Synchronous Motors,"Beltran-Carbajal, F.| Tapia-Olvera, R.| Lopez-Garcia, I.| Valderrabano-Gonzalez, A.| Rosas-Caro, J.C.| Hernandez-Avila, J.L.",6.0,56000737300| 55810886300| 56410643900| 51864763800| 57191227591| 6701386028,2019.0,2019-06-01,"International Journal of Control, Automation and Systems",17,6,1346-1358,-,ISSN-15986446,25479.0,Journal,"Institute of Control, Robotics and Systems",English,1.07,27,4.2,29,0.659,31,1.78,50.0,13.0,0.61,13.15,34.0,42.0,0.0,0.0,"Beltran-Carbajal, F., Tapia-Olvera, R., Lopez-Garcia, I. and 3 more (...) (2019).Extended PI Feedback Tracking Control for Synchronous Motors. International Journal of Control, Automation and Systems,17(6) 1346-1358",https://www.scopus.com/record/display.url?eid=2-s2.0-85065390546&origin=resultslist,10.1007/s12555-018-0312-6,Article,,2-s2.0-85065390546,-,Universidad Autónoma Metropolitana| Universidad Panamericana (UP)| Universidad Nacional Autónoma de México,505017| 702732| 505023,Academic,3.0,60023193| 60032442| 60012895,Universidad Autónoma Metropolitana - Azcapotzalco| Universidad Nacional Autónoma de México| Universidad Panamericana,56000737300,6701386028,56000737300,-,Mexico,1.0,1706| 2207,Computer Science Applications| Control and Systems Engineering,2,Engineering & Technology,212| 213,Computer Science & Information Systems| Data Science,36| 38,Engineering| Computer Science,40,Engineering,4007,"Control engineering, mechatronics and robotics",SDG 7,Motor Control Systems and Techniques,563,47.22,Adaptive Control Strategies for Permanent Magnet Synchronous Motors,14223,96.327,Weak,2019.0,13.0,N/A,"Beltran-Carbajal, F.| Tapia-Olvera, R.| Lopez-Garcia, I.| Valderrabano-Gonzalez, A.| Rosas-Caro, J.C.| Hernandez-Avila, J.L.",Universidad Autónoma Metropolitana| Universidad Panamericana (UP)| Universidad Nacional Autónoma de México,Mexico,0
56000737300,56000737300,An online algebraic estimation approach of parameters and variable mechanical torque in shunt DC motors,"Beltran-Carbajal, F.| Tapia-Olvera, R.| Aguilar-Mejia, O.| Favela-Contreras, A.| Lopez-Garcia, I.",5.0,56000737300| 55810886300| 57188711708| 6507514178| 56410643900,2018.0,2018-01-01,International Transactions on Electrical Energy Systems,28,1,-,e2474,ISSN-20507038,21100241220.0,Journal,John Wiley and Sons Ltd,English,0.7,50,2.8,35,0.453,33,2.17,55.0,13.0,0.46,10.92,36.0,49.0,0.0,0.0,"Beltran-Carbajal, F., Tapia-Olvera, R., Aguilar-Mejia, O. and 2 more (...) (2018).An online algebraic estimation approach of parameters and variable mechanical torque in shunt DC motors. International Transactions on Electrical Energy Systems,28(1) ",https://www.scopus.com/record/display.url?eid=2-s2.0-85038072067&origin=resultslist,10.1002/etep.2474,Article,,2-s2.0-85038072067,-,Universidad Autónoma Metropolitana| Universidad Popular Autonoma de Puebla| Universidad Nacional Autónoma de México| Instituto Tecnologico de Estudios Superiores de Monterrey,505017| 505057| 505023| 505012,Academic,4.0,60023193| 60032442| 60022112| 60007966,Universidad Autónoma Metropolitana - Azcapotzalco| Universidad Nacional Autónoma de México| Universidad Popular Autónoma del Estado de Puebla| Tecnológico de Monterrey,56000737300,56410643900,56000737300,-,Mexico,1.0,2102| 2208| 2611,Energy Engineering and Power Technology| Electrical and Electronic Engineering| Modeling and Simulation,4| 2,Natural Sciences| Engineering & Technology,249| 431| 221,Engineering - Petroleum| Mathematics| Engineering - Electrical & Electronic,37| 36,Physical Sciences| Engineering,40| 46,Engineering| Information And Computing Sciences,4602| 4009| 4008,"Artificial intelligence| Electronics, sensors and digital hardware| Electrical engineering",-,Adaptive Control Systems for Nonlinear Dynamics,107,88.816,Model-Free Control and Parameter Estimation Techniques,43560,74.304,Defensible,2018.0,13.0,N/A,"Beltran-Carbajal, F.| Tapia-Olvera, R.| Aguilar-Mejia, O.| Favela-Contreras, A.| Lopez-Garcia, I.",Universidad Autónoma Metropolitana| Universidad Popular Autonoma de Puebla| Universidad Nacional Autónoma de México| Instituto Tecnologico de Estudios Superiores de Monterrey,Mexico,0
56000737300,56000737300,A Sequential Algebraic Parametric Identification Approach for Nonlinear Vibrating Mechanical Systems,"Beltran-Carbajal, F.| Silva-Navarro, G.| Trujillo-Franco, L.G.",3.0,56000737300| 6603129619| 56514134800,2017.0,2017-07-01,Asian Journal of Control,19,4,1564-1574,-,ISSN-15618625,12221.0,Journal,Wiley-Blackwell,English,0.8,42,3,34,0.642,31,0.88,22.0,12.0,0.51,11.78,38.0,46.0,0.0,0.0,"Beltran-Carbajal, F., Silva-Navarro, G., Trujillo-Franco, L.G. (2017).A Sequential Algebraic Parametric Identification Approach for Nonlinear Vibrating Mechanical Systems. Asian Journal of Control,19(4) 1564-1574",https://www.scopus.com/record/display.url?eid=2-s2.0-85013480777&origin=resultslist,10.1002/asjc.1474,Article,,2-s2.0-85013480777,-,Centro de Investigacion y de Estudios Avanzados del Instituto Politécnico Nacional| Universidad Autónoma Metropolitana| Instituto Politécnico Nacional,505002| 505017| 505011,Government| Academic,3.0,60023193| 60017323| 60019176,Universidad Autónoma Metropolitana - Azcapotzalco| Centro de Investigacion y de Estudios Avanzados del Instituto Politécnico Nacional| Instituto Politécnico Nacional,56000737300,56514134800,56000737300,-,Mexico,1.0,2207,Control and Systems Engineering,2,Engineering & Technology,212,Computer Science & Information Systems,36,Engineering,40,Engineering,4007,"Control engineering, mechatronics and robotics",-,Adaptive Control Systems for Nonlinear Dynamics,107,88.816,Model-Free Control and Parameter Estimation Techniques,43560,74.304,Very Good,2017.0,12.0,N/A,"Beltran-Carbajal, F.| Silva-Navarro, G.| Trujillo-Franco, L.G.",Centro de Investigacion y de Estudios Avanzados del Instituto Politécnico Nacional| Universidad Autónoma Metropolitana| Instituto Politécnico Nacional,Mexico,0
56000737300,56000737300,Passivity-based power control of a doubly fed induction generator with unknown parameters,"López-García, I.| Beltran-Carbajal, F.| Espinosa-Pérez, G.| Escarela-Perez, R.",4.0,56410643900| 56000737300| 55989699400| 6701841506,2016.0,2016-11-01,International Transactions on Electrical Energy Systems,26,11,2402-2424,-,ISSN-20507038,21100241220.0,Journal,John Wiley and Sons Ltd,English,0.82,39,2,39,0.412,35,0.8,22.0,11.0,0.71,8.42,40.0,38.0,0.0,0.0,"López-García, I., Beltran-Carbajal, F., Espinosa-Pérez, G. and 1 more (...) (2016).Passivity-based power control of a doubly fed induction generator with unknown parameters. International Transactions on Electrical Energy Systems,26(11) 2402-2424",https://www.scopus.com/record/display.url?eid=2-s2.0-84963850928&origin=resultslist,10.1002/etep.2213,Article,,2-s2.0-84963850928,-,Universidad Autónoma Metropolitana| Universidad Nacional Autónoma de México,505017| 505023,Academic,2.0,60023193| 60032442,Universidad Autónoma Metropolitana - Azcapotzalco| Universidad Nacional Autónoma de México,56410643900,6701841506,6701841506,-,Mexico,1.0,2102| 2208| 2611,Energy Engineering and Power Technology| Electrical and Electronic Engineering| Modeling and Simulation,2| 4,Engineering & Technology| Natural Sciences,221| 249| 431,Engineering - Electrical & Electronic| Engineering - Petroleum| Mathematics,36| 37,Engineering| Physical Sciences,40| 46,Engineering| Information And Computing Sciences,4602| 4008| 4009,"Artificial intelligence| Electrical engineering| Electronics, sensors and digital hardware",-,Control Strategies for Renewable Energy Systems,280,90.19,Control Strategies for Doubly-Fed Induction Generators,2769,96.273,Defensible,2016.0,11.0,N/A,"López-García, I.| Beltran-Carbajal, F.| Espinosa-Pérez, G.| Escarela-Perez, R.",Universidad Autónoma Metropolitana| Universidad Nacional Autónoma de México,Mexico,0
56000737300,56000737300,An adaptive speed control approach for DC shunt motors,"Tapia-Olvera, R.| Beltran-Carbajal, F.| Aguilar-Mejia, O.| Valderrabano-Gonzalez, A.",4.0,55810886300| 56000737300| 57188711708| 51864763800,2016.0,2016-11-01,Energies,9,11,-,961,ISSN-19961073,62932.0,Journal,MDPI AG,English,1.19,20,3.5,16,0.662,22,1.79,42.0,11.0,0.33,9.18,40.0,54.0,0.0,0.0,"Tapia-Olvera, R., Beltran-Carbajal, F., Aguilar-Mejia, O. and 1 more (...) (2016).An adaptive speed control approach for DC shunt motors. Energies,9(11) ",https://www.scopus.com/record/display.url?eid=2-s2.0-85020548619&origin=resultslist,10.3390/en9110961,Article,Gold|Green,2-s2.0-85020548619,-,Universidad Autónoma Metropolitana| Universidad Panamericana (UP)| Universidad Nacional Autónoma de México,505017| 702732| 505023,Academic,3.0,60032442| 60014923| 60023193| 116142408| 60012895,Universidad Nacional Autónoma de México| Universidad Autónoma Metropolitana| Universidad Autónoma Metropolitana - Azcapotzalco| Universidad Politécnica de Tulancingo (UPT)| Universidad Panamericana,55810886300,51864763800,51864763800,-,Mexico,1.0,2101| 2102| 2103| 2105| 2201| 2208| 2606,"Energy (miscellaneous)| Energy Engineering and Power Technology| Fuel Technology| Renewable Energy, Sustainability and the Environment| Engineering (miscellaneous)| Electrical and Electronic Engineering| Control and Optimization",2| 4,Engineering & Technology| Natural Sciences,431| 249| 221,Mathematics| Engineering - Petroleum| Engineering - Electrical & Electronic,37| 36,Physical Sciences| Engineering,40| 51| 33,Engineering| Physical Sciences| Built Environment And Design,-,-,-,Motor Control Systems and Techniques,563,47.22,Innovative Control Systems for Motor and Environmental Monitoring,55081,50.591,Weak,2016.0,11.0,N/A,"Tapia-Olvera, R.| Beltran-Carbajal, F.| Aguilar-Mejia, O.| Valderrabano-Gonzalez, A.",Universidad Autónoma Metropolitana| Universidad Panamericana (UP)| Universidad Nacional Autónoma de México,Mexico,0
56000737300,56000737300,Online Frequency Estimation on a Building-like Structure Using a Nonlinear Flexible Dynamic Vibration Absorber,"Beltran-Carbajal, F.| Abundis-Fong, H.F.| Trujillo-Franco, L.G.| Yañez-Badillo, H.| Favela-Contreras, A.| Campos-Mercado, E.",6.0,56000737300| 54894439000| 56514134800| 57193958449| 6507514178| 57194056359,2022.0,2022-03-01,Mathematics,10,5,-,708,ISSN-22277390,21100830702.0,Journal,MDPI,English,0.98,31,3.5,12,0.446,37,1.35,22.0,11.0,1.48,7.45,28.0,19.0,0.0,0.0,"Beltran-Carbajal, F., Abundis-Fong, H.F., Trujillo-Franco, L.G. and 3 more (...) (2022).Online Frequency Estimation on a Building-like Structure Using a Nonlinear Flexible Dynamic Vibration Absorber. Mathematics,10(5) ",https://www.scopus.com/record/display.url?eid=2-s2.0-85125490450&origin=resultslist,10.3390/math10050708,Article,Gold|Green,2-s2.0-85125490450,-,"Tecnológico Nacional de México, Mexico City| Universidad Autónoma Metropolitana| Instituto Tecnologico de Estudios Superiores de Monterrey",719128| 505017| 505012,Academic,3.0,60023193| 60014923| 60134870| 126414148| 127596437| 60007966| 127785571,Universidad Autónoma Metropolitana - Azcapotzalco| Universidad Autónoma Metropolitana| Tecnológico Nacional de México| Universidad Politécnica de Pachuca| Departamento de Investigación y Desarrollo Tecnológico| Tecnológico de Monterrey| Santo Domingo Tehuantepec,56000737300,57194056359,54894439000,-,Mexico,1.0,1701| 2201| 2600,Computer Science (miscellaneous)| Engineering (miscellaneous)| General Mathematics,4| 2,Natural Sciences| Engineering & Technology,431| 212,Mathematics| Computer Science & Information Systems,36| 38| 37,Engineering| Computer Science| Physical Sciences,49,Mathematical Sciences,-,-,-,Adaptive Control Systems for Nonlinear Dynamics,107,88.816,Model-Free Control and Parameter Estimation Techniques,43560,74.304,Defensible,2022.0,11.0,N/A,"Beltran-Carbajal, F.| Abundis-Fong, H.F.| Trujillo-Franco, L.G.| Yañez-Badillo, H.| Favela-Contreras, A.| Campos-Mercado, E.","Tecnológico Nacional de México, Mexico City| Universidad Autónoma Metropolitana| Instituto Tecnologico de Estudios Superiores de Monterrey",Mexico,0
56000737300,56000737300,B-Spline Artificial Neural Networks in Robust Induction Motor Control,"Beltran-Carbajal, F.| Yanez-Badillo, H.| Galvan-Perez, D.| Rivas-Cambero, I.| Sotelo, D.| Sotelo, C.",6.0,56000737300| 57193958449| 55662739100| 42262558100| 57204108802| 57195475435,2024.0,2024-01-01,IEEE Access,12,-,101679-101700,-,ISSN-21693536,21100374601.0,Journal,Institute of Electrical and Electronics Engineers Inc.,English,1.5,12,9,10,0.849,17,0.27,5.0,11.0,1.36,8.08,13.0,22.0,0.0,0.0,"Beltran-Carbajal, F., Yanez-Badillo, H., Galvan-Perez, D. and 3 more (...) (2024).B-Spline Artificial Neural Networks in Robust Induction Motor Control. IEEE Access,12101679-101700",https://www.scopus.com/record/display.url?eid=2-s2.0-85199091120&origin=resultslist,10.1109/ACCESS.2024.3430323,Article,Gold|Green,2-s2.0-85199091120,-,Universidad Autónoma Metropolitana| Instituto Tecnologico de Estudios Superiores de Monterrey,505017| 505012,Academic,2.0,60023193| 127596437| 112696790| 60007966,Universidad Autónoma Metropolitana - Azcapotzalco| Departamento de Investigación y Desarrollo Tecnológico| Universidad Politécnica de Tulancingo| Tecnológico de Monterrey,56000737300,57195475435,57204108802,-,Mexico,1.0,1700| 2200| 2500,General Computer Science| General Engineering| General Materials Science,2,Engineering & Technology,212| 433,Computer Science & Information Systems| Materials Science,38| 36,Computer Science| Engineering,46| 40,Information And Computing Sciences| Engineering,-,-,-,Adaptive Control Systems for Nonlinear Dynamics,107,88.816,Model-Free Control and Parameter Estimation Techniques,43560,74.304,Other,2024.0,11.0,N/A,"Beltran-Carbajal, F.| Yanez-Badillo, H.| Galvan-Perez, D.| Rivas-Cambero, I.| Sotelo, D.| Sotelo, C.",Universidad Autónoma Metropolitana| Instituto Tecnologico de Estudios Superiores de Monterrey,Mexico,0
56000737300,56000737300,Adaptive Neural Motion Control of a Quadrotor UAV,"Yañez-Badillo, H.| Tapia-Olvera, R.| Beltran-Carbajal, F.",3.0,57193958449| 55810886300| 56000737300,2020.0,2020-09-01,Vehicles,2,3,468-490,-,ISSN-26248921,21101105296.0,Journal,MDPI,English,0.78,46,-,-,-,-,0.15,5.0,11.0,0.52,13.37,38.0,45.0,0.0,0.0,"Yañez-Badillo, H., Tapia-Olvera, R., Beltran-Carbajal, F. (2020).Adaptive Neural Motion Control of a Quadrotor UAV. Vehicles,2(3) 468-490",https://www.scopus.com/record/display.url?eid=2-s2.0-85115925135&origin=resultslist,10.3390/vehicles2030026,Article,Gold|Green,2-s2.0-85115925135,-,Universidad Autónoma Metropolitana| Universidad Nacional Autónoma de México,505017| 505023,Academic,2.0,128917070| 60032442| 60014923| 60023193,División de Mecatrónica| Universidad Nacional Autónoma de México| Universidad Autónoma Metropolitana| Universidad Autónoma Metropolitana - Azcapotzalco,57193958449,56000737300,57193958449,-,Mexico,1.0,2203| 2208,Automotive Engineering| Electrical and Electronic Engineering,2,Engineering & Technology,249| 221| 222,Engineering - Petroleum| Engineering - Electrical & Electronic| Engineering - Mechanical,36,Engineering,-,-,-,-,-,Autonomous Control Systems for Aerial Vehicles,1233,56.769,Control Strategies for Autonomous Quadrotor Navigation,456,99.264,Definitive,2020.0,11.0,N/A,"Yañez-Badillo, H.| Tapia-Olvera, R.| Beltran-Carbajal, F.",Universidad Autónoma Metropolitana| Universidad Nacional Autónoma de México,Mexico,0
56000737300,56000737300,Novel Strategy of Adaptive Predictive Control Based on a MIMO-ARX Model,"Piñón, A.| Favela-Contreras, A.| Beltran-Carbajal, F.| Lozoya, C.| Dieck-Assad, G.",5.0,57188694810| 6507514178| 56000737300| 24721606600| 6506062742,2022.0,2022-01-01,Actuators,11,1,-,21,ISSN-20760825,21100836581.0,Journal,MDPI,English,0.97,32,3.2,34,0.47,46,1.82,41.0,10.0,0.72,12.43,30.0,39.0,0.0,0.0,"Piñón, A., Favela-Contreras, A., Beltran-Carbajal, F. and 2 more (...) (2022).Novel Strategy of Adaptive Predictive Control Based on a MIMO-ARX Model. Actuators,11(1) ",https://www.scopus.com/record/display.url?eid=2-s2.0-85123543164&origin=resultslist,10.3390/act11010021,Article,Gold|Green,2-s2.0-85123543164,-,Universidad Autónoma Metropolitana| Instituto Tecnologico de Estudios Superiores de Monterrey,505017| 505012,Academic,2.0,60007966| 60023193,Tecnológico de Monterrey| Universidad Autónoma Metropolitana - Azcapotzalco,57188694810,6506062742,6507514178,-,Mexico,1.0,2207| 2606,Control and Systems Engineering| Control and Optimization,2| 4,Engineering & Technology| Natural Sciences,212| 431,Computer Science & Information Systems| Mathematics,37| 36,Physical Sciences| Engineering,40,Engineering,4008| 4007,"Electrical engineering| Control engineering, mechatronics and robotics",-,Predictive Control Models for Complex Systems,1003,37.345,Adaptive Control Systems for Process Optimization,82290,3.198,Very Good,2022.0,10.0,N/A,"Piñón, A.| Favela-Contreras, A.| Beltran-Carbajal, F.| Lozoya, C.| Dieck-Assad, G.",Universidad Autónoma Metropolitana| Instituto Tecnologico de Estudios Superiores de Monterrey,Mexico,0
56000737300,56000737300,On-line modal parameter identification applied to linear and nonlinear vibration absorbers,"Trujillo-Franco, L.G.| Silva-Navarro, G.| Beltran-Carbajal, F.| Campos-Mercado, E.| Abundis-Fong, H.F.",5.0,56514134800| 6603129619| 56000737300| 57194056359| 54894439000,2020.0,2020-12-01,Actuators,9,4,1-20,119,ISSN-20760825,21100836581.0,Journal,MDPI AG,English,1.04,30,3,37,0.383,47,0.92,22.0,10.0,0.79,11.44,40.0,34.0,0.0,0.0,"Trujillo-Franco, L.G., Silva-Navarro, G., Beltran-Carbajal, F. and 2 more (...) (2020).On-line modal parameter identification applied to linear and nonlinear vibration absorbers. Actuators,9(4) 1-20",https://www.scopus.com/record/display.url?eid=2-s2.0-85097007899&origin=resultslist,10.3390/act9040119,Article,Gold|Green,2-s2.0-85097007899,-,"Tecnológico Nacional de México, Mexico City| Centro de Investigacion y de Estudios Avanzados del Instituto Politécnico Nacional| Universidad Autónoma Metropolitana",719128| 505002| 505017,Government| Academic,3.0,104840822| 60017323| 60023193| 113302153| 60134870,Universidad Politécnica de Pachuca| Centro de Investigacion y de Estudios Avanzados del Instituto Politécnico Nacional| Universidad Autónoma Metropolitana - Azcapotzalco| UNISTMO University| Tecnológico Nacional de México,56514134800,54894439000,54894439000,-,Mexico,1.0,2207| 2606,Control and Systems Engineering| Control and Optimization,2| 4,Engineering & Technology| Natural Sciences,212| 431,Computer Science & Information Systems| Mathematics,37| 36,Physical Sciences| Engineering,40,Engineering,4008| 4007,"Electrical engineering| Control engineering, mechatronics and robotics",-,Innovative Strategies for Seismic Vibration Control,1078,55.33,Nonlinear Vibration Control in Dynamic Systems,16817,80.86,Defensible,2020.0,10.0,N/A,"Trujillo-Franco, L.G.| Silva-Navarro, G.| Beltran-Carbajal, F.| Campos-Mercado, E.| Abundis-Fong, H.F.","Tecnológico Nacional de México, Mexico City| Centro de Investigacion y de Estudios Avanzados del Instituto Politécnico Nacional| Universidad Autónoma Metropolitana",Mexico,0
56000737300,56000737300,A Multilevel Boost Converter with Reduced Inductor Current,"Rosas-Caro, J.C.| Valdez-Resendiz, J.E.| Escobar, G.| Beltran-Carbajal, F.",4.0,57191227591| 37121175000| 7004849882| 56000737300,2023.0,2023-11-01,Electronics (Switzerland),12,22,-,4585,ISSN-20799292,21100829272.0,Journal,Multidisciplinary Digital Publishing Institute (MDPI),English,0.99,28,5.3,30,0.644,33,2.08,43.0,10.0,0.75,13.4,23.0,37.0,0.0,0.0,"Rosas-Caro, J.C., Valdez-Resendiz, J.E., Escobar, G. and 1 more (...) (2023).A Multilevel Boost Converter with Reduced Inductor Current. Electronics (Switzerland),12(22) ",https://www.scopus.com/record/display.url?eid=2-s2.0-85178361638&origin=resultslist,10.3390/electronics12224585,Article,Gold,2-s2.0-85178361638,-,Universidad Autónoma Metropolitana| Universidad Panamericana (UP)| Instituto Tecnologico de Estudios Superiores de Monterrey,505017| 702732| 505012,Academic,3.0,60012895| 60007966| 60014923| 60023193,Universidad Panamericana| Tecnológico de Monterrey| Universidad Autónoma Metropolitana| Universidad Autónoma Metropolitana - Azcapotzalco,57191227591,56000737300,57191227591| 37121175000,-,Mexico,1.0,1705| 1708| 1711| 2207| 2208,Computer Networks and Communications| Hardware and Architecture| Signal Processing| Control and Systems Engineering| Electrical and Electronic Engineering,2,Engineering & Technology,249| 213| 221| 212,Engineering - Petroleum| Data Science| Engineering - Electrical & Electronic| Computer Science & Information Systems,38| 36,Computer Science| Engineering,40,Engineering,4006| 4008| 4009,"Communications engineering| Electrical engineering| Electronics, sensors and digital hardware",SDG 7,Power Conversion and Management,295,79.595,High Voltage Boost Converter Innovations,1351,98.91,Definitive,2023.0,10.0,N/A,"Rosas-Caro, J.C.| Valdez-Resendiz, J.E.| Escobar, G.| Beltran-Carbajal, F.",Universidad Autónoma Metropolitana| Universidad Panamericana (UP)| Instituto Tecnologico de Estudios Superiores de Monterrey,Mexico,0
56000737300,56000737300,Neural Network Trajectory Tracking Control on Electromagnetic Suspension Systems,"Beltran-Carbajal, F.| Yañez-Badillo, H.| Tapia-Olvera, R.| Rosas-Caro, J.C.| Sotelo, C.| Sotelo, D.",6.0,56000737300| 57193958449| 55810886300| 57191227591| 57195475435| 57204108802,2023.0,2023-05-01,Mathematics,11,10,-,2272,ISSN-22277390,21100830702.0,Journal,MDPI,English,0.91,33,4,10,0.475,35,2.97,43.0,10.0,1.61,6.2,23.0,17.0,0.0,0.0,"Beltran-Carbajal, F., Yañez-Badillo, H., Tapia-Olvera, R. and 3 more (...) (2023).Neural Network Trajectory Tracking Control on Electromagnetic Suspension Systems. Mathematics,11(10) ",https://www.scopus.com/record/display.url?eid=2-s2.0-85160510197&origin=resultslist,10.3390/math11102272,Article,Gold|Green,2-s2.0-85160510197,-,Universidad Autónoma Metropolitana| Universidad Panamericana (UP)| Universidad Nacional Autónoma de México| Instituto Tecnologico de Estudios Superiores de Monterrey,505017| 702732| 505023| 505012,Academic,4.0,60023193| 60014923| 127564574| 60032442| 60012895| 60007966,Universidad Autónoma Metropolitana - Azcapotzalco| Universidad Autónoma Metropolitana| Departamento de Investigación| Universidad Nacional Autónoma de México| Universidad Panamericana| Tecnológico de Monterrey,56000737300,57204108802,57195475435,-,Mexico,1.0,1701| 2201| 2600,Computer Science (miscellaneous)| Engineering (miscellaneous)| General Mathematics,2| 4,Engineering & Technology| Natural Sciences,431| 212,Mathematics| Computer Science & Information Systems,37| 36| 38,Physical Sciences| Engineering| Computer Science,49,Mathematical Sciences,-,-,-,Dynamic Control of Magnetic Rotor Systems,845,37.672,Magnetic Bearing Systems and Control,2668,91.693,Definitive,2023.0,10.0,N/A,"Beltran-Carbajal, F.| Yañez-Badillo, H.| Tapia-Olvera, R.| Rosas-Caro, J.C.| Sotelo, C.| Sotelo, D.",Universidad Autónoma Metropolitana| Universidad Panamericana (UP)| Universidad Nacional Autónoma de México| Instituto Tecnologico de Estudios Superiores de Monterrey,Mexico,0
56000737300,56000737300,On Active Vibration Absorption in Motion Control of a Quadrotor UAV,"Beltran-Carbajal, F.| Yañez-Badillo, H.| Tapia-Olvera, R.| Favela-Contreras, A.| Valderrabano-Gonzalez, A.| Lopez-Garcia, I.",6.0,56000737300| 57193958449| 55810886300| 6507514178| 51864763800| 56410643900,2022.0,2022-01-01,Mathematics,10,2,-,235,ISSN-22277390,21100830702.0,Journal,MDPI,English,0.98,31,3.5,12,0.446,37,2.09,35.0,9.0,1.07,7.45,33.0,27.0,0.0,0.0,"Beltran-Carbajal, F., Yañez-Badillo, H., Tapia-Olvera, R. and 3 more (...) (2022).On Active Vibration Absorption in Motion Control of a Quadrotor UAV. Mathematics,10(2) ",https://www.scopus.com/record/display.url?eid=2-s2.0-85122926280&origin=resultslist,10.3390/math10020235,Article,Gold|Green,2-s2.0-85122926280,-,Universidad Autónoma Metropolitana| Universidad Panamericana (UP)| Universidad Nacional Autónoma de México| Instituto Tecnologico de Estudios Superiores de Monterrey,505017| 702732| 505023| 505012,Academic,4.0,60023193| 60014923| 127596437| 60032442| 60007966| 60012895,Universidad Autónoma Metropolitana - Azcapotzalco| Universidad Autónoma Metropolitana| Departamento de Investigación y Desarrollo Tecnológico| Universidad Nacional Autónoma de México| Tecnológico de Monterrey| Universidad Panamericana,56000737300,56410643900,56000737300,-,Mexico,1.0,1701| 2201| 2600,Computer Science (miscellaneous)| Engineering (miscellaneous)| General Mathematics,4| 2,Natural Sciences| Engineering & Technology,212| 431,Computer Science & Information Systems| Mathematics,38| 36| 37,Computer Science| Engineering| Physical Sciences,49,Mathematical Sciences,-,-,-,Autonomous Control Systems for Aerial Vehicles,1233,56.769,Control Strategies for Autonomous Quadrotor Navigation,456,99.264,Definitive,2022.0,9.0,N/A,"Beltran-Carbajal, F.| Yañez-Badillo, H.| Tapia-Olvera, R.| Favela-Contreras, A.| Valderrabano-Gonzalez, A.| Lopez-Garcia, I.",Universidad Autónoma Metropolitana| Universidad Panamericana (UP)| Universidad Nacional Autónoma de México| Instituto Tecnologico de Estudios Superiores de Monterrey,Mexico,0
56000737300,56000737300,Control Structure Design for Crude Oil Quality Improvement in a Dehydration and Desalting Process,"Sotelo, C.| Favela-Contreras, A.| Sotelo, D.| Beltrán-Carbajal, F.| Cruz, E.",5.0,57195475435| 6507514178| 57204108802| 56000737300| 57204111090,2018.0,2018-11-01,Arabian Journal for Science and Engineering,43,11,6579-6594,-,ISSN-2193567X,13951.0,Journal,Springer Verlag,English,0.96,32,2.1,20,0.32,27,1.36,47.0,9.0,0.26,19.27,44.0,60.0,0.0,0.0,"Sotelo, C., Favela-Contreras, A., Sotelo, D. and 2 more (...) (2018).Control Structure Design for Crude Oil Quality Improvement in a Dehydration and Desalting Process. Arabian Journal for Science and Engineering,43(11) 6579-6594",https://www.scopus.com/record/display.url?eid=2-s2.0-85054499942&origin=resultslist,10.1007/s13369-018-3360-6,Article,,2-s2.0-85054499942,-,Universidad Autónoma Metropolitana| Petróleos Mexicano| Instituto Tecnologico de Estudios Superiores de Monterrey,505017| 713874| 505012,Academic| Corporate,3.0,60007966| 60014923| 60023193| 60003905,"Tecnológico de Monterrey| Universidad Autónoma Metropolitana| Universidad Autónoma Metropolitana - Azcapotzalco| PEMEX, Mexico",57195475435,57204111090,6507514178,-,Mexico,1.0,1000,Multidisciplinary,-,-,-,-,-,-,40,Engineering,4016| 4005| 4004,Materials engineering| Civil engineering| Chemical engineering,-,Herbicide Resistance and Weed Management Innovations,595,77.436,Electric Field Dynamics in Oil-Water Emulsions,14176,86.429,Defensible,2018.0,9.0,N/A,"Sotelo, C.| Favela-Contreras, A.| Sotelo, D.| Beltrán-Carbajal, F.| Cruz, E.",Universidad Autónoma Metropolitana| Petróleos Mexicano| Instituto Tecnologico de Estudios Superiores de Monterrey,Mexico,0
56000737300,56000737300,Motion-Tracking Control of Mobile Manipulation Robotic Systems Using Artificial Neural Networks for Manufacturing Applications,"Galvan-Perez, D.| Beltran-Carbajal, F.| Rivas-Cambero, I.| Yañez-Badillo, H.| Favela-Contreras, A.| Tapia-Olvera, R.",6.0,55662739100| 56000737300| 42262558100| 57193958449| 6507514178| 55810886300,2023.0,2023-08-01,Mathematics,11,16,-,3489,ISSN-22277390,21100830702.0,Journal,Multidisciplinary Digital Publishing Institute (MDPI),English,0.91,33,4,10,0.475,35,0.28,4.0,8.0,1.29,6.2,28.0,22.0,0.0,0.0,"Galvan-Perez, D., Beltran-Carbajal, F., Rivas-Cambero, I. and 3 more (...) (2023).Motion-Tracking Control of Mobile Manipulation Robotic Systems Using Artificial Neural Networks for Manufacturing Applications. Mathematics,11(16) ",https://www.scopus.com/record/display.url?eid=2-s2.0-85189949361&origin=resultslist,10.3390/math11163489,Article,Gold|Green,2-s2.0-85189949361,-,Universidad Autónoma Metropolitana| Universidad Nacional Autónoma de México| Instituto Tecnologico de Estudios Superiores de Monterrey,505017| 505023| 505012,Academic,3.0,108199060| 60023193| 60014923| 127564574| 60007966| 60032442,Universidad Politécnica de Tulancingo| Universidad Autónoma Metropolitana - Azcapotzalco| Universidad Autónoma Metropolitana| Departamento de Investigación| Tecnológico de Monterrey| Universidad Nacional Autónoma de México,55662739100,55810886300,56000737300,-,Mexico,1.0,1701| 2201| 2600,Computer Science (miscellaneous)| Engineering (miscellaneous)| General Mathematics,2| 4,Engineering & Technology| Natural Sciences,431| 212,Mathematics| Computer Science & Information Systems,36| 38| 37,Engineering| Computer Science| Physical Sciences,49,Mathematical Sciences,-,-,SDG 9,Innovative Algorithms for Mobile Robot Navigation,489,78.744,Dynamic Control of Mobile Manipulators in Robotics,20027,80.553,Definitive,2023.0,8.0,N/A,"Galvan-Perez, D.| Beltran-Carbajal, F.| Rivas-Cambero, I.| Yañez-Badillo, H.| Favela-Contreras, A.| Tapia-Olvera, R.",Universidad Autónoma Metropolitana| Universidad Nacional Autónoma de México| Instituto Tecnologico de Estudios Superiores de Monterrey,Mexico,0
56000737300,56000737300,A Dynamic Motion Tracking Control Approach for a Quadrotor Aerial Mechanical System,"Yañez-Badillo, H.| Beltran-Carbajal, F.| Tapia-Olvera, R.| Valderrabano-Gonzalez, A.| Favela-Contreras, A.| Rosas-Caro, J.C.",6.0,57193958449| 56000737300| 55810886300| 51864763800| 6507514178| 57191227591,2020.0,2020-01-01,Shock and Vibration,2020,-,-,6635011,ISSN-10709622,13511.0,Journal,Hindawi Limited,English,0.79,45,2.2,49,0.418,45,0.94,30.0,8.0,0.57,12.29,45.0,43.0,0.0,0.0,"Yañez-Badillo, H., Beltran-Carbajal, F., Tapia-Olvera, R. and 3 more (...) (2020).A Dynamic Motion Tracking Control Approach for a Quadrotor Aerial Mechanical System. Shock and Vibration,2020",https://www.scopus.com/record/display.url?eid=2-s2.0-85099316325&origin=resultslist,10.1155/2020/6635011,Article,Gold|Green,2-s2.0-85099316325,-,Universidad Autónoma Metropolitana| Universidad Panamericana (UP)| Universidad Nacional Autónoma de México| Instituto Tecnologico de Estudios Superiores de Monterrey,505017| 702732| 505023| 505012,Academic,4.0,125637654| 60023193| 60032442| 60012895| 60007966,División de Mecatrónica| Universidad Autónoma Metropolitana - Azcapotzalco| Universidad Nacional Autónoma de México| Universidad Panamericana| Tecnológico de Monterrey,57193958449,57191227591,56000737300,-,Mexico,1.0,1909| 2205| 2210| 2211| 3104,Geotechnical Engineering and Engineering Geology| Civil and Structural Engineering| Mechanical Engineering| Mechanics of Materials| Condensed Matter Physics,2| 4,Engineering & Technology| Natural Sciences,439| 450| 247| 249| 220| 222| 433| 451| 416,Physics & Astronomy| Geology| Engineering - Mineral & Mining| Engineering - Petroleum| Engineering - Civil & Structural| Engineering - Mechanical| Materials Science| Geophysics| Earth & Marine Sciences,37| 36,Physical Sciences| Engineering,40,Engineering,4017| 4005,Mechanical engineering| Civil engineering,-,Autonomous Control Systems for Aerial Vehicles,1233,56.769,Control Strategies for Autonomous Quadrotor Navigation,456,99.264,Definitive,2020.0,8.0,N/A,"Yañez-Badillo, H.| Beltran-Carbajal, F.| Tapia-Olvera, R.| Valderrabano-Gonzalez, A.| Favela-Contreras, A.| Rosas-Caro, J.C.",Universidad Autónoma Metropolitana| Universidad Panamericana (UP)| Universidad Nacional Autónoma de México| Instituto Tecnologico de Estudios Superiores de Monterrey,Mexico,0
56000737300,56000737300,Power Signal Analysis for Early Fault Detection in Brushless DC Motor Drivers Based on the Hilbert–Huang Transform,"Marcos-Andrade, D.| Beltran-Carbajal, F.| Esquivel-Cruz, E.| Rivas-Cambero, I.| Gabbar, H.A.| Castelan-Perez, A.",6.0,59007234600| 56000737300| 58486213700| 42262558100| 6603006276| 59007162800,2024.0,2024-04-01,World Electric Vehicle Journal,15,4,-,159,ISSN-20326653,19700201173.0,Journal,Multidisciplinary Digital Publishing Institute (MDPI),English,1.01,29,5,26,0.582,27,1.24,18.0,8.0,0.92,8.72,18.0,32.0,0.0,0.0,"Marcos-Andrade, D., Beltran-Carbajal, F., Esquivel-Cruz, E. and 3 more (...) (2024).Power Signal Analysis for Early Fault Detection in Brushless DC Motor Drivers Based on the Hilbert–Huang Transform. World Electric Vehicle Journal,15(4) ",https://www.scopus.com/record/display.url?eid=2-s2.0-85191657887&origin=resultslist,10.3390/wevj15040159,Article,Gold|Green,2-s2.0-85191657887,-,Universidad Autónoma Metropolitana| Ontario Tech University,505017| 501043,Academic,2.0,112696790| 60023193| 60014923| 60002146,Universidad Politécnica de Tulancingo| Universidad Autónoma Metropolitana - Azcapotzalco| Universidad Autónoma Metropolitana| Ontario Tech University,59007234600,59007162800,56000737300,-,Mexico| Canada,2.0,2203,Automotive Engineering,2,Engineering & Technology,222,Engineering - Mechanical,36,Engineering,35| 40,"Commerce, Management, Tourism And Services| Engineering",4002| 3509| 4009,"Automotive engineering| Transportation, logistics and supply chains| Electronics, sensors and digital hardware",-,Fault Protection for Power Systems,552,60.693,Fault Detection in Permanent Magnet Synchronous Motors,17500,95.96,Definitive,2024.0,8.0,N/A,"Marcos-Andrade, D.| Beltran-Carbajal, F.| Esquivel-Cruz, E.| Rivas-Cambero, I.| Gabbar, H.A.| Castelan-Perez, A.",Universidad Autónoma Metropolitana| Ontario Tech University,Mexico| Canada,0
56000737300,56000737300,Oscillation Attenuation in a Building-like Structure by Using a Flexible Vibration Absorber,"Trujillo-Franco, L.G.| Flores-Morita, N.| Abundis-Fong, H.F.| Beltran-Carbajal, F.| Dzul-Lopez, A.E.| Rivera-Arreola, D.E.",6.0,56514134800| 57222319400| 54894439000| 56000737300| 6602512084| 36697065500,2022.0,2022-02-01,Mathematics,10,3,-,289,ISSN-22277390,21100830702.0,Journal,MDPI,English,0.98,31,3.5,12,0.446,37,0.86,17.0,8.0,1.07,7.45,36.0,27.0,0.0,0.0,"Trujillo-Franco, L.G., Flores-Morita, N., Abundis-Fong, H.F. and 3 more (...) (2022).Oscillation Attenuation in a Building-like Structure by Using a Flexible Vibration Absorber. Mathematics,10(3) ",https://www.scopus.com/record/display.url?eid=2-s2.0-85123217594&origin=resultslist,10.3390/math10030289,Article,Gold|Green,2-s2.0-85123217594,-,"Tecnológico Nacional de México, Mexico City| Universidad Autónoma Metropolitana",719128| 505017,Academic,2.0,100465802| 60134870| 60023193| 60014923,Universidad Politécnica de Pachuca| Tecnológico Nacional de México| Universidad Autónoma Metropolitana - Azcapotzalco| Universidad Autónoma Metropolitana,56514134800,36697065500,54894439000,-,Mexico,1.0,1701| 2201| 2600,Computer Science (miscellaneous)| Engineering (miscellaneous)| General Mathematics,2| 4,Engineering & Technology| Natural Sciences,431| 212,Mathematics| Computer Science & Information Systems,38| 36| 37,Computer Science| Engineering| Physical Sciences,49,Mathematical Sciences,-,-,-,Innovative Strategies for Seismic Vibration Control,1078,55.33,Nonlinear Vibration Control in Dynamic Systems,16817,80.86,Very Good,2022.0,8.0,N/A,"Trujillo-Franco, L.G.| Flores-Morita, N.| Abundis-Fong, H.F.| Beltran-Carbajal, F.| Dzul-Lopez, A.E.| Rivera-Arreola, D.E.","Tecnológico Nacional de México, Mexico City| Universidad Autónoma Metropolitana",Mexico,0
56000737300,56000737300,Rigorous dynamic simulation of a dehydration and desalting crude oil unit using aspen hysys®,"Sotelo, C.| Favela-Contreras, A.| Ramirez-Mendoza, R.A.| Beltran-Carbajal, F.| Cruz, E.| Sotelo, D.",6.0,57195475435| 6507514178| 6506830381| 56000737300| 57204111090| 57204108802,2021.0,2021-06-01,International Journal of Simulation Modelling,20,2,231-242,-,ISSN-17264529,144698.0,Journal,DAAAM International Vienna,English,1.18,24,5.1,18,0.713,30,1.06,31.0,8.0,0.4,12.59,41.0,54.0,0.0,0.0,"Sotelo, C., Favela-Contreras, A., Ramirez-Mendoza, R.A. and 3 more (...) (2021).Rigorous dynamic simulation of a dehydration and desalting crude oil unit using aspen hysys®. International Journal of Simulation Modelling,20(2) 231-242",https://www.scopus.com/record/display.url?eid=2-s2.0-85108340702&origin=resultslist,10.2507/IJSIMM20-2-546,Article,Gold,2-s2.0-85108340702,-,Universidad Autónoma Metropolitana| Petróleos Mexicano| Instituto Tecnologico de Estudios Superiores de Monterrey,505017| 713874| 505012,Academic| Corporate,3.0,60007966| 60003905| 60023193| 60014923,"Tecnológico de Monterrey| PEMEX, Mexico| Universidad Autónoma Metropolitana - Azcapotzalco| Universidad Autónoma Metropolitana",57195475435,57204108802,6507514178,-,Mexico,1.0,1706| 2611,Computer Science Applications| Modeling and Simulation,4| 2,Natural Sciences| Engineering & Technology,213| 431| 212,Data Science| Mathematics| Computer Science & Information Systems,37| 38,Physical Sciences| Computer Science,35| 40| 46,"Commerce, Management, Tourism And Services| Engineering| Information And Computing Sciences",4014| 3509| 4699,"Manufacturing engineering| Transportation, logistics and supply chains| Other information and computing sciences",-,Herbicide Resistance and Weed Management Innovations,595,77.436,Electric Field Dynamics in Oil-Water Emulsions,14176,86.429,Defensible,2021.0,8.0,N/A,"Sotelo, C.| Favela-Contreras, A.| Ramirez-Mendoza, R.A.| Beltran-Carbajal, F.| Cruz, E.| Sotelo, D.",Universidad Autónoma Metropolitana| Petróleos Mexicano| Instituto Tecnologico de Estudios Superiores de Monterrey,Mexico,0
56000737300,56000737300,Dynamic output feedback control for desired motion tracking on synchronous motors,"Beltran-Carbajal, F.| Favela-Contreras, A.| Hernandez-Avila, J.L.| Olvera-Tapia, O.| Sotelo, D.| Sotelo, C.",6.0,56000737300| 6507514178| 6701386028| 57190486673| 57204108802| 57195475435,2020.0,2020-03-01,International Transactions on Electrical Energy Systems,30,3,-,e12260,ISSN-20507038,21100241220.0,Journal,John Wiley and Sons Ltd,English,0.91,38,3.1,40,0.428,40,0.99,23.0,7.0,0.31,12.74,47.0,58.0,0.0,0.0,"Beltran-Carbajal, F., Favela-Contreras, A., Hernandez-Avila, J.L. and 3 more (...) (2020).Dynamic output feedback control for desired motion tracking on synchronous motors. International Transactions on Electrical Energy Systems,30(3) ",https://www.scopus.com/record/display.url?eid=2-s2.0-85077882794&origin=resultslist,10.1002/2050-7038.12260,Article,,2-s2.0-85077882794,-,Universidad Autónoma Metropolitana| Instituto Tecnologico de Estudios Superiores de Monterrey,505017| 505012,Academic,2.0,60023193| 60007966| 123764578,Universidad Autónoma Metropolitana - Azcapotzalco| Tecnológico de Monterrey| Now Independent Researcher,56000737300,57195475435,56000737300,-,Mexico,1.0,2102| 2208| 2611,Energy Engineering and Power Technology| Electrical and Electronic Engineering| Modeling and Simulation,4| 2,Natural Sciences| Engineering & Technology,249| 431| 221,Engineering - Petroleum| Mathematics| Engineering - Electrical & Electronic,37| 36,Physical Sciences| Engineering,46| 40,Information And Computing Sciences| Engineering,4009| 4602| 4008,"Electronics, sensors and digital hardware| Artificial intelligence| Electrical engineering",SDG 7,Motor Control Systems and Techniques,563,47.22,Adaptive Control Strategies for Permanent Magnet Synchronous Motors,14223,96.327,Defensible,2020.0,7.0,N/A,"Beltran-Carbajal, F.| Favela-Contreras, A.| Hernandez-Avila, J.L.| Olvera-Tapia, O.| Sotelo, D.| Sotelo, C.",Universidad Autónoma Metropolitana| Instituto Tecnologico de Estudios Superiores de Monterrey,Mexico,0
56000737300,56000737300,Output feedback dynamic tracking excitation control of synchronous generators,"Beltran-Carbajal, F.| Favela-Contreras, A.| Lopez-Garcia, I.| Valderrabano-Gonzalez, A.| Rosas-Caro, J.C.| Sanchez-Huerta, V.M.",6.0,56000737300| 6507514178| 56410643900| 51864763800| 57191227591| 7103226481,2016.0,2016-09-02,"IET Generation, Transmission and Distribution",10,12,3041-3049,-,ISSN-17518687,5400152713.0,Journal,Institution of Engineering and Technology,English,1.46,12,3.4,21,1.03,12,3.08,61.0,7.0,0.2,10.01,48.0,62.0,0.0,0.0,"Beltran-Carbajal, F., Favela-Contreras, A., Lopez-Garcia, I. and 3 more (...) (2016).Output feedback dynamic tracking excitation control of synchronous generators. IET Generation, Transmission and Distribution,10(12) 3041-3049",https://www.scopus.com/record/display.url?eid=2-s2.0-84983680154&origin=resultslist,10.1049/iet-gtd.2016.0133,Article,,2-s2.0-84983680154,-,Universidad Autónoma Metropolitana| Universidad Panamericana (UP)| Instituto Tecnologico de Estudios Superiores de Monterrey,505017| 702732| 505012,Academic,3.0,60023193| 60014923| 60007966| 60012895| 119197672,Universidad Autónoma Metropolitana - Azcapotzalco| Universidad Autónoma Metropolitana| Tecnológico de Monterrey| Universidad Panamericana| Universid ad de Quintana Roo,56000737300,7103226481,56000737300,-,Mexico,1.0,2102| 2207| 2208,Energy Engineering and Power Technology| Control and Systems Engineering| Electrical and Electronic Engineering,2,Engineering & Technology,249| 212| 221,Engineering - Petroleum| Computer Science & Information Systems| Engineering - Electrical & Electronic,36,Engineering,46| 40,Information And Computing Sciences| Engineering,4008| 4009| 4602,"Electrical engineering| Electronics, sensors and digital hardware| Artificial intelligence",SDG 7,Optimization Techniques in Power Distribution Systems,48,88.097,Adaptive Control Methods for Power System Stability,15574,64.084,Defensible,2016.0,7.0,N/A,"Beltran-Carbajal, F.| Favela-Contreras, A.| Lopez-Garcia, I.| Valderrabano-Gonzalez, A.| Rosas-Caro, J.C.| Sanchez-Huerta, V.M.",Universidad Autónoma Metropolitana| Universidad Panamericana (UP)| Instituto Tecnologico de Estudios Superiores de Monterrey,Mexico,0
56000737300,56000737300,Sliding Mode Speed Control in Synchronous Motors for Agriculture Machinery: A Chattering Suppression Approach,"Marcos-Andrade, D.| Beltran-Carbajal, F.| Rivas-Cambero, I.| Yañez-Badillo, H.| Favela-Contreras, A.| Rosas-Caro, J.C.",6.0,59007234600| 56000737300| 42262558100| 57193958449| 6507514178| 57191227591,2024.0,2024-05-01,Agriculture (Switzerland),14,5,-,737,ISSN-20770472,21100781511.0,Journal,Multidisciplinary Digital Publishing Institute (MDPI),English,1.1,25,6.3,17,0.704,20,1.8,25.0,7.0,1.15,6.09,21.0,26.0,0.0,0.0,"Marcos-Andrade, D., Beltran-Carbajal, F., Rivas-Cambero, I. and 3 more (...) (2024).Sliding Mode Speed Control in Synchronous Motors for Agriculture Machinery: A Chattering Suppression Approach. Agriculture (Switzerland),14(5) ",https://www.scopus.com/record/display.url?eid=2-s2.0-85194037843&origin=resultslist,10.3390/agriculture14050737,Article,Gold|Green,2-s2.0-85194037843,-,Universidad Autónoma Metropolitana| Universidad Panamericana (UP)| Instituto Tecnologico de Estudios Superiores de Monterrey,505017| 702732| 505012,Academic,3.0,112696790| 60014923| 60023193| 127564574| 60007966| 60012895,Universidad Politécnica de Tulancingo| Universidad Autónoma Metropolitana| Universidad Autónoma Metropolitana - Azcapotzalco| Departamento de Investigación| Tecnológico de Monterrey| Universidad Panamericana,59007234600,57191227591,56000737300,-,Mexico,1.0,1102| 1106| 1110,Agronomy and Crop Science| Food Science| Plant Science,5,Life Sciences & Medicine,502,Agriculture & Forestry,32,Life Sciences,30,"Agricultural, Veterinary And Food Sciences",3002| 3003| 3004,"Agriculture, land and farm management| Animal production| Crop and pasture production",SDG 7,Motor Control Systems and Techniques,563,47.22,Adaptive Control Strategies for Permanent Magnet Synchronous Motors,14223,96.327,Definitive,2024.0,7.0,N/A,"Marcos-Andrade, D.| Beltran-Carbajal, F.| Rivas-Cambero, I.| Yañez-Badillo, H.| Favela-Contreras, A.| Rosas-Caro, J.C.",Universidad Autónoma Metropolitana| Universidad Panamericana (UP)| Instituto Tecnologico de Estudios Superiores de Monterrey,Mexico,0
56000737300,56000737300,Power quality improvement by interleaving unequal switching converters,"Juan Pedro, A.-A.| Julio Cesar, R.-C.| Francisco, B.-C.| Antonio, V.-G.| Eduardo, H.-S.| Salvador, G.-A.| Avelina, A.-R.| Pedro Martin, G.-V.",8.0,57191221780| 57191227591| 56000737300| 51864763800| 15727602400| 57191225121| 57202425879| 57191223357,2016.0,2016-01-01,IEICE Electronics Express,13,17,-,20160558,ISSN-13492543,5300152204.0,Journal,Institute of Electronics Information Communication Engineers,English,0.42,69,2.1,41,0.246,57,4.67,92.0,7.0,0.33,9.2,48.0,54.0,0.0,0.0,"Juan Pedro, A.-A., Julio Cesar, R.-C., Francisco, B.-C. and 5 more (...) (2016).Power quality improvement by interleaving unequal switching converters. IEICE Electronics Express,13(17) ",https://www.scopus.com/record/display.url?eid=2-s2.0-84987962096&origin=resultslist,10.1587/elex.13.20160558,Article,Gold,2-s2.0-84987962096,-,Universidad Autónoma Metropolitana| Universidad Panamericana (UP),505017| 702732,Academic,2.0,60012895| 60014923| 60023193| 117380175,Universidad Panamericana| Universidad Autónoma Metropolitana| Universidad Autónoma Metropolitana - Azcapotzalco| Universidad Politecnica de Altamira,57191221780,57191223357,-,-,Mexico,1.0,2208| 2504| 3104,"Electrical and Electronic Engineering| Electronic, Optical and Magnetic Materials| Condensed Matter Physics",4| 2,Natural Sciences| Engineering & Technology,439| 221| 249| 433,Physics & Astronomy| Engineering - Electrical & Electronic| Engineering - Petroleum| Materials Science,37| 36,Physical Sciences| Engineering,40,Engineering,4008| 4009| 4006,"Electrical engineering| Electronics, sensors and digital hardware| Communications engineering",-,Power Conversion and Management,295,79.595,High Voltage Boost Converter Innovations,1351,98.91,Definitive,2016.0,7.0,N/A,"Juan Pedro, A.-A.| Julio Cesar, R.-C.| Francisco, B.-C.| Antonio, V.-G.| Eduardo, H.-S.| Salvador, G.-A.| Avelina, A.-R.| Pedro Martin, G.-V.",Universidad Autónoma Metropolitana| Universidad Panamericana (UP),Mexico,0
56000737300,56000737300,Alternative modes of operation for wind energy conversion systems and the generalised Lambert W-function,"Lopez-Garcia, I.| Lopez-Monsalvo, C.S.| Beltran-Carbajal, F.| Campero-Littlewood, E.",4.0,56410643900| 56013682900| 56000737300| 6602230218,2018.0,2018-07-31,"IET Generation, Transmission and Distribution",12,13,3152-3157,-,ISSN-17518687,5400152713.0,Journal,Institution of Engineering and Technology,English,1.5,12,5.3,14,1.099,11,0.62,18.0,7.0,0.33,12.22,49.0,56.0,0.0,0.0,"Lopez-Garcia, I., Lopez-Monsalvo, C.S., Beltran-Carbajal, F. and 1 more (...) (2018).Alternative modes of operation for wind energy conversion systems and the generalised Lambert W-function. IET Generation, Transmission and Distribution,12(13) 3152-3157",https://www.scopus.com/record/display.url?eid=2-s2.0-85050253497&origin=resultslist,10.1049/iet-gtd.2017.1212,Article,,2-s2.0-85050253497,-,Consejo Nacional de Ciencia y Tecnologia Mexico| Universidad Autónoma Metropolitana,704696| 505017,Academic| Government,2.0,60023193| 60014923| 60027998,"Universidad Autónoma Metropolitana - Azcapotzalco| Universidad Autónoma Metropolitana| Secretaría de Ciencia, Humanidades, Tecnología e Innovación",56410643900,6602230218,56410643900,-,Mexico,1.0,2102| 2207| 2208,Energy Engineering and Power Technology| Control and Systems Engineering| Electrical and Electronic Engineering,2,Engineering & Technology,212| 221| 249,Computer Science & Information Systems| Engineering - Electrical & Electronic| Engineering - Petroleum,36,Engineering,46| 40,Information And Computing Sciences| Engineering,4602| 4009| 4008,"Artificial intelligence| Electronics, sensors and digital hardware| Electrical engineering",SDG 7,Control Strategies for Renewable Energy Systems,280,90.19,Control Strategies for Wind Turbine Power Generation,700,97.213,Defensible,2018.0,7.0,N/A,"Lopez-Garcia, I.| Lopez-Monsalvo, C.S.| Beltran-Carbajal, F.| Campero-Littlewood, E.",Consejo Nacional de Ciencia y Tecnologia Mexico| Universidad Autónoma Metropolitana,Mexico,0
56000737300,56000737300,A Differential Flatness-Based Model Predictive Control Strategy for a Nonlinear Quarter-Car Active Suspension System,"Rodriguez-Guevara, D.| Favela-Contreras, A.| Beltran-Carbajal, F.| Sotelo, C.| Sotelo, D.",5.0,57300389300| 6507514178| 56000737300| 57195475435| 57204108802,2023.0,2023-02-01,Mathematics,11,4,-,1067,ISSN-22277390,21100830702.0,Journal,MDPI,English,0.91,33,4,10,0.475,35,2.07,30.0,6.0,0.97,6.2,34.0,30.0,0.0,0.0,"Rodriguez-Guevara, D., Favela-Contreras, A., Beltran-Carbajal, F. and 2 more (...) (2023).A Differential Flatness-Based Model Predictive Control Strategy for a Nonlinear Quarter-Car Active Suspension System. Mathematics,11(4) ",https://www.scopus.com/record/display.url?eid=2-s2.0-85149046397&origin=resultslist,10.3390/math11041067,Article,Gold|Green,2-s2.0-85149046397,-,Universidad Autónoma Metropolitana| Instituto Tecnologico de Estudios Superiores de Monterrey,505017| 505012,Academic,2.0,60007966| 60014923| 60023193,Tecnológico de Monterrey| Universidad Autónoma Metropolitana| Universidad Autónoma Metropolitana - Azcapotzalco,57300389300,57204108802,6507514178,-,Mexico,1.0,1701| 2201| 2600,Computer Science (miscellaneous)| Engineering (miscellaneous)| General Mathematics,4| 2,Natural Sciences| Engineering & Technology,431| 212,Mathematics| Computer Science & Information Systems,37| 38| 36,Physical Sciences| Computer Science| Engineering,49,Mathematical Sciences,-,-,-,Mechanical Vibration Control in Structural Systems,1141,40.876,Active Suspension Control Systems,1162,96.946,Definitive,2023.0,6.0,N/A,"Rodriguez-Guevara, D.| Favela-Contreras, A.| Beltran-Carbajal, F.| Sotelo, C.| Sotelo, D.",Universidad Autónoma Metropolitana| Instituto Tecnologico de Estudios Superiores de Monterrey,Mexico,0
56000737300,56000737300,On the Regulation of Wind Energy Conversion Systems Working as Conventional Generation Plants,"Lopez-Garcia, I.| Lopez-Monsalvo, C.S.| Gomez-Gonzalez, O.| Sanabria-Villamizar, M.| Beltran-Carbajal, F.| Escarela-Perez, R.",6.0,56410643900| 56013682900| 58307318100| 57215971561| 56000737300| 6701841506,2023.0,2023-06-01,Mathematics,11,11,-,2495,ISSN-22277390,21100830702.0,Journal,MDPI,English,0.91,33,4,10,0.475,35,0.9,13.0,6.0,0.97,6.2,34.0,30.0,0.0,0.0,"Lopez-Garcia, I., Lopez-Monsalvo, C.S., Gomez-Gonzalez, O. and 3 more (...) (2023).On the Regulation of Wind Energy Conversion Systems Working as Conventional Generation Plants. Mathematics,11(11) ",https://www.scopus.com/record/display.url?eid=2-s2.0-85161292597&origin=resultslist,10.3390/math11112495,Article,Gold|Green,2-s2.0-85161292597,-,Universidad Autónoma Metropolitana,505017,Academic,1.0,60014923| 60023193,Universidad Autónoma Metropolitana| Universidad Autónoma Metropolitana - Azcapotzalco,56410643900,6701841506,6701841506,-,Mexico,1.0,1701| 2201| 2600,Computer Science (miscellaneous)| Engineering (miscellaneous)| General Mathematics,4| 2,Natural Sciences| Engineering & Technology,431| 212,Mathematics| Computer Science & Information Systems,36| 37| 38,Engineering| Physical Sciences| Computer Science,49,Mathematical Sciences,-,-,SDG 7,Control Strategies for Renewable Energy Systems,280,90.19,Control Strategies for Wind Turbine Power Generation,700,97.213,Definitive,2023.0,6.0,N/A,"Lopez-Garcia, I.| Lopez-Monsalvo, C.S.| Gomez-Gonzalez, O.| Sanabria-Villamizar, M.| Beltran-Carbajal, F.| Escarela-Perez, R.",Universidad Autónoma Metropolitana,Mexico,0
56000737300,56000737300,Multi-frequency harmonic vibration suppression on mass-spring-damper systems using active vibration absorbers,"Beltran-Carbajal, F.| Silva-Navarro, G.| Vazquez-Gonzalez, B.",3.0,56000737300| 6603129619| 6505910727,2016.0,2016-02-01,Journal of Vibration Engineering and Technologies,4,1,1-12,-,ISSN-25233920,21100364384.0,Journal,Krishtel eMaging Solutions Pvt. Ltd,English,0.44,67,0.4,81,0.208,70,0.53,22.0,6.0,0.53,7.54,51.0,45.0,0.0,0.0,"Beltran-Carbajal, F., Silva-Navarro, G., Vazquez-Gonzalez, B. (2016).Multi-frequency harmonic vibration suppression on mass-spring-damper systems using active vibration absorbers. Journal of Vibration Engineering and Technologies,4(1) 1-12",https://www.scopus.com/record/display.url?eid=2-s2.0-84960868296&origin=resultslist,-,Article,,2-s2.0-84960868296,-,Centro de Investigacion y de Estudios Avanzados del Instituto Politécnico Nacional| Universidad Autónoma Metropolitana,505002| 505017,Academic| Government,2.0,60023193| 60017323,Universidad Autónoma Metropolitana - Azcapotzalco| Centro de Investigacion y de Estudios Avanzados del Instituto Politécnico Nacional,56000737300,6505910727,-,-,Mexico,1.0,2210| 3102,Mechanical Engineering| Acoustics and Ultrasonics,4| 2,Natural Sciences| Engineering & Technology,439| 222,Physics & Astronomy| Engineering - Mechanical,37| 36,Physical Sciences| Engineering,40,Engineering,4001| 4017,Aerospace engineering| Mechanical engineering,-,Innovative Strategies for Seismic Vibration Control,1078,55.33,Tuned Mass Dampers for Enhanced Vibration Control,4755,96.345,Defensible,2016.0,6.0,N/A,"Beltran-Carbajal, F.| Silva-Navarro, G.| Vazquez-Gonzalez, B.",Centro de Investigacion y de Estudios Avanzados del Instituto Politécnico Nacional| Universidad Autónoma Metropolitana,Mexico,0
56000737300,56000737300,Differential evolution based algorithm for optimal current ripple cancelation in an unequal interleaved power converter,"Rosas-Caro, J.C.| García-Vite, P.M.| Rodríguez, A.| Mendoza, A.| Alejo-Reyes, A.| Cuevas, E.| Beltran-Carbajal, F.",7.0,57191227591| 24921088200| 57204038628| 56002690300| 57202425879| 56000906900| 56000737300,2021.0,2021-11-01,Mathematics,9,21,-,2755,ISSN-22277390,21100830702.0,Journal,MDPI,English,1.12,26,2.9,14,0.538,28,1.75,29.0,5.0,0.56,7.19,51.0,45.0,0.0,0.0,"Rosas-Caro, J.C., García-Vite, P.M., Rodríguez, A. and 4 more (...) (2021).Differential evolution based algorithm for optimal current ripple cancelation in an unequal interleaved power converter. Mathematics,9(21) ",https://www.scopus.com/record/display.url?eid=2-s2.0-85118563385&origin=resultslist,10.3390/math9212755,Article,Gold|Green,2-s2.0-85118563385,-,"Tecnológico Nacional de México, Mexico City| Universidad Autónoma Metropolitana| Instituto Tecnológico de Ciudad Madero| Universidad de Guadalajara| Universidad Panamericana (UP)",719128| 505017| 718000| 505019| 702732,Academic,5.0,60012895| 60134870| 60082564| 60008943| 60014923| 60023193,Universidad Panamericana| Tecnológico Nacional de México| Instituto Tecnológico de Ciudad Madero| Universidad de Guadalajara| Universidad Autónoma Metropolitana| Universidad Autónoma Metropolitana - Azcapotzalco,57191227591,56000737300,57191227591,-,Mexico,1.0,1701| 2201| 2600,Computer Science (miscellaneous)| Engineering (miscellaneous)| General Mathematics,4| 2,Natural Sciences| Engineering & Technology,212| 431,Computer Science & Information Systems| Mathematics,38| 37| 36,Computer Science| Physical Sciences| Engineering,49,Mathematical Sciences,-,-,-,Power Conversion and Management,295,79.595,High Voltage Boost Converter Innovations,1351,98.91,Very Good,2021.0,5.0,N/A,"Rosas-Caro, J.C.| García-Vite, P.M.| Rodríguez, A.| Mendoza, A.| Alejo-Reyes, A.| Cuevas, E.| Beltran-Carbajal, F.","Tecnológico Nacional de México, Mexico City| Universidad Autónoma Metropolitana| Instituto Tecnológico de Ciudad Madero| Universidad de Guadalajara| Universidad Panamericana (UP)",Mexico,0
56000737300,56000737300,Online estimation techniques for natural and excitation frequencies on MDOF vibrating mechanical systems,"Silva-Navarro, G.| Beltran-Carbajal, F.| Trujillo-Franco, L.G.| Peza-Solis, J.F.| Garcia-Perez, O.A.",5.0,6603129619| 56000737300| 56514134800| 35759195200| 56969091300,2021.0,2021-03-01,Actuators,10,3,1-16,41,ISSN-20760825,21100836581.0,Journal,MDPI AG,English,1.05,29,2.7,38,0.42,51,0.63,14.0,5.0,0.33,12.01,51.0,58.0,0.0,0.0,"Silva-Navarro, G., Beltran-Carbajal, F., Trujillo-Franco, L.G. and 2 more (...) (2021).Online estimation techniques for natural and excitation frequencies on MDOF vibrating mechanical systems. Actuators,10(3) 1-16",https://www.scopus.com/record/display.url?eid=2-s2.0-85102241939&origin=resultslist,10.3390/act10030041,Article,Gold|Green,2-s2.0-85102241939,-,Centro de Investigacion y de Estudios Avanzados del Instituto Politécnico Nacional| Universidad Autónoma Metropolitana| Instituto Politécnico Nacional,505002| 505017| 505011,Academic| Government,3.0,60017323| 60023193| 100465802| 60019176| 112766773,Centro de Investigacion y de Estudios Avanzados del Instituto Politécnico Nacional| Universidad Autónoma Metropolitana - Azcapotzalco| Universidad Politécnica de Pachuca| Instituto Politécnico Nacional| Universidad Aeronáutica en Querétaro,6603129619,56969091300,56000737300,-,Mexico,1.0,2207| 2606,Control and Systems Engineering| Control and Optimization,4| 2,Natural Sciences| Engineering & Technology,431| 212,Mathematics| Computer Science & Information Systems,37| 36,Physical Sciences| Engineering,40,Engineering,4008| 4007,"Electrical engineering| Control engineering, mechatronics and robotics",-,Adaptive Control Systems for Nonlinear Dynamics,107,88.816,Model-Free Control and Parameter Estimation Techniques,43560,74.304,Defensible,2021.0,5.0,N/A,"Silva-Navarro, G.| Beltran-Carbajal, F.| Trujillo-Franco, L.G.| Peza-Solis, J.F.| Garcia-Perez, O.A.",Centro de Investigacion y de Estudios Avanzados del Instituto Politécnico Nacional| Universidad Autónoma Metropolitana| Instituto Politécnico Nacional,Mexico,0
56000737300,56000737300,Design Methodology for Interfacing DERs to Power Systems through VSC,"Valderrabano-Gonzalez, A.| Beltran-Carbajal, F.| Tapia-Olvera, R.| Aguilar-Mejia, O.| Rosas-Caro, J.C.",5.0,51864763800| 56000737300| 55810886300| 57188711708| 57191227591,2021.0,2021-01-01,Mathematical Problems in Engineering,2021,-,-,5541375,ISSN-1024123X,13082.0,Journal,Hindawi Limited,English,0.62,56,2.1,23,0.327,46,1.69,24.0,5.0,0.47,6.33,51.0,50.0,0.0,0.0,"Valderrabano-Gonzalez, A., Beltran-Carbajal, F., Tapia-Olvera, R. and 2 more (...) (2021).Design Methodology for Interfacing DERs to Power Systems through VSC. Mathematical Problems in Engineering,2021",https://www.scopus.com/record/display.url?eid=2-s2.0-85118989396&origin=resultslist,10.1155/2021/5541375,Article,Hybrid gold|Green,2-s2.0-85118989396,-,Universidad Autónoma Metropolitana| Universidad Popular Autonoma de Puebla| Universidad Panamericana (UP)| Universidad Nacional Autónoma de México,505017| 505057| 702732| 505023,Academic,4.0,60012895| 60014923| 60023193| 60032442| 60022112,Universidad Panamericana| Universidad Autónoma Metropolitana| Universidad Autónoma Metropolitana - Azcapotzalco| Universidad Nacional Autónoma de México| Universidad Popular Autónoma del Estado de Puebla,51864763800,57191227591,51864763800,-,Mexico,1.0,2200| 2600,General Engineering| General Mathematics,4| 2,Natural Sciences| Engineering & Technology,431,Mathematics,37| 36,Physical Sciences| Engineering,40,Engineering,-,-,-,Adaptive Control Systems for Nonlinear Dynamics,107,88.816,Model-Free Control and Parameter Estimation Techniques,43560,74.304,Defensible,2021.0,5.0,N/A,"Valderrabano-Gonzalez, A.| Beltran-Carbajal, F.| Tapia-Olvera, R.| Aguilar-Mejia, O.| Rosas-Caro, J.C.",Universidad Autónoma Metropolitana| Universidad Popular Autonoma de Puebla| Universidad Panamericana (UP)| Universidad Nacional Autónoma de México,Mexico,0
56000737300,56000737300,Algebraic Parameter Identification of Nonlinear Vibrating Systems and Non Linearity Quantification Using the Hilbert Transformation,"Trujillo-Franco, L.G.| Silva-Navarro, G.| Beltran-Carbajal, F.",3.0,56514134800| 6603129619| 56000737300,2021.0,2021-01-01,Mathematical Problems in Engineering,2021,-,-,5595453,ISSN-1024123X,13082.0,Journal,Hindawi Limited,English,0.62,56,2.1,23,0.327,46,0.56,8.0,4.0,0.47,6.33,55.0,50.0,0.0,0.0,"Trujillo-Franco, L.G., Silva-Navarro, G., Beltran-Carbajal, F. (2021).Algebraic Parameter Identification of Nonlinear Vibrating Systems and Non Linearity Quantification Using the Hilbert Transformation. Mathematical Problems in Engineering,2021",https://www.scopus.com/record/display.url?eid=2-s2.0-85109453672&origin=resultslist,10.1155/2021/5595453,Article,Hybrid gold|Green,2-s2.0-85109453672,-,Centro de Investigacion y de Estudios Avanzados del Instituto Politécnico Nacional| Universidad Autónoma Metropolitana,505002| 505017,Government| Academic,2.0,126381382| 60017323| 60014923| 60023193,Universidad Politécnica de Pachuca| Centro de Investigacion y de Estudios Avanzados del Instituto Politécnico Nacional| Universidad Autónoma Metropolitana| Universidad Autónoma Metropolitana - Azcapotzalco,56514134800,56000737300,56000737300,-,Mexico,1.0,2200| 2600,General Engineering| General Mathematics,2| 4,Engineering & Technology| Natural Sciences,431,Mathematics,37| 36,Physical Sciences| Engineering,40,Engineering,-,-,-,Adaptive Control Systems for Nonlinear Dynamics,107,88.816,Model-Free Control and Parameter Estimation Techniques,43560,74.304,Defensible,2021.0,4.0,N/A,"Trujillo-Franco, L.G.| Silva-Navarro, G.| Beltran-Carbajal, F.",Centro de Investigacion y de Estudios Avanzados del Instituto Politécnico Nacional| Universidad Autónoma Metropolitana,Mexico,0
56000737300,56000737300,An evolutionary algorithm-based PWM strategy for a hybrid power converter,"Rodríguez, A.| Alejo-Reyes, A.| Cuevas, E.| Beltran-Carbajal, F.| Rosas-Caro, J.C.",5.0,57204038628| 57202425879| 56000906900| 56000737300| 57191227591,2020.0,2020-08-01,Mathematics,8,8,-,1247,ISSN-22277390,21100830702.0,Journal,MDPI AG,English,1.26,20,2.2,20,0.495,42,1.56,28.0,3.0,0.43,7.04,62.0,50.0,0.0,0.0,"Rodríguez, A., Alejo-Reyes, A., Cuevas, E. and 2 more (...) (2020).An evolutionary algorithm-based PWM strategy for a hybrid power converter. Mathematics,8(8) ",https://www.scopus.com/record/display.url?eid=2-s2.0-85089482143&origin=resultslist,10.3390/MATH8081247,Article,Gold|Green,2-s2.0-85089482143,-,Universidad Autónoma Metropolitana| Universidad de Guadalajara| Universidad Panamericana (UP),505017| 505019| 702732,Academic,3.0,60008943| 60012895| 60023193,Universidad de Guadalajara| Universidad Panamericana| Universidad Autónoma Metropolitana - Azcapotzalco,57204038628,57191227591,57191227591,-,Mexico,1.0,1701| 2201| 2600,Computer Science (miscellaneous)| Engineering (miscellaneous)| General Mathematics,4| 2,Natural Sciences| Engineering & Technology,431| 212,Mathematics| Computer Science & Information Systems,36| 38| 37,Engineering| Computer Science| Physical Sciences,49,Mathematical Sciences,-,-,SDG 7,Power Conversion and Management,295,79.595,Sliding Mode Control for Boost Converters,6849,92.721,Defensible,2020.0,3.0,N/A,"Rodríguez, A.| Alejo-Reyes, A.| Cuevas, E.| Beltran-Carbajal, F.| Rosas-Caro, J.C.",Universidad Autónoma Metropolitana| Universidad de Guadalajara| Universidad Panamericana (UP),Mexico,0
56000737300,56000737300,Efficient Adaptive Regulation Strategy for Control Position of Induction Motors,"Tapia-Olvera, R.| Valderrabano-Gonzalez, A.| Beltran-Carbajal, F.",3.0,55810886300| 51864763800| 56000737300,2024.0,2024-01-01,IEEE Access,12,-,38512-38524,-,ISSN-21693536,21100374601.0,Journal,Institute of Electrical and Electronics Engineers Inc.,English,1.5,12,9,10,0.849,17,1.32,24.0,3.0,0.37,8.08,38.0,54.0,0.0,0.0,"Tapia-Olvera, R., Valderrabano-Gonzalez, A., Beltran-Carbajal, F. (2024).Efficient Adaptive Regulation Strategy for Control Position of Induction Motors. IEEE Access,1238512-38524",https://www.scopus.com/record/display.url?eid=2-s2.0-85188014265&origin=resultslist,10.1109/ACCESS.2024.3375346,Article,Gold|Green,2-s2.0-85188014265,-,Universidad Autónoma Metropolitana| Universidad Panamericana (UP)| Universidad Nacional Autónoma de México,505017| 702732| 505023,Academic,3.0,60032442| 60012895| 60014923| 60023193,Universidad Nacional Autónoma de México| Universidad Panamericana| Universidad Autónoma Metropolitana| Universidad Autónoma Metropolitana - Azcapotzalco,55810886300,56000737300,51864763800,-,Mexico,1.0,1700| 2200| 2500,General Computer Science| General Engineering| General Materials Science,2,Engineering & Technology,433| 212,Materials Science| Computer Science & Information Systems,36| 38,Engineering| Computer Science,40| 46,Engineering| Information And Computing Sciences,-,-,-,Adaptive Control Systems for Nonlinear Dynamics,107,88.816,Model-Free Control and Parameter Estimation Techniques,43560,74.304,Definitive,2024.0,3.0,N/A,"Tapia-Olvera, R.| Valderrabano-Gonzalez, A.| Beltran-Carbajal, F.",Universidad Autónoma Metropolitana| Universidad Panamericana (UP)| Universidad Nacional Autónoma de México,Mexico,0
56000737300,56000737300,Multiple-Frequency Force Estimation of Controlled Vibrating Systems with Generalized Nonlinear Stiffness,"Beltran-Carbajal, F.| Esquivel-Cruz, J.E.| Yañez-Badillo, H.| Rivas-Cambero, I.D.J.| Sotelo, D.| Sotelo, C.",6.0,56000737300| 58486213700| 57193958449| 42262558100| 57204108802| 57195475435,2023.0,2023-07-01,Mathematics,11,13,-,2838,ISSN-22277390,21100830702.0,Journal,Multidisciplinary Digital Publishing Institute (MDPI),English,0.91,33,4,10,0.475,35,1.03,15.0,3.0,0.48,6.2,49.0,49.0,0.0,0.0,"Beltran-Carbajal, F., Esquivel-Cruz, J.E., Yañez-Badillo, H. and 3 more (...) (2023).Multiple-Frequency Force Estimation of Controlled Vibrating Systems with Generalized Nonlinear Stiffness. Mathematics,11(13) ",https://www.scopus.com/record/display.url?eid=2-s2.0-85164663304&origin=resultslist,10.3390/math11132838,Article,Gold|Green,2-s2.0-85164663304,-,Universidad Autónoma Metropolitana| Instituto Tecnologico de Estudios Superiores de Monterrey,505017| 505012,Academic,2.0,60014923| 60023193| 112696790| 127564574| 60007966,Universidad Autónoma Metropolitana| Universidad Autónoma Metropolitana - Azcapotzalco| Universidad Politécnica de Tulancingo| Departamento de Investigación| Tecnológico de Monterrey,56000737300,57195475435,57204108802,-,Mexico,1.0,1701| 2201| 2600,Computer Science (miscellaneous)| Engineering (miscellaneous)| General Mathematics,4| 2,Natural Sciences| Engineering & Technology,431| 212,Mathematics| Computer Science & Information Systems,36| 38| 37,Engineering| Computer Science| Physical Sciences,49,Mathematical Sciences,-,-,-,Adaptive Control Systems for Nonlinear Dynamics,107,88.816,Model-Free Control and Parameter Estimation Techniques,43560,74.304,Definitive,2023.0,3.0,N/A,"Beltran-Carbajal, F.| Esquivel-Cruz, J.E.| Yañez-Badillo, H.| Rivas-Cambero, I.D.J.| Sotelo, D.| Sotelo, C.",Universidad Autónoma Metropolitana| Instituto Tecnologico de Estudios Superiores de Monterrey,Mexico,0
56000737300,56000737300,A harmonic vibration suppression approach in nonlinear induction motors,"Beltran-Carbajal, F.",1.0,56000737300,2020.0,2020-11-01,International Transactions on Electrical Energy Systems,30,11,-,e12603,ISSN-20507038,21100241220.0,Journal,John Wiley and Sons Ltd,English,0.91,38,3.1,40,0.428,40,0.45,11.0,3.0,0.08,12.74,62.0,75.0,0.0,0.0,"Beltran-Carbajal, F. (2020).A harmonic vibration suppression approach in nonlinear induction motors. International Transactions on Electrical Energy Systems,30(11) ",https://www.scopus.com/record/display.url?eid=2-s2.0-85092052910&origin=resultslist,10.1002/2050-7038.12603,Article,,2-s2.0-85092052910,-,Universidad Autónoma Metropolitana,505017,Academic,1.0,60023193,Universidad Autónoma Metropolitana - Azcapotzalco,-,-,56000737300,56000737300,Mexico,1.0,2102| 2208| 2611,Energy Engineering and Power Technology| Electrical and Electronic Engineering| Modeling and Simulation,2| 4,Engineering & Technology| Natural Sciences,249| 431| 221,Engineering - Petroleum| Mathematics| Engineering - Electrical & Electronic,37| 36,Physical Sciences| Engineering,40| 46,Engineering| Information And Computing Sciences,4009| 4602| 4008,"Electronics, sensors and digital hardware| Artificial intelligence| Electrical engineering",-,Adaptive Control Systems for Nonlinear Dynamics,107,88.816,Model-Free Control and Parameter Estimation Techniques,43560,74.304,Defensible,2020.0,3.0,N/A,"Beltran-Carbajal, F.",Universidad Autónoma Metropolitana,Mexico,0
56000737300,56000737300,Secure operating bounds for wind energy conversion systems working as conventional power generation plants,"Lopez-Garcia, I.| Lopez-Monsalvo, C.S.| Beltran-Carbajal, F.| Escarela-Perez, R.| Olivares-Galvan, J.C.",5.0,56410643900| 56013682900| 56000737300| 6701841506| 24081213500,2019.0,2019-06-18,"IET Generation, Transmission and Distribution",13,12,2311-2318,-,ISSN-17518687,5400152713.0,Journal,Institution of Engineering and Technology,English,1.52,12,6.5,14,1.2,13,1.03,26.0,3.0,0.08,12.91,62.0,73.0,0.0,0.0,"Lopez-Garcia, I., Lopez-Monsalvo, C.S., Beltran-Carbajal, F. and 2 more (...) (2019).Secure operating bounds for wind energy conversion systems working as conventional power generation plants. IET Generation, Transmission and Distribution,13(12) 2311-2318",https://www.scopus.com/record/display.url?eid=2-s2.0-85068359340&origin=resultslist,10.1049/iet-gtd.2018.7042,Article,,2-s2.0-85068359340,-,Consejo Nacional de Ciencia y Tecnologia Mexico| Universidad Autónoma Metropolitana,704696| 505017,Academic| Government,2.0,60023193| 60014923| 60027998,"Universidad Autónoma Metropolitana - Azcapotzalco| Universidad Autónoma Metropolitana| Secretaría de Ciencia, Humanidades, Tecnología e Innovación",56410643900,24081213500,56410643900,-,Mexico,1.0,2102| 2207| 2208,Energy Engineering and Power Technology| Control and Systems Engineering| Electrical and Electronic Engineering,2,Engineering & Technology,249| 221| 212,Engineering - Petroleum| Engineering - Electrical & Electronic| Computer Science & Information Systems,36,Engineering,46| 40,Information And Computing Sciences| Engineering,4008| 4602| 4009,"Electrical engineering| Artificial intelligence| Electronics, sensors and digital hardware",SDG 7,Control Strategies for Renewable Energy Systems,280,90.19,Control Strategies for Doubly-Fed Induction Generators,2769,96.273,Defensible,2019.0,3.0,N/A,"Lopez-Garcia, I.| Lopez-Monsalvo, C.S.| Beltran-Carbajal, F.| Escarela-Perez, R.| Olivares-Galvan, J.C.",Consejo Nacional de Ciencia y Tecnologia Mexico| Universidad Autónoma Metropolitana,Mexico,0
56000737300,56000737300,Limit Cycle Analysis in a Class of Hybrid Systems,"Favela-Contreras, A.| Beltrán-Carbajal, F.| Piñón, A.| Raimondi, A.",4.0,6507514178| 56000737300| 57188694810| 55053941400,2016.0,2016-01-01,Mathematical Problems in Engineering,2016,-,-,2981952,ISSN-1024123X,13082.0,Journal,Hindawi Limited,English,0.54,60,1.6,28,0.279,41,0.81,15.0,3.0,0.83,3.62,62.0,34.0,0.0,0.0,"Favela-Contreras, A., Beltrán-Carbajal, F., Piñón, A. and 1 more (...) (2016).Limit Cycle Analysis in a Class of Hybrid Systems. Mathematical Problems in Engineering,2016",https://www.scopus.com/record/display.url?eid=2-s2.0-84962418084&origin=resultslist,10.1155/2016/2981952,Article,Hybrid gold|Green,2-s2.0-84962418084,-,Universidad Autónoma Metropolitana| Instituto Tecnologico de Estudios Superiores de Monterrey,505017| 505012,Academic,2.0,60007966| 60023193,Tecnológico de Monterrey| Universidad Autónoma Metropolitana - Azcapotzalco,6507514178,55053941400,57188694810,-,Mexico,1.0,2200| 2600,General Engineering| General Mathematics,2| 4,Engineering & Technology| Natural Sciences,431,Mathematics,37| 36,Physical Sciences| Engineering,40,Engineering,-,-,-,Formal Verification and Automata Theory Innovations,154,37.083,Formal Verification and Reachability in Hybrid Systems,5762,80.5,Very Good,2016.0,3.0,N/A,"Favela-Contreras, A.| Beltrán-Carbajal, F.| Piñón, A.| Raimondi, A.",Universidad Autónoma Metropolitana| Instituto Tecnologico de Estudios Superiores de Monterrey,Mexico,0
56000737300,56000737300,Enhanced Output Tracking Control for Direct Current Electric Motor Systems Using Bio-Inspired Optimization,"Yañez-Badillo, H.| Beltran-Carbajal, F.| Rivas-Cambero, I.| Favela-Contreras, A.| Arroyo-Nuñez, J.H.| Balderas-Gutierrez, J.N.",6.0,57193958449| 56000737300| 42262558100| 6507514178| 57192654541| 57205887664,2023.0,2023-11-01,Machines,11,11,-,1006,ISSN-20751702,21100838145.0,Journal,Multidisciplinary Digital Publishing Institute (MDPI),English,0.8,40,3,41,0.474,38,0.56,12.0,3.0,0.26,11.34,49.0,63.0,0.0,0.0,"Yañez-Badillo, H., Beltran-Carbajal, F., Rivas-Cambero, I. and 3 more (...) (2023).Enhanced Output Tracking Control for Direct Current Electric Motor Systems Using Bio-Inspired Optimization. Machines,11(11) ",https://www.scopus.com/record/display.url?eid=2-s2.0-85178106937&origin=resultslist,10.3390/machines11111006,Article,Gold|Green,2-s2.0-85178106937,-,Universidad Autónoma Metropolitana| Instituto Tecnologico de Estudios Superiores de Monterrey,505017| 505012,Academic,2.0,127564574| 60023193| 60014923| 108199060| 60007966,Departamento de Investigación| Universidad Autónoma Metropolitana - Azcapotzalco| Universidad Autónoma Metropolitana| Universidad Politécnica de Tulancingo| Tecnológico de Monterrey,57193958449,57205887664,56000737300,-,Mexico,1.0,1701| 2207| 2208| 2209| 2210| 2606,Computer Science (miscellaneous)| Control and Systems Engineering| Electrical and Electronic Engineering| Industrial and Manufacturing Engineering| Mechanical Engineering| Control and Optimization,4| 2,Natural Sciences| Engineering & Technology,221| 249| 222| 212| 431,Engineering - Electrical & Electronic| Engineering - Petroleum| Engineering - Mechanical| Computer Science & Information Systems| Mathematics,36| 37| 38,Engineering| Physical Sciences| Computer Science,40,Engineering,4003,Biomedical engineering,-,Autonomous Control Systems for Aerial Vehicles,1233,56.769,Control Strategies for Autonomous Quadrotor Navigation,456,99.264,Definitive,2023.0,3.0,N/A,"Yañez-Badillo, H.| Beltran-Carbajal, F.| Rivas-Cambero, I.| Favela-Contreras, A.| Arroyo-Nuñez, J.H.| Balderas-Gutierrez, J.N.",Universidad Autónoma Metropolitana| Instituto Tecnologico de Estudios Superiores de Monterrey,Mexico,0
56000737300,56000737300,Adaptive Neural Trajectory Tracking Control for Synchronous Generators in Interconnected Power Systems,"Tapia-Olvera, R.| Beltran-Carbajal, F.| Valderrabano-Gonzalez, A.",3.0,55810886300| 56000737300| 51864763800,2023.0,2023-01-01,Applied Sciences (Switzerland),13,1,-,561,ISSN-20763417,21100829268.0,Journal,MDPI,English,0.93,31,5.3,21,0.508,32,1.68,36.0,2.0,0.17,11.93,56.0,69.0,0.0,0.0,"Tapia-Olvera, R., Beltran-Carbajal, F., Valderrabano-Gonzalez, A. (2023).Adaptive Neural Trajectory Tracking Control for Synchronous Generators in Interconnected Power Systems. Applied Sciences (Switzerland),13(1) ",https://www.scopus.com/record/display.url?eid=2-s2.0-85145725900&origin=resultslist,10.3390/app13010561,Article,Gold|Green,2-s2.0-85145725900,-,Universidad Autónoma Metropolitana| Universidad Panamericana (UP)| Universidad Nacional Autónoma de México,505017| 702732| 505023,Academic,3.0,60032442| 60014923| 60023193| 60012895,Universidad Nacional Autónoma de México| Universidad Autónoma Metropolitana| Universidad Autónoma Metropolitana - Azcapotzalco| Universidad Panamericana,55810886300,51864763800,56000737300,-,Mexico,1.0,1507| 1508| 1706| 2200| 2500| 3105,Fluid Flow and Transfer Processes| Process Chemistry and Technology| Computer Science Applications| General Engineering| General Materials Science| Instrumentation,4| 2,Natural Sciences| Engineering & Technology,219| 213| 249| 433| 212| 439,Engineering - Chemical| Data Science| Engineering - Petroleum| Materials Science| Computer Science & Information Systems| Physics & Astronomy,37| 36| 38,Physical Sciences| Engineering| Computer Science,MD,Multidisciplinary,MD,Multidisciplinary,-,Adaptive Control Systems for Nonlinear Dynamics,107,88.816,Model-Free Control and Parameter Estimation Techniques,43560,74.304,Definitive,2023.0,2.0,N/A,"Tapia-Olvera, R.| Beltran-Carbajal, F.| Valderrabano-Gonzalez, A.",Universidad Autónoma Metropolitana| Universidad Panamericana (UP)| Universidad Nacional Autónoma de México,Mexico,0
56000737300,56000737300,A novel methodology for adaptive coordination of multiple controllers in electrical grids,"Tapia-Olvera, R.| Beltran-Carbajal, F.| Valderrabano-Gonzalez, A.| Aguilar-Mejia, O.",4.0,55810886300| 56000737300| 51864763800| 57188711708,2021.0,2021-07-01,Mathematics,9,13,-,1474,ISSN-22277390,21100830702.0,Journal,MDPI,English,1.12,26,2.9,14,0.538,28,1.5,24.0,1.0,0.14,7.19,73.0,72.0,0.0,0.0,"Tapia-Olvera, R., Beltran-Carbajal, F., Valderrabano-Gonzalez, A. and 1 more (...) (2021).A novel methodology for adaptive coordination of multiple controllers in electrical grids. Mathematics,9(13) ",https://www.scopus.com/record/display.url?eid=2-s2.0-85122276612&origin=resultslist,10.3390/math9131474,Article,Gold|Green,2-s2.0-85122276612,-,Universidad Autónoma Metropolitana| Universidad Popular Autonoma de Puebla| Universidad Panamericana (UP)| Universidad Nacional Autónoma de México,505017| 505057| 702732| 505023,Academic,4.0,60032442| 60023193| 60014923| 60012895| 60022112,Universidad Nacional Autónoma de México| Universidad Autónoma Metropolitana - Azcapotzalco| Universidad Autónoma Metropolitana| Universidad Panamericana| Universidad Popular Autónoma del Estado de Puebla,55810886300,57188711708,51864763800,-,Mexico,1.0,1701| 2201| 2600,Computer Science (miscellaneous)| Engineering (miscellaneous)| General Mathematics,4| 2,Natural Sciences| Engineering & Technology,212| 431,Computer Science & Information Systems| Mathematics,38| 36| 37,Computer Science| Engineering| Physical Sciences,49,Mathematical Sciences,-,-,-,Optimization Techniques in Power Distribution Systems,48,88.097,Optimizing Power System Stability with Advanced Controllers,1155,92.892,Definitive,2021.0,1.0,N/A,"Tapia-Olvera, R.| Beltran-Carbajal, F.| Valderrabano-Gonzalez, A.| Aguilar-Mejia, O.",Universidad Autónoma Metropolitana| Universidad Popular Autonoma de Puebla| Universidad Panamericana (UP)| Universidad Nacional Autónoma de México,Mexico,0
56000737300,56000737300,Robust tracking control for linear vibrating mechanical systems,"Beltrán-Carbajal, F.",1.0,56000737300,2015.0,2015-01-01,Revista Facultad de Ingenieria,1,75,211-221,-,ISSN-01206230,12400154740.0,Journal,Universidad de Antioquia,English,0.26,78,0.4,78,0.134,81,0.37,10.0,1.0,0.29,3.47,72.0,56.0,0.0,0.0,"Beltrán-Carbajal, F. (2015).Robust tracking control for linear vibrating mechanical systems. Revista Facultad de Ingenieria,1(75) 211-221",https://www.scopus.com/record/display.url?eid=2-s2.0-84930243386&origin=resultslist,10.17533/udea.redin.n75a20,Article,Gold|Green,2-s2.0-84930243386,-,Universidad Autónoma Metropolitana,505017,Academic,1.0,60023193,Universidad Autónoma Metropolitana - Azcapotzalco,-,-,56000737300,56000737300,Mexico,1.0,2200,General Engineering,2,Engineering & Technology,-,-,36,Engineering,40,Engineering,-,-,-,Adaptive Control Systems for Nonlinear Dynamics,107,88.816,Model-Free Control and Parameter Estimation Techniques,43560,74.304,Defensible,2015.0,1.0,N/A,"Beltrán-Carbajal, F.",Universidad Autónoma Metropolitana,Mexico,0
56000737300,56000737300,A New Software-Based Optimization Technique for Embedded Latency Improvement of a Constrained MIMO MPC,"Sotelo, D.| Favela-Contreras, A.| Avila, A.| Pinto, A.| Beltran-Carbajal, F.| Sotelo, C.",6.0,57204108802| 6507514178| 15844991800| 57863723400| 56000737300| 57195475435,2022.0,2022-08-01,Mathematics,10,15,-,2571,ISSN-22277390,21100830702.0,Journal,MDPI,English,0.98,31,3.5,12,0.446,37,1.11,20.0,1.0,0.13,7.45,70.0,73.0,0.0,0.0,"Sotelo, D., Favela-Contreras, A., Avila, A. and 3 more (...) (2022).A New Software-Based Optimization Technique for Embedded Latency Improvement of a Constrained MIMO MPC. Mathematics,10(15) ",https://www.scopus.com/record/display.url?eid=2-s2.0-85136782081&origin=resultslist,10.3390/math10152571,Article,Gold|Green,2-s2.0-85136782081,-,Universidad Autónoma Metropolitana| Instituto Tecnologico de Estudios Superiores de Monterrey,505017| 505012,Academic,2.0,60007966| 60014923| 60023193,Tecnológico de Monterrey| Universidad Autónoma Metropolitana| Universidad Autónoma Metropolitana - Azcapotzalco,57204108802,57195475435,6507514178,-,Mexico,1.0,1701| 2201| 2600,Computer Science (miscellaneous)| Engineering (miscellaneous)| General Mathematics,4| 2,Natural Sciences| Engineering & Technology,431| 212,Mathematics| Computer Science & Information Systems,37| 38| 36,Physical Sciences| Computer Science| Engineering,49,Mathematical Sciences,-,-,-,Predictive Control Models for Complex Systems,1003,37.345,Robust Control Strategies for Nonlinear Predictive Systems,143,97.757,Definitive,2022.0,1.0,N/A,"Sotelo, D.| Favela-Contreras, A.| Avila, A.| Pinto, A.| Beltran-Carbajal, F.| Sotelo, C.",Universidad Autónoma Metropolitana| Instituto Tecnologico de Estudios Superiores de Monterrey,Mexico,0
56000737300,56000737300,Amontons' laws and the friction in miniature elements,"Olvera-Tapia, O.| Kussul, E.| Rodríguez-Lelis, J.M.| Beltran-Carbajal, F.| Baydyk, T.",5.0,57190486673| 6701493260| 6507122789| 56000737300| 8859921800,2019.0,2019-01-01,Canadian Journal of Physics,97,7,761-771,-,ISSN-00084204,27420.0,Journal,Canadian Science Publishing,English,0.58,59,1.9,55,0.26,68,0.76,22.0,0.0,0.0,13.61,82.0,75.0,0.0,0.0,"Olvera-Tapia, O., Kussul, E., Rodríguez-Lelis, J.M. and 2 more (...) (2019).Amontons' laws and the friction in miniature elements. Canadian Journal of Physics,97(7) 761-771",https://www.scopus.com/record/display.url?eid=2-s2.0-85068522223&origin=resultslist,10.1139/cjp-2018-0125,Article,,2-s2.0-85068522223,-,"Centro Nacional de Investigacion y Desarrollo Tecnologico, Mexico| Universidad Autonoma del Estado de Morelos| Universidad Autónoma Metropolitana| Universidad Nacional Autónoma de México",707052| 505016| 505017| 505023,Academic,4.0,60025626| 60032442| 60007127| 60023193,"Universidad Autónoma del Estado de Morelos| Universidad Nacional Autónoma de México| Centro Nacional de Investigación y Desarrollo Tecnológico, Mexico| Universidad Autónoma Metropolitana - Azcapotzalco",57190486673,8859921800,57190486673,-,Mexico,1.0,3100,General Physics and Astronomy,4,Natural Sciences,439,Physics & Astronomy,37,Physical Sciences,49| 51,Mathematical Sciences| Physical Sciences,-,-,-,Tribology and Lubrication Systems,407,64.421,Fractal Models in Contact Mechanics and Surface Roughness,2497,94.224,Very Good,2019.0,0.0,N/A,"Olvera-Tapia, O.| Kussul, E.| Rodríguez-Lelis, J.M.| Beltran-Carbajal, F.| Baydyk, T.","Centro Nacional de Investigacion y Desarrollo Tecnologico, Mexico| Universidad Autonoma del Estado de Morelos| Universidad Autónoma Metropolitana| Universidad Nacional Autónoma de México",Mexico,0
