Autor,Autor_ID,Title,Authors,Number of Authors,Scopus Author Ids,Year,Full date,Scopus Source title,Volume,Issue,Pages,Article number,ISSN,Source ID,Source type,Publisher,Language,SNIP (publication year),SNIP percentile (publication year) *,CiteScore (publication year),CiteScore percentile (publication year) *,SJR (publication year),SJR percentile (publication year) *,Field-Weighted View Impact,Views,Citations,Field-Weighted Citation Impact,Field-Citation Average,"Outputs in Top Citation Percentiles, per percentile","Field-Weighted Outputs in Top Citation Percentiles, per percentile",Main patent families,Policy citations,Reference,Abstract,DOI,Publication type,Open Access,EID,PubMed ID,Institutions,Institution IDs,Sector,Number of Institutions,Scopus Affiliation IDs,Scopus Affiliation names,Scopus Author ID First Author,Scopus Author ID Last Author,Scopus Author ID Corresponding Author,Scopus Author ID Single Author,Country/Region,Number of Countries/Regions,All Science Journal Classification (ASJC) code,All Science Journal Classification (ASJC) field name,Quacquarelli Symonds (QS) Subject area code,Quacquarelli Symonds (QS) Subject area field name,Quacquarelli Symonds (QS) Subject code,Quacquarelli Symonds (QS) Subject field name,Times Higher Education (THE) code,Times Higher Education (THE) field name,ANZSRC FoR (2020) parent code,ANZSRC FoR (2020) parent name,ANZSRC FoR (2020) code,ANZSRC FoR (2020) name,Sustainable Development Goals (2025),Topic Cluster name,Topic Cluster number,Topic Cluster Prominence Percentile,Topic name,Topic number,Topic Prominence Percentile,Publication link to Topic strength,Año,Citas,Colaboracion,Autores,Instituciones,Regiones,Instituciones_Nacionales
56013541000,56013541000,"Antidiabetic effect of Achillea millefollium through multitarget interactions: α-glucosidases inhibition, insulin sensitization and insulin secretagogue activities","Chávez-Silva, F.| Cerón-Romero, L.| Arias-Durán, L.| Navarrete-Vázquez, G.| Almanza-Pérez, J.| Román-Ramos, R.| Ramírez-Ávila, G.| Perea-Arango, I.| Villalobos-Molina, R.| Estrada-Soto, S.",10.0,37010694600| 57151212700| 57196085089| 57200933921| 56013541000| 55993670700| 14039561100| 56013730500| 55993660500| 8841781600,2018.0,2018-02-15,Journal of Ethnopharmacology,212,-,1-7,-,ISSN-03788741,23015.0,Journal,Elsevier Ireland Ltd,English,1.56,11,6.5,16,1.004,19,3.13,126.0,59.0,2.58,10.06,8.0,9.0,0.0,0.0,"Chávez-Silva, F., Cerón-Romero, L., Arias-Durán, L. and 7 more (...) (2018).Antidiabetic effect of Achillea millefollium through multitarget interactions: α-glucosidases inhibition, insulin sensitization and insulin secretagogue activities. Journal of Ethnopharmacology,2121-7",https://www.scopus.com/record/display.url?eid=2-s2.0-85031796873&origin=resultslist,10.1016/j.jep.2017.10.005,Article,,2-s2.0-85031796873,29031783,Universidad Autonoma del Estado de Morelos| Universidad Autónoma Metropolitana| Instituto Mexicano del Seguro Social| Universidad Nacional Autónoma de México,505016| 505017| 505006| 505023,Academic| Government,4.0,60025626| 60028381| 60008467| 60005058| 60032442,Universidad Autónoma del Estado de Morelos| Universidad Autónoma Metropolitana -Unidad Iztapalapa| Instituto Mexicano del Seguro Social| Facultad de Estudios Superiores Iztacala| Universidad Nacional Autónoma de México,37010694600,8841781600,8841781600,-,Mexico,1.0,3002| 3004,Drug Discovery| Pharmacology,5,Life Sciences & Medicine,537,Pharmacy & Pharmacology,34,Medical and Health,42| 32,Health Sciences| Biomedical And Clinical Sciences,3214| 4208,"Pharmacology and pharmaceutical sciences| Traditional, complementary and integrative medicine",SDG 3,Antioxidant and Antimicrobial Properties of Essential Oils,275,87.901,Achillea: Essential Oil and Antioxidant Insights,17448,83.971,Very Good,2018.0,59.0,N/A,"Chávez-Silva, F.| Cerón-Romero, L.| Arias-Durán, L.| Navarrete-Vázquez, G.| Almanza-Pérez, J.| Román-Ramos, R.| Ramírez-Ávila, G.| Perea-Arango, I.| Villalobos-Molina, R.| Estrada-Soto, S.",Universidad Autonoma del Estado de Morelos| Universidad Autónoma Metropolitana| Instituto Mexicano del Seguro Social| Universidad Nacional Autónoma de México,Mexico,0
56013541000,56013541000,Oleanolic acid induces a dual agonist action on PPARγ/α and GLUT4 translocation: A pentacyclic triterpene for dyslipidemia and type 2 diabetes,"Loza-Rodríguez, H.| Estrada-Soto, S.| Alarcón-Aguilar, F.J.| Huang, F.| Aquino-Jarquín, G.| Fortis-Barrera, Á.| Giacoman-Martínez, A.| Almanza-Pérez, J.C.",8.0,55892600700| 8841781600| 55989721500| 56000772100| 56002762400| 37461408700| 57193699268| 56013541000,2020.0,2020-09-15,European Journal of Pharmacology,883,-,-,173252,ISSN-00142999,21333.0,Journal,Elsevier B.V.,English,0.99,32,5.8,28,1.046,24,0.9,25.0,51.0,2.63,11.41,8.0,8.0,0.0,0.0,"Loza-Rodríguez, H., Estrada-Soto, S., Alarcón-Aguilar, F.J. and 5 more (...) (2020).Oleanolic acid induces a dual agonist action on PPARγ/α and GLUT4 translocation: A pentacyclic triterpene for dyslipidemia and type 2 diabetes. European Journal of Pharmacology,883",https://www.scopus.com/record/display.url?eid=2-s2.0-85088808020&origin=resultslist,10.1016/j.ejphar.2020.173252,Article,,2-s2.0-85088808020,32534078,Universidad Autonoma del Estado de Morelos| Universidad Autónoma Metropolitana| Hospital Infantil de Mexico Federico Gomez,505016| 505017| 505033,Medical| Academic,3.0,60028381| 60025626| 60000328,Universidad Autónoma Metropolitana -Unidad Iztapalapa| Universidad Autónoma del Estado de Morelos| Hospital Infantil de México Federico Gómez,55892600700,56013541000,56013541000,-,Mexico,1.0,3004,Pharmacology,5,Life Sciences & Medicine,537,Pharmacy & Pharmacology,34,Medical and Health,32,Biomedical And Clinical Sciences,3214,Pharmacology and pharmaceutical sciences,SDG 3,Brassinosteroids and Their Impact on Plant Growth,1074,44.604,Therapeutic Applications of Ursolic and Oleanolic Acids,6564,94.635,Very Good,2020.0,51.0,N/A,"Loza-Rodríguez, H.| Estrada-Soto, S.| Alarcón-Aguilar, F.J.| Huang, F.| Aquino-Jarquín, G.| Fortis-Barrera, Á.| Giacoman-Martínez, A.| Almanza-Pérez, J.C.",Universidad Autonoma del Estado de Morelos| Universidad Autónoma Metropolitana| Hospital Infantil de Mexico Federico Gomez,Mexico,0
56013541000,56013541000,"Antidiabetic, antihyperlipidemic and anti-inflammatory effects of tilianin in streptozotocin-nicotinamide diabetic rats","García-Díaz, J.A.| Navarrete-Vázquez, G.| García-Jiménez, S.| Hidalgo-Figueroa, S.| Almanza-Pérez, J.C.| Alarcón-Aguilar, F.J.| Gómez-Zamudio, J.| Cruz, M.| Ibarra-Barajas, M.| Estrada-Soto, S.",10.0,57190343933| 57200933921| 24469588300| 25824988000| 56013541000| 55989721500| 6508104964| 56062841700| 24171415500| 8841781600,2016.0,2016-10-01,Biomedicine and Pharmacotherapy,83,-,667-675,-,ISSN-07533322,28620.0,Journal,Elsevier Masson SAS,English,0.79,41,2.5,62,0.864,26,2.1,53.0,51.0,1.8,7.79,11.0,15.0,0.0,0.0,"García-Díaz, J.A., Navarrete-Vázquez, G., García-Jiménez, S. and 7 more (...) (2016).Antidiabetic, antihyperlipidemic and anti-inflammatory effects of tilianin in streptozotocin-nicotinamide diabetic rats. Biomedicine and Pharmacotherapy,83667-675",https://www.scopus.com/record/display.url?eid=2-s2.0-84979272966&origin=resultslist,10.1016/j.biopha.2016.07.023,Article,,2-s2.0-84979272966,27470567,Universidad Autonoma del Estado de Morelos| Hospital de Especialidades| Universidad Autónoma Metropolitana| Instituto Mexicano del Seguro Social| Universidad Nacional Autónoma de México,505016| 505031| 505017| 505006| 505023,Medical| Government| Academic,5.0,60025626| 60028381| 60019221| 60008467| 60032442| 60005058,Universidad Autónoma del Estado de Morelos| Universidad Autónoma Metropolitana -Unidad Iztapalapa| UMAE Hospital de Especialidades Centro Medico Nacional Siglo XXI| Instituto Mexicano del Seguro Social| Universidad Nacional Autónoma de México| Facultad de Estudios Superiores Iztacala,57190343933,8841781600,24171415500,-,Mexico,1.0,3004,Pharmacology,5,Life Sciences & Medicine,537,Pharmacy & Pharmacology,34,Medical and Health,32,Biomedical And Clinical Sciences,3214,Pharmacology and pharmaceutical sciences,SDG 3,Antioxidant and Antimicrobial Properties of Essential Oils,275,87.901,Therapeutic Potential of Agastache Compounds and Essential Oils,62059,69.847,Defensible,2016.0,51.0,N/A,"García-Díaz, J.A.| Navarrete-Vázquez, G.| García-Jiménez, S.| Hidalgo-Figueroa, S.| Almanza-Pérez, J.C.| Alarcón-Aguilar, F.J.| Gómez-Zamudio, J.| Cruz, M.| Ibarra-Barajas, M.| Estrada-Soto, S.",Universidad Autonoma del Estado de Morelos| Hospital de Especialidades| Universidad Autónoma Metropolitana| Instituto Mexicano del Seguro Social| Universidad Nacional Autónoma de México,Mexico,0
56013541000,56013541000,"Antimicrobial and anti-inflammatory activities, wound-healing effectiveness and chemical characterization of the latex of Jatropha neopauciflora Pax","Hernandez-Hernandez, A.B.| Alarcon-Aguilar, F.J.| Almanza-Perez, J.C.| Nieto-Yañez, O.| Olivares-Sanchez, J.M.| Duran-Diaz, A.| Rodriguez-Monroy, M.A.| Canales-Martinez, M.M.",8.0,57190679808| 55989721500| 56013541000| 56563150200| 57193908659| 24170665300| 55900592000| 56244965500,2017.0,2017-05-23,Journal of Ethnopharmacology,204,-,1-7,-,ISSN-03788741,23015.0,Journal,Elsevier Ireland Ltd,English,1.49,12,6.3,17,1.15,16,1.08,38.0,42.0,1.57,8.89,13.0,18.0,0.0,0.0,"Hernandez-Hernandez, A.B., Alarcon-Aguilar, F.J., Almanza-Perez, J.C. and 5 more (...) (2017).Antimicrobial and anti-inflammatory activities, wound-healing effectiveness and chemical characterization of the latex of Jatropha neopauciflora Pax. Journal of Ethnopharmacology,2041-7",https://www.scopus.com/record/display.url?eid=2-s2.0-85017479033&origin=resultslist,10.1016/j.jep.2017.04.003,Article,,2-s2.0-85017479033,28392457,Universidad Autónoma Metropolitana| Universidad Nacional Autónoma de México,505017| 505023,Academic,2.0,60014923| 60028381| 60005058| 60032442,Universidad Autónoma Metropolitana| Universidad Autónoma Metropolitana -Unidad Iztapalapa| Facultad de Estudios Superiores Iztacala| Universidad Nacional Autónoma de México,57190679808,56244965500,56244965500,-,Mexico,1.0,3002| 3004,Drug Discovery| Pharmacology,5,Life Sciences & Medicine,537,Pharmacy & Pharmacology,34,Medical and Health,42| 32,Health Sciences| Biomedical And Clinical Sciences,3214| 4208,"Pharmacology and pharmaceutical sciences| Traditional, complementary and integrative medicine",-,Biodiesel Production and Environmental Impacts,406,89.928,Jatropha Plant Extracts and Their Bioactive Compounds,51512,65.425,Defensible,2017.0,42.0,N/A,"Hernandez-Hernandez, A.B.| Alarcon-Aguilar, F.J.| Almanza-Perez, J.C.| Nieto-Yañez, O.| Olivares-Sanchez, J.M.| Duran-Diaz, A.| Rodriguez-Monroy, M.A.| Canales-Martinez, M.M.",Universidad Autónoma Metropolitana| Universidad Nacional Autónoma de México,Mexico,0
56013541000,56013541000,"Design, synthesis and in combo antidiabetic bioevaluation of multitarget phenylpropanoic acids","Colín-Lozano, B.| Estrada-Soto, S.| Chávez-Silva, F.| Gutiérrez-Hernández, A.| Cerón-Romero, L.| Giacoman-Martínez, A.| Almanza-Pérez, J.C.| Hernández-Núñez, E.| Wang, Z.| Xie, X.| Cappiello, M.| Balestri, F.| Mura, U.| Navarrete-Vazquez, G.",14.0,55621192400| 8841781600| 37010694600| 57200571483| 57151212700| 57193699268| 56013541000| 16642429600| 55949771400| 7402761502| 35500805800| 22133797300| 7005965477| 57200933921,2018.0,2018-01-01,Molecules,23,2,-,340,ISSN-14203049,26370.0,Journal,MDPI AG,English,1.23,20,4.1,22,0.757,19,2.8,79.0,42.0,2.1,11.45,13.0,12.0,0.0,0.0,"Colín-Lozano, B., Estrada-Soto, S., Chávez-Silva, F. and 11 more (...) (2018).Design, synthesis and in combo antidiabetic bioevaluation of multitarget phenylpropanoic acids. Molecules,23(2) ",https://www.scopus.com/record/display.url?eid=2-s2.0-85041650820&origin=resultslist,10.3390/molecules23020340,Article,Gold|Green,2-s2.0-85041650820,29415496,Universidad Autonoma del Estado de Morelos| Centro de Investigacion y de Estudios Avanzados del Instituto Politécnico Nacional| Universidad Autónoma Metropolitana| CAS - Shanghai Institute of Materia Medica| University of Pisa| Chinese Academy of Sciences,505016| 505002| 505017| 203299| 321062| 700714,Government| Academic,6.0,60025626| 60028381| 60010531| 60027416| 60019499| 60028868,"Universidad Autónoma del Estado de Morelos| Universidad Autónoma Metropolitana -Unidad Iztapalapa| CINVESTAV Unidad Merida| Shanghai Institute of Materia Medica, Chinese Academy of Sciences| Chinese Academy of Sciences| Università di Pisa",55621192400,57200933921,57200933921,-,China| Mexico| Italy,3.0,1313| 1601| 1602| 1605| 1606| 3002| 3003,Molecular Medicine| Chemistry (miscellaneous)| Analytical Chemistry| Organic Chemistry| Physical and Theoretical Chemistry| Drug Discovery| Pharmaceutical Science,2| 4| 5,Engineering & Technology| Natural Sciences| Life Sciences & Medicine,409| 249| 532| 537,Chemistry| Engineering - Petroleum| Medicine| Pharmacy & Pharmacology,34| 37| 32,Medical and Health| Physical Sciences| Life Sciences,34,Chemical Sciences,3404| 3405,Medicinal and biomolecular chemistry| Organic chemistry,SDG 3,Cellular Mechanisms Linking Diabetes and Cancer Risk,254,66.514,Peroxisome Proliferator Activated Receptor Gamma in Disease Management,170,95.757,Defensible,2018.0,42.0,N/A,"Colín-Lozano, B.| Estrada-Soto, S.| Chávez-Silva, F.| Gutiérrez-Hernández, A.| Cerón-Romero, L.| Giacoman-Martínez, A.| Almanza-Pérez, J.C.| Hernández-Núñez, E.| Wang, Z.| Xie, X.| Cappiello, M.| Balestri, F.| Mura, U.| Navarrete-Vazquez, G.",Universidad Autonoma del Estado de Morelos| Centro de Investigacion y de Estudios Avanzados del Instituto Politécnico Nacional| Universidad Autónoma Metropolitana| CAS - Shanghai Institute of Materia Medica| University of Pisa| Chinese Academy of Sciences,China| Mexico| Italy,0
56013541000,56013541000,"Triterpenoids from Hibiscus sabdariffa L. with PPAR δ / γ Dual Agonist Action: In Vivo, in Vitro and in Silico Studies","Giacoman-Martínez, A.| Alarcón-Aguilar, F.J.| Zamilpa, A.| Hidalgo-Figueroa, S.| Navarrete-Vázquez, G.| García-Macedo, R.| Román-Ramos, R.| Almanza-Pérez, J.C.",8.0,57193699268| 55989721500| 55995895500| 25824988000| 57200933921| 6505881575| 55993670700| 56013541000,2019.0,2019-03-15,Planta Medica,85,5,412-423,-,ISSN-00320943,21744.0,Journal,Georg Thieme Verlag,English,1.08,27,4.7,12,0.572,18,2.17,57.0,30.0,1.45,11.02,17.0,20.0,0.0,0.0,"Giacoman-Martínez, A., Alarcón-Aguilar, F.J., Zamilpa, A. and 5 more (...) (2019).Triterpenoids from Hibiscus sabdariffa L. with PPAR δ / γ Dual Agonist Action: In Vivo, in Vitro and in Silico Studies. Planta Medica,85(5) 412-423",https://www.scopus.com/record/display.url?eid=2-s2.0-85062998779&origin=resultslist,10.1055/a-0824-1316,Article,,2-s2.0-85062998779,30650453,Consejo Nacional de Ciencia y Tecnologia Mexico| Universidad Autonoma del Estado de Morelos| Hospital de Especialidades| Universidad Autónoma Metropolitana| Instituto Mexicano del Seguro Social,704696| 505016| 505031| 505017| 505006,Medical| Academic| Government,5.0,60028381| 60008467| 60027998| 60025626| 60019221,"Universidad Autónoma Metropolitana -Unidad Iztapalapa| Instituto Mexicano del Seguro Social| Secretaría de Ciencia, Humanidades, Tecnología e Innovación| Universidad Autónoma del Estado de Morelos| UMAE Hospital de Especialidades Centro Medico Nacional Siglo XXI",57193699268,56013541000,56013541000,-,Mexico,1.0,1313| 1602| 1605| 2707| 3002| 3003| 3004,Molecular Medicine| Analytical Chemistry| Organic Chemistry| Complementary and Alternative Medicine| Drug Discovery| Pharmaceutical Science| Pharmacology,2| 4| 5,Engineering & Technology| Natural Sciences| Life Sciences & Medicine,537| 532| 249| 409,Pharmacy & Pharmacology| Medicine| Engineering - Petroleum| Chemistry,34| 37| 32,Medical and Health| Physical Sciences| Life Sciences,32,Biomedical And Clinical Sciences,3214,Pharmacology and pharmaceutical sciences,SDG 3,Cellular Mechanisms Linking Diabetes and Cancer Risk,254,66.514,Peroxisome Proliferator Activated Receptor Gamma in Disease Management,170,95.757,Very Good,2019.0,30.0,N/A,"Giacoman-Martínez, A.| Alarcón-Aguilar, F.J.| Zamilpa, A.| Hidalgo-Figueroa, S.| Navarrete-Vázquez, G.| García-Macedo, R.| Román-Ramos, R.| Almanza-Pérez, J.C.",Consejo Nacional de Ciencia y Tecnologia Mexico| Universidad Autonoma del Estado de Morelos| Hospital de Especialidades| Universidad Autónoma Metropolitana| Instituto Mexicano del Seguro Social,Mexico,0
56013541000,56013541000,Participation of the IKK-α/β complex in the inhibition of the TNF-α/NF-κB pathway by glycine: Possible involvement of a membrane receptor specific to adipocytes,"Contreras-Nuñez, E.| Blancas-Flores, G.| Cruz, M.| Almanza-Perez, J.C.| Gomez-Zamudio, J.H.| Ventura-Gallegosc, J.L.| Zentella-Dehesa, A.| Roberto-Lazzarini| Roman-Ramos, R.| Alarcon-Aguilar, F.J.",10.0,57201154671| 56013707500| 56062841700| 56013541000| 6508104964| 57201151531| 55587548900| 56063896900| 55993670700| 55989721500,2018.0,2018-06-01,Biomedicine and Pharmacotherapy,102,-,120-131,-,ISSN-07533322,28620.0,Journal,Elsevier Masson SAS,English,0.97,32,4,44,0.931,23,1.9,43.0,27.0,1.19,10.07,20.0,24.0,0.0,0.0,"Contreras-Nuñez, E., Blancas-Flores, G., Cruz, M. and 7 more (...) (2018).Participation of the IKK-α/β complex in the inhibition of the TNF-α/NF-κB pathway by glycine: Possible involvement of a membrane receptor specific to adipocytes. Biomedicine and Pharmacotherapy,102120-131",https://www.scopus.com/record/display.url?eid=2-s2.0-85043595972&origin=resultslist,10.1016/j.biopha.2018.03.048,Article,,2-s2.0-85043595972,29550635,Hospital de Especialidades| Universidad Autónoma Metropolitana| Instituto Mexicano del Seguro Social| Universidad Nacional Autónoma de México| Instituto Nacional de Ciencias Medicas y Nutricion Salvador Zubiran,505031| 505017| 505006| 505023| 505009,Medical| Government| Academic,5.0,60028381| 60008467| 60019221| 60032442| 60009149,Universidad Autónoma Metropolitana -Unidad Iztapalapa| Instituto Mexicano del Seguro Social| UMAE Hospital de Especialidades Centro Medico Nacional Siglo XXI| Universidad Nacional Autónoma de México| Instituto Nacional de la Nutrición Salvador Zubiran,57201154671,55989721500,55989721500,-,Mexico,1.0,3004,Pharmacology,5,Life Sciences & Medicine,537,Pharmacy & Pharmacology,34,Medical and Health,32,Biomedical And Clinical Sciences,3214,Pharmacology and pharmaceutical sciences,-,Cell Death Mechanisms in Cancer Progression,43,77.109,Nuclear Factor Kappa B in Immune Response and Cancer,426,96.086,Very Good,2018.0,27.0,N/A,"Contreras-Nuñez, E.| Blancas-Flores, G.| Cruz, M.| Almanza-Perez, J.C.| Gomez-Zamudio, J.H.| Ventura-Gallegosc, J.L.| Zentella-Dehesa, A.| Roberto-Lazzarini| Roman-Ramos, R.| Alarcon-Aguilar, F.J.",Hospital de Especialidades| Universidad Autónoma Metropolitana| Instituto Mexicano del Seguro Social| Universidad Nacional Autónoma de México| Instituto Nacional de Ciencias Medicas y Nutricion Salvador Zubiran,Mexico,0
56013541000,56013541000,"Discovery of new dual PPARγ-GPR40 agonists with robust antidiabetic activity: Design, synthesis and in combo drug evaluation","Hidalgo-Figueroa, S.| Navarrete-Vázquez, G.| Estrada-Soto, S.| Giles-Rivas, D.| Alarcón-Aguilar, F.J.| León-Rivera, I.| Giacoman-Martínez, A.| Miranda Pérez, E.| Almanza-Pérez, J.C.",9.0,25824988000| 57200933921| 8841781600| 57190251224| 55989721500| 55561322600| 57193699268| 36131736000| 56013541000,2017.0,2017-06-01,Biomedicine and Pharmacotherapy,90,-,53-61,-,ISSN-07533322,28620.0,Journal,Elsevier Masson SAS,English,0.87,37,2.8,59,0.951,23,1.55,43.0,27.0,1.68,8.92,21.0,17.0,0.0,0.0,"Hidalgo-Figueroa, S., Navarrete-Vázquez, G., Estrada-Soto, S. and 6 more (...) (2017).Discovery of new dual PPARγ-GPR40 agonists with robust antidiabetic activity: Design, synthesis and in combo drug evaluation. Biomedicine and Pharmacotherapy,9053-61",https://www.scopus.com/record/display.url?eid=2-s2.0-85015917447&origin=resultslist,10.1016/j.biopha.2017.03.033,Article,,2-s2.0-85015917447,28342366,Universidad Autonoma del Estado de Morelos| Universidad Autónoma Metropolitana,505016| 505017,Academic,2.0,60028381| 60025626| 60017272,Universidad Autónoma Metropolitana -Unidad Iztapalapa| Universidad Autónoma del Estado de Morelos| Centro de Investigaciones Quimicas,25824988000,56013541000,25824988000,-,Mexico,1.0,3004,Pharmacology,5,Life Sciences & Medicine,537,Pharmacy & Pharmacology,34,Medical and Health,32,Biomedical And Clinical Sciences,3214,Pharmacology and pharmaceutical sciences,SDG 3,Diabetes Management and Cardiovascular Health Insights,377,92.086,G Protein Coupled Receptors in Fatty Acid Regulation,20067,91.341,Very Good,2017.0,27.0,N/A,"Hidalgo-Figueroa, S.| Navarrete-Vázquez, G.| Estrada-Soto, S.| Giles-Rivas, D.| Alarcón-Aguilar, F.J.| León-Rivera, I.| Giacoman-Martínez, A.| Miranda Pérez, E.| Almanza-Pérez, J.C.",Universidad Autonoma del Estado de Morelos| Universidad Autónoma Metropolitana,Mexico,0
56013541000,56013541000,"Antihypertensive and vasorelaxant effect of leucodin and achillin isolated from Achillea millefolium through calcium channel blockade and NO production: In vivo, functional ex vivo and in silico studies","Arias-Durán, L.| Estrada-Soto, S.| Hernández-Morales, M.| Millán-Pacheco, C.| Navarrete-Vázquez, G.| Villalobos-Molina, R.| Ibarra-Barajas, M.| Almanza-Pérez, J.C.",8.0,57196085089| 8841781600| 57214886010| 14120132300| 57200933921| 55993660500| 24171415500| 56013541000,2021.0,2021-06-12,Journal of Ethnopharmacology,273,-,-,113948,ISSN-03788741,23015.0,Journal,Elsevier Ireland Ltd,English,1.55,13,6.9,24,0.801,25,1.71,38.0,26.0,1.65,10.89,15.0,16.0,0.0,0.0,"Arias-Durán, L., Estrada-Soto, S., Hernández-Morales, M. and 5 more (...) (2021).Antihypertensive and vasorelaxant effect of leucodin and achillin isolated from Achillea millefolium through calcium channel blockade and NO production: In vivo, functional ex vivo and in silico studies. Journal of Ethnopharmacology,273",https://www.scopus.com/record/display.url?eid=2-s2.0-85101784619&origin=resultslist,10.1016/j.jep.2021.113948,Article,,2-s2.0-85101784619,33610712,Universidad Autonoma del Estado de Morelos| Universidad Autónoma Metropolitana| Universidad Nacional Autónoma de México,505016| 505017| 505023,Academic,3.0,60025626| 60005058| 60032442| 60028381,Universidad Autónoma del Estado de Morelos| Facultad de Estudios Superiores Iztacala| Universidad Nacional Autónoma de México| Universidad Autónoma Metropolitana -Unidad Iztapalapa,57196085089,56013541000,8841781600,-,Mexico,1.0,3002| 3004,Drug Discovery| Pharmacology,5,Life Sciences & Medicine,537,Pharmacy & Pharmacology,34,Medical and Health,32| 42,Biomedical And Clinical Sciences| Health Sciences,4208| 3214,"Traditional, complementary and integrative medicine| Pharmacology and pharmaceutical sciences",SDG 3,Antioxidant and Antimicrobial Properties of Essential Oils,275,87.901,Achillea: Essential Oil and Antioxidant Insights,17448,83.971,Very Good,2021.0,26.0,N/A,"Arias-Durán, L.| Estrada-Soto, S.| Hernández-Morales, M.| Millán-Pacheco, C.| Navarrete-Vázquez, G.| Villalobos-Molina, R.| Ibarra-Barajas, M.| Almanza-Pérez, J.C.",Universidad Autonoma del Estado de Morelos| Universidad Autónoma Metropolitana| Universidad Nacional Autónoma de México,Mexico,0
56013541000,56013541000,"Synthesis, molecular docking, dynamic simulation and pharmacological characterization of potent multifunctional agent (dual GPR40-PPARγ agonist) for the treatment of experimental type 2 diabetes","Hidalgo-Figueroa, S.| Rodríguez-Luévano, A.| Almanza-Pérez, J.C.| Giacoman-Martínez, A.| Ortiz-Andrade, R.| León-Rivera, I.| Navarrete-Vázquez, G.",7.0,25824988000| 57224580900| 56013541000| 57193699268| 56002712600| 55561322600| 57200933921,2021.0,2021-09-15,European Journal of Pharmacology,907,-,-,174244,ISSN-00142999,21333.0,Journal,Elsevier B.V.,English,1.04,30,7.1,24,0.93,25,3.22,63.0,22.0,1.48,10.81,18.0,19.0,0.0,0.0,"Hidalgo-Figueroa, S., Rodríguez-Luévano, A., Almanza-Pérez, J.C. and 4 more (...) (2021).Synthesis, molecular docking, dynamic simulation and pharmacological characterization of potent multifunctional agent (dual GPR40-PPARγ agonist) for the treatment of experimental type 2 diabetes. European Journal of Pharmacology,907",https://www.scopus.com/record/display.url?eid=2-s2.0-85107945839&origin=resultslist,10.1016/j.ejphar.2021.174244,Article,,2-s2.0-85107945839,34116041,Consejo Nacional de Ciencia y Tecnologia Mexico| Universidad Autonoma del Estado de Morelos| Centro de Investigacion y de Estudios Avanzados del Instituto Politécnico Nacional| Universidad Autónoma Metropolitana| Instituto Potosino de Investigacion Cientifica y Tecnologica| Instituto Politécnico Nacional| Universidad Autonoma de Yucatan,704696| 505016| 505002| 505017| 505043| 505011| 505015,Government| Academic,7.0,60027998| 60002151| 60028381| 60019176| 60017323| 60000409| 60017272| 60025626,"Secretaría de Ciencia, Humanidades, Tecnología e Innovación| Instituto Potosino de Investigación Científica y Tecnológica, A.C.| Universidad Autónoma Metropolitana -Unidad Iztapalapa| Instituto Politécnico Nacional| Centro de Investigacion y de Estudios Avanzados del Instituto Politécnico Nacional| Universidad Autónoma de Yucatán| Centro de Investigaciones Quimicas| Universidad Autónoma del Estado de Morelos",25824988000,57200933921,25824988000,-,Mexico,1.0,3004,Pharmacology,5,Life Sciences & Medicine,537,Pharmacy & Pharmacology,34,Medical and Health,32,Biomedical And Clinical Sciences,3214,Pharmacology and pharmaceutical sciences,SDG 3,Diabetes Management and Cardiovascular Health Insights,377,92.086,G Protein Coupled Receptors in Fatty Acid Regulation,20067,91.341,Defensible,2021.0,22.0,N/A,"Hidalgo-Figueroa, S.| Rodríguez-Luévano, A.| Almanza-Pérez, J.C.| Giacoman-Martínez, A.| Ortiz-Andrade, R.| León-Rivera, I.| Navarrete-Vázquez, G.",Consejo Nacional de Ciencia y Tecnologia Mexico| Universidad Autonoma del Estado de Morelos| Centro de Investigacion y de Estudios Avanzados del Instituto Politécnico Nacional| Universidad Autónoma Metropolitana| Instituto Potosino de Investigacion Cientifica y Tecnologica| Instituto Politécnico Nacional| Universidad Autonoma de Yucatan,Mexico,0
56013541000,56013541000,"Antidiabetic effect of Cordia morelosana, chemical and pharmacological studies","Giles-Rivas, D.| Estrada-Soto, S.| Aguilar-Guadarrama, A.B.| Almanza-Pérez, J.| García-Jiménez, S.| Colín-Lozano, B.| Navarrete-Vázquez, G.| Villalobos-Molina, R.",8.0,57190251224| 8841781600| 6506652490| 56013541000| 24469588300| 55621192400| 57200933921| 55993660500,2020.0,2020-04-06,Journal of Ethnopharmacology,251,-,-,112543,ISSN-03788741,23015.0,Journal,Elsevier Ireland Ltd,English,1.59,12,6,26,0.885,27,1.95,52.0,21.0,0.96,11.43,23.0,29.0,0.0,0.0,"Giles-Rivas, D., Estrada-Soto, S., Aguilar-Guadarrama, A.B. and 5 more (...) (2020).Antidiabetic effect of Cordia morelosana, chemical and pharmacological studies. Journal of Ethnopharmacology,251",https://www.scopus.com/record/display.url?eid=2-s2.0-85077980547&origin=resultslist,10.1016/j.jep.2020.112543,Article,,2-s2.0-85077980547,31917279,Universidad Autonoma del Estado de Morelos| Universidad Autónoma Metropolitana| Universidad Nacional Autónoma de México,505016| 505017| 505023,Academic,3.0,60025626| 60017272| 60028381| 60032442| 60005058,Universidad Autónoma del Estado de Morelos| Centro de Investigaciones Quimicas| Universidad Autónoma Metropolitana -Unidad Iztapalapa| Universidad Nacional Autónoma de México| Facultad de Estudios Superiores Iztacala,57190251224,55993660500,8841781600,-,Mexico,1.0,3002| 3004,Drug Discovery| Pharmacology,5,Life Sciences & Medicine,537,Pharmacy & Pharmacology,34,Medical and Health,32| 42,Biomedical And Clinical Sciences| Health Sciences,3214| 4208,"Pharmacology and pharmaceutical sciences| Traditional, complementary and integrative medicine",SDG 3,Antioxidant Compounds and Their Medicinal Potential,6,97.711,Phytochemical Insights into Cordia Essential Oils,50863,53.251,Weak,2020.0,21.0,N/A,"Giles-Rivas, D.| Estrada-Soto, S.| Aguilar-Guadarrama, A.B.| Almanza-Pérez, J.| García-Jiménez, S.| Colín-Lozano, B.| Navarrete-Vázquez, G.| Villalobos-Molina, R.",Universidad Autonoma del Estado de Morelos| Universidad Autónoma Metropolitana| Universidad Nacional Autónoma de México,Mexico,0
56013541000,56013541000,Cucurbita ficifolia (Cucurbitaceae) modulates inflammatory cytokines and IFN-γ in obese mice,"Fortis-Barrera, Á.| García-Macedo, R.| Almanza-Perez, J.C.| Blancas-Flores, G.| Zamilpa-Alvarez, A.| Flores-Sáenz, J.L.| Cruz, M.| Román-Ramos, R.| Alarcón-Aguilar, F.J.",9.0,37461408700| 6505881575| 56013541000| 56013707500| 55995895500| 6602480090| 56062841700| 55993670700| 55989721500,2017.0,2017-01-01,Canadian Journal of Physiology and Pharmacology,95,2,170-177,-,ISSN-00084212,23363.0,Journal,Canadian Science Publishing,English,0.69,50,3.1,55,0.724,34,1.64,37.0,21.0,0.86,10.44,26.0,33.0,0.0,0.0,"Fortis-Barrera, Á., García-Macedo, R., Almanza-Perez, J.C. and 6 more (...) (2017).Cucurbita ficifolia (Cucurbitaceae) modulates inflammatory cytokines and IFN-γ in obese mice. Canadian Journal of Physiology and Pharmacology,95(2) 170-177",https://www.scopus.com/record/display.url?eid=2-s2.0-85010915163&origin=resultslist,10.1139/cjpp-2015-0475,Article,Green,2-s2.0-85010915163,27918843,Universidad Autónoma Metropolitana| Instituto Mexicano del Seguro Social,505017| 505006,Government| Academic,2.0,60028381| 60008467,Universidad Autónoma Metropolitana -Unidad Iztapalapa| Instituto Mexicano del Seguro Social,37461408700,55989721500,55989721500,-,Mexico,1.0,1314| 2737| 3004,Physiology| Physiology (medical)| Pharmacology,5,Life Sciences & Medicine,503| 537,Anatomy & Physiology| Pharmacy & Pharmacology,32| 34,Life Sciences| Medical and Health,32,Biomedical And Clinical Sciences,3208| 3214,Medical physiology| Pharmacology and pharmaceutical sciences,SDG 3,Adipose Tissue Dynamics in Metabolic Health,409,77.044,Adipose Tissue Dynamics in Insulin Resistance,1503,98.759,Defensible,2017.0,21.0,N/A,"Fortis-Barrera, Á.| García-Macedo, R.| Almanza-Perez, J.C.| Blancas-Flores, G.| Zamilpa-Alvarez, A.| Flores-Sáenz, J.L.| Cruz, M.| Román-Ramos, R.| Alarcón-Aguilar, F.J.",Universidad Autónoma Metropolitana| Instituto Mexicano del Seguro Social,Mexico,0
56013541000,56013541000,Effects of different periods of paradoxical sleep deprivation and sleep recovery on lipid and glucose metabolism and appetite hormones in rats,"Brianza-Padilla, M.| Bonilla-Jaime, H.| Almanza-Pérez, J.C.| López-López, A.L.| Sánchez-Muñoz, F.| Vazquez-Palacios, G.",6.0,57144625900| 8790024800| 56013541000| 56292388200| 56002771800| 8790024900,2015.0,2015-11-12,"Applied Physiology, Nutrition and Metabolism",41,3,235-243,-,ISSN-17155312,4700151731.0,Journal,Canadian Science Publishing,English,0.86,37,3.2,45,1.049,20,1.05,29.0,20.0,0.47,10.57,28.0,47.0,0.0,0.0,"Brianza-Padilla, M., Bonilla-Jaime, H., Almanza-Pérez, J.C. and 3 more (...) (2015).Effects of different periods of paradoxical sleep deprivation and sleep recovery on lipid and glucose metabolism and appetite hormones in rats. Applied Physiology, Nutrition and Metabolism,41(3) 235-243",https://www.scopus.com/record/display.url?eid=2-s2.0-84959260073&origin=resultslist,10.1139/apnm-2015-0337,Article,,2-s2.0-84959260073,26842666,Universidad Autónoma Metropolitana| Universidad Autonoma de la Ciudad de Mexico| Instituto Nacional de Cardiologia Ignacio Chavez,505017| 708454| 505008,Government| Academic,3.0,60028381| 60010748| 60094425,Universidad Autónoma Metropolitana -Unidad Iztapalapa| Instituto Nacional de Cardiologia Ignacio Chavez| Universidad Autónoma de la Ciudad de México,57144625900,8790024900,8790024900,-,Mexico,1.0,1314| 2712| 2737| 2916,"Physiology| Endocrinology, Diabetes and Metabolism| Physiology (medical)| Nutrition and Dietetics",5,Life Sciences & Medicine,532| 534| 503,Medicine| Nursing| Anatomy & Physiology,32| 34,Life Sciences| Medical and Health,42| 32,Health Sciences| Biomedical And Clinical Sciences,3210| 4207,Nutrition and dietetics| Sports science and exercise,-,Sleep Dynamics and Cognitive Performance in Athletes,1140,36.756,Cognitive Impacts of Sleep Deprivation on Memory,19250,86.404,Very Good,2015.0,20.0,N/A,"Brianza-Padilla, M.| Bonilla-Jaime, H.| Almanza-Pérez, J.C.| López-López, A.L.| Sánchez-Muñoz, F.| Vazquez-Palacios, G.",Universidad Autónoma Metropolitana| Universidad Autonoma de la Ciudad de Mexico| Instituto Nacional de Cardiologia Ignacio Chavez,Mexico,0
56013541000,56013541000,α-Amyrin induces glut4 translocation mediated by AMPK and PPARδ/γ in c2c12 myoblasts,"Giacoman-Martínez, A.| Alarcón-Aguilar, F.J.| Zamilpa, A.| Huang, F.| Romero-Nava, R.| Román-Ramos, R.| Almanza-Pérez, J.C.",7.0,57193699268| 55989721500| 55995895500| 56000772100| 56574400700| 55993670700| 56013541000,2021.0,2021-01-01,Canadian Journal of Physiology and Pharmacology,99,9,935-942,-,ISSN-00084212,23363.0,Journal,Canadian Science Publishing,English,0.63,55,3.7,54,0.517,49,0.81,13.0,19.0,1.28,11.74,21.0,22.0,0.0,0.0,"Giacoman-Martínez, A., Alarcón-Aguilar, F.J., Zamilpa, A. and 4 more (...) (2021).α-Amyrin induces glut4 translocation mediated by AMPK and PPARδ/γ in c2c12 myoblasts. Canadian Journal of Physiology and Pharmacology,99(9) 935-942",https://www.scopus.com/record/display.url?eid=2-s2.0-85114240889&origin=resultslist,10.1139/cjpp-2021-0027,Article,Green,2-s2.0-85114240889,33596122,Universidad Autónoma Metropolitana| Instituto Mexicano del Seguro Social| Hospital Infantil de Mexico Federico Gomez| Instituto Politécnico Nacional,505017| 505006| 505033| 505011,Medical| Academic| Government,4.0,60028381| 60000328| 60008467| 60019176,Universidad Autónoma Metropolitana -Unidad Iztapalapa| Hospital Infantil de México Federico Gómez| Instituto Mexicano del Seguro Social| Instituto Politécnico Nacional,57193699268,56013541000,56013541000,-,Mexico,1.0,1314| 2737| 3004,Physiology| Physiology (medical)| Pharmacology,5,Life Sciences & Medicine,537| 503,Pharmacy & Pharmacology| Anatomy & Physiology,32| 34,Life Sciences| Medical and Health,32,Biomedical And Clinical Sciences,3214| 3208,Pharmacology and pharmaceutical sciences| Medical physiology,SDG 3,Cellular Mechanisms Linking Diabetes and Cancer Risk,254,66.514,Peroxisome Proliferator Activated Receptor Gamma in Disease Management,170,95.757,Very Good,2021.0,19.0,N/A,"Giacoman-Martínez, A.| Alarcón-Aguilar, F.J.| Zamilpa, A.| Huang, F.| Romero-Nava, R.| Román-Ramos, R.| Almanza-Pérez, J.C.",Universidad Autónoma Metropolitana| Instituto Mexicano del Seguro Social| Hospital Infantil de Mexico Federico Gomez| Instituto Politécnico Nacional,Mexico,0
56013541000,56013541000,"4-Hydroxybenzoic Acid and β-Sitosterol from Cucurbita ficifolia Act as Insulin Secretagogues, Peroxisome Proliferator-Activated Receptor-Gamma Agonists, and Liver Glycogen Storage Promoters: In Vivo, in Vitro, and in Silico Studies","Rosiles-Alanis, W.| Zamilpa, A.| García-Macedo, R.| Zavala-Sánchez, M.A.| Hidalgo-Figueroa, S.| Mora-Ramiro, B.| Román-Ramos, R.| Estrada-Soto, S.E.| Almanza-Perez, J.C.",9.0,57218226097| 55995895500| 6505881575| 55644775600| 25824988000| 57218221962| 55993670700| 8841781600| 56013541000,2022.0,2022-06-01,Journal of Medicinal Food,25,6,588-596,-,ISSN-1096620X,15970.0,Journal,Mary Ann Liebert Inc.,English,0.69,50,4.9,32,0.485,53,1.48,31.0,18.0,1.6,10.01,18.0,17.0,0.0,0.0,"Rosiles-Alanis, W., Zamilpa, A., García-Macedo, R. and 6 more (...) (2022).4-Hydroxybenzoic Acid and β-Sitosterol from Cucurbita ficifolia Act as Insulin Secretagogues, Peroxisome Proliferator-Activated Receptor-Gamma Agonists, and Liver Glycogen Storage Promoters: In Vivo, in Vitro, and in Silico Studies. Journal of Medicinal Food,25(6) 588-596",https://www.scopus.com/record/display.url?eid=2-s2.0-85132078709&origin=resultslist,10.1089/jmf.2021.0071,Article,,2-s2.0-85132078709,35708636,Consejo Nacional de Ciencia y Tecnologia Mexico| Universidad Autonoma del Estado de Morelos| Universidad Autónoma Metropolitana| Instituto Mexicano del Seguro Social,704696| 505016| 505017| 505006,Government| Academic,4.0,60028381| 60008467| 60010210| 60027998| 60025626,"Universidad Autónoma Metropolitana -Unidad Iztapalapa| Instituto Mexicano del Seguro Social| Universidad Autónoma Metropolitana Unidad Xochimilco| Secretaría de Ciencia, Humanidades, Tecnología e Innovación| Universidad Autónoma del Estado de Morelos",57218226097,56013541000,56013541000,-,Mexico,1.0,2701| 2916,Medicine (miscellaneous)| Nutrition and Dietetics,5,Life Sciences & Medicine,534| 532,Nursing| Medicine,34,Medical and Health,32| 42| 30,"Biomedical And Clinical Sciences| Health Sciences| Agricultural, Veterinary And Food Sciences",3210| 3006| 4208,"Nutrition and dietetics| Food sciences| Traditional, complementary and integrative medicine",SDG 3,Medicinal Plant Extracts for Pain Management,170,62.59,Cecropia Plant Extracts in Health Applications,52076,52.049,Defensible,2022.0,18.0,N/A,"Rosiles-Alanis, W.| Zamilpa, A.| García-Macedo, R.| Zavala-Sánchez, M.A.| Hidalgo-Figueroa, S.| Mora-Ramiro, B.| Román-Ramos, R.| Estrada-Soto, S.E.| Almanza-Perez, J.C.",Consejo Nacional de Ciencia y Tecnologia Mexico| Universidad Autonoma del Estado de Morelos| Universidad Autónoma Metropolitana| Instituto Mexicano del Seguro Social,Mexico,0
56013541000,56013541000,"Cacalol Acetate, a Sesquiterpene from Psacalium decompositum, Exerts an Anti-inflammatory Effect through LPS/NF-KB Signaling in Raw 264.7 Macrophages","Mora-Ramiro, B.| Jiménez-Estrada, M.| Zentella-Dehesa, A.| Ventura-Gallegos, J.L.| Gomez-Quiroz, L.E.| Rosiles-Alanis, W.| Alarcón-Aguilar, F.J.| Almanza-Pérez, J.C.",8.0,57218221962| 7003438732| 55587548900| 56013713600| 56000734700| 57218226097| 55989721500| 56013541000,2020.0,2020-08-28,Journal of Natural Products,83,8,2447-2455,-,ISSN-01633864,23053.0,Journal,American Chemical Society,English,1.51,13,6.5,6,0.976,6,1.19,31.0,17.0,0.72,11.18,28.0,36.0,0.0,0.0,"Mora-Ramiro, B., Jiménez-Estrada, M., Zentella-Dehesa, A. and 5 more (...) (2020).Cacalol Acetate, a Sesquiterpene from Psacalium decompositum, Exerts an Anti-inflammatory Effect through LPS/NF-KB Signaling in Raw 264.7 Macrophages. Journal of Natural Products,83(8) 2447-2455",https://www.scopus.com/record/display.url?eid=2-s2.0-85088397876&origin=resultslist,10.1021/acs.jnatprod.0c00300,Article,,2-s2.0-85088397876,32672964,Universidad Autónoma Metropolitana| Universidad Nacional Autónoma de México,505017| 505023,Academic,2.0,60028381| 60032442| 101373995,Universidad Autónoma Metropolitana -Unidad Iztapalapa| Universidad Nacional Autónoma de México| Instituto Nacional de Ciências Médicas e Nutrição Salvador Zubirán,57218221962,56013541000,56013541000,-,Mexico,1.0,1313| 1602| 1605| 2707| 3002| 3003| 3004,Molecular Medicine| Analytical Chemistry| Organic Chemistry| Complementary and Alternative Medicine| Drug Discovery| Pharmaceutical Science| Pharmacology,2| 4| 5,Engineering & Technology| Natural Sciences| Life Sciences & Medicine,532| 249| 409| 537,Medicine| Engineering - Petroleum| Chemistry| Pharmacy & Pharmacology,37| 34| 32,Physical Sciences| Medical and Health| Life Sciences,42,Health Sciences,4208,"Traditional, complementary and integrative medicine",SDG 9,Chemical Compounds and Their Biological Activities,1142,27.861,Therapeutic Applications of Ligularia Compounds,24511,49.02,Defensible,2020.0,17.0,N/A,"Mora-Ramiro, B.| Jiménez-Estrada, M.| Zentella-Dehesa, A.| Ventura-Gallegos, J.L.| Gomez-Quiroz, L.E.| Rosiles-Alanis, W.| Alarcón-Aguilar, F.J.| Almanza-Pérez, J.C.",Universidad Autónoma Metropolitana| Universidad Nacional Autónoma de México,Mexico,0
56013541000,56013541000,Cytokine and microRNA levels during different periods of paradoxical sleep deprivation and sleep recovery in rats,"Brianza-Padilla, M.| Sánchez-Muñoz, F.| Vázquez-Palacios, G.| Huang, F.| Almanza-Pérez, J.C.| Bojalil, R.| Bonilla-Jaime, H.",7.0,57144625900| 56002771800| 8790024900| 56000772100| 56013541000| 6701775532| 8790024800,2018.0,2018-01-01,PeerJ,2018,9,-,e5567,ISSN-21678359,21100239256.0,Journal,PeerJ Inc.,English,0.94,34,3.1,19,1.037,14,0.7,30.0,17.0,0.71,11.28,30.0,38.0,0.0,0.0,"Brianza-Padilla, M., Sánchez-Muñoz, F., Vázquez-Palacios, G. and 4 more (...) (2018).Cytokine and microRNA levels during different periods of paradoxical sleep deprivation and sleep recovery in rats. PeerJ,2018(9) ",https://www.scopus.com/record/display.url?eid=2-s2.0-85053257214&origin=resultslist,10.7717/peerj.5567,Article,Gold|Green,2-s2.0-85053257214,-,Universidad Autónoma Metropolitana| Universidad Autonoma de la Ciudad de Mexico| Hospital Infantil de Mexico Federico Gomez| Instituto Nacional de Cardiologia Ignacio Chavez,505017| 708454| 505033| 505008,Medical| Government| Academic,4.0,60028381| 60010748| 60094425| 60000328| 60010210,Universidad Autónoma Metropolitana -Unidad Iztapalapa| Instituto Nacional de Cardiologia Ignacio Chavez| Universidad Autónoma de la Ciudad de México| Hospital Infantil de México Federico Gómez| Universidad Autónoma Metropolitana Unidad Xochimilco,57144625900,8790024800,6701775532,-,Mexico,1.0,1100| 1300| 2800,"General Agricultural and Biological Sciences| General Biochemistry,Genetics and Molecular Biology| General Neuroscience",5,Life Sciences & Medicine,532| 502| 507,Medicine| Agriculture & Forestry| Biological Sciences,34| 32,Medical and Health| Life Sciences,MD,Multidisciplinary,MD,Multidisciplinary,-,Sleep Quality and Health Across Life Stages,396,86.069,Sleep Duration and Its Health Implications,1249,99.241,Defensible,2018.0,17.0,N/A,"Brianza-Padilla, M.| Sánchez-Muñoz, F.| Vázquez-Palacios, G.| Huang, F.| Almanza-Pérez, J.C.| Bojalil, R.| Bonilla-Jaime, H.",Universidad Autónoma Metropolitana| Universidad Autonoma de la Ciudad de Mexico| Hospital Infantil de Mexico Federico Gomez| Instituto Nacional de Cardiologia Ignacio Chavez,Mexico,0
56013541000,56013541000,"Design, Synthesis, Antihyperglycemic Studies, and Docking Simulations of Benzimidazole-Thiazolidinedione Hybrids","Gutierréz-Hernández, A.| Galván-Ciprés, Y.| Domínguez-Mendoza, E.A.| Aguirre-Vidal, Y.| Estrada-Soto, S.| Almanza-Pérez, J.C.| Navarrete-Vázquez, G.",7.0,57200571483| 57211520697| 57190382547| 56611899400| 8841781600| 56013541000| 57200933921,2019.0,2019-01-01,Journal of Chemistry,2019,-,-,1650145,ISSN-20909063,21100208308.0,Journal,Hindawi Limited,English,0.71,50,2.2,52,0.332,50,0.64,18.0,14.0,0.58,17.19,33.0,44.0,0.0,0.0,"Gutierréz-Hernández, A., Galván-Ciprés, Y., Domínguez-Mendoza, E.A. and 4 more (...) (2019).Design, Synthesis, Antihyperglycemic Studies, and Docking Simulations of Benzimidazole-Thiazolidinedione Hybrids. Journal of Chemistry,2019",https://www.scopus.com/record/display.url?eid=2-s2.0-85074246078&origin=resultslist,10.1155/2019/1650145,Article,Gold|Green,2-s2.0-85074246078,-,Universidad Autonoma del Estado de Morelos| Universidad Autónoma Metropolitana,505016| 505017,Academic,2.0,60025626| 60028381,Universidad Autónoma del Estado de Morelos| Universidad Autónoma Metropolitana -Unidad Iztapalapa,57200571483,57200933921,57200933921,-,Mexico,1.0,1600,General Chemistry,4,Natural Sciences,409,Chemistry,37,Physical Sciences,34,Chemical Sciences,-,-,SDG 3,Cellular Mechanisms Linking Diabetes and Cancer Risk,254,66.514,Peroxisome Proliferator Activated Receptor Gamma in Disease Management,170,95.757,Very Good,2019.0,14.0,N/A,"Gutierréz-Hernández, A.| Galván-Ciprés, Y.| Domínguez-Mendoza, E.A.| Aguirre-Vidal, Y.| Estrada-Soto, S.| Almanza-Pérez, J.C.| Navarrete-Vázquez, G.",Universidad Autonoma del Estado de Morelos| Universidad Autónoma Metropolitana,Mexico,0
56013541000,56013541000,"Synthesis, in vitro, in silico and in vivo hypoglycemic and lipid-lowering effects of 4-benzyloxy-5-benzylidene-1,3-thiazolidine-2,4-diones mediated by dual PPAR α/γ modulation","Madrigal-Angulo, J.L.| Ménez-Guerrero, C.| Estrada-Soto, S.| Ramírez-Espinosa, J.J.| Almanza-Pérez, J.C.| León-Rivera, I.| Hernández-Núñez, E.| Aguirre-Vidal, Y.| Flores-León, C.D.| Aguayo-Ortíz, R.| Navarrete-Vazquez, G.",11.0,57725475400| 57725405000| 8841781600| 36237846300| 56013541000| 55561322600| 16642429600| 56611899400| 57725568200| 55634992200| 57200933921,2022.0,2022-08-15,Bioorganic and Medicinal Chemistry Letters,70,-,-,128804,ISSN-0960894X,25788.0,Journal,Elsevier Ltd,English,0.7,49,5.5,36,0.506,38,1.34,25.0,14.0,1.1,11.79,23.0,27.0,0.0,0.0,"Madrigal-Angulo, J.L., Ménez-Guerrero, C., Estrada-Soto, S. and 8 more (...) (2022).Synthesis, in vitro, in silico and in vivo hypoglycemic and lipid-lowering effects of 4-benzyloxy-5-benzylidene-1,3-thiazolidine-2,4-diones mediated by dual PPAR α/γ modulation. Bioorganic and Medicinal Chemistry Letters,70",https://www.scopus.com/record/display.url?eid=2-s2.0-85131268624&origin=resultslist,10.1016/j.bmcl.2022.128804,Article,,2-s2.0-85131268624,35598791,Universidad Autonoma del Estado de Morelos| Centro de Investigacion y de Estudios Avanzados del Instituto Politécnico Nacional| Universidad Autónoma Metropolitana| Instituto Politécnico Nacional| Universidad Nacional Autónoma de México| Universidad Autónoma de Chihuahua,505016| 505002| 505017| 505011| 505023| 713589,Academic| Government,6.0,60025626| 60022916| 60028381| 60017272| 60017323| 60019176| 121963877| 60005847| 60032442,"Universidad Autónoma del Estado de Morelos| Universidad Autónoma de Chihuahua| Universidad Autónoma Metropolitana -Unidad Iztapalapa| Centro de Investigaciones Quimicas| Centro de Investigacion y de Estudios Avanzados del Instituto Politécnico Nacional| Instituto Politécnico Nacional| Hospital ISSSTE Xalapa| Universidad Nacional Autónoma de México, Facultad de Quimica| Universidad Nacional Autónoma de México",57725475400,57200933921,57200933921,-,Mexico,1.0,1303| 1308| 1312| 1313| 1605| 3002| 3003,Biochemistry| Clinical Biochemistry| Molecular Biology| Molecular Medicine| Organic Chemistry| Drug Discovery| Pharmaceutical Science,4| 5| 2,Natural Sciences| Life Sciences & Medicine| Engineering & Technology,249| 532| 409| 507| 537,Engineering - Petroleum| Medicine| Chemistry| Biological Sciences| Pharmacy & Pharmacology,32| 37| 34,Life Sciences| Physical Sciences| Medical and Health,34,Chemical Sciences,3404| 3405,Medicinal and biomolecular chemistry| Organic chemistry,SDG 3,Cellular Mechanisms Linking Diabetes and Cancer Risk,254,66.514,Peroxisome Proliferator Activated Receptor Gamma in Disease Management,170,95.757,Definitive,2022.0,14.0,N/A,"Madrigal-Angulo, J.L.| Ménez-Guerrero, C.| Estrada-Soto, S.| Ramírez-Espinosa, J.J.| Almanza-Pérez, J.C.| León-Rivera, I.| Hernández-Núñez, E.| Aguirre-Vidal, Y.| Flores-León, C.D.| Aguayo-Ortíz, R.| Navarrete-Vazquez, G.",Universidad Autonoma del Estado de Morelos| Centro de Investigacion y de Estudios Avanzados del Instituto Politécnico Nacional| Universidad Autónoma Metropolitana| Instituto Politécnico Nacional| Universidad Nacional Autónoma de México| Universidad Autónoma de Chihuahua,Mexico,0
56013541000,56013541000,Mechanism of the Hypoglycemic Activity and Hepatoprotective Effect of the Aqueous Extract of Cecropia obtusifolia Bertol,"Fortis-Barrera, M.D.L.Á.| Alarcón-Aguilar, F.J.| Becerril-García, A.| Flores-Sáenz, J.L.E.| Almanza-Pérez, J.C.| García-Lorenzana, M.| Lazzarini-Lechuga, R.C.| Román-Ramos, R.| Blancas-Flores, G.",9.0,57201729193| 55989721500| 57218138119| 6602480090| 56013541000| 15744964200| 56063896900| 55993670700| 56013707500,2020.0,2020-07-01,Journal of Medicinal Food,23,7,783-792,-,ISSN-1096620X,15970.0,Journal,Mary Ann Liebert Inc.,English,0.78,45,4.1,36,0.597,48,1.31,34.0,12.0,0.74,10.85,36.0,36.0,0.0,0.0,"Fortis-Barrera, M.D.L.Á., Alarcón-Aguilar, F.J., Becerril-García, A. and 6 more (...) (2020).Mechanism of the Hypoglycemic Activity and Hepatoprotective Effect of the Aqueous Extract of Cecropia obtusifolia Bertol. Journal of Medicinal Food,23(7) 783-792",https://www.scopus.com/record/display.url?eid=2-s2.0-85088027605&origin=resultslist,10.1089/jmf.2019.0126,Article,,2-s2.0-85088027605,31721634,Universidad Autónoma Metropolitana,505017,Academic,1.0,60028381,Universidad Autónoma Metropolitana -Unidad Iztapalapa,57201729193,56013707500,56013707500,-,Mexico,1.0,2701| 2916,Medicine (miscellaneous)| Nutrition and Dietetics,5,Life Sciences & Medicine,532| 534,Medicine| Nursing,34,Medical and Health,42| 32| 30,"Health Sciences| Biomedical And Clinical Sciences| Agricultural, Veterinary And Food Sciences",3006| 4208| 3210,"Food sciences| Traditional, complementary and integrative medicine| Nutrition and dietetics",SDG 3,Medicinal Plant Extracts for Pain Management,170,62.59,Cecropia Plant Extracts in Health Applications,52076,52.049,Defensible,2020.0,12.0,N/A,"Fortis-Barrera, M.D.L.Á.| Alarcón-Aguilar, F.J.| Becerril-García, A.| Flores-Sáenz, J.L.E.| Almanza-Pérez, J.C.| García-Lorenzana, M.| Lazzarini-Lechuga, R.C.| Román-Ramos, R.| Blancas-Flores, G.",Universidad Autónoma Metropolitana,Mexico,0
56013541000,56013541000,Insulin Sensitization by PPARγ and GLUT-4 Overexpression/Translocation Mediates the Antidiabetic Effect of Plantago australis †,"Estrada-Soto, S.| Ornelas-Mendoza, K.| Navarrete-Vázquez, G.| Chávez-Silva, F.| Almanza-Pérez, J.C.| Villalobos-Molina, R.| Ortiz-Barragán, E.| Loza-Rodríguez, H.| Rivera-Leyva, J.C.| Flores-Flores, A.| Perea-Arango, I.| Rodríguez-Carpena, J.-G.| Ávila-Villarreal, G.",13.0,8841781600| 57696104400| 57200933921| 37010694600| 56013541000| 55993660500| 58209240300| 55892600700| 36155644700| 57189579275| 56013730500| 35590729800| 55646911700,2023.0,2023-04-01,Pharmaceuticals,16,4,-,535,ISSN-14248247,17700156714.0,Journal,Multidisciplinary Digital Publishing Institute (MDPI),English,0.97,29,6.1,31,0.845,17,1.45,28.0,12.0,1.22,9.86,19.0,24.0,0.0,0.0,"Estrada-Soto, S., Ornelas-Mendoza, K., Navarrete-Vázquez, G. and 10 more (...) (2023).Insulin Sensitization by PPARγ and GLUT-4 Overexpression/Translocation Mediates the Antidiabetic Effect of Plantago australis †. Pharmaceuticals,16(4) ",https://www.scopus.com/record/display.url?eid=2-s2.0-85154610147&origin=resultslist,10.3390/ph16040535,Article,Gold|Green,2-s2.0-85154610147,-,Universidad Autónoma de Nayarit| Universidad Autonoma del Estado de Morelos| Universidad Autónoma Metropolitana| Instituto Nacional de Enfermedades Respiratorias| Universidad Nacional Autónoma de México,713817| 505016| 505017| 505037| 505023,Academic| Government,5.0,60025626| 60028381| 60032442| 60005058| 60012473| 60008205| 60004046,Universidad Autónoma del Estado de Morelos| Universidad Autónoma Metropolitana -Unidad Iztapalapa| Universidad Nacional Autónoma de México| Facultad de Estudios Superiores Iztacala| Universidad Tecnologica de Nezahualcoyotl| Instituto Nacional de Enfermedades Respiratorias| Universidad Autónoma de Nayarit,8841781600,55646911700,8841781600| 55646911700,-,Mexico,1.0,1313| 3002| 3003,Molecular Medicine| Drug Discovery| Pharmaceutical Science,5,Life Sciences & Medicine,537| 532,Pharmacy & Pharmacology| Medicine,32| 34,Life Sciences| Medical and Health,32,Biomedical And Clinical Sciences,3214,Pharmacology and pharmaceutical sciences,SDG 3,Antioxidant Compounds and Their Therapeutic Potential,1290,25.965,Plantago Extracts and Their Multifaceted Applications,33067,75.504,Definitive,2023.0,12.0,N/A,"Estrada-Soto, S.| Ornelas-Mendoza, K.| Navarrete-Vázquez, G.| Chávez-Silva, F.| Almanza-Pérez, J.C.| Villalobos-Molina, R.| Ortiz-Barragán, E.| Loza-Rodríguez, H.| Rivera-Leyva, J.C.| Flores-Flores, A.| Perea-Arango, I.| Rodríguez-Carpena, J.-G.| Ávila-Villarreal, G.",Universidad Autónoma de Nayarit| Universidad Autonoma del Estado de Morelos| Universidad Autónoma Metropolitana| Instituto Nacional de Enfermedades Respiratorias| Universidad Nacional Autónoma de México,Mexico,0
56013541000,56013541000,Beetle (Ulomoides dermestoides) fat improves diabetes: Effect on liver and pancreatic architecture and on PPARγ expression,"Jasso-Villagomez, E.I.| Garcia-Lorenzana, M.| Almanza-Perez, J.C.| Fortis-Barrera, M.A.| Blancas-Flores, G.| Roman-Ramos, R.| Prado-Barragan, L.A.| Alarcon-Aguilar, F.J.",8.0,36465264900| 15744964200| 56013541000| 57201729193| 56013707500| 55993670700| 6508060194| 55989721500,2018.0,2018-01-01,Brazilian Journal of Medical and Biological Research,51,6,-,e7238,ISSN-1414431X,28675.0,Journal,Associacao Brasileira de Divulgacao Cientifica,English,0.68,52,2.6,36,0.604,22,1.36,42.0,11.0,0.65,10.7,40.0,40.0,0.0,0.0,"Jasso-Villagomez, E.I., Garcia-Lorenzana, M., Almanza-Perez, J.C. and 5 more (...) (2018).Beetle (Ulomoides dermestoides) fat improves diabetes: Effect on liver and pancreatic architecture and on PPARγ expression. Brazilian Journal of Medical and Biological Research,51(6) ",https://www.scopus.com/record/display.url?eid=2-s2.0-85045905207&origin=resultslist,10.1590/1414-431X20187238,Article,Gold|Green,2-s2.0-85045905207,29694509,Universidad Autónoma Metropolitana,505017,Academic,1.0,60028381,Universidad Autónoma Metropolitana -Unidad Iztapalapa,36465264900,55989721500,55989721500,-,Mexico,1.0,1303| 1304| 1307| 1314| 2403| 2800| 3000,"Biochemistry| Biophysics| Cell Biology| Physiology| Immunology| General Neuroscience| General Pharmacology, Toxicology and Pharmaceutics",5,Life Sciences & Medicine,537| 532| 503| 507,Pharmacy & Pharmacology| Medicine| Anatomy & Physiology| Biological Sciences,34| 32,Medical and Health| Life Sciences,31| 32,Biological Sciences| Biomedical And Clinical Sciences,-,-,SDG 3,Diversity and Ecology of Ground Beetles in Forests,1475,4.774,Chemical Defenses and Evolutionary Adaptations in Beetles,55189,48.198,Defensible,2018.0,11.0,N/A,"Jasso-Villagomez, E.I.| Garcia-Lorenzana, M.| Almanza-Perez, J.C.| Fortis-Barrera, M.A.| Blancas-Flores, G.| Roman-Ramos, R.| Prado-Barragan, L.A.| Alarcon-Aguilar, F.J.",Universidad Autónoma Metropolitana,Mexico,0
56013541000,56013541000,Acute Administration of Tibolone Prevents Oxidative Stress in Ovariectomized Rats Fed High-Fat-and-Fructose Diet,"Estrada Cruz, N.A.| Almanza Pérez, J.C.| Fortis Barrera, Á.| Gallardo, J.M.| Manuel Apolinar, L.| Segura Uribe, J.J.| Orozco Suárez, S.| Coyoy Salgado, A.| Guerra Araiza, C.",9.0,57209267656| 56013541000| 37461408700| 55209366500| 6506592080| 17339450300| 6603651475| 15827398200| 6603010623,2019.0,2019-01-01,Experimental and Clinical Endocrinology and Diabetes,127,6,396-404,-,ISSN-09477349,26086.0,Journal,Georg Thieme Verlag,English,0.59,58,3.4,42,0.567,42,1.1,22.0,11.0,0.69,11.62,38.0,39.0,0.0,0.0,"Estrada Cruz, N.A., Almanza Pérez, J.C., Fortis Barrera, Á. and 6 more (...) (2019).Acute Administration of Tibolone Prevents Oxidative Stress in Ovariectomized Rats Fed High-Fat-and-Fructose Diet. Experimental and Clinical Endocrinology and Diabetes,127(6) 396-404",https://www.scopus.com/record/display.url?eid=2-s2.0-85066160148&origin=resultslist,10.1055/a-0659-9928,Article,,2-s2.0-85066160148,30107623,Consejo Nacional de Ciencia y Tecnologia Mexico| Hospital de Especialidades| Universidad Autónoma Metropolitana| Instituto Mexicano del Seguro Social,704696| 505031| 505017| 505006,Medical| Government| Academic,4.0,60019221| 60008467| 60028381| 60027998,"UMAE Hospital de Especialidades Centro Medico Nacional Siglo XXI| Instituto Mexicano del Seguro Social| Universidad Autónoma Metropolitana -Unidad Iztapalapa| Secretaría de Ciencia, Humanidades, Tecnología e Innovación",57209267656,6603010623,6603010623,-,Mexico,1.0,1310| 2712| 2724,"Endocrinology| Endocrinology, Diabetes and Metabolism| Internal Medicine",5,Life Sciences & Medicine,532| 507,Medicine| Biological Sciences,34,Medical and Health,32,Biomedical And Clinical Sciences,3202,Clinical sciences,SDG 6,Interplay of Leptin and Ghrelin in Energy Regulation,414,39.634,Estrogen's Influence on Metabolic Health and Obesity,19936,86.819,Defensible,2019.0,11.0,N/A,"Estrada Cruz, N.A.| Almanza Pérez, J.C.| Fortis Barrera, Á.| Gallardo, J.M.| Manuel Apolinar, L.| Segura Uribe, J.J.| Orozco Suárez, S.| Coyoy Salgado, A.| Guerra Araiza, C.",Consejo Nacional de Ciencia y Tecnologia Mexico| Hospital de Especialidades| Universidad Autónoma Metropolitana| Instituto Mexicano del Seguro Social,Mexico,0
56013541000,56013541000,Glycine is a competitive antagonist of the TNF receptor mediating the expression of inflammatory cytokines in 3T3-L1 adipocytes,"Romero-Nava, R.| Alarcón-Aguilar, F.J.| Giacoman-Martínez, A.| Blancas-Flores, G.| Aguayo-Cerón, K.A.| Ballinas-Verdugo, M.A.| Sánchez-Muñoz, F.| Huang, F.| Villafaña-Rauda, S.| Almanza-Pérez, J.C.",10.0,56574400700| 55989721500| 57193699268| 56013707500| 57209749737| 6505845271| 56002771800| 56000772100| 57208035860| 56013541000,2021.0,2021-05-01,Inflammation Research,70,5,605-618,-,ISSN-10233830,22410.0,Journal,Springer Science and Business Media Deutschland GmbH,English,1.38,17,8.7,16,1.332,12,0.77,15.0,10.0,0.54,13.02,36.0,46.0,0.0,0.0,"Romero-Nava, R., Alarcón-Aguilar, F.J., Giacoman-Martínez, A. and 7 more (...) (2021).Glycine is a competitive antagonist of the TNF receptor mediating the expression of inflammatory cytokines in 3T3-L1 adipocytes. Inflammation Research,70(5) 605-618",https://www.scopus.com/record/display.url?eid=2-s2.0-85105011628&origin=resultslist,10.1007/s00011-021-01462-1,Article,,2-s2.0-85105011628,33877377,Universidad Autónoma Metropolitana| Hospital Infantil de Mexico Federico Gomez| Instituto Politécnico Nacional| Instituto Nacional de Cardiologia Ignacio Chavez,505017| 505033| 505011| 505008,Medical| Government| Academic,4.0,60028381| 60000328| 60019176| 60010748,Universidad Autónoma Metropolitana -Unidad Iztapalapa| Hospital Infantil de México Federico Gómez| Instituto Politécnico Nacional| Instituto Nacional de Cardiologia Ignacio Chavez,56574400700,56013541000,56013541000,-,Mexico,1.0,2403| 3004,Immunology| Pharmacology,5,Life Sciences & Medicine,537| 507,Pharmacy & Pharmacology| Biological Sciences,34| 32,Medical and Health| Life Sciences,32,Biomedical And Clinical Sciences,3202,Clinical sciences,SDG 3,Cell Death Mechanisms in Cancer Progression,43,77.109,Nuclear Factor Kappa B in Neuronal Function,45774,73.464,Weak,2021.0,10.0,N/A,"Romero-Nava, R.| Alarcón-Aguilar, F.J.| Giacoman-Martínez, A.| Blancas-Flores, G.| Aguayo-Cerón, K.A.| Ballinas-Verdugo, M.A.| Sánchez-Muñoz, F.| Huang, F.| Villafaña-Rauda, S.| Almanza-Pérez, J.C.",Universidad Autónoma Metropolitana| Hospital Infantil de Mexico Federico Gomez| Instituto Politécnico Nacional| Instituto Nacional de Cardiologia Ignacio Chavez,Mexico,0
56013541000,56013541000,"Synthesis, In Vitro, In Vivo and In Silico Antidiabetic Bioassays of 4-Nitro(thio)phenoxyisobutyric Acids Acting as Unexpected PPARγ Modulators: An In Combo Study","Colin-Lozano, B.| Torres-Gomez, H.| Hidalgo-Figueroa, S.| Chávez-Silva, F.| Estrada-Soto, S.| Almanza-Pérez, J.C.| Navarrete-Vazquez, G.",7.0,55621192400| 20735452900| 25824988000| 37010694600| 8841781600| 56013541000| 57200933921,2022.0,2022-01-01,Pharmaceuticals,15,1,-,102,ISSN-14248247,17700156714.0,Journal,MDPI,English,1.02,29,4.7,41,0.799,18,1.46,29.0,9.0,0.59,11.83,33.0,44.0,0.0,0.0,"Colin-Lozano, B., Torres-Gomez, H., Hidalgo-Figueroa, S. and 4 more (...) (2022).Synthesis, In Vitro, In Vivo and In Silico Antidiabetic Bioassays of 4-Nitro(thio)phenoxyisobutyric Acids Acting as Unexpected PPARγ Modulators: An In Combo Study. Pharmaceuticals,15(1) ",https://www.scopus.com/record/display.url?eid=2-s2.0-85123082134&origin=resultslist,10.3390/ph15010102,Article,Gold|Green,2-s2.0-85123082134,-,Consejo Nacional de Ciencia y Tecnologia Mexico| Benemerita Universidad Autonoma de Puebla| Universidad Autonoma del Estado de Morelos| Universidad Autónoma Metropolitana| Instituto Potosino de Investigacion Cientifica y Tecnologica| Leibniz Institute for Natural Product Research and Infection Biology - Hans Knöll Institute,704696| 505001| 505016| 505017| 505043| 309147,Government| Academic,6.0,60025626| 60024830| 60072518| 60027998| 60002151| 60028381,"Universidad Autónoma del Estado de Morelos| Benemérita Universidad Autónoma de Puebla| Leibniz-Institut für Naturstoff-Forschung und Infektionsbiologie e. V. – Hans-Knöll-Institut| Secretaría de Ciencia, Humanidades, Tecnología e Innovación| Instituto Potosino de Investigación Científica y Tecnológica, A.C.| Universidad Autónoma Metropolitana -Unidad Iztapalapa",55621192400,57200933921,57200933921,-,Mexico| Germany,2.0,1313| 3002| 3003,Molecular Medicine| Drug Discovery| Pharmaceutical Science,5,Life Sciences & Medicine,532| 537,Medicine| Pharmacy & Pharmacology,34| 32,Medical and Health| Life Sciences,32,Biomedical And Clinical Sciences,3214,Pharmacology and pharmaceutical sciences,SDG 3,Cellular Mechanisms Linking Diabetes and Cancer Risk,254,66.514,Peroxisome Proliferator Activated Receptor Gamma in Disease Management,170,95.757,Very Good,2022.0,9.0,N/A,"Colin-Lozano, B.| Torres-Gomez, H.| Hidalgo-Figueroa, S.| Chávez-Silva, F.| Estrada-Soto, S.| Almanza-Pérez, J.C.| Navarrete-Vazquez, G.",Consejo Nacional de Ciencia y Tecnologia Mexico| Benemerita Universidad Autonoma de Puebla| Universidad Autonoma del Estado de Morelos| Universidad Autónoma Metropolitana| Instituto Potosino de Investigacion Cientifica y Tecnologica| Leibniz Institute for Natural Product Research and Infection Biology - Hans Knöll Institute,Mexico| Germany,0
56013541000,56013541000,"Design, synthesis, in vitro, in vivo and in silico pharmacological characterization of antidiabetic N-Boc-L-tyrosine-based compounds","Herrera-Rueda, M.Á.| Tlahuext, H.| Paoli, P.| Giacoman-Martínez, A.| Almanza-Pérez, J.C.| Pérez-Sánchez, H.| Gutiérrez-Hernández, A.| Chávez-Silva, F.| Dominguez-Mendoza, E.A.| Estrada-Soto, S.| Navarrete-Vazquez, G.",11.0,57193065510| 6602210879| 8440939000| 57193699268| 56013541000| 12767397700| 57200571483| 37010694600| 57190382547| 8841781600| 57200933921,2018.0,2018-12-01,Biomedicine and Pharmacotherapy,108,-,670-678,-,ISSN-07533322,28620.0,Journal,Elsevier Masson SAS,English,0.97,32,4,44,0.931,23,1.65,40.0,9.0,0.6,10.07,44.0,42.0,0.0,0.0,"Herrera-Rueda, M.Á., Tlahuext, H., Paoli, P. and 8 more (...) (2018).Design, synthesis, in vitro, in vivo and in silico pharmacological characterization of antidiabetic N-Boc-L-tyrosine-based compounds. Biomedicine and Pharmacotherapy,108670-678",https://www.scopus.com/record/display.url?eid=2-s2.0-85053782716&origin=resultslist,10.1016/j.biopha.2018.09.074,Article,Hybrid gold|Green,2-s2.0-85053782716,30245467,Universidad Católica San Antonio de Murcia| Universidad Autonoma del Estado de Morelos| University of Florence| Universidad Autónoma Metropolitana,705524| 505016| 321049| 505017,Academic,4.0,60025626| 60017272| 60021859| 60028381| 60109394,Universidad Autónoma del Estado de Morelos| Centro de Investigaciones Quimicas| Università degli Studi di Firenze| Universidad Autónoma Metropolitana -Unidad Iztapalapa| Universidad Católica de Murcia,57193065510,57200933921,57200933921,-,Spain| Mexico| Italy,3.0,3004,Pharmacology,5,Life Sciences & Medicine,537,Pharmacy & Pharmacology,34,Medical and Health,32,Biomedical And Clinical Sciences,3214,Pharmacology and pharmaceutical sciences,SDG 3,Cellular Mechanisms Linking Diabetes and Cancer Risk,254,66.514,Peroxisome Proliferator Activated Receptor Gamma in Disease Management,170,95.757,Very Good,2018.0,9.0,N/A,"Herrera-Rueda, M.Á.| Tlahuext, H.| Paoli, P.| Giacoman-Martínez, A.| Almanza-Pérez, J.C.| Pérez-Sánchez, H.| Gutiérrez-Hernández, A.| Chávez-Silva, F.| Dominguez-Mendoza, E.A.| Estrada-Soto, S.| Navarrete-Vazquez, G.",Universidad Católica San Antonio de Murcia| Universidad Autonoma del Estado de Morelos| University of Florence| Universidad Autónoma Metropolitana,Spain| Mexico| Italy,0
56013541000,56013541000,"Herniarin, Dimethylfraxetin and Extracts from Tagetes lucida, in Psychosis Secondary to Ketamine and Its Interaction with Haloperidol","Porras-Dávila, S.L.| Jiménez-Ferrer, E.| Román Ramos, R.| González-Cortazar, M.| Almanza-Pérez, J.C.| Herrera-Ruiz, M.",6.0,57983217600| 12244113100| 55993670700| 56000817300| 56013541000| 55993760000,2022.0,2022-10-01,Plants,11,20,-,2789,ISSN-22237747,21100788294.0,Journal,MDPI,English,1.28,18,5.4,17,0.79,19,0.79,14.0,8.0,0.7,9.96,36.0,39.0,0.0,0.0,"Porras-Dávila, S.L., Jiménez-Ferrer, E., Román Ramos, R. and 3 more (...) (2022).Herniarin, Dimethylfraxetin and Extracts from Tagetes lucida, in Psychosis Secondary to Ketamine and Its Interaction with Haloperidol. Plants,11(20) ",https://www.scopus.com/record/display.url?eid=2-s2.0-85142701363&origin=resultslist,10.3390/plants11202789,Article,Gold|Green,2-s2.0-85142701363,-,Universidad Autónoma Metropolitana| Instituto Mexicano del Seguro Social,505017| 505006,Academic| Government,2.0,60008467| 60014923| 60028381,Instituto Mexicano del Seguro Social| Universidad Autónoma Metropolitana| Universidad Autónoma Metropolitana -Unidad Iztapalapa,57983217600,55993760000,55993760000,-,Mexico,1.0,1105| 1110| 2303,"Ecology, Evolution, Behavior and Systematics| Plant Science| Ecology",4| 5,Natural Sciences| Life Sciences & Medicine,424| 502,Environmental Sciences| Agriculture & Forestry,37| 32,Physical Sciences| Life Sciences,30| 31,"Agricultural, Veterinary And Food Sciences| Biological Sciences",-,-,-,Antioxidant Compounds and Their Medicinal Potential,6,97.711,Essential Oils and Bioactive Compounds in Tagetes,30593,73.649,Defensible,2022.0,8.0,N/A,"Porras-Dávila, S.L.| Jiménez-Ferrer, E.| Román Ramos, R.| González-Cortazar, M.| Almanza-Pérez, J.C.| Herrera-Ruiz, M.",Universidad Autónoma Metropolitana| Instituto Mexicano del Seguro Social,Mexico,0
56013541000,56013541000,A short S-equol exposure has a long-term inhibitory effect on adipogenesis in mouse 3T3-L1 cells,"Mandujano-Lázaro, G.| Galaviz-Hernández, C.| Reyes-López, C.A.| Almanza-Pérez, J.C.| Giacoman-Martínez, A.| López-Camarillo, C.| Huang, F.| Marchat, L.A.",8.0,57299624800| 17134661600| 7801369662| 56013541000| 57193699268| 8640484800| 56000772100| 6603642720,2021.0,2021-10-01,Applied Sciences (Switzerland),11,20,-,9657,ISSN-20763417,21100829268.0,Journal,MDPI,English,1.02,31,3.7,27,0.507,31,0.9,24.0,7.0,0.37,13.59,44.0,55.0,0.0,0.0,"Mandujano-Lázaro, G., Galaviz-Hernández, C., Reyes-López, C.A. and 5 more (...) (2021).A short S-equol exposure has a long-term inhibitory effect on adipogenesis in mouse 3T3-L1 cells. Applied Sciences (Switzerland),11(20) ",https://www.scopus.com/record/display.url?eid=2-s2.0-85117285141&origin=resultslist,10.3390/app11209657,Article,Gold|Green,2-s2.0-85117285141,-,Centro de Investigacion y de Estudios Avanzados del Instituto Politécnico Nacional| Universidad Autónoma Metropolitana| Universidad Autonoma de la Ciudad de Mexico| Hospital Infantil de Mexico Federico Gomez| Instituto Politécnico Nacional,505002| 505017| 708454| 505033| 505011,Medical| Academic| Government,5.0,60019176| 60028381| 60017323| 60094425| 60000328,Instituto Politécnico Nacional| Universidad Autónoma Metropolitana -Unidad Iztapalapa| Centro de Investigacion y de Estudios Avanzados del Instituto Politécnico Nacional| Universidad Autónoma de la Ciudad de México| Hospital Infantil de México Federico Gómez,57299624800,6603642720,6603642720,-,Mexico,1.0,1507| 1508| 1706| 2200| 2500| 3105,Fluid Flow and Transfer Processes| Process Chemistry and Technology| Computer Science Applications| General Engineering| General Materials Science| Instrumentation,4| 2,Natural Sciences| Engineering & Technology,219| 433| 213| 212| 249| 439,Engineering - Chemical| Materials Science| Data Science| Computer Science & Information Systems| Engineering - Petroleum| Physics & Astronomy,37| 38| 36,Physical Sciences| Computer Science| Engineering,MD,Multidisciplinary,MD,Multidisciplinary,SDG 3,Isoflavones and Their Impact on Health,1219,32.374,Isoflavones and Their Impact on Cancer Risk,585,95.872,Defensible,2021.0,7.0,N/A,"Mandujano-Lázaro, G.| Galaviz-Hernández, C.| Reyes-López, C.A.| Almanza-Pérez, J.C.| Giacoman-Martínez, A.| López-Camarillo, C.| Huang, F.| Marchat, L.A.",Centro de Investigacion y de Estudios Avanzados del Instituto Politécnico Nacional| Universidad Autónoma Metropolitana| Universidad Autonoma de la Ciudad de Mexico| Hospital Infantil de Mexico Federico Gomez| Instituto Politécnico Nacional,Mexico,0
56013541000,56013541000,Effects of mesenchymal stem cell culture on radio sterilized human amnion or radio sterilized pig skin in burn wound healing,"Cabello-Arista, B.| Melgarejo-Ramírez, Y.| Retana-Flores, A.| Martínez-López, V.| Márquez-Gutiérrez, E.| Almanza-Pérez, J.| Lecona, H.| Reyes-Frías, M.L.| Ibarra, C.| Martínez-Pardo, M.E.| Velasquillo, C.| Sánchez-Sánchez, R.",12.0,57193646160| 56495346500| 57421708900| 6506853824| 55225993400| 56013541000| 55759183900| 6506223850| 23018790900| 7003570698| 24339719300| 56492677900,2024.0,2024-03-01,Cell and Tissue Banking,25,1,255-267,-,ISSN-13899333,18439.0,Journal,Springer Science and Business Media B.V.,English,0.69,50,3.9,38,0.484,44,1.45,25.0,7.0,0.6,6.7,21.0,43.0,0.0,0.0,"Cabello-Arista, B., Melgarejo-Ramírez, Y., Retana-Flores, A. and 9 more (...) (2024).Effects of mesenchymal stem cell culture on radio sterilized human amnion or radio sterilized pig skin in burn wound healing. Cell and Tissue Banking,25(1) 255-267",https://www.scopus.com/record/display.url?eid=2-s2.0-85123259012&origin=resultslist,10.1007/s10561-021-09976-y,Article,,2-s2.0-85123259012,35059955,Universidad Autónoma Metropolitana| Instituto Nacional de Rehabilitación| Instituto Nacional de Investigaciones Nucleares| Instituto Tecnologico de Estudios Superiores de Monterrey,505017| 715278| 505039| 505012,Medical| Academic| Government,4.0,60084250| 60028381| 60010532| 60007966,Instituto Nacional de Rehabilitación| Universidad Autónoma Metropolitana -Unidad Iztapalapa| Instituto Nacional de Investigaciones Nucleares| Tecnológico de Monterrey,57193646160,56492677900,56492677900,-,Mexico,1.0,1307| 2204| 2502| 2747,Cell Biology| Biomedical Engineering| Biomaterials| Transplantation,2| 5| 4,Engineering & Technology| Life Sciences & Medicine| Natural Sciences,532| 433| 507,Medicine| Materials Science| Biological Sciences,32| 34| 36,Life Sciences| Medical and Health| Engineering,32,Biomedical And Clinical Sciences,3203,Dentistry,-,Enhancing Quality of Life through Ulcer Management,658,60.628,Skin Substitutes and Wound Healing,2269,93.412,Defensible,2024.0,7.0,N/A,"Cabello-Arista, B.| Melgarejo-Ramírez, Y.| Retana-Flores, A.| Martínez-López, V.| Márquez-Gutiérrez, E.| Almanza-Pérez, J.| Lecona, H.| Reyes-Frías, M.L.| Ibarra, C.| Martínez-Pardo, M.E.| Velasquillo, C.| Sánchez-Sánchez, R.",Universidad Autónoma Metropolitana| Instituto Nacional de Rehabilitación| Instituto Nacional de Investigaciones Nucleares| Instituto Tecnologico de Estudios Superiores de Monterrey,Mexico,0
56013541000,56013541000,"LC-MS Fingerprinting Development for Standardized Precipitate from Agastache mexicana, Which Induces Antihypertensive Effect through NO Production and Calcium Channel Blockade †","Cruz-Torres, K.C.| Estrada-Soto, S.| Arias-Durán, L.| Navarrete-Vázquez, G.| Almanza-Pérez, J.C.| Mora-Ramiro, B.| Perea-Arango, I.| Hernández-Núñez, E.| Villalobos-Molina, R.| Carmona-Castro, G.| Medina-Díaz, I.-M.| Ávila-Villarreal, G.",12.0,57697346200| 8841781600| 57196085089| 57200933921| 56013541000| 57218221962| 56013730500| 16642429600| 55993660500| 57205118568| 56000803400| 55646911700,2023.0,2023-09-01,Pharmaceutics,15,9,-,2346,ISSN-19994923,19700188360.0,Journal,Multidisciplinary Digital Publishing Institute (MDPI),English,1,27,7.9,18,0.892,14,0.55,11.0,6.0,0.6,9.99,34.0,43.0,0.0,0.0,"Cruz-Torres, K.C., Estrada-Soto, S., Arias-Durán, L. and 9 more (...) (2023).LC-MS Fingerprinting Development for Standardized Precipitate from Agastache mexicana, Which Induces Antihypertensive Effect through NO Production and Calcium Channel Blockade †. Pharmaceutics,15(9) ",https://www.scopus.com/record/display.url?eid=2-s2.0-85172444024&origin=resultslist,10.3390/pharmaceutics15092346,Article,Gold|Green,2-s2.0-85172444024,-,Universidad Autónoma de Nayarit| Universidad Autonoma del Estado de Morelos| Centro de Investigacion y de Estudios Avanzados del Instituto Politécnico Nacional| Universidad Autónoma Metropolitana| Universidad Nacional Autónoma de México,713817| 505016| 505002| 505017| 505023,Academic| Government,5.0,60025626| 60028381| 60010531| 60032442| 60005058| 60004046,Universidad Autónoma del Estado de Morelos| Universidad Autónoma Metropolitana -Unidad Iztapalapa| CINVESTAV Unidad Merida| Universidad Nacional Autónoma de México| Facultad de Estudios Superiores Iztacala| Universidad Autónoma de Nayarit,57697346200,55646911700,8841781600| 55646911700,-,Mexico,1.0,3003,Pharmaceutical Science,5,Life Sciences & Medicine,537,Pharmacy & Pharmacology,34,Medical and Health,32,Biomedical And Clinical Sciences,3214,Pharmacology and pharmaceutical sciences,-,Antioxidant and Antimicrobial Properties of Essential Oils,275,87.901,Therapeutic Potential of Agastache Compounds and Essential Oils,62059,69.847,Definitive,2023.0,6.0,N/A,"Cruz-Torres, K.C.| Estrada-Soto, S.| Arias-Durán, L.| Navarrete-Vázquez, G.| Almanza-Pérez, J.C.| Mora-Ramiro, B.| Perea-Arango, I.| Hernández-Núñez, E.| Villalobos-Molina, R.| Carmona-Castro, G.| Medina-Díaz, I.-M.| Ávila-Villarreal, G.",Universidad Autónoma de Nayarit| Universidad Autonoma del Estado de Morelos| Centro de Investigacion y de Estudios Avanzados del Instituto Politécnico Nacional| Universidad Autónoma Metropolitana| Universidad Nacional Autónoma de México,Mexico,0
56013541000,56013541000,Effects of Five Coumarins and Standardized Extracts from Tagetes lucida Cav. on Motor Impairment and Neuroinflammation Induced with Cuprizone,"Castro-Martínez, G.| Herrera-Ruiz, M.| González-Cortázar, M.| Porras-Dávila, S.L.| Almanza Pérez, J.C.| Jimenez-Ferrer, E.",6.0,57201373230| 55993760000| 56000817300| 57983217600| 56013541000| 12244113100,2023.0,2023-10-01,Pharmaceuticals,16,10,-,1391,ISSN-14248247,17700156714.0,Journal,Multidisciplinary Digital Publishing Institute (MDPI),English,0.97,29,6.1,31,0.845,17,1.14,22.0,6.0,0.61,9.86,34.0,43.0,0.0,0.0,"Castro-Martínez, G., Herrera-Ruiz, M., González-Cortázar, M. and 3 more (...) (2023).Effects of Five Coumarins and Standardized Extracts from Tagetes lucida Cav. on Motor Impairment and Neuroinflammation Induced with Cuprizone. Pharmaceuticals,16(10) ",https://www.scopus.com/record/display.url?eid=2-s2.0-85175480400&origin=resultslist,10.3390/ph16101391,Article,Gold|Green,2-s2.0-85175480400,-,Universidad Autónoma Metropolitana| Instituto Mexicano del Seguro Social,505017| 505006,Academic| Government,2.0,60014923| 60008467| 60028381,Universidad Autónoma Metropolitana| Instituto Mexicano del Seguro Social| Universidad Autónoma Metropolitana -Unidad Iztapalapa,57201373230,12244113100,56013541000| 12244113100,-,Mexico,1.0,1313| 3002| 3003,Molecular Medicine| Drug Discovery| Pharmaceutical Science,5,Life Sciences & Medicine,537| 532,Pharmacy & Pharmacology| Medicine,34| 32,Medical and Health| Life Sciences,32,Biomedical And Clinical Sciences,3214,Pharmacology and pharmaceutical sciences,-,Oligodendrocyte Dynamics in Central Nervous System Recovery,287,75.736,Demyelination and Remyelination in Multiple Sclerosis Models,38919,79.044,Definitive,2023.0,6.0,N/A,"Castro-Martínez, G.| Herrera-Ruiz, M.| González-Cortázar, M.| Porras-Dávila, S.L.| Almanza Pérez, J.C.| Jimenez-Ferrer, E.",Universidad Autónoma Metropolitana| Instituto Mexicano del Seguro Social,Mexico,0
56013541000,56013541000,Antinociceptive and gastroprotective activities of Bocconia arborea S. Watson and its bioactive metabolite dihydrosanguinarine in murine models,"Gaona-Tovar, E.| Estrada-Soto, S.| González-Trujano, M.E.| Martínez-Vargas, D.| Hernandez-Leon, A.| Narváez-González, F.| Villalobos-Molina, R.| Almanza-Pérez, J.C.",8.0,57223000872| 8841781600| 55995903400| 57196996968| 56607334400| 57207771507| 55993660500| 56013541000,2022.0,2022-10-05,Journal of Ethnopharmacology,296,-,-,115492,ISSN-03788741,23015.0,Journal,Elsevier Ireland Ltd,English,1.45,14,8.6,18,0.833,25,1.68,29.0,6.0,0.56,10.73,42.0,46.0,0.0,0.0,"Gaona-Tovar, E., Estrada-Soto, S., González-Trujano, M.E. and 5 more (...) (2022).Antinociceptive and gastroprotective activities of Bocconia arborea S. Watson and its bioactive metabolite dihydrosanguinarine in murine models. Journal of Ethnopharmacology,296",https://www.scopus.com/record/display.url?eid=2-s2.0-85132928731&origin=resultslist,10.1016/j.jep.2022.115492,Article,,2-s2.0-85132928731,35724746,Instituto Nacional de Psiquiatria Ramon de la Fuente| Universidad Autonoma del Estado de Morelos| Universidad Autónoma Metropolitana| Universidad Nacional Autónoma de México,505042| 505016| 505017| 505023,Government| Academic,4.0,60025626| 60001818| 60001570| 60005058| 60032442| 60014923,Universidad Autónoma del Estado de Morelos| Instituto Nacional de Psiquiatría Ramon de la Fuente| Instituto de Seguridad y Servicios Sociales de los Trabajadores del Estado - ISSSTE| Facultad de Estudios Superiores Iztacala| Universidad Nacional Autónoma de México| Universidad Autónoma Metropolitana,57223000872,56013541000,8841781600| 55995903400,-,Mexico,1.0,3002| 3004,Drug Discovery| Pharmacology,5,Life Sciences & Medicine,537,Pharmacy & Pharmacology,34,Medical and Health,32| 42,Biomedical And Clinical Sciences| Health Sciences,4208| 3214,"Traditional, complementary and integrative medicine| Pharmacology and pharmaceutical sciences",-,Berberine and Alkaloids in Disease Treatment,1426,26.619,Sanguinarine and Alkaloids in Cancer Treatment,16067,85.453,Very Good,2022.0,6.0,N/A,"Gaona-Tovar, E.| Estrada-Soto, S.| González-Trujano, M.E.| Martínez-Vargas, D.| Hernandez-Leon, A.| Narváez-González, F.| Villalobos-Molina, R.| Almanza-Pérez, J.C.",Instituto Nacional de Psiquiatria Ramon de la Fuente| Universidad Autonoma del Estado de Morelos| Universidad Autónoma Metropolitana| Universidad Nacional Autónoma de México,Mexico,0
56013541000,56013541000,Effect of Supplementation with Omega-3 Polyunsaturated Fatty Acids on Metabolic Modulators in Skeletal Muscle of Rats with an Obesogenic High-Fat Diet,"Chávez-Ortega, M.P.| Almanza-Pérez, J.C.| Sánchez-Muñoz, F.| Hong, E.| Velázquez-Reyes, E.| Romero-Nava, R.| Villafaña-Rauda, S.| Pérez-Ontiveros, A.| Blancas-Flores, G.| Huang, F.",10.0,58909213000| 56013541000| 56002771800| 7102538370| 58908907000| 56574400700| 57208035860| 58909054600| 56013707500| 56000772100,2024.0,2024-02-01,Pharmaceuticals,17,2,-,222,ISSN-14248247,17700156714.0,Journal,Multidisciplinary Digital Publishing Institute (MDPI),English,1.09,25,7.7,21,1.019,12,0.78,10.0,5.0,0.78,6.43,27.0,36.0,0.0,0.0,"Chávez-Ortega, M.P., Almanza-Pérez, J.C., Sánchez-Muñoz, F. and 7 more (...) (2024).Effect of Supplementation with Omega-3 Polyunsaturated Fatty Acids on Metabolic Modulators in Skeletal Muscle of Rats with an Obesogenic High-Fat Diet. Pharmaceuticals,17(2) ",https://www.scopus.com/record/display.url?eid=2-s2.0-85186119763&origin=resultslist,10.3390/ph17020222,Article,Gold|Green,2-s2.0-85186119763,-,Centro de Investigacion y de Estudios Avanzados del Instituto Politécnico Nacional| Universidad Autónoma Metropolitana| Hospital Infantil de Mexico Federico Gomez| Instituto Politécnico Nacional| Instituto Nacional de Cardiologia Ignacio Chavez,505002| 505017| 505033| 505011| 505008,Medical| Government| Academic,5.0,60028381| 60000328| 60010748| 60019176| 60017323,Universidad Autónoma Metropolitana -Unidad Iztapalapa| Hospital Infantil de México Federico Gómez| Instituto Nacional de Cardiologia Ignacio Chavez| Instituto Politécnico Nacional| Centro de Investigacion y de Estudios Avanzados del Instituto Politécnico Nacional,58909213000,56000772100,56013707500| 56000772100,-,Mexico,1.0,1313| 3002| 3003,Molecular Medicine| Drug Discovery| Pharmaceutical Science,5,Life Sciences & Medicine,537| 532,Pharmacy & Pharmacology| Medicine,32| 34,Life Sciences| Medical and Health,32,Biomedical And Clinical Sciences,3214,Pharmacology and pharmaceutical sciences,SDG 3,Omega-3 Fatty Acids in Health and Disease,775,54.218,Omega-3 Fatty Acids and Insulin Resistance Effects,29675,77.193,Definitive,2024.0,5.0,N/A,"Chávez-Ortega, M.P.| Almanza-Pérez, J.C.| Sánchez-Muñoz, F.| Hong, E.| Velázquez-Reyes, E.| Romero-Nava, R.| Villafaña-Rauda, S.| Pérez-Ontiveros, A.| Blancas-Flores, G.| Huang, F.",Centro de Investigacion y de Estudios Avanzados del Instituto Politécnico Nacional| Universidad Autónoma Metropolitana| Hospital Infantil de Mexico Federico Gomez| Instituto Politécnico Nacional| Instituto Nacional de Cardiologia Ignacio Chavez,Mexico,0
56013541000,56013541000,In Silico and In Vivo Evaluation of the Maqui Berry (Aristotelia chilensis (Mol.) Stuntz) on Biochemical Parameters and Oxidative Stress Markers in a Metabolic Syndrome Model,"Castillo-García, E.L.| Cossio-Ramírez, A.L.| Córdoba-Méndez, Ó.A.| Loza-Mejía, M.A.| Salazar, J.R.| Chávez-Gutiérrez, E.| Bautista-Poblet, G.| Castillo-Mendieta, N.T.| Moreno, D.A.| García-Viguera, C.| Pinto-Almazán, R.| Almanza-Pérez, J.C.| Gallardo, J.M.| Guerra-Araiza, C.",14.0,57203824471| 58782328900| 58783216000| 23486186200| 58500597800| 57194727117| 57219706268| 57226322904| 56526352700| 7003527571| 23480119900| 56013541000| 55209366500| 6603010623,2023.0,2023-12-01,Metabolites,13,12,-,1189,ISSN-22181989,21100403902.0,Journal,Multidisciplinary Digital Publishing Institute (MDPI),English,0.84,37,5.7,40,0.903,33,2.53,44.0,5.0,0.46,10.81,38.0,51.0,0.0,0.0,"Castillo-García, E.L., Cossio-Ramírez, A.L., Córdoba-Méndez, Ó.A. and 11 more (...) (2023).In Silico and In Vivo Evaluation of the Maqui Berry (Aristotelia chilensis (Mol.) Stuntz) on Biochemical Parameters and Oxidative Stress Markers in a Metabolic Syndrome Model. Metabolites,13(12) ",https://www.scopus.com/record/display.url?eid=2-s2.0-85180690237&origin=resultslist,10.3390/metabo13121189,Article,Gold|Green,2-s2.0-85180690237,-,CSIC| Consejo Nacional de Ciencia y Tecnologia Mexico| Hospital de Especialidades| CEBAS- CSIC - Centre of Edafology and Applied Biology of Segura | Universidad La Salle| Universidad Autónoma Metropolitana| Instituto Mexicano del Seguro Social| Instituto Politécnico Nacional,312004| 704696| 505031| 715379| 705325| 505017| 505006| 505011,Medical| Academic| Government,8.0,60008467| 60019221| 60014923| 60019176| 60004252| 60027998| 60006754| 60002240| 130633882,"Instituto Mexicano del Seguro Social| UMAE Hospital de Especialidades Centro Medico Nacional Siglo XXI| Universidad Autónoma Metropolitana| Instituto Politécnico Nacional| Universidad La Salle| Secretaría de Ciencia, Humanidades, Tecnología e Innovación| Consejo Superior de Investigaciones Científicas| CSIC - Centro de Edafología y Biología Aplicada del Segura (CEBAS)| DCBS",57203824471,6603010623,23480119900| 6603010623,-,Mexico| Spain,2.0,1303| 1312| 2712,"Biochemistry| Molecular Biology| Endocrinology, Diabetes and Metabolism",5,Life Sciences & Medicine,507| 532,Biological Sciences| Medicine,34| 32,Medical and Health| Life Sciences,32| 34| 31,Biomedical And Clinical Sciences| Chemical Sciences| Biological Sciences,3205| 3101| 3401,Medical biochemistry and metabolomics| Biochemistry and cell biology| Analytical chemistry,SDG 3,Anthocyanins and Their Multifaceted Health Benefits,771,79.987,Antioxidant Properties of Maqui Berry Extracts,59222,74.625,Definitive,2023.0,5.0,N/A,"Castillo-García, E.L.| Cossio-Ramírez, A.L.| Córdoba-Méndez, Ó.A.| Loza-Mejía, M.A.| Salazar, J.R.| Chávez-Gutiérrez, E.| Bautista-Poblet, G.| Castillo-Mendieta, N.T.| Moreno, D.A.| García-Viguera, C.| Pinto-Almazán, R.| Almanza-Pérez, J.C.| Gallardo, J.M.| Guerra-Araiza, C.",CSIC| Consejo Nacional de Ciencia y Tecnologia Mexico| Hospital de Especialidades| CEBAS- CSIC - Centre of Edafology and Applied Biology of Segura | Universidad La Salle| Universidad Autónoma Metropolitana| Instituto Mexicano del Seguro Social| Instituto Politécnico Nacional,Mexico| Spain,0
56013541000,56013541000,Steroidal saponin from Agave marmorata Roezl modulates inflammatory response by inhibiting NF-κB and AP-1,"Cortés A, J.| Sánchez-Mendoza, E.| Zamilpa, A.| González-Cortazar, M.| Herrera-Ruiz, M.| Almanza-Pérez, J.C.| Terán-Cabanillas, E.| Condé, R.| Domínguez-Ramírez, L.| Arcos, E.M.| Jiménez-Ferrer, J.E.",11.0,57220895163| 56013623600| 55995895500| 56000817300| 55993760000| 56013541000| 55342862700| 8101171400| 6508069538| 57220901819| 12244113100,2022.0,2022-01-01,Natural Product Research,36,4,1123-1128,-,ISSN-14786419,24819.0,Journal,Taylor and Francis Ltd.,English,0.94,34,4.5,25,0.44,41,1.3,36.0,5.0,0.3,13.14,46.0,61.0,0.0,0.0,"Cortés A, J., Sánchez-Mendoza, E., Zamilpa, A. and 8 more (...) (2022).Steroidal saponin from Agave marmorata Roezl modulates inflammatory response by inhibiting NF-κB and AP-1. Natural Product Research,36(4) 1123-1128",https://www.scopus.com/record/display.url?eid=2-s2.0-85097810389&origin=resultslist,10.1080/14786419.2020.1855638,Article,,2-s2.0-85097810389,33342288,Universidad Autonoma del Estado de Morelos| Instituto Nacional de Salud Publica| Universidad Autónoma Metropolitana| Instituto Mexicano del Seguro Social| Universidad de las Americas Puebla| Centro de Investigaciones Biologicas Del Noroeste,505016| 505010| 505017| 505006| 505055| 505026,Government| Academic,6.0,60008467| 60028381| 60010210| 123224623| 60022420| 60031120| 60021746| 60025626,Instituto Mexicano del Seguro Social| Universidad Autónoma Metropolitana -Unidad Iztapalapa| Universidad Autónoma Metropolitana Unidad Xochimilco| Facultad de Ciencias de la Nutrición y Gastronomía| Instituto Nacional de Salud Publica| Universidad de las Américas Puebla| Centro de Investigaciones Biologicas Del Noroeste| Universidad Autónoma del Estado de Morelos,57220895163,12244113100,12244113100,-,Mexico,1.0,1110| 1303| 1602| 1605,Plant Science| Biochemistry| Analytical Chemistry| Organic Chemistry,5| 2| 4,Life Sciences & Medicine| Engineering & Technology| Natural Sciences,507| 409| 502| 249,Biological Sciences| Chemistry| Agriculture & Forestry| Engineering - Petroleum,32| 37,Life Sciences| Physical Sciences,MD,Multidisciplinary,MD,Multidisciplinary,SDG 3,Antioxidant Compounds and Their Medicinal Potential,6,97.711,Saponin Compounds and Their Therapeutic Applications,21058,80.52,Very Good,2022.0,5.0,N/A,"Cortés A, J.| Sánchez-Mendoza, E.| Zamilpa, A.| González-Cortazar, M.| Herrera-Ruiz, M.| Almanza-Pérez, J.C.| Terán-Cabanillas, E.| Condé, R.| Domínguez-Ramírez, L.| Arcos, E.M.| Jiménez-Ferrer, J.E.",Universidad Autonoma del Estado de Morelos| Instituto Nacional de Salud Publica| Universidad Autónoma Metropolitana| Instituto Mexicano del Seguro Social| Universidad de las Americas Puebla| Centro de Investigaciones Biologicas Del Noroeste,Mexico,0
56013541000,56013541000,"Glycine Effect on the Expression Profile of Orphan Receptors GPR21, GPR26, GPR39, GPR82 and GPR6 in a Model of Inflammation in 3T3-L1 Cells","Gutiérrez-Rojas, R.A.| Aguayo-Cerón, K.A.| Vargas-De-León, C.| Cabrera-Becerra, S.E.| Almanza-Pérez, J.C.| Huang, F.| Villafaña, S.| Romero-Nava, R.",8.0,57962881500| 57209749737| 37073501700| 57217988159| 56013541000| 56000772100| 6507156740| 56574400700,2022.0,2022-11-01,Life,12,11,-,1687,ISSN-20751729,27202.0,Journal,MDPI,English,0.71,48,2.7,46,0.634,28,0.66,9.0,5.0,0.4,10.01,46.0,55.0,0.0,0.0,"Gutiérrez-Rojas, R.A., Aguayo-Cerón, K.A., Vargas-De-León, C. and 5 more (...) (2022).Glycine Effect on the Expression Profile of Orphan Receptors GPR21, GPR26, GPR39, GPR82 and GPR6 in a Model of Inflammation in 3T3-L1 Cells. Life,12(11) ",https://www.scopus.com/record/display.url?eid=2-s2.0-85141799191&origin=resultslist,10.3390/life12111687,Article,Gold|Green,2-s2.0-85141799191,-,Hospital Juárez de México| Universidad Autónoma Metropolitana| Hospital Infantil de Mexico Federico Gomez| Instituto Politécnico Nacional,715277| 505017| 505033| 505011,Medical| Academic,4.0,60019176| 60013375| 60028381| 60000328,Instituto Politécnico Nacional| Hospital Juárez de México| Universidad Autónoma Metropolitana -Unidad Iztapalapa| Hospital Infantil de México Federico Gómez,57962881500,56574400700,56574400700,-,Mexico,1.0,1105| 1300| 1911| 1912,"Ecology, Evolution, Behavior and Systematics| General Biochemistry,Genetics and Molecular Biology| Paleontology| Space and Planetary Science",4| 5,Natural Sciences| Life Sciences & Medicine,507| 450| 451| 416| 502,Biological Sciences| Geology| Geophysics| Earth & Marine Sciences| Agriculture & Forestry,37| 32,Physical Sciences| Life Sciences,31| 46,Biological Sciences| Information And Computing Sciences,3101| 3104| 4601,Biochemistry and cell biology| Evolutionary biology| Applied computing,SDG 3,Liver Health and Organ Donation Dynamics,185,67.037,Glycine's Role in Hepatic Protection and Function,51480,56.125,Defensible,2022.0,5.0,N/A,"Gutiérrez-Rojas, R.A.| Aguayo-Cerón, K.A.| Vargas-De-León, C.| Cabrera-Becerra, S.E.| Almanza-Pérez, J.C.| Huang, F.| Villafaña, S.| Romero-Nava, R.",Hospital Juárez de México| Universidad Autónoma Metropolitana| Hospital Infantil de Mexico Federico Gomez| Instituto Politécnico Nacional,Mexico,0
56013541000,56013541000,Antihyperglycemic and Hypolipidemic Activities of Flavonoids Isolated from Smilax Dominguensis Mediated by Peroxisome Proliferator-Activated Receptors,"Ortiz-Barragán, E.| Estrada-Soto, S.| Giacoman-Martínez, A.| Alarcón-Aguilar, F.J.| Fortis-Barrera, Á.| Marquina-Rodríguez, H.| Gaona-Tovar, E.| Lazzarini-Lechuga, R.| Suárez-Alonso, A.| Almanza-Pérez, J.C.",10.0,58209240300| 8841781600| 57193699268| 55989721500| 37461408700| 59370320000| 57223000872| 56063896900| 59449292000| 56013541000,2024.0,2024-11-01,Pharmaceuticals,17,11,-,1451,ISSN-14248247,17700156714.0,Journal,Multidisciplinary Digital Publishing Institute (MDPI),English,1.09,25,7.7,21,1.019,12,0.54,7.0,3.0,0.47,6.43,38.0,49.0,0.0,0.0,"Ortiz-Barragán, E., Estrada-Soto, S., Giacoman-Martínez, A. and 7 more (...) (2024).Antihyperglycemic and Hypolipidemic Activities of Flavonoids Isolated from Smilax Dominguensis Mediated by Peroxisome Proliferator-Activated Receptors. Pharmaceuticals,17(11) ",https://www.scopus.com/record/display.url?eid=2-s2.0-85210587679&origin=resultslist,10.3390/ph17111451,Article,Gold|Green,2-s2.0-85210587679,-,Universidad Autonoma del Estado de Morelos| Universidad Autónoma Metropolitana| Instituto Politécnico Nacional,505016| 505017| 505011,Academic,3.0,60028381| 60025626| 60019176,Universidad Autónoma Metropolitana -Unidad Iztapalapa| Universidad Autónoma del Estado de Morelos| Instituto Politécnico Nacional,58209240300,56013541000,56013541000,-,Mexico,1.0,1313| 3002| 3003,Molecular Medicine| Drug Discovery| Pharmaceutical Science,5,Life Sciences & Medicine,532| 537,Medicine| Pharmacy & Pharmacology,34| 32,Medical and Health| Life Sciences,32,Biomedical And Clinical Sciences,3214,Pharmacology and pharmaceutical sciences,SDG 3,Cellular Mechanisms Linking Diabetes and Cancer Risk,254,66.514,Peroxisome Proliferator Activated Receptor Gamma in Disease Management,170,95.757,Definitive,2024.0,3.0,N/A,"Ortiz-Barragán, E.| Estrada-Soto, S.| Giacoman-Martínez, A.| Alarcón-Aguilar, F.J.| Fortis-Barrera, Á.| Marquina-Rodríguez, H.| Gaona-Tovar, E.| Lazzarini-Lechuga, R.| Suárez-Alonso, A.| Almanza-Pérez, J.C.",Universidad Autonoma del Estado de Morelos| Universidad Autónoma Metropolitana| Instituto Politécnico Nacional,Mexico,0
56013541000,56013541000,Discovery of Palindrome Dual PPARγ-GPR40 Agonists for Treating Type 2 Diabetes,"Rodríguez-Luévano, A.| Almanza-Pérez, J.C.| Ortiz-Andrade, R.| Lara-González, S.| Santillán, R.| Navarrete-Vázquez, G.| Giacoman-Martínez, A.| Lazzarini-Lechuga, R.C.| Bautista, E.| Hidalgo-Figueroa, S.",10.0,57224580900| 56013541000| 56002712600| 6507086858| 35515968200| 57200933921| 57193699268| 56063896900| 14518947500| 25824988000,2024.0,2024-12-16,ChemMedChem,19,24,-,e202400492,ISSN-18607179,4400151608.0,Journal,John Wiley and Sons Ltd,English,0.8,42,6.7,10,0.717,17,3.06,36.0,2.0,0.36,5.58,45.0,54.0,0.0,0.0,"Rodríguez-Luévano, A., Almanza-Pérez, J.C., Ortiz-Andrade, R. and 7 more (...) (2024).Discovery of Palindrome Dual PPARγ-GPR40 Agonists for Treating Type 2 Diabetes. ChemMedChem,19(24) ",https://www.scopus.com/record/display.url?eid=2-s2.0-85208048215&origin=resultslist,10.1002/cmdc.202400492,Article,,2-s2.0-85208048215,39237485,Consejo Nacional de Ciencia y Tecnologia Mexico| Universidad Autonoma del Estado de Morelos| Centro de Investigacion y de Estudios Avanzados del Instituto Politécnico Nacional| Universidad Autónoma Metropolitana| Hospital Infantil de Mexico Federico Gomez| Instituto Potosino de Investigacion Cientifica y Tecnologica| Instituto Politécnico Nacional| Universidad Autonoma de Yucatan,704696| 505016| 505002| 505017| 505033| 505043| 505011| 505015,Medical| Government| Academic,8.0,60002151| 60028381| 60000409| 60019176| 60017323| 60025626| 60000328| 60027998,"Instituto Potosino de Investigación Científica y Tecnológica, A.C.| Universidad Autónoma Metropolitana -Unidad Iztapalapa| Universidad Autónoma de Yucatán| Instituto Politécnico Nacional| Centro de Investigacion y de Estudios Avanzados del Instituto Politécnico Nacional| Universidad Autónoma del Estado de Morelos| Hospital Infantil de México Federico Gómez| Secretaría de Ciencia, Humanidades, Tecnología e Innovación",57224580900,25824988000,25824988000,-,Mexico,1.0,1303| 1313| 1605| 3000| 3002| 3004,"Biochemistry| Molecular Medicine| Organic Chemistry| General Pharmacology, Toxicology and Pharmaceutics| Drug Discovery| Pharmacology",4| 5| 2,Natural Sciences| Life Sciences & Medicine| Engineering & Technology,532| 409| 537| 249| 507,Medicine| Chemistry| Pharmacy & Pharmacology| Engineering - Petroleum| Biological Sciences,37| 32| 34,Physical Sciences| Life Sciences| Medical and Health,34,Chemical Sciences,3404| 3405,Medicinal and biomolecular chemistry| Organic chemistry,SDG 3,Diabetes Management and Cardiovascular Health Insights,377,92.086,G Protein Coupled Receptors in Fatty Acid Regulation,20067,91.341,Definitive,2024.0,2.0,N/A,"Rodríguez-Luévano, A.| Almanza-Pérez, J.C.| Ortiz-Andrade, R.| Lara-González, S.| Santillán, R.| Navarrete-Vázquez, G.| Giacoman-Martínez, A.| Lazzarini-Lechuga, R.C.| Bautista, E.| Hidalgo-Figueroa, S.",Consejo Nacional de Ciencia y Tecnologia Mexico| Universidad Autonoma del Estado de Morelos| Centro de Investigacion y de Estudios Avanzados del Instituto Politécnico Nacional| Universidad Autónoma Metropolitana| Hospital Infantil de Mexico Federico Gomez| Instituto Potosino de Investigacion Cientifica y Tecnologica| Instituto Politécnico Nacional| Universidad Autonoma de Yucatan,Mexico,0
56013541000,56013541000,Transcriptional Analysis and Identification of a Peptidoglycan Hydrolase (PGH) and a Ribosomal Protein with Antimicrobial Activity Produced by Lactiplantibacillus paraplantarum,"Hurtado-Rios, J.J.| Carrasco-Navarro, U.| Almanza-Pérez, J.C.| Rincón-Guevara, M.A.| Ponce-Alquicira, E.",5.0,57861510100| 57191586690| 56013541000| 57193608846| 57203801983,2024.0,2024-12-01,International Journal of Molecular Sciences,25,23,-,12650,ISSN-16616596,25879.0,Journal,Multidisciplinary Digital Publishing Institute (MDPI),English,1.18,21,9,10,1.273,8,0.32,4.0,1.0,0.14,7.35,56.0,67.0,0.0,0.0,"Hurtado-Rios, J.J., Carrasco-Navarro, U., Almanza-Pérez, J.C. and 2 more (...) (2024).Transcriptional Analysis and Identification of a Peptidoglycan Hydrolase (PGH) and a Ribosomal Protein with Antimicrobial Activity Produced by Lactiplantibacillus paraplantarum. International Journal of Molecular Sciences,25(23) ",https://www.scopus.com/record/display.url?eid=2-s2.0-85212404840&origin=resultslist,10.3390/ijms252312650,Article,Gold|Green,2-s2.0-85212404840,39684362,Universidad Autónoma Metropolitana,505017,Academic,1.0,60028381,Universidad Autónoma Metropolitana -Unidad Iztapalapa,57861510100,57203801983,57203801983,-,Mexico,1.0,1312| 1503| 1604| 1605| 1606| 1607| 1706,Molecular Biology| Catalysis| Inorganic Chemistry| Organic Chemistry| Physical and Theoretical Chemistry| Spectroscopy| Computer Science Applications,2| 5| 4,Engineering & Technology| Life Sciences & Medicine| Natural Sciences,507| 249| 219| 409| 212| 213,Biological Sciences| Engineering - Petroleum| Engineering - Chemical| Chemistry| Computer Science & Information Systems| Data Science,37| 38| 36| 32,Physical Sciences| Computer Science| Engineering| Life Sciences,31| 34,Biological Sciences| Chemical Sciences,3101| 3404| 3107,Biochemistry and cell biology| Medicinal and biomolecular chemistry| Microbiology,-,Probiotics and Their Impact on Health,525,88.031,Bacteriocins and Lactic Acid Bacteria Applications,443,98.195,Definitive,2024.0,1.0,N/A,"Hurtado-Rios, J.J.| Carrasco-Navarro, U.| Almanza-Pérez, J.C.| Rincón-Guevara, M.A.| Ponce-Alquicira, E.",Universidad Autónoma Metropolitana,Mexico,0
56013541000,56013541000,High fructose exposure modifies the amount of adipocyte-secreted microRNAs into extracellular vesicles in supernatants and plasma,"Hernández-Díazcouder, A.| González-Ramírez, J.| Giacoman-Martínez, A.| Cardoso-Saldaña, G.| Martínez-Martínez, E.| Osorio-Alonso, H.| Márquez-Velasco, R.| Sánchez-Gloria, J.L.| Juárez-Vicuña, Y.| Gonzaga, G.| Sánchez-Lozada, L.G.| Almanza-Pérez, J.C.| Sánchez-Muñoz, F.",13.0,57209457566| 55946403300| 57193699268| 55993646300| 23482336200| 56677872200| 55993786700| 57217872646| 57192312268| 57195299063| 6602492637| 56013541000| 56002771800,2021.0,2021-05-01,PeerJ,9,-,-,e11305,ISSN-21678359,21100239256.0,Journal,PeerJ Inc.,English,1.07,29,4.7,15,0.766,17,1.64,31.0,1.0,0.0,11.71,73.0,79.0,0.0,0.0,"Hernández-Díazcouder, A., González-Ramírez, J., Giacoman-Martínez, A. and 10 more (...) (2021).High fructose exposure modifies the amount of adipocyte-secreted microRNAs into extracellular vesicles in supernatants and plasma. PeerJ,9",https://www.scopus.com/record/display.url?eid=2-s2.0-85106506394&origin=resultslist,10.7717/peerj.11305,Article,Gold|Green,2-s2.0-85106506394,-,Universidad Autonoma de Baja California| Universidad Autónoma Metropolitana| Instituto Nacional de Medicina Genomica| Instituto Nacional de Cardiologia Ignacio Chavez,505046| 505017| 707723| 505008,Government| Academic,4.0,60028381| 60010748| 60005618| 60095231,Universidad Autónoma Metropolitana -Unidad Iztapalapa| Instituto Nacional de Cardiologia Ignacio Chavez| Universidad Autónoma de Baja California| Instituto Nacional de Medicina Genómica,57209457566,56002771800,56002771800,-,Mexico,1.0,1100| 1300| 2800,"General Agricultural and Biological Sciences| General Biochemistry,Genetics and Molecular Biology| General Neuroscience",5,Life Sciences & Medicine,502| 507| 532,Agriculture & Forestry| Biological Sciences| Medicine,34| 32,Medical and Health| Life Sciences,MD,Multidisciplinary,MD,Multidisciplinary,-,MicroRNA Roles in Cancer and Gene Regulation,42,93.002,MicroRNA Influence on Insulin Resistance and Diabetes,13010,93.409,Very Good,2021.0,1.0,N/A,"Hernández-Díazcouder, A.| González-Ramírez, J.| Giacoman-Martínez, A.| Cardoso-Saldaña, G.| Martínez-Martínez, E.| Osorio-Alonso, H.| Márquez-Velasco, R.| Sánchez-Gloria, J.L.| Juárez-Vicuña, Y.| Gonzaga, G.| Sánchez-Lozada, L.G.| Almanza-Pérez, J.C.| Sánchez-Muñoz, F.",Universidad Autonoma de Baja California| Universidad Autónoma Metropolitana| Instituto Nacional de Medicina Genomica| Instituto Nacional de Cardiologia Ignacio Chavez,Mexico,0
56013541000,56013541000,Changes in D4 and GABAA subunit α3 receptors in the thalamic reticular nucleus caused by unilateral lesion of the globus pallidus,"Montoya-Gress, L.| Juárez-Rojas, L.| Almanza-Pérez, J.| Farfán-García, E.| Gómez-Quiroz, L.| Ommati, M.M.| Heidari, R.| Querejeta-Villagómez, E.| Alatorre-Pérez, A.| Retana-Márquez, S.",10.0,59362213900| 56453552800| 56013541000| 55762063500| 56000734700| 55696276900| 25822454600| 59362331500| 59362254400| 8790024700,2024.0,2024-10-11,Acta Neurobiologiae Experimentalis,84,3,275-287,-,ISSN-00651400,17540.0,Journal,Nencki Institute of Experimental Biology,English,0.4,71,2.6,76,0.421,60,0.88,9.0,1.0,0.19,5.19,56.0,64.0,0.0,0.0,"Montoya-Gress, L., Juárez-Rojas, L., Almanza-Pérez, J. and 7 more (...) (2024).Changes in D4 and GABAA subunit α3 receptors in the thalamic reticular nucleus caused by unilateral lesion of the globus pallidus. Acta Neurobiologiae Experimentalis,84(3) 275-287",https://www.scopus.com/record/display.url?eid=2-s2.0-85206065011&origin=resultslist,10.55782/ane-2024-2544,Article,Gold,2-s2.0-85206065011,39392023,Henan University of Science and Technology| Universidad Autónoma Metropolitana| Shiraz University of Medical Sciences| Instituto Politécnico Nacional,203093| 505017| 404020| 505011,Academic,4.0,60028381| 60019176| 60073587| 60021948| 60159515,Universidad Autónoma Metropolitana -Unidad Iztapalapa| Instituto Politécnico Nacional| Henan University of Science and Technology| Shiraz University of Medical Sciences| Pharmaceutical Sciences Research Center (SUMS),59362213900,8790024700,-,-,China| Mexico| Iran,3.0,2800,General Neuroscience,5,Life Sciences & Medicine,532,Medicine,34,Medical and Health,32| 52,Biomedical And Clinical Sciences| Psychology,3209| 5202,Neurosciences| Biological psychology,-,Deep Brain Stimulation and Robotic Innovations in Tremor Management,455,72.335,Thalamic Neuron Dynamics and Cortical Interactions,8893,77.297,Other,2024.0,1.0,N/A,"Montoya-Gress, L.| Juárez-Rojas, L.| Almanza-Pérez, J.| Farfán-García, E.| Gómez-Quiroz, L.| Ommati, M.M.| Heidari, R.| Querejeta-Villagómez, E.| Alatorre-Pérez, A.| Retana-Márquez, S.",Henan University of Science and Technology| Universidad Autónoma Metropolitana| Shiraz University of Medical Sciences| Instituto Politécnico Nacional,China| Mexico| Iran,0
56013541000,56013541000,Vasorelaxant and tracheorelaxant effects of Bocconia arborea and their isolated benzophenanthridine alkaloids,"Gaona-Tovar, E.| Estrada-Soto, S.| Ramírez-Hernández, A.| Arias-Durán, L.| Tlahuext, H.| Villalobos-Molina, R.| Almanza-Pérez, J.C.",7.0,57223000872| 8841781600| 59333560500| 57196085089| 6602210879| 55993660500| 56013541000,2024.0,2024-12-01,Fitoterapia,179,-,-,106212,ISSN-0367326X,18077.0,Journal,Elsevier B.V.,English,0.89,36,3.9,22,0.537,50,0.61,7.0,0.0,0.0,5.84,70.0,70.0,0.0,0.0,"Gaona-Tovar, E., Estrada-Soto, S., Ramírez-Hernández, A. and 4 more (...) (2024).Vasorelaxant and tracheorelaxant effects of Bocconia arborea and their isolated benzophenanthridine alkaloids. Fitoterapia,179",https://www.scopus.com/record/display.url?eid=2-s2.0-85204389589&origin=resultslist,10.1016/j.fitote.2024.106212,Article,,2-s2.0-85204389589,39278422,Universidad Autonoma del Estado de Morelos| Universidad Autónoma Metropolitana| Universidad Nacional Autónoma de México,505016| 505017| 505023,Academic,3.0,60025626| 60017272| 60032442| 60005058| 60028381,Universidad Autónoma del Estado de Morelos| Centro de Investigaciones Quimicas| Universidad Nacional Autónoma de México| Facultad de Estudios Superiores Iztacala| Universidad Autónoma Metropolitana -Unidad Iztapalapa,57223000872,56013541000,8841781600,-,Mexico,1.0,3002| 3004,Drug Discovery| Pharmacology,5,Life Sciences & Medicine,537,Pharmacy & Pharmacology,34,Medical and Health,34,Chemical Sciences,3405,Organic chemistry,-,Berberine and Alkaloids in Disease Treatment,1426,26.619,Sanguinarine and Alkaloids in Cancer Treatment,16067,85.453,Definitive,2024.0,0.0,N/A,"Gaona-Tovar, E.| Estrada-Soto, S.| Ramírez-Hernández, A.| Arias-Durán, L.| Tlahuext, H.| Villalobos-Molina, R.| Almanza-Pérez, J.C.",Universidad Autonoma del Estado de Morelos| Universidad Autónoma Metropolitana| Universidad Nacional Autónoma de México,Mexico,0
56013541000,56013541000,Anti-adipogenic effect of Malva parviflora on 3T3-L1 adipocytes,"Méndez-Martínez, M.| Zamilpa, A.| Zavala-Sánchez, M.A.| Almanza-Pérez, J.C.| Jiménez-Ferrer, J.E.| Herrera-Ruiz, M.| González-Cortázar, M.| Cervantes-Torres, J.| Fragoso, G.| Rosas-Salgado, G.",10.0,55996129300| 55995895500| 55644775600| 56013541000| 12244113100| 55993760000| 56000817300| 57193274350| 7004186073| 7004472518,2024.0,2024-08-01,PLoS ONE,19,8,-,e0306903,ISSN-19326203,10600153309.0,Journal,Public Library of Science,English,1.06,26,5.4,14,0.803,12,0.5,9.0,0.0,0.0,8.75,70.0,70.0,0.0,0.0,"Méndez-Martínez, M., Zamilpa, A., Zavala-Sánchez, M.A. and 7 more (...) (2024).Anti-adipogenic effect of Malva parviflora on 3T3-L1 adipocytes. PLoS ONE,19(8) ",https://www.scopus.com/record/display.url?eid=2-s2.0-85200939887&origin=resultslist,10.1371/journal.pone.0306903,Article,Gold|Green,2-s2.0-85200939887,39116155,Universidad Autonoma del Estado de Morelos| Universidad Autónoma Metropolitana| Instituto Mexicano del Seguro Social| Universidad Nacional Autónoma de México,505016| 505017| 505006| 505023,Academic| Government,4.0,60014923| 60025626| 60008467| 60028381| 60032442,Universidad Autónoma Metropolitana| Universidad Autónoma del Estado de Morelos| Instituto Mexicano del Seguro Social| Universidad Autónoma Metropolitana -Unidad Iztapalapa| Universidad Nacional Autónoma de México,55996129300,7004472518,7004186073| 7004472518,-,Mexico,1.0,1000,Multidisciplinary,-,-,-,-,-,-,MD,Multidisciplinary,MD,Multidisciplinary,-,Cellular Mechanisms Linking Diabetes and Cancer Risk,254,66.514,Mechanisms of Adipogenesis in Cell Differentiation,8104,91.988,Definitive,2024.0,0.0,N/A,"Méndez-Martínez, M.| Zamilpa, A.| Zavala-Sánchez, M.A.| Almanza-Pérez, J.C.| Jiménez-Ferrer, J.E.| Herrera-Ruiz, M.| González-Cortázar, M.| Cervantes-Torres, J.| Fragoso, G.| Rosas-Salgado, G.",Universidad Autonoma del Estado de Morelos| Universidad Autónoma Metropolitana| Instituto Mexicano del Seguro Social| Universidad Nacional Autónoma de México,Mexico,0
