Autor,Autor_ID,Title,Authors,Number of Authors,Scopus Author Ids,Year,Full date,Scopus Source title,Volume,Issue,Pages,Article number,ISSN,Source ID,Source type,Publisher,Language,SNIP (publication year),SNIP percentile (publication year) *,CiteScore (publication year),CiteScore percentile (publication year) *,SJR (publication year),SJR percentile (publication year) *,Field-Weighted View Impact,Views,Citations,Field-Weighted Citation Impact,Field-Citation Average,"Outputs in Top Citation Percentiles, per percentile","Field-Weighted Outputs in Top Citation Percentiles, per percentile",Main patent families,Policy citations,Reference,Abstract,DOI,Publication type,Open Access,EID,PubMed ID,Institutions,Institution IDs,Sector,Number of Institutions,Scopus Affiliation IDs,Scopus Affiliation names,Scopus Author ID First Author,Scopus Author ID Last Author,Scopus Author ID Corresponding Author,Scopus Author ID Single Author,Country/Region,Number of Countries/Regions,All Science Journal Classification (ASJC) code,All Science Journal Classification (ASJC) field name,Quacquarelli Symonds (QS) Subject area code,Quacquarelli Symonds (QS) Subject area field name,Quacquarelli Symonds (QS) Subject code,Quacquarelli Symonds (QS) Subject field name,Times Higher Education (THE) code,Times Higher Education (THE) field name,ANZSRC FoR (2020) parent code,ANZSRC FoR (2020) parent name,ANZSRC FoR (2020) code,ANZSRC FoR (2020) name,Sustainable Development Goals (2025),Topic Cluster name,Topic Cluster number,Topic Cluster Prominence Percentile,Topic name,Topic number,Topic Prominence Percentile,Publication link to Topic strength,Año,Citas,Colaboracion,Autores,Instituciones,Regiones,Instituciones_Nacionales
7004260997,7004260997,"High intensity ultrasound treatment of faba bean (Vicia faba L.) protein: Effect on surface properties, foaming ability and structural changes","Martínez-Velasco, A.| Lobato-Calleros, C.| Hernández-Rodríguez, B.E.| Román-Guerrero, A.| Alvarez-Ramirez, J.| Vernon-Carter, E.J.",6.0,57200696660| 6603090042| 56074846400| 56013603800| 55399527300| 7004260997,2018.0,2018-06-01,Ultrasonics Sonochemistry,44,-,97-105,-,ISSN-13504177,13517.0,Journal,Elsevier B.V.,English,2.05,6,10.2,2,1.556,2,4.56,137.0,294.0,5.35,11.03,1.0,3.0,1.0,0.0,"Martínez-Velasco, A., Lobato-Calleros, C., Hernández-Rodríguez, B.E. and 3 more (...) (2018).High intensity ultrasound treatment of faba bean (Vicia faba L.) protein: Effect on surface properties, foaming ability and structural changes. Ultrasonics Sonochemistry,4497-105",https://www.scopus.com/record/display.url?eid=2-s2.0-85042237830&origin=resultslist,10.1016/j.ultsonch.2018.02.007,Article,,2-s2.0-85042237830,29680632,Universidad Autónoma Metropolitana| Universidad Autonoma Chapingo,505017| 505047,Academic,2.0,60028381| 60010597,Universidad Autónoma Metropolitana -Unidad Iztapalapa| Universidad Autónoma Chapingo,57200696660,7004260997,6603090042,-,Mexico,1.0,1501| 1604| 1605| 2304| 2741| 3102,"Chemical Engineering (miscellaneous)| Inorganic Chemistry| Organic Chemistry| Environmental Chemistry| Radiology, Nuclear Medicine and Imaging| Acoustics and Ultrasonics",4| 5| 2,Natural Sciences| Life Sciences & Medicine| Engineering & Technology,532| 219| 439| 249| 424| 409,Medicine| Engineering - Chemical| Physics & Astronomy| Engineering - Petroleum| Environmental Sciences| Chemistry,37| 34| 36,Physical Sciences| Medical and Health| Engineering,40| 34,Engineering| Chemical Sciences,3406| 4004,Physical chemistry| Chemical engineering,-,Protein Emulsification and Functional Food Applications,582,95.487,Functional Properties of Plant Proteins in Food Applications,4008,99.802,Definitive,2018.0,294.0,N/A,"Martínez-Velasco, A.| Lobato-Calleros, C.| Hernández-Rodríguez, B.E.| Román-Guerrero, A.| Alvarez-Ramirez, J.| Vernon-Carter, E.J.",Universidad Autónoma Metropolitana| Universidad Autonoma Chapingo,Mexico,0
7004260997,7004260997,"Effect of inulin and agave fructans addition on the rheological, microstructural and sensory properties of reduced-fat stirred yogurt","Crispín-Isidro, G.| Lobato-Calleros, C.| Espinosa-Andrews, H.| Alvarez-Ramirez, J.| Vernon-Carter, E.J.",5.0,56544749600| 6603090042| 56002681100| 55399527300| 7004260997,2015.0,2015-06-01,LWT - Food Science and Technology,62,1,438-444,-,ISSN-00236438,20744.0,Journal,Academic Press,English,1.6,10,4,14,1.29,10,4.61,202.0,145.0,3.49,7.73,3.0,6.0,1.0,0.0,"Crispín-Isidro, G., Lobato-Calleros, C., Espinosa-Andrews, H. and 2 more (...) (2015).Effect of inulin and agave fructans addition on the rheological, microstructural and sensory properties of reduced-fat stirred yogurt. LWT - Food Science and Technology,62(1) 438-444",https://www.scopus.com/record/display.url?eid=2-s2.0-84924527304&origin=resultslist,10.1016/j.lwt.2014.06.042,Article,,2-s2.0-84924527304,-,Universidad Autónoma Metropolitana| Universidad Autonoma Chapingo,505017| 505047,Academic,2.0,60010597| 60095192| 60028381,Universidad Autónoma Chapingo| Instituto Dermatologico de Jalisco Dr. Jose Barba Rubio| Universidad Autónoma Metropolitana -Unidad Iztapalapa,56544749600,7004260997,6603090042,-,Mexico,1.0,1106,Food Science,5,Life Sciences & Medicine,502,Agriculture & Forestry,32,Life Sciences,32| 40| 30,"Biomedical And Clinical Sciences| Engineering| Agricultural, Veterinary And Food Sciences",3006| 3210| 4004,Food sciences| Nutrition and dietetics| Chemical engineering,-,Probiotics and Their Impact on Health,525,88.031,Yogurt Innovations in Fermentation and Probiotics,1188,98.508,Very Good,2015.0,145.0,N/A,"Crispín-Isidro, G.| Lobato-Calleros, C.| Espinosa-Andrews, H.| Alvarez-Ramirez, J.| Vernon-Carter, E.J.",Universidad Autónoma Metropolitana| Universidad Autonoma Chapingo,Mexico,0
7004260997,7004260997,In vitro digestibility of ultrasound-treated corn starch,"Flores-Silva, P.C.| Roldan-Cruz, C.A.| Chavez-Esquivel, G.| Vernon-Carter, E.J.| Bello-Perez, L.A.| Alvarez-Ramirez, J.",6.0,56056288500| 57118083700| 55773546500| 7004260997| 7003824557| 55399527300,2017.0,2017-09-01,Starch/Staerke,69,9-10,-,1700040,ISSN-00389056,26489.0,Journal,Wiley-VCH Verlag,English,0.96,32,3,31,0.725,26,2.68,103.0,139.0,2.32,9.91,3.0,11.0,0.0,0.0,"Flores-Silva, P.C., Roldan-Cruz, C.A., Chavez-Esquivel, G. and 3 more (...) (2017).In vitro digestibility of ultrasound-treated corn starch. Starch/Staerke,69(9-10) ",https://www.scopus.com/record/display.url?eid=2-s2.0-85020470675&origin=resultslist,10.1002/star.201700040,Article,,2-s2.0-85020470675,-,Universidad Autónoma Metropolitana| Instituto Politécnico Nacional,505017| 505011,Academic,2.0,60028381| 60019176,Universidad Autónoma Metropolitana -Unidad Iztapalapa| Instituto Politécnico Nacional,56056288500,55399527300,56056288500,-,Mexico,1.0,1106| 1605,Food Science| Organic Chemistry,4| 2| 5,Natural Sciences| Engineering & Technology| Life Sciences & Medicine,409| 249| 502,Chemistry| Engineering - Petroleum| Agriculture & Forestry,37| 32,Physical Sciences| Life Sciences,30| 40,"Agricultural, Veterinary And Food Sciences| Engineering",4004| 3006,Chemical engineering| Food sciences,-,Starch Properties and Applications in Food Science,737,83.584,Starch Nanoparticles: Properties and Applications,39240,94.21,Very Good,2017.0,139.0,N/A,"Flores-Silva, P.C.| Roldan-Cruz, C.A.| Chavez-Esquivel, G.| Vernon-Carter, E.J.| Bello-Perez, L.A.| Alvarez-Ramirez, J.",Universidad Autónoma Metropolitana| Instituto Politécnico Nacional,Mexico,0
7004260997,7004260997,"Modifying the structure, physicochemical properties, and foaming ability of amaranth protein by dual pH-shifting and ultrasound treatments","Figueroa-González, J.J.| Lobato-Calleros, C.| Vernon-Carter, E.J.| Aguirre-Mandujano, E.| Alvarez-Ramirez, J.| Martínez-Velasco, A.",6.0,57288159800| 6603090042| 7004260997| 6505894687| 55399527300| 57200696660,2022.0,2022-01-01,LWT,153,-,-,112561,ISSN-00236438,20744.0,Journal,Academic Press,English,1.49,13,9.6,10,1.173,7,1.77,63.0,126.0,8.56,13.67,1.0,1.0,0.0,0.0,"Figueroa-González, J.J., Lobato-Calleros, C., Vernon-Carter, E.J. and 3 more (...) (2022).Modifying the structure, physicochemical properties, and foaming ability of amaranth protein by dual pH-shifting and ultrasound treatments. LWT,153",https://www.scopus.com/record/display.url?eid=2-s2.0-85116560871&origin=resultslist,10.1016/j.lwt.2021.112561,Article,Hybrid gold,2-s2.0-85116560871,-,Universidad Autónoma Metropolitana| Universidad Autonoma Chapingo,505017| 505047,Academic,2.0,60010597| 60028381| 60194954,Universidad Autónoma Chapingo| Universidad Autónoma Metropolitana -Unidad Iztapalapa| Universidad Intercultural del Estado de Puebla,57288159800,57200696660,6603090042,-,Mexico,1.0,1106,Food Science,5,Life Sciences & Medicine,502,Agriculture & Forestry,32,Life Sciences,40| 30| 32,"Engineering| Agricultural, Veterinary And Food Sciences| Biomedical And Clinical Sciences",3006| 3210| 4004,Food sciences| Nutrition and dietetics| Chemical engineering,-,Protein Emulsification and Functional Food Applications,582,95.487,Functional Properties of Plant Proteins in Food Applications,4008,99.802,Definitive,2022.0,126.0,N/A,"Figueroa-González, J.J.| Lobato-Calleros, C.| Vernon-Carter, E.J.| Aguirre-Mandujano, E.| Alvarez-Ramirez, J.| Martínez-Velasco, A.",Universidad Autónoma Metropolitana| Universidad Autonoma Chapingo,Mexico,0
7004260997,7004260997,Effect of the weight ratio of alginate-modified tapioca starch on the physicochemical properties and release kinetics of chlorogenic acid containing beads,"Lozano-Vazquez, G.| Lobato-Calleros, C.| Escalona-Buendia, H.| Chavez, G.| Alvarez-Ramirez, J.| Vernon-Carter, E.J.",6.0,56566709400| 6603090042| 57194437346| 55773546500| 55399527300| 7004260997,2015.0,2015-06-01,Food Hydrocolloids,48,-,301-311,-,ISSN-0268005X,22597.0,Journal,Elsevier B.V.,English,2.01,6,7,5,1.802,4,1.8,93.0,125.0,2.76,9.44,3.0,9.0,1.0,0.0,"Lozano-Vazquez, G., Lobato-Calleros, C., Escalona-Buendia, H. and 3 more (...) (2015).Effect of the weight ratio of alginate-modified tapioca starch on the physicochemical properties and release kinetics of chlorogenic acid containing beads. Food Hydrocolloids,48301-311",https://www.scopus.com/record/display.url?eid=2-s2.0-84925379902&origin=resultslist,10.1016/j.foodhyd.2015.02.032,Article,,2-s2.0-84925379902,-,Universidad Autónoma Metropolitana| Universidad Autonoma Chapingo,505017| 505047,Academic,2.0,60028381| 60010597,Universidad Autónoma Metropolitana -Unidad Iztapalapa| Universidad Autónoma Chapingo,56566709400,7004260997,55399527300,-,Mexico,1.0,1106| 1500| 1600,Food Science| General Chemical Engineering| General Chemistry,4| 2| 5,Natural Sciences| Engineering & Technology| Life Sciences & Medicine,409| 219| 502,Chemistry| Engineering - Chemical| Agriculture & Forestry,32| 36| 37,Life Sciences| Engineering| Physical Sciences,40| 30,"Engineering| Agricultural, Veterinary And Food Sciences",3006| 4004,Food sciences| Chemical engineering,-,Innovative Drug Delivery Systems for Enhanced Absorption,147,89.47,Alginate-Based Systems for Enhanced Bioactive Delivery,93662,86.081,Defensible,2015.0,125.0,N/A,"Lozano-Vazquez, G.| Lobato-Calleros, C.| Escalona-Buendia, H.| Chavez, G.| Alvarez-Ramirez, J.| Vernon-Carter, E.J.",Universidad Autónoma Metropolitana| Universidad Autonoma Chapingo,Mexico,0
7004260997,7004260997,Effects of dry heat treatment temperature on the structure of wheat flour and starch in vitro digestibility of bread,"González, M.| Vernon-Carter, E.J.| Alvarez-Ramirez, J.| Carrera-Tarela, Y.",4.0,57211589226| 7004260997| 55399527300| 57202785984,2021.0,2021-01-01,International Journal of Biological Macromolecules,166,-,1439-1447,-,ISSN-01418130,17544.0,Journal,Elsevier B.V.,English,1.41,16,11.6,10,1.1,17,2.49,59.0,107.0,5.0,14.99,2.0,3.0,0.0,0.0,"González, M., Vernon-Carter, E.J., Alvarez-Ramirez, J. and 1 more (...) (2021).Effects of dry heat treatment temperature on the structure of wheat flour and starch in vitro digestibility of bread. International Journal of Biological Macromolecules,1661439-1447",https://www.scopus.com/record/display.url?eid=2-s2.0-85096123403&origin=resultslist,10.1016/j.ijbiomac.2020.11.023,Article,,2-s2.0-85096123403,33188811,Universidad Autónoma Metropolitana,505017,Academic,1.0,60028381,Universidad Autónoma Metropolitana -Unidad Iztapalapa,57211589226,57202785984,55399527300,-,Mexico,1.0,1303| 1312| 1315,Biochemistry| Molecular Biology| Structural Biology,5,Life Sciences & Medicine,507,Biological Sciences,32,Life Sciences,31,Biological Sciences,3101,Biochemistry and cell biology,-,Starch Properties and Applications in Food Science,737,83.584,Starch Properties and Applications in Food Science,99,99.766,Very Good,2021.0,107.0,N/A,"González, M.| Vernon-Carter, E.J.| Alvarez-Ramirez, J.| Carrera-Tarela, Y.",Universidad Autónoma Metropolitana,Mexico,0
7004260997,7004260997,Formation of biopolymer complexes composed of pea protein and mesquite gum – Impact of quercetin addition on their physical and chemical stability,"Cuevas-Bernardino, J.C.| Leyva-Gutierrez, F.M.A.| Vernon-Carter, E.J.| Lobato-Calleros, C.| Román-Guerrero, A.| Davidov-Pardo, G.",6.0,57188803168| 57197765980| 7004260997| 6603090042| 56013603800| 36559154200,2018.0,2018-04-01,Food Hydrocolloids,77,-,736-745,-,ISSN-0268005X,22597.0,Journal,Elsevier B.V.,English,2.04,6,9.4,3,2.055,2,2.45,95.0,101.0,2.35,12.37,4.0,10.0,2.0,0.0,"Cuevas-Bernardino, J.C., Leyva-Gutierrez, F.M.A., Vernon-Carter, E.J. and 3 more (...) (2018).Formation of biopolymer complexes composed of pea protein and mesquite gum – Impact of quercetin addition on their physical and chemical stability. Food Hydrocolloids,77736-745",https://www.scopus.com/record/display.url?eid=2-s2.0-85034630008&origin=resultslist,10.1016/j.foodhyd.2017.11.015,Article,,2-s2.0-85034630008,-,Universidad Autónoma Metropolitana| California State Polytechnic University Pomona| Universidad Autonoma Chapingo,505017| 508023| 505047,Academic,3.0,60028381| 60005565| 60010597,"Universidad Autónoma Metropolitana -Unidad Iztapalapa| California State Polytechnic University, Pomona| Universidad Autónoma Chapingo",57188803168,36559154200,36559154200,-,Mexico| United States,2.0,1106| 1500| 1600,Food Science| General Chemical Engineering| General Chemistry,2| 5| 4,Engineering & Technology| Life Sciences & Medicine| Natural Sciences,219| 502| 409,Engineering - Chemical| Agriculture & Forestry| Chemistry,32| 37| 36,Life Sciences| Physical Sciences| Engineering,40| 30,"Engineering| Agricultural, Veterinary And Food Sciences",4004| 3006,Chemical engineering| Food sciences,-,Protein Emulsification and Functional Food Applications,582,95.487,Zein Nanoparticles for Enhanced Bioactive Delivery,11954,98.993,Very Good,2018.0,101.0,N/A,"Cuevas-Bernardino, J.C.| Leyva-Gutierrez, F.M.A.| Vernon-Carter, E.J.| Lobato-Calleros, C.| Román-Guerrero, A.| Davidov-Pardo, G.",Universidad Autónoma Metropolitana| California State Polytechnic University Pomona| Universidad Autonoma Chapingo,Mexico| United States,0
7004260997,7004260997,"Effects of candelilla wax/canola oil oleogel on the rheology, texture, thermal properties and in vitro starch digestibility of wheat sponge cake bread","Alvarez-Ramirez, J.| Vernon-Carter, E.J.| Carrera-Tarela, Y.| Garcia, A.| Roldan-Cruz, C.",5.0,55399527300| 7004260997| 57202785984| 57192004816| 57118083700,2020.0,2020-08-01,LWT,130,-,-,109701,ISSN-00236438,20744.0,Journal,Academic Press,English,1.58,12,6.7,12,1.258,10,2.85,94.0,101.0,3.76,12.49,3.0,5.0,0.0,0.0,"Alvarez-Ramirez, J., Vernon-Carter, E.J., Carrera-Tarela, Y. and 2 more (...) (2020).Effects of candelilla wax/canola oil oleogel on the rheology, texture, thermal properties and in vitro starch digestibility of wheat sponge cake bread. LWT,130",https://www.scopus.com/record/display.url?eid=2-s2.0-85086376568&origin=resultslist,10.1016/j.lwt.2020.109701,Article,,2-s2.0-85086376568,-,Universidad Autónoma Metropolitana| Universidad Veracruzana,505017| 505056,Academic,2.0,60028381| 60007909,Universidad Autónoma Metropolitana -Unidad Iztapalapa| Universidad Veracruzana,55399527300,57118083700,55399527300,-,Mexico,1.0,1106,Food Science,5,Life Sciences & Medicine,502,Agriculture & Forestry,32,Life Sciences,40| 30| 32,"Engineering| Agricultural, Veterinary And Food Sciences| Biomedical And Clinical Sciences",3006| 3210| 4004,Food sciences| Nutrition and dietetics| Chemical engineering,-,Protein Emulsification and Functional Food Applications,582,95.487,Innovative Oleogels from Sunflower Oil Applications,14243,99.194,Definitive,2020.0,101.0,N/A,"Alvarez-Ramirez, J.| Vernon-Carter, E.J.| Carrera-Tarela, Y.| Garcia, A.| Roldan-Cruz, C.",Universidad Autónoma Metropolitana| Universidad Veracruzana,Mexico,0
7004260997,7004260997,Extraction of phenolic compounds from Satureja macrostema using microwave-ultrasound assisted and reflux methods and evaluation of their antioxidant activity and cytotoxicity,"Alonso-Carrillo, N.| Aguilar-Santamaría, M.D.L.Á.| Vernon-Carter, E.J.| Jiménez-Alvarado, R.| Cruz-Sosa, F.| Román-Guerrero, A.",6.0,57193928358| 57193933645| 7004260997| 6504756634| 56013839300| 56013603800,2017.0,2017-09-01,Industrial Crops and Products,103,-,213-221,-,ISSN-09266690,32791.0,Journal,Elsevier B.V.,English,1.71,9,6.5,5,1.091,11,4.14,133.0,90.0,4.15,6.75,5.0,4.0,0.0,0.0,"Alonso-Carrillo, N., Aguilar-Santamaría, M.D.L.Á., Vernon-Carter, E.J. and 3 more (...) (2017).Extraction of phenolic compounds from Satureja macrostema using microwave-ultrasound assisted and reflux methods and evaluation of their antioxidant activity and cytotoxicity. Industrial Crops and Products,103213-221",https://www.scopus.com/record/display.url?eid=2-s2.0-85017553412&origin=resultslist,10.1016/j.indcrop.2017.04.002,Article,,2-s2.0-85017553412,-,Universidad Autónoma Metropolitana| Universidad Autonoma del Estado de Hidalgo,505017| 505050,Academic,2.0,60028381| 60027135,Universidad Autónoma Metropolitana -Unidad Iztapalapa| Universidad Autónoma del Estado de Hidalgo,57193928358,56013603800,56013603800,-,Mexico,1.0,1102,Agronomy and Crop Science,5,Life Sciences & Medicine,502,Agriculture & Forestry,32,Life Sciences,40| 30,"Engineering| Agricultural, Veterinary And Food Sciences",4004| 3006| 3004,Chemical engineering| Food sciences| Crop and pasture production,-,Ionic Liquids in Catalysis and Extraction Processes,424,80.052,Valorization of Agro-Industrial Waste for Bioactive Compounds,3566,99.467,Very Good,2017.0,90.0,N/A,"Alonso-Carrillo, N.| Aguilar-Santamaría, M.D.L.Á.| Vernon-Carter, E.J.| Jiménez-Alvarado, R.| Cruz-Sosa, F.| Román-Guerrero, A.",Universidad Autónoma Metropolitana| Universidad Autonoma del Estado de Hidalgo,Mexico,0
7004260997,7004260997,Stabilization of oil-in-water-in-oil (O1/W/O2) Pickering double emulsions by soluble and insoluble whey protein concentrate-gum Arabic complexes used as inner and outer interfaces,"Estrada-Fernández, A.G.| Román-Guerrero, A.| Jiménez-Alvarado, R.| Lobato-Calleros, C.| Alvarez-Ramirez, J.| Vernon-Carter, E.J.",6.0,56305433200| 56013603800| 6504756634| 6603090042| 55399527300| 7004260997,2018.0,2018-03-01,Journal of Food Engineering,221,-,35-44,-,ISSN-02608774,20586.0,Journal,Elsevier Ltd,English,1.73,9,6.7,6,1.277,9,3.22,155.0,76.0,2.81,11.38,6.0,8.0,2.0,0.0,"Estrada-Fernández, A.G., Román-Guerrero, A., Jiménez-Alvarado, R. and 3 more (...) (2018).Stabilization of oil-in-water-in-oil (O1/W/O2) Pickering double emulsions by soluble and insoluble whey protein concentrate-gum Arabic complexes used as inner and outer interfaces. Journal of Food Engineering,22135-44",https://www.scopus.com/record/display.url?eid=2-s2.0-85031399124&origin=resultslist,10.1016/j.jfoodeng.2017.10.006,Article,,2-s2.0-85031399124,-,Universidad Autónoma Metropolitana| Universidad Autonoma del Estado de Hidalgo| Universidad Autonoma Chapingo,505017| 505050| 505047,Academic,3.0,60028381| 60027135| 60010597,Universidad Autónoma Metropolitana -Unidad Iztapalapa| Universidad Autónoma del Estado de Hidalgo| Universidad Autónoma Chapingo,56305433200,7004260997,7004260997,-,Mexico,1.0,1106,Food Science,5,Life Sciences & Medicine,502,Agriculture & Forestry,32,Life Sciences,30| 40,"Agricultural, Veterinary And Food Sciences| Engineering",4004| 3006,Chemical engineering| Food sciences,-,Foam and Perfluoroalkyl Substances in Environmental Applications,888,95.553,Stability and Applications of Pickering Emulsions,2164,99.777,Very Good,2018.0,76.0,N/A,"Estrada-Fernández, A.G.| Román-Guerrero, A.| Jiménez-Alvarado, R.| Lobato-Calleros, C.| Alvarez-Ramirez, J.| Vernon-Carter, E.J.",Universidad Autónoma Metropolitana| Universidad Autonoma del Estado de Hidalgo| Universidad Autonoma Chapingo,Mexico,0
7004260997,7004260997,Assessing the stability of Tween 80-based O/W emulsions with cyclic voltammetry and electrical impedance spectroscopy,"Roldan-Cruz, C.| Vernon-Carter, E.J.| Alvarez-Ramirez, J.",3.0,57118083700| 7004260997| 55399527300,2016.0,2016-12-20,Colloids and Surfaces A: Physicochemical and Engineering Aspects,511,-,145-152,-,ISSN-09277757,26589.0,Journal,Elsevier B.V.,English,1.13,22,4.9,21,0.812,43,1.5,77.0,69.0,0.53,13.12,7.0,45.0,0.0,0.0,"Roldan-Cruz, C., Vernon-Carter, E.J., Alvarez-Ramirez, J. (2016).Assessing the stability of Tween 80-based O/W emulsions with cyclic voltammetry and electrical impedance spectroscopy. Colloids and Surfaces A: Physicochemical and Engineering Aspects,511145-152",https://www.scopus.com/record/display.url?eid=2-s2.0-84988931557&origin=resultslist,10.1016/j.colsurfa.2016.09.074,Article,,2-s2.0-84988931557,-,Universidad Autónoma Metropolitana,505017,Academic,1.0,60028381,Universidad Autónoma Metropolitana -Unidad Iztapalapa,57118083700,55399527300,55399527300,-,Mexico,1.0,1505| 1606| 3110,Colloid and Surface Chemistry| Physical and Theoretical Chemistry| Surfaces and Interfaces,2| 4,Engineering & Technology| Natural Sciences,439| 219| 409| 249,Physics & Astronomy| Engineering - Chemical| Chemistry| Engineering - Petroleum,36| 37,Engineering| Physical Sciences,34| 51| 40,Chemical Sciences| Physical Sciences| Engineering,-,-,-,Innovative Drug Delivery Systems for Enhanced Absorption,147,89.47,Nanoemulsions in Drug Delivery and Food Applications,5906,98.824,Defensible,2016.0,69.0,N/A,"Roldan-Cruz, C.| Vernon-Carter, E.J.| Alvarez-Ramirez, J.",Universidad Autónoma Metropolitana,Mexico,0
7004260997,7004260997,Physicochemical characterisation of hawthorn pectins and their performing in stabilising oil-in-water emulsions,"Cuevas-Bernardino, J.C.| Lobato-Calleros, C.| Román-Guerrero, A.| Alvarez-Ramirez, J.| Vernon-Carter, E.J.",5.0,57188803168| 6603090042| 56013603800| 55399527300| 7004260997,2016.0,2016-06-01,Reactive and Functional Polymers,103,-,63-71,-,ISSN-13815148,14240.0,Journal,Elsevier B.V.,English,1.1,24,5.2,12,0.871,15,2.32,91.0,69.0,1.79,10.61,7.0,15.0,0.0,0.0,"Cuevas-Bernardino, J.C., Lobato-Calleros, C., Román-Guerrero, A. and 2 more (...) (2016).Physicochemical characterisation of hawthorn pectins and their performing in stabilising oil-in-water emulsions. Reactive and Functional Polymers,10363-71",https://www.scopus.com/record/display.url?eid=2-s2.0-84963614698&origin=resultslist,10.1016/j.reactfunctpolym.2016.03.024,Article,,2-s2.0-84963614698,-,Universidad Autónoma Metropolitana| Universidad Autonoma Chapingo,505017| 505047,Academic,2.0,60028381| 60010597,Universidad Autónoma Metropolitana -Unidad Iztapalapa| Universidad Autónoma Chapingo,57188803168,7004260997,7004260997,-,Mexico,1.0,1303| 1500| 1600| 2304| 2505| 2507,Biochemistry| General Chemical Engineering| General Chemistry| Environmental Chemistry| Materials Chemistry| Polymers and Plastics,5| 2| 4,Life Sciences & Medicine| Engineering & Technology| Natural Sciences,507| 433| 249| 409| 219| 424,Biological Sciences| Materials Science| Engineering - Petroleum| Chemistry| Engineering - Chemical| Environmental Sciences,32| 36| 37,Life Sciences| Engineering| Physical Sciences,40| 34,Engineering| Chemical Sciences,3403| 4004,Macromolecular and materials chemistry| Chemical engineering,-,Antioxidant Compounds and Their Medicinal Potential,6,97.711,Pectin Properties and Extraction Techniques for Diverse Applications,2290,99.455,Definitive,2016.0,69.0,N/A,"Cuevas-Bernardino, J.C.| Lobato-Calleros, C.| Román-Guerrero, A.| Alvarez-Ramirez, J.| Vernon-Carter, E.J.",Universidad Autónoma Metropolitana| Universidad Autonoma Chapingo,Mexico,0
7004260997,7004260997,"Cooling rate, sorbitan and glyceryl monostearate gelators elicit different microstructural, viscoelastic and textural properties in chia seed oleogels","Trujillo-Ramírez, D.| Lobato-Calleros, C.| Jaime Vernon-Carter, E.| Alvarez-Ramirez, J.",4.0,57200720193| 6603090042| 7004260997| 55399527300,2019.0,2019-05-01,Food Research International,119,-,829-838,-,ISSN-09639969,23180.0,Journal,Elsevier Ltd,English,1.66,10,6.2,11,1.44,6,1.33,55.0,68.0,2.37,11.84,6.0,10.0,1.0,0.0,"Trujillo-Ramírez, D., Lobato-Calleros, C., Jaime Vernon-Carter, E. and 1 more (...) (2019).Cooling rate, sorbitan and glyceryl monostearate gelators elicit different microstructural, viscoelastic and textural properties in chia seed oleogels. Food Research International,119829-838",https://www.scopus.com/record/display.url?eid=2-s2.0-85055576261&origin=resultslist,10.1016/j.foodres.2018.10.066,Article,,2-s2.0-85055576261,30884722,Universidad Autónoma Metropolitana| Universidad Autonoma Chapingo,505017| 505047,Academic,2.0,60028381| 60010597,Universidad Autónoma Metropolitana -Unidad Iztapalapa| Universidad Autónoma Chapingo,57200720193,55399527300,7004260997,-,Mexico,1.0,1106,Food Science,5,Life Sciences & Medicine,502,Agriculture & Forestry,32,Life Sciences,30| 40| 32,"Agricultural, Veterinary And Food Sciences| Engineering| Biomedical And Clinical Sciences",4004| 3210| 3006,Chemical engineering| Nutrition and dietetics| Food sciences,-,Protein Emulsification and Functional Food Applications,582,95.487,Innovative Oleogels from Sunflower Oil Applications,14243,99.194,Definitive,2019.0,68.0,N/A,"Trujillo-Ramírez, D.| Lobato-Calleros, C.| Jaime Vernon-Carter, E.| Alvarez-Ramirez, J.",Universidad Autónoma Metropolitana| Universidad Autonoma Chapingo,Mexico,0
7004260997,7004260997,Influence of purification on physicochemical and emulsifying properties of tamarind (Tamarindus indica L.) seed gum,"Crispín-Isidro, G.| Hernández-Rodríguez, L.| Ramírez-Santiago, C.| Sandoval-Castilla, O.| Lobato-Calleros, C.| Vernon-Carter, E.J.",6.0,56544749600| 55899376700| 6505511889| 6506641565| 6603090042| 7004260997,2019.0,2019-08-01,Food Hydrocolloids,93,-,402-412,-,ISSN-0268005X,22597.0,Journal,Elsevier B.V.,English,2.15,5,10.6,3,2.16,3,3.96,144.0,59.0,2.05,13.66,7.0,13.0,0.0,0.0,"Crispín-Isidro, G., Hernández-Rodríguez, L., Ramírez-Santiago, C. and 3 more (...) (2019).Influence of purification on physicochemical and emulsifying properties of tamarind (Tamarindus indica L.) seed gum. Food Hydrocolloids,93402-412",https://www.scopus.com/record/display.url?eid=2-s2.0-85062535657&origin=resultslist,10.1016/j.foodhyd.2019.02.046,Article,,2-s2.0-85062535657,-,Universidad Autónoma Metropolitana| Universidad Autonoma Chapingo,505017| 505047,Academic,2.0,60010597| 60028381,Universidad Autónoma Chapingo| Universidad Autónoma Metropolitana -Unidad Iztapalapa,56544749600,7004260997,6603090042,-,Mexico,1.0,1106| 1500| 1600,Food Science| General Chemical Engineering| General Chemistry,5| 2| 4,Life Sciences & Medicine| Engineering & Technology| Natural Sciences,409| 219| 502,Chemistry| Engineering - Chemical| Agriculture & Forestry,37| 36| 32,Physical Sciences| Engineering| Life Sciences,40| 30,"Engineering| Agricultural, Veterinary And Food Sciences",4004| 3006,Chemical engineering| Food sciences,-,Polysaccharides and Their Multifaceted Biological Activities,548,88.555,Functional Properties of Galactomannan Polysaccharides,10620,94.973,Defensible,2019.0,59.0,N/A,"Crispín-Isidro, G.| Hernández-Rodríguez, L.| Ramírez-Santiago, C.| Sandoval-Castilla, O.| Lobato-Calleros, C.| Vernon-Carter, E.J.",Universidad Autónoma Metropolitana| Universidad Autonoma Chapingo,Mexico,0
7004260997,7004260997,"Characterization of Corn Starch-Calcium Alginate Xerogels by Microscopy, Thermal, XRD, and FTIR Analyses","Lozano-Vazquez, G.| Alvarez-Ramirez, J.| Lobato-Calleros, C.| Vernon-Carter, E.J.| Hernández-Marín, N.Y.",5.0,56566709400| 55399527300| 6603090042| 7004260997| 56052957100,2021.0,2021-07-01,Starch/Staerke,73,7-8,-,2000282,ISSN-00389056,26489.0,Journal,John Wiley and Sons Inc,English,0.79,44,4.4,30,0.557,34,1.92,52.0,55.0,2.15,12.56,6.0,11.0,0.0,0.0,"Lozano-Vazquez, G., Alvarez-Ramirez, J., Lobato-Calleros, C. and 2 more (...) (2021).Characterization of Corn Starch-Calcium Alginate Xerogels by Microscopy, Thermal, XRD, and FTIR Analyses. Starch/Staerke,73(7-8) ",https://www.scopus.com/record/display.url?eid=2-s2.0-85107031661&origin=resultslist,10.1002/star.202000282,Article,,2-s2.0-85107031661,-,Benemerita Universidad Autonoma de Puebla| Universidad Autónoma Metropolitana| Universidad Autonoma Chapingo,505001| 505017| 505047,Academic,3.0,60024830| 60028381| 60010597,Benemérita Universidad Autónoma de Puebla| Universidad Autónoma Metropolitana -Unidad Iztapalapa| Universidad Autónoma Chapingo,56566709400,56052957100,56566709400,-,Mexico,1.0,1106| 1605,Food Science| Organic Chemistry,2| 5| 4,Engineering & Technology| Life Sciences & Medicine| Natural Sciences,409| 502| 249,Chemistry| Agriculture & Forestry| Engineering - Petroleum,37| 32,Physical Sciences| Life Sciences,30| 40,"Agricultural, Veterinary And Food Sciences| Engineering",3006| 4004,Food sciences| Chemical engineering,-,Innovative Drug Delivery Systems for Enhanced Absorption,147,89.47,Properties and Applications of Alginate Hydrogels,11898,95.747,Defensible,2021.0,55.0,N/A,"Lozano-Vazquez, G.| Alvarez-Ramirez, J.| Lobato-Calleros, C.| Vernon-Carter, E.J.| Hernández-Marín, N.Y.",Benemerita Universidad Autonoma de Puebla| Universidad Autónoma Metropolitana| Universidad Autonoma Chapingo,Mexico,0
7004260997,7004260997,Rheological and thermal properties of dough and textural and microstructural features of bread obtained from nixtamalized corn/wheat flour blends,"Guadarrama-Lezama, A.Y.| Carrillo-Navas, H.| Vernon-Carter, E.J.| Alvarez-Ramirez, J.",4.0,42861398100| 51565848600| 7004260997| 55399527300,2016.0,2016-05-01,Journal of Cereal Science,69,-,158-165,-,ISSN-07335210,34814.0,Journal,Academic Press,English,1.37,14,4.1,15,1.021,13,2.15,82.0,54.0,1.23,9.74,10.0,24.0,0.0,0.0,"Guadarrama-Lezama, A.Y., Carrillo-Navas, H., Vernon-Carter, E.J. and 1 more (...) (2016).Rheological and thermal properties of dough and textural and microstructural features of bread obtained from nixtamalized corn/wheat flour blends. Journal of Cereal Science,69158-165",https://www.scopus.com/record/display.url?eid=2-s2.0-84960857559&origin=resultslist,10.1016/j.jcs.2016.03.011,Article,Green,2-s2.0-84960857559,-,Universidad Autónoma Metropolitana| Universidad Autonoma del Estado de Mexico,505017| 505051,Academic,2.0,60002281| 60028381,Universidad Autónoma del Estado de México| Universidad Autónoma Metropolitana -Unidad Iztapalapa,42861398100,55399527300,55399527300,-,Mexico,1.0,1106| 1303,Food Science| Biochemistry,5,Life Sciences & Medicine,507| 502,Biological Sciences| Agriculture & Forestry,32,Life Sciences,31| 40| 30,"Biological Sciences| Engineering| Agricultural, Veterinary And Food Sciences",-,-,-,Enhancing Cereal Quality through Genetic Insights,952,76.521,Gluten-Free Bread and Batter Quality,4023,97.741,Very Good,2016.0,54.0,N/A,"Guadarrama-Lezama, A.Y.| Carrillo-Navas, H.| Vernon-Carter, E.J.| Alvarez-Ramirez, J.",Universidad Autónoma Metropolitana| Universidad Autonoma del Estado de Mexico,Mexico,0
7004260997,7004260997,"Huauzontle (Chenopodium nuttalliae Saff.) protein: Composition, structure, physicochemical and functional properties","López-Monterrubio, D.I.| Lobato-Calleros, C.| Alvarez-Ramirez, J.| Vernon-Carter, E.J.",4.0,57217079857| 6603090042| 55399527300| 7004260997,2020.0,2020-11-01,Food Hydrocolloids,108,-,-,106043,ISSN-0268005X,22597.0,Journal,Elsevier B.V.,English,2.16,5,12.2,2,2.471,2,1.5,59.0,54.0,1.56,14.78,8.0,17.0,0.0,0.0,"López-Monterrubio, D.I., Lobato-Calleros, C., Alvarez-Ramirez, J. and 1 more (...) (2020).Huauzontle (Chenopodium nuttalliae Saff.) protein: Composition, structure, physicochemical and functional properties. Food Hydrocolloids,108",https://www.scopus.com/record/display.url?eid=2-s2.0-85086094707&origin=resultslist,10.1016/j.foodhyd.2020.106043,Article,,2-s2.0-85086094707,-,Universidad Autónoma Metropolitana| Universidad Autonoma Chapingo,505017| 505047,Academic,2.0,60028381| 60010597,Universidad Autónoma Metropolitana -Unidad Iztapalapa| Universidad Autónoma Chapingo,57217079857,7004260997,7004260997,-,Mexico,1.0,1106| 1500| 1600,Food Science| General Chemical Engineering| General Chemistry,4| 2| 5,Natural Sciences| Engineering & Technology| Life Sciences & Medicine,409| 502| 219,Chemistry| Agriculture & Forestry| Engineering - Chemical,36| 37| 32,Engineering| Physical Sciences| Life Sciences,40| 30,"Engineering| Agricultural, Veterinary And Food Sciences",3006| 4004,Food sciences| Chemical engineering,-,Protein Emulsification and Functional Food Applications,582,95.487,Functional Properties of Plant Proteins in Food Applications,4008,99.802,Very Good,2020.0,54.0,N/A,"López-Monterrubio, D.I.| Lobato-Calleros, C.| Alvarez-Ramirez, J.| Vernon-Carter, E.J.",Universidad Autónoma Metropolitana| Universidad Autonoma Chapingo,Mexico,0
7004260997,7004260997,"Impact of fat replacement by a hybrid gel (canola oil/candelilla wax oleogel and gelatinized corn starch hydrogel) on dough viscoelasticity, color, texture, structure, and starch digestibility of sugar-snap cookies","Barragán-Martínez, L.P.| Román-Guerrero, A.| Vernon-Carter, E.J.| Alvarez-Ramirez, J.",4.0,57209652735| 56013603800| 7004260997| 55399527300,2022.0,2022-09-01,International Journal of Gastronomy and Food Science,29,-,-,100563,ISSN-1878450X,21100789945.0,Journal,AZTI-Tecnalia,English,1.17,22,4.5,3,0.617,6,4.2,82.0,51.0,9.34,5.03,4.0,1.0,0.0,0.0,"Barragán-Martínez, L.P., Román-Guerrero, A., Vernon-Carter, E.J. and 1 more (...) (2022).Impact of fat replacement by a hybrid gel (canola oil/candelilla wax oleogel and gelatinized corn starch hydrogel) on dough viscoelasticity, color, texture, structure, and starch digestibility of sugar-snap cookies. International Journal of Gastronomy and Food Science,29",https://www.scopus.com/record/display.url?eid=2-s2.0-85133653228&origin=resultslist,10.1016/j.ijgfs.2022.100563,Article,,2-s2.0-85133653228,-,Universidad Autónoma Metropolitana,505017,Academic,1.0,60028381,Universidad Autónoma Metropolitana -Unidad Iztapalapa,57209652735,55399527300,55399527300,-,Mexico,1.0,1106| 3316,Food Science| Cultural Studies,3| 5,Social Sciences & Management| Life Sciences & Medicine,311| 502,Communication & Media Studies| Agriculture & Forestry,40| 32,Social Sciences| Life Sciences,35| 30,"Commerce, Management, Tourism And Services| Agricultural, Veterinary And Food Sciences",3504| 3099| 3006,"Commercial services| Other agricultural, veterinary and food sciences| Food sciences",-,Protein Emulsification and Functional Food Applications,582,95.487,Innovative Oleogels from Sunflower Oil Applications,14243,99.194,Definitive,2022.0,51.0,N/A,"Barragán-Martínez, L.P.| Román-Guerrero, A.| Vernon-Carter, E.J.| Alvarez-Ramirez, J.",Universidad Autónoma Metropolitana,Mexico,0
7004260997,7004260997,Viscoelasticity of chia (Salvia hispanica L.) seed mucilage dispersion inthe vicinity of an oil-water interface,"Avila-de la Rosa, G.| Alvarez-Ramirez, J.| Vernon-Carter, E.J.| Carrillo-Navas, H.| Pérez-Alonso, C.",5.0,34879367900| 55399527300| 7004260997| 51565848600| 6507830886,2015.0,2015-07-01,Food Hydrocolloids,49,-,200-207,-,ISSN-0268005X,22597.0,Journal,Elsevier B.V.,English,2.01,6,7,5,1.802,4,2.81,97.0,49.0,1.48,9.44,12.0,20.0,0.0,0.0,"Avila-de la Rosa, G., Alvarez-Ramirez, J., Vernon-Carter, E.J. and 2 more (...) (2015).Viscoelasticity of chia (Salvia hispanica L.) seed mucilage dispersion inthe vicinity of an oil-water interface. Food Hydrocolloids,49200-207",https://www.scopus.com/record/display.url?eid=2-s2.0-84926669305&origin=resultslist,10.1016/j.foodhyd.2015.03.017,Article,,2-s2.0-84926669305,-,Universidad Autónoma Metropolitana| Universidad Autonoma del Estado de Mexico,505017| 505051,Academic,2.0,60028381| 60002281,Universidad Autónoma Metropolitana -Unidad Iztapalapa| Universidad Autónoma del Estado de México,34879367900,6507830886,51565848600,-,Mexico,1.0,1106| 1500| 1600,Food Science| General Chemical Engineering| General Chemistry,5| 2| 4,Life Sciences & Medicine| Engineering & Technology| Natural Sciences,409| 219| 502,Chemistry| Engineering - Chemical| Agriculture & Forestry,37| 36| 32,Physical Sciences| Engineering| Life Sciences,30| 40,"Agricultural, Veterinary And Food Sciences| Engineering",4004| 3006,Chemical engineering| Food sciences,-,Antioxidant Compounds and Their Medicinal Potential,6,97.711,Chia Seed Applications in Nutrition and Health,24583,94.804,Very Good,2015.0,49.0,N/A,"Avila-de la Rosa, G.| Alvarez-Ramirez, J.| Vernon-Carter, E.J.| Carrillo-Navas, H.| Pérez-Alonso, C.",Universidad Autónoma Metropolitana| Universidad Autonoma del Estado de Mexico,Mexico,0
7004260997,7004260997,Structural changes of corn starch during Saccharomyces cerevisiae fermentation,"Reyes, I.| Cruz-Sosa, F.| Roman-Guerrero, A.| Vernon-Carter, E.J.| Alvarez-Ramirez, J.",5.0,57191035399| 56013839300| 56013603800| 7004260997| 55399527300,2016.0,2016-09-01,Starch/Staerke,68,9-10,961-971,-,ISSN-00389056,26489.0,Journal,Wiley-VCH Verlag,English,1,28,2.7,31,0.604,32,1.02,47.0,49.0,0.65,9.27,11.0,40.0,0.0,0.0,"Reyes, I., Cruz-Sosa, F., Roman-Guerrero, A. and 2 more (...) (2016).Structural changes of corn starch during Saccharomyces cerevisiae fermentation. Starch/Staerke,68(9-10) 961-971",https://www.scopus.com/record/display.url?eid=2-s2.0-84985906401&origin=resultslist,10.1002/star.201600088,Article,,2-s2.0-84985906401,-,Universidad Autónoma Metropolitana,505017,Academic,1.0,60028381,Universidad Autónoma Metropolitana -Unidad Iztapalapa,57191035399,55399527300,57191035399,-,Mexico,1.0,1106| 1605,Food Science| Organic Chemistry,4| 5| 2,Natural Sciences| Life Sciences & Medicine| Engineering & Technology,249| 409| 502,Engineering - Petroleum| Chemistry| Agriculture & Forestry,37| 32,Physical Sciences| Life Sciences,30| 40,"Agricultural, Veterinary And Food Sciences| Engineering",4004| 3006,Chemical engineering| Food sciences,-,Starch Properties and Applications in Food Science,737,83.584,Starch Properties and Applications in Food Science,99,99.766,Definitive,2016.0,49.0,N/A,"Reyes, I.| Cruz-Sosa, F.| Roman-Guerrero, A.| Vernon-Carter, E.J.| Alvarez-Ramirez, J.",Universidad Autónoma Metropolitana,Mexico,0
7004260997,7004260997,"Insights of the ability of gelatinized fractions from non-chemical modified corn, rice, wheat, and waxy corn starches to stabilize O/W emulsions","Gómez-Luría, D.| Vernon-Carter, E.J.| Alvarez-Ramirez, J.| Cruz-Sosa, F.",4.0,56126595600| 7004260997| 55399527300| 56013839300,2019.0,2019-04-01,Food Hydrocolloids,89,-,726-734,-,ISSN-0268005X,22597.0,Journal,Elsevier B.V.,English,2.15,5,10.6,3,2.16,3,1.48,50.0,47.0,1.24,13.66,10.0,23.0,0.0,0.0,"Gómez-Luría, D., Vernon-Carter, E.J., Alvarez-Ramirez, J. and 1 more (...) (2019).Insights of the ability of gelatinized fractions from non-chemical modified corn, rice, wheat, and waxy corn starches to stabilize O/W emulsions. Food Hydrocolloids,89726-734",https://www.scopus.com/record/display.url?eid=2-s2.0-85059312997&origin=resultslist,10.1016/j.foodhyd.2018.11.045,Article,,2-s2.0-85059312997,-,Universidad Autónoma Metropolitana,505017,Academic,1.0,60028381,Universidad Autónoma Metropolitana -Unidad Iztapalapa,56126595600,56013839300,56126595600,-,Mexico,1.0,1106| 1500| 1600,Food Science| General Chemical Engineering| General Chemistry,5| 4| 2,Life Sciences & Medicine| Natural Sciences| Engineering & Technology,409| 502| 219,Chemistry| Agriculture & Forestry| Engineering - Chemical,37| 36| 32,Physical Sciences| Engineering| Life Sciences,30| 40,"Agricultural, Veterinary And Food Sciences| Engineering",3006| 4004,Food sciences| Chemical engineering,-,Starch Properties and Applications in Food Science,737,83.584,Complex Interactions of Starch and Lipids,21817,97.993,Defensible,2019.0,47.0,N/A,"Gómez-Luría, D.| Vernon-Carter, E.J.| Alvarez-Ramirez, J.| Cruz-Sosa, F.",Universidad Autónoma Metropolitana,Mexico,0
7004260997,7004260997,A fractional-order Maxwell model for non-Newtonian fluids,"Carrera, Y.| Avila-de la Rosa, G.| Vernon-Carter, E.J.| Alvarez-Ramirez, J.",4.0,55614663300| 34879367900| 7004260997| 55399527300,2017.0,2017-09-15,Physica A: Statistical Mechanics and its Applications,482,-,276-285,-,ISSN-03784371,29115.0,Journal,Elsevier B.V.,English,1.12,23,3.9,11,0.773,27,3.45,54.0,47.0,2.5,6.41,11.0,10.0,0.0,0.0,"Carrera, Y., Avila-de la Rosa, G., Vernon-Carter, E.J. and 1 more (...) (2017).A fractional-order Maxwell model for non-Newtonian fluids. Physica A: Statistical Mechanics and its Applications,482276-285",https://www.scopus.com/record/display.url?eid=2-s2.0-85018386700&origin=resultslist,10.1016/j.physa.2017.04.085,Article,,2-s2.0-85018386700,-,Universidad Autónoma Metropolitana,505017,Academic,1.0,60028381,Universidad Autónoma Metropolitana -Unidad Iztapalapa,55614663300,55399527300,34879367900,-,Mexico,1.0,2613| 3109,Statistics and Probability| Statistical and Nonlinear Physics,4| 2,Natural Sciences| Engineering & Technology,431| 344| 213| 439,Mathematics| Statistics & Operational Research| Data Science| Physics & Astronomy,37,Physical Sciences,49,Mathematical Sciences,4901| 4902,Applied mathematics| Mathematical physics,-,Fractional Calculus Applications in Differential Equations,88,83.061,Fractional Derivative Models in Viscoelastic Materials,18538,86.488,Very Good,2017.0,47.0,N/A,"Carrera, Y.| Avila-de la Rosa, G.| Vernon-Carter, E.J.| Alvarez-Ramirez, J.",Universidad Autónoma Metropolitana,Mexico,0
7004260997,7004260997,"Effects of CaCO3 treatment on the morphology, crystallinity, rheology and hydrolysis of gelatinized maize starch dispersions","Garcia-Diaz, S.| Hernandez-Jaimes, C.| Escalona-Buendia, H.B.| Bello-Perez, L.A.| Vernon-Carter, E.J.| Alvarez-Ramirez, J.",6.0,57188695640| 55327395000| 57194437346| 7003824557| 7004260997| 55399527300,2016.0,2016-09-15,Food Chemistry,207,-,139-147,-,ISSN-03088146,24039.0,Journal,Elsevier Ltd,English,2.11,5,7.8,3,1.731,4,2.17,90.0,46.0,1.32,9.88,12.0,22.0,0.0,0.0,"Garcia-Diaz, S., Hernandez-Jaimes, C., Escalona-Buendia, H.B. and 3 more (...) (2016).Effects of CaCO3 treatment on the morphology, crystallinity, rheology and hydrolysis of gelatinized maize starch dispersions. Food Chemistry,207139-147",https://www.scopus.com/record/display.url?eid=2-s2.0-84962388448&origin=resultslist,10.1016/j.foodchem.2016.03.095,Article,,2-s2.0-84962388448,27080890,Universidad Autónoma Metropolitana| Universidad Autonoma del Estado de Mexico| Instituto Politécnico Nacional,505017| 505051| 505011,Academic,3.0,60028381| 60002281| 60019176,Universidad Autónoma Metropolitana -Unidad Iztapalapa| Universidad Autónoma del Estado de México| Instituto Politécnico Nacional,57188695640,55399527300,55327395000,-,Mexico,1.0,1106| 1602,Food Science| Analytical Chemistry,5| 4,Life Sciences & Medicine| Natural Sciences,409| 502,Chemistry| Agriculture & Forestry,32| 37,Life Sciences| Physical Sciences,30,"Agricultural, Veterinary And Food Sciences",3006,Food sciences,-,Starch Properties and Applications in Food Science,737,83.584,Starch Properties and Applications in Food Science,99,99.766,Very Good,2016.0,46.0,N/A,"Garcia-Diaz, S.| Hernandez-Jaimes, C.| Escalona-Buendia, H.B.| Bello-Perez, L.A.| Vernon-Carter, E.J.| Alvarez-Ramirez, J.",Universidad Autónoma Metropolitana| Universidad Autonoma del Estado de Mexico| Instituto Politécnico Nacional,Mexico,0
7004260997,7004260997,Antifungal activity of mango kernel polyphenols on mango fruit infected by anthracnose,"Gómez-Maldonado, D.| Lobato-Calleros, C.| Aguirre-Mandujano, E.| Leyva-Mir, S.G.| Robles-Yerena, L.| Vernon-Carter, E.J.",6.0,57216210627| 6603090042| 6505894687| 56000780900| 36157117100| 7004260997,2020.0,2020-05-01,LWT,126,-,-,109337,ISSN-00236438,20744.0,Journal,Academic Press,English,1.58,12,6.7,12,1.258,10,1.08,38.0,46.0,1.92,12.49,10.0,13.0,0.0,0.0,"Gómez-Maldonado, D., Lobato-Calleros, C., Aguirre-Mandujano, E. and 3 more (...) (2020).Antifungal activity of mango kernel polyphenols on mango fruit infected by anthracnose. LWT,126",https://www.scopus.com/record/display.url?eid=2-s2.0-85082819182&origin=resultslist,10.1016/j.lwt.2020.109337,Article,,2-s2.0-85082819182,-,Universidad Autónoma Metropolitana| Universidad Autonoma Chapingo,505017| 505047,Academic,2.0,60010597| 60028381,Universidad Autónoma Chapingo| Universidad Autónoma Metropolitana -Unidad Iztapalapa,57216210627,7004260997,6603090042,-,Mexico,1.0,1106,Food Science,5,Life Sciences & Medicine,502,Agriculture & Forestry,32,Life Sciences,32| 30| 40,"Biomedical And Clinical Sciences| Agricultural, Veterinary And Food Sciences| Engineering",4004| 3006| 3210,Chemical engineering| Food sciences| Nutrition and dietetics,-,Antioxidant Compounds and Their Medicinal Potential,6,97.711,Mangiferin's Multifaceted Antioxidant and Therapeutic Potential,12606,94.728,Very Good,2020.0,46.0,N/A,"Gómez-Maldonado, D.| Lobato-Calleros, C.| Aguirre-Mandujano, E.| Leyva-Mir, S.G.| Robles-Yerena, L.| Vernon-Carter, E.J.",Universidad Autónoma Metropolitana| Universidad Autonoma Chapingo,Mexico,0
7004260997,7004260997,Thermal and rheological properties of sponge cake batters and texture and microstructural characteristics of sponge cake made with native corn starch in partial or total replacement of wheat flour,"Guadarrama-Lezama, A.Y.| Carrillo-Navas, H.| Pérez-Alonso, C.| Vernon-Carter, E.J.| Alvarez-Ramirez, J.",5.0,42861398100| 51565848600| 6507830886| 7004260997| 55399527300,2016.0,2016-07-01,LWT,70,-,46-54,-,ISSN-00236438,20744.0,Journal,Academic Press,English,1.54,11,4.6,11,1.352,9,2.53,104.0,45.0,1.31,8.42,12.0,22.0,0.0,0.0,"Guadarrama-Lezama, A.Y., Carrillo-Navas, H., Pérez-Alonso, C. and 2 more (...) (2016).Thermal and rheological properties of sponge cake batters and texture and microstructural characteristics of sponge cake made with native corn starch in partial or total replacement of wheat flour. LWT,7046-54",https://www.scopus.com/record/display.url?eid=2-s2.0-84958581384&origin=resultslist,10.1016/j.lwt.2016.02.031,Article,Green,2-s2.0-84958581384,-,Universidad Autónoma Metropolitana| Universidad Autonoma del Estado de Mexico,505017| 505051,Academic,2.0,60002281| 60028381,Universidad Autónoma del Estado de México| Universidad Autónoma Metropolitana -Unidad Iztapalapa,42861398100,55399527300,51565848600,-,Mexico,1.0,1106,Food Science,5,Life Sciences & Medicine,502,Agriculture & Forestry,32,Life Sciences,32| 30| 40,"Biomedical And Clinical Sciences| Agricultural, Veterinary And Food Sciences| Engineering",3210| 3006| 4004,Nutrition and dietetics| Food sciences| Chemical engineering,-,Enhancing Cereal Quality through Genetic Insights,952,76.521,Gluten-Free Bread and Batter Quality,4023,97.741,Very Good,2016.0,45.0,N/A,"Guadarrama-Lezama, A.Y.| Carrillo-Navas, H.| Pérez-Alonso, C.| Vernon-Carter, E.J.| Alvarez-Ramirez, J.",Universidad Autónoma Metropolitana| Universidad Autonoma del Estado de Mexico,Mexico,0
7004260997,7004260997,"Effects of cooking temperature and time on the color, morphology, crystallinity, thermal properties, starch-lipid complexes formation and rheological properties of roux","Alvarez-Ramirez, J.| Vernon-Carter, E.J.| Carrillo-Navas, H.| Meraz, M.",4.0,55399527300| 7004260997| 51565848600| 55989654300,2018.0,2018-05-01,LWT,91,-,203-212,-,ISSN-00236438,20744.0,Journal,Academic Press,English,1.64,10,6.1,8,1.4,7,2.22,107.0,44.0,1.41,11.38,12.0,20.0,0.0,0.0,"Alvarez-Ramirez, J., Vernon-Carter, E.J., Carrillo-Navas, H. and 1 more (...) (2018).Effects of cooking temperature and time on the color, morphology, crystallinity, thermal properties, starch-lipid complexes formation and rheological properties of roux. LWT,91203-212",https://www.scopus.com/record/display.url?eid=2-s2.0-85041453187&origin=resultslist,10.1016/j.lwt.2018.01.038,Article,,2-s2.0-85041453187,-,Universidad Autónoma Metropolitana,505017,Academic,1.0,60028381,Universidad Autónoma Metropolitana -Unidad Iztapalapa,55399527300,55989654300,55399527300,-,Mexico,1.0,1106,Food Science,5,Life Sciences & Medicine,502,Agriculture & Forestry,32,Life Sciences,30| 32| 40,"Agricultural, Veterinary And Food Sciences| Biomedical And Clinical Sciences| Engineering",3210| 4004| 3006,Nutrition and dietetics| Chemical engineering| Food sciences,-,Starch Properties and Applications in Food Science,737,83.584,Complex Interactions of Starch and Lipids,21817,97.993,Defensible,2018.0,44.0,N/A,"Alvarez-Ramirez, J.| Vernon-Carter, E.J.| Carrillo-Navas, H.| Meraz, M.",Universidad Autónoma Metropolitana,Mexico,0
7004260997,7004260997,Chia seed oil-candelilla wax oleogels structural features and viscoelasticity are enhanced by annealing,"Trujillo-Ramírez, D.| Reyes, I.| Lobato-Calleros, C.| Vernon-Carter, E.J.| Alvarez-Ramirez, J.",5.0,57200720193| 57191035399| 6603090042| 7004260997| 55399527300,2022.0,2022-01-01,LWT,153,-,-,112433,ISSN-00236438,20744.0,Journal,Academic Press,English,1.49,13,9.6,10,1.173,7,1.66,62.0,43.0,2.78,13.67,6.0,8.0,0.0,0.0,"Trujillo-Ramírez, D., Reyes, I., Lobato-Calleros, C. and 2 more (...) (2022).Chia seed oil-candelilla wax oleogels structural features and viscoelasticity are enhanced by annealing. LWT,153",https://www.scopus.com/record/display.url?eid=2-s2.0-85114766526&origin=resultslist,10.1016/j.lwt.2021.112433,Article,Hybrid gold,2-s2.0-85114766526,-,"Tecnológico Nacional de México, Mexico City| Universidad Autónoma de Tamaulipas| Universidad Autónoma Metropolitana| Universidad Autonoma Chapingo",719128| 714293| 505017| 505047,Academic,4.0,60019607| 60134870| 60010597| 60028381,Universidad Autónoma de Tamaulipas| Tecnológico Nacional de México| Universidad Autónoma Chapingo| Universidad Autónoma Metropolitana -Unidad Iztapalapa,57200720193,55399527300,7004260997,-,Mexico,1.0,1106,Food Science,5,Life Sciences & Medicine,502,Agriculture & Forestry,32,Life Sciences,40| 30| 32,"Engineering| Agricultural, Veterinary And Food Sciences| Biomedical And Clinical Sciences",4004| 3210| 3006,Chemical engineering| Nutrition and dietetics| Food sciences,-,Protein Emulsification and Functional Food Applications,582,95.487,Innovative Oleogels from Sunflower Oil Applications,14243,99.194,Definitive,2022.0,43.0,N/A,"Trujillo-Ramírez, D.| Reyes, I.| Lobato-Calleros, C.| Vernon-Carter, E.J.| Alvarez-Ramirez, J.","Tecnológico Nacional de México, Mexico City| Universidad Autónoma de Tamaulipas| Universidad Autónoma Metropolitana| Universidad Autonoma Chapingo",Mexico,0
7004260997,7004260997,Effect of leavening time on LAOS properties of yeasted wheat dough,"Alvarez-Ramirez, J.| Carrera-Tarela, Y.| Carrillo-Navas, H.| Vernon-Carter, E.J.| Garcia-Diaz, S.",5.0,55399527300| 57202785984| 51565848600| 7004260997| 57188695640,2019.0,2019-05-01,Food Hydrocolloids,90,-,421-432,-,ISSN-0268005X,22597.0,Journal,Elsevier B.V.,English,2.15,5,10.6,3,2.16,3,1.31,44.0,43.0,1.46,13.66,11.0,19.0,0.0,0.0,"Alvarez-Ramirez, J., Carrera-Tarela, Y., Carrillo-Navas, H. and 2 more (...) (2019).Effect of leavening time on LAOS properties of yeasted wheat dough. Food Hydrocolloids,90421-432",https://www.scopus.com/record/display.url?eid=2-s2.0-85059563159&origin=resultslist,10.1016/j.foodhyd.2018.12.055,Article,,2-s2.0-85059563159,-,Universidad Autónoma Metropolitana,505017,Academic,1.0,60028381,Universidad Autónoma Metropolitana -Unidad Iztapalapa,55399527300,57188695640,55399527300,-,Mexico,1.0,1106| 1500| 1600,Food Science| General Chemical Engineering| General Chemistry,2| 5| 4,Engineering & Technology| Life Sciences & Medicine| Natural Sciences,219| 409| 502,Engineering - Chemical| Chemistry| Agriculture & Forestry,36| 37| 32,Engineering| Physical Sciences| Life Sciences,30| 40,"Agricultural, Veterinary And Food Sciences| Engineering",3006| 4004,Food sciences| Chemical engineering,-,Enhancing Cereal Quality through Genetic Insights,952,76.521,Properties and Processes of Wheat Flour Dough,10879,88.926,Very Good,2019.0,43.0,N/A,"Alvarez-Ramirez, J.| Carrera-Tarela, Y.| Carrillo-Navas, H.| Vernon-Carter, E.J.| Garcia-Diaz, S.",Universidad Autónoma Metropolitana,Mexico,0
7004260997,7004260997,"Impact of ghosts on the mechanical, optical, and barrier properties of corn starch films","Garcia-Hernandez, A.| Vernon-Carter, E.J.| Alvarez-Ramirez, J.",3.0,57192004816| 7004260997| 55399527300,2017.0,2017-01-01,Starch/Staerke,69,1-2,-,1600308,ISSN-00389056,26489.0,Journal,Wiley-VCH Verlag,English,0.96,32,3,31,0.725,26,1.13,37.0,41.0,1.61,9.91,13.0,18.0,0.0,0.0,"Garcia-Hernandez, A., Vernon-Carter, E.J., Alvarez-Ramirez, J. (2017).Impact of ghosts on the mechanical, optical, and barrier properties of corn starch films. Starch/Staerke,69(1-2) ",https://www.scopus.com/record/display.url?eid=2-s2.0-85007623438&origin=resultslist,10.1002/star.201600308,Article,,2-s2.0-85007623438,-,Universidad Autónoma Metropolitana,505017,Academic,1.0,60028381,Universidad Autónoma Metropolitana -Unidad Iztapalapa,57192004816,55399527300,55399527300,-,Mexico,1.0,1106| 1605,Food Science| Organic Chemistry,5| 4| 2,Life Sciences & Medicine| Natural Sciences| Engineering & Technology,249| 409| 502,Engineering - Petroleum| Chemistry| Agriculture & Forestry,32| 37,Life Sciences| Physical Sciences,40| 30,"Engineering| Agricultural, Veterinary And Food Sciences",3006| 4004,Food sciences| Chemical engineering,-,Starch Properties and Applications in Food Science,737,83.584,Starch Properties and Applications in Food Science,99,99.766,Defensible,2017.0,41.0,N/A,"Garcia-Hernandez, A.| Vernon-Carter, E.J.| Alvarez-Ramirez, J.",Universidad Autónoma Metropolitana,Mexico,0
7004260997,7004260997,"Physical properties and release behaviour of caffeine multiple emulsions stabilised by binary or ternary biopolymer soluble complexes under acid, bile and yogurt storage conditions","Hernández-Marín, N.Y.| Lobato-Calleros, C.| Román-Guerrero, A.| Alvarez-Ramirez, J.| Vernon-Carter, E.J.",5.0,56052957100| 6603090042| 56013603800| 55399527300| 7004260997,2016.0,2016-07-01,Food Hydrocolloids,58,-,42-48,-,ISSN-0268005X,22597.0,Journal,Elsevier B.V.,English,2.07,5,7.3,4,2.03,2,3.31,107.0,39.0,2.14,9.81,15.0,12.0,0.0,0.0,"Hernández-Marín, N.Y., Lobato-Calleros, C., Román-Guerrero, A. and 2 more (...) (2016).Physical properties and release behaviour of caffeine multiple emulsions stabilised by binary or ternary biopolymer soluble complexes under acid, bile and yogurt storage conditions. Food Hydrocolloids,5842-48",https://www.scopus.com/record/display.url?eid=2-s2.0-84959018976&origin=resultslist,10.1016/j.foodhyd.2016.02.008,Article,,2-s2.0-84959018976,-,Universidad Autónoma Metropolitana| Universidad Autonoma Chapingo,505017| 505047,Academic,2.0,60010597| 60028381,Universidad Autónoma Chapingo| Universidad Autónoma Metropolitana -Unidad Iztapalapa,56052957100,7004260997,6603090042,-,Mexico,1.0,1106| 1500| 1600,Food Science| General Chemical Engineering| General Chemistry,5| 2| 4,Life Sciences & Medicine| Engineering & Technology| Natural Sciences,502| 219| 409,Agriculture & Forestry| Engineering - Chemical| Chemistry,36| 32| 37,Engineering| Life Sciences| Physical Sciences,40| 30,"Engineering| Agricultural, Veterinary And Food Sciences",4004| 3006,Chemical engineering| Food sciences,-,Protein Emulsification and Functional Food Applications,582,95.487,Multiple Emulsions for Enhanced Nutrient Delivery,18465,93.211,Very Good,2016.0,39.0,N/A,"Hernández-Marín, N.Y.| Lobato-Calleros, C.| Román-Guerrero, A.| Alvarez-Ramirez, J.| Vernon-Carter, E.J.",Universidad Autónoma Metropolitana| Universidad Autonoma Chapingo,Mexico,0
7004260997,7004260997,Complexation with whey protein hydrolysate improves cacao pods husk pectin surface active and emulsifying properties,"Trujillo-Ramírez, D.| Lobato-Calleros, C.| Román-Guerrero, A.| Hernández-Rodríguez, L.| Alvarez-Ramirez, J.| Vernon-Carter, E.J.",6.0,57200720193| 6603090042| 56013603800| 55899376700| 55399527300| 7004260997,2018.0,2018-02-01,Reactive and Functional Polymers,123,-,61-69,-,ISSN-13815148,14240.0,Journal,Elsevier B.V.,English,0.92,35,4.9,15,0.712,18,2.7,97.0,39.0,1.4,12.9,14.0,20.0,0.0,0.0,"Trujillo-Ramírez, D., Lobato-Calleros, C., Román-Guerrero, A. and 3 more (...) (2018).Complexation with whey protein hydrolysate improves cacao pods husk pectin surface active and emulsifying properties. Reactive and Functional Polymers,12361-69",https://www.scopus.com/record/display.url?eid=2-s2.0-85042261685&origin=resultslist,10.1016/j.reactfunctpolym.2017.12.011,Article,,2-s2.0-85042261685,-,Universidad Autónoma Metropolitana| Universidad Autonoma Chapingo,505017| 505047,Academic,2.0,60028381| 60010597,Universidad Autónoma Metropolitana -Unidad Iztapalapa| Universidad Autónoma Chapingo,57200720193,7004260997,7004260997,-,Mexico,1.0,1303| 1500| 1600| 2304| 2505| 2507,Biochemistry| General Chemical Engineering| General Chemistry| Environmental Chemistry| Materials Chemistry| Polymers and Plastics,4| 2| 5,Natural Sciences| Engineering & Technology| Life Sciences & Medicine,433| 507| 409| 424| 249| 219,Materials Science| Biological Sciences| Chemistry| Environmental Sciences| Engineering - Petroleum| Engineering - Chemical,32| 36| 37,Life Sciences| Engineering| Physical Sciences,40| 34,Engineering| Chemical Sciences,3403| 4004,Macromolecular and materials chemistry| Chemical engineering,-,Antioxidant Compounds and Their Medicinal Potential,6,97.711,Pectin Properties and Extraction Techniques for Diverse Applications,2290,99.455,Very Good,2018.0,39.0,N/A,"Trujillo-Ramírez, D.| Lobato-Calleros, C.| Román-Guerrero, A.| Hernández-Rodríguez, L.| Alvarez-Ramirez, J.| Vernon-Carter, E.J.",Universidad Autónoma Metropolitana| Universidad Autonoma Chapingo,Mexico,0
7004260997,7004260997,Ultrasound-Assisted Extraction of Lychee (Litchi chinensis Sonn.) Seed Starch: Physicochemical and Functional Properties,"Morales-Trejo, F.| Trujillo-Ramírez, D.| Aguirre-Mandujano, E.| Lobato-Calleros, C.| Vernon-Carter, E.J.| Alvarez-Ramirez, J.",6.0,55883340700| 57200720193| 6505894687| 6603090042| 7004260997| 55399527300,2022.0,2022-01-01,Starch/Staerke,74,1-2,-,2100092,ISSN-00389056,26489.0,Journal,John Wiley and Sons Inc,English,0.64,54,4.1,37,0.452,42,2.97,72.0,36.0,2.52,12.69,7.0,9.0,0.0,0.0,"Morales-Trejo, F., Trujillo-Ramírez, D., Aguirre-Mandujano, E. and 3 more (...) (2022).Ultrasound-Assisted Extraction of Lychee (Litchi chinensis Sonn.) Seed Starch: Physicochemical and Functional Properties. Starch/Staerke,74(1-2) ",https://www.scopus.com/record/display.url?eid=2-s2.0-85112357645&origin=resultslist,10.1002/star.202100092,Article,,2-s2.0-85112357645,-,Universidad Autónoma de Tamaulipas| Universidad Autónoma Metropolitana| Universidad Autonoma Chapingo,714293| 505017| 505047,Academic,3.0,60010597| 60019607| 60028381,Universidad Autónoma Chapingo| Universidad Autónoma de Tamaulipas| Universidad Autónoma Metropolitana -Unidad Iztapalapa,55883340700,55399527300,6603090042,-,Mexico,1.0,1106| 1605,Food Science| Organic Chemistry,2| 5| 4,Engineering & Technology| Life Sciences & Medicine| Natural Sciences,502| 249| 409,Agriculture & Forestry| Engineering - Petroleum| Chemistry,32| 37,Life Sciences| Physical Sciences,30| 40,"Agricultural, Veterinary And Food Sciences| Engineering",3006| 4004,Food sciences| Chemical engineering,-,Starch Properties and Applications in Food Science,737,83.584,Starch Properties and Applications in Food Science,99,99.766,Definitive,2022.0,36.0,N/A,"Morales-Trejo, F.| Trujillo-Ramírez, D.| Aguirre-Mandujano, E.| Lobato-Calleros, C.| Vernon-Carter, E.J.| Alvarez-Ramirez, J.",Universidad Autónoma de Tamaulipas| Universidad Autónoma Metropolitana| Universidad Autonoma Chapingo,Mexico,0
7004260997,7004260997,A theoretical derivation of the monod equation with a kinetics sense,"Alvarez-Ramirez, J.| Meraz, M.| Jaime Vernon-Carter, E.",3.0,55399527300| 6601910796| 7004260997,2019.0,2019-10-15,Biochemical Engineering Journal,150,-,-,107305,ISSN-1369703X,16849.0,Journal,Elsevier B.V.,English,1.15,23,6.3,16,0.879,21,0.78,31.0,34.0,0.82,14.64,15.0,34.0,0.0,0.0,"Alvarez-Ramirez, J., Meraz, M., Jaime Vernon-Carter, E. (2019).A theoretical derivation of the monod equation with a kinetics sense. Biochemical Engineering Journal,150",https://www.scopus.com/record/display.url?eid=2-s2.0-85069188724&origin=resultslist,10.1016/j.bej.2019.107305,Article,,2-s2.0-85069188724,-,Universidad Autónoma Metropolitana,505017,Academic,1.0,60028381,Universidad Autónoma Metropolitana -Unidad Iztapalapa,55399527300,7004260997,55399527300,-,Mexico,1.0,1305| 1502| 2204| 2305,Biotechnology| Bioengineering| Biomedical Engineering| Environmental Engineering,2| 5,Engineering & Technology| Life Sciences & Medicine,507| 219| 424,Biological Sciences| Engineering - Chemical| Environmental Sciences,32| 36| 37,Life Sciences| Engineering| Physical Sciences,40| 31,Engineering| Biological Sciences,3106| 4004,Industrial biotechnology| Chemical engineering,-,Innovative Approaches in Petroleum Reservoir Management,1038,27.207,NMR Techniques in Emulsion Characterization and Application,90683,46.06,Defensible,2019.0,34.0,N/A,"Alvarez-Ramirez, J.| Meraz, M.| Jaime Vernon-Carter, E.",Universidad Autónoma Metropolitana,Mexico,0
7004260997,7004260997,"Influence of β-carotene concentration on the physicochemical properties, degradation and antioxidant activity of nanoemulsions stabilized by whey protein hydrolyzate-pectin soluble complexes","López-Monterrubio, D.I.| Lobato-Calleros, C.| Vernon-Carter, E.J.| Alvarez-Ramirez, J.",4.0,57217079857| 6603090042| 7004260997| 55399527300,2021.0,2021-05-01,LWT,143,-,-,111148,ISSN-00236438,20744.0,Journal,Academic Press,English,1.48,14,7.3,13,1.059,10,1.9,54.0,30.0,1.9,13.13,13.0,14.0,0.0,0.0,"López-Monterrubio, D.I., Lobato-Calleros, C., Vernon-Carter, E.J. and 1 more (...) (2021).Influence of β-carotene concentration on the physicochemical properties, degradation and antioxidant activity of nanoemulsions stabilized by whey protein hydrolyzate-pectin soluble complexes. LWT,143",https://www.scopus.com/record/display.url?eid=2-s2.0-85101542033&origin=resultslist,10.1016/j.lwt.2021.111148,Article,,2-s2.0-85101542033,-,Universidad Autónoma Metropolitana| Universidad Autonoma Chapingo,505017| 505047,Academic,2.0,60010597| 60028381,Universidad Autónoma Chapingo| Universidad Autónoma Metropolitana -Unidad Iztapalapa,57217079857,55399527300,7004260997,-,Mexico,1.0,1106,Food Science,5,Life Sciences & Medicine,502,Agriculture & Forestry,32,Life Sciences,32| 30| 40,"Biomedical And Clinical Sciences| Agricultural, Veterinary And Food Sciences| Engineering",4004| 3006| 3210,Chemical engineering| Food sciences| Nutrition and dietetics,-,Protein Emulsification and Functional Food Applications,582,95.487,Stability and Properties of Emulsified Systems,7336,97.555,Very Good,2021.0,30.0,N/A,"López-Monterrubio, D.I.| Lobato-Calleros, C.| Vernon-Carter, E.J.| Alvarez-Ramirez, J.",Universidad Autónoma Metropolitana| Universidad Autonoma Chapingo,Mexico,0
7004260997,7004260997,Enhanced bioavailability of curcumin nanoemulsions stabilized with phosphatidylcholine modified with medium chain fatty acids,"Ochoa-Flores, A.A.| Hernández-Becerra, J.A.| Cavazos-Garduño, A.| Soto-Rodríguez, I.| Sanchez-Otero, M.G.| Vernon-Carter, E.J.| García, H.S.",7.0,55901999000| 7801477484| 55499865400| 59662930900| 56048991700| 7004260997| 7202282374,2017.0,2017-01-01,Current Drug Delivery,14,3,377-385,-,ISSN-15672018,130025.0,Journal,Bentham Science Publishers B.V.,English,0.66,52,2.8,41,0.443,37,1.34,46.0,29.0,1.46,7.52,19.0,20.0,1.0,0.0,"Ochoa-Flores, A.A., Hernández-Becerra, J.A., Cavazos-Garduño, A. and 4 more (...) (2017).Enhanced bioavailability of curcumin nanoemulsions stabilized with phosphatidylcholine modified with medium chain fatty acids. Current Drug Delivery,14(3) 377-385",https://www.scopus.com/record/display.url?eid=2-s2.0-85020308027&origin=resultslist,10.2174/1567201813666160919142811,Article,,2-s2.0-85020308027,27654576,Universidad Autónoma Metropolitana| Instituto Tecnológico de Veracruz| Universidad Juarez Autonoma de Tabasco| Universidad Veracruzana,505017| 714291| 705961| 505056,Academic,4.0,60026100| 60025378| 101139045| 60007909| 60028381,Instituto Tecnológico de Veracruz| Universidad Juárez Autónoma de Tabasco| Universidad Tecnológica de Tabasco| Universidad Veracruzana| Universidad Autónoma Metropolitana -Unidad Iztapalapa,55901999000,7202282374,7202282374,-,Mexico,1.0,3003,Pharmaceutical Science,5,Life Sciences & Medicine,537,Pharmacy & Pharmacology,34,Medical and Health,32,Biomedical And Clinical Sciences,3214,Pharmacology and pharmaceutical sciences,SDG 3,Innovative Drug Delivery Systems for Enhanced Absorption,147,89.47,Nanoemulsions in Drug Delivery and Food Applications,5906,98.824,Very Good,2017.0,29.0,N/A,"Ochoa-Flores, A.A.| Hernández-Becerra, J.A.| Cavazos-Garduño, A.| Soto-Rodríguez, I.| Sanchez-Otero, M.G.| Vernon-Carter, E.J.| García, H.S.",Universidad Autónoma Metropolitana| Instituto Tecnológico de Veracruz| Universidad Juarez Autonoma de Tabasco| Universidad Veracruzana,Mexico,0
7004260997,7004260997,Effect of lime concentration on gelatinized maize starch dispersions properties,"Lobato-Calleros, C.| Hernandez-Jaimes, C.| Chavez-Esquivel, G.| Meraz, M.| Sosa, E.| Lara, V.H.| Alvarez-Ramirez, J.| Vernon-Carter, E.J.",8.0,6603090042| 55327395000| 55773546500| 55989654300| 25631275400| 7004454749| 55399527300| 7004260997,2015.0,2015-04-01,Food Chemistry,172,-,353-360,-,ISSN-03088146,24039.0,Journal,Elsevier Ltd,English,2,6,7.3,4,1.582,6,3.04,146.0,29.0,1.31,9.17,21.0,22.0,0.0,0.0,"Lobato-Calleros, C., Hernandez-Jaimes, C., Chavez-Esquivel, G. and 5 more (...) (2015).Effect of lime concentration on gelatinized maize starch dispersions properties. Food Chemistry,172353-360",https://www.scopus.com/record/display.url?eid=2-s2.0-84907484536&origin=resultslist,10.1016/j.foodchem.2014.09.087,Article,,2-s2.0-84907484536,25442564,Universidad Autónoma Metropolitana| Universidad Autonoma Chapingo| Instituto Mexicano del Petroleo,505017| 505047| 505005,Academic| Government,3.0,60010597| 60028381| 60019271,Universidad Autónoma Chapingo| Universidad Autónoma Metropolitana -Unidad Iztapalapa| Instituto Mexicano Del Petroleo,6603090042,7004260997,55327395000,-,Mexico,1.0,1106| 1602,Food Science| Analytical Chemistry,5| 4,Life Sciences & Medicine| Natural Sciences,502| 409,Agriculture & Forestry| Chemistry,37| 32,Physical Sciences| Life Sciences,30,"Agricultural, Veterinary And Food Sciences",3006,Food sciences,-,Starch Properties and Applications in Food Science,737,83.584,Nutritional and Functional Aspects of Nixtamalized Maize,28077,74.576,Very Good,2015.0,29.0,N/A,"Lobato-Calleros, C.| Hernandez-Jaimes, C.| Chavez-Esquivel, G.| Meraz, M.| Sosa, E.| Lara, V.H.| Alvarez-Ramirez, J.| Vernon-Carter, E.J.",Universidad Autónoma Metropolitana| Universidad Autonoma Chapingo| Instituto Mexicano del Petroleo,Mexico,0
7004260997,7004260997,"Effects of β-carotene on the color, textural, rheological and structural properties of canola oil/beeswax oleogel","Barragán-Martínez, L.P.| Alvarez-Poblano, L.| Vernon-Carter, E.J.| Alvarez-Ramirez, J.",4.0,57209652735| 57211919724| 7004260997| 55399527300,2022.0,2022-10-01,Journal of Food Measurement and Characterization,16,5,3946-3956,-,ISSN-21934126,21100224010.0,Journal,Springer,English,0.9,36,5.3,25,0.544,32,2.33,66.0,29.0,1.69,14.77,10.0,16.0,0.0,0.0,"Barragán-Martínez, L.P., Alvarez-Poblano, L., Vernon-Carter, E.J. and 1 more (...) (2022).Effects of β-carotene on the color, textural, rheological and structural properties of canola oil/beeswax oleogel. Journal of Food Measurement and Characterization,16(5) 3946-3956",https://www.scopus.com/record/display.url?eid=2-s2.0-85133184105&origin=resultslist,10.1007/s11694-022-01449-4,Article,,2-s2.0-85133184105,-,Universidad Autónoma Metropolitana,505017,Academic,1.0,60028381,Universidad Autónoma Metropolitana -Unidad Iztapalapa,57209652735,55399527300,7004260997| 55399527300,-,Mexico,1.0,1106| 1500| 2209| 2213,"Food Science| General Chemical Engineering| Industrial and Manufacturing Engineering| Safety, Risk, Reliability and Quality",5| 2,Life Sciences & Medicine| Engineering & Technology,219| 222| 502| 249,Engineering - Chemical| Engineering - Mechanical| Agriculture & Forestry| Engineering - Petroleum,36| 32,Engineering| Life Sciences,32| 30,"Biomedical And Clinical Sciences| Agricultural, Veterinary And Food Sciences",3008| 3210| 3006,Horticultural production| Nutrition and dietetics| Food sciences,-,Protein Emulsification and Functional Food Applications,582,95.487,Innovative Oleogels from Sunflower Oil Applications,14243,99.194,Definitive,2022.0,29.0,N/A,"Barragán-Martínez, L.P.| Alvarez-Poblano, L.| Vernon-Carter, E.J.| Alvarez-Ramirez, J.",Universidad Autónoma Metropolitana,Mexico,0
7004260997,7004260997,"In vitro digestibility, crystallinity, rheological, thermal, particle size and morphological characteristics of pinole, a traditional energy food obtained from toasted ground maize","Carrera, Y.| Utrilla-Coello, R.| Bello-Pérez, A.| Alvarez-Ramirez, J.| Vernon-Carter, E.J.",5.0,55614663300| 23006802100| 7003824557| 55399527300| 7004260997,2015.0,2015-06-05,Carbohydrate Polymers,123,-,246-255,-,ISSN-01448617,25801.0,Journal,Elsevier Ltd,English,1.84,7,7.8,5,1.44,7,3.97,115.0,28.0,0.89,8.94,21.0,32.0,0.0,0.0,"Carrera, Y., Utrilla-Coello, R., Bello-Pérez, A. and 2 more (...) (2015).In vitro digestibility, crystallinity, rheological, thermal, particle size and morphological characteristics of pinole, a traditional energy food obtained from toasted ground maize. Carbohydrate Polymers,123246-255",https://www.scopus.com/record/display.url?eid=2-s2.0-84922796526&origin=resultslist,10.1016/j.carbpol.2015.01.044,Article,,2-s2.0-84922796526,-,Universidad Autónoma Metropolitana| Instituto Politécnico Nacional,505017| 505011,Academic,2.0,60028381| 60019176,Universidad Autónoma Metropolitana -Unidad Iztapalapa| Instituto Politécnico Nacional,55614663300,7004260997,55399527300,-,Mexico,1.0,1605| 2505| 2507,Organic Chemistry| Materials Chemistry| Polymers and Plastics,4| 2,Natural Sciences| Engineering & Technology,409| 433| 249,Chemistry| Materials Science| Engineering - Petroleum,37| 36,Physical Sciences| Engineering,40| 30| 31,"Engineering| Agricultural, Veterinary And Food Sciences| Biological Sciences",3006| 4004| 3101,Food sciences| Chemical engineering| Biochemistry and cell biology,-,Starch Properties and Applications in Food Science,737,83.584,Starch Properties and Applications in Food Science,99,99.766,Very Good,2015.0,28.0,N/A,"Carrera, Y.| Utrilla-Coello, R.| Bello-Pérez, A.| Alvarez-Ramirez, J.| Vernon-Carter, E.J.",Universidad Autónoma Metropolitana| Instituto Politécnico Nacional,Mexico,0
7004260997,7004260997,"Canola oil/candelilla wax oleogel improves texture, retards staling and reduces in vitro starch digestibility of maize tortillas","Vernon-Carter, E.J.| Alvarez-Ramirez, J.| Meraz, M.| Bello-Perez, L.A.| Garcia-Diaz, S.",5.0,7004260997| 55399527300| 55989654300| 7003824557| 57188695640,2020.0,2020-02-01,Journal of the Science of Food and Agriculture,100,3,1238-1245,-,ISSN-00225142,33928.0,Journal,John Wiley and Sons Ltd,English,1.21,22,5.5,12,0.782,19,3.36,96.0,28.0,1.07,12.14,17.0,26.0,0.0,0.0,"Vernon-Carter, E.J., Alvarez-Ramirez, J., Meraz, M. and 2 more (...) (2020).Canola oil/candelilla wax oleogel improves texture, retards staling and reduces in vitro starch digestibility of maize tortillas. Journal of the Science of Food and Agriculture,100(3) 1238-1245",https://www.scopus.com/record/display.url?eid=2-s2.0-85076112970&origin=resultslist,10.1002/jsfa.10135,Article,,2-s2.0-85076112970,31696519,Universidad Autónoma Metropolitana| Universidad Iberoamericana (UIA)| Instituto Politécnico Nacional,505017| 702731| 505011,Academic,3.0,60028381| 60019176| 60011923,Universidad Autónoma Metropolitana -Unidad Iztapalapa| Instituto Politécnico Nacional| Universidad Iberoamericana,7004260997,57188695640,55399527300,-,Mexico,1.0,1102| 1106| 1305| 2916,Agronomy and Crop Science| Food Science| Biotechnology| Nutrition and Dietetics,5,Life Sciences & Medicine,507| 534| 502,Biological Sciences| Nursing| Agriculture & Forestry,34| 32,Medical and Health| Life Sciences,40| 30,"Engineering| Agricultural, Veterinary And Food Sciences",-,-,-,Starch Properties and Applications in Food Science,737,83.584,Starch Properties and Applications in Food Science,99,99.766,Very Good,2020.0,28.0,N/A,"Vernon-Carter, E.J.| Alvarez-Ramirez, J.| Meraz, M.| Bello-Perez, L.A.| Garcia-Diaz, S.",Universidad Autónoma Metropolitana| Universidad Iberoamericana (UIA)| Instituto Politécnico Nacional,Mexico,0
7004260997,7004260997,Effect of gelatinized flour fraction on thermal and rheological properties of wheat-based dough and bread,"Carrillo-Navas, H.| Guadarrama-Lezama, A.Y.| Vernon-Carter, E.J.| García-Díaz, S.| Reyes, I.| Alvarez-Ramírez, J.",6.0,51565848600| 42861398100| 7004260997| 57188695640| 57191035399| 55399527300,2016.0,2016-11-01,Journal of Food Science and Technology,53,11,3996-4006,-,ISSN-00221155,20617.0,Journal,Springer India,English,0.95,31,2.4,34,0.585,33,1.21,66.0,27.0,0.48,8.42,21.0,47.0,0.0,0.0,"Carrillo-Navas, H., Guadarrama-Lezama, A.Y., Vernon-Carter, E.J. and 3 more (...) (2016).Effect of gelatinized flour fraction on thermal and rheological properties of wheat-based dough and bread. Journal of Food Science and Technology,53(11) 3996-4006",https://www.scopus.com/record/display.url?eid=2-s2.0-85001132626&origin=resultslist,10.1007/s13197-016-2399-1,Article,Bronze|Green,2-s2.0-85001132626,-,Universidad Autónoma Metropolitana| Universidad Autonoma del Estado de Mexico,505017| 505051,Academic,2.0,60002281| 60028381,Universidad Autónoma del Estado de México| Universidad Autónoma Metropolitana -Unidad Iztapalapa,51565848600,55399527300,55399527300,-,Mexico,1.0,1106,Food Science,5,Life Sciences & Medicine,502,Agriculture & Forestry,32,Life Sciences,30| 40,"Agricultural, Veterinary And Food Sciences| Engineering",3006| 4004,Food sciences| Chemical engineering,-,Enhancing Cereal Quality through Genetic Insights,952,76.521,Gluten-Free Bread and Batter Quality,4023,97.741,Very Good,2016.0,27.0,N/A,"Carrillo-Navas, H.| Guadarrama-Lezama, A.Y.| Vernon-Carter, E.J.| García-Díaz, S.| Reyes, I.| Alvarez-Ramírez, J.",Universidad Autónoma Metropolitana| Universidad Autonoma del Estado de Mexico,Mexico,0
7004260997,7004260997,Effect of the preparation method and storage time on the in vitro protein digestibility of maize tortillas,"Martínez-Velasco, A.| Alvarez-Ramirez, J.| Rodríguez-Huezo, E.| Meraz-Rodríguez, M.| Vernon-Carter, E.J.| Lobato-Calleros, C.",6.0,57200696660| 55399527300| 56757377200| 57186646900| 7004260997| 6603090042,2018.0,2018-11-01,Journal of Cereal Science,84,-,7-12,-,ISSN-07335210,34814.0,Journal,Academic Press,English,1.37,16,4,22,1.054,13,0.77,30.0,26.0,0.73,12.37,21.0,37.0,0.0,0.0,"Martínez-Velasco, A., Alvarez-Ramirez, J., Rodríguez-Huezo, E. and 3 more (...) (2018).Effect of the preparation method and storage time on the in vitro protein digestibility of maize tortillas. Journal of Cereal Science,847-12",https://www.scopus.com/record/display.url?eid=2-s2.0-85056004508&origin=resultslist,10.1016/j.jcs.2018.09.016,Article,,2-s2.0-85056004508,-,Universidad Autónoma Metropolitana| Universidad Autonoma Chapingo,505017| 505047,Academic,2.0,60028381| 111115118| 60010597,Universidad Autónoma Metropolitana -Unidad Iztapalapa| Tecnológico de Estudios Superiores de Ecatepec| Universidad Autónoma Chapingo,57200696660,6603090042,55399527300,-,Mexico,1.0,1106| 1303,Food Science| Biochemistry,5,Life Sciences & Medicine,507| 502,Biological Sciences| Agriculture & Forestry,32,Life Sciences,31| 30| 40,"Biological Sciences| Agricultural, Veterinary And Food Sciences| Engineering",-,-,-,Starch Properties and Applications in Food Science,737,83.584,Nutritional and Functional Aspects of Nixtamalized Maize,28077,74.576,Very Good,2018.0,26.0,N/A,"Martínez-Velasco, A.| Alvarez-Ramirez, J.| Rodríguez-Huezo, E.| Meraz-Rodríguez, M.| Vernon-Carter, E.J.| Lobato-Calleros, C.",Universidad Autónoma Metropolitana| Universidad Autonoma Chapingo,Mexico,0
7004260997,7004260997,Supplementing white maize masa with anthocyanins: Effects on masa rheology and on the in vitro digestibility and hardness of tortillas,"Vernon-Carter, E.J.| Alvarez-Ramirez, J.| Bello-Perez, L.A.| Gonzalez, M.| Reyes, I.| Alvarez-Poblano, L.",6.0,7004260997| 55399527300| 7003824557| 57211589226| 57191035399| 57211919724,2020.0,2020-01-01,Journal of Cereal Science,91,-,-,102883,ISSN-07335210,34814.0,Journal,Academic Press,English,1.44,15,5.1,19,0.91,19,1.88,64.0,25.0,0.74,13.5,20.0,36.0,0.0,0.0,"Vernon-Carter, E.J., Alvarez-Ramirez, J., Bello-Perez, L.A. and 3 more (...) (2020).Supplementing white maize masa with anthocyanins: Effects on masa rheology and on the in vitro digestibility and hardness of tortillas. Journal of Cereal Science,91",https://www.scopus.com/record/display.url?eid=2-s2.0-85075349397&origin=resultslist,10.1016/j.jcs.2019.102883,Article,,2-s2.0-85075349397,-,"Tecnológico Nacional de México, Mexico City| Universidad Autónoma Metropolitana| Instituto Politécnico Nacional",719128| 505017| 505011,Academic,3.0,60014923| 60019176| 60134870| 60028381,Universidad Autónoma Metropolitana| Instituto Politécnico Nacional| Tecnológico Nacional de México| Universidad Autónoma Metropolitana -Unidad Iztapalapa,7004260997,57211919724,55399527300,-,Mexico,1.0,1106| 1303,Food Science| Biochemistry,5,Life Sciences & Medicine,507| 502,Biological Sciences| Agriculture & Forestry,32,Life Sciences,40| 30| 31,"Engineering| Agricultural, Veterinary And Food Sciences| Biological Sciences",-,-,-,Starch Properties and Applications in Food Science,737,83.584,Nutritional and Functional Aspects of Nixtamalized Maize,28077,74.576,Defensible,2020.0,25.0,N/A,"Vernon-Carter, E.J.| Alvarez-Ramirez, J.| Bello-Perez, L.A.| Gonzalez, M.| Reyes, I.| Alvarez-Poblano, L.","Tecnológico Nacional de México, Mexico City| Universidad Autónoma Metropolitana| Instituto Politécnico Nacional",Mexico,0
7004260997,7004260997,Preparation and characterization of curcumin nanoemulsions obtained by thin-film hydration emulsification and ultrasonication methods,"Ochoa, A.A.| Hernández-Becerra, J.A.| Cavazos-Garduño, A.| Vernon-Carter, E.J.| GarcÍa, H.S.",5.0,55901999000| 7801477484| 55499865400| 7004260997| 7202282374,2016.0,2016-01-01,Revista Mexicana de Ingeniera Quimica,15,1,79-90,-,ISSN-16652738,19900192431.0,Journal,Universidad Autonoma Metropolitana Iztapalapa,English,0.64,52,1.3,54,0.296,49,1.81,76.0,25.0,1.08,9.26,23.0,27.0,2.0,0.0,"Ochoa, A.A., Hernández-Becerra, J.A., Cavazos-Garduño, A. and 2 more (...) (2016).Preparation and characterization of curcumin nanoemulsions obtained by thin-film hydration emulsification and ultrasonication methods. Revista Mexicana de Ingeniera Quimica,15(1) 79-90",https://www.scopus.com/record/display.url?eid=2-s2.0-84961262294&origin=resultslist,-,Article,,2-s2.0-84961262294,-,Universidad Autónoma Metropolitana| Instituto Tecnológico de Veracruz| Universidad Juarez Autonoma de Tabasco,505017| 714291| 705961,Academic,3.0,60025378| 101139045| 60026100| 60028381,Universidad Juárez Autónoma de Tabasco| Universidad Tecnológica de Tabasco| Instituto Tecnológico de Veracruz| Universidad Autónoma Metropolitana -Unidad Iztapalapa,55901999000,7202282374,7202282374,-,Mexico,1.0,1500,General Chemical Engineering,2,Engineering & Technology,219,Engineering - Chemical,36,Engineering,31| 40| 30,"Biological Sciences| Engineering| Agricultural, Veterinary And Food Sciences",3106| 4004| 3006,Industrial biotechnology| Chemical engineering| Food sciences,SDG 3,Innovative Drug Delivery Systems for Enhanced Absorption,147,89.47,Nanoemulsions in Drug Delivery and Food Applications,5906,98.824,Definitive,2016.0,25.0,N/A,"Ochoa, A.A.| Hernández-Becerra, J.A.| Cavazos-Garduño, A.| Vernon-Carter, E.J.| GarcÍa, H.S.",Universidad Autónoma Metropolitana| Instituto Tecnológico de Veracruz| Universidad Juarez Autonoma de Tabasco,Mexico,0
7004260997,7004260997,Effects of solid-state fermentation (Aspergillus oryzae var. oryzae) on the physicochemical properties of corn starch,"Reyes, I.| Cruz-Sosa, F.| Hernandez-Jaimes, C.| Vernon-Carter, E.J.| Alvarez-Ramirez, J.",5.0,57191035399| 56013839300| 55327395000| 7004260997| 55399527300,2017.0,2017-07-01,Starch/Staerke,69,7-8,-,1600369,ISSN-00389056,26489.0,Journal,Wiley-VCH Verlag,English,0.96,32,3,31,0.725,26,1.0,45.0,23.0,0.61,9.91,24.0,42.0,0.0,0.0,"Reyes, I., Cruz-Sosa, F., Hernandez-Jaimes, C. and 2 more (...) (2017).Effects of solid-state fermentation (Aspergillus oryzae var. oryzae) on the physicochemical properties of corn starch. Starch/Staerke,69(7-8) ",https://www.scopus.com/record/display.url?eid=2-s2.0-85013879179&origin=resultslist,10.1002/star.201600369,Article,,2-s2.0-85013879179,-,Universidad Autónoma Metropolitana| Universidad Autonoma del Estado de Mexico,505017| 505051,Academic,2.0,60028381| 60002281,Universidad Autónoma Metropolitana -Unidad Iztapalapa| Universidad Autónoma del Estado de México,57191035399,55399527300,55327395000,-,Mexico,1.0,1106| 1605,Food Science| Organic Chemistry,2| 4| 5,Engineering & Technology| Natural Sciences| Life Sciences & Medicine,409| 249| 502,Chemistry| Engineering - Petroleum| Agriculture & Forestry,37| 32,Physical Sciences| Life Sciences,30| 40,"Agricultural, Veterinary And Food Sciences| Engineering",3006| 4004,Food sciences| Chemical engineering,-,Genetic Insights into Rice and Wheat Traits,288,72.4,Solid State Fermentation in Biochemical Production,15670,86.373,Very Good,2017.0,23.0,N/A,"Reyes, I.| Cruz-Sosa, F.| Hernandez-Jaimes, C.| Vernon-Carter, E.J.| Alvarez-Ramirez, J.",Universidad Autónoma Metropolitana| Universidad Autonoma del Estado de Mexico,Mexico,0
7004260997,7004260997,Electrochemical characterization of gelatinized starch dispersions: Voltammetry and electrochemical impedance spectroscopy on platinum surface,"Hernandez-Jaimes, C.| Lobato-Calleros, C.| Sosa, E.| Bello-Pérez, L.A.| Vernon-Carter, E.J.| Alvarez-Ramirez, J.",6.0,55327395000| 6603090042| 25631275400| 7003824557| 7004260997| 55399527300,2015.0,2015-06-25,Carbohydrate Polymers,124,-,8-16,-,ISSN-01448617,25801.0,Journal,Elsevier Ltd,English,1.84,7,7.8,5,1.44,7,4.01,109.0,22.0,0.45,8.94,26.0,48.0,0.0,0.0,"Hernandez-Jaimes, C., Lobato-Calleros, C., Sosa, E. and 3 more (...) (2015).Electrochemical characterization of gelatinized starch dispersions: Voltammetry and electrochemical impedance spectroscopy on platinum surface. Carbohydrate Polymers,1248-16",https://www.scopus.com/record/display.url?eid=2-s2.0-84923684073&origin=resultslist,10.1016/j.carbpol.2015.02.002,Article,,2-s2.0-84923684073,25839788,Universidad Autónoma Metropolitana| Instituto Politécnico Nacional| Universidad Autonoma Chapingo| Instituto Mexicano del Petroleo,505017| 505011| 505047| 505005,Academic| Government,4.0,60010597| 60019271| 60019176| 60028381,Universidad Autónoma Chapingo| Instituto Mexicano Del Petroleo| Instituto Politécnico Nacional| Universidad Autónoma Metropolitana -Unidad Iztapalapa,55327395000,55399527300,55399527300,-,Mexico,1.0,1605| 2505| 2507,Organic Chemistry| Materials Chemistry| Polymers and Plastics,2| 4,Engineering & Technology| Natural Sciences,409| 249| 433,Chemistry| Engineering - Petroleum| Materials Science,37| 36,Physical Sciences| Engineering,40| 30| 31,"Engineering| Agricultural, Veterinary And Food Sciences| Biological Sciences",4004| 3006| 3101,Chemical engineering| Food sciences| Biochemistry and cell biology,-,Starch Properties and Applications in Food Science,737,83.584,Esterification and Modification of Starch Properties,9921,96.74,Weak,2015.0,22.0,N/A,"Hernandez-Jaimes, C.| Lobato-Calleros, C.| Sosa, E.| Bello-Pérez, L.A.| Vernon-Carter, E.J.| Alvarez-Ramirez, J.",Universidad Autónoma Metropolitana| Instituto Politécnico Nacional| Universidad Autonoma Chapingo| Instituto Mexicano del Petroleo,Mexico,0
7004260997,7004260997,Effect of layer (calcium phosphate-chitosan)-by-layer (mesquite gum) matrix on carotenoids-in-water-emulsion properties,"García-Márquez, E.| Román-Guerrero, A.| Cruz-Sosa, F.| Lobato-Calleros, C.| Álvarez-Ramírez, J.| Vernon-Carter, E.J.| Espinosa-Andrews, H.",7.0,55428281700| 56013603800| 56013839300| 6603090042| 55399527300| 7004260997| 56002681100,2015.0,2015-01-01,Food Hydrocolloids,43,-,451-458,-,ISSN-0268005X,22597.0,Journal,Elsevier B.V.,English,2.01,6,7,5,1.802,4,3.57,141.0,22.0,1.06,9.44,26.0,27.0,2.0,0.0,"García-Márquez, E., Román-Guerrero, A., Cruz-Sosa, F. and 4 more (...) (2015).Effect of layer (calcium phosphate-chitosan)-by-layer (mesquite gum) matrix on carotenoids-in-water-emulsion properties. Food Hydrocolloids,43451-458",https://www.scopus.com/record/display.url?eid=2-s2.0-84908407153&origin=resultslist,10.1016/j.foodhyd.2014.07.005,Article,,2-s2.0-84908407153,-,Universidad Autónoma Metropolitana| Universidad Autonoma Chapingo,505017| 505047,Academic,2.0,60095192| 60028381| 60010597,Instituto Dermatologico de Jalisco Dr. Jose Barba Rubio| Universidad Autónoma Metropolitana -Unidad Iztapalapa| Universidad Autónoma Chapingo,55428281700,56002681100,56002681100,-,Mexico,1.0,1106| 1500| 1600,Food Science| General Chemical Engineering| General Chemistry,2| 4| 5,Engineering & Technology| Natural Sciences| Life Sciences & Medicine,502| 409| 219,Agriculture & Forestry| Chemistry| Engineering - Chemical,37| 36| 32,Physical Sciences| Engineering| Life Sciences,40| 30,"Engineering| Agricultural, Veterinary And Food Sciences",3006| 4004,Food sciences| Chemical engineering,-,Protein Emulsification and Functional Food Applications,582,95.487,Stability and Properties of Emulsified Systems,7336,97.555,Very Good,2015.0,22.0,N/A,"García-Márquez, E.| Román-Guerrero, A.| Cruz-Sosa, F.| Lobato-Calleros, C.| Álvarez-Ramírez, J.| Vernon-Carter, E.J.| Espinosa-Andrews, H.",Universidad Autónoma Metropolitana| Universidad Autonoma Chapingo,Mexico,0
7004260997,7004260997,Mesquite gum/chitosan insoluble complexes: relationship between the water state and viscoelastic properties,"Rodríguez-Rodríguez, R.| Espinosa-Andrews, H.| Morales-Hernández, N.| Lobato-Calleros, C.| Vernon-Carter, E.J.",5.0,57199220307| 56002681100| 16239177900| 6603090042| 7004260997,2019.0,2019-09-02,Journal of Dispersion Science and Technology,40,9,1345-1352,-,ISSN-01932691,26952.0,Journal,Taylor and Francis Inc.,English,0.65,54,3,38,0.357,45,2.41,86.0,22.0,0.67,12.0,23.0,40.0,0.0,0.0,"Rodríguez-Rodríguez, R., Espinosa-Andrews, H., Morales-Hernández, N. and 2 more (...) (2019).Mesquite gum/chitosan insoluble complexes: relationship between the water state and viscoelastic properties. Journal of Dispersion Science and Technology,40(9) 1345-1352",https://www.scopus.com/record/display.url?eid=2-s2.0-85054486854&origin=resultslist,10.1080/01932691.2018.1513848,Article,,2-s2.0-85054486854,-,CIATEJ Guadalajara| Consejo Nacional de Ciencia y Tecnologia Mexico| Universidad Autónoma Metropolitana| Universidad Autonoma Chapingo,703030| 704696| 505017| 505047,Academic| Government,4.0,60069653| 60010597| 60028381,Centro de Investigación y Asistencia en Tecnologia y Diseño del Estado de Jalisco| Universidad Autónoma Chapingo| Universidad Autónoma Metropolitana -Unidad Iztapalapa,57199220307,7004260997,56002681100,-,Mexico,1.0,1606| 2507| 2508,"Physical and Theoretical Chemistry| Polymers and Plastics| Surfaces, Coatings and Films",4| 2,Natural Sciences| Engineering & Technology,433| 409| 249,Materials Science| Chemistry| Engineering - Petroleum,36| 37,Engineering| Physical Sciences,34,Chemical Sciences,3406,Physical chemistry,-,Protein Emulsification and Functional Food Applications,582,95.487,Coacervation Mechanisms in Protein-Polysaccharide Interactions,9750,97.754,Very Good,2019.0,22.0,N/A,"Rodríguez-Rodríguez, R.| Espinosa-Andrews, H.| Morales-Hernández, N.| Lobato-Calleros, C.| Vernon-Carter, E.J.",CIATEJ Guadalajara| Consejo Nacional de Ciencia y Tecnologia Mexico| Universidad Autónoma Metropolitana| Universidad Autonoma Chapingo,Mexico,0
7004260997,7004260997,Effect of the stirring speed in the in vitro activity of α-amylase,"Roldan-Cruz, C.| Garcia-Hernandez, A.| Alvarez-Ramirez, J.| Vernon-Carter, E.J.",4.0,57118083700| 57192004816| 55399527300| 7004260997,2021.0,2021-01-01,Food Hydrocolloids,110,-,-,106127,ISSN-0268005X,22597.0,Journal,Elsevier B.V.,English,2.07,6,15.3,2,2.132,2,0.77,50.0,21.0,0.87,14.93,19.0,33.0,0.0,0.0,"Roldan-Cruz, C., Garcia-Hernandez, A., Alvarez-Ramirez, J. and 1 more (...) (2021).Effect of the stirring speed in the in vitro activity of α-amylase. Food Hydrocolloids,110",https://www.scopus.com/record/display.url?eid=2-s2.0-85087997330&origin=resultslist,10.1016/j.foodhyd.2020.106127,Article,,2-s2.0-85087997330,-,Universidad Autónoma Metropolitana| Universidad Veracruzana,505017| 505056,Academic,2.0,60007909| 60028381,Universidad Veracruzana| Universidad Autónoma Metropolitana -Unidad Iztapalapa,57118083700,7004260997,57118083700,-,Mexico,1.0,1106| 1500| 1600,Food Science| General Chemical Engineering| General Chemistry,2| 4| 5,Engineering & Technology| Natural Sciences| Life Sciences & Medicine,219| 409| 502,Engineering - Chemical| Chemistry| Agriculture & Forestry,37| 32| 36,Physical Sciences| Life Sciences| Engineering,40| 30,"Engineering| Agricultural, Veterinary And Food Sciences",4004| 3006,Chemical engineering| Food sciences,-,Starch Properties and Applications in Food Science,737,83.584,Starch Properties and Applications in Food Science,99,99.766,Very Good,2021.0,21.0,N/A,"Roldan-Cruz, C.| Garcia-Hernandez, A.| Alvarez-Ramirez, J.| Vernon-Carter, E.J.",Universidad Autónoma Metropolitana| Universidad Veracruzana,Mexico,0
7004260997,7004260997,Calcium alginate beads loaded with Mg(OH)2 improve L. casei viability under simulated gastric condition,"Arenales-Sierra, I.M.| Lobato-Calleros, C.| Vernon-Carter, E.J.| Hernández-Rodríguez, L.| Alvarez-Ramirez, J.",5.0,57209230594| 6603090042| 7004260997| 55899376700| 55399527300,2019.0,2019-09-01,LWT,112,-,-,108220,ISSN-00236438,20744.0,Journal,Academic Press,English,1.66,10,6.4,10,1.313,9,1.11,48.0,20.0,0.59,11.84,25.0,43.0,0.0,0.0,"Arenales-Sierra, I.M., Lobato-Calleros, C., Vernon-Carter, E.J. and 2 more (...) (2019).Calcium alginate beads loaded with Mg(OH)2 improve L. casei viability under simulated gastric condition. LWT,112",https://www.scopus.com/record/display.url?eid=2-s2.0-85066938741&origin=resultslist,10.1016/j.lwt.2019.05.118,Article,,2-s2.0-85066938741,-,Universidad Autónoma Metropolitana| Universidad Autonoma Chapingo,505017| 505047,Academic,2.0,60010597| 60028381,Universidad Autónoma Chapingo| Universidad Autónoma Metropolitana -Unidad Iztapalapa,57209230594,55399527300,6603090042,-,Mexico,1.0,1106,Food Science,5,Life Sciences & Medicine,502,Agriculture & Forestry,32,Life Sciences,30| 40| 32,"Agricultural, Veterinary And Food Sciences| Engineering| Biomedical And Clinical Sciences",4004| 3210| 3006,Chemical engineering| Nutrition and dietetics| Food sciences,-,Probiotics and Their Impact on Health,525,88.031,Probiotic Viability in Functional Food Development,1849,99.364,Very Good,2019.0,20.0,N/A,"Arenales-Sierra, I.M.| Lobato-Calleros, C.| Vernon-Carter, E.J.| Hernández-Rodríguez, L.| Alvarez-Ramirez, J.",Universidad Autónoma Metropolitana| Universidad Autonoma Chapingo,Mexico,0
7004260997,7004260997,Air Oxidation of Corn Starch: Effect of Heating Temperature on Physicochemical Properties and In Vitro Digestibility,"Reyes, I.| Hernandez-Jaimes, C.| Vernon-Carter, E.J.| Bello-Perez, L.A.| Alvarez-Ramirez, J.",5.0,57191035399| 55327395000| 7004260997| 7003824557| 55399527300,2021.0,2021-03-01,Starch/Staerke,73,3-4,-,2000237,ISSN-00389056,26489.0,Journal,Wiley-VCH Verlag,English,0.79,44,4.4,30,0.557,34,1.4,36.0,20.0,1.19,12.56,20.0,24.0,0.0,0.0,"Reyes, I., Hernandez-Jaimes, C., Vernon-Carter, E.J. and 2 more (...) (2021).Air Oxidation of Corn Starch: Effect of Heating Temperature on Physicochemical Properties and In Vitro Digestibility. Starch/Staerke,73(3-4) ",https://www.scopus.com/record/display.url?eid=2-s2.0-85100018603&origin=resultslist,10.1002/star.202000237,Article,,2-s2.0-85100018603,-,"Tecnológico Nacional de México, Mexico City| Universidad Autónoma Metropolitana| Universidad Autonoma del Estado de Mexico| Instituto Politécnico Nacional",719128| 505017| 505051| 505011,Academic,4.0,60134870| 60002281| 60028381| 60019176,Tecnológico Nacional de México| Universidad Autónoma del Estado de México| Universidad Autónoma Metropolitana -Unidad Iztapalapa| Instituto Politécnico Nacional,57191035399,55399527300,55327395000,-,Mexico,1.0,1106| 1605,Food Science| Organic Chemistry,4| 2| 5,Natural Sciences| Engineering & Technology| Life Sciences & Medicine,502| 409| 249,Agriculture & Forestry| Chemistry| Engineering - Petroleum,32| 37,Life Sciences| Physical Sciences,30| 40,"Agricultural, Veterinary And Food Sciences| Engineering",4004| 3006,Chemical engineering| Food sciences,-,Starch Properties and Applications in Food Science,737,83.584,Esterification and Modification of Starch Properties,9921,96.74,Very Good,2021.0,20.0,N/A,"Reyes, I.| Hernandez-Jaimes, C.| Vernon-Carter, E.J.| Bello-Perez, L.A.| Alvarez-Ramirez, J.","Tecnológico Nacional de México, Mexico City| Universidad Autónoma Metropolitana| Universidad Autonoma del Estado de Mexico| Instituto Politécnico Nacional",Mexico,0
7004260997,7004260997,"Effect of the Drying Temperature on Color, Antioxidant Activity and In Vitro Digestibility of Green Pea (Pisum sativum L.) Flour","Gonzalez, M.| Alvarez-Ramirez, J.| Vernon-Carter, E.J.| Reyes, I.| Alvarez-Poblano, L.",5.0,57211589226| 55399527300| 7004260997| 57191035399| 57211919724,2020.0,2020-09-01,Starch/Staerke,72,9-10,-,1900228,ISSN-00389056,26489.0,Journal,Wiley-VCH Verlag,English,0.88,39,3.9,29,0.62,33,1.24,34.0,19.0,0.73,12.33,25.0,36.0,0.0,0.0,"Gonzalez, M., Alvarez-Ramirez, J., Vernon-Carter, E.J. and 2 more (...) (2020).Effect of the Drying Temperature on Color, Antioxidant Activity and In Vitro Digestibility of Green Pea (Pisum sativum L.) Flour. Starch/Staerke,72(9-10) ",https://www.scopus.com/record/display.url?eid=2-s2.0-85081403004&origin=resultslist,10.1002/star.201900228,Article,,2-s2.0-85081403004,-,"Tecnológico Nacional de México, Mexico City| Universidad Autónoma Metropolitana",719128| 505017,Academic,2.0,60028381| 60134870,Universidad Autónoma Metropolitana -Unidad Iztapalapa| Tecnológico Nacional de México,57211589226,57211919724,55399527300,-,Mexico,1.0,1106| 1605,Food Science| Organic Chemistry,5| 2| 4,Life Sciences & Medicine| Engineering & Technology| Natural Sciences,249| 409| 502,Engineering - Petroleum| Chemistry| Agriculture & Forestry,32| 37,Life Sciences| Physical Sciences,30| 40,"Agricultural, Veterinary And Food Sciences| Engineering",4004| 3006,Chemical engineering| Food sciences,-,Starch Properties and Applications in Food Science,737,83.584,Starch Properties and Applications in Food Science,99,99.766,Very Good,2020.0,19.0,N/A,"Gonzalez, M.| Alvarez-Ramirez, J.| Vernon-Carter, E.J.| Reyes, I.| Alvarez-Poblano, L.","Tecnológico Nacional de México, Mexico City| Universidad Autónoma Metropolitana",Mexico,0
7004260997,7004260997,"Morphological, rheological and in vitro digestibility characteristics of gelatinized starch dispersion under repeated freeze-thaw cycles","Vernon-Carter, E.J.| Bello-Pérez, L.A.| Lobato-Calleros, C.| Hernández-Jaimes, C.| Meraz, M.| Alvarez-Ramirez, J.",6.0,7004260997| 7003824557| 6603090042| 55327395000| 55989654300| 55399527300,2016.0,2016-01-01,Starch/Staerke,68,1-2,84-91,-,ISSN-00389056,26489.0,Journal,Wiley-VCH Verlag,English,1,28,2.7,31,0.604,32,2.25,73.0,19.0,0.75,9.27,28.0,36.0,0.0,0.0,"Vernon-Carter, E.J., Bello-Pérez, L.A., Lobato-Calleros, C. and 3 more (...) (2016).Morphological, rheological and in vitro digestibility characteristics of gelatinized starch dispersion under repeated freeze-thaw cycles. Starch/Staerke,68(1-2) 84-91",https://www.scopus.com/record/display.url?eid=2-s2.0-84955674646&origin=resultslist,10.1002/star.201500178,Article,,2-s2.0-84955674646,-,Universidad Autónoma Metropolitana| Universidad Autonoma Chapingo| Instituto Politécnico Nacional,505017| 505047| 505011,Academic,3.0,60028381| 60019176| 60010597,Universidad Autónoma Metropolitana -Unidad Iztapalapa| Instituto Politécnico Nacional| Universidad Autónoma Chapingo,7004260997,55399527300,55399527300,-,Mexico,1.0,1106| 1605,Food Science| Organic Chemistry,2| 5| 4,Engineering & Technology| Life Sciences & Medicine| Natural Sciences,409| 249| 502,Chemistry| Engineering - Petroleum| Agriculture & Forestry,32| 37,Life Sciences| Physical Sciences,40| 30,"Engineering| Agricultural, Veterinary And Food Sciences",3006| 4004,Food sciences| Chemical engineering,-,Starch Properties and Applications in Food Science,737,83.584,Starch Properties and Applications in Food Science,99,99.766,Definitive,2016.0,19.0,N/A,"Vernon-Carter, E.J.| Bello-Pérez, L.A.| Lobato-Calleros, C.| Hernández-Jaimes, C.| Meraz, M.| Alvarez-Ramirez, J.",Universidad Autónoma Metropolitana| Universidad Autonoma Chapingo| Instituto Politécnico Nacional,Mexico,0
7004260997,7004260997,"The effect of the addition of soluble fibers (polydextrose, corn, pea) on the color, texture, structural features and protein digestibility of semolina pasta","Rodriguez-Huezo, M.E.| Valeriano-Garcia, N.| Totosaus-Sanchez, A.| Vernon-Carter, E.J.| Alvarez-Ramirez, J.",5.0,6504471198| 57844031200| 57844547000| 7004260997| 55399527300,2022.0,2022-12-01,Applied Food Research,2,2,-,100187,ISSN-27725022,21101092012.0,Journal,Elsevier B.V.,English,0.4,71,1.2,75,0.34,55,1.92,51.0,19.0,1.02,13.67,17.0,29.0,0.0,0.0,"Rodriguez-Huezo, M.E., Valeriano-Garcia, N., Totosaus-Sanchez, A. and 2 more (...) (2022).The effect of the addition of soluble fibers (polydextrose, corn, pea) on the color, texture, structural features and protein digestibility of semolina pasta. Applied Food Research,2(2) ",https://www.scopus.com/record/display.url?eid=2-s2.0-85135885798&origin=resultslist,10.1016/j.afres.2022.100187,Article,Gold|Green,2-s2.0-85135885798,-,Universidad Autónoma Metropolitana,505017,Academic,1.0,100441005| 60028381,Tecnológico de Estudios Superiores de Ecatepec| Universidad Autónoma Metropolitana -Unidad Iztapalapa,6504471198,55399527300,6504471198,-,Mexico,1.0,1106,Food Science,5,Life Sciences & Medicine,502,Agriculture & Forestry,32,Life Sciences,-,-,-,-,-,Starch Properties and Applications in Food Science,737,83.584,Enhancing Pasta Quality through Nutritional Innovations,11437,94.228,Definitive,2022.0,19.0,N/A,"Rodriguez-Huezo, M.E.| Valeriano-Garcia, N.| Totosaus-Sanchez, A.| Vernon-Carter, E.J.| Alvarez-Ramirez, J.",Universidad Autónoma Metropolitana,Mexico,0
7004260997,7004260997,"The order of addition of corn starch/lithium perchlorate/glycerol affects the optical, mechanical, and electrical properties of a solid polymer electrolyte","Vernon-Carter, E.J.| Alvarez-Ramirez, J.| Bello-Perez, L.A.| Roldan-Cruz, C.| Garcia-Hernandez, A.| Huerta, L.",6.0,7004260997| 55399527300| 7003824557| 57118083700| 57192004816| 6603814057,2017.0,2017-11-01,Ionics,23,11,3111-3123,-,ISSN-09477047,145625.0,Journal,Institute for Ionics,English,0.68,50,3.3,17,0.557,22,2.26,58.0,18.0,0.52,9.61,29.0,46.0,0.0,0.0,"Vernon-Carter, E.J., Alvarez-Ramirez, J., Bello-Perez, L.A. and 3 more (...) (2017).The order of addition of corn starch/lithium perchlorate/glycerol affects the optical, mechanical, and electrical properties of a solid polymer electrolyte. Ionics,23(11) 3111-3123",https://www.scopus.com/record/display.url?eid=2-s2.0-85018367201&origin=resultslist,10.1007/s11581-017-2119-5,Article,,2-s2.0-85018367201,-,Universidad Autónoma Metropolitana| Instituto Politécnico Nacional| Universidad Nacional Autónoma de México,505017| 505011| 505023,Academic,3.0,60028381| 60019176| 60032442,Universidad Autónoma Metropolitana -Unidad Iztapalapa| Instituto Politécnico Nacional| Universidad Nacional Autónoma de México,7004260997,6603814057,55399527300,-,Mexico,1.0,1500| 2200| 2500| 3100,General Chemical Engineering| General Engineering| General Materials Science| General Physics and Astronomy,2| 4,Engineering & Technology| Natural Sciences,433| 439| 219,Materials Science| Physics & Astronomy| Engineering - Chemical,36| 37,Engineering| Physical Sciences,34,Chemical Sciences,3406,Physical chemistry,SDG 7,Fuel Cells and Polymer Electrolytes,79,97.646,Biopolymer Electrolytes for Enhanced Energy Storage,14545,96.14,Very Good,2017.0,18.0,N/A,"Vernon-Carter, E.J.| Alvarez-Ramirez, J.| Bello-Perez, L.A.| Roldan-Cruz, C.| Garcia-Hernandez, A.| Huerta, L.",Universidad Autónoma Metropolitana| Instituto Politécnico Nacional| Universidad Nacional Autónoma de México,Mexico,0
7004260997,7004260997,Cox-Merz rules from phenomenological Kelvin-Voigt and Maxwell models,"Vernon-Carter, E.J.| Avila-De La Rosa, G.| Carrillo-Navas, H.| Carrera, Y.| Alvarez-Ramirez, J.",5.0,7004260997| 34879367900| 51565848600| 55614663300| 55399527300,2016.0,2016-01-01,Journal of Food Engineering,169,-,18-26,8282,ISSN-02608774,20586.0,Journal,Elsevier Ltd,English,1.82,7,6.6,6,1.476,8,0.71,60.0,18.0,0.48,8.42,29.0,47.0,0.0,0.0,"Vernon-Carter, E.J., Avila-De La Rosa, G., Carrillo-Navas, H. and 2 more (...) (2016).Cox-Merz rules from phenomenological Kelvin-Voigt and Maxwell models. Journal of Food Engineering,16918-26",https://www.scopus.com/record/display.url?eid=2-s2.0-84940536345&origin=resultslist,10.1016/j.jfoodeng.2015.08.005,Article,,2-s2.0-84940536345,-,Universidad Autónoma Metropolitana,505017,Academic,1.0,60028381,Universidad Autónoma Metropolitana -Unidad Iztapalapa,7004260997,55399527300,55399527300,-,Mexico,1.0,1106,Food Science,5,Life Sciences & Medicine,502,Agriculture & Forestry,32,Life Sciences,30| 40,"Agricultural, Veterinary And Food Sciences| Engineering",4004| 3006,Chemical engineering| Food sciences,-,Polysaccharides and Their Multifaceted Biological Activities,548,88.555,Functional Properties of Galactomannan Polysaccharides,10620,94.973,Defensible,2016.0,18.0,N/A,"Vernon-Carter, E.J.| Avila-De La Rosa, G.| Carrillo-Navas, H.| Carrera, Y.| Alvarez-Ramirez, J.",Universidad Autónoma Metropolitana,Mexico,0
7004260997,7004260997,Wet processing coffee waste as an alternative to produce extracts with antifungal activity: In vitro and in vivo valorization,"Alvarado-Ambriz, S.| Lobato-Calleros, C.| Hernández-Rodríguez, L.| Vernon-Carter, E.J.",4.0,57218556307| 6603090042| 55899376700| 7004260997,2020.0,2020-01-01,Revista Mexicana de Ingeniera Quimica,19,-,135-149,-,ISSN-16652738,19900192431.0,Journal,Universidad Autonoma Metropolitana Iztapalapa,English,0.84,41,2.2,53,0.288,57,1.56,67.0,16.0,0.55,14.64,29.0,44.0,0.0,0.0,"Alvarado-Ambriz, S., Lobato-Calleros, C., Hernández-Rodríguez, L. and 1 more (...) (2020).Wet processing coffee waste as an alternative to produce extracts with antifungal activity: In vitro and in vivo valorization. Revista Mexicana de Ingeniera Quimica,19135-149",https://www.scopus.com/record/display.url?eid=2-s2.0-85089502367&origin=resultslist,10.24275/rmiq/Bio1612,Article,Hybrid gold,2-s2.0-85089502367,-,Universidad Autónoma Metropolitana| Universidad Autonoma Chapingo,505017| 505047,Academic,2.0,60028381| 60010597,Universidad Autónoma Metropolitana -Unidad Iztapalapa| Universidad Autónoma Chapingo,57218556307,7004260997,6603090042,-,Mexico,1.0,1500,General Chemical Engineering,2,Engineering & Technology,219,Engineering - Chemical,36,Engineering,40| 30| 31,"Engineering| Agricultural, Veterinary And Food Sciences| Biological Sciences",3006| 4004| 3106,Food sciences| Chemical engineering| Industrial biotechnology,-,Supercritical Fluid Applications in Extraction Processes,993,54.022,Valorization of Coffee Byproducts for Sustainable Solutions,17256,98.327,Very Good,2020.0,16.0,N/A,"Alvarado-Ambriz, S.| Lobato-Calleros, C.| Hernández-Rodríguez, L.| Vernon-Carter, E.J.",Universidad Autónoma Metropolitana| Universidad Autonoma Chapingo,Mexico,0
7004260997,7004260997,"Exogenous addition of muicle (Justicia spicigera Schechtendal) extract to white maize tortillas affects the antioxidant activity, texture, color, and in vitro starch digestibility","Alvarez-Poblano, L.| Roman-Guerrero, A.| Vernon-Carter, E.J.| Alvarez-Ramirez, J.",4.0,57211919724| 56013603800| 7004260997| 55399527300,2020.0,2020-11-01,LWT,133,-,-,110120,ISSN-00236438,20744.0,Journal,Academic Press,English,1.58,12,6.7,12,1.258,10,2.2,75.0,16.0,0.56,12.49,29.0,44.0,0.0,0.0,"Alvarez-Poblano, L., Roman-Guerrero, A., Vernon-Carter, E.J. and 1 more (...) (2020).Exogenous addition of muicle (Justicia spicigera Schechtendal) extract to white maize tortillas affects the antioxidant activity, texture, color, and in vitro starch digestibility. LWT,133",https://www.scopus.com/record/display.url?eid=2-s2.0-85090043955&origin=resultslist,10.1016/j.lwt.2020.110120,Article,,2-s2.0-85090043955,-,Universidad Autónoma Metropolitana,505017,Academic,1.0,60028381,Universidad Autónoma Metropolitana -Unidad Iztapalapa,57211919724,55399527300,55399527300,-,Mexico,1.0,1106,Food Science,5,Life Sciences & Medicine,502,Agriculture & Forestry,32,Life Sciences,32| 30| 40,"Biomedical And Clinical Sciences| Agricultural, Veterinary And Food Sciences| Engineering",4004| 3210| 3006,Chemical engineering| Nutrition and dietetics| Food sciences,-,Starch Properties and Applications in Food Science,737,83.584,Nutritional and Functional Aspects of Nixtamalized Maize,28077,74.576,Defensible,2020.0,16.0,N/A,"Alvarez-Poblano, L.| Roman-Guerrero, A.| Vernon-Carter, E.J.| Alvarez-Ramirez, J.",Universidad Autónoma Metropolitana,Mexico,0
7004260997,7004260997,Effects of clay concentration on the morphology and rheological properties of xanthan gum-based hydrogels reinforced with montmorillonite particles,"Garcia-Hernandez, A.| Lobato-Calleros, C.| Vernon-Carter, E.J.| Sosa-Hernandez, E.| Alvarez-Ramirez, J.",5.0,57192004816| 6603090042| 7004260997| 25631275400| 55399527300,2017.0,2017-02-20,Journal of Applied Polymer Science,134,8,-,44517,ISSN-00218995,13554.0,Journal,John Wiley and Sons Inc.,English,0.79,43,3.6,22,0.543,27,1.47,54.0,16.0,0.45,11.18,32.0,49.0,0.0,0.0,"Garcia-Hernandez, A., Lobato-Calleros, C., Vernon-Carter, E.J. and 2 more (...) (2017).Effects of clay concentration on the morphology and rheological properties of xanthan gum-based hydrogels reinforced with montmorillonite particles. Journal of Applied Polymer Science,134(8) ",https://www.scopus.com/record/display.url?eid=2-s2.0-84995920430&origin=resultslist,10.1002/app.44517,Article,,2-s2.0-84995920430,-,Universidad Autónoma Metropolitana| Universidad Autonoma Chapingo| Instituto Mexicano del Petroleo,505017| 505047| 505005,Academic| Government,3.0,60028381| 60010597| 60019271,Universidad Autónoma Metropolitana -Unidad Iztapalapa| Universidad Autónoma Chapingo| Instituto Mexicano Del Petroleo,57192004816,55399527300,55399527300,-,Mexico,1.0,1600| 2505| 2507| 2508,"General Chemistry| Materials Chemistry| Polymers and Plastics| Surfaces, Coatings and Films",4,Natural Sciences,433| 409,Materials Science| Chemistry,36| 37,Engineering| Physical Sciences,34| 40,Chemical Sciences| Engineering,-,-,-,Polysaccharides and Their Multifaceted Biological Activities,548,88.555,Xanthan Gum Applications in Food and Industry,15426,90.115,Defensible,2017.0,16.0,N/A,"Garcia-Hernandez, A.| Lobato-Calleros, C.| Vernon-Carter, E.J.| Sosa-Hernandez, E.| Alvarez-Ramirez, J.",Universidad Autónoma Metropolitana| Universidad Autonoma Chapingo| Instituto Mexicano del Petroleo,Mexico,0
7004260997,7004260997,"A novel, simple, economic and effective method for retarding maize tortilla staling","Alvarez-Ramirez, J.| Garcia-Diaz, S.| Vernon-Carter, E.J.| Bello-Perez, L.A.",4.0,55399527300| 57188695640| 7004260997| 7003824557,2018.0,2018-09-01,Journal of the Science of Food and Agriculture,98,12,4403-4410,-,ISSN-00225142,33928.0,Journal,John Wiley and Sons Ltd,English,1.25,19,4.3,15,0.824,18,2.12,71.0,16.0,0.88,10.25,31.0,32.0,0.0,0.0,"Alvarez-Ramirez, J., Garcia-Diaz, S., Vernon-Carter, E.J. and 1 more (...) (2018).A novel, simple, economic and effective method for retarding maize tortilla staling. Journal of the Science of Food and Agriculture,98(12) 4403-4410",https://www.scopus.com/record/display.url?eid=2-s2.0-85044348940&origin=resultslist,10.1002/jsfa.8962,Article,,2-s2.0-85044348940,29435988,Universidad Autónoma Metropolitana| Instituto Politécnico Nacional,505017| 505011,Academic,2.0,60028381| 60019176,Universidad Autónoma Metropolitana -Unidad Iztapalapa| Instituto Politécnico Nacional,55399527300,7003824557,55399527300,-,Mexico,1.0,1102| 1106| 1305| 2916,Agronomy and Crop Science| Food Science| Biotechnology| Nutrition and Dietetics,5,Life Sciences & Medicine,502| 507| 534,Agriculture & Forestry| Biological Sciences| Nursing,34| 32,Medical and Health| Life Sciences,30| 40,"Agricultural, Veterinary And Food Sciences| Engineering",-,-,-,Starch Properties and Applications in Food Science,737,83.584,Nutritional and Functional Aspects of Nixtamalized Maize,28077,74.576,Very Good,2018.0,16.0,N/A,"Alvarez-Ramirez, J.| Garcia-Diaz, S.| Vernon-Carter, E.J.| Bello-Perez, L.A.",Universidad Autónoma Metropolitana| Instituto Politécnico Nacional,Mexico,0
7004260997,7004260997,Electrical impedance spectroscopy for monitoring the gum Arabic-chitosan complexation process in bulk solution,"Roldan-Cruz, C.| Carmona-Ascencio, J.| Vernon-Carter, E.J.| Alvarez-Ramirez, J.",4.0,57118083700| 57118251100| 7004260997| 55399527300,2016.0,2016-04-20,Colloids and Surfaces A: Physicochemical and Engineering Aspects,495,-,125-135,-,ISSN-09277757,26589.0,Journal,Elsevier B.V.,English,1.13,22,4.9,21,0.812,43,1.3,55.0,15.0,0.61,13.12,33.0,42.0,0.0,0.0,"Roldan-Cruz, C., Carmona-Ascencio, J., Vernon-Carter, E.J. and 1 more (...) (2016).Electrical impedance spectroscopy for monitoring the gum Arabic-chitosan complexation process in bulk solution. Colloids and Surfaces A: Physicochemical and Engineering Aspects,495125-135",https://www.scopus.com/record/display.url?eid=2-s2.0-84958183307&origin=resultslist,10.1016/j.colsurfa.2016.02.004,Article,,2-s2.0-84958183307,-,Universidad Autónoma Metropolitana,505017,Academic,1.0,60028381,Universidad Autónoma Metropolitana -Unidad Iztapalapa,57118083700,55399527300,55399527300,-,Mexico,1.0,1505| 1606| 3110,Colloid and Surface Chemistry| Physical and Theoretical Chemistry| Surfaces and Interfaces,2| 4,Engineering & Technology| Natural Sciences,249| 409| 439| 219,Engineering - Petroleum| Chemistry| Physics & Astronomy| Engineering - Chemical,36| 37,Engineering| Physical Sciences,34| 40| 51,Chemical Sciences| Engineering| Physical Sciences,-,-,-,Protein Emulsification and Functional Food Applications,582,95.487,Coacervation Mechanisms in Protein-Polysaccharide Interactions,9750,97.754,Very Good,2016.0,15.0,N/A,"Roldan-Cruz, C.| Carmona-Ascencio, J.| Vernon-Carter, E.J.| Alvarez-Ramirez, J.",Universidad Autónoma Metropolitana,Mexico,0
7004260997,7004260997,In vitro digestibility of normal and waxy corn starch is modified by the addition of Tween 80,"Vernon-Carter, E.J.| Alvarez-Ramirez, J.| Bello-Perez, L.A.| Garcia-Hernandez, A.| Roldan-Cruz, C.| Garcia-Diaz, S.",6.0,7004260997| 55399527300| 7003824557| 57192004816| 57118083700| 57188695640,2018.0,2018-09-01,International Journal of Biological Macromolecules,116,-,715-720,-,ISSN-01418130,17544.0,Journal,Elsevier B.V.,English,1.49,13,6,7,0.962,22,2.86,81.0,15.0,0.4,12.66,33.0,52.0,2.0,0.0,"Vernon-Carter, E.J., Alvarez-Ramirez, J., Bello-Perez, L.A. and 3 more (...) (2018).In vitro digestibility of normal and waxy corn starch is modified by the addition of Tween 80. International Journal of Biological Macromolecules,116715-720",https://www.scopus.com/record/display.url?eid=2-s2.0-85047060723&origin=resultslist,10.1016/j.ijbiomac.2018.05.076,Article,,2-s2.0-85047060723,29775707,Universidad Autónoma Metropolitana| Instituto Politécnico Nacional,505017| 505011,Academic,2.0,60028381| 60019176,Universidad Autónoma Metropolitana -Unidad Iztapalapa| Instituto Politécnico Nacional,7004260997,57188695640,55399527300,-,Mexico,1.0,1303| 1312| 1315| 2002| 2100,Biochemistry| Molecular Biology| Structural Biology| Economics and Econometrics| General Energy,3| 2| 5,Social Sciences & Management| Engineering & Technology| Life Sciences & Medicine,249| 221| 317| 507,Engineering - Petroleum| Engineering - Electrical & Electronic| Economics & Econometrics| Biological Sciences,35| 36| 32,Business and Economics| Engineering| Life Sciences,31,Biological Sciences,3101,Biochemistry and cell biology,-,Starch Properties and Applications in Food Science,737,83.584,Complex Interactions of Starch and Lipids,21817,97.993,Defensible,2018.0,15.0,N/A,"Vernon-Carter, E.J.| Alvarez-Ramirez, J.| Bello-Perez, L.A.| Garcia-Hernandez, A.| Roldan-Cruz, C.| Garcia-Diaz, S.",Universidad Autónoma Metropolitana| Instituto Politécnico Nacional,Mexico,0
7004260997,7004260997, Improving the mechanical performance of green starch/glycerol/Li + conductive films through cross-linking with Ca 2+,"Alvarez-Ramirez, J.| Vazquez-Arenas, J.| García-Hernández, A.| Vernon-Carter, E.J.",4.0,55399527300| 56013705500| 57192004816| 7004260997,2019.0,2019-04-01,Solid State Ionics,332,-,1-9,-,ISSN-01672738,29887.0,Journal,Elsevier B.V.,English,0.94,34,5.2,21,0.84,21,1.46,42.0,15.0,0.41,14.61,31.0,52.0,1.0,0.0,"Alvarez-Ramirez, J., Vazquez-Arenas, J., García-Hernández, A. and 1 more (...) (2019). Improving the mechanical performance of green starch/glycerol/Li + conductive films through cross-linking with Ca 2+. Solid State Ionics,3321-9",https://www.scopus.com/record/display.url?eid=2-s2.0-85059740061&origin=resultslist,10.1016/j.ssi.2019.01.002,Article,,2-s2.0-85059740061,-,Consejo Nacional de Ciencia y Tecnologia Mexico| Universidad Autónoma Metropolitana,704696| 505017,Academic| Government,2.0,60028381| 60027998,"Universidad Autónoma Metropolitana -Unidad Iztapalapa| Secretaría de Ciencia, Humanidades, Tecnología e Innovación",55399527300,7004260997,56013705500,-,Mexico,1.0,1600| 2500| 3104,General Chemistry| General Materials Science| Condensed Matter Physics,4| 2,Natural Sciences| Engineering & Technology,439| 409| 433,Physics & Astronomy| Chemistry| Materials Science,37| 36,Physical Sciences| Engineering,34,Chemical Sciences,3406| 3402,Physical chemistry| Inorganic chemistry,-,Fuel Cells and Polymer Electrolytes,79,97.646,Biopolymer Electrolytes for Enhanced Energy Storage,14545,96.14,Defensible,2019.0,15.0,N/A,"Alvarez-Ramirez, J.| Vazquez-Arenas, J.| García-Hernández, A.| Vernon-Carter, E.J.",Consejo Nacional de Ciencia y Tecnologia Mexico| Universidad Autónoma Metropolitana,Mexico,0
7004260997,7004260997,Optimization of the Synthesis of Structured Phosphatidylcholine with Medium Chain Fatty Acid,"Ochoa-Flores, A.A.| Hernández-Becerra, J.A.| Cavazos-Garduño, A.| Vernon-Carter, E.J.| García, H.S.",5.0,55901999000| 7801477484| 55499865400| 7004260997| 7202282374,2017.0,2017-01-01,Journal of Oleo Science,66,11,1207-1215,-,ISSN-13458957,7900153139.0,Journal,Japan Oil Chemists Society,English,0.76,45,2.3,37,0.453,37,0.88,30.0,15.0,0.57,12.2,33.0,44.0,6.0,0.0,"Ochoa-Flores, A.A., Hernández-Becerra, J.A., Cavazos-Garduño, A. and 2 more (...) (2017).Optimization of the Synthesis of Structured Phosphatidylcholine with Medium Chain Fatty Acid. Journal of Oleo Science,66(11) 1207-1215",https://www.scopus.com/record/display.url?eid=2-s2.0-85039851913&origin=resultslist,10.5650/JOS.ESS17087,Article,Gold,2-s2.0-85039851913,29021492,Universidad Autónoma Metropolitana| Instituto Tecnológico de Veracruz| Universidad Juarez Autonoma de Tabasco| Universidad de Guadalajara,505017| 714291| 705961| 505019,Academic,4.0,60026100| 60025378| 127423878| 60008943| 60028381,Instituto Tecnológico de Veracruz| Universidad Juárez Autónoma de Tabasco| Universidad Tecnológica de Tabasco| Universidad de Guadalajara| Universidad Autónoma Metropolitana -Unidad Iztapalapa,55901999000,7202282374,7202282374,-,Mexico,1.0,1500| 1600,General Chemical Engineering| General Chemistry,2| 4,Engineering & Technology| Natural Sciences,409| 219,Chemistry| Engineering - Chemical,36| 37,Engineering| Physical Sciences,34| 30| 32,"Chemical Sciences| Agricultural, Veterinary And Food Sciences| Biomedical And Clinical Sciences",3406| 3006| 3205,Physical chemistry| Food sciences| Medical biochemistry and metabolomics,-,Cholesterol Management and Antioxidant Properties in Oils,384,79.66,Phospholipid Modifications for Enhanced Applications,64844,59.209,Definitive,2017.0,15.0,N/A,"Ochoa-Flores, A.A.| Hernández-Becerra, J.A.| Cavazos-Garduño, A.| Vernon-Carter, E.J.| García, H.S.",Universidad Autónoma Metropolitana| Instituto Tecnológico de Veracruz| Universidad Juarez Autonoma de Tabasco| Universidad de Guadalajara,Mexico,0
7004260997,7004260997,"Films from corn, wheat, and rice starch ghost phase fractions display overall superior performance than whole starch films","Gómez-Luría, D.| Vernon-Carter, E.J.| Alvarez-Ramirez, J.",3.0,56126595600| 7004260997| 55399527300,2017.0,2017-11-01,Starch/Staerke,69,11-12,-,1700059,ISSN-00389056,26489.0,Journal,Wiley-VCH Verlag,English,0.96,32,3,31,0.725,26,0.55,29.0,15.0,0.71,9.91,33.0,38.0,0.0,0.0,"Gómez-Luría, D., Vernon-Carter, E.J., Alvarez-Ramirez, J. (2017).Films from corn, wheat, and rice starch ghost phase fractions display overall superior performance than whole starch films. Starch/Staerke,69(11-12) ",https://www.scopus.com/record/display.url?eid=2-s2.0-85032984271&origin=resultslist,10.1002/star.201700059,Article,,2-s2.0-85032984271,-,Universidad Autónoma Metropolitana,505017,Academic,1.0,60028381,Universidad Autónoma Metropolitana -Unidad Iztapalapa,56126595600,55399527300,7004260997,-,Mexico,1.0,1106| 1605,Food Science| Organic Chemistry,4| 5| 2,Natural Sciences| Life Sciences & Medicine| Engineering & Technology,249| 409| 502,Engineering - Petroleum| Chemistry| Agriculture & Forestry,37| 32,Physical Sciences| Life Sciences,40| 30,"Engineering| Agricultural, Veterinary And Food Sciences",4004| 3006,Chemical engineering| Food sciences,-,Chitosan Applications in Health and Food Packaging,881,93.656,Biopolymer Edible Films for Sustainable Packaging,181,99.967,Very Good,2017.0,15.0,N/A,"Gómez-Luría, D.| Vernon-Carter, E.J.| Alvarez-Ramirez, J.",Universidad Autónoma Metropolitana,Mexico,0
7004260997,7004260997,Effect of Fat Type on Starch and Protein Digestibility of Traditional Tamales,"Rodríguez-Huezo, M.E.| Flores-Silva, P.C.| Garcia-Diaz, S.| Meraz, M.| Vernon-Carter, E.J.| Alvarez-Ramirez, J.",6.0,6504471198| 56056288500| 57188695640| 6601910796| 7004260997| 55399527300,2018.0,2018-05-01,Starch/Staerke,70,5-6,-,1700286,ISSN-00389056,26489.0,Journal,Wiley-VCH Verlag,English,0.91,36,3.3,29,0.625,30,1.42,58.0,14.0,0.35,11.55,34.0,55.0,0.0,0.0,"Rodríguez-Huezo, M.E., Flores-Silva, P.C., Garcia-Diaz, S. and 3 more (...) (2018).Effect of Fat Type on Starch and Protein Digestibility of Traditional Tamales. Starch/Staerke,70(5-6) ",https://www.scopus.com/record/display.url?eid=2-s2.0-85041168828&origin=resultslist,10.1002/star.201700286,Article,,2-s2.0-85041168828,-,Universidad Autónoma Metropolitana,505017,Academic,1.0,116480422| 60014923,Tecnológico de Estudios Superiores de Ecatepec| Universidad Autónoma Metropolitana,6504471198,55399527300,55399527300,-,Mexico,1.0,1106| 1605,Food Science| Organic Chemistry,2| 4| 5,Engineering & Technology| Natural Sciences| Life Sciences & Medicine,409| 249| 502,Chemistry| Engineering - Petroleum| Agriculture & Forestry,37| 32,Physical Sciences| Life Sciences,30| 40,"Agricultural, Veterinary And Food Sciences| Engineering",4004| 3006,Chemical engineering| Food sciences,SDG 3,Starch Properties and Applications in Food Science,737,83.584,Complex Interactions of Starch and Lipids,21817,97.993,Defensible,2018.0,14.0,N/A,"Rodríguez-Huezo, M.E.| Flores-Silva, P.C.| Garcia-Diaz, S.| Meraz, M.| Vernon-Carter, E.J.| Alvarez-Ramirez, J.",Universidad Autónoma Metropolitana,Mexico,0
7004260997,7004260997,"Annatto (Bixa orellana L.), a potential novel starch source: antioxidant, microstructural, functional, and digestibility properties","Cortés-Viguri, V.| Hernández-Rodríguez, L.| Lobato-Calleros, C.| Cuevas-Bernardino, J.C.| Hernández-Rodríguez, B.E.| Alvarez-Ramirez, J.| Vernon-Carter, E.J.",7.0,57363342700| 55899376700| 6603090042| 57188803168| 56074846400| 55399527300| 7004260997,2022.0,2022-02-01,Journal of Food Measurement and Characterization,16,1,637-651,-,ISSN-21934126,21100224010.0,Journal,Springer,English,0.9,36,5.3,25,0.544,32,4.23,123.0,14.0,0.68,14.77,23.0,40.0,0.0,0.0,"Cortés-Viguri, V., Hernández-Rodríguez, L., Lobato-Calleros, C. and 4 more (...) (2022).Annatto (Bixa orellana L.), a potential novel starch source: antioxidant, microstructural, functional, and digestibility properties. Journal of Food Measurement and Characterization,16(1) 637-651",https://www.scopus.com/record/display.url?eid=2-s2.0-85120645139&origin=resultslist,10.1007/s11694-021-01228-7,Article,,2-s2.0-85120645139,-,CIATEJ Guadalajara| Consejo Nacional de Ciencia y Tecnologia Mexico| Universidad Autónoma Metropolitana| Universidad Autonoma Chapingo,703030| 704696| 505017| 505047,Academic| Government,4.0,60010597| 60069653| 60027998| 60028381,"Universidad Autónoma Chapingo| Centro de Investigación y Asistencia en Tecnologia y Diseño del Estado de Jalisco| Secretaría de Ciencia, Humanidades, Tecnología e Innovación| Universidad Autónoma Metropolitana -Unidad Iztapalapa",57363342700,7004260997,55899376700,-,Mexico,1.0,1106| 1500| 2209| 2213,"Food Science| General Chemical Engineering| Industrial and Manufacturing Engineering| Safety, Risk, Reliability and Quality",5| 2,Life Sciences & Medicine| Engineering & Technology,249| 502| 222| 219,Engineering - Petroleum| Agriculture & Forestry| Engineering - Mechanical| Engineering - Chemical,32| 36,Life Sciences| Engineering,30| 32,"Agricultural, Veterinary And Food Sciences| Biomedical And Clinical Sciences",3006| 3008| 3210,Food sciences| Horticultural production| Nutrition and dietetics,-,Starch Properties and Applications in Food Science,737,83.584,Starch Properties and Applications in Food Science,99,99.766,Definitive,2022.0,14.0,N/A,"Cortés-Viguri, V.| Hernández-Rodríguez, L.| Lobato-Calleros, C.| Cuevas-Bernardino, J.C.| Hernández-Rodríguez, B.E.| Alvarez-Ramirez, J.| Vernon-Carter, E.J.",CIATEJ Guadalajara| Consejo Nacional de Ciencia y Tecnologia Mexico| Universidad Autónoma Metropolitana| Universidad Autonoma Chapingo,Mexico,0
7004260997,7004260997,Rheological and thermal properties of dough and textural and microstructural characteristics of bread with pulque as leavening agent,"Vernon-Carter, E.J.| Garcia-Diaz, S.| Reyes, I.| Carrillo-Navas, H.| Alvarez-Ramirez, J.",5.0,7004260997| 57188695640| 57191035399| 51565848600| 55399527300,2017.0,2017-10-01,International Journal of Gastronomy and Food Science,9,-,39-48,-,ISSN-1878450X,21100789945.0,Journal,AZTI-Tecnalia,English,0.97,31,1.4,13,0.422,12,2.98,79.0,14.0,1.33,3.75,35.0,22.0,0.0,0.0,"Vernon-Carter, E.J., Garcia-Diaz, S., Reyes, I. and 2 more (...) (2017).Rheological and thermal properties of dough and textural and microstructural characteristics of bread with pulque as leavening agent. International Journal of Gastronomy and Food Science,939-48",https://www.scopus.com/record/display.url?eid=2-s2.0-85028468347&origin=resultslist,10.1016/j.ijgfs.2017.03.001,Article,,2-s2.0-85028468347,-,Universidad Autónoma Metropolitana,505017,Academic,1.0,60028381,Universidad Autónoma Metropolitana -Unidad Iztapalapa,7004260997,55399527300,51565848600,-,Mexico,1.0,1106| 3316,Food Science| Cultural Studies,5| 3,Life Sciences & Medicine| Social Sciences & Management,502| 311,Agriculture & Forestry| Communication & Media Studies,40| 32,Social Sciences| Life Sciences,35| 30,"Commerce, Management, Tourism And Services| Agricultural, Veterinary And Food Sciences",3099| 3006| 3504,"Other agricultural, veterinary and food sciences| Food sciences| Commercial services",-,Probiotics and Their Impact on Health,525,88.031,Cultural Significance of Pulque and Agave Beverages,64010,60.361,Defensible,2017.0,14.0,N/A,"Vernon-Carter, E.J.| Garcia-Diaz, S.| Reyes, I.| Carrillo-Navas, H.| Alvarez-Ramirez, J.",Universidad Autónoma Metropolitana,Mexico,0
7004260997,7004260997,Physico-chemical characterization and in vitro digestibility of gelatinized corn starch dispersion fractions obtained by centrifugation,"Vernon-Carter, E.J.| Hernandez-Jaimes, C.| Meraz, M.| Lara, V.H.| Lobato-Calleros, C.| Alvarez-Ramirez, J.",6.0,7004260997| 55327395000| 55989654300| 7004454749| 6603090042| 55399527300,2015.0,2015-07-01,Starch/Staerke,67,7-8,701-708,-,ISSN-00389056,26489.0,Journal,Wiley-VCH Verlag,English,0.84,38,2.8,26,0.528,33,0.59,26.0,13.0,0.34,8.74,37.0,53.0,0.0,0.0,"Vernon-Carter, E.J., Hernandez-Jaimes, C., Meraz, M. and 3 more (...) (2015).Physico-chemical characterization and in vitro digestibility of gelatinized corn starch dispersion fractions obtained by centrifugation. Starch/Staerke,67(7-8) 701-708",https://www.scopus.com/record/display.url?eid=2-s2.0-84935716784&origin=resultslist,10.1002/star.201500074,Article,,2-s2.0-84935716784,-,Universidad Autónoma Metropolitana| Universidad Autonoma Chapingo,505017| 505047,Academic,2.0,60028381| 60010597,Universidad Autónoma Metropolitana -Unidad Iztapalapa| Universidad Autónoma Chapingo,7004260997,55399527300,55399527300,-,Mexico,1.0,1106| 1605,Food Science| Organic Chemistry,5| 2| 4,Life Sciences & Medicine| Engineering & Technology| Natural Sciences,409| 502| 249,Chemistry| Agriculture & Forestry| Engineering - Petroleum,37| 32,Physical Sciences| Life Sciences,30| 40,"Agricultural, Veterinary And Food Sciences| Engineering",3006| 4004,Food sciences| Chemical engineering,-,Starch Properties and Applications in Food Science,737,83.584,Starch Properties and Applications in Food Science,99,99.766,Definitive,2015.0,13.0,N/A,"Vernon-Carter, E.J.| Hernandez-Jaimes, C.| Meraz, M.| Lara, V.H.| Lobato-Calleros, C.| Alvarez-Ramirez, J.",Universidad Autónoma Metropolitana| Universidad Autonoma Chapingo,Mexico,0
7004260997,7004260997,Assessing the structural stability of gluten-free snacks with different dietary fiber contents from adsorption isotherms,"Hoyos-Leyva, J.D.| Agama-Acevedo, E.| Bello-Perez, L.A.| Vernon-Carter, E.J.| Alvarez-Ramirez, J.",5.0,55680954000| 6602787983| 7003824557| 7004260997| 55399527300,2016.0,2016-11-01,LWT,73,-,576-583,-,ISSN-00236438,20744.0,Journal,Academic Press,English,1.54,11,4.6,11,1.352,9,2.5,114.0,13.0,0.71,8.42,36.0,38.0,0.0,0.0,"Hoyos-Leyva, J.D., Agama-Acevedo, E., Bello-Perez, L.A. and 2 more (...) (2016).Assessing the structural stability of gluten-free snacks with different dietary fiber contents from adsorption isotherms. LWT,73576-583",https://www.scopus.com/record/display.url?eid=2-s2.0-84977615872&origin=resultslist,10.1016/j.lwt.2016.06.042,Article,,2-s2.0-84977615872,-,Universidad Autónoma Metropolitana| Instituto Politécnico Nacional,505017| 505011,Academic,2.0,60019176| 60028381,Instituto Politécnico Nacional| Universidad Autónoma Metropolitana -Unidad Iztapalapa,55680954000,55399527300,7003824557,-,Mexico,1.0,1106,Food Science,5,Life Sciences & Medicine,502,Agriculture & Forestry,32,Life Sciences,32| 30| 40,"Biomedical And Clinical Sciences| Agricultural, Veterinary And Food Sciences| Engineering",3006| 3210| 4004,Food sciences| Nutrition and dietetics| Chemical engineering,-,Moisture Dynamics and Energy Efficiency in Drying,817,73.185,Water Activity and Moisture Dynamics,5092,83.705,Defensible,2016.0,13.0,N/A,"Hoyos-Leyva, J.D.| Agama-Acevedo, E.| Bello-Perez, L.A.| Vernon-Carter, E.J.| Alvarez-Ramirez, J.",Universidad Autónoma Metropolitana| Instituto Politécnico Nacional,Mexico,0
7004260997,7004260997,Mathematical modeling of gastrointestinal starch digestion-blood glucose-insulin interactions,"Meraz, M.| Vernon-Carter, E.J.| Bello-Perez, L.A.| Alvarez-Ramirez, J.",4.0,55989654300| 7004260997| 7003824557| 55399527300,2022.0,2022-08-01,Biomedical Signal Processing and Control,77,-,-,103812,ISSN-17468094,4700152237.0,Journal,Elsevier Ltd,English,1.54,12,8.2,16,1.071,17,2.13,45.0,13.0,0.79,15.11,24.0,36.0,0.0,0.0,"Meraz, M., Vernon-Carter, E.J., Bello-Perez, L.A. and 1 more (...) (2022).Mathematical modeling of gastrointestinal starch digestion-blood glucose-insulin interactions. Biomedical Signal Processing and Control,77",https://www.scopus.com/record/display.url?eid=2-s2.0-85130079467&origin=resultslist,10.1016/j.bspc.2022.103812,Article,,2-s2.0-85130079467,-,Universidad Autónoma Metropolitana| Instituto Politécnico Nacional,505017| 505011,Academic,2.0,60028381| 60019176,Universidad Autónoma Metropolitana -Unidad Iztapalapa| Instituto Politécnico Nacional,55989654300,55399527300,55399527300,-,Mexico,1.0,1711| 2204| 2718,Signal Processing| Biomedical Engineering| Health Informatics,5| 2,Life Sciences & Medicine| Engineering & Technology,213| 212| 507| 532,Data Science| Computer Science & Information Systems| Biological Sciences| Medicine,36| 34| 38,Engineering| Medical and Health| Computer Science,40| 30,"Engineering| Agricultural, Veterinary And Food Sciences",3006| 4003,Food sciences| Biomedical engineering,-,Starch Properties and Applications in Food Science,737,83.584,Starch Properties and Applications in Food Science,99,99.766,Very Good,2022.0,13.0,N/A,"Meraz, M.| Vernon-Carter, E.J.| Bello-Perez, L.A.| Alvarez-Ramirez, J.",Universidad Autónoma Metropolitana| Instituto Politécnico Nacional,Mexico,0
7004260997,7004260997,"Stale bread waste recycling as ingredient for fresh oven-baked white bread: effects on dough viscoelasticity, bread molecular organization, texture, and starch digestibility","García-Hernández, Á.| Roldán-Cruz, C.| Vernon-Carter, E.J.| Alvarez-Ramirez, J.",4.0,57192004816| 57118083700| 7004260997| 55399527300,2023.0,2023-06-01,Journal of the Science of Food and Agriculture,103,8,4174-4183,-,ISSN-00225142,33928.0,Journal,John Wiley and Sons Ltd,English,1.06,24,8.1,10,0.746,17,4.32,97.0,13.0,1.3,10.03,18.0,22.0,0.0,0.0,"García-Hernández, Á., Roldán-Cruz, C., Vernon-Carter, E.J. and 1 more (...) (2023).Stale bread waste recycling as ingredient for fresh oven-baked white bread: effects on dough viscoelasticity, bread molecular organization, texture, and starch digestibility. Journal of the Science of Food and Agriculture,103(8) 4174-4183",https://www.scopus.com/record/display.url?eid=2-s2.0-85147358324&origin=resultslist,10.1002/jsfa.12442,Article,,2-s2.0-85147358324,36628498,Universidad Autónoma Metropolitana,505017,Academic,1.0,101175967| 129612071| 60028381,Universidad de Xalapa| Universidad Veracruzana–Región Veracruz| Universidad Autónoma Metropolitana -Unidad Iztapalapa,57192004816,55399527300,57118083700,-,Mexico,1.0,1102| 1106| 1305| 2916,Agronomy and Crop Science| Food Science| Biotechnology| Nutrition and Dietetics,5,Life Sciences & Medicine,534| 507| 502,Nursing| Biological Sciences| Agriculture & Forestry,34| 32,Medical and Health| Life Sciences,30| 40,"Agricultural, Veterinary And Food Sciences| Engineering",-,-,SDG 9| SDG 12,Starch Properties and Applications in Food Science,737,83.584,Starch Properties and Applications in Food Science,99,99.766,Definitive,2023.0,13.0,N/A,"García-Hernández, Á.| Roldán-Cruz, C.| Vernon-Carter, E.J.| Alvarez-Ramirez, J.",Universidad Autónoma Metropolitana,Mexico,0
7004260997,7004260997,Impact of the droplet size of canola oil-in-water emulsions on the rheology and sensory acceptability of reduced-milk fat stirred yogurt,"Trujillo-Ramirez, D.| Olivares-Martinez, I.| Lobato-Calleros, C.| Rodriguez-Huezo, E.| Jaime Vernon-Carter, E.| Alvarez-Ramirez, J.",6.0,57200720193| 57874072800| 6603090042| 56757377200| 7004260997| 55399527300,2022.0,2022-12-01,Journal of Food Science and Technology,59,12,4853-4862,-,ISSN-00221155,20617.0,Journal,Springer,English,1.22,21,6.5,17,0.666,23,2.38,63.0,12.0,0.8,13.67,26.0,35.0,0.0,0.0,"Trujillo-Ramirez, D., Olivares-Martinez, I., Lobato-Calleros, C. and 3 more (...) (2022).Impact of the droplet size of canola oil-in-water emulsions on the rheology and sensory acceptability of reduced-milk fat stirred yogurt. Journal of Food Science and Technology,59(12) 4853-4862",https://www.scopus.com/record/display.url?eid=2-s2.0-85137209282&origin=resultslist,10.1007/s13197-022-05573-3,Article,Green,2-s2.0-85137209282,-,Universidad Autónoma de Tamaulipas| Universidad Autónoma Metropolitana| Universidad Autonoma Chapingo,714293| 505017| 505047,Academic,3.0,60019607| 60010597| 110244780| 60028381,Universidad Autónoma de Tamaulipas| Universidad Autónoma Chapingo| División de Ingeniería Química y Bioquímica| Universidad Autónoma Metropolitana -Unidad Iztapalapa,57200720193,55399527300,55399527300,-,Mexico,1.0,1106,Food Science,5,Life Sciences & Medicine,502,Agriculture & Forestry,32,Life Sciences,30| 40,"Agricultural, Veterinary And Food Sciences| Engineering",4004| 3006,Chemical engineering| Food sciences,-,Probiotics and Their Impact on Health,525,88.031,Yogurt Innovations in Fermentation and Probiotics,1188,98.508,Very Good,2022.0,12.0,N/A,"Trujillo-Ramirez, D.| Olivares-Martinez, I.| Lobato-Calleros, C.| Rodriguez-Huezo, E.| Jaime Vernon-Carter, E.| Alvarez-Ramirez, J.",Universidad Autónoma de Tamaulipas| Universidad Autónoma Metropolitana| Universidad Autonoma Chapingo,Mexico,0
7004260997,7004260997,"Effect of starch gelatinization on the morphology, viscoelasticity, and water structure of candelilla wax–canola oil–starch hybrid gels","Barragán-Martínez, L.P.| Molina-Rodríguez, A.| Román-Guerrero, A.| Vernon-Carter, E.J.| Alvarez-Ramirez, J.",5.0,57209652735| 57480392600| 56013603800| 7004260997| 55399527300,2022.0,2022-05-01,Journal of Food Processing and Preservation,46,5,-,e16520,ISSN-01458892,20590.0,Journal,John Wiley and Sons Inc,English,0.75,46,3.4,46,0.494,36,1.58,39.0,11.0,0.65,15.38,28.0,42.0,1.0,0.0,"Barragán-Martínez, L.P., Molina-Rodríguez, A., Román-Guerrero, A. and 2 more (...) (2022).Effect of starch gelatinization on the morphology, viscoelasticity, and water structure of candelilla wax–canola oil–starch hybrid gels. Journal of Food Processing and Preservation,46(5) ",https://www.scopus.com/record/display.url?eid=2-s2.0-85125938306&origin=resultslist,10.1111/jfpp.16520,Article,,2-s2.0-85125938306,-,Universidad Autónoma Metropolitana,505017,Academic,1.0,60028381,Universidad Autónoma Metropolitana -Unidad Iztapalapa,57209652735,55399527300,7004260997,-,Mexico,1.0,1106| 1500| 1600,Food Science| General Chemical Engineering| General Chemistry,5| 2| 4,Life Sciences & Medicine| Engineering & Technology| Natural Sciences,219| 502| 409,Engineering - Chemical| Agriculture & Forestry| Chemistry,36| 37| 32,Engineering| Physical Sciences| Life Sciences,30| 40,"Agricultural, Veterinary And Food Sciences| Engineering",3006| 4004,Food sciences| Chemical engineering,SDG 9,Protein Emulsification and Functional Food Applications,582,95.487,Innovative Oleogels from Sunflower Oil Applications,14243,99.194,Very Good,2022.0,11.0,N/A,"Barragán-Martínez, L.P.| Molina-Rodríguez, A.| Román-Guerrero, A.| Vernon-Carter, E.J.| Alvarez-Ramirez, J.",Universidad Autónoma Metropolitana,Mexico,0
7004260997,7004260997,Gaining insights into α‑amylase inhibition by glucose through mathematical modeling and analysis of the hydrolysis kinetics of gelatinized corn starch dispersions,"Vernon-Carter, E.J.| Alvarez-Ramirez, J.| Meraz, M.| Garcia-Diaz, S.",4.0,7004260997| 55399527300| 55989654300| 57188695640,2019.0,2019-07-01,International Journal of Biological Macromolecules,132,-,766-771,-,ISSN-01418130,17544.0,Journal,Elsevier B.V.,English,1.41,14,6.9,7,0.972,21,1.28,38.0,11.0,0.33,15.19,38.0,57.0,0.0,0.0,"Vernon-Carter, E.J., Alvarez-Ramirez, J., Meraz, M. and 1 more (...) (2019).Gaining insights into α‑amylase inhibition by glucose through mathematical modeling and analysis of the hydrolysis kinetics of gelatinized corn starch dispersions. International Journal of Biological Macromolecules,132766-771",https://www.scopus.com/record/display.url?eid=2-s2.0-85063807715&origin=resultslist,10.1016/j.ijbiomac.2019.03.226,Article,,2-s2.0-85063807715,30953721,Universidad Autónoma Metropolitana| Universidad Iberoamericana (UIA),505017| 702731,Academic,2.0,60028381| 60011923,Universidad Autónoma Metropolitana -Unidad Iztapalapa| Universidad Iberoamericana,7004260997,57188695640,55399527300,-,Mexico,1.0,1303| 1312| 1315,Biochemistry| Molecular Biology| Structural Biology,5,Life Sciences & Medicine,507,Biological Sciences,32,Life Sciences,31,Biological Sciences,3101,Biochemistry and cell biology,-,Starch Properties and Applications in Food Science,737,83.584,Starch Properties and Applications in Food Science,99,99.766,Very Good,2019.0,11.0,N/A,"Vernon-Carter, E.J.| Alvarez-Ramirez, J.| Meraz, M.| Garcia-Diaz, S.",Universidad Autónoma Metropolitana| Universidad Iberoamericana (UIA),Mexico,0
7004260997,7004260997,Effect of the addition of an emulgel based on whey protein isolate-alginate-inulin complex on the physicochemical and textural properties of reduced-fat set yoghurt,"Ortiz-Deleón, A.M.| Román-Guerrero, A.| Sandoval-Castilla, O.| Cuevas-Bernardino, J.C.| Vernon-Carter, E.J.",5.0,58318268800| 56013603800| 6506641565| 57188803168| 7004260997,2023.0,2023-12-01,International Journal of Food Science and Technology,58,12,6844-6854,-,ISSN-09505423,20115.0,Journal,John Wiley and Sons Inc,English,0.74,44,5.8,25,0.685,25,2.0,54.0,11.0,0.86,12.78,21.0,33.0,0.0,0.0,"Ortiz-Deleón, A.M., Román-Guerrero, A., Sandoval-Castilla, O. and 2 more (...) (2023).Effect of the addition of an emulgel based on whey protein isolate-alginate-inulin complex on the physicochemical and textural properties of reduced-fat set yoghurt. International Journal of Food Science and Technology,58(12) 6844-6854",https://www.scopus.com/record/display.url?eid=2-s2.0-85169161408&origin=resultslist,10.1111/ijfs.16678,Article,Bronze,2-s2.0-85169161408,-,CIATEJ Guadalajara| Consejo Nacional de Ciencia y Tecnologia Mexico| Universidad Autónoma Metropolitana| Universidad Autonoma Chapingo,703030| 704696| 505017| 505047,Academic| Government,4.0,60028381| 60010597| 60069653,Universidad Autónoma Metropolitana -Unidad Iztapalapa| Universidad Autónoma Chapingo| Centro de Investigación y Asistencia en Tecnologia y Diseño del Estado de Jalisco,58318268800,7004260997,56013603800,-,Mexico,1.0,1106| 2209,Food Science| Industrial and Manufacturing Engineering,2| 5,Engineering & Technology| Life Sciences & Medicine,502| 222,Agriculture & Forestry| Engineering - Mechanical,36| 32,Engineering| Life Sciences,32| 40| 30,"Biomedical And Clinical Sciences| Engineering| Agricultural, Veterinary And Food Sciences",3210| 4004| 3006,Nutrition and dietetics| Chemical engineering| Food sciences,-,Probiotics and Their Impact on Health,525,88.031,Yogurt Innovations in Fermentation and Probiotics,1188,98.508,Definitive,2023.0,11.0,N/A,"Ortiz-Deleón, A.M.| Román-Guerrero, A.| Sandoval-Castilla, O.| Cuevas-Bernardino, J.C.| Vernon-Carter, E.J.",CIATEJ Guadalajara| Consejo Nacional de Ciencia y Tecnologia Mexico| Universidad Autónoma Metropolitana| Universidad Autonoma Chapingo,Mexico,0
7004260997,7004260997,Impact of insoluble starch remnants on the behavior of corn starch/glycerol/LiCl solid electrolyte,"Roldan-Cruz, C.| Garcia-Hernandez, A.| Vernon-Carter, E.J.| Alvarez-Ramirez, J.",4.0,57118083700| 57192004816| 7004260997| 55399527300,2017.0,2017-07-01,Ionics,23,7,1721-1732,-,ISSN-09477047,145625.0,Journal,Institute for Ionics,English,0.68,50,3.3,17,0.557,22,1.06,36.0,11.0,0.52,9.61,40.0,46.0,0.0,0.0,"Roldan-Cruz, C., Garcia-Hernandez, A., Vernon-Carter, E.J. and 1 more (...) (2017).Impact of insoluble starch remnants on the behavior of corn starch/glycerol/LiCl solid electrolyte. Ionics,23(7) 1721-1732",https://www.scopus.com/record/display.url?eid=2-s2.0-85013102314&origin=resultslist,10.1007/s11581-017-2014-0,Article,,2-s2.0-85013102314,-,Universidad Autónoma Metropolitana,505017,Academic,1.0,60028381,Universidad Autónoma Metropolitana -Unidad Iztapalapa,57118083700,55399527300,55399527300,-,Mexico,1.0,1500| 2200| 2500| 3100,General Chemical Engineering| General Engineering| General Materials Science| General Physics and Astronomy,4| 2,Natural Sciences| Engineering & Technology,433| 439| 219,Materials Science| Physics & Astronomy| Engineering - Chemical,37| 36,Physical Sciences| Engineering,34,Chemical Sciences,3406,Physical chemistry,-,Fuel Cells and Polymer Electrolytes,79,97.646,Biopolymer Electrolytes for Enhanced Energy Storage,14545,96.14,Very Good,2017.0,11.0,N/A,"Roldan-Cruz, C.| Garcia-Hernandez, A.| Vernon-Carter, E.J.| Alvarez-Ramirez, J.",Universidad Autónoma Metropolitana,Mexico,0
7004260997,7004260997,A nonlinear Cole-Cole model for large-amplitude electrochemical impedance spectroscopy,"Hernandez-Jaimes, C.| Vazquez-Arenas, J.| Vernon-Carter, J.| Alvarez-Ramirez, J.",4.0,55327395000| 56013705500| 7004260997| 55399527300,2015.0,2015-12-01,Chemical Engineering Science,137,-,1-8,-,ISSN-00092509,16413.0,Journal,Elsevier Ltd,English,1.57,11,5,6,1.022,11,1.56,51.0,11.0,0.44,9.05,40.0,48.0,0.0,0.0,"Hernandez-Jaimes, C., Vazquez-Arenas, J., Vernon-Carter, J. and 1 more (...) (2015).A nonlinear Cole-Cole model for large-amplitude electrochemical impedance spectroscopy. Chemical Engineering Science,1371-8",https://www.scopus.com/record/display.url?eid=2-s2.0-84934966342&origin=resultslist,10.1016/j.ces.2015.06.015,Article,,2-s2.0-84934966342,-,Universidad Autónoma Metropolitana| Universidad Autonoma Chapingo,505017| 505047,Academic,2.0,60010597| 60028381,Universidad Autónoma Chapingo| Universidad Autónoma Metropolitana -Unidad Iztapalapa,55327395000,55399527300,55399527300,-,Mexico,1.0,1500| 1600| 2209,General Chemical Engineering| General Chemistry| Industrial and Manufacturing Engineering,4| 2,Natural Sciences| Engineering & Technology,409| 219| 222,Chemistry| Engineering - Chemical| Engineering - Mechanical,36| 37,Engineering| Physical Sciences,40,Engineering,4004,Chemical engineering,-,Battery Management and Performance,927,97.188,Electrochemical Impedance Spectroscopy in Corrosion Studies,26016,75.34,Very Good,2015.0,11.0,N/A,"Hernandez-Jaimes, C.| Vazquez-Arenas, J.| Vernon-Carter, J.| Alvarez-Ramirez, J.",Universidad Autónoma Metropolitana| Universidad Autonoma Chapingo,Mexico,0
7004260997,7004260997,A Two Competing Substrates Michaelis–Menten Kinetics Scheme for the Analysis of In Vitro Starch Digestograms,"Meraz, M.| Alvarez-Ramirez, J.| Vernon-Carter, E.J.| Reyes, I.| Hernandez-Jaimes, C.| Martinez-Martinez, F.",6.0,55989654300| 55399527300| 7004260997| 57191035399| 55327395000| 57644677700,2020.0,2020-09-01,Starch/Staerke,72,9-10,-,1900170,ISSN-00389056,26489.0,Journal,Wiley-VCH Verlag,English,0.88,39,3.9,29,0.62,33,0.6,17.0,10.0,0.32,12.33,40.0,57.0,0.0,0.0,"Meraz, M., Alvarez-Ramirez, J., Vernon-Carter, E.J. and 3 more (...) (2020).A Two Competing Substrates Michaelis–Menten Kinetics Scheme for the Analysis of In Vitro Starch Digestograms. Starch/Staerke,72(9-10) ",https://www.scopus.com/record/display.url?eid=2-s2.0-85077865982&origin=resultslist,10.1002/star.201900170,Article,,2-s2.0-85077865982,-,Universidad Autónoma Metropolitana| Universidad Autonoma del Estado de Mexico,505017| 505051,Academic,2.0,60028381| 60002281,Universidad Autónoma Metropolitana -Unidad Iztapalapa| Universidad Autónoma del Estado de México,55989654300,57644677700,55327395000,-,Mexico,1.0,1106| 1605,Food Science| Organic Chemistry,4| 5| 2,Natural Sciences| Life Sciences & Medicine| Engineering & Technology,249| 502| 409,Engineering - Petroleum| Agriculture & Forestry| Chemistry,37| 32,Physical Sciences| Life Sciences,40| 30,"Engineering| Agricultural, Veterinary And Food Sciences",3006| 4004,Food sciences| Chemical engineering,-,Starch Properties and Applications in Food Science,737,83.584,Starch Properties and Applications in Food Science,99,99.766,Very Good,2020.0,10.0,N/A,"Meraz, M.| Alvarez-Ramirez, J.| Vernon-Carter, E.J.| Reyes, I.| Hernandez-Jaimes, C.| Martinez-Martinez, F.",Universidad Autónoma Metropolitana| Universidad Autonoma del Estado de Mexico,Mexico,0
7004260997,7004260997,Large amplitude oscillatory shear (LAOS) rheology of nixtamalized corn masa,"Alvarez-Ramirez, J.| Escarela-Perez, R.| Vernon-Carter, E.J.| Carrillo-Navas, H.",4.0,55399527300| 6701841506| 7004260997| 51565848600,2019.0,2019-07-01,Journal of Cereal Science,88,-,31-37,-,ISSN-07335210,34814.0,Journal,Academic Press,English,1.45,14,5,16,1.091,11,1.02,35.0,9.0,0.54,12.99,42.0,45.0,0.0,0.0,"Alvarez-Ramirez, J., Escarela-Perez, R., Vernon-Carter, E.J. and 1 more (...) (2019).Large amplitude oscillatory shear (LAOS) rheology of nixtamalized corn masa. Journal of Cereal Science,8831-37",https://www.scopus.com/record/display.url?eid=2-s2.0-85066107660&origin=resultslist,10.1016/j.jcs.2019.05.004,Article,,2-s2.0-85066107660,-,Universidad Autónoma Metropolitana,505017,Academic,1.0,60028381| 60023193| 122570486,Universidad Autónoma Metropolitana -Unidad Iztapalapa| Universidad Autónoma Metropolitana - Azcapotzalco| Torre A Oficina 1403,55399527300,51565848600,51565848600,-,Mexico,1.0,1106| 1303,Food Science| Biochemistry,5,Life Sciences & Medicine,502| 507,Agriculture & Forestry| Biological Sciences,32,Life Sciences,31| 30| 40,"Biological Sciences| Agricultural, Veterinary And Food Sciences| Engineering",-,-,-,Starch Properties and Applications in Food Science,737,83.584,Nutritional and Functional Aspects of Nixtamalized Maize,28077,74.576,Defensible,2019.0,9.0,N/A,"Alvarez-Ramirez, J.| Escarela-Perez, R.| Vernon-Carter, E.J.| Carrillo-Navas, H.",Universidad Autónoma Metropolitana,Mexico,0
7004260997,7004260997,Effects of leavening agent and time on bread texture and in vitro starch digestibility,"Garcia-Hernandez, A.| Roldan-Cruz, C.| Vernon-Carter, E.J.| Alvarez-Ramirez, J.",4.0,57192004816| 57118083700| 7004260997| 55399527300,2022.0,2022-05-01,Journal of Food Science and Technology,59,5,1922-1930,-,ISSN-00221155,20617.0,Journal,Springer,English,1.22,21,6.5,17,0.666,23,2.19,67.0,9.0,0.44,13.67,33.0,52.0,0.0,0.0,"Garcia-Hernandez, A., Roldan-Cruz, C., Vernon-Carter, E.J. and 1 more (...) (2022).Effects of leavening agent and time on bread texture and in vitro starch digestibility. Journal of Food Science and Technology,59(5) 1922-1930",https://www.scopus.com/record/display.url?eid=2-s2.0-85111526181&origin=resultslist,10.1007/s13197-021-05206-1,Article,Green,2-s2.0-85111526181,-,Universidad Autónoma Metropolitana| Universidad Veracruzana,505017| 505056,Academic,2.0,60007909| 60028381,Universidad Veracruzana| Universidad Autónoma Metropolitana -Unidad Iztapalapa,57192004816,55399527300,57118083700,-,Mexico,1.0,1106,Food Science,5,Life Sciences & Medicine,502,Agriculture & Forestry,32,Life Sciences,40| 30,"Engineering| Agricultural, Veterinary And Food Sciences",3006| 4004,Food sciences| Chemical engineering,-,Starch Properties and Applications in Food Science,737,83.584,Starch Properties and Applications in Food Science,99,99.766,Definitive,2022.0,9.0,N/A,"Garcia-Hernandez, A.| Roldan-Cruz, C.| Vernon-Carter, E.J.| Alvarez-Ramirez, J.",Universidad Autónoma Metropolitana| Universidad Veracruzana,Mexico,0
7004260997,7004260997,Inhibition of the amylolytic hydrolysis of starch by ethanol,"Vernon-Carter, E.J.| Alvarez-Ramirez, J.| Bello-Perez, L.A.| Reyes, I.| Hernandez-Jaimes, C.",5.0,7004260997| 55399527300| 7003824557| 57191035399| 55327395000,2019.0,2019-05-01,Food Hydrocolloids,90,-,285-290,-,ISSN-0268005X,22597.0,Journal,Elsevier B.V.,English,2.15,5,10.6,3,2.16,3,1.51,52.0,9.0,0.29,13.66,42.0,59.0,0.0,0.0,"Vernon-Carter, E.J., Alvarez-Ramirez, J., Bello-Perez, L.A. and 2 more (...) (2019).Inhibition of the amylolytic hydrolysis of starch by ethanol. Food Hydrocolloids,90285-290",https://www.scopus.com/record/display.url?eid=2-s2.0-85059548816&origin=resultslist,10.1016/j.foodhyd.2018.12.046,Article,,2-s2.0-85059548816,-,Universidad Autónoma Metropolitana| Universidad Autonoma del Estado de Mexico| Instituto Politécnico Nacional,505017| 505051| 505011,Academic,3.0,60028381| 60019176| 60002281,Universidad Autónoma Metropolitana -Unidad Iztapalapa| Instituto Politécnico Nacional| Universidad Autónoma del Estado de México,7004260997,55327395000,55399527300,-,Mexico,1.0,1106| 1500| 1600,Food Science| General Chemical Engineering| General Chemistry,5| 4| 2,Life Sciences & Medicine| Natural Sciences| Engineering & Technology,502| 409| 219,Agriculture & Forestry| Chemistry| Engineering - Chemical,37| 32| 36,Physical Sciences| Life Sciences| Engineering,40| 30,"Engineering| Agricultural, Veterinary And Food Sciences",4004| 3006,Chemical engineering| Food sciences,-,Starch Properties and Applications in Food Science,737,83.584,Starch Properties and Applications in Food Science,99,99.766,Very Good,2019.0,9.0,N/A,"Vernon-Carter, E.J.| Alvarez-Ramirez, J.| Bello-Perez, L.A.| Reyes, I.| Hernandez-Jaimes, C.",Universidad Autónoma Metropolitana| Universidad Autonoma del Estado de Mexico| Instituto Politécnico Nacional,Mexico,0
7004260997,7004260997,Role of Endogenous Protein in the Spherical Aggregation of Taro Starch Granules upon Spray-Drying and in In Vitro Digestibility,"Vernon-Carter, E.J.| Alvarez-Ramirez, J.| Bello-Perez, L.A.| Hernandez-Jaimes, C.| Reyes, I.",5.0,7004260997| 55399527300| 7003824557| 55327395000| 57191035399,2020.0,2020-09-01,Starch/Staerke,72,9-10,-,1900087,ISSN-00389056,26489.0,Journal,Wiley-VCH Verlag,English,0.88,39,3.9,29,0.62,33,1.81,54.0,9.0,0.32,12.33,42.0,57.0,0.0,0.0,"Vernon-Carter, E.J., Alvarez-Ramirez, J., Bello-Perez, L.A. and 2 more (...) (2020).Role of Endogenous Protein in the Spherical Aggregation of Taro Starch Granules upon Spray-Drying and in In Vitro Digestibility. Starch/Staerke,72(9-10) ",https://www.scopus.com/record/display.url?eid=2-s2.0-85073922753&origin=resultslist,10.1002/star.201900087,Article,,2-s2.0-85073922753,-,Universidad Autónoma Metropolitana| Universidad Autonoma del Estado de Mexico,505017| 505051,Academic,2.0,60028381| 60002281,Universidad Autónoma Metropolitana -Unidad Iztapalapa| Universidad Autónoma del Estado de México,7004260997,57191035399,55327395000,-,Mexico,1.0,1106| 1605,Food Science| Organic Chemistry,4| 5| 2,Natural Sciences| Life Sciences & Medicine| Engineering & Technology,502| 409| 249,Agriculture & Forestry| Chemistry| Engineering - Petroleum,37| 32,Physical Sciences| Life Sciences,40| 30,"Engineering| Agricultural, Veterinary And Food Sciences",3006| 4004,Food sciences| Chemical engineering,-,Starch Properties and Applications in Food Science,737,83.584,Starch Properties and Applications in Food Science,99,99.766,Definitive,2020.0,9.0,N/A,"Vernon-Carter, E.J.| Alvarez-Ramirez, J.| Bello-Perez, L.A.| Hernandez-Jaimes, C.| Reyes, I.",Universidad Autónoma Metropolitana| Universidad Autonoma del Estado de Mexico,Mexico,0
7004260997,7004260997,Microstructural Changes and In Vitro Digestibility of Maize Starch Treated with Different Calcium Compounds Used in Nixtamalization Processes,"Roldan-Cruz, C.| Garcia-Diaz, S.| Garcia-Hernandez, A.| Alvarez-Ramirez, J.| Vernon-Carter, E.J.",5.0,57118083700| 57188695640| 57192004816| 55399527300| 7004260997,2020.0,2020-09-01,Starch/Staerke,72,9-10,-,1900303,ISSN-00389056,26489.0,Journal,Wiley-VCH Verlag,English,0.88,39,3.9,29,0.62,33,1.02,35.0,9.0,0.49,12.33,42.0,47.0,0.0,0.0,"Roldan-Cruz, C., Garcia-Diaz, S., Garcia-Hernandez, A. and 2 more (...) (2020).Microstructural Changes and In Vitro Digestibility of Maize Starch Treated with Different Calcium Compounds Used in Nixtamalization Processes. Starch/Staerke,72(9-10) ",https://www.scopus.com/record/display.url?eid=2-s2.0-85090063902&origin=resultslist,10.1002/star.201900303,Article,,2-s2.0-85090063902,-,Universidad Autónoma Metropolitana| Universidad Veracruzana,505017| 505056,Academic,2.0,60007909| 60028381,Universidad Veracruzana| Universidad Autónoma Metropolitana -Unidad Iztapalapa,57118083700,7004260997,57118083700,-,Mexico,1.0,1106| 1605,Food Science| Organic Chemistry,5| 2| 4,Life Sciences & Medicine| Engineering & Technology| Natural Sciences,409| 502| 249,Chemistry| Agriculture & Forestry| Engineering - Petroleum,37| 32,Physical Sciences| Life Sciences,40| 30,"Engineering| Agricultural, Veterinary And Food Sciences",4004| 3006,Chemical engineering| Food sciences,-,Starch Properties and Applications in Food Science,737,83.584,Starch Properties and Applications in Food Science,99,99.766,Definitive,2020.0,9.0,N/A,"Roldan-Cruz, C.| Garcia-Diaz, S.| Garcia-Hernandez, A.| Alvarez-Ramirez, J.| Vernon-Carter, E.J.",Universidad Autónoma Metropolitana| Universidad Veracruzana,Mexico,0
7004260997,7004260997,"Charcoal bread: Physicochemical and textural properties, in vitro digestibility, and dough rheology","Gonzalez, M.| Reyes, I.| Carrera-Tarela, Y.| Vernon-Carter, E.J.| Alvarez-Ramirez, J.",5.0,57211589226| 57191035399| 57202785984| 7004260997| 55399527300,2020.0,2020-10-01,International Journal of Gastronomy and Food Science,21,-,-,100227,ISSN-1878450X,21100789945.0,Journal,AZTI-Tecnalia,English,1.19,23,3.3,3,0.515,8,2.48,50.0,9.0,1.21,4.95,42.0,23.0,0.0,0.0,"Gonzalez, M., Reyes, I., Carrera-Tarela, Y. and 2 more (...) (2020).Charcoal bread: Physicochemical and textural properties, in vitro digestibility, and dough rheology. International Journal of Gastronomy and Food Science,21",https://www.scopus.com/record/display.url?eid=2-s2.0-85086380095&origin=resultslist,10.1016/j.ijgfs.2020.100227,Article,,2-s2.0-85086380095,-,"Tecnológico Nacional de México, Mexico City| Universidad Autónoma Metropolitana",719128| 505017,Academic,2.0,60028381| 60134870,Universidad Autónoma Metropolitana -Unidad Iztapalapa| Tecnológico Nacional de México,57211589226,55399527300,57202785984,-,Mexico,1.0,1106| 3316,Food Science| Cultural Studies,5| 3,Life Sciences & Medicine| Social Sciences & Management,311| 502,Communication & Media Studies| Agriculture & Forestry,40| 32,Social Sciences| Life Sciences,30| 35,"Agricultural, Veterinary And Food Sciences| Commerce, Management, Tourism And Services",3006| 3504| 3099,"Food sciences| Commercial services| Other agricultural, veterinary and food sciences",-,Enhancing Cereal Quality through Genetic Insights,952,76.521,Enhancing Bread Quality through Wheat Flour Innovations,14094,95.971,Defensible,2020.0,9.0,N/A,"Gonzalez, M.| Reyes, I.| Carrera-Tarela, Y.| Vernon-Carter, E.J.| Alvarez-Ramirez, J.","Tecnológico Nacional de México, Mexico City| Universidad Autónoma Metropolitana",Mexico,0
7004260997,7004260997,Impact of Soaking Time at Room Temperature on the Physicochemical Properties of Maize and Potato Starch Granules,"Alvarez-Ramírez, J.| Vernon-Carter, E.J.| Carrillo-Navas, H.| Meraz, M.",4.0,55399527300| 7004260997| 51565848600| 55989654300,2019.0,2019-03-01,Starch/Staerke,71,3-4,-,1800126,ISSN-00389056,26489.0,Journal,Wiley-VCH Verlag,English,0.82,42,3.3,29,0.63,31,0.52,22.0,8.0,0.0,11.95,45.0,75.0,0.0,0.0,"Alvarez-Ramírez, J., Vernon-Carter, E.J., Carrillo-Navas, H. and 1 more (...) (2019).Impact of Soaking Time at Room Temperature on the Physicochemical Properties of Maize and Potato Starch Granules. Starch/Staerke,71(3-4) ",https://www.scopus.com/record/display.url?eid=2-s2.0-85054040162&origin=resultslist,10.1002/star.201800126,Article,,2-s2.0-85054040162,-,Universidad Autónoma Metropolitana,505017,Academic,1.0,60028381,Universidad Autónoma Metropolitana -Unidad Iztapalapa,55399527300,55989654300,51565848600,-,Mexico,1.0,1106| 1605,Food Science| Organic Chemistry,2| 4| 5,Engineering & Technology| Natural Sciences| Life Sciences & Medicine,249| 409| 502,Engineering - Petroleum| Chemistry| Agriculture & Forestry,32| 37,Life Sciences| Physical Sciences,30| 40,"Agricultural, Veterinary And Food Sciences| Engineering",3006| 4004,Food sciences| Chemical engineering,-,Starch Properties and Applications in Food Science,737,83.584,Parboiling Techniques for Enhanced Rice Quality,37766,68.727,Defensible,2019.0,8.0,N/A,"Alvarez-Ramírez, J.| Vernon-Carter, E.J.| Carrillo-Navas, H.| Meraz, M.",Universidad Autónoma Metropolitana,Mexico,0
7004260997,7004260997,A fractal scaling analysis of the SARS-CoV-2 genome sequence,"Meraz, M.| Vernon-Carter, E.J.| Rodriguez, E.| Alvarez-Ramirez, J.",4.0,6601910796| 7004260997| 35112460500| 55399527300,2022.0,2022-03-01,Biomedical Signal Processing and Control,73,-,-,103433,ISSN-17468094,4700152237.0,Journal,Elsevier Ltd,English,1.54,12,8.2,16,1.071,17,1.71,38.0,7.0,0.46,15.11,39.0,51.0,0.0,0.0,"Meraz, M., Vernon-Carter, E.J., Rodriguez, E. and 1 more (...) (2022).A fractal scaling analysis of the SARS-CoV-2 genome sequence. Biomedical Signal Processing and Control,73",https://www.scopus.com/record/display.url?eid=2-s2.0-85120913798&origin=resultslist,10.1016/j.bspc.2021.103433,Article,Green,2-s2.0-85120913798,-,Universidad Autónoma Metropolitana,505017,Academic,1.0,60028381,Universidad Autónoma Metropolitana -Unidad Iztapalapa,6601910796,55399527300,55399527300,-,Mexico,1.0,1711| 2204| 2718,Signal Processing| Biomedical Engineering| Health Informatics,2| 5,Engineering & Technology| Life Sciences & Medicine,213| 212| 507| 532,Data Science| Computer Science & Information Systems| Biological Sciences| Medicine,38| 36| 34,Computer Science| Engineering| Medical and Health,40| 30,"Engineering| Agricultural, Veterinary And Food Sciences",3006| 4003,Food sciences| Biomedical engineering,SDG 3,"COVID-19, Its Impact, and Vaccination",1,99.935,SARS-CoV-2 Variants and Immune Response Dynamics,131,99.918,Very Good,2022.0,7.0,N/A,"Meraz, M.| Vernon-Carter, E.J.| Rodriguez, E.| Alvarez-Ramirez, J.",Universidad Autónoma Metropolitana,Mexico,0
7004260997,7004260997,The in vitro digestibility of starch fractions in maize tortilla can be rendered healthier by treating the nixtamalized masa with commercial baking yeast,"Vernon-Carter, E.J.| Alvarez-Ramirez, J.| Bello-Perez, L.A.| Garcia-Hernandez, A.| Garcia-Diaz, S.| Roldan-Cruz, C.",6.0,7004260997| 55399527300| 7003824557| 57192004816| 57188695640| 57118083700,2018.0,2018-07-01,Journal of Cereal Science,82,-,216-222,-,ISSN-07335210,34814.0,Journal,Academic Press,English,1.37,16,4,22,1.054,13,0.73,26.0,7.0,0.4,12.37,49.0,52.0,0.0,0.0,"Vernon-Carter, E.J., Alvarez-Ramirez, J., Bello-Perez, L.A. and 3 more (...) (2018).The in vitro digestibility of starch fractions in maize tortilla can be rendered healthier by treating the nixtamalized masa with commercial baking yeast. Journal of Cereal Science,82216-222",https://www.scopus.com/record/display.url?eid=2-s2.0-85054176050&origin=resultslist,10.1016/j.jcs.2018.07.001,Article,,2-s2.0-85054176050,-,Universidad Autónoma Metropolitana| Instituto Politécnico Nacional,505017| 505011,Academic,2.0,60028381| 60019176,Universidad Autónoma Metropolitana -Unidad Iztapalapa| Instituto Politécnico Nacional,7004260997,57118083700,55399527300,-,Mexico,1.0,1106| 1303,Food Science| Biochemistry,5,Life Sciences & Medicine,507| 502,Biological Sciences| Agriculture & Forestry,32,Life Sciences,31| 40| 30,"Biological Sciences| Engineering| Agricultural, Veterinary And Food Sciences",-,-,-,Starch Properties and Applications in Food Science,737,83.584,Starch Properties and Applications in Food Science,99,99.766,Very Good,2018.0,7.0,N/A,"Vernon-Carter, E.J.| Alvarez-Ramirez, J.| Bello-Perez, L.A.| Garcia-Hernandez, A.| Garcia-Diaz, S.| Roldan-Cruz, C.",Universidad Autónoma Metropolitana| Instituto Politécnico Nacional,Mexico,0
7004260997,7004260997,Analysis of starch digestograms using Monte Carlo simulations,"Vernon-Carter, E.J.| Meraz, M.| Bello-Perez, L.A.| Alvarez-Ramirez, J.",4.0,7004260997| 55989654300| 7003824557| 55399527300,2022.0,2022-09-01,Carbohydrate Polymers,291,-,-,119589,ISSN-01448617,25801.0,Journal,Elsevier Ltd,English,1.86,8,18.9,2,1.726,4,1.78,39.0,7.0,0.55,12.7,39.0,46.0,0.0,0.0,"Vernon-Carter, E.J., Meraz, M., Bello-Perez, L.A. and 1 more (...) (2022).Analysis of starch digestograms using Monte Carlo simulations. Carbohydrate Polymers,291",https://www.scopus.com/record/display.url?eid=2-s2.0-85129975790&origin=resultslist,10.1016/j.carbpol.2022.119589,Article,,2-s2.0-85129975790,35698344,Universidad Autónoma Metropolitana| Instituto Politécnico Nacional,505017| 505011,Academic,2.0,60028381| 60019176,Universidad Autónoma Metropolitana -Unidad Iztapalapa| Instituto Politécnico Nacional,7004260997,55399527300,7003824557,-,Mexico,1.0,1605| 2505| 2507,Organic Chemistry| Materials Chemistry| Polymers and Plastics,2| 4,Engineering & Technology| Natural Sciences,249| 409| 433,Engineering - Petroleum| Chemistry| Materials Science,37| 36,Physical Sciences| Engineering,30| 40| 31,"Agricultural, Veterinary And Food Sciences| Engineering| Biological Sciences",3101| 3006| 4004,Biochemistry and cell biology| Food sciences| Chemical engineering,-,Starch Properties and Applications in Food Science,737,83.584,Starch Properties and Applications in Food Science,99,99.766,Definitive,2022.0,7.0,N/A,"Vernon-Carter, E.J.| Meraz, M.| Bello-Perez, L.A.| Alvarez-Ramirez, J.",Universidad Autónoma Metropolitana| Instituto Politécnico Nacional,Mexico,0
7004260997,7004260997,Effect of Combined Heat-Moisture/Lactic Acid Treatment on the Physicochemical and In Vitro Digestibility Properties of Corn Starch,"Reyes, I.| Hernandez-Jaimes, C.| Meraz, M.| Vernon-Carter, E.J.| Alvarez-Ramirez, J.",5.0,57191035399| 55327395000| 55989654300| 7004260997| 55399527300,2021.0,2021-01-01,Starch/Staerke,73,1-2,-,2000147,ISSN-00389056,26489.0,Journal,Wiley-VCH Verlag,English,0.79,44,4.4,30,0.557,34,1.0,27.0,7.0,0.4,12.56,44.0,54.0,0.0,0.0,"Reyes, I., Hernandez-Jaimes, C., Meraz, M. and 2 more (...) (2021).Effect of Combined Heat-Moisture/Lactic Acid Treatment on the Physicochemical and In Vitro Digestibility Properties of Corn Starch. Starch/Staerke,73(1-2) ",https://www.scopus.com/record/display.url?eid=2-s2.0-85092735614&origin=resultslist,10.1002/star.202000147,Article,,2-s2.0-85092735614,-,"Tecnológico Nacional de México, Mexico City| Universidad Autónoma Metropolitana| Universidad Autonoma del Estado de Mexico",719128| 505017| 505051,Academic,3.0,60134870| 60002281| 60028381,Tecnológico Nacional de México| Universidad Autónoma del Estado de México| Universidad Autónoma Metropolitana -Unidad Iztapalapa,57191035399,55399527300,55327395000,-,Mexico,1.0,1106| 1605,Food Science| Organic Chemistry,5| 2| 4,Life Sciences & Medicine| Engineering & Technology| Natural Sciences,249| 409| 502,Engineering - Petroleum| Chemistry| Agriculture & Forestry,32| 37,Life Sciences| Physical Sciences,40| 30,"Engineering| Agricultural, Veterinary And Food Sciences",3006| 4004,Food sciences| Chemical engineering,-,Starch Properties and Applications in Food Science,737,83.584,Starch Properties and Applications in Food Science,99,99.766,Definitive,2021.0,7.0,N/A,"Reyes, I.| Hernandez-Jaimes, C.| Meraz, M.| Vernon-Carter, E.J.| Alvarez-Ramirez, J.","Tecnológico Nacional de México, Mexico City| Universidad Autónoma Metropolitana| Universidad Autonoma del Estado de Mexico",Mexico,0
7004260997,7004260997,Enhanced β-carotene encapsulation and protection in self-assembled lyotropic liquid crystal structures,"Jiménez-Escobar, M.P.| Pascual-Pineda, L.A.| Vernon-Carter, E.J.| Beristain, C.I.",4.0,57211191035| 57189630837| 7004260997| 7003941227,2021.0,2021-01-01,LWT,135,-,-,110056,ISSN-00236438,20744.0,Journal,Academic Press,English,1.48,14,7.3,13,1.059,10,0.95,54.0,7.0,0.38,13.13,44.0,55.0,0.0,0.0,"Jiménez-Escobar, M.P., Pascual-Pineda, L.A., Vernon-Carter, E.J. and 1 more (...) (2021).Enhanced β-carotene encapsulation and protection in self-assembled lyotropic liquid crystal structures. LWT,135",https://www.scopus.com/record/display.url?eid=2-s2.0-85089569831&origin=resultslist,10.1016/j.lwt.2020.110056,Article,,2-s2.0-85089569831,-,Universidad Autónoma Metropolitana,505017,Academic,1.0,125003288| 60028381,Centro de Investigación y Desarrollo en Alimentos| Universidad Autónoma Metropolitana -Unidad Iztapalapa,57211191035,7003941227,7003941227,-,Mexico,1.0,1106,Food Science,5,Life Sciences & Medicine,502,Agriculture & Forestry,32,Life Sciences,40| 32| 30,"Engineering| Biomedical And Clinical Sciences| Agricultural, Veterinary And Food Sciences",3210| 3006| 4004,Nutrition and dietetics| Food sciences| Chemical engineering,-,Innovative Drug Delivery Systems for Enhanced Absorption,147,89.47,Nanoemulsions in Drug Delivery and Food Applications,5906,98.824,Defensible,2021.0,7.0,N/A,"Jiménez-Escobar, M.P.| Pascual-Pineda, L.A.| Vernon-Carter, E.J.| Beristain, C.I.",Universidad Autónoma Metropolitana,Mexico,0
7004260997,7004260997,"Wheat bread supplemented with potato peel flour: color, molecular organization, texture and in vitro starch digestibility","Godoy-Ramirez, A.| Rodriguez-Huezo, M.E.| Lara-Corona, V.H.| Vernon-Carter, E.J.| Alvarez-Ramirez, J.",5.0,58955985600| 6504471198| 7004454749| 7004260997| 55399527300,2024.0,2024-01-01,Revista Mexicana de Ingeniera Quimica,23,1,-,Alim24201,ISSN-16652738,19900192431.0,Journal,Universidad Autonoma Metropolitana,English,0.4,72,2.6,59,0.238,68,2.9,44.0,6.0,0.7,8.56,24.0,39.0,0.0,0.0,"Godoy-Ramirez, A., Rodriguez-Huezo, M.E., Lara-Corona, V.H. and 2 more (...) (2024).Wheat bread supplemented with potato peel flour: color, molecular organization, texture and in vitro starch digestibility. Revista Mexicana de Ingeniera Quimica,23(1) ",https://www.scopus.com/record/display.url?eid=2-s2.0-85188665388&origin=resultslist,10.24275/rmiq/Alim24201,Article,Bronze,2-s2.0-85188665388,-,"Tecnológico Nacional de México, Mexico City| Universidad Autónoma Metropolitana",719128| 505017,Academic,2.0,60028381| 60134870,Universidad Autónoma Metropolitana -Unidad Iztapalapa| Tecnológico Nacional de México,58955985600,55399527300,55399527300,-,Mexico,1.0,1500,General Chemical Engineering,2,Engineering & Technology,219,Engineering - Chemical,36,Engineering,31| 40| 30,"Biological Sciences| Engineering| Agricultural, Veterinary And Food Sciences",4004| 3006| 3106,Chemical engineering| Food sciences| Industrial biotechnology,-,Irrigation and Anthocyanin Effects on Potato Yield,1416,29.889,Nutritional Potential of Diverse Potato Cultivars,18516,90.709,Definitive,2024.0,6.0,N/A,"Godoy-Ramirez, A.| Rodriguez-Huezo, M.E.| Lara-Corona, V.H.| Vernon-Carter, E.J.| Alvarez-Ramirez, J.","Tecnológico Nacional de México, Mexico City| Universidad Autónoma Metropolitana",Mexico,0
7004260997,7004260997,Fractional-Order Kinetics Modeling of Starch Thermal Degradation,"Roldan-Cruz, C.| García-Hernandez, A.| Fonseca-Florido, H.A.| Vernon-Carter, E.J.| Alvarez-Ramirez, J.",5.0,57118083700| 57192004816| 57190121196| 7004260997| 55399527300,2024.0,2024-09-01,Starch/Staerke,76,9-10,-,2400024,ISSN-00389056,26489.0,Journal,John Wiley and Sons Inc,English,0.66,51,5.9,28,0.535,38,1.8,25.0,6.0,0.87,6.91,24.0,33.0,0.0,0.0,"Roldan-Cruz, C., García-Hernandez, A., Fonseca-Florido, H.A. and 2 more (...) (2024).Fractional-Order Kinetics Modeling of Starch Thermal Degradation. Starch/Staerke,76(9-10) ",https://www.scopus.com/record/display.url?eid=2-s2.0-85190689609&origin=resultslist,10.1002/star.202400024,Article,,2-s2.0-85190689609,-,Consejo Nacional de Ciencia y Tecnologia Mexico| Center for Research in Applied Chemistry| Universidad Autónoma Metropolitana| Universidad Veracruzana,704696| 703028| 505017| 505056,Academic| Government,4.0,60007909| 60027998| 60029922| 60028381,"Universidad Veracruzana| Secretaría de Ciencia, Humanidades, Tecnología e Innovación| Centro de Investigacion en Quimica Aplicada, Saltillo| Universidad Autónoma Metropolitana -Unidad Iztapalapa",57118083700,55399527300,55399527300,-,Mexico,1.0,1106| 1605,Food Science| Organic Chemistry,2| 4| 5,Engineering & Technology| Natural Sciences| Life Sciences & Medicine,502| 249| 409,Agriculture & Forestry| Engineering - Petroleum| Chemistry,32| 37,Life Sciences| Physical Sciences,40| 30,"Engineering| Agricultural, Veterinary And Food Sciences",4004| 3006,Chemical engineering| Food sciences,-,Starch Properties and Applications in Food Science,737,83.584,Starch Properties and Applications in Food Science,99,99.766,Definitive,2024.0,6.0,N/A,"Roldan-Cruz, C.| García-Hernandez, A.| Fonseca-Florido, H.A.| Vernon-Carter, E.J.| Alvarez-Ramirez, J.",Consejo Nacional de Ciencia y Tecnologia Mexico| Center for Research in Applied Chemistry| Universidad Autónoma Metropolitana| Universidad Veracruzana,Mexico,0
7004260997,7004260997,Corn Starch Hydrolysis by Alumina and Silica-Alumina Oxides Solid Acid Catalysts,"Gordillo-Cruz, E.| Gómez-Luría, D.| Valdés-Martínez, O.U.| De los Reyes-Heredia, J.A.| Alvarez-Ramirez, J.| Vernon-Carter, E.J.",6.0,57203416114| 56126595600| 57193908926| 6701672264| 55399527300| 7004260997,2019.0,2019-01-01,Starch/Staerke,71,1-2,-,1800144,ISSN-00389056,26489.0,Journal,Wiley-VCH Verlag,English,0.82,42,3.3,29,0.63,31,1.28,49.0,6.0,0.42,11.95,50.0,52.0,0.0,0.0,"Gordillo-Cruz, E., Gómez-Luría, D., Valdés-Martínez, O.U. and 3 more (...) (2019).Corn Starch Hydrolysis by Alumina and Silica-Alumina Oxides Solid Acid Catalysts. Starch/Staerke,71(1-2) ",https://www.scopus.com/record/display.url?eid=2-s2.0-85052612920&origin=resultslist,10.1002/star.201800144,Article,,2-s2.0-85052612920,-,Universidad Autónoma Metropolitana,505017,Academic,1.0,60028381,Universidad Autónoma Metropolitana -Unidad Iztapalapa,57203416114,7004260997,7004260997,-,Mexico,1.0,1106| 1605,Food Science| Organic Chemistry,5| 4| 2,Life Sciences & Medicine| Natural Sciences| Engineering & Technology,409| 502| 249,Chemistry| Agriculture & Forestry| Engineering - Petroleum,32| 37,Life Sciences| Physical Sciences,40| 30,"Engineering| Agricultural, Veterinary And Food Sciences",4004| 3006,Chemical engineering| Food sciences,-,Starch Properties and Applications in Food Science,737,83.584,Starch Properties and Applications in Food Science,99,99.766,Very Good,2019.0,6.0,N/A,"Gordillo-Cruz, E.| Gómez-Luría, D.| Valdés-Martínez, O.U.| De los Reyes-Heredia, J.A.| Alvarez-Ramirez, J.| Vernon-Carter, E.J.",Universidad Autónoma Metropolitana,Mexico,0
7004260997,7004260997,An electrochemical approach for citric acid treatment of corn starch granules,"Hernandez-Jaimes, C.| Vernon-Carter, E.J.| Lobato-Calleros, C.| Bello-Perez, L.A.| Alvarez-Ramirez, J.",5.0,55327395000| 7004260997| 6603090042| 7003824557| 55399527300,2016.0,2016-05-01,Starch/Staerke,68,5-6,558-567,-,ISSN-00389056,26489.0,Journal,Wiley-VCH Verlag,English,1,28,2.7,31,0.604,32,1.38,51.0,5.0,0.0,9.27,54.0,71.0,0.0,0.0,"Hernandez-Jaimes, C., Vernon-Carter, E.J., Lobato-Calleros, C. and 2 more (...) (2016).An electrochemical approach for citric acid treatment of corn starch granules. Starch/Staerke,68(5-6) 558-567",https://www.scopus.com/record/display.url?eid=2-s2.0-84957831197&origin=resultslist,10.1002/star.201500244,Article,,2-s2.0-84957831197,-,Universidad Autónoma Metropolitana| Universidad Autonoma Chapingo| Instituto Politécnico Nacional,505017| 505047| 505011,Academic,3.0,60010597| 60028381| 60019176,Universidad Autónoma Chapingo| Universidad Autónoma Metropolitana -Unidad Iztapalapa| Instituto Politécnico Nacional,55327395000,55399527300,55327395000,-,Mexico,1.0,1106| 1605,Food Science| Organic Chemistry,4| 5| 2,Natural Sciences| Life Sciences & Medicine| Engineering & Technology,409| 502| 249,Chemistry| Agriculture & Forestry| Engineering - Petroleum,32| 37,Life Sciences| Physical Sciences,40| 30,"Engineering| Agricultural, Veterinary And Food Sciences",3006| 4004,Food sciences| Chemical engineering,-,Starch Properties and Applications in Food Science,737,83.584,Starch Properties and Applications in Food Science,99,99.766,Very Good,2016.0,5.0,N/A,"Hernandez-Jaimes, C.| Vernon-Carter, E.J.| Lobato-Calleros, C.| Bello-Perez, L.A.| Alvarez-Ramirez, J.",Universidad Autónoma Metropolitana| Universidad Autonoma Chapingo| Instituto Politécnico Nacional,Mexico,0
7004260997,7004260997,Mechanisms of elastic turbulence in gelatinized starch dispersions,"Avila-De La Rosa, G.| Carrillo-Navas, H.| Echeverría, J.C.| Bello-Pérez, L.A.| Vernon-Carter, E.J.| Alvarez-Ramirez, J.",6.0,34879367900| 51565848600| 7007145337| 7003824557| 7004260997| 55399527300,2015.0,2015-04-21,"Chaos, Solitons and Fractals",77,-,29-38,-,ISSN-09600779,25347.0,Journal,Elsevier Ltd,English,1.05,26,2.5,11,0.622,39,2.11,27.0,4.0,0.2,4.98,58.0,61.0,0.0,0.0,"Avila-De La Rosa, G., Carrillo-Navas, H., Echeverría, J.C. and 3 more (...) (2015).Mechanisms of elastic turbulence in gelatinized starch dispersions. Chaos, Solitons and Fractals,7729-38",https://www.scopus.com/record/display.url?eid=2-s2.0-84929179912&origin=resultslist,10.1016/j.chaos.2015.04.013,Article,,2-s2.0-84929179912,-,Universidad Autónoma Metropolitana| Instituto Politécnico Nacional,505017| 505011,Academic,2.0,60028381| 60019176,Universidad Autónoma Metropolitana -Unidad Iztapalapa| Instituto Politécnico Nacional,34879367900,55399527300,51565848600,-,Mexico,1.0,2600| 2604| 2610| 3100| 3109,General Mathematics| Applied Mathematics| Mathematical Physics| General Physics and Astronomy| Statistical and Nonlinear Physics,4,Natural Sciences,431| 439,Mathematics| Physics & Astronomy,37,Physical Sciences,40| 49| 46,Engineering| Mathematical Sciences| Information And Computing Sciences,-,-,-,Additive Manufacturing and Material Properties,270,96.664,Viscoelastic Flow Dynamics and Heat Transfer Mechanisms,5594,89.633,Defensible,2015.0,4.0,N/A,"Avila-De La Rosa, G.| Carrillo-Navas, H.| Echeverría, J.C.| Bello-Pérez, L.A.| Vernon-Carter, E.J.| Alvarez-Ramirez, J.",Universidad Autónoma Metropolitana| Instituto Politécnico Nacional,Mexico,0
7004260997,7004260997,Biogas production modeling: Developing a logistic equation satisfying the zero initial condition,"Meraz, M.| Castilla, P.| Vernon-Carter, E.J.| Alvarez-Ramirez, J.",4.0,6601910796| 8307901600| 7004260997| 55399527300,2024.0,2024-12-01,Renewable Energy,237,-,-,121816,ISSN-09601481,27569.0,Journal,Elsevier Ltd,English,2.04,6,17.6,2,2.08,14,0.4,10.0,3.0,0.23,12.91,38.0,62.0,0.0,0.0,"Meraz, M., Castilla, P., Vernon-Carter, E.J. and 1 more (...) (2024).Biogas production modeling: Developing a logistic equation satisfying the zero initial condition. Renewable Energy,237",https://www.scopus.com/record/display.url?eid=2-s2.0-85208935260&origin=resultslist,10.1016/j.renene.2024.121816,Article,,2-s2.0-85208935260,-,Universidad Autónoma Metropolitana,505017,Academic,1.0,60028381| 60010210,Universidad Autónoma Metropolitana -Unidad Iztapalapa| Universidad Autónoma Metropolitana Unidad Xochimilco,6601910796,55399527300,55399527300,-,Mexico,1.0,2105,"Renewable Energy, Sustainability and the Environment",2,Engineering & Technology,221,Engineering - Electrical & Electronic,36,Engineering,40,Engineering,-,-,SDG 7,"Biogas, Biochar, and Microbial Fuel Cells",69,98.954,Biogas Production Potential from Organic Waste,257,99.728,Definitive,2024.0,3.0,N/A,"Meraz, M.| Castilla, P.| Vernon-Carter, E.J.| Alvarez-Ramirez, J.",Universidad Autónoma Metropolitana,Mexico,0
7004260997,7004260997,Effect of surfactant in the synthesis of CoMo/Al2O3 catalysts obtained by reverse microemulsion for dibenzothiophene hydrodesulfurization,"Munguía-Guillén, J.L.| Vernon-Carter, E.J.| De Los Reyes-Heredia, J.A.| Viveros-GarcÍa, T.",4.0,55535885700| 7004260997| 6701672264| 6603759536,2016.0,2016-01-01,Revista Mexicana de Ingeniera Quimica,15,3,893-902,-,ISSN-16652738,19900192431.0,Journal,Universidad Autonoma Metropolitana Iztapalapa,English,0.64,52,1.3,54,0.296,49,1.21,44.0,3.0,0.22,9.26,62.0,61.0,0.0,0.0,"Munguía-Guillén, J.L., Vernon-Carter, E.J., De Los Reyes-Heredia, J.A. and 1 more (...) (2016).Effect of surfactant in the synthesis of CoMo/Al2O3 catalysts obtained by reverse microemulsion for dibenzothiophene hydrodesulfurization. Revista Mexicana de Ingeniera Quimica,15(3) 893-902",https://www.scopus.com/record/display.url?eid=2-s2.0-85003758564&origin=resultslist,-,Article,,2-s2.0-85003758564,-,Universidad Autónoma Metropolitana,505017,Academic,1.0,60028381,Universidad Autónoma Metropolitana -Unidad Iztapalapa,55535885700,6603759536,6603759536,-,Mexico,1.0,1500,General Chemical Engineering,2,Engineering & Technology,219,Engineering - Chemical,36,Engineering,40| 30| 31,"Engineering| Agricultural, Veterinary And Food Sciences| Biological Sciences",3006| 3106| 4004,Food sciences| Industrial biotechnology| Chemical engineering,-,Catalytic Innovations in Hydrogenation and Desulfurization,1180,44.016,Catalyst Innovations in Hydrodesulfurization Applications,394,94.547,Very Good,2016.0,3.0,N/A,"Munguía-Guillén, J.L.| Vernon-Carter, E.J.| De Los Reyes-Heredia, J.A.| Viveros-GarcÍa, T.",Universidad Autónoma Metropolitana,Mexico,0
7004260997,7004260997,Singular value decomposition entropy of the standing matrix for quantifying competitiveness of soccer leagues,"Vernon-Carter, E.J.| Ochoa-Tapia, J.A.| Alvarez-Ramirez, J.",3.0,7004260997| 56013836800| 55399527300,2023.0,2023-09-01,Physica A: Statistical Mechanics and its Applications,625,-,-,129007,ISSN-03784371,29115.0,Journal,Elsevier B.V.,English,1.05,25,7.2,6,0.661,28,2.48,28.0,3.0,0.47,6.35,49.0,50.0,0.0,0.0,"Vernon-Carter, E.J., Ochoa-Tapia, J.A., Alvarez-Ramirez, J. (2023).Singular value decomposition entropy of the standing matrix for quantifying competitiveness of soccer leagues. Physica A: Statistical Mechanics and its Applications,625",https://www.scopus.com/record/display.url?eid=2-s2.0-85164692598&origin=resultslist,10.1016/j.physa.2023.129007,Article,,2-s2.0-85164692598,-,Universidad Autónoma Metropolitana,505017,Academic,1.0,60028381,Universidad Autónoma Metropolitana -Unidad Iztapalapa,7004260997,55399527300,55399527300,-,Mexico,1.0,2613| 3109,Statistics and Probability| Statistical and Nonlinear Physics,4| 2,Natural Sciences| Engineering & Technology,213| 439| 431| 344,Data Science| Physics & Astronomy| Mathematics| Statistics & Operational Research,37,Physical Sciences,49,Mathematical Sciences,4902| 4901,Mathematical physics| Applied mathematics,-,Dynamics of Financial Markets and Power Law,1053,21.975,Power Law Dynamics in Human Conflict and Structure,55651,45.624,Definitive,2023.0,3.0,N/A,"Vernon-Carter, E.J.| Ochoa-Tapia, J.A.| Alvarez-Ramirez, J.",Universidad Autónoma Metropolitana,Mexico,0
7004260997,7004260997,In Vitro Digestibility and Physicochemical Properties of Huauzontle (Chenopodium nuttalliae) Starch,"López-Monterrubio, D.I.| Lobato-Calleros, C.| Vernon-Carter, E.J.| Alvarez-Ramirez, J.",4.0,57217079857| 6603090042| 7004260997| 55399527300,2023.0,2023-05-01,Starch/Staerke,75,5-6,-,2200206,ISSN-00389056,26489.0,Journal,John Wiley and Sons Inc,English,0.62,53,4.7,36,0.505,39,2.44,49.0,2.0,0.19,10.69,56.0,67.0,0.0,0.0,"López-Monterrubio, D.I., Lobato-Calleros, C., Vernon-Carter, E.J. and 1 more (...) (2023).In Vitro Digestibility and Physicochemical Properties of Huauzontle (Chenopodium nuttalliae) Starch. Starch/Staerke,75(5-6) ",https://www.scopus.com/record/display.url?eid=2-s2.0-85153203068&origin=resultslist,10.1002/star.202200206,Article,Bronze,2-s2.0-85153203068,-,Universidad Autónoma Metropolitana| Universidad Autonoma Chapingo,505017| 505047,Academic,2.0,60010597| 60028381,Universidad Autónoma Chapingo| Universidad Autónoma Metropolitana -Unidad Iztapalapa,57217079857,55399527300,6603090042,-,Mexico,1.0,1106| 1605,Food Science| Organic Chemistry,4| 5| 2,Natural Sciences| Life Sciences & Medicine| Engineering & Technology,409| 249| 502,Chemistry| Engineering - Petroleum| Agriculture & Forestry,37| 32,Physical Sciences| Life Sciences,40| 30,"Engineering| Agricultural, Veterinary And Food Sciences",3006| 4004,Food sciences| Chemical engineering,-,Starch Properties and Applications in Food Science,737,83.584,Esterification and Modification of Starch Properties,9921,96.74,Definitive,2023.0,2.0,N/A,"López-Monterrubio, D.I.| Lobato-Calleros, C.| Vernon-Carter, E.J.| Alvarez-Ramirez, J.",Universidad Autónoma Metropolitana| Universidad Autonoma Chapingo,Mexico,0
7004260997,7004260997,A Fractional-Order Kinetics Approach for Modeling Enzymatic Starch Multiscale Digestion,"Alvarez-Ramirez, J.| Vernon-Carter, E.J.| Bello-Perez, L.A.",3.0,55399527300| 7004260997| 7003824557,2024.0,2024-05-01,Starch/Staerke,76,5-6,-,2300205,ISSN-00389056,26489.0,Journal,John Wiley and Sons Inc,English,0.66,51,5.9,28,0.535,38,1.87,26.0,1.0,0.14,6.91,56.0,67.0,0.0,0.0,"Alvarez-Ramirez, J., Vernon-Carter, E.J., Bello-Perez, L.A. (2024).A Fractional-Order Kinetics Approach for Modeling Enzymatic Starch Multiscale Digestion. Starch/Staerke,76(5-6) ",https://www.scopus.com/record/display.url?eid=2-s2.0-85180468265&origin=resultslist,10.1002/star.202300205,Article,Bronze,2-s2.0-85180468265,-,Universidad Autónoma Metropolitana| Instituto Politécnico Nacional,505017| 505011,Academic,2.0,60028381| 60019176,Universidad Autónoma Metropolitana -Unidad Iztapalapa| Instituto Politécnico Nacional,55399527300,7003824557,55399527300,-,Mexico,1.0,1106| 1605,Food Science| Organic Chemistry,4| 2| 5,Natural Sciences| Engineering & Technology| Life Sciences & Medicine,502| 249| 409,Agriculture & Forestry| Engineering - Petroleum| Chemistry,32| 37,Life Sciences| Physical Sciences,30| 40,"Agricultural, Veterinary And Food Sciences| Engineering",3006| 4004,Food sciences| Chemical engineering,-,Starch Properties and Applications in Food Science,737,83.584,Starch Properties and Applications in Food Science,99,99.766,Definitive,2024.0,1.0,N/A,"Alvarez-Ramirez, J.| Vernon-Carter, E.J.| Bello-Perez, L.A.",Universidad Autónoma Metropolitana| Instituto Politécnico Nacional,Mexico,0
7004260997,7004260997,Modified huauzontle (Chenopodium nuttalliae Saff.) protein-octenyl succinic anhydride corn starch soluble complexes: structural features and in vitro protein and starch digestibility,"Herrero-Galindo, A.| López-Monterrubio, D.I.| Aguirre-Mandujano, E.| Hernández-Rodríguez, B.E.| Lobato-Calleros, C.| Vernon-Carter, E.J.",6.0,59321323100| 57217079857| 6505894687| 56074846400| 6603090042| 7004260997,2024.0,2024-10-01,Journal of Food Measurement and Characterization,18,10,8702-8719,-,ISSN-21934126,21100224010.0,Journal,Springer,English,0.9,36,6.3,20,0.693,26,1.19,22.0,1.0,0.12,8.37,56.0,68.0,0.0,0.0,"Herrero-Galindo, A., López-Monterrubio, D.I., Aguirre-Mandujano, E. and 3 more (...) (2024).Modified huauzontle (Chenopodium nuttalliae Saff.) protein-octenyl succinic anhydride corn starch soluble complexes: structural features and in vitro protein and starch digestibility. Journal of Food Measurement and Characterization,18(10) 8702-8719",https://www.scopus.com/record/display.url?eid=2-s2.0-85204109080&origin=resultslist,10.1007/s11694-024-02836-9,Article,,2-s2.0-85204109080,-,Universidad Autónoma Metropolitana| Universidad Autonoma Chapingo,505017| 505047,Academic,2.0,60010597| 60028381,Universidad Autónoma Chapingo| Universidad Autónoma Metropolitana -Unidad Iztapalapa,59321323100,7004260997,6603090042,-,Mexico,1.0,1106| 1500| 2209| 2213,"Food Science| General Chemical Engineering| Industrial and Manufacturing Engineering| Safety, Risk, Reliability and Quality",5| 2,Life Sciences & Medicine| Engineering & Technology,219| 222| 502| 249,Engineering - Chemical| Engineering - Mechanical| Agriculture & Forestry| Engineering - Petroleum,32| 36,Life Sciences| Engineering,30| 32,"Agricultural, Veterinary And Food Sciences| Biomedical And Clinical Sciences",3008| 3210| 3006,Horticultural production| Nutrition and dietetics| Food sciences,-,Protein Emulsification and Functional Food Applications,582,95.487,Functional Properties of Plant Proteins in Food Applications,4008,99.802,Definitive,2024.0,1.0,N/A,"Herrero-Galindo, A.| López-Monterrubio, D.I.| Aguirre-Mandujano, E.| Hernández-Rodríguez, B.E.| Lobato-Calleros, C.| Vernon-Carter, E.J.",Universidad Autónoma Metropolitana| Universidad Autonoma Chapingo,Mexico,0
7004260997,7004260997,A simple two-compartment model for analysis of feedback control of glucose regulation,"Martinez, F.| Rodriguez, E.| Vernon-Carter, E.J.| Alvarez-Ramirez, J.",4.0,57644677700| 35112460500| 7004260997| 55399527300,2022.0,2022-02-01,Biomedical Signal Processing and Control,72,-,-,103363,ISSN-17468094,4700152237.0,Journal,Elsevier Ltd,English,1.54,12,8.2,16,1.071,17,1.33,29.0,1.0,0.07,15.29,70.0,78.0,0.0,0.0,"Martinez, F., Rodriguez, E., Vernon-Carter, E.J. and 1 more (...) (2022).A simple two-compartment model for analysis of feedback control of glucose regulation. Biomedical Signal Processing and Control,72",https://www.scopus.com/record/display.url?eid=2-s2.0-85119067184&origin=resultslist,10.1016/j.bspc.2021.103363,Article,,2-s2.0-85119067184,-,Universidad Autónoma Metropolitana,505017,Academic,1.0,60028381,Universidad Autónoma Metropolitana -Unidad Iztapalapa,57644677700,55399527300,57644677700,-,Mexico,1.0,1711| 2718,Signal Processing| Health Informatics,2| 5,Engineering & Technology| Life Sciences & Medicine,212| 213| 532,Computer Science & Information Systems| Data Science| Medicine,34| 38,Medical and Health| Computer Science,30| 40,"Agricultural, Veterinary And Food Sciences| Engineering",4003| 3006,Biomedical engineering| Food sciences,SDG 3,Innovative Approaches in Diabetes Management and Monitoring,16,94.375,Artificial Pancreas Systems for Diabetes Management,2746,98.856,Very Good,2022.0,1.0,N/A,"Martinez, F.| Rodriguez, E.| Vernon-Carter, E.J.| Alvarez-Ramirez, J.",Universidad Autónoma Metropolitana,Mexico,0
7004260997,7004260997,A memory-based approach to modeling chemical reaction kinetics,"Vernon-Carter, E.J.| Alvarez-Ramirez, J.",2.0,7004260997| 55399527300,2024.0,2024-04-01,"Reaction Kinetics, Mechanisms and Catalysis",137,2,737-753,-,ISSN-18785190,19500157076.0,Journal,Springer Science and Business Media B.V.,English,0.52,62,3.3,66,0.363,63,1.45,18.0,1.0,0.12,8.59,56.0,68.0,0.0,0.0,"Vernon-Carter, E.J., Alvarez-Ramirez, J. (2024).A memory-based approach to modeling chemical reaction kinetics. Reaction Kinetics, Mechanisms and Catalysis,137(2) 737-753",https://www.scopus.com/record/display.url?eid=2-s2.0-85185101620&origin=resultslist,10.1007/s11144-024-02593-2,Article,,2-s2.0-85185101620,-,Universidad Autónoma Metropolitana,505017,Academic,1.0,60028381,Universidad Autónoma Metropolitana -Unidad Iztapalapa,7004260997,55399527300,55399527300,-,Mexico,1.0,1503| 1606,Catalysis| Physical and Theoretical Chemistry,2| 4,Engineering & Technology| Natural Sciences,409| 219| 249,Chemistry| Engineering - Chemical| Engineering - Petroleum,36| 37,Engineering| Physical Sciences,34,Chemical Sciences,3406,Physical chemistry,-,Starch Properties and Applications in Food Science,737,83.584,Starch Properties and Applications in Food Science,99,99.766,Definitive,2024.0,1.0,N/A,"Vernon-Carter, E.J.| Alvarez-Ramirez, J.",Universidad Autónoma Metropolitana,Mexico,0
7004260997,7004260997,A bootstrap approach for the reliable estimation of digestible starch fractions from digestograms,"Vernon-Carter, E.J.| Bello-Perez, L.A.| Perez-Alonso, C.| Alvarez-Ramirez, J.",4.0,7004260997| 7003824557| 6507830886| 55399527300,2024.0,2024-06-01,Journal of Food Measurement and Characterization,18,6,4558-4570,-,ISSN-21934126,21100224010.0,Journal,Springer,English,0.9,36,6.3,20,0.693,26,1.3,24.0,0.0,0.0,8.37,70.0,70.0,0.0,0.0,"Vernon-Carter, E.J., Bello-Perez, L.A., Perez-Alonso, C. and 1 more (...) (2024).A bootstrap approach for the reliable estimation of digestible starch fractions from digestograms. Journal of Food Measurement and Characterization,18(6) 4558-4570",https://www.scopus.com/record/display.url?eid=2-s2.0-85191143942&origin=resultslist,10.1007/s11694-024-02514-w,Article,,2-s2.0-85191143942,-,Universidad Autónoma Metropolitana| Universidad Autonoma del Estado de Mexico| Instituto Politécnico Nacional,505017| 505051| 505011,Academic,3.0,60028381| 60019176| 60002281,Universidad Autónoma Metropolitana -Unidad Iztapalapa| Instituto Politécnico Nacional| Universidad Autónoma del Estado de México,7004260997,55399527300,55399527300,-,Mexico,1.0,1106| 1500| 2209| 2213,"Food Science| General Chemical Engineering| Industrial and Manufacturing Engineering| Safety, Risk, Reliability and Quality",2| 5,Engineering & Technology| Life Sciences & Medicine,222| 502| 249| 219,Engineering - Mechanical| Agriculture & Forestry| Engineering - Petroleum| Engineering - Chemical,32| 36,Life Sciences| Engineering,32| 30,"Biomedical And Clinical Sciences| Agricultural, Veterinary And Food Sciences",3008| 3006| 3210,Horticultural production| Food sciences| Nutrition and dietetics,-,Starch Properties and Applications in Food Science,737,83.584,Starch Properties and Applications in Food Science,99,99.766,Definitive,2024.0,0.0,N/A,"Vernon-Carter, E.J.| Bello-Perez, L.A.| Perez-Alonso, C.| Alvarez-Ramirez, J.",Universidad Autónoma Metropolitana| Universidad Autonoma del Estado de Mexico| Instituto Politécnico Nacional,Mexico,0
7004260997,7004260997,A singular value decomposition approach for the derivation of the Michaelis-Menten equation,"Ochoa-Tapia, J.A.| Vernon-Carter, E.J.| Alvarez-Ramirez, J.",3.0,56013836800| 7004260997| 55399527300,2023.0,2023-01-01,Revista Mexicana de Ingeniera Quimica,22,3,-,Bio2366,ISSN-16652738,19900192431.0,Journal,Universidad Autonoma Metropolitana,English,0.36,74,3.6,50,0.266,61,0.33,7.0,0.0,0.0,13.01,77.0,77.0,0.0,0.0,"Ochoa-Tapia, J.A., Vernon-Carter, E.J., Alvarez-Ramirez, J. (2023).A singular value decomposition approach for the derivation of the Michaelis-Menten equation. Revista Mexicana de Ingeniera Quimica,22(3) ",https://www.scopus.com/record/display.url?eid=2-s2.0-85179737606&origin=resultslist,10.24275/rmiq/Bio2366,Article,Bronze,2-s2.0-85179737606,-,Universidad Autónoma Metropolitana,505017,Academic,1.0,60028381,Universidad Autónoma Metropolitana -Unidad Iztapalapa,56013836800,55399527300,55399527300,-,Mexico,1.0,1500,General Chemical Engineering,2,Engineering & Technology,219,Engineering - Chemical,36,Engineering,30| 31| 40,"Agricultural, Veterinary And Food Sciences| Biological Sciences| Engineering",3006| 4004| 3106,Food sciences| Chemical engineering| Industrial biotechnology,-,Synthetic Biology Models in Metabolic Engineering,560,70.7,Enzyme Kinetics and Modeling,16648,63.41,Definitive,2023.0,0.0,N/A,"Ochoa-Tapia, J.A.| Vernon-Carter, E.J.| Alvarez-Ramirez, J.",Universidad Autónoma Metropolitana,Mexico,0
