Autor,Autor_ID,Title,Authors,Number of Authors,Scopus Author Ids,Year,Full date,Scopus Source title,Volume,Issue,Pages,Article number,ISSN,Source ID,Source type,Publisher,Language,SNIP (publication year),SNIP percentile (publication year) *,CiteScore (publication year),CiteScore percentile (publication year) *,SJR (publication year),SJR percentile (publication year) *,Field-Weighted View Impact,Views,Citations,Field-Weighted Citation Impact,Field-Citation Average,"Outputs in Top Citation Percentiles, per percentile","Field-Weighted Outputs in Top Citation Percentiles, per percentile",Main patent families,Policy citations,Reference,Abstract,DOI,Publication type,Open Access,EID,PubMed ID,Institutions,Institution IDs,Sector,Number of Institutions,Scopus Affiliation IDs,Scopus Affiliation names,Scopus Author ID First Author,Scopus Author ID Last Author,Scopus Author ID Corresponding Author,Scopus Author ID Single Author,Country/Region,Number of Countries/Regions,All Science Journal Classification (ASJC) code,All Science Journal Classification (ASJC) field name,Quacquarelli Symonds (QS) Subject area code,Quacquarelli Symonds (QS) Subject area field name,Quacquarelli Symonds (QS) Subject code,Quacquarelli Symonds (QS) Subject field name,Times Higher Education (THE) code,Times Higher Education (THE) field name,ANZSRC FoR (2020) parent code,ANZSRC FoR (2020) parent name,ANZSRC FoR (2020) code,ANZSRC FoR (2020) name,Sustainable Development Goals (2025),Topic Cluster name,Topic Cluster number,Topic Cluster Prominence Percentile,Topic name,Topic number,Topic Prominence Percentile,Publication link to Topic strength,Año,Citas,Colaboracion,Autores,Instituciones,Regiones,Instituciones_Nacionales
6506739367,6506739367,Effects of human-animal relationship on animal productivity and welfare,"Mota-Rojas, D.| Broom, D.M.| Orihuela, A.| Velarde, A.| Napolitano, F.| Alonso-Spilsbury, M.",6.0,6506739367| 57203031813| 7003430617| 6701775922| 7003837061| 6603136227,2020.0,2020-01-01,Journal of Animal Behaviour and Biometeorology,8,3,196-205,-,ISSN-23181265,21100791269.0,Journal,Malque Publishing,English,0.79,45,1.2,66,0.238,73,3.26,73.0,113.0,8.53,9.26,3.0,2.0,0.0,0.0,"Mota-Rojas, D., Broom, D.M., Orihuela, A. and 3 more (...) (2020).Effects of human-animal relationship on animal productivity and welfare. Journal of Animal Behaviour and Biometeorology,8(3) 196-205",https://www.scopus.com/record/display.url?eid=2-s2.0-85088986358&origin=resultslist,10.31893/JABB.20026,Article,Gold,2-s2.0-85088986358,-,Universidad Autonoma del Estado de Morelos| University of Basilicata| University of Cambridge| Universidad Autónoma Metropolitana| Institute of Agrifood Research and Technology| Generalitat de Catalunya,505016| 321028| 315068| 505017| 312133| 704484,Academic| Government,6.0,60014923| 60031101| 60025626| 60031261| 60020919,Universidad Autónoma Metropolitana| University of Cambridge| Universidad Autónoma del Estado de Morelos| Institut de Recerca I Technologia Agroalimentaries| Università degli Studi della Basilicata,6506739367,6603136227,7003430617,-,United Kingdom| Spain| Mexico| Italy,4.0,1103| 1902| 2303,Animal Science and Zoology| Atmospheric Science| Ecology,4| 5,Natural Sciences| Life Sciences & Medicine,450| 424| 502| 451| 416,Geology| Environmental Sciences| Agriculture & Forestry| Geophysics| Earth & Marine Sciences,37| 32,Physical Sciences| Life Sciences,31| 30,"Biological Sciences| Agricultural, Veterinary And Food Sciences",3003| 3009| 3109,Animal production| Veterinary sciences| Zoology,SDG 2,Animal Welfare and Production in Livestock Systems,1094,40.419,Animal Temperament and Human Interaction,10708,83.159,Definitive,2020.0,113.0,N/A,"Mota-Rojas, D.| Broom, D.M.| Orihuela, A.| Velarde, A.| Napolitano, F.| Alonso-Spilsbury, M.",Universidad Autonoma del Estado de Morelos| University of Basilicata| University of Cambridge| Universidad Autónoma Metropolitana| Institute of Agrifood Research and Technology| Generalitat de Catalunya,United Kingdom| Spain| Mexico| Italy,0
6506739367,6506739367,"Similarities and differences between river buffaloes and cattle: Health, physiological, behavioral and productivity aspects","Bertoni, A.| Napolitano, F.| Mota-Rojas, D.| Sabia, E.| Álvarez-Macías, A.| Mora-Medina, P.| Morales-Canela, A.| Berdugo-Gutiérrez, J.| Guerrero-Legarreta, I.",9.0,57218366068| 7003837061| 6506739367| 55885116100| 51560912900| 54383862300| 57218368040| 57160198100| 55989647900,2020.0,2020-01-01,Journal of Buffalo Science,9,-,92-109,-,ISSN-1927520X,21100934922.0,Journal,Lifescience Global,English,0.29,77,0.7,70,0.126,91,3.07,78.0,56.0,5.86,5.97,7.0,2.0,0.0,0.0,"Bertoni, A., Napolitano, F., Mota-Rojas, D. and 6 more (...) (2020).Similarities and differences between river buffaloes and cattle: Health, physiological, behavioral and productivity aspects. Journal of Buffalo Science,992-109",https://www.scopus.com/record/display.url?eid=2-s2.0-85088948372&origin=resultslist,10.6000/1927-520X.2020.09.12,Article,Gold|Green,2-s2.0-85088948372,-,Free University of Bozen-Bolzano| University of Basilicata| Universidad Autónoma Metropolitana| Universidad Nacional de Colombia| Universidad Nacional Autónoma de México,705005| 321028| 505017| 604004| 505023,Academic,5.0,60010210| 60020919| 60009914| 60032442| 60172565| 110855000| 60055696| 60028381,Universidad Autónoma Metropolitana Unidad Xochimilco| Università degli Studi della Basilicata| Free University of Bozen-Bolzano| Universidad Nacional Autónoma de México| Facultad de Estudios Superiores Cuautitlán| EARTH University| Universidad Nacional de Colombia| Universidad Autónoma Metropolitana -Unidad Iztapalapa,57218366068,55989647900,6506739367| 55989647900,-,Mexico| Costa Rica| Colombia| Italy,4.0,1103| 3400,Animal Science and Zoology| General Veterinary,5,Life Sciences & Medicine,502| 546,Agriculture & Forestry| Veterinary Science,32,Life Sciences,30| 31,"Agricultural, Veterinary And Food Sciences| Biological Sciences",3009| 3003| 3109,Veterinary sciences| Animal production| Zoology,-,Reproductive Efficiency in Dairy and Meat Production,906,31.001,Innovative Approaches to Dual-Purpose Cattle Production,66306,48.155,Defensible,2020.0,56.0,N/A,"Bertoni, A.| Napolitano, F.| Mota-Rojas, D.| Sabia, E.| Álvarez-Macías, A.| Mora-Medina, P.| Morales-Canela, A.| Berdugo-Gutiérrez, J.| Guerrero-Legarreta, I.",Free University of Bozen-Bolzano| University of Basilicata| Universidad Autónoma Metropolitana| Universidad Nacional de Colombia| Universidad Nacional Autónoma de México,Mexico| Costa Rica| Colombia| Italy,0
6506739367,6506739367,Neurobiology of anesthetic-surgical stress and induced behavioral changes in dogs and cats: A review,"Hernández-Avalos, I.| Flores-Gasca, E.| Mota-Rojas, D.| Casas-Alvarado, A.| Miranda-Cortés, A.E.| Domínguez-Oliva, A.",6.0,57214934466| 57223115981| 6506739367| 57216196260| 57214937320| 57223116454,2021.0,2021-02-01,Veterinary World,14,2,393-404,-,ISSN-09728988,21100201717.0,Journal,Veterinary World,English,1.14,25,3,21,0.457,32,1.64,32.0,53.0,7.61,5.39,6.0,2.0,0.0,0.0,"Hernández-Avalos, I., Flores-Gasca, E., Mota-Rojas, D. and 3 more (...) (2021).Neurobiology of anesthetic-surgical stress and induced behavioral changes in dogs and cats: A review. Veterinary World,14(2) 393-404",https://www.scopus.com/record/display.url?eid=2-s2.0-85104899903&origin=resultslist,10.14202/vetworld.2021.393-404,Article,Gold|Green,2-s2.0-85104899903,-,Universidad Autónoma Metropolitana| Universidad Nacional Autónoma de México,505017| 505023,Academic,2.0,60032442| 60014923,Universidad Nacional Autónoma de México| Universidad Autónoma Metropolitana,57214934466,57223116454,57214934466,-,Mexico,1.0,3400,General Veterinary,5,Life Sciences & Medicine,546,Veterinary Science,32,Life Sciences,31| 30,"Biological Sciences| Agricultural, Veterinary And Food Sciences",3109| 3009,Zoology| Veterinary sciences,-,Pain Management and Imaging Techniques,616,31.785,Veterinary Pain Management in Canines and Felines,12143,82.352,Very Good,2021.0,53.0,N/A,"Hernández-Avalos, I.| Flores-Gasca, E.| Mota-Rojas, D.| Casas-Alvarado, A.| Miranda-Cortés, A.E.| Domínguez-Oliva, A.",Universidad Autónoma Metropolitana| Universidad Nacional Autónoma de México,Mexico,0
6506739367,6506739367,Infrared thermal imaging associated with pain in laboratory animals,"Mota-Rojas, D.| Olmos-Hernández, A.| Verduzco-Mendoza, A.| Lecona-Butrón, H.| Martínez-Burnes, J.| Mora-Medina, P.| Gómez-Prado, J.| Orihuela, A.",8.0,6506739367| 57208824733| 8299191000| 12786797300| 6603432183| 54383862300| 57219238926| 7003430617,2021.0,2021-01-01,Experimental Animals,70,1,1-12,-,ISSN-13411357,27182.0,Journal,International Press Editing Centre Incorporation,English,0.6,57,2.4,30,0.349,39,2.28,43.0,42.0,4.42,7.7,8.0,4.0,0.0,0.0,"Mota-Rojas, D., Olmos-Hernández, A., Verduzco-Mendoza, A. and 5 more (...) (2021).Infrared thermal imaging associated with pain in laboratory animals. Experimental Animals,70(1) 1-12",https://www.scopus.com/record/display.url?eid=2-s2.0-85101100900&origin=resultslist,10.1538/EXPANIM.20-0052,Article,Gold|Green,2-s2.0-85101100900,32848100,Universidad Autónoma de Tamaulipas| Universidad Autonoma del Estado de Morelos| Universidad Autónoma Metropolitana| Instituto Nacional de Rehabilitación| Universidad Nacional Autónoma de México,714293| 505016| 505017| 715278| 505023,Medical| Academic,5.0,60014923| 60084250| 60019607| 60032442| 60172565| 60025626,Universidad Autónoma Metropolitana| Instituto Nacional de Rehabilitación| Universidad Autónoma de Tamaulipas| Universidad Nacional Autónoma de México| Facultad de Estudios Superiores Cuautitlán| Universidad Autónoma del Estado de Morelos,6506739367,7003430617,6506739367,-,Mexico,1.0,1103| 1300| 3400,"Animal Science and Zoology| General Biochemistry,Genetics and Molecular Biology| General Veterinary",5,Life Sciences & Medicine,507| 502| 546,Biological Sciences| Agriculture & Forestry| Veterinary Science,32,Life Sciences,31,Biological Sciences,3109,Zoology,-,Optimizing Poultry Production and Welfare Strategies,1037,49.836,Thermal Imaging Applications in Animal Health Monitoring,25608,87.751,Very Good,2021.0,42.0,N/A,"Mota-Rojas, D.| Olmos-Hernández, A.| Verduzco-Mendoza, A.| Lecona-Butrón, H.| Martínez-Burnes, J.| Mora-Medina, P.| Gómez-Prado, J.| Orihuela, A.",Universidad Autónoma de Tamaulipas| Universidad Autonoma del Estado de Morelos| Universidad Autónoma Metropolitana| Instituto Nacional de Rehabilitación| Universidad Nacional Autónoma de México,Mexico,0
6506739367,6506739367,Clinical usefulness of infrared thermography to detect sick animals: frequent and current cases,"Mota-Rojas, D.| Martínez-Burnes, J.| Casas-Alvarado, A.| Gómez-Prado, J.| Hernández-Ávalos, I.| Domínguez-Oliva, A.| Lezama-García, K.| Jacome-Romero, J.| Rodríguez-González, D.| Pereira, A.M.F.",10.0,6506739367| 6603432183| 57216196260| 57219238926| 57214934466| 57223116454| 57210803993| 57925823500| 57202747775| 36894305700,2022.0,2022-01-01,"CAB Reviews: Perspectives in Agriculture, Veterinary Science, Nutrition and Natural Resources ",2022,-,-,040,ISSN-17498848,19400158376.0,Journal,CABI International,English,0.45,67,3.1,22,0.323,42,0.42,9.0,35.0,4.62,7.36,8.0,3.0,0.0,0.0,"Mota-Rojas, D., Martínez-Burnes, J., Casas-Alvarado, A. and 7 more (...) (2022).Clinical usefulness of infrared thermography to detect sick animals: frequent and current cases. CAB Reviews: Perspectives in Agriculture, Veterinary Science, Nutrition and Natural Resources ,2022",https://www.scopus.com/record/display.url?eid=2-s2.0-85144076694&origin=resultslist,10.1079/cabireviews202217040,Article,Green,2-s2.0-85144076694,-,Universidad Autónoma de Tamaulipas| Universidad Autónoma Metropolitana| Universidad Nacional Autónoma de México| University of Évora,714293| 505017| 505023| 328003,Academic,4.0,60010210| 60014923| 60019607| 60032442| 60094258| 60029257,"Universidad Autónoma Metropolitana Unidad Xochimilco| Universidad Autónoma Metropolitana| Universidad Autónoma de Tamaulipas| Universidad Nacional Autónoma de México| MED – Instituto Mediterrâneo para a Agricultura, Ambiente e Desenvolvimento| University of Évora",6506739367,36894305700,6506739367,-,Mexico| Portugal,2.0,1100| 2309| 3400,General Agricultural and Biological Sciences| Nature and Landscape Conservation| General Veterinary,5| 3,Life Sciences & Medicine| Social Sciences & Management,546| 502| 424,Veterinary Science| Agriculture & Forestry| Environmental Sciences,37| 32,Physical Sciences| Life Sciences,30,"Agricultural, Veterinary And Food Sciences",-,-,-,Optimizing Poultry Production and Welfare Strategies,1037,49.836,Thermal Imaging Applications in Animal Health Monitoring,25608,87.751,Definitive,2022.0,35.0,N/A,"Mota-Rojas, D.| Martínez-Burnes, J.| Casas-Alvarado, A.| Gómez-Prado, J.| Hernández-Ávalos, I.| Domínguez-Oliva, A.| Lezama-García, K.| Jacome-Romero, J.| Rodríguez-González, D.| Pereira, A.M.F.",Universidad Autónoma de Tamaulipas| Universidad Autónoma Metropolitana| Universidad Nacional Autónoma de México| University of Évora,Mexico| Portugal,0
6506739367,6506739367,"River buffalo meat production and quality: Sustainability, productivity, nutritional and sensory properties","Guerrero-Legarreta, I.| Napolitano, F.| Cruz-Monterrosa, R.| Mota-Rojas, D.| Mora-Medina, P.| Ramírez-Bribiesca, E.| Bertoni, A.| Berdugo-Gutiérrez, J.| Braghieri, A.",9.0,55989647900| 7003837061| 25221499100| 6506739367| 54383862300| 12242422900| 57218366068| 57160198100| 6603734060,2020.0,2020-01-01,Journal of Buffalo Science,9,-,159-169,-,ISSN-1927520X,21100934922.0,Journal,Lifescience Global,English,0.29,77,0.7,70,0.126,91,2.29,52.0,35.0,3.85,5.97,13.0,5.0,0.0,0.0,"Guerrero-Legarreta, I., Napolitano, F., Cruz-Monterrosa, R. and 6 more (...) (2020).River buffalo meat production and quality: Sustainability, productivity, nutritional and sensory properties. Journal of Buffalo Science,9159-169",https://www.scopus.com/record/display.url?eid=2-s2.0-85089102877&origin=resultslist,10.6000/1927-520X.2020.09.17,Article,Gold|Green,2-s2.0-85089102877,-,University of Basilicata| Universidad Autónoma Metropolitana| Universidad Nacional de Colombia| Colegio de Postgraduados| Universidad Nacional Autónoma de México,321028| 505017| 604004| 505003| 505023,Academic,5.0,60028381| 60020919| 60112837| 60010210| 60032442| 60033065| 60055696,Universidad Autónoma Metropolitana -Unidad Iztapalapa| Università degli Studi della Basilicata| Universidad Autónoma Metropolitana-Lerma| Universidad Autónoma Metropolitana Unidad Xochimilco| Universidad Nacional Autónoma de México| Colegio De Postgraduados Campus Montecillo| Universidad Nacional de Colombia,55989647900,6603734060,55989647900,-,Mexico| Colombia| Italy,3.0,1103| 3400,Animal Science and Zoology| General Veterinary,5,Life Sciences & Medicine,546| 502,Veterinary Science| Agriculture & Forestry,32,Life Sciences,30| 31,"Agricultural, Veterinary And Food Sciences| Biological Sciences",3009| 3003| 3109,Veterinary sciences| Animal production| Zoology,-,Meat Quality and Composition in Livestock,1321,37.802,Meat Quality and Tenderness in Beef Production,1562,94.351,Very Good,2020.0,35.0,N/A,"Guerrero-Legarreta, I.| Napolitano, F.| Cruz-Monterrosa, R.| Mota-Rojas, D.| Mora-Medina, P.| Ramírez-Bribiesca, E.| Bertoni, A.| Berdugo-Gutiérrez, J.| Braghieri, A.",University of Basilicata| Universidad Autónoma Metropolitana| Universidad Nacional de Colombia| Colegio de Postgraduados| Universidad Nacional Autónoma de México,Mexico| Colombia| Italy,0
6506739367,6506739367,Dairy buffalo behaviour and welfare from calving to milking,"Mota-Rojas, D.| De Rosa, G.| Mora-Medina, P.| Braghieri, A.| Guerrero-Legarreta, I.| Napolitano, F.",6.0,6506739367| 57209783434| 54383862300| 6603734060| 55989647900| 7003837061,2019.0,2019-01-01,"CAB Reviews: Perspectives in Agriculture, Veterinary Science, Nutrition and Natural Resources",14,-,-,-,ISSN-17498848,19400158376.0,Journal,CABI International,English,0.45,69,1.2,43,0.232,56,1.94,46.0,34.0,3.32,6.64,15.0,6.0,0.0,0.0,"Mota-Rojas, D., De Rosa, G., Mora-Medina, P. and 3 more (...) (2019).Dairy buffalo behaviour and welfare from calving to milking. CAB Reviews: Perspectives in Agriculture, Veterinary Science, Nutrition and Natural Resources,14",https://www.scopus.com/record/display.url?eid=2-s2.0-85071609836&origin=resultslist,10.1079/PAVSNNR201914035,Article,,2-s2.0-85071609836,-,University of Basilicata| Universidad Autónoma Metropolitana| University of Naples Federico II| Universidad Nacional Autónoma de México,321028| 505017| 321057| 505023,Academic,4.0,60014923| 60017293| 60172565| 60032442| 60020919| 60028381,Universidad Autónoma Metropolitana| Università degli Studi di Napoli Federico II| Facultad de Estudios Superiores Cuautitlán| Universidad Nacional Autónoma de México| Università degli Studi della Basilicata| Universidad Autónoma Metropolitana -Unidad Iztapalapa,6506739367,7003837061,6506739367,-,Mexico| Italy,2.0,1100| 2309| 3400,General Agricultural and Biological Sciences| Nature and Landscape Conservation| General Veterinary,5| 3,Life Sciences & Medicine| Social Sciences & Management,424| 546| 502,Environmental Sciences| Veterinary Science| Agriculture & Forestry,32| 37,Life Sciences| Physical Sciences,30,"Agricultural, Veterinary And Food Sciences",-,-,-,Animal Welfare and Production in Livestock Systems,1094,40.419,Animal Temperament and Human Interaction,10708,83.159,Very Good,2019.0,34.0,N/A,"Mota-Rojas, D.| De Rosa, G.| Mora-Medina, P.| Braghieri, A.| Guerrero-Legarreta, I.| Napolitano, F.",University of Basilicata| Universidad Autónoma Metropolitana| University of Naples Federico II| Universidad Nacional Autónoma de México,Mexico| Italy,0
6506739367,6506739367,Is vitality assessment important in neonatal animals?,"Mota-Rojas, D.| López, A.| Martínez-Burnes, J.| Muns, R.| Villanueva-García, D.| Mora-Medina, P.| González-Lozano, M.| Olmos-Hernández, A.| Ramírez-Necoechea, R.",9.0,6506739367| 7401455408| 6603432183| 6507755800| 9041700200| 54383862300| 56013674900| 57208824733| 56013707100,2018.0,2018-01-01,"CAB Reviews: Perspectives in Agriculture, Veterinary Science, Nutrition and Natural Resources",13,36,-,3036,ISSN-17498848,19400158376.0,Journal,CABI International,English,0.57,60,1,49,0.256,54,0.23,16.0,33.0,2.23,6.28,17.0,11.0,0.0,0.0,"Mota-Rojas, D., López, A., Martínez-Burnes, J. and 6 more (...) (2018).Is vitality assessment important in neonatal animals?. CAB Reviews: Perspectives in Agriculture, Veterinary Science, Nutrition and Natural Resources,13(36) ",https://www.scopus.com/record/display.url?eid=2-s2.0-85105934606&origin=resultslist,10.1079/PAVSNNR201813036,Article,,2-s2.0-85105934606,-,Universidad Autónoma de Tamaulipas| University of Prince Edward Island| Universidad Autónoma Metropolitana| Hospital Infantil de Mexico Federico Gomez| Agri-Food and Biosciences Institute| Universidad Nacional Autónoma de México| Queen's University Belfast,714293| 501045| 505017| 505033| 708629| 505023| 315048,Medical| Academic| Government,7.0,60014923| 60007655| 60005845| 60019607| 60096990| 60000328| 60172565| 60032442| 60013839,"Universidad Autónoma Metropolitana| University of Prince Edward Island| University of Prince Edward Island Atlantic Veterinary College| Universidad Autónoma de Tamaulipas| Agri-Food and Biosciences Institute, Belfast| Hospital Infantil de México Federico Gómez| Facultad de Estudios Superiores Cuautitlán| Universidad Nacional Autónoma de México| Secretaria de Salud",6506739367,56013707100,6506739367,-,United Kingdom| Mexico| Canada,3.0,1100| 2309| 3400,General Agricultural and Biological Sciences| Nature and Landscape Conservation| General Veterinary,3| 5,Social Sciences & Management| Life Sciences & Medicine,424| 502| 546,Environmental Sciences| Agriculture & Forestry| Veterinary Science,32| 37,Life Sciences| Physical Sciences,30,"Agricultural, Veterinary And Food Sciences",-,-,SDG 3,Animal Welfare and Production in Livestock Systems,1094,40.419,Enhancing Piglet Welfare through Sows' Management,10337,87.723,Very Good,2018.0,33.0,N/A,"Mota-Rojas, D.| López, A.| Martínez-Burnes, J.| Muns, R.| Villanueva-García, D.| Mora-Medina, P.| González-Lozano, M.| Olmos-Hernández, A.| Ramírez-Necoechea, R.",Universidad Autónoma de Tamaulipas| University of Prince Edward Island| Universidad Autónoma Metropolitana| Hospital Infantil de Mexico Federico Gomez| Agri-Food and Biosciences Institute| Universidad Nacional Autónoma de México| Queen's University Belfast,United Kingdom| Mexico| Canada,0
6506739367,6506739367,Outcomes of gestation length in relation to farrowing performance in sows and daily weight gain and metabolic profiles in piglets,"Mota-Rojas, D.| Fierro, R.| Roldan-Santiago, P.| Orozco-Gregorio, H.| González-Lozano, M.| Bonilla, H.| Martínez-Rodríguez, R.| García-Herrera, R.| Mora-Medina, P.| Flores-Peinado, S.| Sánchez, M.| Ramírez-Necoechea, R.",12.0,6506739367| 56013849800| 42262742600| 16402379000| 56013674900| 57188763848| 44361191800| 56223703300| 54383862300| 14032985600| 57198647013| 56013707100,2015.0,2015-01-01,Animal Production Science,55,1,93-100,-,ISSN-18360939,16900154706.0,Journal,CSIRO,English,0.68,49,2.4,26,0.555,32,2.04,66.0,30.0,1.42,5.65,20.0,20.0,0.0,0.0,"Mota-Rojas, D., Fierro, R., Roldan-Santiago, P. and 9 more (...) (2015).Outcomes of gestation length in relation to farrowing performance in sows and daily weight gain and metabolic profiles in piglets. Animal Production Science,55(1) 93-100",https://www.scopus.com/record/display.url?eid=2-s2.0-84915745275&origin=resultslist,10.1071/AN13175,Article,,2-s2.0-84915745275,-,Universidad Autónoma Metropolitana| Universidad Juarez Autonoma de Tabasco| Universidad Nacional Autónoma de México,505017| 705961| 505023,Academic,3.0,60010210| 60028381| 60032442| 60025378,Universidad Autónoma Metropolitana Unidad Xochimilco| Universidad Autónoma Metropolitana -Unidad Iztapalapa| Universidad Nacional Autónoma de México| Universidad Juárez Autónoma de Tabasco,6506739367,56013707100,6506739367,-,Mexico,1.0,1103| 1106,Animal Science and Zoology| Food Science,5,Life Sciences & Medicine,502,Agriculture & Forestry,32,Life Sciences,31| 41| 30,"Biological Sciences| Environmental Sciences| Agricultural, Veterinary And Food Sciences",-,-,-,Animal Welfare and Production in Livestock Systems,1094,40.419,Enhancing Piglet Welfare through Sows' Management,10337,87.723,Definitive,2015.0,30.0,N/A,"Mota-Rojas, D.| Fierro, R.| Roldan-Santiago, P.| Orozco-Gregorio, H.| González-Lozano, M.| Bonilla, H.| Martínez-Rodríguez, R.| García-Herrera, R.| Mora-Medina, P.| Flores-Peinado, S.| Sánchez, M.| Ramírez-Necoechea, R.",Universidad Autónoma Metropolitana| Universidad Juarez Autonoma de Tabasco| Universidad Nacional Autónoma de México,Mexico,0
6506739367,6506739367,Alterations in TNF-α and its receptors expression in cows undergoing heat stress,"Lendez, P.A.| Martinez Cuesta, L.| Nieto Farias, M.V.| Vater, A.A.| Ghezzi, M.D.| Mota-Rojas, D.| Dolcini, G.L.| Ceriani, M.C.",8.0,55352181300| 57189873675| 57202094885| 57222607333| 7003557797| 6506739367| 6602311656| 55242318600,2021.0,2021-05-01,Veterinary Immunology and Immunopathology,235,-,-,110232,ISSN-01652427,19520.0,Journal,Elsevier B.V.,English,0.71,50,3.5,16,0.484,27,1.55,26.0,24.0,1.97,8.11,17.0,13.0,0.0,0.0,"Lendez, P.A., Martinez Cuesta, L., Nieto Farias, M.V. and 5 more (...) (2021).Alterations in TNF-α and its receptors expression in cows undergoing heat stress. Veterinary Immunology and Immunopathology,235",https://www.scopus.com/record/display.url?eid=2-s2.0-85103369848&origin=resultslist,10.1016/j.vetimm.2021.110232,Article,Green,2-s2.0-85103369848,33799007,Consejo Nacional de Investigaciones Científicas y Técnicas| Universidad Nacional del Centro de la Provincia de Buenos Aires| Universidad Autónoma Metropolitana| Comisión de Investigaciones Científicas de la Provincia de Buenos Aires,601002| 601024| 505017| 601015,Academic| Government,4.0,60005497| 60020211| 60004518| 125957931| 60014923,Universidad Nacional del Centro de la Provincia de Buenos Aires| Comision de Investigaciones Cientificas - La Plata| Consejo Nacional de Investigaciones Científicas y Técnicas| Escuela de Educación Secundaria Agraria Nº1 “Dr. Ramón Santamarina”| Universidad Autónoma Metropolitana,55352181300,55242318600,55242318600,-,Mexico| Argentina,2.0,2403| 3400,Immunology| General Veterinary,5,Life Sciences & Medicine,546| 507,Veterinary Science| Biological Sciences,32,Life Sciences,31| 30,"Biological Sciences| Agricultural, Veterinary And Food Sciences",3109| 3009,Zoology| Veterinary sciences,-,Optimizing Poultry Production and Welfare Strategies,1037,49.836,Heat Stress Management in Dairy Cows,1791,97.847,Very Good,2021.0,24.0,N/A,"Lendez, P.A.| Martinez Cuesta, L.| Nieto Farias, M.V.| Vater, A.A.| Ghezzi, M.D.| Mota-Rojas, D.| Dolcini, G.L.| Ceriani, M.C.",Consejo Nacional de Investigaciones Científicas y Técnicas| Universidad Nacional del Centro de la Provincia de Buenos Aires| Universidad Autónoma Metropolitana| Comisión de Investigaciones Científicas de la Provincia de Buenos Aires,Mexico| Argentina,0
6506739367,6506739367,Relationship of vitality and weight with the temperature of newborn piglets born to sows of different parity,"Santiago, P.R.| Martínez-Burnes, J.| Mayagoitia, A.L.| Ramírez-Necoechea, R.| Mota-Rojas, D.",5.0,57204965175| 6603432183| 59454724200| 56013707100| 6506739367,2019.0,2019-02-01,Livestock Science,220,-,26-31,-,ISSN-18711413,3300147807.0,Journal,Elsevier B.V.,English,1.1,25,2.5,17,0.643,20,2.16,45.0,24.0,2.56,5.48,21.0,9.0,0.0,0.0,"Santiago, P.R., Martínez-Burnes, J., Mayagoitia, A.L. and 2 more (...) (2019).Relationship of vitality and weight with the temperature of newborn piglets born to sows of different parity. Livestock Science,22026-31",https://www.scopus.com/record/display.url?eid=2-s2.0-85058193289&origin=resultslist,10.1016/j.livsci.2018.12.011,Article,Green,2-s2.0-85058193289,-,Universidad Autónoma de Tamaulipas| University of Prince Edward Island| Universidad Autónoma Metropolitana,714293| 501045| 505017,Academic,3.0,60014923| 60019607| 60007655| 60010210,Universidad Autónoma Metropolitana| Universidad Autónoma de Tamaulipas| University of Prince Edward Island| Universidad Autónoma Metropolitana Unidad Xochimilco,57204965175,6506739367,6506739367,-,Mexico| Canada,2.0,1103| 3400,Animal Science and Zoology| General Veterinary,5,Life Sciences & Medicine,546| 502,Veterinary Science| Agriculture & Forestry,32,Life Sciences,31| 30,"Biological Sciences| Agricultural, Veterinary And Food Sciences",3109| 3009| 3003,Zoology| Veterinary sciences| Animal production,-,Animal Welfare and Production in Livestock Systems,1094,40.419,Enhancing Piglet Welfare through Sows' Management,10337,87.723,Definitive,2019.0,24.0,N/A,"Santiago, P.R.| Martínez-Burnes, J.| Mayagoitia, A.L.| Ramírez-Necoechea, R.| Mota-Rojas, D.",Universidad Autónoma de Tamaulipas| University of Prince Edward Island| Universidad Autónoma Metropolitana,Mexico| Canada,0
6506739367,6506739367,"Application of infrared thermography to assess the effect of different types of environmental enrichment on the ocular, auricular pavilion and nose area temperatures of weaned piglets","Yáñez-Pizaña, A.| Mota-Rojas, D.| Ramírez-Necoechea, R.| Castillo-Rivera, M.| Roldán-Santiago, P.| Mora-Medina, P.| González-Lozano, M.",7.0,55377055200| 6506739367| 56013707100| 55993709600| 42262742600| 54383862300| 56013674900,2019.0,2019-01-01,Computers and Electronics in Agriculture,156,-,33-42,-,ISSN-01681699,30441.0,Journal,Elsevier B.V.,English,2.17,5,6.7,2,1.058,3,1.42,49.0,22.0,1.72,8.73,23.0,16.0,0.0,1.0,"Yáñez-Pizaña, A., Mota-Rojas, D., Ramírez-Necoechea, R. and 4 more (...) (2019).Application of infrared thermography to assess the effect of different types of environmental enrichment on the ocular, auricular pavilion and nose area temperatures of weaned piglets. Computers and Electronics in Agriculture,15633-42",https://www.scopus.com/record/display.url?eid=2-s2.0-85056586934&origin=resultslist,10.1016/j.compag.2018.11.010,Article,,2-s2.0-85056586934,-,Universidad Autónoma Metropolitana| Universidad del Valle de México| Universidad Nacional Autónoma de México,505017| 714043| 505023,Academic,3.0,60014923| 60028381| 60002604| 60032442,Universidad Autónoma Metropolitana| Universidad Autónoma Metropolitana -Unidad Iztapalapa| Universidad del Valle de México| Universidad Nacional Autónoma de México,55377055200,56013674900,6506739367,-,Mexico,1.0,1102| 1107| 1108| 1706,Agronomy and Crop Science| Forestry| Horticulture| Computer Science Applications,2| 5,Engineering & Technology| Life Sciences & Medicine,502| 213| 212,Agriculture & Forestry| Data Science| Computer Science & Information Systems,38| 32,Computer Science| Life Sciences,46| 30| 40,"Information And Computing Sciences| Agricultural, Veterinary And Food Sciences| Engineering",-,-,-,Optimizing Poultry Production and Welfare Strategies,1037,49.836,Thermal Imaging Applications in Animal Health Monitoring,25608,87.751,Very Good,2019.0,22.0,N/A,"Yáñez-Pizaña, A.| Mota-Rojas, D.| Ramírez-Necoechea, R.| Castillo-Rivera, M.| Roldán-Santiago, P.| Mora-Medina, P.| González-Lozano, M.",Universidad Autónoma Metropolitana| Universidad del Valle de México| Universidad Nacional Autónoma de México,Mexico,0
6506739367,6506739367,Physiological and metabolic responses in newborn piglets associated with the birth order,"Islas-Fabila, P.| Mota-Rojas, D.| Martínez-Burnes, J.| Mora-Medina, P.| González-Lozano, M.| Roldán-Santiago, P.| Greenwell-Beare, V.| González-Hernández, M.| Vega-Manríquez, X.| Orozco-Gregorio, H.",10.0,57203821447| 6506739367| 6603432183| 54383862300| 56013674900| 42262742600| 57203819522| 57203819046| 58140553600| 16402379000,2018.0,2018-10-01,Animal Reproduction Science,197,-,247-256,-,ISSN-03784320,36360.0,Journal,Elsevier B.V.,English,1.18,22,2.8,23,0.622,25,2.61,64.0,22.0,1.4,7.16,25.0,20.0,0.0,0.0,"Islas-Fabila, P., Mota-Rojas, D., Martínez-Burnes, J. and 7 more (...) (2018).Physiological and metabolic responses in newborn piglets associated with the birth order. Animal Reproduction Science,197247-256",https://www.scopus.com/record/display.url?eid=2-s2.0-85053027750&origin=resultslist,10.1016/j.anireprosci.2018.08.037,Article,,2-s2.0-85053027750,30193776,Universidad Autónoma de Tamaulipas| Universidad Autónoma Metropolitana| Universidad Autonoma de San Luis Potosi| Universidad del Valle de México| Universidad Nacional Autónoma de México,714293| 505017| 505014| 714043| 505023,Academic,5.0,60010210| 60019607| 60032442| 60002604| 60031335,Universidad Autónoma Metropolitana Unidad Xochimilco| Universidad Autónoma de Tamaulipas| Universidad Nacional Autónoma de México| Universidad del Valle de México| Universidad Autónoma de San Luis Potosí,57203821447,16402379000,6506739367,-,Mexico,1.0,1103| 1310| 3403,Animal Science and Zoology| Endocrinology| Food Animals,5,Life Sciences & Medicine,507| 546| 502,Biological Sciences| Veterinary Science| Agriculture & Forestry,32| 34,Life Sciences| Medical and Health,30| 31,"Agricultural, Veterinary And Food Sciences| Biological Sciences",3003| 3109,Animal production| Zoology,SDG 3,Animal Welfare and Production in Livestock Systems,1094,40.419,Enhancing Piglet Welfare through Sows' Management,10337,87.723,Definitive,2018.0,22.0,N/A,"Islas-Fabila, P.| Mota-Rojas, D.| Martínez-Burnes, J.| Mora-Medina, P.| González-Lozano, M.| Roldán-Santiago, P.| Greenwell-Beare, V.| González-Hernández, M.| Vega-Manríquez, X.| Orozco-Gregorio, H.",Universidad Autónoma de Tamaulipas| Universidad Autónoma Metropolitana| Universidad Autonoma de San Luis Potosi| Universidad del Valle de México| Universidad Nacional Autónoma de México,Mexico,0
6506739367,6506739367,Thermal homeostasis in the newborn puppy: Behavioral and physiological responses,"Reyes-Sotelo, B.| Mota-Rojas, D.| Martínez-Burnes, J.| Olmos-Hernández, A.| Hernández-Ávalos, I.| José, N.| Casas-Alvarado, A.| Gómez, J.| Mora-Medina, P.",9.0,57218400957| 6506739367| 6603432183| 57208824733| 57214934466| 57219838091| 57216196260| 57219238926| 54383862300,2021.0,2021-01-01,Journal of Animal Behaviour and Biometeorology,9,1,1-25,-,ISSN-23181265,21100791269.0,Journal,Malque Publishing,English,0.83,42,2.1,46,0.321,56,1.35,25.0,21.0,1.84,9.25,19.0,14.0,0.0,0.0,"Reyes-Sotelo, B., Mota-Rojas, D., Martínez-Burnes, J. and 6 more (...) (2021).Thermal homeostasis in the newborn puppy: Behavioral and physiological responses. Journal of Animal Behaviour and Biometeorology,9(1) 1-25",https://www.scopus.com/record/display.url?eid=2-s2.0-85099260800&origin=resultslist,10.31893/JABB.21012,Article,Gold,2-s2.0-85099260800,-,Universidad Autónoma de Tamaulipas| Universidad Autónoma Metropolitana| Instituto Nacional de Rehabilitación| Universidad Nacional Autónoma de México,714293| 505017| 715278| 505023,Medical| Academic,4.0,60010210| 60014923| 60019607| 60013839| 60084250| 60032442,Universidad Autónoma Metropolitana Unidad Xochimilco| Universidad Autónoma Metropolitana| Universidad Autónoma de Tamaulipas| Secretaria de Salud| Instituto Nacional de Rehabilitación| Universidad Nacional Autónoma de México,57218400957,54383862300,6506739367,-,Mexico,1.0,1103| 1902| 2303,Animal Science and Zoology| Atmospheric Science| Ecology,4| 5,Natural Sciences| Life Sciences & Medicine,450| 416| 502| 451| 424,Geology| Earth & Marine Sciences| Agriculture & Forestry| Geophysics| Environmental Sciences,37| 32,Physical Sciences| Life Sciences,31| 30,"Biological Sciences| Agricultural, Veterinary And Food Sciences",3003| 3109| 3009,Animal production| Zoology| Veterinary sciences,SDG 3,Canine and Feline Tumor Management Insights,1006,18.116,Puppy Health and Neonatal Development Insights,33609,72.481,Very Good,2021.0,21.0,N/A,"Reyes-Sotelo, B.| Mota-Rojas, D.| Martínez-Burnes, J.| Olmos-Hernández, A.| Hernández-Ávalos, I.| José, N.| Casas-Alvarado, A.| Gómez, J.| Mora-Medina, P.",Universidad Autónoma de Tamaulipas| Universidad Autónoma Metropolitana| Instituto Nacional de Rehabilitación| Universidad Nacional Autónoma de México,Mexico,0
6506739367,6506739367,The effect of birth weight and time of day on the thermal response of newborn water buffalo calves,"Napolitano, F.| Bragaglio, A.| Braghieri, A.| El-Aziz, A.H.A.| Titto, C.G.| Villanueva-García, D.| Mora-Medina, P.| Pereira, A.M.F.| Hernández-Avalos, I.| José-Pérez, N.| Casas-Alvarado, A.| Lezama-García, K.| Domínguez-Oliva, A.| Rodríguez-González, D.| Bertoni, A.| Mota-Rojas, D.",16.0,7003837061| 56458998000| 6603734060| 60431773500| 35489307700| 9041700200| 54383862300| 36894305700| 57214934466| 57219244989| 57216196260| 57210803993| 57223116454| 57202747775| 57218366068| 6506739367,2023.0,2023-01-01,Frontiers in Veterinary Science,10,-,-,1084092,ISSN-22971769,21100843693.0,Journal,Frontiers Media S.A.,English,1.03,26,4.8,8,0.734,10,2.48,39.0,21.0,4.66,4.5,10.0,3.0,0.0,0.0,"Napolitano, F., Bragaglio, A., Braghieri, A. and 13 more (...) (2023).The effect of birth weight and time of day on the thermal response of newborn water buffalo calves. Frontiers in Veterinary Science,10",https://www.scopus.com/record/display.url?eid=2-s2.0-85150214810&origin=resultslist,10.3389/fvets.2023.1084092,Article,Gold|Green,2-s2.0-85150214810,-,University of Basilicata| Universidad Autónoma Metropolitana| Hospital Infantil de Mexico Federico Gomez| Universidade de São Paulo| Universidad Nacional Autónoma de México| Council for Agricultural Research and Economics| University of Évora| Damanhour University,321028| 505017| 505033| 602049| 505023| 704485| 328003| 706322,Medical| Academic| Government,8.0,60020919| 60104017| 60273257| 60105346| 60008088| 60000328| 60172565| 60032442| 60094258| 60029257| 60014923,"Università degli Studi della Basilicata| Consiglio per la Ricerca in Agricoltura e l’Analisi Dell’Economia Agraria (CREA)| Faculty of Veterinary Medicine| Damanhour University| Universidade de São Paulo| Hospital Infantil de México Federico Gómez| Facultad de Estudios Superiores Cuautitlán| Universidad Nacional Autónoma de México| MED – Instituto Mediterrâneo para a Agricultura, Ambiente e Desenvolvimento| University of Évora| Universidad Autónoma Metropolitana",7003837061,6506739367,6506739367,-,Mexico| Egypt| Portugal| Italy| Brazil,5.0,3400,General Veterinary,5,Life Sciences & Medicine,546,Veterinary Science,32,Life Sciences,30,"Agricultural, Veterinary And Food Sciences",3009,Veterinary sciences,-,Optimizing Poultry Production and Welfare Strategies,1037,49.836,Thermal Imaging Applications in Animal Health Monitoring,25608,87.751,Definitive,2023.0,21.0,N/A,"Napolitano, F.| Bragaglio, A.| Braghieri, A.| El-Aziz, A.H.A.| Titto, C.G.| Villanueva-García, D.| Mora-Medina, P.| Pereira, A.M.F.| Hernández-Avalos, I.| José-Pérez, N.| Casas-Alvarado, A.| Lezama-García, K.| Domínguez-Oliva, A.| Rodríguez-González, D.| Bertoni, A.| Mota-Rojas, D.",University of Basilicata| Universidad Autónoma Metropolitana| Hospital Infantil de Mexico Federico Gomez| Universidade de São Paulo| Universidad Nacional Autónoma de México| Council for Agricultural Research and Economics| University of Évora| Damanhour University,Mexico| Egypt| Portugal| Italy| Brazil,0
6506739367,6506739367,Dystocia: Factors affecting parturition in domestic animals,"Mota-Rojas, D.| Martínez-Burnes, J.| Napolitano, F.| Domínguez-Muñoz, M.| Guerrero-Legarreta, I.| Mora-Medina, P.| Ramírez-Necoechea, R.| Lezama-García, K.| González-Lozano, M.",9.0,6506739367| 6603432183| 7003837061| 6504714970| 55989647900| 54383862300| 56013707100| 57210803993| 56013674900,2020.0,2020-03-23,"CAB Reviews: Perspectives in Agriculture, Veterinary Science, Nutrition and Natural Resources",15,13,-,PAVSNNR202015013,ISSN-17498848,19400158376.0,Journal,CABI International,English,0.47,66,1.6,41,0.271,50,1.81,49.0,21.0,2.04,7.35,23.0,12.0,0.0,0.0,"Mota-Rojas, D., Martínez-Burnes, J., Napolitano, F. and 6 more (...) (2020).Dystocia: Factors affecting parturition in domestic animals. CAB Reviews: Perspectives in Agriculture, Veterinary Science, Nutrition and Natural Resources,15(13) ",https://www.scopus.com/record/display.url?eid=2-s2.0-85085000951&origin=resultslist,10.1079/PAVSNNR202015013,Article,,2-s2.0-85085000951,-,Universidad Autónoma de Tamaulipas| University of Basilicata| Universidad Autónoma Metropolitana| Universidad Nacional Autónoma de México,714293| 321028| 505017| 505023,Academic,4.0,60014923| 60019607| 60020919| 60028381| 60172565| 60032442,Universidad Autónoma Metropolitana| Universidad Autónoma de Tamaulipas| Università degli Studi della Basilicata| Universidad Autónoma Metropolitana -Unidad Iztapalapa| Facultad de Estudios Superiores Cuautitlán| Universidad Nacional Autónoma de México,6506739367,56013674900,6506739367,-,Mexico| Italy,2.0,1100| 2309| 3400,General Agricultural and Biological Sciences| Nature and Landscape Conservation| General Veterinary,3| 5,Social Sciences & Management| Life Sciences & Medicine,546| 502| 424,Veterinary Science| Agriculture & Forestry| Environmental Sciences,37| 32,Physical Sciences| Life Sciences,30,"Agricultural, Veterinary And Food Sciences",-,-,SDG 3,Genetic Traits and Production in Livestock,1340,10.464,Genetic and Environmental Factors in Calf Mortality,19670,78.003,Very Good,2020.0,21.0,N/A,"Mota-Rojas, D.| Martínez-Burnes, J.| Napolitano, F.| Domínguez-Muñoz, M.| Guerrero-Legarreta, I.| Mora-Medina, P.| Ramírez-Necoechea, R.| Lezama-García, K.| González-Lozano, M.",Universidad Autónoma de Tamaulipas| University of Basilicata| Universidad Autónoma Metropolitana| Universidad Nacional Autónoma de México,Mexico| Italy,0
6506739367,6506739367,"Rat Grimace Scale as a Method to Evaluate Animal Welfare, Nociception, and Quality of the Euthanasia Method of Wistar Rats","Domínguez-Oliva, A.| Olmos-Hernández, A.| Hernández-Ávalos, I.| Lecona-Butrón, H.| Mora-Medina, P.| Mota-Rojas, D.",6.0,57223116454| 57208824733| 57214934466| 12786797300| 54383862300| 6506739367,2023.0,2023-10-01,Animals,13,20,-,3161,ISSN-20762615,21100244850.0,Journal,Multidisciplinary Digital Publishing Institute (MDPI),English,1.07,24,4.9,7,0.698,12,1.18,18.0,19.0,3.9,4.87,12.0,5.0,0.0,0.0,"Domínguez-Oliva, A., Olmos-Hernández, A., Hernández-Ávalos, I. and 3 more (...) (2023).Rat Grimace Scale as a Method to Evaluate Animal Welfare, Nociception, and Quality of the Euthanasia Method of Wistar Rats. Animals,13(20) ",https://www.scopus.com/record/display.url?eid=2-s2.0-85175080136&origin=resultslist,10.3390/ani13203161,Article,Gold|Green,2-s2.0-85175080136,-,Universidad Autónoma Metropolitana| Instituto Nacional de Rehabilitación| Universidad Nacional Autónoma de México,505017| 715278| 505023,Medical| Academic,3.0,60014923| 60084250| 60172565| 60032442,Universidad Autónoma Metropolitana| Instituto Nacional de Rehabilitación| Facultad de Estudios Superiores Cuautitlán| Universidad Nacional Autónoma de México,57223116454,6506739367,6506739367,-,Mexico,1.0,1103| 3400,Animal Science and Zoology| General Veterinary,5,Life Sciences & Medicine,546| 502,Veterinary Science| Agriculture & Forestry,32,Life Sciences,31| 30,"Biological Sciences| Agricultural, Veterinary And Food Sciences",3003| 3109| 3009,Animal production| Zoology| Veterinary sciences,-,Ethical Dimensions of Animal Welfare and Research,1294,17.789,Euthanasia Procedures for Laboratory Rodents and Other Animals,53922,48.315,Definitive,2023.0,19.0,N/A,"Domínguez-Oliva, A.| Olmos-Hernández, A.| Hernández-Ávalos, I.| Lecona-Butrón, H.| Mora-Medina, P.| Mota-Rojas, D.",Universidad Autónoma Metropolitana| Instituto Nacional de Rehabilitación| Universidad Nacional Autónoma de México,Mexico,0
6506739367,6506739367,Blood biomarker profile alterations in newborn canines: Effect of the mother′s weight,"Reyes-Sotelo, B.| Mota-Rojas, D.| Mora-Medina, P.| Ogi, A.| Mariti, C.| Olmos-Hernández, A.| Martínez-Burnes, J.| Hernández-ávalos, I.| Sánchez-Millán, J.| Gazzano, A.",10.0,57218400957| 6506739367| 54383862300| 57192994292| 23667829400| 57208824733| 6603432183| 57214934466| 25422851300| 9636886300,2021.0,2021-08-01,Animals,11,8,-,2307,ISSN-20762615,21100244850.0,Journal,MDPI AG,English,1.12,26,2.7,24,0.61,15,2.85,49.0,16.0,2.2,5.9,25.0,11.0,0.0,0.0,"Reyes-Sotelo, B., Mota-Rojas, D., Mora-Medina, P. and 7 more (...) (2021).Blood biomarker profile alterations in newborn canines: Effect of the mother′s weight. Animals,11(8) ",https://www.scopus.com/record/display.url?eid=2-s2.0-85111749501&origin=resultslist,10.3390/ani11082307,Article,Gold|Green,2-s2.0-85111749501,-,Universidad Autónoma de Tamaulipas| Universidad Autónoma Metropolitana| Instituto Nacional de Rehabilitación| Universidad Nacional Autónoma de México| University of Pisa,714293| 505017| 715278| 505023| 321062,Medical| Academic,5.0,60014923| 60032442| 60172565| 60028868| 60084250| 60019607,Universidad Autónoma Metropolitana| Universidad Nacional Autónoma de México| Facultad de Estudios Superiores Cuautitlán| Università di Pisa| Instituto Nacional de Rehabilitación| Universidad Autónoma de Tamaulipas,57218400957,9636886300,6506739367,-,Mexico| Italy,2.0,1103| 3400,Animal Science and Zoology| General Veterinary,5,Life Sciences & Medicine,546| 502,Veterinary Science| Agriculture & Forestry,32,Life Sciences,31| 30,"Biological Sciences| Agricultural, Veterinary And Food Sciences",3109| 3003| 3009,Zoology| Animal production| Veterinary sciences,SDG 3,Canine and Feline Tumor Management Insights,1006,18.116,Puppy Health and Neonatal Development Insights,33609,72.481,Very Good,2021.0,16.0,N/A,"Reyes-Sotelo, B.| Mota-Rojas, D.| Mora-Medina, P.| Ogi, A.| Mariti, C.| Olmos-Hernández, A.| Martínez-Burnes, J.| Hernández-ávalos, I.| Sánchez-Millán, J.| Gazzano, A.",Universidad Autónoma de Tamaulipas| Universidad Autónoma Metropolitana| Instituto Nacional de Rehabilitación| Universidad Nacional Autónoma de México| University of Pisa,Mexico| Italy,0
6506739367,6506739367,Olfaction in animal behaviour and welfare,"Mota-Rojas, D.| Orihuela, A.| Napolitano, F.| Mora-Medina, P.| Orozco-Gregorio, H.| Alonso-Spilsbury, M.",6.0,6506739367| 7003430617| 7003837061| 54383862300| 16402379000| 6603136227,2018.0,2018-01-01,"CAB Reviews: Perspectives in Agriculture, Veterinary Science, Nutrition and Natural Resources",13,-,-,030,ISSN-17498848,19400158376.0,Journal,CABI International,English,0.57,60,1,49,0.256,54,2.43,79.0,15.0,1.43,6.28,33.0,20.0,0.0,0.0,"Mota-Rojas, D., Orihuela, A., Napolitano, F. and 3 more (...) (2018).Olfaction in animal behaviour and welfare. CAB Reviews: Perspectives in Agriculture, Veterinary Science, Nutrition and Natural Resources,13",https://www.scopus.com/record/display.url?eid=2-s2.0-85053056121&origin=resultslist,10.1079/PAVSNNR201813030,Article,,2-s2.0-85053056121,-,Universidad Autonoma del Estado de Morelos| University of Basilicata| Universidad Autónoma Metropolitana| Universidad Autonoma de San Luis Potosi| Universidad Nacional Autónoma de México,505016| 321028| 505017| 505014| 505023,Academic,5.0,60014923| 60025626| 60020919| 60172565| 60032442| 60031335,Universidad Autónoma Metropolitana| Universidad Autónoma del Estado de Morelos| Università degli Studi della Basilicata| Facultad de Estudios Superiores Cuautitlán| Universidad Nacional Autónoma de México| Universidad Autónoma de San Luis Potosí,6506739367,6603136227,6506739367,-,Mexico| Italy,2.0,1100| 2309| 3400,General Agricultural and Biological Sciences| Nature and Landscape Conservation| General Veterinary,5| 3,Life Sciences & Medicine| Social Sciences & Management,546| 502| 424,Veterinary Science| Agriculture & Forestry| Environmental Sciences,32| 37,Life Sciences| Physical Sciences,30,"Agricultural, Veterinary And Food Sciences",-,-,-,Interplay of Taste and Olfactory Sensations,588,74.951,Vomeronasal Organ and Pheromone Influence on Behavior,10169,78.094,Defensible,2018.0,15.0,N/A,"Mota-Rojas, D.| Orihuela, A.| Napolitano, F.| Mora-Medina, P.| Orozco-Gregorio, H.| Alonso-Spilsbury, M.",Universidad Autonoma del Estado de Morelos| University of Basilicata| Universidad Autónoma Metropolitana| Universidad Autonoma de San Luis Potosi| Universidad Nacional Autónoma de México,Mexico| Italy,0
6506739367,6506739367,Is the Weight of the Newborn Puppy Related to Its Thermal Balance?,"Lezama-García, K.| Martínez-Burnes, J.| Marcet-Rius, M.| Gazzano, A.| Olmos-Hernández, A.| Mora-Medina, P.| Domínguez-Oliva, A.| Pereira, A.M.F.| Hernández-Ávalos, I.| Baqueiro-Espinosa, U.| Geraldo, A.D.M.| Casas-Alvarado, A.| Mota-Rojas, D.",13.0,57210803993| 6603432183| 57200676001| 9636886300| 57208824733| 54383862300| 57223116454| 36894305700| 57214934466| 57611603400| 57191822261| 57216196260| 6506739367,2022.0,2022-12-01,Animals,12,24,-,3536,ISSN-20762615,21100244850.0,Journal,MDPI,English,1.1,25,4.2,13,0.684,12,1.63,27.0,15.0,2.51,5.97,21.0,9.0,0.0,0.0,"Lezama-García, K., Martínez-Burnes, J., Marcet-Rius, M. and 10 more (...) (2022).Is the Weight of the Newborn Puppy Related to Its Thermal Balance?. Animals,12(24) ",https://www.scopus.com/record/display.url?eid=2-s2.0-85144652255&origin=resultslist,10.3390/ani12243536,Article,Gold|Green,2-s2.0-85144652255,-,Universidad Autónoma de Tamaulipas| Universidad Autónoma Metropolitana| Instituto Nacional de Rehabilitación| Universidad Nacional Autónoma de México| University of Pisa| Queen's University Belfast| University of Évora,714293| 505017| 715278| 505023| 321062| 315048| 328003,Medical| Academic,7.0,60014923| 60019607| 112377375| 60028868| 60084250| 60172565| 60032442| 60010210| 60094258| 60029257| 60029738,"Universidad Autónoma Metropolitana| Universidad Autónoma de Tamaulipas| Research Institute in Semiochemistry and Applied Ethology (IRSEA)| Università di Pisa| Instituto Nacional de Rehabilitación| Facultad de Estudios Superiores Cuautitlán| Universidad Nacional Autónoma de México| Universidad Autónoma Metropolitana Unidad Xochimilco| MED – Instituto Mediterrâneo para a Agricultura, Ambiente e Desenvolvimento| University of Évora| Queen's University Belfast",57210803993,6506739367,6506739367,-,United Kingdom| Mexico| Portugal| Italy| France,5.0,1103| 3400,Animal Science and Zoology| General Veterinary,5,Life Sciences & Medicine,502| 546,Agriculture & Forestry| Veterinary Science,32,Life Sciences,31| 30,"Biological Sciences| Agricultural, Veterinary And Food Sciences",3003| 3109| 3009,Animal production| Zoology| Veterinary sciences,SDG 3,Canine and Feline Tumor Management Insights,1006,18.116,Puppy Health and Neonatal Development Insights,33609,72.481,Very Good,2022.0,15.0,N/A,"Lezama-García, K.| Martínez-Burnes, J.| Marcet-Rius, M.| Gazzano, A.| Olmos-Hernández, A.| Mora-Medina, P.| Domínguez-Oliva, A.| Pereira, A.M.F.| Hernández-Ávalos, I.| Baqueiro-Espinosa, U.| Geraldo, A.D.M.| Casas-Alvarado, A.| Mota-Rojas, D.",Universidad Autónoma de Tamaulipas| Universidad Autónoma Metropolitana| Instituto Nacional de Rehabilitación| Universidad Nacional Autónoma de México| University of Pisa| Queen's University Belfast| University of Évora,United Kingdom| Mexico| Portugal| Italy| France,0
6506739367,6506739367,Scientific findings on the quality of river buffalo meat and prospects for future studies,"Cruz-Monterrosa, R.| Mota-Rojas, D.| Ramirez-Bribiesca, E.| Mora-Medina, P.| Guerrero-Legarreta, I.",5.0,25221499100| 6506739367| 12242422900| 54383862300| 55989647900,2020.0,2020-01-01,Journal of Buffalo Science,9,-,170-180,-,ISSN-1927520X,21100934922.0,Journal,Lifescience Global,English,0.29,77,0.7,70,0.126,91,1.67,36.0,15.0,2.18,5.97,31.0,11.0,0.0,0.0,"Cruz-Monterrosa, R., Mota-Rojas, D., Ramirez-Bribiesca, E. and 2 more (...) (2020).Scientific findings on the quality of river buffalo meat and prospects for future studies. Journal of Buffalo Science,9170-180",https://www.scopus.com/record/display.url?eid=2-s2.0-85095679584&origin=resultslist,10.6000/1927-520X.2020.09.18,Article,Gold|Green,2-s2.0-85095679584,-,Universidad Autónoma Metropolitana| Colegio de Postgraduados| Universidad Nacional Autónoma de México,505017| 505003| 505023,Academic,3.0,60112837| 60010210| 60033065| 60032442| 60172565| 60028381,Universidad Autónoma Metropolitana-Lerma| Universidad Autónoma Metropolitana Unidad Xochimilco| Colegio De Postgraduados Campus Montecillo| Universidad Nacional Autónoma de México| Facultad de Estudios Superiores Cuautitlán| Universidad Autónoma Metropolitana -Unidad Iztapalapa,25221499100,55989647900,6506739367,-,Mexico,1.0,1103| 3400,Animal Science and Zoology| General Veterinary,5,Life Sciences & Medicine,546| 502,Veterinary Science| Agriculture & Forestry,32,Life Sciences,30| 31,"Agricultural, Veterinary And Food Sciences| Biological Sciences",3003| 3109| 3009,Animal production| Zoology| Veterinary sciences,SDG 3,Enhancing Meat Quality through Innovative Processing Techniques,871,78.875,Meat Product Formulation and Quality,2398,97.56,Definitive,2020.0,15.0,N/A,"Cruz-Monterrosa, R.| Mota-Rojas, D.| Ramirez-Bribiesca, E.| Mora-Medina, P.| Guerrero-Legarreta, I.",Universidad Autónoma Metropolitana| Colegio de Postgraduados| Universidad Nacional Autónoma de México,Mexico,0
6506739367,6506739367,Cat–Owner Relationship and Cat Behaviour: Effects of the COVID-19 Confinement and Implications for Feline Management,"Riggio, G.| Borrelli, C.| Piotti, P.| Grondona, A.| Gazzano, A.| Di Iacovo, F.P.| Fatjó, J.| Bowen, J.E.| Mota-Rojas, D.| Pirrone, F.| Mariti, C.",11.0,57193388320| 57226137724| 57190834754| 57830365100| 9636886300| 56073440500| 56045650400| 36142755300| 6506739367| 6507175268| 23667829400,2022.0,2022-07-01,Veterinary Sciences,9,7,-,369,ISSN-23067381,21100856030.0,Journal,MDPI,English,0.91,36,2.3,37,0.524,23,3.76,65.0,14.0,2.31,5.62,23.0,10.0,0.0,0.0,"Riggio, G., Borrelli, C., Piotti, P. and 8 more (...) (2022).Cat–Owner Relationship and Cat Behaviour: Effects of the COVID-19 Confinement and Implications for Feline Management. Veterinary Sciences,9(7) ",https://www.scopus.com/record/display.url?eid=2-s2.0-85135409428&origin=resultslist,10.3390/vetsci9070369,Article,Gold|Green,2-s2.0-85135409428,-,Royal Veterinary College University of London| Universidad Autónoma Metropolitana| Autonomous University of Barcelona| University of Milan| University of Pisa,315052| 505017| 312045| 321055| 321062,Academic,5.0,60028868| 60030318| 60023020| 60170523| 60026530| 60010210| 60014923,Università di Pisa| Università degli Studi di Milano| Universitat Autònoma de Barcelona| Queen Mother Hospital for Animals| Royal Veterinary College University of London| Universidad Autónoma Metropolitana Unidad Xochimilco| Universidad Autónoma Metropolitana,57193388320,23667829400,23667829400,-,United Kingdom| Spain| Mexico| Italy,4.0,3400,General Veterinary,5,Life Sciences & Medicine,546,Veterinary Science,32,Life Sciences,30,"Agricultural, Veterinary And Food Sciences",3009,Veterinary sciences,-,Canine Behavior and Zoonotic Risks,1125,40.811,Human-Animal Bonds and Their Health Benefits,1287,97.703,Definitive,2022.0,14.0,N/A,"Riggio, G.| Borrelli, C.| Piotti, P.| Grondona, A.| Gazzano, A.| Di Iacovo, F.P.| Fatjó, J.| Bowen, J.E.| Mota-Rojas, D.| Pirrone, F.| Mariti, C.",Royal Veterinary College University of London| Universidad Autónoma Metropolitana| Autonomous University of Barcelona| University of Milan| University of Pisa,United Kingdom| Spain| Mexico| Italy,0
6506739367,6506739367,Thermal Response of Laboratory Rats (Rattus norvegicus) during the Application of Six Methods of Euthanasia Assessed by Infrared Thermography,"Domínguez-Oliva, A.| Hernández-Ávalos, I.| Olmos-Hernández, A.| Villegas-Juache, J.| Verduzco-Mendoza, A.| Mota-Rojas, D.",6.0,57223116454| 57214934466| 57208824733| 57223036417| 8299191000| 6506739367,2023.0,2023-09-01,Animals,13,18,-,2820,ISSN-20762615,21100244850.0,Journal,Multidisciplinary Digital Publishing Institute (MDPI),English,1.07,24,4.9,7,0.698,12,0.92,14.0,13.0,2.67,4.87,18.0,9.0,0.0,0.0,"Domínguez-Oliva, A., Hernández-Ávalos, I., Olmos-Hernández, A. and 3 more (...) (2023).Thermal Response of Laboratory Rats (Rattus norvegicus) during the Application of Six Methods of Euthanasia Assessed by Infrared Thermography. Animals,13(18) ",https://www.scopus.com/record/display.url?eid=2-s2.0-85172268919&origin=resultslist,10.3390/ani13182820,Article,Gold|Green,2-s2.0-85172268919,-,Universidad Autónoma Metropolitana| Instituto Nacional de Rehabilitación| Instituto Nacional de Cardiologia Ignacio Chavez| Universidad Nacional Autónoma de México,505017| 715278| 505008| 505023,Medical| Government| Academic,4.0,60014923| 60172565| 60032442| 60084250| 60010748,Universidad Autónoma Metropolitana| Facultad de Estudios Superiores Cuautitlán| Universidad Nacional Autónoma de México| Instituto Nacional de Rehabilitación| Instituto Nacional de Cardiologia Ignacio Chavez,57223116454,6506739367,6506739367,-,Mexico,1.0,1103| 3400,Animal Science and Zoology| General Veterinary,5,Life Sciences & Medicine,546| 502,Veterinary Science| Agriculture & Forestry,32,Life Sciences,31| 30,"Biological Sciences| Agricultural, Veterinary And Food Sciences",3009| 3003| 3109,Veterinary sciences| Animal production| Zoology,-,Ethical Dimensions of Animal Welfare and Research,1294,17.789,Euthanasia Procedures for Laboratory Rodents and Other Animals,53922,48.315,Definitive,2023.0,13.0,N/A,"Domínguez-Oliva, A.| Hernández-Ávalos, I.| Olmos-Hernández, A.| Villegas-Juache, J.| Verduzco-Mendoza, A.| Mota-Rojas, D.",Universidad Autónoma Metropolitana| Instituto Nacional de Rehabilitación| Instituto Nacional de Cardiologia Ignacio Chavez| Universidad Nacional Autónoma de México,Mexico,0
6506739367,6506739367,"Assessment of thermal response, cardiorespiratory parameters and post-operative analgesia in dogs undergoing ovariohysterectomy with different combinations of epidural analgesia and isoflurane","Casas-Alvarado, A.| Mota-Rojas, D.| Hernández-Ávalos, I.| Martínez-Burnes, J.| Rosas, M.E.| Miranda-Cortés, A.| Domínguez-Oliva, A.| Mora-Medina, P.",8.0,57216196260| 6506739367| 57214934466| 6603432183| 57196019619| 57214937320| 57223116454| 54383862300,2023.0,2023-01-01,Journal of Animal Behaviour and Biometeorology,11,1,-,e2023009,ISSN-23181265,21100791269.0,Journal,Malque Publishing,English,0.96,30,4,20,0.503,31,1.82,28.0,11.0,1.48,7.45,21.0,19.0,0.0,0.0,"Casas-Alvarado, A., Mota-Rojas, D., Hernández-Ávalos, I. and 5 more (...) (2023).Assessment of thermal response, cardiorespiratory parameters and post-operative analgesia in dogs undergoing ovariohysterectomy with different combinations of epidural analgesia and isoflurane. Journal of Animal Behaviour and Biometeorology,11(1) ",https://www.scopus.com/record/display.url?eid=2-s2.0-85156186035&origin=resultslist,10.31893/jabb.23009,Article,Gold|Green,2-s2.0-85156186035,-,Universidad Autónoma de Tamaulipas| Universidad Autónoma Metropolitana| Universidad Nacional Autónoma de México,714293| 505017| 505023,Academic,3.0,60014923| 60172565| 60032442| 60019607,Universidad Autónoma Metropolitana| Facultad de Estudios Superiores Cuautitlán| Universidad Nacional Autónoma de México| Universidad Autónoma de Tamaulipas,57216196260,54383862300,6506739367,-,Mexico,1.0,1103| 1902| 2303,Animal Science and Zoology| Atmospheric Science| Ecology,5| 4,Life Sciences & Medicine| Natural Sciences,424| 416| 450| 502| 451,Environmental Sciences| Earth & Marine Sciences| Geology| Agriculture & Forestry| Geophysics,37| 32,Physical Sciences| Life Sciences,31| 30,"Biological Sciences| Agricultural, Veterinary And Food Sciences",3009| 3109| 3003,Veterinary sciences| Zoology| Animal production,-,Pain Management and Imaging Techniques,616,31.785,Veterinary Pain Management in Canines and Felines,12143,82.352,Definitive,2023.0,11.0,N/A,"Casas-Alvarado, A.| Mota-Rojas, D.| Hernández-Ávalos, I.| Martínez-Burnes, J.| Rosas, M.E.| Miranda-Cortés, A.| Domínguez-Oliva, A.| Mora-Medina, P.",Universidad Autónoma de Tamaulipas| Universidad Autónoma Metropolitana| Universidad Nacional Autónoma de México,Mexico,0
6506739367,6506739367,"Physiological responses in horses, donkeys and mules sold at livestock markets","Corrales-Hernández, A.| Mota-Rojas, D.| Guerrero-Legarreta, I.| Roldan-Santiago, P.| Rodríguez-Salinas, S.| Yáñez-Pizaña, A.| de la Cruz, L.| González-Lozano, M.| Mora-Medina, P.",9.0,57216196153| 6506739367| 55989647900| 42262742600| 57216196256| 55377055200| 57191488464| 56013674900| 54383862300,2018.0,2018-04-01,International Journal of Veterinary Science and Medicine,6,1,97-102,-,ISSN-23144599,21100976837.0,Journal,"Faculty of Veterinary Medicine, Cairo University",English,0.64,55,-,-,-,-,0.53,17.0,10.0,1.58,4.44,41.0,18.0,0.0,0.0,"Corrales-Hernández, A., Mota-Rojas, D., Guerrero-Legarreta, I. and 6 more (...) (2018).Physiological responses in horses, donkeys and mules sold at livestock markets. International Journal of Veterinary Science and Medicine,6(1) 97-102",https://www.scopus.com/record/display.url?eid=2-s2.0-85052761023&origin=resultslist,10.1016/j.ijvsm.2018.03.002,Article,Gold|Green,2-s2.0-85052761023,-,Universidad del Valle de México| Universidad Autónoma Metropolitana| Universidad Nacional Autónoma de México,714043| 505017| 505023,Academic,3.0,60010210| 60014923| 60028381| 60002604| 60032442,Universidad Autónoma Metropolitana Unidad Xochimilco| Universidad Autónoma Metropolitana| Universidad Autónoma Metropolitana -Unidad Iztapalapa| Universidad del Valle de México| Universidad Nacional Autónoma de México,57216196153,54383862300,6506739367,-,Mexico,1.0,3400,General Veterinary,5,Life Sciences & Medicine,546,Veterinary Science,32,Life Sciences,30,"Agricultural, Veterinary And Food Sciences",3003| 3005| 3009,Animal production| Fisheries sciences| Veterinary sciences,-,Animal Welfare and Production in Livestock Systems,1094,40.419,Animal Welfare and Transport Stress in Livestock,11006,81.564,Defensible,2018.0,10.0,N/A,"Corrales-Hernández, A.| Mota-Rojas, D.| Guerrero-Legarreta, I.| Roldan-Santiago, P.| Rodríguez-Salinas, S.| Yáñez-Pizaña, A.| de la Cruz, L.| González-Lozano, M.| Mora-Medina, P.",Universidad del Valle de México| Universidad Autónoma Metropolitana| Universidad Nacional Autónoma de México,Mexico,0
6506739367,6506739367,Effect of the number of incisions and use of local anesthesia on the physiological indicators of surgically-castrated piglets,"Pérez-Pedraza, E.| Mota-Rojas, D.| Ramírez-Necoechea, R.| Guerrero-Legarreta, I.| Martínez-Burnes, J.| Lezama-García, K.| Mora-Medina, P.| Rosas, M.| Martínez, V.| González-Lozano, M.",10.0,55755559900| 6506739367| 56013707100| 55989647900| 6603432183| 57210803993| 54383862300| 57196019619| 57206189327| 56013674900,2018.0,2018-12-01,International Journal of Veterinary Science and Medicine,6,2,159-164,-,ISSN-23144599,21100976837.0,Journal,"Faculty of Veterinary Medicine, Cairo University",English,0.64,55,-,-,-,-,0.58,16.0,10.0,1.13,4.44,41.0,26.0,0.0,0.0,"Pérez-Pedraza, E., Mota-Rojas, D., Ramírez-Necoechea, R. and 7 more (...) (2018).Effect of the number of incisions and use of local anesthesia on the physiological indicators of surgically-castrated piglets. International Journal of Veterinary Science and Medicine,6(2) 159-164",https://www.scopus.com/record/display.url?eid=2-s2.0-85082789260&origin=resultslist,10.1016/j.ijvsm.2018.10.002,Article,Gold|Green,2-s2.0-85082789260,-,Universidad Autónoma de Tamaulipas| Universidad Autónoma Metropolitana| Universidad Nacional Autónoma de México,714293| 505017| 505023,Academic,3.0,60014923| 60028381| 60019607| 60032442| 60172565,Universidad Autónoma Metropolitana| Universidad Autónoma Metropolitana -Unidad Iztapalapa| Universidad Autónoma de Tamaulipas| Universidad Nacional Autónoma de México| Facultad de Estudios Superiores Cuautitlán,55755559900,56013674900,6506739367,-,Mexico,1.0,3400,General Veterinary,5,Life Sciences & Medicine,546,Veterinary Science,32,Life Sciences,30,"Agricultural, Veterinary And Food Sciences",3005| 3003| 3009,Fisheries sciences| Animal production| Veterinary sciences,-,Animal Welfare and Production in Livestock Systems,1094,40.419,Pain Management Strategies in Piglet Castration,61991,51.839,Definitive,2018.0,10.0,N/A,"Pérez-Pedraza, E.| Mota-Rojas, D.| Ramírez-Necoechea, R.| Guerrero-Legarreta, I.| Martínez-Burnes, J.| Lezama-García, K.| Mora-Medina, P.| Rosas, M.| Martínez, V.| González-Lozano, M.",Universidad Autónoma de Tamaulipas| Universidad Autónoma Metropolitana| Universidad Nacional Autónoma de México,Mexico,0
6506739367,6506739367,Metabolic changes during brief periods of ewe-lamb separation at different ages,"Mora-Medina, P.| Orihuela-Trujillo, A.| Roldan-Santiago, P.| Arch-Tirado, E.| Vázquez-Cruz, C.| Mota-Rojas, D.",6.0,54383862300| 57194487644| 42262742600| 6506357120| 56809259700| 6506739367,2018.0,2018-01-01,Animal Production Science,58,7,1297-1306,-,ISSN-18360939,16900154706.0,Journal,CSIRO,English,0.99,31,2.5,26,0.631,26,1.07,32.0,10.0,0.4,7.52,41.0,52.0,0.0,0.0,"Mora-Medina, P., Orihuela-Trujillo, A., Roldan-Santiago, P. and 3 more (...) (2018).Metabolic changes during brief periods of ewe-lamb separation at different ages. Animal Production Science,58(7) 1297-1306",https://www.scopus.com/record/display.url?eid=2-s2.0-85047744647&origin=resultslist,10.1071/AN16221,Article,,2-s2.0-85047744647,-,Universidad Autonoma del Estado de Morelos| Universidad Autónoma Metropolitana| Universidad Nacional Autónoma de México,505016| 505017| 505023,Academic,3.0,60010210| 60025626| 60014923| 60172565| 60032442,Universidad Autónoma Metropolitana Unidad Xochimilco| Universidad Autónoma del Estado de Morelos| Universidad Autónoma Metropolitana| Facultad de Estudios Superiores Cuautitlán| Universidad Nacional Autónoma de México,54383862300,6506739367,6506739367,-,Mexico,1.0,1103| 1106,Animal Science and Zoology| Food Science,5,Life Sciences & Medicine,502,Agriculture & Forestry,32,Life Sciences,41| 31| 30,"Environmental Sciences| Biological Sciences| Agricultural, Veterinary And Food Sciences",-,-,-,Genetic Traits and Production in Livestock,1340,10.464,Lamb Survival and Maternal Behavior in Sheep,13943,76.069,Defensible,2018.0,10.0,N/A,"Mora-Medina, P.| Orihuela-Trujillo, A.| Roldan-Santiago, P.| Arch-Tirado, E.| Vázquez-Cruz, C.| Mota-Rojas, D.",Universidad Autonoma del Estado de Morelos| Universidad Autónoma Metropolitana| Universidad Nacional Autónoma de México,Mexico,0
6506739367,6506739367,Physiometabolic responses to road transport in weaned piglets for a short period and the effects of straw bedding,"Roldan-Santiago, P.| Trujillo-Ortega, M.| Borderas-Tordesillas, F.| Martínez-Rodríguez, R.| Mora-Medina, P.| Flores-Peinado, S.| Sánchez-Hernández, M.| García-Herrera, R.| González-Lozano, M.| Mota-Rojas, D.",10.0,42262742600| 55993689800| 56224168400| 44361191800| 54383862300| 14032985600| 48461884500| 56223703300| 56013674900| 6506739367,2015.0,2015-05-01,Animal Science Journal,86,5,563-571,-,ISSN-13443941,54288.0,Journal,-,English,0.68,49,1.8,35,0.553,29,1.65,40.0,10.0,0.67,6.0,42.0,39.0,0.0,0.0,"Roldan-Santiago, P., Trujillo-Ortega, M., Borderas-Tordesillas, F. and 7 more (...) (2015).Physiometabolic responses to road transport in weaned piglets for a short period and the effects of straw bedding. Animal Science Journal,86(5) 563-571",https://www.scopus.com/record/display.url?eid=2-s2.0-84928431799&origin=resultslist,10.1111/asj.12324,Article,,2-s2.0-84928431799,25496132,Universidad Autónoma Metropolitana| Universidad Juarez Autonoma de Tabasco| Universidad Nacional Autónoma de México,505017| 705961| 505023,Academic,3.0,60032442| 60010210| 60172565| 60025378,Universidad Nacional Autónoma de México| Universidad Autónoma Metropolitana Unidad Xochimilco| Facultad de Estudios Superiores Cuautitlán| Universidad Juárez Autónoma de Tabasco,42262742600,6506739367,6506739367,-,Mexico,1.0,1100,General Agricultural and Biological Sciences,5,Life Sciences & Medicine,502,Agriculture & Forestry,32,Life Sciences,31| 30,"Biological Sciences| Agricultural, Veterinary And Food Sciences",3109| 3003,Zoology| Animal production,-,Animal Welfare and Production in Livestock Systems,1094,40.419,Transport Effects on Pig Meat Quality and Welfare,20922,75.926,Very Good,2015.0,10.0,N/A,"Roldan-Santiago, P.| Trujillo-Ortega, M.| Borderas-Tordesillas, F.| Martínez-Rodríguez, R.| Mora-Medina, P.| Flores-Peinado, S.| Sánchez-Hernández, M.| García-Herrera, R.| González-Lozano, M.| Mota-Rojas, D.",Universidad Autónoma Metropolitana| Universidad Juarez Autonoma de Tabasco| Universidad Nacional Autónoma de México,Mexico,0
6506739367,6506739367,Physiological responses and blood gas exchange following long-distance transport of piglets weaned at different ages over unpaved or paved roads,"Martínez-Rodríguez, R.| Roldan-Santiago, P.| Orozco-Gregorio, H.| Trujillo-Ortega, M.| Mora-Medina, P.| González-Lozano, M.| Sánchez-Hernández, M.| Bonilla-Jaime, H.| García-Herrera, R.| Hernández-Trujillo, E.| Mota-Rojas, D.",11.0,44361191800| 42262742600| 16402379000| 55993689800| 54383862300| 56013674900| 48461884500| 55995899800| 56223703300| 57200579032| 6506739367,2015.0,2015-02-01,Livestock Science,172,-,69-78,-,ISSN-18711413,3300147807.0,Journal,Elsevier B.V.,English,0.99,30,2.2,24,0.838,14,4.18,70.0,10.0,1.0,3.99,42.0,29.0,0.0,0.0,"Martínez-Rodríguez, R., Roldan-Santiago, P., Orozco-Gregorio, H. and 8 more (...) (2015).Physiological responses and blood gas exchange following long-distance transport of piglets weaned at different ages over unpaved or paved roads. Livestock Science,17269-78",https://www.scopus.com/record/display.url?eid=2-s2.0-84921032406&origin=resultslist,10.1016/j.livsci.2014.12.013,Article,,2-s2.0-84921032406,-,Universidad Autónoma Metropolitana| Universidad Juarez Autonoma de Tabasco| Universidad Nacional Autónoma de México,505017| 705961| 505023,Academic,3.0,60028381| 60010210| 60032442| 60172565| 60025378,Universidad Autónoma Metropolitana -Unidad Iztapalapa| Universidad Autónoma Metropolitana Unidad Xochimilco| Universidad Nacional Autónoma de México| Facultad de Estudios Superiores Cuautitlán| Universidad Juárez Autónoma de Tabasco,44361191800,6506739367,6506739367,-,Mexico,1.0,1103| 3400,Animal Science and Zoology| General Veterinary,5,Life Sciences & Medicine,546| 502,Veterinary Science| Agriculture & Forestry,32,Life Sciences,31| 30,"Biological Sciences| Agricultural, Veterinary And Food Sciences",3009| 3003| 3109,Veterinary sciences| Animal production| Zoology,-,Animal Welfare and Production in Livestock Systems,1094,40.419,Transport Effects on Pig Meat Quality and Welfare,20922,75.926,Very Good,2015.0,10.0,N/A,"Martínez-Rodríguez, R.| Roldan-Santiago, P.| Orozco-Gregorio, H.| Trujillo-Ortega, M.| Mora-Medina, P.| González-Lozano, M.| Sánchez-Hernández, M.| Bonilla-Jaime, H.| García-Herrera, R.| Hernández-Trujillo, E.| Mota-Rojas, D.",Universidad Autónoma Metropolitana| Universidad Juarez Autonoma de Tabasco| Universidad Nacional Autónoma de México,Mexico,0
6506739367,6506739367,Behavior of lambs at different ages during brief periods of increased sensorial isolation from their mothers,"Mora, P.| Mota, D.| Arch-Tirado, E.| Roldán, P.| Vázquez-Cruz, C.| Terrazas, A.M.| Rosas, M.| Orihuela, A.",8.0,57196022932| 6506739367| 6506357120| 57196020786| 56809259700| 57202923889| 57196019619| 7003430617,2017.0,2017-11-01,Journal of Veterinary Behavior: Clinical Applications and Research,22,-,29-34,-,ISSN-15587878,5000157107.0,Journal,Elsevier USA,English,0.9,35,3.5,7,0.782,15,1.86,47.0,10.0,0.78,3.86,42.0,35.0,0.0,0.0,"Mora, P., Mota, D., Arch-Tirado, E. and 5 more (...) (2017).Behavior of lambs at different ages during brief periods of increased sensorial isolation from their mothers. Journal of Veterinary Behavior: Clinical Applications and Research,2229-34",https://www.scopus.com/record/display.url?eid=2-s2.0-85030983883&origin=resultslist,10.1016/j.jveb.2017.09.004,Article,,2-s2.0-85030983883,-,Universidad Autonoma del Estado de Morelos| Universidad del Valle de México| Universidad Autónoma Metropolitana| Universidad Nacional Autónoma de México,505016| 714043| 505017| 505023,Academic,4.0,60010210| 60032442| 60172565| 60014923| 119586163| 60002604| 60025626,Universidad Autónoma Metropolitana Unidad Xochimilco| Universidad Nacional Autónoma de México| Facultad de Estudios Superiores Cuautitlán| Universidad Autónoma Metropolitana| Laboratory of Bioacoustic at National Rehabilitation Institute| Universidad del Valle de México| Universidad Autónoma del Estado de Morelos,57196022932,7003430617,7003430617,-,Mexico,1.0,3400,General Veterinary,5,Life Sciences & Medicine,546,Veterinary Science,32,Life Sciences,30| 31,"Agricultural, Veterinary And Food Sciences| Biological Sciences",3009| 3003| 3109,Veterinary sciences| Animal production| Zoology,-,Genetic Traits and Production in Livestock,1340,10.464,Lamb Survival and Maternal Behavior in Sheep,13943,76.069,Very Good,2017.0,10.0,N/A,"Mora, P.| Mota, D.| Arch-Tirado, E.| Roldán, P.| Vázquez-Cruz, C.| Terrazas, A.M.| Rosas, M.| Orihuela, A.",Universidad Autonoma del Estado de Morelos| Universidad del Valle de México| Universidad Autónoma Metropolitana| Universidad Nacional Autónoma de México,Mexico,0
6506739367,6506739367,Effects of transport on water buffaloes (Bubalus bubalis): factors associated with the frequency of skin injuries and meat quality,"José-Pérez, N.| Mota-Rojas, D.| Ghezzi, M.D.| Rosmini, M.| Mora-Medina, P.| Bertoni, A.| Rodríguez-González, D.| Domínguez-Oliva, A.| Legarreta, I.G.",9.0,57219244989| 6506739367| 7003557797| 6602864222| 54383862300| 57218366068| 57202747775| 57223116454| 55989647900,2022.0,2022-04-01,Journal of Animal Behaviour and Biometeorology,10,2,-,22016,ISSN-23181265,21100791269.0,Journal,Malque Publishing,English,0.63,54,2.8,32,0.351,50,0.93,16.0,10.0,1.11,9.03,30.0,26.0,0.0,0.0,"José-Pérez, N., Mota-Rojas, D., Ghezzi, M.D. and 6 more (...) (2022).Effects of transport on water buffaloes (Bubalus bubalis): factors associated with the frequency of skin injuries and meat quality. Journal of Animal Behaviour and Biometeorology,10(2) ",https://www.scopus.com/record/display.url?eid=2-s2.0-85130617014&origin=resultslist,10.31893/jabb.22016,Article,Gold,2-s2.0-85130617014,-,Universidad Nacional del Centro de la Provincia de Buenos Aires| Universidad Autónoma Metropolitana| Universidad Nacional del Litoral| Universidad Nacional Autónoma de México,601024| 505017| 601012| 505023,Academic,4.0,60014923| 60005497| 60008547| 60032442| 60028381,Universidad Autónoma Metropolitana| Universidad Nacional del Centro de la Provincia de Buenos Aires| Universidad Nacional del Litoral| Universidad Nacional Autónoma de México| Universidad Autónoma Metropolitana -Unidad Iztapalapa,57219244989,55989647900,6506739367,-,Mexico| Argentina,2.0,1103| 1902| 2303,Animal Science and Zoology| Atmospheric Science| Ecology,5| 4,Life Sciences & Medicine| Natural Sciences,416| 502| 450| 451| 424,Earth & Marine Sciences| Agriculture & Forestry| Geology| Geophysics| Environmental Sciences,37| 32,Physical Sciences| Life Sciences,30| 31,"Agricultural, Veterinary And Food Sciences| Biological Sciences",3003| 3009| 3109,Animal production| Veterinary sciences| Zoology,-,Animal Welfare and Production in Livestock Systems,1094,40.419,Animal Welfare and Transport Stress in Livestock,11006,81.564,Definitive,2022.0,10.0,N/A,"José-Pérez, N.| Mota-Rojas, D.| Ghezzi, M.D.| Rosmini, M.| Mora-Medina, P.| Bertoni, A.| Rodríguez-González, D.| Domínguez-Oliva, A.| Legarreta, I.G.",Universidad Nacional del Centro de la Provincia de Buenos Aires| Universidad Autónoma Metropolitana| Universidad Nacional del Litoral| Universidad Nacional Autónoma de México,Mexico| Argentina,0
6506739367,6506739367,Infrared thermography and metabolic changes in castrated piglets due to the effects of age and the number of incisions in the testicles,"Pérez-Pedraza, E.| Mota-Rojas, D.| González-Lozano, M.| Guerrero-Legarreta, I.| Martínez-Burnes, J.| Mora-Medina, P.| Cruz-Monterrosa, R.| Ramírez-Necoechea, R.",8.0,55755559900| 6506739367| 56013674900| 55989647900| 6603432183| 54383862300| 25221499100| 56013707100,2018.0,2018-01-01,American Journal of Animal and Veterinary Sciences,13,3,104-114,-,ISSN-15574555,6500153244.0,Journal,Science Publications,English,0.36,75,0.7,62,0.173,71,1.52,30.0,9.0,1.82,4.96,44.0,15.0,0.0,0.0,"Pérez-Pedraza, E., Mota-Rojas, D., González-Lozano, M. and 5 more (...) (2018).Infrared thermography and metabolic changes in castrated piglets due to the effects of age and the number of incisions in the testicles. American Journal of Animal and Veterinary Sciences,13(3) 104-114",https://www.scopus.com/record/display.url?eid=2-s2.0-85055741262&origin=resultslist,10.3844/ajavsp.2018.104.114,Article,Gold|Green,2-s2.0-85055741262,-,Universidad Autónoma de Tamaulipas| Universidad Autónoma Metropolitana| Universidad Nacional Autónoma de México,714293| 505017| 505023,Academic,3.0,60014923| 60010210| 60032442| 60028381| 60019607,Universidad Autónoma Metropolitana| Universidad Autónoma Metropolitana Unidad Xochimilco| Universidad Nacional Autónoma de México| Universidad Autónoma Metropolitana -Unidad Iztapalapa| Universidad Autónoma de Tamaulipas,55755559900,56013707100,6506739367,-,Mexico,1.0,1103| 3400,Animal Science and Zoology| General Veterinary,5,Life Sciences & Medicine,502| 546,Agriculture & Forestry| Veterinary Science,32,Life Sciences,30,"Agricultural, Veterinary And Food Sciences",3009,Veterinary sciences,-,Animal Welfare and Production in Livestock Systems,1094,40.419,Pain Management Strategies in Piglet Castration,61991,51.839,Very Good,2018.0,9.0,N/A,"Pérez-Pedraza, E.| Mota-Rojas, D.| González-Lozano, M.| Guerrero-Legarreta, I.| Martínez-Burnes, J.| Mora-Medina, P.| Cruz-Monterrosa, R.| Ramírez-Necoechea, R.",Universidad Autónoma de Tamaulipas| Universidad Autónoma Metropolitana| Universidad Nacional Autónoma de México,Mexico,0
6506739367,6506739367,Assessment of the nociceptive response to the use of cannabidiol alone and in combination with meloxicam through infrared pupillometry in female dogs undergoing elective ovariohysterectomy,"Casas-Alvarado, A.| Martínez-Burnes, J.| Hernández-Ávalos, I.| Mora-Medina, P.| Miranda-Cortés, A.| Domínguez-Oliva, A.| Mota-Rojas, D.",7.0,57216196260| 6603432183| 57214934466| 54383862300| 57214937320| 57223116454| 6506739367,2024.0,2024-01-01,Frontiers in Veterinary Science,11,-,-,1380022,ISSN-22971769,21100843693.0,Journal,Frontiers Media SA,English,1.06,27,5.1,6,0.783,8,0.81,9.0,9.0,3.28,2.74,16.0,6.0,0.0,0.0,"Casas-Alvarado, A., Martínez-Burnes, J., Hernández-Ávalos, I. and 4 more (...) (2024).Assessment of the nociceptive response to the use of cannabidiol alone and in combination with meloxicam through infrared pupillometry in female dogs undergoing elective ovariohysterectomy. Frontiers in Veterinary Science,11",https://www.scopus.com/record/display.url?eid=2-s2.0-85198733315&origin=resultslist,10.3389/fvets.2024.1380022,Article,Gold|Green,2-s2.0-85198733315,-,Universidad Autónoma de Tamaulipas| Universidad Autónoma Metropolitana| Universidad Nacional Autónoma de México,714293| 505017| 505023,Academic,3.0,60014923| 60019607| 60032442| 60172565,Universidad Autónoma Metropolitana| Universidad Autónoma de Tamaulipas| Universidad Nacional Autónoma de México| Facultad de Estudios Superiores Cuautitlán,57216196260,6506739367,6506739367,-,Mexico,1.0,3400,General Veterinary,5,Life Sciences & Medicine,546,Veterinary Science,32,Life Sciences,30,"Agricultural, Veterinary And Food Sciences",3009,Veterinary sciences,-,Pain Management and Imaging Techniques,616,31.785,Veterinary Pain Management in Canines and Felines,12143,82.352,Definitive,2024.0,9.0,N/A,"Casas-Alvarado, A.| Martínez-Burnes, J.| Hernández-Ávalos, I.| Mora-Medina, P.| Miranda-Cortés, A.| Domínguez-Oliva, A.| Mota-Rojas, D.",Universidad Autónoma de Tamaulipas| Universidad Autónoma Metropolitana| Universidad Nacional Autónoma de México,Mexico,0
6506739367,6506739367,Assessment of thermal changes in water buffalo mobilized from the paddock and transported by short journeys,"Rodríguez-González, D.| Guerrero Legarreta, I.| Cruz-Monterrosa, R.G.| Napolitano, F.| Titto, C.G.| Abd El-Aziz, A.H.| Hernández-Avalos, I.| Casas-Alvarado, A.| Domínguez-Oliva, A.| Mota-Rojas, D.",10.0,57202747775| 55989647900| 25221499100| 7003837061| 35489307700| 60431773500| 57214934466| 57216196260| 57223116454| 6506739367,2023.0,2023-01-01,Frontiers in Veterinary Science,10,-,-,1184577,ISSN-22971769,21100843693.0,Journal,Frontiers Media S.A.,English,1.03,26,4.8,8,0.734,10,1.52,24.0,9.0,2.0,4.5,25.0,13.0,0.0,0.0,"Rodríguez-González, D., Guerrero Legarreta, I., Cruz-Monterrosa, R.G. and 7 more (...) (2023).Assessment of thermal changes in water buffalo mobilized from the paddock and transported by short journeys. Frontiers in Veterinary Science,10",https://www.scopus.com/record/display.url?eid=2-s2.0-85159965945&origin=resultslist,10.3389/fvets.2023.1184577,Article,Gold|Green,2-s2.0-85159965945,-,University of Basilicata| Universidad Autónoma Metropolitana| Universidade de São Paulo| Universidad Nacional Autónoma de México| Damanhour University,321028| 505017| 602049| 505023| 706322,Academic,5.0,60014923| 60020919| 60008088| 60273257| 60105346| 60032442,Universidad Autónoma Metropolitana| Università degli Studi della Basilicata| Universidade de São Paulo| Faculty of Veterinary Medicine| Damanhour University| Universidad Nacional Autónoma de México,57202747775,6506739367,6506739367,-,Mexico| Egypt| Italy| Brazil,4.0,3400,General Veterinary,5,Life Sciences & Medicine,546,Veterinary Science,32,Life Sciences,30,"Agricultural, Veterinary And Food Sciences",3009,Veterinary sciences,-,Animal Welfare and Production in Livestock Systems,1094,40.419,Animal Welfare and Transport Stress in Livestock,11006,81.564,Definitive,2023.0,9.0,N/A,"Rodríguez-González, D.| Guerrero Legarreta, I.| Cruz-Monterrosa, R.G.| Napolitano, F.| Titto, C.G.| Abd El-Aziz, A.H.| Hernández-Avalos, I.| Casas-Alvarado, A.| Domínguez-Oliva, A.| Mota-Rojas, D.",University of Basilicata| Universidad Autónoma Metropolitana| Universidade de São Paulo| Universidad Nacional Autónoma de México| Damanhour University,Mexico| Egypt| Italy| Brazil,0
6506739367,6506739367,Relation between the Dam’s Weight on Superficial Temperature of Her Puppies at Different Stages of the Post-Partum,"Lezama-García, K.| Martínez-Burnes, J.| Pérez-Jiménez, J.C.| Domínguez-Oliva, A.| Mora-Medina, P.| Olmos-Hernández, A.| Hernández-Ávalos, I.| Mota-Rojas, D.",8.0,57210803993| 6603432183| 56000863100| 57223116454| 54383862300| 57208824733| 57214934466| 6506739367,2022.0,2022-12-01,Veterinary Sciences,9,12,-,673,ISSN-23067381,21100856030.0,Journal,MDPI,English,0.91,36,2.3,37,0.524,23,1.04,19.0,8.0,1.42,5.62,36.0,20.0,0.0,0.0,"Lezama-García, K., Martínez-Burnes, J., Pérez-Jiménez, J.C. and 5 more (...) (2022).Relation between the Dam’s Weight on Superficial Temperature of Her Puppies at Different Stages of the Post-Partum. Veterinary Sciences,9(12) ",https://www.scopus.com/record/display.url?eid=2-s2.0-85144590995&origin=resultslist,10.3390/vetsci9120673,Article,Gold|Green,2-s2.0-85144590995,-,Consejo Nacional de Ciencia y Tecnologia Mexico| Universidad Autónoma de Tamaulipas| Universidad Autónoma Metropolitana| Instituto Nacional de Rehabilitación| Universidad Nacional Autónoma de México| Colegio de la Frontera Sur,704696| 714293| 505017| 715278| 505023| 505030,Medical| Academic| Government,6.0,60014923| 60019607| 60276880| 60015438| 60010210| 60032442| 60172565| 60084250,Universidad Autónoma Metropolitana| Universidad Autónoma de Tamaulipas| El Colegio de la Frontera Sur| El Colegio de la Frontera Sur| Universidad Autónoma Metropolitana Unidad Xochimilco| Universidad Nacional Autónoma de México| Facultad de Estudios Superiores Cuautitlán| Instituto Nacional de Rehabilitación,57210803993,6506739367,6506739367,-,Mexico,1.0,3400,General Veterinary,5,Life Sciences & Medicine,546,Veterinary Science,32,Life Sciences,30,"Agricultural, Veterinary And Food Sciences",3009,Veterinary sciences,SDG 3,Canine and Feline Tumor Management Insights,1006,18.116,Puppy Health and Neonatal Development Insights,33609,72.481,Very Good,2022.0,8.0,N/A,"Lezama-García, K.| Martínez-Burnes, J.| Pérez-Jiménez, J.C.| Domínguez-Oliva, A.| Mora-Medina, P.| Olmos-Hernández, A.| Hernández-Ávalos, I.| Mota-Rojas, D.",Consejo Nacional de Ciencia y Tecnologia Mexico| Universidad Autónoma de Tamaulipas| Universidad Autónoma Metropolitana| Instituto Nacional de Rehabilitación| Universidad Nacional Autónoma de México| Colegio de la Frontera Sur,Mexico,0
6506739367,6506739367,Provision of straw and the presence of undocked lambs reduce the behavioural and physiological expressions of pain and stress associated with tail docking in lambs: A preliminary study,"Larrondo, C.| Orihuela, A.| Strappini, A.| Acosta-Jamett, G.| Mota-Rojas, D.| Gallo, C.",6.0,57190382208| 7003430617| 31767693400| 35274549900| 6506739367| 7103169910,2021.0,2021-02-01,Animal Production Science,61,4,423-431,-,ISSN-18360939,16900154706.0,Journal,CSIRO,English,0.85,41,3.1,25,0.439,38,1.19,30.0,8.0,0.46,8.72,41.0,50.0,0.0,0.0,"Larrondo, C., Orihuela, A., Strappini, A. and 3 more (...) (2021).Provision of straw and the presence of undocked lambs reduce the behavioural and physiological expressions of pain and stress associated with tail docking in lambs: A preliminary study. Animal Production Science,61(4) 423-431",https://www.scopus.com/record/display.url?eid=2-s2.0-85096288347&origin=resultslist,10.1071/AN20237,Article,,2-s2.0-85096288347,-,Universidad Autonoma del Estado de Morelos| Universidad de las Américas - Chile| Universidad Autónoma Metropolitana| Universidad Austral de Chile,505016| 706192| 505017| 603003,Academic,4.0,60003634| 60105362| 60025626| 60014923,Universidad Austral de Chile| Universidad de Las Américas Chile| Universidad Autónoma del Estado de Morelos| Universidad Autónoma Metropolitana,57190382208,7103169910,7003430617,-,Chile| Mexico,2.0,1103| 1106,Animal Science and Zoology| Food Science,5,Life Sciences & Medicine,502,Agriculture & Forestry,32,Life Sciences,30| 41| 31,"Agricultural, Veterinary And Food Sciences| Environmental Sciences| Biological Sciences",-,-,-,Animal Welfare and Production in Livestock Systems,1094,40.419,Pain Management Strategies in Livestock Welfare,19750,77.485,Very Good,2021.0,8.0,N/A,"Larrondo, C.| Orihuela, A.| Strappini, A.| Acosta-Jamett, G.| Mota-Rojas, D.| Gallo, C.",Universidad Autonoma del Estado de Morelos| Universidad de las Américas - Chile| Universidad Autónoma Metropolitana| Universidad Austral de Chile,Chile| Mexico,0
6506739367,6506739367,Neurophysiological development of newborn pigs: Effect of the sow's parity number in eutocic farrowings,"Roldan-Santiago, P.| Mota-Rojas, D.| Martínez-Burnes, J.| Velarde, A.| Muns, R.| López-Mayagoitia, A.",6.0,42262742600| 6506739367| 6603432183| 6701775922| 6507755800| 6504077032,2019.0,2019-01-01,Animal Production Science,59,2,236-242,-,ISSN-18360939,16900154706.0,Journal,CSIRO,English,0.91,36,2.8,26,0.562,30,1.17,41.0,7.0,0.25,8.01,47.0,62.0,0.0,0.0,"Roldan-Santiago, P., Mota-Rojas, D., Martínez-Burnes, J. and 3 more (...) (2019).Neurophysiological development of newborn pigs: Effect of the sow's parity number in eutocic farrowings. Animal Production Science,59(2) 236-242",https://www.scopus.com/record/display.url?eid=2-s2.0-85049248081&origin=resultslist,10.1071/AN16641,Article,Green,2-s2.0-85049248081,-,Chulalongkorn University| Universidad Autónoma de Tamaulipas| University of Prince Edward Island| Universidad Autónoma Metropolitana| Institute of Agrifood Research and Technology| Generalitat de Catalunya,216003| 714293| 501045| 505017| 312133| 704484,Government| Academic,6.0,60028381| 60024080| 60014923| 60019607| 60031261| 60028190| 60007655,Universidad Autónoma Metropolitana -Unidad Iztapalapa| Universidad Autónoma Metropolitana Unidad Cuajimalpa| Universidad Autónoma Metropolitana| Universidad Autónoma de Tamaulipas| Institut de Recerca I Technologia Agroalimentaries| Chulalongkorn University| University of Prince Edward Island,42262742600,6504077032,6506739367,-,Spain| Mexico| Thailand| Canada,4.0,1103| 1106,Animal Science and Zoology| Food Science,5,Life Sciences & Medicine,502,Agriculture & Forestry,32,Life Sciences,30| 31| 41,"Agricultural, Veterinary And Food Sciences| Biological Sciences| Environmental Sciences",-,-,-,Animal Welfare and Production in Livestock Systems,1094,40.419,Enhancing Piglet Welfare through Sows' Management,10337,87.723,Definitive,2019.0,7.0,N/A,"Roldan-Santiago, P.| Mota-Rojas, D.| Martínez-Burnes, J.| Velarde, A.| Muns, R.| López-Mayagoitia, A.",Chulalongkorn University| Universidad Autónoma de Tamaulipas| University of Prince Edward Island| Universidad Autónoma Metropolitana| Institute of Agrifood Research and Technology| Generalitat de Catalunya,Spain| Mexico| Thailand| Canada,0
6506739367,6506739367,Evaluation of the protective effect of thiamine pyrophosphate based on the biochemical analysis of rabbit foetuses at 30 days of gestation,"Jiménez-Bravo, M.A.| Mota-Rojas, D.| Orozco-Gregorio, H.| Pérez-Guille, B.| Soriano-Rosales, R.| Roldan-Santiago, P.| Alonso-Spilsbury, M.| Arch-Tirado, E.| Mora-Medina, P.| Martínez-Burnes, J.",10.0,6506625999| 6506739367| 16402379000| 11141818700| 10938994300| 42262742600| 6603136227| 6506357120| 54383862300| 6603432183,2016.0,2016-10-01,Reproductive Toxicology,65,-,359-364,-,ISSN-08906238,24028.0,Journal,Elsevier Inc.,English,1,28,5,27,1.078,27,0.82,28.0,6.0,0.2,9.87,51.0,62.0,0.0,0.0,"Jiménez-Bravo, M.A., Mota-Rojas, D., Orozco-Gregorio, H. and 7 more (...) (2016).Evaluation of the protective effect of thiamine pyrophosphate based on the biochemical analysis of rabbit foetuses at 30 days of gestation. Reproductive Toxicology,65359-364",https://www.scopus.com/record/display.url?eid=2-s2.0-84987664859&origin=resultslist,10.1016/j.reprotox.2016.09.003,Article,,2-s2.0-84987664859,27629360,Universidad Autónoma de Tamaulipas| Universidad Autónoma Metropolitana| Instituto Nacional de Rehabilitación| Universidad Autonoma de San Luis Potosi| Universidad Nacional Autónoma de México| Instituto Nacional de Pediatria,714293| 505017| 715278| 505014| 505023| 505041,Medical| Academic| Government,6.0,60014923| 60004914| 60031335| 60084250| 60032442| 60019607,Universidad Autónoma Metropolitana| Instituto Nacional de Pediatría| Universidad Autónoma de San Luis Potosí| Instituto Nacional de Rehabilitación| Universidad Nacional Autónoma de México| Universidad Autónoma de Tamaulipas,6506625999,6603432183,6506739367,-,Mexico,1.0,3005,Toxicology,5,Life Sciences & Medicine,537,Pharmacy & Pharmacology,32,Life Sciences,32,Biomedical And Clinical Sciences,3214| 3215,Pharmacology and pharmaceutical sciences| Reproductive medicine,-,Animal Welfare and Production in Livestock Systems,1094,40.419,Enhancing Piglet Welfare through Sows' Management,10337,87.723,Defensible,2016.0,6.0,N/A,"Jiménez-Bravo, M.A.| Mota-Rojas, D.| Orozco-Gregorio, H.| Pérez-Guille, B.| Soriano-Rosales, R.| Roldan-Santiago, P.| Alonso-Spilsbury, M.| Arch-Tirado, E.| Mora-Medina, P.| Martínez-Burnes, J.",Universidad Autónoma de Tamaulipas| Universidad Autónoma Metropolitana| Instituto Nacional de Rehabilitación| Universidad Autonoma de San Luis Potosi| Universidad Nacional Autónoma de México| Instituto Nacional de Pediatria,Mexico,0
6506739367,6506739367,"Assessment of Vitality, Blood Profile, and Degree of Meconium Staining on the Skin in Newborn Dogs According to Its Birth Weight","Lezama-García, K.| Martínez-Burnes, J.| Baqueiro-Espinosa, U.| Olmos-Hernández, A.| Hernández-Ávalos, I.| Domínguez-Oliva, A.| Mota-Rojas, D.",7.0,57210803993| 6603432183| 57611603400| 57208824733| 57214934466| 57223116454| 6506739367,2023.0,2023-07-01,Veterinary Sciences,10,7,-,453,ISSN-23067381,21100856030.0,Journal,Multidisciplinary Digital Publishing Institute (MDPI),English,0.78,41,2.9,26,0.552,22,0.83,13.0,6.0,1.33,4.5,34.0,22.0,0.0,0.0,"Lezama-García, K., Martínez-Burnes, J., Baqueiro-Espinosa, U. and 4 more (...) (2023).Assessment of Vitality, Blood Profile, and Degree of Meconium Staining on the Skin in Newborn Dogs According to Its Birth Weight. Veterinary Sciences,10(7) ",https://www.scopus.com/record/display.url?eid=2-s2.0-85164692143&origin=resultslist,10.3390/vetsci10070453,Article,Gold|Green,2-s2.0-85164692143,-,Universidad Autónoma de Tamaulipas| Universidad Autónoma Metropolitana| Instituto Nacional de Rehabilitación| Universidad Nacional Autónoma de México| Queen's University Belfast,714293| 505017| 715278| 505023| 315048,Medical| Academic,5.0,60014923| 60019607| 60029738| 60084250| 60172565| 60032442| 60010210,Universidad Autónoma Metropolitana| Universidad Autónoma de Tamaulipas| Queen's University Belfast| Instituto Nacional de Rehabilitación| Facultad de Estudios Superiores Cuautitlán| Universidad Nacional Autónoma de México| Universidad Autónoma Metropolitana Unidad Xochimilco,57210803993,6506739367,6506739367,-,United Kingdom| Mexico,2.0,3400,General Veterinary,5,Life Sciences & Medicine,546,Veterinary Science,32,Life Sciences,30,"Agricultural, Veterinary And Food Sciences",3009,Veterinary sciences,SDG 3,Canine and Feline Tumor Management Insights,1006,18.116,Puppy Health and Neonatal Development Insights,33609,72.481,Definitive,2023.0,6.0,N/A,"Lezama-García, K.| Martínez-Burnes, J.| Baqueiro-Espinosa, U.| Olmos-Hernández, A.| Hernández-Ávalos, I.| Domínguez-Oliva, A.| Mota-Rojas, D.",Universidad Autónoma de Tamaulipas| Universidad Autónoma Metropolitana| Instituto Nacional de Rehabilitación| Universidad Nacional Autónoma de México| Queen's University Belfast,United Kingdom| Mexico,0
6506739367,6506739367,Study on the suitability of life cycle assessment for the estimation of donkey milk environmental impact,"Bragaglio, A.| Romano, E.| Cutini, M.| Nannoni, E.| Mota-Rojas, D.| Claps, S.| De Palo, P.",7.0,56458998000| 57222710081| 36547850400| 55445764800| 6506739367| 8683217400| 12807786100,2024.0,2024-02-01,Animal,18,2,-,101057,ISSN-17517311,5300152613.0,Journal,Elsevier B.V.,English,1.54,12,7.8,4,1.04,5,8.5,89.0,6.0,1.83,3.27,24.0,15.0,0.0,0.0,"Bragaglio, A., Romano, E., Cutini, M. and 4 more (...) (2024).Study on the suitability of life cycle assessment for the estimation of donkey milk environmental impact. Animal,18(2) ",https://www.scopus.com/record/display.url?eid=2-s2.0-85182360796&origin=resultslist,10.1016/j.animal.2023.101057,Article,Gold|Green,2-s2.0-85182360796,38215679,Universidad Autónoma Metropolitana| University of Bari| University of Bologna| Council for Agricultural Research and Economics,505017| 321039| 321040| 704485,Government| Academic,4.0,60104017| 60028218| 60014923| 60010210| 60022778,Consiglio per la Ricerca in Agricoltura e l’Analisi Dell’Economia Agraria (CREA)| Alma Mater Studiorum Università di Bologna| Universidad Autónoma Metropolitana| Universidad Autónoma Metropolitana Unidad Xochimilco| Università degli studi di Bari Aldo Moro,56458998000,12807786100,55445764800,-,Mexico| Italy,2.0,1103,Animal Science and Zoology,5,Life Sciences & Medicine,502,Agriculture & Forestry,32,Life Sciences,31| 30,"Biological Sciences| Agricultural, Veterinary And Food Sciences",3003| 3109| 3009,Animal production| Zoology| Veterinary sciences,SDG 2| SDG 8| SDG 9| SDG 12| SDG 13| SDG 14,Nitrogen Dynamics and Greenhouse Gas Emissions,523,87.247,Environmental Impact of Livestock Production Systems,6470,97.204,Definitive,2024.0,6.0,N/A,"Bragaglio, A.| Romano, E.| Cutini, M.| Nannoni, E.| Mota-Rojas, D.| Claps, S.| De Palo, P.",Universidad Autónoma Metropolitana| University of Bari| University of Bologna| Council for Agricultural Research and Economics,Mexico| Italy,0
6506739367,6506739367,Traumatic brain injury extending to the striatum alters autonomic thermoregulation and hypothalamic monoamines in recovering rats,"Verduzco-Mendoza, A.| Mota-Rojas, D.| Olmos Hernández, S.A.| Gálvez-Rosas, A.| Aguirre-Pérez, A.| Cortes-Altamirano, J.L.| Alfaro-Rodríguez, A.| Parra-Cid, C.| Avila-Luna, A.| Bueno-Nava, A.",10.0,8299191000| 6506739367| 58776821300| 36087207500| 58192024100| 57192095795| 6603295548| 35088531400| 37055373400| 56002708300,2023.0,2023-01-01,Frontiers in Neuroscience,17,-,-,1304440,ISSN-16624548,21100199812.0,Journal,Frontiers Media SA,English,0.98,29,6.2,35,1.063,32,0.88,13.0,5.0,0.56,9.01,38.0,45.0,0.0,0.0,"Verduzco-Mendoza, A., Mota-Rojas, D., Olmos Hernández, S.A. and 7 more (...) (2023).Traumatic brain injury extending to the striatum alters autonomic thermoregulation and hypothalamic monoamines in recovering rats. Frontiers in Neuroscience,17",https://www.scopus.com/record/display.url?eid=2-s2.0-85180443892&origin=resultslist,10.3389/fnins.2023.1304440,Article,Gold|Green,2-s2.0-85180443892,-,SSA Mexico| Universidad Autónoma Metropolitana| Instituto Nacional de Rehabilitación,720866| 505017| 715278,Medical| Academic| Corporate,3.0,60014923| 60010210| 60004064| 60084250| 128512836| 124101773,Universidad Autónoma Metropolitana| Universidad Autónoma Metropolitana Unidad Xochimilco| SSA Mexico| Instituto Nacional de Rehabilitación| Universidad Estatal del Valle de Ecatepec| Real Centro Universitario Escorial María Cristina,8299191000,56002708300,56002708300,-,Mexico| Spain,2.0,2800,General Neuroscience,5,Life Sciences & Medicine,532,Medicine,34,Medical and Health,52| 32,Psychology| Biomedical And Clinical Sciences,5202| 3209,Biological psychology| Neurosciences,-,Oligodendrocyte Dynamics in Central Nervous System Recovery,287,75.736,Therapeutic Hypothermia in Brain Injury Management,5703,82.416,Definitive,2023.0,5.0,N/A,"Verduzco-Mendoza, A.| Mota-Rojas, D.| Olmos Hernández, S.A.| Gálvez-Rosas, A.| Aguirre-Pérez, A.| Cortes-Altamirano, J.L.| Alfaro-Rodríguez, A.| Parra-Cid, C.| Avila-Luna, A.| Bueno-Nava, A.",SSA Mexico| Universidad Autónoma Metropolitana| Instituto Nacional de Rehabilitación,Mexico| Spain,0
6506739367,6506739367,"The effects of diets containing two corn stubble levels and three non-hydrogenated lipids sources on fattening performance, carcase, and meat quality of male hair-lambs","Ramírez-Bribiesca, J.E.| Hernández-Cruz, L.| Cruz-Monterrosa, R.G.| Guerrero-Legarreta, I.| Mota-Rojas, D.| Rayas-Amor, A.A.| Domínguez-Vara, I.A.| Avendaño-Reyes, L.| Corona-Gochi, L.| Cuchillo-Hilario, M.",10.0,12242422900| 24398872600| 25221499100| 55989647900| 6506739367| 9638753300| 23984474700| 57207497251| 57960110800| 16506113300,2021.0,2021-01-01,Italian Journal of Animal Science,20,1,406-418,-,ISSN-15944077,4000151701.0,Journal,Taylor and Francis Ltd.,English,1.15,25,3.6,22,0.548,27,1.86,33.0,5.0,0.77,6.53,51.0,36.0,0.0,0.0,"Ramírez-Bribiesca, J.E., Hernández-Cruz, L., Cruz-Monterrosa, R.G. and 7 more (...) (2021).The effects of diets containing two corn stubble levels and three non-hydrogenated lipids sources on fattening performance, carcase, and meat quality of male hair-lambs. Italian Journal of Animal Science,20(1) 406-418",https://www.scopus.com/record/display.url?eid=2-s2.0-85101600258&origin=resultslist,10.1080/1828051X.2021.1884008,Article,Gold|Green,2-s2.0-85101600258,-,Universidad Autonoma de Baja California| Universidad Autónoma Metropolitana| Colegio de Postgraduados| Universidad Autonoma del Estado de Mexico| Universidad Nacional Autónoma de México| Instituto Nacional de Ciencias Medicas y Nutricion Salvador Zubiran,505046| 505017| 505003| 505051| 505023| 505009,Government| Academic,6.0,60033065| 60112837| 60028381| 60002281| 60005618| 60010210| 60032442| 60009149,Colegio De Postgraduados Campus Montecillo| Universidad Autónoma Metropolitana-Lerma| Universidad Autónoma Metropolitana -Unidad Iztapalapa| Universidad Autónoma del Estado de México| Universidad Autónoma de Baja California| Universidad Autónoma Metropolitana Unidad Xochimilco| Universidad Nacional Autónoma de México| Instituto Nacional de la Nutrición Salvador Zubiran,12242422900,16506113300,25221499100,-,Mexico,1.0,1103,Animal Science and Zoology,5,Life Sciences & Medicine,502,Agriculture & Forestry,32,Life Sciences,30,"Agricultural, Veterinary And Food Sciences",3009| 3003,Veterinary sciences| Animal production,-,Methane Reduction through Feed Supplementation Strategies,104,78.417,Fatty Acids and Their Impact on Dairy Milk,1199,96.292,Very Good,2021.0,5.0,N/A,"Ramírez-Bribiesca, J.E.| Hernández-Cruz, L.| Cruz-Monterrosa, R.G.| Guerrero-Legarreta, I.| Mota-Rojas, D.| Rayas-Amor, A.A.| Domínguez-Vara, I.A.| Avendaño-Reyes, L.| Corona-Gochi, L.| Cuchillo-Hilario, M.",Universidad Autonoma de Baja California| Universidad Autónoma Metropolitana| Colegio de Postgraduados| Universidad Autonoma del Estado de Mexico| Universidad Nacional Autónoma de México| Instituto Nacional de Ciencias Medicas y Nutricion Salvador Zubiran,Mexico,0
6506739367,6506739367,Predicting the body weight of crossbred Holstein × Zebu dairy cows using multivariate adaptive regression splines algorithm,"Vázquez-Martínez, I.| Tirink, C.| Casanova-Lugo, F.| Pozo-Leyva, D.| Mota-Rojas, D.| Kalmagambetov, M.B.| Uskenov, R.| Gülboy, Ö.| Garcia-Herrera, R.A.| Chay-Canul, A.J.",10.0,57217117619| 56957224200| 37123304400| 57208883045| 6506739367| 59230917600| 57194221497| 58843488700| 56223703300| 56013716200,2024.0,2024-08-01,Journal of Dairy Research,91,3,267-272,-,ISSN-00220299,39098.0,Journal,Cambridge University Press,English,0.58,57,3.1,29,0.41,40,1.84,24.0,4.0,0.88,4.53,32.0,33.0,0.0,0.0,"Vázquez-Martínez, I., Tirink, C., Casanova-Lugo, F. and 7 more (...) (2024).Predicting the body weight of crossbred Holstein × Zebu dairy cows using multivariate adaptive regression splines algorithm. Journal of Dairy Research,91(3) 267-272",https://www.scopus.com/record/display.url?eid=2-s2.0-85210378938&origin=resultslist,10.1017/S0022029924000578,Article,Bronze,2-s2.0-85210378938,-,"Tecnológico Nacional de México, Mexico City| Benemerita Universidad Autonoma de Puebla| Ondokuz Mayis University| Igdir University| Saken Seifullin Kazakh Agrotechnical University| Universidad Autónoma Metropolitana| Universidad Juarez Autonoma de Tabasco",719128| 505001| 410043| 705118| 703441| 505017| 705961,Academic,7.0,60025378| 60024830| 60104490| 60134870| 60010210| 113421951| 60106646| 60009477,Universidad Juárez Autónoma de Tabasco| Benemérita Universidad Autónoma de Puebla| Iğdır Üniversitesi| Tecnológico Nacional de México| Universidad Autónoma Metropolitana Unidad Xochimilco| Aktobe Agricultural Experimental Station| Saken Seifullin Kazakh Agrotechnical University| Ondokuz Mayis Üniversitesi,57217117619,56013716200,56957224200,-,Mexico| Kazakhstan| Turkey,3.0,1103| 1106,Animal Science and Zoology| Food Science,5,Life Sciences & Medicine,502,Agriculture & Forestry,32,Life Sciences,30,"Agricultural, Veterinary And Food Sciences",3003| 3006,Animal production| Food sciences,-,Genetic Traits and Production in Livestock,1340,10.464,Morphometric Traits and Body Weight in Livestock,12508,83.395,Definitive,2024.0,4.0,N/A,"Vázquez-Martínez, I.| Tirink, C.| Casanova-Lugo, F.| Pozo-Leyva, D.| Mota-Rojas, D.| Kalmagambetov, M.B.| Uskenov, R.| Gülboy, Ö.| Garcia-Herrera, R.A.| Chay-Canul, A.J.","Tecnológico Nacional de México, Mexico City| Benemerita Universidad Autonoma de Puebla| Ondokuz Mayis University| Igdir University| Saken Seifullin Kazakh Agrotechnical University| Universidad Autónoma Metropolitana| Universidad Juarez Autonoma de Tabasco",Mexico| Kazakhstan| Turkey,0
6506739367,6506739367,Changes in Noradrenergic Synthesis and Dopamine Beta-Hydroxylase Activity in Response to Oxidative Stress after Iron-induced Brain Injury,"Verduzco-Mendoza, A.| Mota-Rojas, D.| Olmos-Hernández, A.| Avila-Luna, A.| García-García, K.| Gálvez-Rosas, A.| Hidalgo-Bravo, A.| Ríos, C.| Parra-Cid, C.| Montes, S.| García-López, J.| Ramos-Languren, L.E.| Pérez-Severiano, F.| González-Piña, R.| Bueno-Nava, A.",15.0,8299191000| 6506739367| 57208824733| 37055373400| 59249720000| 36087207500| 8598282200| 7101933223| 35088531400| 7003956100| 55958088900| 55164684400| 6602641180| 6603015407| 56002708300,2024.0,2024-11-01,Neurochemical Research,49,11,3043-3059,-,ISSN-03643190,17484.0,Journal,Springer,English,0.85,39,8.1,20,1.103,18,1.29,16.0,4.0,0.55,7.33,32.0,45.0,0.0,0.0,"Verduzco-Mendoza, A., Mota-Rojas, D., Olmos-Hernández, A. and 12 more (...) (2024).Changes in Noradrenergic Synthesis and Dopamine Beta-Hydroxylase Activity in Response to Oxidative Stress after Iron-induced Brain Injury. Neurochemical Research,49(11) 3043-3059",https://www.scopus.com/record/display.url?eid=2-s2.0-85200566637&origin=resultslist,10.1007/s11064-024-04222-9,Article,,2-s2.0-85200566637,-,SSA Mexico| Universidad Autónoma de Tamaulipas| Universidad Autónoma Metropolitana| Instituto Nacional de Rehabilitación| Instituto Nacional de Neurologia y Neurocirugia| Instituto Politécnico Nacional| Universidad Nacional Autónoma de México,720866| 714293| 505017| 715278| 505040| 505011| 505023,Medical| Academic| Government| Corporate,7.0,60014923| 60084250| 60004064| 60010210| 60000029| 60019607| 60032442| 60019176| 131534588,Universidad Autónoma Metropolitana| Instituto Nacional de Rehabilitación| SSA Mexico| Universidad Autónoma Metropolitana Unidad Xochimilco| Instituto Nacional de Neurología y Neurocirugía| Universidad Autónoma de Tamaulipas| Universidad Nacional Autónoma de México| Instituto Politécnico Nacional| Clínica de Rehabilitación del Daño Cerebral CLIREDACE “Dr. Hugo Iván González Gutiérrez”,8299191000,56002708300,56002708300,-,Mexico,1.0,1303| 2804,Biochemistry| Cellular and Molecular Neuroscience,5,Life Sciences & Medicine,532| 507,Medicine| Biological Sciences,32| 34,Life Sciences| Medical and Health,32,Biomedical And Clinical Sciences,3209,Neurosciences,-,Cerebellum Dynamics and Eye Movement Control,492,54.284,Norepinephrine's Role in Cognitive Function and Behavior,12469,80.05,Definitive,2024.0,4.0,N/A,"Verduzco-Mendoza, A.| Mota-Rojas, D.| Olmos-Hernández, A.| Avila-Luna, A.| García-García, K.| Gálvez-Rosas, A.| Hidalgo-Bravo, A.| Ríos, C.| Parra-Cid, C.| Montes, S.| García-López, J.| Ramos-Languren, L.E.| Pérez-Severiano, F.| González-Piña, R.| Bueno-Nava, A.",SSA Mexico| Universidad Autónoma de Tamaulipas| Universidad Autónoma Metropolitana| Instituto Nacional de Rehabilitación| Instituto Nacional de Neurologia y Neurocirugia| Instituto Politécnico Nacional| Universidad Nacional Autónoma de México,Mexico,0
6506739367,6506739367,Welfare of recently weaned piglets transported on unpaved roads: The effect of age and the use of straw bedding,"Roldan-Santiago, P.| Mota-Rojas, D.| Orozco-Gregorio, H.| Borderas-Tordesillas, F.| Martínez-Rodríguez, R.| Mora-Medina, P.| Flores-Peinado, S.| Sánchez-Hernández, M.| Trujillo-Ortega, M.E.",9.0,42262742600| 6506739367| 16402379000| 56224168400| 44361191800| 54383862300| 14032985600| 48461884500| 55993689800,2015.0,2015-01-01,Animal Production Science,55,5,648-653,-,ISSN-18360939,16900154706.0,Journal,CSIRO,English,0.68,49,2.4,26,0.555,32,2.6,70.0,3.0,0.35,5.65,62.0,53.0,0.0,0.0,"Roldan-Santiago, P., Mota-Rojas, D., Orozco-Gregorio, H. and 6 more (...) (2015).Welfare of recently weaned piglets transported on unpaved roads: The effect of age and the use of straw bedding. Animal Production Science,55(5) 648-653",https://www.scopus.com/record/display.url?eid=2-s2.0-84925749359&origin=resultslist,10.1071/AN13067,Article,,2-s2.0-84925749359,-,Universidad Autónoma Metropolitana| Universidad Nacional Autónoma de México,505017| 505023,Academic,2.0,60032442| 60014923| 60172565,Universidad Nacional Autónoma de México| Universidad Autónoma Metropolitana| Facultad de Estudios Superiores Cuautitlán,42262742600,55993689800,6506739367,-,Mexico,1.0,1103| 1106,Animal Science and Zoology| Food Science,5,Life Sciences & Medicine,502,Agriculture & Forestry,32,Life Sciences,30| 41| 31,"Agricultural, Veterinary And Food Sciences| Environmental Sciences| Biological Sciences",-,-,-,Animal Welfare and Production in Livestock Systems,1094,40.419,Transport Effects on Pig Meat Quality and Welfare,20922,75.926,Very Good,2015.0,3.0,N/A,"Roldan-Santiago, P.| Mota-Rojas, D.| Orozco-Gregorio, H.| Borderas-Tordesillas, F.| Martínez-Rodríguez, R.| Mora-Medina, P.| Flores-Peinado, S.| Sánchez-Hernández, M.| Trujillo-Ortega, M.E.",Universidad Autónoma Metropolitana| Universidad Nacional Autónoma de México,Mexico,0
6506739367,6506739367,Effect of the stunning method on the physiometabolic profile of hogs sacrificed at three different abattoirs,"Aguilera-Arango, E.| Ramirez-Necoechea, R.| Mota-Rojas, D.| Roldan-Santiago, P.| Becerril-Herrera, M.| Alonso-Spilsbury, M.",6.0,56998716400| 56013707100| 6506739367| 42262742600| 56013638600| 6603136227,2015.0,2015-01-01,Revista Cientifica de la Facultad de Ciencias Veterinarias de la Universidad del Zulia,25,5,412-419,-,ISSN-07982259,18955.0,Journal,"Universidad del Zulia, Facultad de Ciencias Veterinarias",Spanish,0.24,79,0.3,83,0.135,91,1.13,40.0,3.0,0.0,3.62,62.0,69.0,0.0,0.0,"Aguilera-Arango, E., Ramirez-Necoechea, R., Mota-Rojas, D. and 3 more (...) (2015).Effect of the stunning method on the physiometabolic profile of hogs sacrificed at three different abattoirs. Revista Cientifica de la Facultad de Ciencias Veterinarias de la Universidad del Zulia,25(5) 412-419",https://www.scopus.com/record/display.url?eid=2-s2.0-84949550874&origin=resultslist,-,Article,,2-s2.0-84949550874,-,Benemerita Universidad Autonoma de Puebla| Universidad Autónoma Metropolitana,505001| 505017,Academic,2.0,60010210| 60024830,Universidad Autónoma Metropolitana Unidad Xochimilco| Benemérita Universidad Autónoma de Puebla,56998716400,6603136227,6506739367,-,Mexico,1.0,3400,General Veterinary,5,Life Sciences & Medicine,546,Veterinary Science,32,Life Sciences,30,"Agricultural, Veterinary And Food Sciences",3003| 3009,Animal production| Veterinary sciences,-,Animal Welfare and Production in Livestock Systems,1094,40.419,Transport Effects on Pig Meat Quality and Welfare,20922,75.926,Very Good,2015.0,3.0,N/A,"Aguilera-Arango, E.| Ramirez-Necoechea, R.| Mota-Rojas, D.| Roldan-Santiago, P.| Becerril-Herrera, M.| Alonso-Spilsbury, M.",Benemerita Universidad Autonoma de Puebla| Universidad Autónoma Metropolitana,Mexico,0
6506739367,6506739367,"Effect of heat stress on TNF-α, TNFRI and TNFRII expression in BLV infected dairy cattle","Lendez, P.A.| Martínez Cuesta, L.| Nieto Farías, M.V.| Vater, A.A.| Ghezzi, M.D.| Mota-Rojas, D.| Dolcini, G.L.| Ceriani, M.C.",8.0,55352181300| 57189873675| 57202094885| 57222607333| 7003557797| 6506739367| 6602311656| 55242318600,2023.0,2023-05-01,Journal of Thermal Biology,114,-,-,103568,ISSN-03064565,14901.0,Journal,Elsevier Ltd,English,1.04,25,5.3,18,0.657,21,1.28,21.0,3.0,0.34,8.78,49.0,57.0,0.0,0.0,"Lendez, P.A., Martínez Cuesta, L., Nieto Farías, M.V. and 5 more (...) (2023).Effect of heat stress on TNF-α, TNFRI and TNFRII expression in BLV infected dairy cattle. Journal of Thermal Biology,114",https://www.scopus.com/record/display.url?eid=2-s2.0-85156242096&origin=resultslist,10.1016/j.jtherbio.2023.103568,Article,,2-s2.0-85156242096,37162166,Consejo Nacional de Investigaciones Científicas y Técnicas| Universidad Nacional del Centro de la Provincia de Buenos Aires| Universidad Autónoma Metropolitana| Comisión de Investigaciones Científicas de la Provincia de Buenos Aires,601002| 601024| 505017| 601015,Government| Academic,4.0,60020211| 60004518| 60005497| 125957931| 60014923,Comision de Investigaciones Cientificas - La Plata| Consejo Nacional de Investigaciones Científicas y Técnicas| Universidad Nacional del Centro de la Provincia de Buenos Aires| Escuela de Educación Secundaria Agraria Nº1 “Dr. Ramón Santamarina”| Universidad Autónoma Metropolitana,55352181300,55242318600,55242318600,-,Mexico| Argentina,2.0,1100| 1303| 1309| 1314,General Agricultural and Biological Sciences| Biochemistry| Developmental Biology| Physiology,5,Life Sciences & Medicine,502| 507| 503,Agriculture & Forestry| Biological Sciences| Anatomy & Physiology,32,Life Sciences,31,Biological Sciences,3109,Zoology,-,Regulatory T Cells and Immune Response Dynamics,123,70.765,Bovine Leukemia Virus Dynamics and Control Strategies,10871,80.016,Definitive,2023.0,3.0,N/A,"Lendez, P.A.| Martínez Cuesta, L.| Nieto Farías, M.V.| Vater, A.A.| Ghezzi, M.D.| Mota-Rojas, D.| Dolcini, G.L.| Ceriani, M.C.",Consejo Nacional de Investigaciones Científicas y Técnicas| Universidad Nacional del Centro de la Provincia de Buenos Aires| Universidad Autónoma Metropolitana| Comisión de Investigaciones Científicas de la Provincia de Buenos Aires,Mexico| Argentina,0
6506739367,6506739367,"Description of Four Dual-Purpose River Buffalo (Bubalus bubalis) Farms in Tropical Wetlands in Mexico. Part 1: Social Aspects, Herd Distribution, Feeding, Reproductive, and Genetic Management","Bertoni, A.| Álvarez-Macías, A.| Morales, D.A.| Dávalos, J.L.| Mota-Rojas, D.",5.0,57218366068| 51560912900| 57694865500| 7005700589| 6506739367,2022.0,2022-01-17,Journal of Buffalo Science,11,-,8-18,-,ISSN-1927520X,21100934922.0,Journal,Lifescience Global,English,0.31,78,1.9,42,0.23,56,0.97,16.0,3.0,0.5,5.97,56.0,49.0,0.0,0.0,"Bertoni, A., Álvarez-Macías, A., Morales, D.A. and 2 more (...) (2022).Description of Four Dual-Purpose River Buffalo (Bubalus bubalis) Farms in Tropical Wetlands in Mexico. Part 1: Social Aspects, Herd Distribution, Feeding, Reproductive, and Genetic Management. Journal of Buffalo Science,118-18",https://www.scopus.com/record/display.url?eid=2-s2.0-85130165773&origin=resultslist,10.6000/1927-520X.2022.11.02,Article,Gold,2-s2.0-85130165773,-,Universidad Autónoma Metropolitana| Universidad Nacional Autónoma de México,505017| 505023,Academic,2.0,60014923| 128120661| 60032442,Universidad Autónoma Metropolitana| Universidad EARTH| Universidad Nacional Autónoma de México,57218366068,6506739367,6506739367,-,Mexico| Costa Rica,2.0,1103| 3400,Animal Science and Zoology| General Veterinary,5,Life Sciences & Medicine,546| 502,Veterinary Science| Agriculture & Forestry,32,Life Sciences,30| 31,"Agricultural, Veterinary And Food Sciences| Biological Sciences",3009| 3109| 3003,Veterinary sciences| Zoology| Animal production,SDG 2,Reproductive Efficiency in Dairy and Meat Production,906,31.001,Innovative Approaches to Dual-Purpose Cattle Production,66306,48.155,Definitive,2022.0,3.0,N/A,"Bertoni, A.| Álvarez-Macías, A.| Morales, D.A.| Dávalos, J.L.| Mota-Rojas, D.",Universidad Autónoma Metropolitana| Universidad Nacional Autónoma de México,Mexico| Costa Rica,0
6506739367,6506739367,Relationship between body weight and hip width in dairy buffaloes (Bubalus bubalis),"Cruz-Tamayo, A.A.| Ramírez-Bautista, M.A.| Mota-Rojas, D.| Escobar-España, J.C.| García-Herrera, R.| Gurgel, A.L.C.| Dias-Silva, T.P.| de Araújo, M.J.| Santana, J.C.S.| Aguiar, I.O.M.| Ítavo, L.C.V.| Chay-Canul, A.J.",12.0,16041736300| 57212031726| 6506739367| 57208142005| 56223703300| 57214894739| 57209327291| 57218922553| 57216524711| 59124015700| 6603311376| 56013716200,2024.0,2024-05-01,Journal of Dairy Research,91,2,180-183,-,ISSN-00220299,39098.0,Journal,Cambridge University Press,English,0.58,57,3.1,29,0.41,40,0.31,4.0,3.0,0.66,4.53,38.0,40.0,0.0,0.0,"Cruz-Tamayo, A.A., Ramírez-Bautista, M.A., Mota-Rojas, D. and 9 more (...) (2024).Relationship between body weight and hip width in dairy buffaloes (Bubalus bubalis). Journal of Dairy Research,91(2) 180-183",https://www.scopus.com/record/display.url?eid=2-s2.0-85195205336&origin=resultslist,10.1017/S0022029924000311,Article,,2-s2.0-85195205336,-,"Tecnológico Nacional de México, Mexico City| Universidade Federal de Mato Grosso do Sul| Universidad Autónoma Metropolitana| Universidade Federal do Piauí| Universidad Juarez Autonoma de Tabasco| Universidad Autónoma de Campeche| Universidad Autonoma de Chiapas",719128| 602026| 505017| 602092| 705961| 713806| 707221,Academic,7.0,60013136| 60134870| 60014923| 60016888| 60025378| 60027064| 60009160,Universidad Autónoma de Campeche| Tecnológico Nacional de México| Universidad Autónoma Metropolitana| Universidad Autónoma de Chiapas| Universidad Juárez Autónoma de Tabasco| Universidade Federal do Piauí| Universidade Federal de Mato Grosso do Sul,16041736300,56013716200,56013716200,-,Mexico| Brazil,2.0,1103| 1106,Animal Science and Zoology| Food Science,5,Life Sciences & Medicine,502,Agriculture & Forestry,32,Life Sciences,30,"Agricultural, Veterinary And Food Sciences",3003| 3006,Animal production| Food sciences,-,Genetic Traits and Production in Livestock,1340,10.464,Morphometric Traits and Body Weight in Livestock,12508,83.395,Definitive,2024.0,3.0,N/A,"Cruz-Tamayo, A.A.| Ramírez-Bautista, M.A.| Mota-Rojas, D.| Escobar-España, J.C.| García-Herrera, R.| Gurgel, A.L.C.| Dias-Silva, T.P.| de Araújo, M.J.| Santana, J.C.S.| Aguiar, I.O.M.| Ítavo, L.C.V.| Chay-Canul, A.J.","Tecnológico Nacional de México, Mexico City| Universidade Federal de Mato Grosso do Sul| Universidad Autónoma Metropolitana| Universidade Federal do Piauí| Universidad Juarez Autonoma de Tabasco| Universidad Autónoma de Campeche| Universidad Autonoma de Chiapas",Mexico| Brazil,0
6506739367,6506739367,Effect of pre-slaughter confinement stress on physicochemical parameters of chicken meat,"Lazaro, C.| Conte-Junior, C.A.| Medina-Vara, M.| Mota-Rojas, D.| Cruz-Monterrosa, R.| Guerrero-Legarreta, I.",6.0,55024991200| 55243449100| 57193381232| 6506739367| 25221499100| 55989647900,2019.0,2019-01-01,Ciencia Animal Brasileira,20,-,-,e-38059,ISSN-15182797,21100212320.0,Journal,Universidade Federal de Goias,English,0.37,74,0.5,69,0.179,70,1.65,42.0,2.0,0.37,5.48,67.0,54.0,0.0,0.0,"Lazaro, C., Conte-Junior, C.A., Medina-Vara, M. and 3 more (...) (2019).Effect of pre-slaughter confinement stress on physicochemical parameters of chicken meat. Ciencia Animal Brasileira,20",https://www.scopus.com/record/display.url?eid=2-s2.0-85072750956&origin=resultslist,10.1590/1089-6891v20e-38059,Article,Gold|Green,2-s2.0-85072750956,-,Universidade Federal Fluminense| Universidad Nacional Mayor de San Marcos| Universidad Autónoma Metropolitana,602044| 605002| 505017,Academic,3.0,60071231| 60001865| 60010210| 60112837| 60028381,Universidad Nacional Mayor de San Marcos| Universidade Federal Fluminense| Universidad Autónoma Metropolitana Unidad Xochimilco| Universidad Autónoma Metropolitana-Lerma| Universidad Autónoma Metropolitana -Unidad Iztapalapa,55024991200,55989647900,55024991200,-,Mexico| Peru| Brazil,3.0,1103| 3400,Animal Science and Zoology| General Veterinary,5,Life Sciences & Medicine,546| 502,Veterinary Science| Agriculture & Forestry,32,Life Sciences,30| 31,"Agricultural, Veterinary And Food Sciences| Biological Sciences",3003| 3009| 3109,Animal production| Veterinary sciences| Zoology,-,Microbial Diversity and Gene Analysis in Pathogens,40,89.993,Biogenic Amines in Food Safety and Quality,1382,98.342,Very Good,2019.0,2.0,N/A,"Lazaro, C.| Conte-Junior, C.A.| Medina-Vara, M.| Mota-Rojas, D.| Cruz-Monterrosa, R.| Guerrero-Legarreta, I.",Universidade Federal Fluminense| Universidad Nacional Mayor de San Marcos| Universidad Autónoma Metropolitana,Mexico| Peru| Brazil,0
6506739367,6506739367,The effect of stress on haematologic response and physicochemical parameters of muscle meat in rabbits,"Reséndiz-Cruz, V.| Ramírez-Bribiesca, J.E.| Mota-Rojas, D.| Guerrero-Legarreta, I.| Cruz-Monterrosa, R.G.| Hernandez-Sanchez, D.",6.0,57191492326| 12242422900| 6506739367| 55989647900| 25221499100| 14053786100,2018.0,2018-02-01,Journal of Animal Physiology and Animal Nutrition,102,1,e403-e412,-,ISSN-09312439,23444.0,Journal,Blackwell Publishing Ltd,English,1.18,22,2.5,26,0.687,22,3.06,75.0,2.0,0.17,5.93,68.0,66.0,0.0,0.0,"Reséndiz-Cruz, V., Ramírez-Bribiesca, J.E., Mota-Rojas, D. and 3 more (...) (2018).The effect of stress on haematologic response and physicochemical parameters of muscle meat in rabbits. Journal of Animal Physiology and Animal Nutrition,102(1) e403-e412",https://www.scopus.com/record/display.url?eid=2-s2.0-85020402312&origin=resultslist,10.1111/jpn.12759,Article,,2-s2.0-85020402312,28608567,Universidad Autónoma Metropolitana| Colegio de Postgraduados,505017| 505003,Academic,2.0,60033065| 60010210| 60028381| 60112837,Colegio De Postgraduados Campus Montecillo| Universidad Autónoma Metropolitana Unidad Xochimilco| Universidad Autónoma Metropolitana -Unidad Iztapalapa| Universidad Autónoma Metropolitana-Lerma,57191492326,14053786100,25221499100,-,Mexico,1.0,1103| 3403,Animal Science and Zoology| Food Animals,5,Life Sciences & Medicine,502| 546,Agriculture & Forestry| Veterinary Science,32,Life Sciences,31| 30,"Biological Sciences| Agricultural, Veterinary And Food Sciences",3003| 3109| 3009,Animal production| Zoology| Veterinary sciences,-,Animal Welfare and Production in Livestock Systems,1094,40.419,Animal Welfare and Transport Stress in Livestock,11006,81.564,Very Good,2018.0,2.0,N/A,"Reséndiz-Cruz, V.| Ramírez-Bribiesca, J.E.| Mota-Rojas, D.| Guerrero-Legarreta, I.| Cruz-Monterrosa, R.G.| Hernandez-Sanchez, D.",Universidad Autónoma Metropolitana| Colegio de Postgraduados,Mexico,0
6506739367,6506739367,Correlation of Blood Hemoglobin Values with Non-Invasive Co-Oximetry Measurement of SpHb in Dogs Undergoing Elective Ovariohysterectomy,"Espinosa-Morales, M.F.| Miranda-Cortés, A.E.| Mota-Rojas, D.| Casas-Alvarado, A.| Jiménez-Yedra, A.| Pérez-Sánchez, A.P.| Hernández-Ávalos, I.",7.0,58958518600| 57214937320| 6506739367| 57216196260| 58958067300| 56511832800| 57214934466,2024.0,2024-03-01,Animals,14,6,-,822,ISSN-20762615,21100244850.0,Journal,Multidisciplinary Digital Publishing Institute (MDPI),English,1.08,25,5.2,5,0.733,11,1.21,13.0,2.0,0.67,2.98,45.0,40.0,0.0,0.0,"Espinosa-Morales, M.F., Miranda-Cortés, A.E., Mota-Rojas, D. and 4 more (...) (2024).Correlation of Blood Hemoglobin Values with Non-Invasive Co-Oximetry Measurement of SpHb in Dogs Undergoing Elective Ovariohysterectomy. Animals,14(6) ",https://www.scopus.com/record/display.url?eid=2-s2.0-85188800708&origin=resultslist,10.3390/ani14060822,Article,Gold|Green,2-s2.0-85188800708,-,Universidad Autónoma Metropolitana| Universidad Popular Autonoma de Puebla| Universidad Nacional Autónoma de México,505017| 505057| 505023,Academic,3.0,60172565| 60032442| 60014923| 60022112,Facultad de Estudios Superiores Cuautitlán| Universidad Nacional Autónoma de México| Universidad Autónoma Metropolitana| Universidad Popular Autónoma del Estado de Puebla,58958518600,57214934466,57214934466,-,Mexico,1.0,1103| 3400,Animal Science and Zoology| General Veterinary,5,Life Sciences & Medicine,502| 546,Agriculture & Forestry| Veterinary Science,32,Life Sciences,30| 31,"Agricultural, Veterinary And Food Sciences| Biological Sciences",3009| 3109| 3003,Veterinary sciences| Zoology| Animal production,-,Iron-Deficiency Anemia and Nutritional Interventions,1089,40.157,Noninvasive Hemoglobin Measurement for Anemia Screening,20111,90.971,Definitive,2024.0,2.0,N/A,"Espinosa-Morales, M.F.| Miranda-Cortés, A.E.| Mota-Rojas, D.| Casas-Alvarado, A.| Jiménez-Yedra, A.| Pérez-Sánchez, A.P.| Hernández-Ávalos, I.",Universidad Autónoma Metropolitana| Universidad Popular Autonoma de Puebla| Universidad Nacional Autónoma de México,Mexico,0
6506739367,6506739367,Thermal Balance in Male Water Buffaloes Transported by Long and Short Journeys,"Rodríguez-González, D.| Guerrero Legarreta, I.| Chay-Canul, A.| Hernández-Avalos, I.| Napolitano, F.| García-Herrera, R.| Pereira, A.M.F.| Domínguez-Oliva, A.| Casas-Alvarado, A.| Reyes-Sotelo, B.| Mota-Rojas, D.",11.0,57202747775| 55989647900| 56013716200| 57214934466| 7003837061| 56223703300| 36894305700| 57223116454| 57216196260| 57218400957| 6506739367,2023.0,2023-10-01,Animals,13,20,-,3274,ISSN-20762615,21100244850.0,Journal,Multidisciplinary Digital Publishing Institute (MDPI),English,1.07,24,4.9,7,0.698,12,0.92,14.0,2.0,0.41,4.87,56.0,53.0,0.0,0.0,"Rodríguez-González, D., Guerrero Legarreta, I., Chay-Canul, A. and 8 more (...) (2023).Thermal Balance in Male Water Buffaloes Transported by Long and Short Journeys. Animals,13(20) ",https://www.scopus.com/record/display.url?eid=2-s2.0-85175087287&origin=resultslist,10.3390/ani13203274,Article,Gold|Green,2-s2.0-85175087287,-,University of Basilicata| Universidad Autónoma Metropolitana| Universidad Juarez Autonoma de Tabasco| Universidad Nacional Autónoma de México| University of Évora,321028| 505017| 705961| 505023| 328003,Academic,5.0,60014923| 60025378| 60032442| 60020919| 60094258| 60029257| 60010210,"Universidad Autónoma Metropolitana| Universidad Juárez Autónoma de Tabasco| Universidad Nacional Autónoma de México| Università degli Studi della Basilicata| MED – Instituto Mediterrâneo para a Agricultura, Ambiente e Desenvolvimento| University of Évora| Universidad Autónoma Metropolitana Unidad Xochimilco",57202747775,6506739367,6506739367,-,Mexico| Portugal| Italy,3.0,1103| 3400,Animal Science and Zoology| General Veterinary,5,Life Sciences & Medicine,502| 546,Agriculture & Forestry| Veterinary Science,32,Life Sciences,31| 30,"Biological Sciences| Agricultural, Veterinary And Food Sciences",3003| 3009| 3109,Animal production| Veterinary sciences| Zoology,-,Animal Welfare and Production in Livestock Systems,1094,40.419,Animal Welfare and Transport Stress in Livestock,11006,81.564,Definitive,2023.0,2.0,N/A,"Rodríguez-González, D.| Guerrero Legarreta, I.| Chay-Canul, A.| Hernández-Avalos, I.| Napolitano, F.| García-Herrera, R.| Pereira, A.M.F.| Domínguez-Oliva, A.| Casas-Alvarado, A.| Reyes-Sotelo, B.| Mota-Rojas, D.",University of Basilicata| Universidad Autónoma Metropolitana| Universidad Juarez Autonoma de Tabasco| Universidad Nacional Autónoma de México| University of Évora,Mexico| Portugal| Italy,0
6506739367,6506739367,Effect of environmental enrichment on weaned piglets: Physiological responses,"Yanez-Pizana, A.| Mota-Rojas, D.| Castillo-Rivera, M.| Ramirez-Necoechea, R.| Guerrero-Legarreta, I.| Mora-Medina, P.| Gonzalez-Lozano, M.",7.0,55377055200| 6506739367| 55993709600| 56013707100| 55989647900| 54383862300| 56013674900,2019.0,2019-01-01,Veterinarni Medicina,64,5,217-227,-,ISSN-03758427,19494.0,Journal,Czech Academy of Agricultural Sciences,English,0.73,49,1.1,46,0.281,50,1.92,56.0,1.0,0.2,5.0,73.0,65.0,0.0,0.0,"Yanez-Pizana, A., Mota-Rojas, D., Castillo-Rivera, M. and 4 more (...) (2019).Effect of environmental enrichment on weaned piglets: Physiological responses. Veterinarni Medicina,64(5) 217-227",https://www.scopus.com/record/display.url?eid=2-s2.0-85066908789&origin=resultslist,10.17221/104/2018-VETMED,Article,Gold|Green,2-s2.0-85066908789,-,Universidad Autónoma Metropolitana| Universidad Nacional Autónoma de México,505017| 505023,Academic,2.0,60014923| 60010210| 60028381| 60032442,Universidad Autónoma Metropolitana| Universidad Autónoma Metropolitana Unidad Xochimilco| Universidad Autónoma Metropolitana -Unidad Iztapalapa| Universidad Nacional Autónoma de México,55377055200,56013674900,6506739367,-,Mexico,1.0,3400,General Veterinary,5,Life Sciences & Medicine,546,Veterinary Science,32,Life Sciences,30,"Agricultural, Veterinary And Food Sciences",3009,Veterinary sciences,-,Animal Welfare and Production in Livestock Systems,1094,40.419,Animal Welfare and Behavior in Pig Production,5545,89.877,Very Good,2019.0,1.0,N/A,"Yanez-Pizana, A.| Mota-Rojas, D.| Castillo-Rivera, M.| Ramirez-Necoechea, R.| Guerrero-Legarreta, I.| Mora-Medina, P.| Gonzalez-Lozano, M.",Universidad Autónoma Metropolitana| Universidad Nacional Autónoma de México,Mexico,0
6506739367,6506739367,"Animal welfare in broilers: Physiological profiles in response to transport to abattoir, lairage and exsanguination","Medina-Vara, M.| Guerrero-Legarreta, I.| Roldan-Santiago, P.| Castañeda-Serrano, P.| González-Lozano, M.| Mota-Rojas, D.",6.0,57193381232| 55989647900| 42262742600| 57185839800| 56013674900| 6506739367,2016.0,2016-01-01,Revista Cientifica de la Facultad de Ciencias Veterinarias de la Universidad del Zulia,26,5,293-299,-,ISSN-07982259,18955.0,Journal,"Universidad del Zulia, Facultad de Ciencias Veterinarias",English,0.23,81,0.2,86,0.216,65,1.0,27.0,1.0,0.28,3.55,73.0,58.0,0.0,0.0,"Medina-Vara, M., Guerrero-Legarreta, I., Roldan-Santiago, P. and 3 more (...) (2016).Animal welfare in broilers: Physiological profiles in response to transport to abattoir, lairage and exsanguination. Revista Cientifica de la Facultad de Ciencias Veterinarias de la Universidad del Zulia,26(5) 293-299",https://www.scopus.com/record/display.url?eid=2-s2.0-85013499929&origin=resultslist,-,Article,,2-s2.0-85013499929,-,Universidad Autónoma Metropolitana| Universidad Nacional Autónoma de México,505017| 505023,Academic,2.0,60032442| 60028381| 60010210,Universidad Nacional Autónoma de México| Universidad Autónoma Metropolitana -Unidad Iztapalapa| Universidad Autónoma Metropolitana Unidad Xochimilco,57193381232,6506739367,6506739367,-,Mexico,1.0,3400,General Veterinary,5,Life Sciences & Medicine,546,Veterinary Science,32,Life Sciences,30,"Agricultural, Veterinary And Food Sciences",3003| 3009,Animal production| Veterinary sciences,-,Animal Welfare and Production in Livestock Systems,1094,40.419,Transport Effects on Pig Meat Quality and Welfare,20922,75.926,Defensible,2016.0,1.0,N/A,"Medina-Vara, M.| Guerrero-Legarreta, I.| Roldan-Santiago, P.| Castañeda-Serrano, P.| González-Lozano, M.| Mota-Rojas, D.",Universidad Autónoma Metropolitana| Universidad Nacional Autónoma de México,Mexico,0
6506739367,6506739367,"Uterine dynamics, blood profiles, and electronic fetal monitoring of primiparous and multiparous bitches classified according to their weight","Lezama-García, K.| Martínez-Burnes, J.| Baqueiro-Espinosa, U.| Villanueva-García, D.| Olmos-Hernández, A.| Hernández-Ávalos, I.| Mora-Medina, P.| Domínguez-Oliva, A.| Mota-Rojas, D.",9.0,57210803993| 6603432183| 57611603400| 9041700200| 57208824733| 57214934466| 54383862300| 57223116454| 6506739367,2023.0,2023-01-01,Frontiers in Veterinary Science,10,-,-,1282389,ISSN-22971769,21100843693.0,Journal,Frontiers Media SA,English,1.03,26,4.8,8,0.734,10,0.38,6.0,1.0,0.22,4.5,65.0,65.0,0.0,0.0,"Lezama-García, K., Martínez-Burnes, J., Baqueiro-Espinosa, U. and 6 more (...) (2023).Uterine dynamics, blood profiles, and electronic fetal monitoring of primiparous and multiparous bitches classified according to their weight. Frontiers in Veterinary Science,10",https://www.scopus.com/record/display.url?eid=2-s2.0-85178193694&origin=resultslist,10.3389/fvets.2023.1282389,Article,Gold|Green,2-s2.0-85178193694,-,Universidad Autónoma de Tamaulipas| Universidad Autónoma Metropolitana| Instituto Nacional de Rehabilitación| Hospital Infantil de Mexico Federico Gomez| Universidad Nacional Autónoma de México| Queen's University Belfast,714293| 505017| 715278| 505033| 505023| 315048,Medical| Academic,6.0,60014923| 60019607| 60029738| 60000328| 60084250| 60032442| 60172565,Universidad Autónoma Metropolitana| Universidad Autónoma de Tamaulipas| Queen's University Belfast| Hospital Infantil de México Federico Gómez| Instituto Nacional de Rehabilitación| Universidad Nacional Autónoma de México| Facultad de Estudios Superiores Cuautitlán,57210803993,6506739367,6506739367,-,United Kingdom| Mexico,2.0,3400,General Veterinary,5,Life Sciences & Medicine,546,Veterinary Science,32,Life Sciences,30,"Agricultural, Veterinary And Food Sciences",3009,Veterinary sciences,SDG 3,Canine and Feline Tumor Management Insights,1006,18.116,Puppy Health and Neonatal Development Insights,33609,72.481,Definitive,2023.0,1.0,N/A,"Lezama-García, K.| Martínez-Burnes, J.| Baqueiro-Espinosa, U.| Villanueva-García, D.| Olmos-Hernández, A.| Hernández-Ávalos, I.| Mora-Medina, P.| Domínguez-Oliva, A.| Mota-Rojas, D.",Universidad Autónoma de Tamaulipas| Universidad Autónoma Metropolitana| Instituto Nacional de Rehabilitación| Hospital Infantil de Mexico Federico Gomez| Universidad Nacional Autónoma de México| Queen's University Belfast,United Kingdom| Mexico,0
6506739367,6506739367,Profile of Nitrogenous compounds and Bacterial proliferation in Rabbit meat stored cold with three types of packaging,"Reséndiz-Cruz, V.| García-López, E.| Ramírez-Bribiesca, J.E.| Hernández-Sánchez, D.| Guerrero-Legarreta, I.| Mota-Rojas, D.| Sánchez-Torres, J.E.| Cruz-Monterrosa, R.G.",8.0,57191492326| 59107116300| 12242422900| 14053786100| 55989647900| 6506739367| 56517931100| 25221499100,2022.0,2022-01-01,Revista Cientifica de la Facultad de Veterinaria,32,-,-,e32121,ISSN-07982259,18955.0,Journal,"Universidad del Zulia, Facultad de Ciencias Veterinarias",English| Spanish,0.09,92,-,-,-,-,1.45,25.0,0.0,0.0,5.62,81.0,80.0,0.0,0.0,"Reséndiz-Cruz, V., García-López, E., Ramírez-Bribiesca, J.E. and 5 more (...) (2022).Profile of Nitrogenous compounds and Bacterial proliferation in Rabbit meat stored cold with three types of packaging. Revista Cientifica de la Facultad de Veterinaria,32",https://www.scopus.com/record/display.url?eid=2-s2.0-85172923258&origin=resultslist,10.52973/rcfcv-e32121,Article,Gold|Green,2-s2.0-85172923258,-,Universidad Autónoma Metropolitana| Universidad Autonoma del Estado de Mexico| Universidad Nacional Autónoma de México,505017| 505051| 505023,Academic,3.0,60112837| 60032442| 60172565| 129649386| 60028381| 60014923| 60010210| 60002281,Universidad Autónoma Metropolitana-Lerma| Universidad Nacional Autónoma de México| Facultad de Estudios Superiores Cuautitlán| Colegio de Postgraduados| Universidad Autónoma Metropolitana -Unidad Iztapalapa| Universidad Autónoma Metropolitana| Universidad Autónoma Metropolitana Unidad Xochimilco| Universidad Autónoma del Estado de México,57191492326,25221499100,25221499100,-,Mexico,1.0,3400,General Veterinary,5,Life Sciences & Medicine,546,Veterinary Science,32,Life Sciences,30,"Agricultural, Veterinary And Food Sciences",3009| 3003,Veterinary sciences| Animal production,-,Microbial Diversity and Gene Analysis in Pathogens,40,89.993,Biogenic Amines in Food Safety and Quality,1382,98.342,Definitive,2022.0,0.0,N/A,"Reséndiz-Cruz, V.| García-López, E.| Ramírez-Bribiesca, J.E.| Hernández-Sánchez, D.| Guerrero-Legarreta, I.| Mota-Rojas, D.| Sánchez-Torres, J.E.| Cruz-Monterrosa, R.G.",Universidad Autónoma Metropolitana| Universidad Autonoma del Estado de Mexico| Universidad Nacional Autónoma de México,Mexico,0
6506739367,6506739367,Relationship between body weight and dorsal area in female buffaloes,"Gomez-Vazquez, A.| Cruz-Tamayo, A.-A.| Camacho-Perez, E.| Chaves-Gurgel, A.-L.| Herrera-Camacho, J.| Mota-Rojas, D.| García-Herrera, R.| Vinhas-ítavo, L.-C.| Dias-Silva, T.-P.| Chay-Canul, A.-J.",10.0,6506711817| 16041736300| 35274529700| 57214894739| 55985673100| 6506739367| 56223703300| 6603311376| 57209327291| 56013716200,2024.0,2024-10-01,Revista Colombiana de Ciencias Pecuarias,37,4,243-250,-,ISSN-01200690,19400157235.0,Journal,Universidad de Antioquia,English,0.23,84,0.6,83,0.164,79,0.93,10.0,0.0,0.0,2.98,70.0,70.0,0.0,0.0,"Gomez-Vazquez, A., Cruz-Tamayo, A.-A., Camacho-Perez, E. and 7 more (...) (2024).Relationship between body weight and dorsal area in female buffaloes. Revista Colombiana de Ciencias Pecuarias,37(4) 243-250",https://www.scopus.com/record/display.url?eid=2-s2.0-85206939535&origin=resultslist,10.17533/udea.rccp.v38n1a3,Article,Gold,2-s2.0-85206939535,-,Universidade Federal do Piauí| Universidad Autónoma Metropolitana| Universidade Federal de Mato Grosso| Universidad Juarez Autonoma de Tabasco| Universidad Michoacana de San Nicolas de Hidalgo| Universidad Autónoma de Campeche| Universidad Autonoma de Yucatan,602092| 505017| 602088| 705961| 505022| 713806| 505015,Academic,7.0,60025378| 60013136| 60000409| 60027064| 60032816| 60014923| 60001701,Universidad Juárez Autónoma de Tabasco| Universidad Autónoma de Campeche| Universidad Autónoma de Yucatán| Universidade Federal do Piauí| Universidad Michoacana de San Nicolás de Hidalgo| Universidad Autónoma Metropolitana| Universidade Federal de Mato Grosso,6506711817,56013716200,57214894739,-,Mexico| Brazil,2.0,1103| 3400,Animal Science and Zoology| General Veterinary,5,Life Sciences & Medicine,502| 546,Agriculture & Forestry| Veterinary Science,32,Life Sciences,30,"Agricultural, Veterinary And Food Sciences",3003,Animal production,-,Genetic Traits and Production in Livestock,1340,10.464,Morphometric Traits and Body Weight in Livestock,12508,83.395,Definitive,2024.0,0.0,N/A,"Gomez-Vazquez, A.| Cruz-Tamayo, A.-A.| Camacho-Perez, E.| Chaves-Gurgel, A.-L.| Herrera-Camacho, J.| Mota-Rojas, D.| García-Herrera, R.| Vinhas-ítavo, L.-C.| Dias-Silva, T.-P.| Chay-Canul, A.-J.",Universidade Federal do Piauí| Universidad Autónoma Metropolitana| Universidade Federal de Mato Grosso| Universidad Juarez Autonoma de Tabasco| Universidad Michoacana de San Nicolas de Hidalgo| Universidad Autónoma de Campeche| Universidad Autonoma de Yucatan,Mexico| Brazil,0
6506739367,6506739367,"Description of Four Dual-Purpose River Buffalo (Bubalis bubalis) Production Systems in Tropical Wetlands of Mexico. Part 2: Sanitary Management, Milking, Zootechnical and Economic Indicators","Bertoni, A.| Álvarez-Macías, A.| Morales, D.A.| Dávalos, J.L.| Mota-Rojas, D.",5.0,57218366068| 51560912900| 57694865500| 7005700589| 6506739367,2022.0,2022-01-17,Journal of Buffalo Science,11,-,32-44,-,ISSN-1927520X,21100934922.0,Journal,Lifescience Global,English,0.31,78,1.9,42,0.23,56,0.54,12.0,0.0,0.0,5.97,81.0,80.0,0.0,0.0,"Bertoni, A., Álvarez-Macías, A., Morales, D.A. and 2 more (...) (2022).Description of Four Dual-Purpose River Buffalo (Bubalis bubalis) Production Systems in Tropical Wetlands of Mexico. Part 2: Sanitary Management, Milking, Zootechnical and Economic Indicators. Journal of Buffalo Science,1132-44",https://www.scopus.com/record/display.url?eid=2-s2.0-85141872401&origin=resultslist,10.6000/1927-520X.2022.11.04,Article,Gold|Green,2-s2.0-85141872401,-,Universidad Autónoma Metropolitana| Universidad Nacional Autónoma de México,505017| 505023,Academic,2.0,60014923| 128120661| 60032442,Universidad Autónoma Metropolitana| Universidad EARTH| Universidad Nacional Autónoma de México,57218366068,6506739367,6506739367,-,Mexico| Costa Rica,2.0,1103| 3400,Animal Science and Zoology| General Veterinary,5,Life Sciences & Medicine,546| 502,Veterinary Science| Agriculture & Forestry,32,Life Sciences,30| 31,"Agricultural, Veterinary And Food Sciences| Biological Sciences",3009| 3109| 3003,Veterinary sciences| Zoology| Animal production,SDG 8,Reproductive Efficiency in Dairy and Meat Production,906,31.001,Innovative Approaches to Dual-Purpose Cattle Production,66306,48.155,Very Good,2022.0,0.0,N/A,"Bertoni, A.| Álvarez-Macías, A.| Morales, D.A.| Dávalos, J.L.| Mota-Rojas, D.",Universidad Autónoma Metropolitana| Universidad Nacional Autónoma de México,Mexico| Costa Rica,0
