Autor,Autor_ID,Title,Authors,Number of Authors,Scopus Author Ids,Year,Full date,Scopus Source title,Volume,Issue,Pages,Article number,ISSN,Source ID,Source type,Publisher,Language,SNIP (publication year),SNIP percentile (publication year) *,CiteScore (publication year),CiteScore percentile (publication year) *,SJR (publication year),SJR percentile (publication year) *,Field-Weighted View Impact,Views,Citations,Field-Weighted Citation Impact,Field-Citation Average,"Outputs in Top Citation Percentiles, per percentile","Field-Weighted Outputs in Top Citation Percentiles, per percentile",Main patent families,Policy citations,Reference,Abstract,DOI,Publication type,Open Access,EID,PubMed ID,Institutions,Institution IDs,Sector,Number of Institutions,Scopus Affiliation IDs,Scopus Affiliation names,Scopus Author ID First Author,Scopus Author ID Last Author,Scopus Author ID Corresponding Author,Scopus Author ID Single Author,Country/Region,Number of Countries/Regions,All Science Journal Classification (ASJC) code,All Science Journal Classification (ASJC) field name,Quacquarelli Symonds (QS) Subject area code,Quacquarelli Symonds (QS) Subject area field name,Quacquarelli Symonds (QS) Subject code,Quacquarelli Symonds (QS) Subject field name,Times Higher Education (THE) code,Times Higher Education (THE) field name,ANZSRC FoR (2020) parent code,ANZSRC FoR (2020) parent name,ANZSRC FoR (2020) code,ANZSRC FoR (2020) name,Sustainable Development Goals (2025),Topic Cluster name,Topic Cluster number,Topic Cluster Prominence Percentile,Topic name,Topic number,Topic Prominence Percentile,Publication link to Topic strength,Año,Citas,Colaboracion,Autores,Instituciones,Regiones,Instituciones_Nacionales
55993626500,55993626500,Efficient ZnS–ZnO/ZnAl-LDH composite for H2 production by photocatalysis,"Gil, J.J.| Aguilar-Martínez, O.| Piña-Pérez, Y.| Pérez-Hernández, R.| Santolalla-Vargas, C.E.| Gómez, R.| Tzompantzi, F.",7.0,57209454805| 55953521700| 57195458194| 16480852200| 56600701100| 55568514480| 55993626500,2020.0,2020-01-01,Renewable Energy,145,-,124-132,-,ISSN-09601481,27569.0,Journal,Elsevier Ltd,English,2.37,4,10.8,12,1.825,15,1.98,174.0,104.0,4.65,13.75,3.0,4.0,0.0,0.0,"Gil, J.J., Aguilar-Martínez, O., Piña-Pérez, Y. and 4 more (...) (2020).Efficient ZnS–ZnO/ZnAl-LDH composite for H2 production by photocatalysis. Renewable Energy,145124-132",https://www.scopus.com/record/display.url?eid=2-s2.0-85067828301&origin=resultslist,10.1016/j.renene.2019.06.001,Article,,2-s2.0-85067828301,-,Universidad Autónoma Metropolitana| Instituto Nacional de Investigaciones Nucleares| Instituto Politécnico Nacional,505017| 505039| 505011,Government| Academic,3.0,60028381| 60023193| 60010532| 60019176,Universidad Autónoma Metropolitana -Unidad Iztapalapa| Universidad Autónoma Metropolitana - Azcapotzalco| Instituto Nacional de Investigaciones Nucleares| Instituto Politécnico Nacional,57209454805,55993626500,57195458194,-,Mexico,1.0,2105| 2200,"Renewable Energy, Sustainability and the Environment| General Engineering",2,Engineering & Technology,221,Engineering - Electrical & Electronic,36,Engineering,40,Engineering,-,-,SDG 7,Photocatalytic Innovations in Carbon Dioxide Reduction,240,99.804,Photocatalytic Innovations in Layered Double Hydroxides,39180,94.103,Defensible,2020.0,104.0,N/A,"Gil, J.J.| Aguilar-Martínez, O.| Piña-Pérez, Y.| Pérez-Hernández, R.| Santolalla-Vargas, C.E.| Gómez, R.| Tzompantzi, F.",Universidad Autónoma Metropolitana| Instituto Nacional de Investigaciones Nucleares| Instituto Politécnico Nacional,Mexico,0
55993626500,55993626500,Novel ZnS-ZnO composite synthesized by the solvothermal method through the partial sulfidation of ZnO for H2 production without sacrificial agent,"Piña-Pérez, Y.| Aguilar-Martínez, O.| Acevedo-Peña, P.| Santolalla-Vargas, C.E.| Oros-Ruíz, S.| Galindo-Hernández, F.| Gómez, R.| Tzompantzi, F.",8.0,57195458194| 55953521700| 56074239100| 56600701100| 56013634600| 11042598700| 55568514480| 55993626500,2018.0,2018-08-15,Applied Catalysis B: Environmental,230,-,125-134,-,ISSN-09263373,16343.0,Journal,Elsevier B.V.,English,2.61,3,20.7,1,3.753,1,5.84,246.0,94.0,2.44,17.21,4.0,10.0,0.0,0.0,"Piña-Pérez, Y., Aguilar-Martínez, O., Acevedo-Peña, P. and 5 more (...) (2018).Novel ZnS-ZnO composite synthesized by the solvothermal method through the partial sulfidation of ZnO for H2 production without sacrificial agent. Applied Catalysis B: Environmental,230125-134",https://www.scopus.com/record/display.url?eid=2-s2.0-85042694187&origin=resultslist,10.1016/j.apcatb.2018.02.047,Article,,2-s2.0-85042694187,-,Universidad Autónoma Metropolitana| Instituto Politécnico Nacional| Universidad Nacional Autónoma de México,505017| 505011| 505023,Academic,3.0,60028381| 60019176| 60032442,Universidad Autónoma Metropolitana -Unidad Iztapalapa| Instituto Politécnico Nacional| Universidad Nacional Autónoma de México,57195458194,55993626500,57195458194,-,Mexico,1.0,1503| 1508| 2300,Catalysis| Process Chemistry and Technology| General Environmental Science,2,Engineering & Technology,249| 219| 424,Engineering - Petroleum| Engineering - Chemical| Environmental Sciences,37| 36,Physical Sciences| Engineering,34| 40,Chemical Sciences| Engineering,4004| 4011| 3406,Chemical engineering| Environmental engineering| Physical chemistry,-,Photocatalytic Innovations in Carbon Dioxide Reduction,240,99.804,Photocatalytic Mechanisms for Hydrogen Generation,1523,99.882,Very Good,2018.0,94.0,N/A,"Piña-Pérez, Y.| Aguilar-Martínez, O.| Acevedo-Peña, P.| Santolalla-Vargas, C.E.| Oros-Ruíz, S.| Galindo-Hernández, F.| Gómez, R.| Tzompantzi, F.",Universidad Autónoma Metropolitana| Instituto Politécnico Nacional| Universidad Nacional Autónoma de México,Mexico,0
55993626500,55993626500,Improved photocatalytic activity of SnO2-ZnAl LDH prepared by one step Sn4+ incorporation,"Mendoza-Damián, G.| Tzompantzi, F.| Mantilla, A.| Pérez-Hernández, R.| Hernández-Gordillo, A.",5.0,55831839800| 55993626500| 6603026129| 16480852200| 54893181400,2016.0,2016-03-01,Applied Clay Science,121-122,-,127-136,-,ISSN-01691317,24614.0,Journal,Elsevier Ltd,English,1.5,12,5,13,0.899,25,4.66,113.0,90.0,3.22,8.39,5.0,7.0,0.0,0.0,"Mendoza-Damián, G., Tzompantzi, F., Mantilla, A. and 2 more (...) (2016).Improved photocatalytic activity of SnO2-ZnAl LDH prepared by one step Sn4+ incorporation. Applied Clay Science,121-122127-136",https://www.scopus.com/record/display.url?eid=2-s2.0-84954377661&origin=resultslist,10.1016/j.clay.2015.12.007,Article,,2-s2.0-84954377661,-,Universidad Autónoma Metropolitana| Instituto Nacional de Investigaciones Nucleares| Instituto Politécnico Nacional| Universidad Nacional Autónoma de México,505017| 505039| 505011| 505023,Academic| Government,4.0,60028381| 60019176| 60010532| 60032442,Universidad Autónoma Metropolitana -Unidad Iztapalapa| Instituto Politécnico Nacional| Instituto Nacional de Investigaciones Nucleares| Universidad Nacional Autónoma de México,55831839800,54893181400,55831839800,-,Mexico,1.0,1111| 1906| 1907| 2312,Soil Science| Geochemistry and Petrology| Geology| Water Science and Technology,2| 5| 4,Engineering & Technology| Life Sciences & Medicine| Natural Sciences,416| 450| 249| 424| 247| 502,Earth & Marine Sciences| Geology| Engineering - Petroleum| Environmental Sciences| Engineering - Mineral & Mining| Agriculture & Forestry,37| 32,Physical Sciences| Life Sciences,37| 40,Earth Sciences| Engineering,-,-,-,Photocatalytic Innovations in Carbon Dioxide Reduction,240,99.804,Photocatalytic Innovations in Layered Double Hydroxides,39180,94.103,Very Good,2016.0,90.0,N/A,"Mendoza-Damián, G.| Tzompantzi, F.| Mantilla, A.| Pérez-Hernández, R.| Hernández-Gordillo, A.",Universidad Autónoma Metropolitana| Instituto Nacional de Investigaciones Nucleares| Instituto Politécnico Nacional| Universidad Nacional Autónoma de México,Mexico,0
55993626500,55993626500,Photocatalytic activity of Ag/Al2O3-Gd2O3 photocatalysts prepared by the sol-gel method in the degradation of 4-chlorophenol,"Barrera, A.| Tzompantzi, F.| Campa-Molina, J.| Casillas, J.E.| Pérez-Hernández, R.| Ulloa-Godinez, S.| Velásquez, C.| Arenas-Alatorre, J.",8.0,58698900500| 55993626500| 55993722500| 55823121200| 16480852200| 9941863700| 57200328551| 6507874449,2018.0,2018-01-01,RSC Advances,8,6,3108-3119,-,ISSN-20462069,21100199840.0,Journal,Royal Society of Chemistry,English,0.8,43,6.5,11,0.807,19,1.8,59.0,82.0,2.09,12.92,5.0,12.0,1.0,0.0,"Barrera, A., Tzompantzi, F., Campa-Molina, J. and 5 more (...) (2018).Photocatalytic activity of Ag/Al2O3-Gd2O3 photocatalysts prepared by the sol-gel method in the degradation of 4-chlorophenol. RSC Advances,8(6) 3108-3119",https://www.scopus.com/record/display.url?eid=2-s2.0-85040867170&origin=resultslist,10.1039/c7ra12665d,Article,Gold|Green,2-s2.0-85040867170,-,Universidad Autónoma Metropolitana| Instituto Nacional de Investigaciones Nucleares| Universidad de Guadalajara| Universidad Nacional Autónoma de México,505017| 505039| 505019| 505023,Academic| Government,4.0,60008943| 60028381| 60010532| 60032442,Universidad de Guadalajara| Universidad Autónoma Metropolitana -Unidad Iztapalapa| Instituto Nacional de Investigaciones Nucleares| Universidad Nacional Autónoma de México,58698900500,6507874449,-,-,Mexico,1.0,1500| 1600,General Chemical Engineering| General Chemistry,2| 4,Engineering & Technology| Natural Sciences,219| 409,Engineering - Chemical| Chemistry,36| 37,Engineering| Physical Sciences,34,Chemical Sciences,-,-,-,Zinc Oxide Nanostructures and Applications,38,89.863,Zinc Oxide Nanostructures in Photocatalytic Applications,448,99.729,Defensible,2018.0,82.0,N/A,"Barrera, A.| Tzompantzi, F.| Campa-Molina, J.| Casillas, J.E.| Pérez-Hernández, R.| Ulloa-Godinez, S.| Velásquez, C.| Arenas-Alatorre, J.",Universidad Autónoma Metropolitana| Instituto Nacional de Investigaciones Nucleares| Universidad de Guadalajara| Universidad Nacional Autónoma de México,Mexico,0
55993626500,55993626500,Interfacial charge-transfer process across ZrO2-TiO2 heterojunction and its impact on photocatalytic activity,"Guerrero-Araque, D.| Ramírez-Ortega, D.| Acevedo-Peña, P.| Tzompantzi, F.| Calderón, H.A.| Gómez, R.",6.0,57207697416| 35196763200| 56074239100| 55993626500| 7004208873| 55568514480,2017.0,2017-02-15,Journal of Photochemistry and Photobiology A: Chemistry,335,-,276-286,-,ISSN-10106030,26966.0,Journal,Elsevier B.V.,English,0.84,39,4.1,20,0.689,25,11.87,292.0,79.0,2.96,12.14,6.0,7.0,0.0,0.0,"Guerrero-Araque, D., Ramírez-Ortega, D., Acevedo-Peña, P. and 3 more (...) (2017).Interfacial charge-transfer process across ZrO2-TiO2 heterojunction and its impact on photocatalytic activity. Journal of Photochemistry and Photobiology A: Chemistry,335276-286",https://www.scopus.com/record/display.url?eid=2-s2.0-85007271680&origin=resultslist,10.1016/j.jphotochem.2016.11.030,Article,Green,2-s2.0-85007271680,-,Consejo Nacional de Ciencia y Tecnologia Mexico| Universidad Autónoma Metropolitana| Instituto Politécnico Nacional,704696| 505017| 505011,Academic| Government,3.0,60014923| 60013076| 60027998| 60019176,"Universidad Autónoma Metropolitana| Centro de Investigacion en Ciencia Aplicada y Tecnologia Avanzada| Secretaría de Ciencia, Humanidades, Tecnología e Innovación| Instituto Politécnico Nacional",57207697416,55568514480,57207697416,-,Mexico,1.0,1500| 1600| 3100,General Chemical Engineering| General Chemistry| General Physics and Astronomy,2| 4,Engineering & Technology| Natural Sciences,219| 409| 439,Engineering - Chemical| Chemistry| Physics & Astronomy,37| 36,Physical Sciences| Engineering,34| 31| 40,Chemical Sciences| Biological Sciences| Engineering,-,-,-,Photocatalytic Properties of Titanium Dioxide Structures,62,94.768,Photocatalytic Nanocomposites for Organic Pollutant Degradation,72604,70.942,Weak,2017.0,79.0,N/A,"Guerrero-Araque, D.| Ramírez-Ortega, D.| Acevedo-Peña, P.| Tzompantzi, F.| Calderón, H.A.| Gómez, R.",Consejo Nacional de Ciencia y Tecnologia Mexico| Universidad Autónoma Metropolitana| Instituto Politécnico Nacional,Mexico,0
55993626500,55993626500,Photocatalytic degradation of phenol by semiconducting mixed oxides derived from Zn(Ga)Al layered double hydroxides,"Prince, J.| Tzompantzi, F.| Mendoza-Damián, G.| Hernández-Beltrán, F.| Valente, J.S.",5.0,26531694000| 55993626500| 55831839800| 6603979918| 10141548200,2015.0,2015-01-01,Applied Catalysis B: Environmental,163,-,352-360,-,ISSN-09263373,16343.0,Journal,Elsevier,English,2.25,4,12.7,1,2.326,4,3.17,137.0,74.0,2.99,11.36,7.0,8.0,0.0,0.0,"Prince, J., Tzompantzi, F., Mendoza-Damián, G. and 2 more (...) (2015).Photocatalytic degradation of phenol by semiconducting mixed oxides derived from Zn(Ga)Al layered double hydroxides. Applied Catalysis B: Environmental,163352-360",https://www.scopus.com/record/display.url?eid=2-s2.0-84907418038&origin=resultslist,10.1016/j.apcatb.2014.08.019,Article,,2-s2.0-84907418038,-,Universidad Autónoma Metropolitana| Instituto Mexicano del Petroleo,505017| 505005,Government| Academic,2.0,60023193| 60028381| 60019271,Universidad Autónoma Metropolitana - Azcapotzalco| Universidad Autónoma Metropolitana -Unidad Iztapalapa| Instituto Mexicano Del Petroleo,26531694000,10141548200,10141548200,-,Mexico,1.0,1503| 1508| 2300,Catalysis| Process Chemistry and Technology| General Environmental Science,2,Engineering & Technology,219| 249| 424,Engineering - Chemical| Engineering - Petroleum| Environmental Sciences,36| 37,Engineering| Physical Sciences,40| 34,Engineering| Chemical Sciences,4011| 3406| 4004,Environmental engineering| Physical chemistry| Chemical engineering,-,Photocatalytic Innovations in Carbon Dioxide Reduction,240,99.804,Photocatalytic Innovations in Layered Double Hydroxides,39180,94.103,Very Good,2015.0,74.0,N/A,"Prince, J.| Tzompantzi, F.| Mendoza-Damián, G.| Hernández-Beltrán, F.| Valente, J.S.",Universidad Autónoma Metropolitana| Instituto Mexicano del Petroleo,Mexico,0
55993626500,55993626500,Photocatalytic activity of Al2O3 improved by the addition of Ce3+/Ce4+ synthesized by the sol-gel method. Photodegradation of phenolic compounds using UV light,"Piña-Pérez, Y.| Tzompantzi-Morales, F.| Pérez-Hernández, R.| Arroyo-Murillo, R.| Acevedo-Peña, P.| Gómez-Romero, R.",6.0,57195458194| 55993626500| 16480852200| 56755927100| 56074239100| 55568514480,2017.0,2017-01-01,Fuel,198,-,11-21,-,ISSN-00162361,16313.0,Journal,Elsevier Ltd,English,2.14,5,8.8,4,1.891,5,1.86,68.0,71.0,2.09,11.48,7.0,12.0,0.0,0.0,"Piña-Pérez, Y., Tzompantzi-Morales, F., Pérez-Hernández, R. and 3 more (...) (2017).Photocatalytic activity of Al2O3 improved by the addition of Ce3+/Ce4+ synthesized by the sol-gel method. Photodegradation of phenolic compounds using UV light. Fuel,19811-21",https://www.scopus.com/record/display.url?eid=2-s2.0-85027954015&origin=resultslist,10.1016/j.fuel.2016.12.040,Article,,2-s2.0-85027954015,-,Universidad Autónoma Metropolitana| Instituto Nacional de Investigaciones Nucleares| Instituto Politécnico Nacional,505017| 505039| 505011,Academic| Government,3.0,60028381| 60010532| 60013076| 60019176,Universidad Autónoma Metropolitana -Unidad Iztapalapa| Instituto Nacional de Investigaciones Nucleares| Centro de Investigacion en Ciencia Aplicada y Tecnologia Avanzada| Instituto Politécnico Nacional,57195458194,55568514480,57195458194,-,Mexico,1.0,1500| 1605| 2102| 2103,General Chemical Engineering| Organic Chemistry| Energy Engineering and Power Technology| Fuel Technology,4| 2,Natural Sciences| Engineering & Technology,409| 249| 219| 221,Chemistry| Engineering - Petroleum| Engineering - Chemical| Engineering - Electrical & Electronic,37| 36,Physical Sciences| Engineering,40,Engineering,4012| 4019| 4004,Fluid mechanics and thermal engineering| Resources engineering and extractive metallurgy| Chemical engineering,-,Catalytic Innovations in Diesel Emission Control,645,72.008,Mesoporous Alumina Structures for Environmental Applications,6507,87.862,Weak,2017.0,71.0,N/A,"Piña-Pérez, Y.| Tzompantzi-Morales, F.| Pérez-Hernández, R.| Arroyo-Murillo, R.| Acevedo-Peña, P.| Gómez-Romero, R.",Universidad Autónoma Metropolitana| Instituto Nacional de Investigaciones Nucleares| Instituto Politécnico Nacional,Mexico,0
55993626500,55993626500,Photodegradation of phenol using reconstructed Ce doped Zn/Al layered double hydroxides as photocatalysts,"Suárez-Quezada, M.| Romero-Ortiz, G.| Suárez, V.| Morales-Mendoza, G.| Lartundo-Rojas, L.| Navarro-Cerón, E.| Tzompantzi, F.| Robles, S.| Gómez, R.| Mantilla, A.",10.0,57090855900| 57195457935| 20436960400| 36994821200| 57455354200| 57090761900| 55993626500| 57195460248| 55568514480| 6603026129,2016.0,2016-08-01,Catalysis Today,271,-,213-219,-,ISSN-09205861,16377.0,Journal,Elsevier B.V.,English,1.37,14,7.8,8,1.322,12,2.02,104.0,63.0,1.3,16.16,8.0,22.0,0.0,0.0,"Suárez-Quezada, M., Romero-Ortiz, G., Suárez, V. and 7 more (...) (2016).Photodegradation of phenol using reconstructed Ce doped Zn/Al layered double hydroxides as photocatalysts. Catalysis Today,271213-219",https://www.scopus.com/record/display.url?eid=2-s2.0-85027920083&origin=resultslist,10.1016/j.cattod.2016.01.009,Article,,2-s2.0-85027920083,-,Universidad Autónoma Metropolitana| Instituto Politécnico Nacional,505017| 505011,Academic,2.0,60019176| 60028381,Instituto Politécnico Nacional| Universidad Autónoma Metropolitana -Unidad Iztapalapa,57090855900,6603026129,6603026129,-,Mexico,1.0,1503| 1600,Catalysis| General Chemistry,4| 2,Natural Sciences| Engineering & Technology,409| 219| 249,Chemistry| Engineering - Chemical| Engineering - Petroleum,36| 37,Engineering| Physical Sciences,34| 40,Chemical Sciences| Engineering,-,-,-,Photocatalytic Innovations in Carbon Dioxide Reduction,240,99.804,Photocatalytic Innovations in Layered Double Hydroxides,39180,94.103,Very Good,2016.0,63.0,N/A,"Suárez-Quezada, M.| Romero-Ortiz, G.| Suárez, V.| Morales-Mendoza, G.| Lartundo-Rojas, L.| Navarro-Cerón, E.| Tzompantzi, F.| Robles, S.| Gómez, R.| Mantilla, A.",Universidad Autónoma Metropolitana| Instituto Politécnico Nacional,Mexico,0
55993626500,55993626500,Promotion effect of ZnO on the photocatalytic activity of coupled Al2O3-Nd2O3-ZnO composites prepared by the sol − gel method in the degradation of phenol,"Casillas, J.E.| Tzompantzi, F.| Castellanos, S.G.| Mendoza-Damián, G.| Pérez-Hernández, R.| López-Gaona, A.| Barrera, A.",7.0,55823121200| 55993626500| 57193510265| 55831839800| 16480852200| 6505764891| 58698900500,2017.0,2017-01-01,Applied Catalysis B: Environmental,208,-,161-170,-,ISSN-09263373,16343.0,Journal,Elsevier B.V.,English,2.38,4,17.3,1,3.152,2,2.28,81.0,54.0,2.12,15.1,10.0,12.0,0.0,0.0,"Casillas, J.E., Tzompantzi, F., Castellanos, S.G. and 4 more (...) (2017).Promotion effect of ZnO on the photocatalytic activity of coupled Al2O3-Nd2O3-ZnO composites prepared by the sol − gel method in the degradation of phenol. Applied Catalysis B: Environmental,208161-170",https://www.scopus.com/record/display.url?eid=2-s2.0-85014424482&origin=resultslist,10.1016/j.apcatb.2017.02.030,Article,,2-s2.0-85014424482,-,Universidad Autónoma Metropolitana| Instituto Nacional de Investigaciones Nucleares| Universidad de Guadalajara,505017| 505039| 505019,Academic| Government,3.0,60008943| 60028381| 60010532,Universidad de Guadalajara| Universidad Autónoma Metropolitana -Unidad Iztapalapa| Instituto Nacional de Investigaciones Nucleares,55823121200,58698900500,55993626500,-,Mexico,1.0,1503| 1508| 2300,Catalysis| Process Chemistry and Technology| General Environmental Science,2,Engineering & Technology,249| 219| 424,Engineering - Petroleum| Engineering - Chemical| Environmental Sciences,37| 36,Physical Sciences| Engineering,34| 40,Chemical Sciences| Engineering,3406| 4004| 4011,Physical chemistry| Chemical engineering| Environmental engineering,-,Zinc Oxide Nanostructures and Applications,38,89.863,Zinc Oxide Nanostructures in Photocatalytic Applications,448,99.729,Defensible,2017.0,54.0,N/A,"Casillas, J.E.| Tzompantzi, F.| Castellanos, S.G.| Mendoza-Damián, G.| Pérez-Hernández, R.| López-Gaona, A.| Barrera, A.",Universidad Autónoma Metropolitana| Instituto Nacional de Investigaciones Nucleares| Universidad de Guadalajara,Mexico,0
55993626500,55993626500,Mesoporous silica nanoparticles functionalized with folic acid for targeted release Cis-Pt to glioblastoma cells,"Ortiz-Islas, E.| Sosa-Arróniz, A.| Manríquez-Ramírez, M.E.| Rodríguez-Pérez, C.E.| Tzompantzi, F.| Padilla, J.M.",6.0,8879501400| 57221645968| 6603548737| 6602424671| 55993626500| 55217127000,2021.0,2021-01-01,Reviews on Advanced Materials Science,60,1,25-37,-,ISSN-16065131,85920.0,Journal,Walter de Gruyter GmbH,English,1.25,21,5.1,29,0.617,34,1.22,31.0,52.0,2.19,14.15,6.0,11.0,1.0,0.0,"Ortiz-Islas, E., Sosa-Arróniz, A., Manríquez-Ramírez, M.E. and 3 more (...) (2021).Mesoporous silica nanoparticles functionalized with folic acid for targeted release Cis-Pt to glioblastoma cells. Reviews on Advanced Materials Science,60(1) 25-37",https://www.scopus.com/record/display.url?eid=2-s2.0-85099717605&origin=resultslist,10.1515/rams-2021-0009,Article,Gold|Green,2-s2.0-85099717605,-,Universidad Autónoma Metropolitana| Instituto Nacional de Neurologia y Neurocirugia| Instituto Politécnico Nacional,505017| 505040| 505011,Government| Academic,3.0,60000029| 60019176| 60006489| 60028381| 114334942,Instituto Nacional de Neurología y Neurocirugía| Instituto Politécnico Nacional| Escuela Superior de Ingenieria Quimica e Industrias Extractivas| Universidad Autónoma Metropolitana -Unidad Iztapalapa| Universidad Tecnológica del Centro de,8879501400,55217127000,8879501400,-,Mexico,1.0,2500| 3104,General Materials Science| Condensed Matter Physics,4| 2,Natural Sciences| Engineering & Technology,439| 433,Physics & Astronomy| Materials Science,37| 36,Physical Sciences| Engineering,40,Engineering,4016,Materials engineering,SDG 3,Multifunctional Nanoparticles in Cancer Treatment,129,98.561,Mesoporous Silica Nanoparticles in Targeted Drug Delivery,1257,99.122,Very Good,2021.0,52.0,N/A,"Ortiz-Islas, E.| Sosa-Arróniz, A.| Manríquez-Ramírez, M.E.| Rodríguez-Pérez, C.E.| Tzompantzi, F.| Padilla, J.M.",Universidad Autónoma Metropolitana| Instituto Nacional de Neurologia y Neurocirugia| Instituto Politécnico Nacional,Mexico,0
55993626500,55993626500,Ibuprofen Photodegradation by Ag2O and Ag/Ag2O Composites Under Simulated Visible Light Irradiation,"Padilla Villavicencio, M.| Escobedo Morales, A.| Ruiz Peralta, M.L.| Sánchez-Cantú, M.| Rojas Blanco, L.| Chigo Anota, E.| Camacho García, J.H.| Tzompantzi, F.",8.0,57215004878| 55928425900| 55389014200| 56002658100| 41262218400| 8241028500| 56598060100| 55993626500,2020.0,2020-08-01,Catalysis Letters,150,8,2385-2399,-,ISSN-1011372X,22748.0,Journal,Springer,English,0.69,51,4.4,29,0.587,34,1.59,54.0,48.0,1.03,21.33,9.0,27.0,0.0,0.0,"Padilla Villavicencio, M., Escobedo Morales, A., Ruiz Peralta, M.L. and 5 more (...) (2020).Ibuprofen Photodegradation by Ag2O and Ag/Ag2O Composites Under Simulated Visible Light Irradiation. Catalysis Letters,150(8) 2385-2399",https://www.scopus.com/record/display.url?eid=2-s2.0-85079653916&origin=resultslist,10.1007/s10562-020-03139-6,Article,,2-s2.0-85079653916,-,Benemerita Universidad Autonoma de Puebla| Universidad Autónoma Metropolitana| Universidad Juarez Autonoma de Tabasco,505001| 505017| 705961,Academic,3.0,60024830| 60025378| 60028381,Benemérita Universidad Autónoma de Puebla| Universidad Juárez Autónoma de Tabasco| Universidad Autónoma Metropolitana -Unidad Iztapalapa,57215004878,55993626500,55389014200| 56002658100,-,Mexico,1.0,1503| 1600,Catalysis| General Chemistry,2| 4,Engineering & Technology| Natural Sciences,409| 219| 249,Chemistry| Engineering - Chemical| Engineering - Petroleum,37| 36,Physical Sciences| Engineering,34,Chemical Sciences,3402| 3406,Inorganic chemistry| Physical chemistry,-,Adsorption Mechanisms for Metal Ion Removal,54,98.234,Innovative Nanocomposites for Enhanced Drug Delivery,77341,89.492,Weak,2020.0,48.0,N/A,"Padilla Villavicencio, M.| Escobedo Morales, A.| Ruiz Peralta, M.L.| Sánchez-Cantú, M.| Rojas Blanco, L.| Chigo Anota, E.| Camacho García, J.H.| Tzompantzi, F.",Benemerita Universidad Autonoma de Puebla| Universidad Autónoma Metropolitana| Universidad Juarez Autonoma de Tabasco,Mexico,0
55993626500,55993626500,Photocatalytic degradation of phenol using MgAlSn hydrotalcite-like compounds,"Mancipe, S.| Tzompantzi, F.| Rojas, H.| Gómez, R.",4.0,55184040100| 55993626500| 23025604300| 55568514480,2016.0,2016-08-01,Applied Clay Science,129,-,71-78,-,ISSN-01691317,24614.0,Journal,Elsevier Ltd,English,1.5,12,5,13,0.899,25,2.34,70.0,47.0,1.17,8.57,12.0,25.0,0.0,0.0,"Mancipe, S., Tzompantzi, F., Rojas, H. and 1 more (...) (2016).Photocatalytic degradation of phenol using MgAlSn hydrotalcite-like compounds. Applied Clay Science,12971-78",https://www.scopus.com/record/display.url?eid=2-s2.0-84969630127&origin=resultslist,10.1016/j.clay.2016.05.005,Article,,2-s2.0-84969630127,-,Universidad Autónoma Metropolitana| Universidad Pedagógica y Tecnológica de Colombia,505017| 700982,Academic,2.0,60028381| 60077378,Universidad Autónoma Metropolitana -Unidad Iztapalapa| Universidad Pedagógica y Tecnológica de Colombia,55184040100,55568514480,55184040100,-,Mexico| Colombia,2.0,1906| 1907,Geochemistry and Petrology| Geology,2| 4,Engineering & Technology| Natural Sciences,450| 247| 249| 416,Geology| Engineering - Mineral & Mining| Engineering - Petroleum| Earth & Marine Sciences,37,Physical Sciences,37| 40,Earth Sciences| Engineering,-,-,-,Photocatalytic Innovations in Carbon Dioxide Reduction,240,99.804,Photocatalytic Innovations in Layered Double Hydroxides,39180,94.103,Very Good,2016.0,47.0,N/A,"Mancipe, S.| Tzompantzi, F.| Rojas, H.| Gómez, R.",Universidad Autónoma Metropolitana| Universidad Pedagógica y Tecnológica de Colombia,Mexico| Colombia,0
55993626500,55993626500,Energetic states in SnO2–TiO2 structures and their impact on interfacial charge transfer process,"Ramírez-Ortega, D.| Acevedo-Peña, P.| Tzompantzi, F.| Arroyo, R.| González, F.| González, I.",6.0,35196763200| 56074239100| 55993626500| 7006775332| 56000780400| 7102176710,2017.0,2017-01-01,Journal of Materials Science,52,1,260-275,-,ISSN-00222461,21162.0,Journal,Springer New York LLC,English,1.09,25,4.6,15,0.807,22,11.24,340.0,46.0,2.57,9.71,12.0,9.0,0.0,0.0,"Ramírez-Ortega, D., Acevedo-Peña, P., Tzompantzi, F. and 3 more (...) (2017).Energetic states in SnO2–TiO2 structures and their impact on interfacial charge transfer process. Journal of Materials Science,52(1) 260-275",https://www.scopus.com/record/display.url?eid=2-s2.0-84986287979&origin=resultslist,10.1007/s10853-016-0328-3,Article,,2-s2.0-84986287979,-,Universidad Autónoma Metropolitana| Universidad Nacional Autónoma de México,505017| 505023,Academic,2.0,60028381| 60032442,Universidad Autónoma Metropolitana -Unidad Iztapalapa| Universidad Nacional Autónoma de México,35196763200,7102176710,7102176710,-,Mexico,1.0,2210| 2211| 2500| 2501| 2503| 2507,Mechanical Engineering| Mechanics of Materials| General Materials Science| Materials Science (miscellaneous)| Ceramics and Composites| Polymers and Plastics,4| 2,Natural Sciences| Engineering & Technology,222| 433,Engineering - Mechanical| Materials Science,36,Engineering,40| 34,Engineering| Chemical Sciences,-,-,-,Photocatalytic Properties of Titanium Dioxide Structures,62,94.768,Photocatalytic Innovations in Titanium Dioxide Applications,47,98.985,Very Good,2017.0,46.0,N/A,"Ramírez-Ortega, D.| Acevedo-Peña, P.| Tzompantzi, F.| Arroyo, R.| González, F.| González, I.",Universidad Autónoma Metropolitana| Universidad Nacional Autónoma de México,Mexico,0
55993626500,55993626500,"Enhanced photocatalytic degradation of 4-chlorophenol and 2,4-dichlorophenol on in situ phosphated sol-gel TiO2","Castañeda, C.| Tzompantzi, F.| Gómez, R.| Rojas, H.",4.0,55319381400| 55993626500| 55568514480| 23025604300,2016.0,2016-08-01,Journal of Chemical Technology and Biotechnology,91,8,2170-2178,-,ISSN-02682575,16083.0,Journal,John Wiley and Sons Ltd,English,1.16,21,5,13,0.854,16,3.57,118.0,38.0,1.08,11.07,15.0,27.0,0.0,0.0,"Castañeda, C., Tzompantzi, F., Gómez, R. and 1 more (...) (2016).Enhanced photocatalytic degradation of 4-chlorophenol and 2,4-dichlorophenol on in situ phosphated sol-gel TiO2. Journal of Chemical Technology and Biotechnology,91(8) 2170-2178",https://www.scopus.com/record/display.url?eid=2-s2.0-84962745272&origin=resultslist,10.1002/jctb.4943,Article,,2-s2.0-84962745272,-,Universidad Autónoma Metropolitana| Universidad Pedagógica y Tecnológica de Colombia,505017| 700982,Academic,2.0,60028381| 60077378,Universidad Autónoma Metropolitana -Unidad Iztapalapa| Universidad Pedagógica y Tecnológica de Colombia,55319381400,23025604300,55319381400,-,Mexico| Colombia,2.0,1305| 1500| 1604| 1605| 2103| 2105| 2310| 2311,"Biotechnology| General Chemical Engineering| Inorganic Chemistry| Organic Chemistry| Fuel Technology| Renewable Energy, Sustainability and the Environment| Pollution| Waste Management and Disposal",2| 5| 4| 3,Engineering & Technology| Life Sciences & Medicine| Natural Sciences| Social Sciences & Management,424| 249| 409| 221| 219| 507,Environmental Sciences| Engineering - Petroleum| Chemistry| Engineering - Electrical & Electronic| Engineering - Chemical| Biological Sciences,37| 32| 36,Physical Sciences| Life Sciences| Engineering,MD,Multidisciplinary,MD,Multidisciplinary,-,Circular Economy and Life Cycle Assessment Integration,426,98.692,Thermal Properties of Natural Composite Insulation Materials,13299,98.12,Definitive,2016.0,38.0,N/A,"Castañeda, C.| Tzompantzi, F.| Gómez, R.| Rojas, H.",Universidad Autónoma Metropolitana| Universidad Pedagógica y Tecnológica de Colombia,Mexico| Colombia,0
55993626500,55993626500,Mn-doped Zn/Al layered double hydroxides as photocatalysts for the 4-chlorophenol photodegradation,"Morales-Mendoza, G.| Tzompantzi, F.| García-Mendoza, C.| López, R.| De la Luz, V.| Lee, S.-W.| Kim, T.-H.| Torres-Martínez, L.M.| Gómez, R.",9.0,36994821200| 55993626500| 56008966400| 26537909100| 16308643600| 57211724363| 57203431379| 6701578016| 55568514480,2015.0,2015-12-01,Applied Clay Science,118,-,38-47,-,ISSN-01691317,24614.0,Journal,Elsevier Ltd,English,1.34,16,4.1,19,0.806,32,6.55,169.0,35.0,1.09,8.24,17.0,27.0,0.0,0.0,"Morales-Mendoza, G., Tzompantzi, F., García-Mendoza, C. and 6 more (...) (2015).Mn-doped Zn/Al layered double hydroxides as photocatalysts for the 4-chlorophenol photodegradation. Applied Clay Science,11838-47",https://www.scopus.com/record/display.url?eid=2-s2.0-84941209962&origin=resultslist,10.1016/j.clay.2015.08.030,Article,,2-s2.0-84941209962,-,Universidad Autonoma de Nuevo Leon| Universidad Autónoma Metropolitana| Sun Moon University| Universidad Juarez Autonoma de Tabasco,505013| 505017| 209069| 705961,Academic,4.0,60028381| 60025378| 60014840| 60025417,Universidad Autónoma Metropolitana -Unidad Iztapalapa| Universidad Juárez Autónoma de Tabasco| Sunmoon University| Universidad Autónoma de Nuevo León,36994821200,55568514480,36994821200,-,South Korea| Mexico,2.0,1111| 1906| 1907| 2312,Soil Science| Geochemistry and Petrology| Geology| Water Science and Technology,5| 4| 2,Life Sciences & Medicine| Natural Sciences| Engineering & Technology,416| 249| 450| 424| 247| 502,Earth & Marine Sciences| Engineering - Petroleum| Geology| Environmental Sciences| Engineering - Mineral & Mining| Agriculture & Forestry,32| 37,Life Sciences| Physical Sciences,37| 40,Earth Sciences| Engineering,-,-,-,Photocatalytic Innovations in Carbon Dioxide Reduction,240,99.804,Photocatalytic Innovations in Layered Double Hydroxides,39180,94.103,Very Good,2015.0,35.0,N/A,"Morales-Mendoza, G.| Tzompantzi, F.| García-Mendoza, C.| López, R.| De la Luz, V.| Lee, S.-W.| Kim, T.-H.| Torres-Martínez, L.M.| Gómez, R.",Universidad Autonoma de Nuevo Leon| Universidad Autónoma Metropolitana| Sun Moon University| Universidad Juarez Autonoma de Tabasco,South Korea| Mexico,0
55993626500,55993626500,Synthesis of CdS/MgAl layered double hydroxides for hydrogen production from methanol-water decomposition,"Mancipe, S.| Tzompantzi, F.| Gómez, R.",3.0,55184040100| 55993626500| 55568514480,2017.0,2017-02-01,Applied Clay Science,136,-,67-74,-,ISSN-01691317,24614.0,Journal,Elsevier Ltd,English,1.59,10,5.5,13,0.992,20,2.65,80.0,33.0,1.84,9.24,17.0,15.0,1.0,0.0,"Mancipe, S., Tzompantzi, F., Gómez, R. (2017).Synthesis of CdS/MgAl layered double hydroxides for hydrogen production from methanol-water decomposition. Applied Clay Science,13667-74",https://www.scopus.com/record/display.url?eid=2-s2.0-84995705649&origin=resultslist,10.1016/j.clay.2016.11.013,Article,,2-s2.0-84995705649,-,Universidad Autónoma Metropolitana,505017,Academic,1.0,60028381,Universidad Autónoma Metropolitana -Unidad Iztapalapa,55184040100,55568514480,55184040100,-,Mexico,1.0,1906| 1907,Geochemistry and Petrology| Geology,4| 2,Natural Sciences| Engineering & Technology,247| 450| 416| 249,Engineering - Mineral & Mining| Geology| Earth & Marine Sciences| Engineering - Petroleum,37,Physical Sciences,37| 40,Earth Sciences| Engineering,-,-,SDG 7,Photocatalytic Innovations in Carbon Dioxide Reduction,240,99.804,Photocatalytic Innovations in Layered Double Hydroxides,39180,94.103,Defensible,2017.0,33.0,N/A,"Mancipe, S.| Tzompantzi, F.| Gómez, R.",Universidad Autónoma Metropolitana,Mexico,0
55993626500,55993626500,Improved photocatalytic hydrogen production from methanol/water solution using CuO supported on fluorinated TiO2,"Castañeda, C.| Tzompantzi, F.| Rodríguez-Rodríguez, A.| Sánchez-Dominguez, M.| Gómez, R.",5.0,55319381400| 55993626500| 56054576300| 56013597600| 55568514480,2018.0,2018-04-01,Journal of Chemical Technology and Biotechnology,93,4,1113-1120,-,ISSN-02682575,16083.0,Journal,John Wiley and Sons Ltd,English,0.9,37,4.8,19,0.715,22,2.62,90.0,32.0,1.17,13.62,17.0,25.0,0.0,0.0,"Castañeda, C., Tzompantzi, F., Rodríguez-Rodríguez, A. and 2 more (...) (2018).Improved photocatalytic hydrogen production from methanol/water solution using CuO supported on fluorinated TiO2. Journal of Chemical Technology and Biotechnology,93(4) 1113-1120",https://www.scopus.com/record/display.url?eid=2-s2.0-85035206142&origin=resultslist,10.1002/jctb.5470,Article,,2-s2.0-85035206142,-,Universidad Autónoma Metropolitana| Universidad Pedagógica y Tecnológica de Colombia,505017| 700982,Academic,2.0,60028381| 60077378| 112194478,Universidad Autónoma Metropolitana -Unidad Iztapalapa| Universidad Pedagógica y Tecnológica de Colombia| S.C. (CIMAV),55319381400,55568514480,55319381400,-,Mexico| Colombia,2.0,1305| 1500| 1604| 1605| 2103| 2105| 2310| 2311,"Biotechnology| General Chemical Engineering| Inorganic Chemistry| Organic Chemistry| Fuel Technology| Renewable Energy, Sustainability and the Environment| Pollution| Waste Management and Disposal",2| 3| 5| 4,Engineering & Technology| Social Sciences & Management| Life Sciences & Medicine| Natural Sciences,219| 507| 424| 409| 221| 249,Engineering - Chemical| Biological Sciences| Environmental Sciences| Chemistry| Engineering - Electrical & Electronic| Engineering - Petroleum,37| 36| 32,Physical Sciences| Engineering| Life Sciences,MD,Multidisciplinary,MD,Multidisciplinary,SDG 7,Photocatalytic Properties of Titanium Dioxide Structures,62,94.768,TiO2-Based Catalysts for Enhanced Hydrogen Production,22665,96.957,Very Good,2018.0,32.0,N/A,"Castañeda, C.| Tzompantzi, F.| Rodríguez-Rodríguez, A.| Sánchez-Dominguez, M.| Gómez, R.",Universidad Autónoma Metropolitana| Universidad Pedagógica y Tecnológica de Colombia,Mexico| Colombia,0
55993626500,55993626500,Effect of synthesis conditions on the photocatalytic behavior of ZnS-ZnO heterojunctions for the H2 generation,"Piña-Pérez, Y.| Samaniego-Benítez, E.| Sierra-Uribe, J.H.| González, F.| Tzompantzi, F.| Lartundo-Rojas, L.| Mantilla, Á.",7.0,57195458194| 57191491984| 56659493100| 56000780400| 55993626500| 57455354200| 6603026129,2023.0,2023-06-01,Journal of Environmental Chemical Engineering,11,3,-,109760,ISSN-22133437,21100255493.0,Journal,Elsevier Ltd,English,1.25,17,11.4,13,1.355,11,2.83,69.0,30.0,2.34,12.85,6.0,10.0,0.0,0.0,"Piña-Pérez, Y., Samaniego-Benítez, E., Sierra-Uribe, J.H. and 4 more (...) (2023).Effect of synthesis conditions on the photocatalytic behavior of ZnS-ZnO heterojunctions for the H2 generation. Journal of Environmental Chemical Engineering,11(3) ",https://www.scopus.com/record/display.url?eid=2-s2.0-85151025567&origin=resultslist,10.1016/j.jece.2023.109760,Article,,2-s2.0-85151025567,-,Consejo Nacional de Ciencia y Tecnologia Mexico| Universidad Autónoma Metropolitana| Instituto Politécnico Nacional,704696| 505017| 505011,Academic| Government,3.0,60019176| 60027998| 60028381,"Instituto Politécnico Nacional| Secretaría de Ciencia, Humanidades, Tecnología e Innovación| Universidad Autónoma Metropolitana -Unidad Iztapalapa",57195458194,6603026129,57195458194,-,Mexico,1.0,1501| 1508| 2310| 2311,Chemical Engineering (miscellaneous)| Process Chemistry and Technology| Pollution| Waste Management and Disposal,3| 2,Social Sciences & Management| Engineering & Technology,424| 249| 219,Environmental Sciences| Engineering - Petroleum| Engineering - Chemical,36| 37,Engineering| Physical Sciences,34| 40,Chemical Sciences| Engineering,4011| 4004| 3406,Environmental engineering| Chemical engineering| Physical chemistry,SDG 7,Photocatalytic Innovations in Carbon Dioxide Reduction,240,99.804,Photocatalytic Mechanisms for Hydrogen Generation,1523,99.882,Definitive,2023.0,30.0,N/A,"Piña-Pérez, Y.| Samaniego-Benítez, E.| Sierra-Uribe, J.H.| González, F.| Tzompantzi, F.| Lartundo-Rojas, L.| Mantilla, Á.",Consejo Nacional de Ciencia y Tecnologia Mexico| Universidad Autónoma Metropolitana| Instituto Politécnico Nacional,Mexico,0
55993626500,55993626500,Photocatalytic degradation of diclofenac using Al2O3-Nd2O3 binary oxides prepared by the sol-gel method,"Casillas, J.E.| Campa-Molina, J.| Tzompantzi, F.| Carbajal Arízaga, G.G.| López-Gaona, A.| Ulloa-Godinez, S.| Cano, M.E.| Barrera, A.",8.0,55823121200| 55993722500| 55993626500| 9236534000| 6505764891| 9941863700| 56421528000| 58698900500,2020.0,2020-03-01,Materials,13,6,-,1345,ISSN-19961944,76627.0,Journal,MDPI AG,English,1.26,20,4.2,33,0.682,31,1.03,31.0,29.0,1.13,14.16,17.0,25.0,0.0,0.0,"Casillas, J.E., Campa-Molina, J., Tzompantzi, F. and 5 more (...) (2020).Photocatalytic degradation of diclofenac using Al2O3-Nd2O3 binary oxides prepared by the sol-gel method. Materials,13(6) ",https://www.scopus.com/record/display.url?eid=2-s2.0-85082673943&origin=resultslist,10.3390/ma13061345,Article,Gold|Green,2-s2.0-85082673943,-,Universidad Autónoma Metropolitana| Universidad de Guadalajara,505017| 505019,Academic,2.0,60008943| 60028381,Universidad de Guadalajara| Universidad Autónoma Metropolitana -Unidad Iztapalapa,55823121200,58698900500,58698900500,-,Mexico,1.0,2500| 3104,General Materials Science| Condensed Matter Physics,2| 4,Engineering & Technology| Natural Sciences,439| 433,Physics & Astronomy| Materials Science,36| 37,Engineering| Physical Sciences,40| 34,Engineering| Chemical Sciences,-,-,-,Luminescent Phosphors and Upconversion Nanomaterials Applications,58,96.01,Nanostructured Oxides in Photocatalytic Applications,41917,82.664,Weak,2020.0,29.0,N/A,"Casillas, J.E.| Campa-Molina, J.| Tzompantzi, F.| Carbajal Arízaga, G.G.| López-Gaona, A.| Ulloa-Godinez, S.| Cano, M.E.| Barrera, A.",Universidad Autónoma Metropolitana| Universidad de Guadalajara,Mexico,0
55993626500,55993626500,Synthesis by the sol-gel method and characterization of Pt-promoted CuO/TiO2-ZrO2 catalysts for decomposition of 2-propanol,"Morales-Anzures, F.| Salinas-Hernández, P.| Ornelas-Gutiérrez, C.| Tzompantzi-Morales, F.J.| Pérez-Hernández, R.",5.0,23982844700| 6603056398| 36004955500| 55993626500| 16480852200,2020.0,2020-06-01,Catalysis Today,349,-,228-234,-,ISSN-09205861,16377.0,Journal,Elsevier B.V.,English,1.43,15,10.2,11,1.397,12,0.5,53.0,29.0,0.66,21.33,17.0,39.0,0.0,0.0,"Morales-Anzures, F., Salinas-Hernández, P., Ornelas-Gutiérrez, C. and 2 more (...) (2020).Synthesis by the sol-gel method and characterization of Pt-promoted CuO/TiO2-ZrO2 catalysts for decomposition of 2-propanol. Catalysis Today,349228-234",https://www.scopus.com/record/display.url?eid=2-s2.0-85043999718&origin=resultslist,10.1016/j.cattod.2018.03.017,Article,,2-s2.0-85043999718,-,Universidad Autónoma Metropolitana| Instituto Nacional de Investigaciones Nucleares| Centro de Investigacion en Materiales Avanzados,505017| 505039| 505029,Academic| Government,3.0,101586382| 60010532| 60015132| 60028381,Universidad del Istmo| Instituto Nacional de Investigaciones Nucleares| Centro de Investigacion en Materiales Avanzados| Universidad Autónoma Metropolitana -Unidad Iztapalapa,23982844700,16480852200,23982844700| 16480852200,-,Mexico,1.0,1503| 1600,Catalysis| General Chemistry,2| 4,Engineering & Technology| Natural Sciences,249| 409| 219,Engineering - Petroleum| Chemistry| Engineering - Chemical,37| 36,Physical Sciences| Engineering,34| 40,Chemical Sciences| Engineering,-,-,-,Catalytic Innovations for Hydrogen and Ammonia Production,90,99.084,Catalytic Innovations in Cyclohexanol Dehydrogenation,68164,56.06,Defensible,2020.0,29.0,N/A,"Morales-Anzures, F.| Salinas-Hernández, P.| Ornelas-Gutiérrez, C.| Tzompantzi-Morales, F.J.| Pérez-Hernández, R.",Universidad Autónoma Metropolitana| Instituto Nacional de Investigaciones Nucleares| Centro de Investigacion en Materiales Avanzados,Mexico,0
55993626500,55993626500,Photocatalytic reduction of 4-nitrophenol on in situ fluorinated sol–gel TiO2 under UV irradiation using Na2SO3 as reducing agent,"Castañeda, C.| Tzompantzi, F.| Gómez, R.",3.0,55319381400| 55993626500| 55568514480,2016.0,2016-11-01,Journal of Sol-Gel Science and Technology,80,2,426-435,-,ISSN-09280707,21188.0,Journal,Springer New York LLC,English,0.68,49,2.6,30,0.48,34,2.96,83.0,27.0,0.85,10.64,21.0,33.0,0.0,0.0,"Castañeda, C., Tzompantzi, F., Gómez, R. (2016).Photocatalytic reduction of 4-nitrophenol on in situ fluorinated sol–gel TiO2 under UV irradiation using Na2SO3 as reducing agent. Journal of Sol-Gel Science and Technology,80(2) 426-435",https://www.scopus.com/record/display.url?eid=2-s2.0-84976286831&origin=resultslist,10.1007/s10971-016-4104-2,Article,,2-s2.0-84976286831,-,Universidad Autónoma Metropolitana,505017,Academic,1.0,60028381,Universidad Autónoma Metropolitana -Unidad Iztapalapa,55319381400,55568514480,55319381400,-,Mexico,1.0,1600| 2502| 2503| 2504| 2505| 3104,"General Chemistry| Biomaterials| Ceramics and Composites| Electronic, Optical and Magnetic Materials| Materials Chemistry| Condensed Matter Physics",4,Natural Sciences,433| 409| 439,Materials Science| Chemistry| Physics & Astronomy,36| 37,Engineering| Physical Sciences,40,Engineering,4016,Materials engineering,-,Properties and Applications of Silver Nanoparticles,302,97.319,Catalytic Nanoparticles for Environmental Applications,2646,99.211,Very Good,2016.0,27.0,N/A,"Castañeda, C.| Tzompantzi, F.| Gómez, R.",Universidad Autónoma Metropolitana,Mexico,0
55993626500,55993626500,Novel preparation of ZnS from Zn5(CO3)2(OH)6 by the hydro- or solvothermal method for H2 production,"Aguilar, O.| Tzompantzi, F.| Pérez‐Hernández, R.| Gómez, R.| Hernández-Gordillo, A.",5.0,55953521700| 55993626500| 16480852200| 55568514480| 54893181400,2017.0,2017-01-01,Catalysis Today,287,-,91-98,-,ISSN-09205861,16377.0,Journal,Elsevier B.V.,English,1.35,15,8.3,9,1.347,13,1.72,63.0,27.0,0.83,18.02,21.0,34.0,0.0,0.0,"Aguilar, O., Tzompantzi, F., Pérez‐Hernández, R. and 2 more (...) (2017).Novel preparation of ZnS from Zn5(CO3)2(OH)6 by the hydro- or solvothermal method for H2 production. Catalysis Today,28791-98",https://www.scopus.com/record/display.url?eid=2-s2.0-85010664490&origin=resultslist,10.1016/j.cattod.2016.11.042,Article,,2-s2.0-85010664490,-,Universidad Autónoma Metropolitana| Instituto Nacional de Investigaciones Nucleares| Universidad Nacional Autónoma de México,505017| 505039| 505023,Academic| Government,3.0,60028381| 60010532| 60005971| 60032442,Universidad Autónoma Metropolitana -Unidad Iztapalapa| Instituto Nacional de Investigaciones Nucleares| Instituto de Investigaciones en Materiales| Universidad Nacional Autónoma de México,55953521700,54893181400,55993626500,-,Mexico,1.0,1503| 1600,Catalysis| General Chemistry,4| 2,Natural Sciences| Engineering & Technology,219| 249| 409,Engineering - Chemical| Engineering - Petroleum| Chemistry,37| 36,Physical Sciences| Engineering,40| 34,Engineering| Chemical Sciences,-,-,-,Quantum Dots and Their Multifaceted Applications,298,82.276,Zinc Sulfide Nanoparticles in Photonic Applications,2013,96.328,Definitive,2017.0,27.0,N/A,"Aguilar, O.| Tzompantzi, F.| Pérez‐Hernández, R.| Gómez, R.| Hernández-Gordillo, A.",Universidad Autónoma Metropolitana| Instituto Nacional de Investigaciones Nucleares| Universidad Nacional Autónoma de México,Mexico,0
55993626500,55993626500,Bifunctional Co3O4/ZSM-5 Mesoporous Catalysts for Biodiesel Production via Esterification of Unsaturated Omega-9 Oleic Acid,"Núñez, F.| Chen, L.| Wang, J.A.| Flores, S.O.| Salmones, J.| Arellano, U.| Noreña, L.E.| Tzompantzi, F.",8.0,59799938400| 35387778700| 7701323074| 57877445500| 6701847616| 47661081500| 15081224100| 55993626500,2022.0,2022-08-01,Catalysts,12,8,-,900,ISSN-20734344,21100332402.0,Journal,MDPI,English,0.84,40,6.3,22,0.69,32,1.56,38.0,26.0,1.46,15.75,11.0,19.0,0.0,0.0,"Núñez, F., Chen, L., Wang, J.A. and 5 more (...) (2022).Bifunctional Co3O4/ZSM-5 Mesoporous Catalysts for Biodiesel Production via Esterification of Unsaturated Omega-9 Oleic Acid. Catalysts,12(8) ",https://www.scopus.com/record/display.url?eid=2-s2.0-85137376349&origin=resultslist,10.3390/catal12080900,Article,Gold|Green,2-s2.0-85137376349,-,Universidad Autónoma Metropolitana| Universidad Autonoma de la Ciudad de Mexico| Instituto Politécnico Nacional,505017| 708454| 505011,Academic,3.0,60019176| 60006489| 60094425| 60028381| 60023193,Instituto Politécnico Nacional| Escuela Superior de Ingenieria Quimica e Industrias Extractivas| Universidad Autónoma de la Ciudad de México| Universidad Autónoma Metropolitana -Unidad Iztapalapa| Universidad Autónoma Metropolitana - Azcapotzalco,59799938400,55993626500,35387778700| 15081224100,-,Mexico,1.0,1503| 1606| 2300,Catalysis| Physical and Theoretical Chemistry| General Environmental Science,2| 4,Engineering & Technology| Natural Sciences,219| 249| 424| 409,Engineering - Chemical| Engineering - Petroleum| Environmental Sciences| Chemistry,36| 37,Engineering| Physical Sciences,40| 34,Engineering| Chemical Sciences,4004| 4018| 3406,Chemical engineering| Nanotechnology| Physical chemistry,SDG 7,Biodiesel Production and Environmental Impacts,406,89.928,Catalytic Advances in Biodiesel Production Processes,1085,99.695,Very Good,2022.0,26.0,N/A,"Núñez, F.| Chen, L.| Wang, J.A.| Flores, S.O.| Salmones, J.| Arellano, U.| Noreña, L.E.| Tzompantzi, F.",Universidad Autónoma Metropolitana| Universidad Autonoma de la Ciudad de Mexico| Instituto Politécnico Nacional,Mexico,0
55993626500,55993626500,Catalytic Aspects of Pt/Pd Supported on ZnO Rods for Hydrogen Production in Methanol Steam Reforming,"Modragón-Galicia, G.| Toledo Toledo, M.| Morales-Anzures, F.| Salinas-Hernández, P.| Gutiérrez-Martínez, A.| García, M.E.F.| Tzompantzi, F.| Barrera, A.| Reyna-Alvarado, J.| López-Galán, O.A.| Ramos, M.| Pérez-Hernández, R.",12.0,57754450600| 57755110100| 23982844700| 6603056398| 21233370500| 57203490807| 55993626500| 58698900500| 57211135342| 57211140636| 7203081903| 16480852200,2022.0,2022-09-01,Topics in Catalysis,65,13-16,1556-1569,-,ISSN-10225528,21971.0,Journal,Springer,English,0.73,47,4.8,35,0.624,31,1.26,31.0,22.0,0.77,20.72,14.0,37.0,0.0,0.0,"Modragón-Galicia, G., Toledo Toledo, M., Morales-Anzures, F. and 9 more (...) (2022).Catalytic Aspects of Pt/Pd Supported on ZnO Rods for Hydrogen Production in Methanol Steam Reforming. Topics in Catalysis,65(13-16) 1556-1569",https://www.scopus.com/record/display.url?eid=2-s2.0-85132399036&origin=resultslist,10.1007/s11244-022-01633-2,Article,,2-s2.0-85132399036,-,Universidad Autónoma Metropolitana| Instituto Nacional de Investigaciones Nucleares| Universidad Autonoma de Ciudad Juarez,505017| 505039| 706746,Academic| Government,3.0,60010532| 128585253| 60028381| 60008167,Instituto Nacional de Investigaciones Nucleares| Instituto de Estudios de la Energía| Universidad Autónoma Metropolitana -Unidad Iztapalapa| Universidad Autónoma de Ciudad Juárez,57754450600,16480852200,6603056398| 7203081903| 16480852200,-,Mexico,1.0,1503| 1600,Catalysis| General Chemistry,2| 4,Engineering & Technology| Natural Sciences,249| 409| 219,Engineering - Petroleum| Chemistry| Engineering - Chemical,36| 37,Engineering| Physical Sciences,40| 34,Engineering| Chemical Sciences,3406| 4004,Physical chemistry| Chemical engineering,SDG 7,Catalytic Innovations for Hydrogen and Ammonia Production,90,99.084,Catalytic Pathways for Hydrogen from Methanol Reforming,6099,97.566,Definitive,2022.0,22.0,N/A,"Modragón-Galicia, G.| Toledo Toledo, M.| Morales-Anzures, F.| Salinas-Hernández, P.| Gutiérrez-Martínez, A.| García, M.E.F.| Tzompantzi, F.| Barrera, A.| Reyna-Alvarado, J.| López-Galán, O.A.| Ramos, M.| Pérez-Hernández, R.",Universidad Autónoma Metropolitana| Instituto Nacional de Investigaciones Nucleares| Universidad Autonoma de Ciudad Juarez,Mexico,0
55993626500,55993626500,Evaluation of calcium oxide in Rhodamine 6G photodegradation,"de Lourdes Ruiz Peralta, M.| Sánchez-Cantú, M.| Puente-López, E.| Rubio-Rosas, E.| Tzompantzi, F.",5.0,55389014200| 56002658100| 57195456006| 7101626311| 55993626500,2018.0,2018-05-01,Catalysis Today,305,-,75-81,-,ISSN-09205861,16377.0,Journal,Elsevier B.V.,English,1.24,20,8.8,10,1.217,12,1.04,39.0,21.0,0.52,19.21,25.0,46.0,0.0,0.0,"de Lourdes Ruiz Peralta, M., Sánchez-Cantú, M., Puente-López, E. and 2 more (...) (2018).Evaluation of calcium oxide in Rhodamine 6G photodegradation. Catalysis Today,30575-81",https://www.scopus.com/record/display.url?eid=2-s2.0-85030784395&origin=resultslist,10.1016/j.cattod.2017.09.057,Article,,2-s2.0-85030784395,-,Benemerita Universidad Autonoma de Puebla| Universidad Autónoma Metropolitana,505001| 505017,Academic,2.0,60024830| 60028381,Benemérita Universidad Autónoma de Puebla| Universidad Autónoma Metropolitana -Unidad Iztapalapa,55389014200,55993626500,55389014200,-,Mexico,1.0,1503| 1600,Catalysis| General Chemistry,4| 2,Natural Sciences| Engineering & Technology,249| 409| 219,Engineering - Petroleum| Chemistry| Engineering - Chemical,36| 37,Engineering| Physical Sciences,34| 40,Chemical Sciences| Engineering,-,-,-,Photocatalytic Properties of Titanium Dioxide Structures,62,94.768,Calcium Oxide Nanoparticles in Biomedical Applications,77242,79.97,Defensible,2018.0,21.0,N/A,"de Lourdes Ruiz Peralta, M.| Sánchez-Cantú, M.| Puente-López, E.| Rubio-Rosas, E.| Tzompantzi, F.",Benemerita Universidad Autonoma de Puebla| Universidad Autónoma Metropolitana,Mexico,0
55993626500,55993626500,Pt-Ni/ZnO-rod catalysts for hydrogen production by steam reforming of methanol with oxygen,"Lugo, V.R.| Mondragón-Galicia, G.| Gutiérrez-Martínez, A.| Gutiérrez-Wing, C.| Rosales González, O.| López, P.| Salinas-Hernández, P.| Tzompantzi, F.| Reyes Valderrama, M.I.| Pérez-Hernández, R.",10.0,57196325647| 6507738431| 21233370500| 6602103063| 57202197101| 57212499232| 6603056398| 55993626500| 6507820024| 16480852200,2020.0,2020-11-12,RSC Advances,10,68,41315-41323,-,ISSN-20462069,21100199840.0,Journal,Royal Society of Chemistry,English,0.86,40,5.9,18,0.746,22,0.56,25.0,21.0,0.8,16.26,23.0,34.0,0.0,0.0,"Lugo, V.R., Mondragón-Galicia, G., Gutiérrez-Martínez, A. and 7 more (...) (2020).Pt-Ni/ZnO-rod catalysts for hydrogen production by steam reforming of methanol with oxygen. RSC Advances,10(68) 41315-41323",https://www.scopus.com/record/display.url?eid=2-s2.0-85096685622&origin=resultslist,10.1039/d0ra06181f,Article,Gold|Green,2-s2.0-85096685622,-,Universidad Autónoma Metropolitana| Universidad Autonoma del Estado de Hidalgo| Instituto Nacional de Investigaciones Nucleares,505017| 505050| 505039,Academic| Government,3.0,60027135| 60010532| 101586382| 60028381,Universidad Autónoma del Estado de Hidalgo| Instituto Nacional de Investigaciones Nucleares| Universidad del Istmo| Universidad Autónoma Metropolitana -Unidad Iztapalapa,57196325647,16480852200,16480852200,-,Mexico,1.0,1500| 1600,General Chemical Engineering| General Chemistry,4| 2,Natural Sciences| Engineering & Technology,409| 219,Chemistry| Engineering - Chemical,36| 37,Engineering| Physical Sciences,34,Chemical Sciences,-,-,-,Catalytic Innovations for Hydrogen and Ammonia Production,90,99.084,Catalytic Pathways for Hydrogen from Methanol Reforming,6099,97.566,Definitive,2020.0,21.0,N/A,"Lugo, V.R.| Mondragón-Galicia, G.| Gutiérrez-Martínez, A.| Gutiérrez-Wing, C.| Rosales González, O.| López, P.| Salinas-Hernández, P.| Tzompantzi, F.| Reyes Valderrama, M.I.| Pérez-Hernández, R.",Universidad Autónoma Metropolitana| Universidad Autonoma del Estado de Hidalgo| Instituto Nacional de Investigaciones Nucleares,Mexico,0
55993626500,55993626500,"Evaluation of Hydrocalumite-Like Compounds as Catalyst Precursors in the Photodegradation of 2,4-Dichlorophenoxyacetic Acid","Sánchez-Cantú, M.| Barcelos-Santiago, C.| Gomez, C.M.| Ramos-Ramírez, E.| Ruiz Peralta, M.D.L.| Tepale, N.| González-Coronel, V.J.| Mantilla, A.| Tzompantzi, F.",9.0,56002658100| 57191041899| 57190028193| 55989786900| 55389014200| 11739945100| 26039062300| 6603026129| 55993626500,2016.0,2016-01-01,International Journal of Photoenergy,2016,-,-,5256941,ISSN-1110662X,145581.0,Journal,Hindawi Limited,English,0.58,56,2.6,39,0.333,48,2.07,66.0,20.0,0.08,13.12,27.0,70.0,0.0,0.0,"Sánchez-Cantú, M., Barcelos-Santiago, C., Gomez, C.M. and 6 more (...) (2016).Evaluation of Hydrocalumite-Like Compounds as Catalyst Precursors in the Photodegradation of 2,4-Dichlorophenoxyacetic Acid. International Journal of Photoenergy,2016",https://www.scopus.com/record/display.url?eid=2-s2.0-84985991292&origin=resultslist,10.1155/2016/5256941,Article,Gold|Green,2-s2.0-84985991292,-,Benemerita Universidad Autonoma de Puebla| Universidad de Guanajuato| Universidad Autónoma Metropolitana| Instituto Politécnico Nacional,505001| 505020| 505017| 505011,Academic,4.0,60024830| 60033291| 60019176| 60028381,Benemérita Universidad Autónoma de Puebla| Universidad de Guanajuato| Instituto Politécnico Nacional| Universidad Autónoma Metropolitana -Unidad Iztapalapa,56002658100,55993626500,56002658100,-,Mexico,1.0,1600| 2105| 2500| 3107,"General Chemistry| Renewable Energy, Sustainability and the Environment| General Materials Science| Atomic and Molecular Physics, and Optics",4| 2,Natural Sciences| Engineering & Technology,409| 439| 221| 433,Chemistry| Physics & Astronomy| Engineering - Electrical & Electronic| Materials Science,37| 36,Physical Sciences| Engineering,34,Chemical Sciences,3406,Physical chemistry,-,Photocatalytic Innovations in Carbon Dioxide Reduction,240,99.804,Photocatalytic Innovations in Layered Double Hydroxides,39180,94.103,Very Good,2016.0,20.0,N/A,"Sánchez-Cantú, M.| Barcelos-Santiago, C.| Gomez, C.M.| Ramos-Ramírez, E.| Ruiz Peralta, M.D.L.| Tepale, N.| González-Coronel, V.J.| Mantilla, A.| Tzompantzi, F.",Benemerita Universidad Autonoma de Puebla| Universidad de Guanajuato| Universidad Autónoma Metropolitana| Instituto Politécnico Nacional,Mexico,0
55993626500,55993626500,Efficient ZnO1-xSx composites from the Zn5(CO3)2(OH)6 precursor for the H2 production by photocatalysis,"Aguilar-Martínez, O.| Hernández-Gordillo, A.| Pérez-Hernández, R.| Acevedo-Peña, P.| Arrieta-Castañeda, A.| Gómez, R.| Tzompantzi, F.",7.0,55953521700| 54893181400| 16480852200| 56074239100| 56411741500| 55568514480| 55993626500,2017.0,2017-01-01,Renewable Energy,113,-,43-51,-,ISSN-09601481,27569.0,Journal,Elsevier Ltd,English,2.04,6,8.4,11,1.847,13,1.91,100.0,20.0,0.53,20.69,27.0,45.0,1.0,0.0,"Aguilar-Martínez, O., Hernández-Gordillo, A., Pérez-Hernández, R. and 4 more (...) (2017).Efficient ZnO1-xSx composites from the Zn5(CO3)2(OH)6 precursor for the H2 production by photocatalysis. Renewable Energy,11343-51",https://www.scopus.com/record/display.url?eid=2-s2.0-85019835943&origin=resultslist,10.1016/j.renene.2017.05.049,Article,,2-s2.0-85019835943,-,Universidad Autónoma Metropolitana| Instituto Nacional de Investigaciones Nucleares| Instituto Politécnico Nacional| Universidad Nacional Autónoma de México,505017| 505039| 505011| 505023,Academic| Government,4.0,60028381| 60032442| 60010532| 60019176,Universidad Autónoma Metropolitana -Unidad Iztapalapa| Universidad Nacional Autónoma de México| Instituto Nacional de Investigaciones Nucleares| Instituto Politécnico Nacional,55953521700,55993626500,55953521700,-,Mexico,1.0,2105,"Renewable Energy, Sustainability and the Environment",2,Engineering & Technology,221,Engineering - Electrical & Electronic,36,Engineering,40,Engineering,-,-,-,Quantum Dots and Their Multifaceted Applications,298,82.276,Zinc Sulfide Nanoparticles in Photonic Applications,2013,96.328,Very Good,2017.0,20.0,N/A,"Aguilar-Martínez, O.| Hernández-Gordillo, A.| Pérez-Hernández, R.| Acevedo-Peña, P.| Arrieta-Castañeda, A.| Gómez, R.| Tzompantzi, F.",Universidad Autónoma Metropolitana| Instituto Nacional de Investigaciones Nucleares| Instituto Politécnico Nacional| Universidad Nacional Autónoma de México,Mexico,0
55993626500,55993626500,Synthesis and characterization of ZnZr composites for the photocatalytic degradation of phenolic molecules: addition effect of ZrO2 over hydrozincite Zn5(OH)6(CO3)2,"Tzompantzi-Flores, C.| Castillo-Rodríguez, J.C.| Gómez, R.| Tzompantzi, F.| Pérez-Hernández, R.| De la Luz Tlapaya, V.| Santolalla-Vargas, C.E.",7.0,57205183413| 57207253128| 55568514480| 55993626500| 16480852200| 57207259439| 56600701100,2019.0,2019-11-01,Journal of Chemical Technology and Biotechnology,94,11,3428-3439,-,ISSN-02682575,16083.0,Journal,John Wiley and Sons Ltd,English,0.85,40,4.8,21,0.661,23,2.47,85.0,19.0,0.73,15.02,26.0,37.0,0.0,0.0,"Tzompantzi-Flores, C., Castillo-Rodríguez, J.C., Gómez, R. and 4 more (...) (2019).Synthesis and characterization of ZnZr composites for the photocatalytic degradation of phenolic molecules: addition effect of ZrO2 over hydrozincite Zn5(OH)6(CO3)2. Journal of Chemical Technology and Biotechnology,94(11) 3428-3439",https://www.scopus.com/record/display.url?eid=2-s2.0-85062340256&origin=resultslist,10.1002/jctb.5928,Article,,2-s2.0-85062340256,-,Universidad Autónoma Metropolitana| Instituto Nacional de Investigaciones Nucleares| Instituto Politécnico Nacional,505017| 505039| 505011,Government| Academic,3.0,60028381| 60010532| 60019176,Universidad Autónoma Metropolitana -Unidad Iztapalapa| Instituto Nacional de Investigaciones Nucleares| Instituto Politécnico Nacional,57205183413,56600701100,57205183413,-,Mexico,1.0,1305| 1500| 1604| 1605| 2103| 2105| 2310| 2311,"Biotechnology| General Chemical Engineering| Inorganic Chemistry| Organic Chemistry| Fuel Technology| Renewable Energy, Sustainability and the Environment| Pollution| Waste Management and Disposal",5| 3| 2| 4,Life Sciences & Medicine| Social Sciences & Management| Engineering & Technology| Natural Sciences,424| 409| 249| 507| 219| 221,Environmental Sciences| Chemistry| Engineering - Petroleum| Biological Sciences| Engineering - Chemical| Engineering - Electrical & Electronic,36| 37| 32,Engineering| Physical Sciences| Life Sciences,MD,Multidisciplinary,MD,Multidisciplinary,-,Mesoporous Silica Materials for Advanced Applications,577,60.105,Interfacial Water Dynamics in Silica Nanocomposites,18833,69.55,Weak,2019.0,19.0,N/A,"Tzompantzi-Flores, C.| Castillo-Rodríguez, J.C.| Gómez, R.| Tzompantzi, F.| Pérez-Hernández, R.| De la Luz Tlapaya, V.| Santolalla-Vargas, C.E.",Universidad Autónoma Metropolitana| Instituto Nacional de Investigaciones Nucleares| Instituto Politécnico Nacional,Mexico,0
55993626500,55993626500,Effect of the Oxygen Vacancies in CeO2 by the Ce3+ Incorporation to Enhance the Photocatalytic Mineralization of Phenol,"Méndez-Salazar, S.| Aguilar-Martínez, O.| Piña-Pérez, Y.| Pérez-Hernández, R.| Santolalla-Vargas, C.E.| Gómez, R.| Tzompantzi, F.",7.0,57224458526| 55953521700| 57195458194| 16480852200| 56600701100| 55568514480| 55993626500,2021.0,2021-04-15,ChemistrySelect,6,14,3435-3443,-,ISSN-23656549,21100850505.0,Journal,John Wiley and Sons Inc,English,0.45,68,3.6,43,0.407,47,1.82,52.0,19.0,0.6,18.28,21.0,43.0,0.0,0.0,"Méndez-Salazar, S., Aguilar-Martínez, O., Piña-Pérez, Y. and 4 more (...) (2021).Effect of the Oxygen Vacancies in CeO2 by the Ce3+ Incorporation to Enhance the Photocatalytic Mineralization of Phenol. ChemistrySelect,6(14) 3435-3443",https://www.scopus.com/record/display.url?eid=2-s2.0-85107570231&origin=resultslist,10.1002/slct.202100459,Article,,2-s2.0-85107570231,-,Universidad Autónoma Metropolitana| Instituto Nacional de Investigaciones Nucleares| Instituto Politécnico Nacional,505017| 505039| 505011,Government| Academic,3.0,60028381| 60010532| 60019176,Universidad Autónoma Metropolitana -Unidad Iztapalapa| Instituto Nacional de Investigaciones Nucleares| Instituto Politécnico Nacional,57224458526,55993626500,57195458194,-,Mexico,1.0,1600,General Chemistry,4,Natural Sciences,409,Chemistry,37,Physical Sciences,34,Chemical Sciences,-,-,SDG 12,Luminescent Phosphors and Upconversion Nanomaterials Applications,58,96.01,Ceria Nanoparticles in Catalytic Applications,1556,98.565,Definitive,2021.0,19.0,N/A,"Méndez-Salazar, S.| Aguilar-Martínez, O.| Piña-Pérez, Y.| Pérez-Hernández, R.| Santolalla-Vargas, C.E.| Gómez, R.| Tzompantzi, F.",Universidad Autónoma Metropolitana| Instituto Nacional de Investigaciones Nucleares| Instituto Politécnico Nacional,Mexico,0
55993626500,55993626500,One-pot synthesis of ru-doped ZnO oxides for photodegradation of 4-chlorophenol,"Manríquez, M.E.| Noreña, L.E.| Wang, J.A.| Chen, L.| Salmones, J.| González-García, J.| Reza, C.| Tzompantzi, F.| Cortez, J.G.H.| Ye, L.| Xie, H.",11.0,6603548737| 15081224100| 7701323074| 35387778700| 6701847616| 57207307197| 39262315900| 55993626500| 6508277057| 36661696300| 36603781800,2018.0,2018-01-01,International Journal of Photoenergy,2018,-,-,7605306,ISSN-1110662X,145581.0,Journal,Hindawi Limited,English,0.68,51,2.8,40,0.377,45,1.25,49.0,18.0,0.32,15.59,29.0,57.0,0.0,0.0,"Manríquez, M.E., Noreña, L.E., Wang, J.A. and 8 more (...) (2018).One-pot synthesis of ru-doped ZnO oxides for photodegradation of 4-chlorophenol. International Journal of Photoenergy,2018",https://www.scopus.com/record/display.url?eid=2-s2.0-85062391699&origin=resultslist,10.1155/2018/7605306,Article,Gold|Green,2-s2.0-85062391699,-,Universidad Autónoma Metropolitana| Nanyang Normal University| Instituto Politécnico Nacional| Instituto Mexicano del Petroleo,505017| 704020| 505011| 505005,Government| Academic,4.0,60019176| 60006489| 60023193| 60028381| 60019271| 60082202,Instituto Politécnico Nacional| Escuela Superior de Ingenieria Quimica e Industrias Extractivas| Universidad Autónoma Metropolitana - Azcapotzalco| Universidad Autónoma Metropolitana -Unidad Iztapalapa| Instituto Mexicano Del Petroleo| Nanyang Normal University,6603548737,36603781800,7701323074,-,China| Mexico,2.0,1600| 2105| 2500| 3107,"General Chemistry| Renewable Energy, Sustainability and the Environment| General Materials Science| Atomic and Molecular Physics, and Optics",4| 2,Natural Sciences| Engineering & Technology,439| 221| 433| 409,Physics & Astronomy| Engineering - Electrical & Electronic| Materials Science| Chemistry,37| 36,Physical Sciences| Engineering,34,Chemical Sciences,3406,Physical chemistry,-,Innovative Electrocatalysts for Energy Conversion Applications,242,99.869,Iridium and Ruthenium Oxide in pH Sensing,25131,82.329,Weak,2018.0,18.0,N/A,"Manríquez, M.E.| Noreña, L.E.| Wang, J.A.| Chen, L.| Salmones, J.| González-García, J.| Reza, C.| Tzompantzi, F.| Cortez, J.G.H.| Ye, L.| Xie, H.",Universidad Autónoma Metropolitana| Nanyang Normal University| Instituto Politécnico Nacional| Instituto Mexicano del Petroleo,China| Mexico,0
55993626500,55993626500,Synthesis and characterization of V2O5-Ga2O3 photocatalysts and their application on the photocatalytic reduction of CO2,"Espinosa, R.| Manríquez, M.E.| Trejo-Valdez, M.| Tzompantzi, F.| Bustos, A.F.| Ortiz-Islas, E.",6.0,58110247400| 6603548737| 6506405780| 55993626500| 58110279300| 8879501400,2023.0,2023-04-01,Environmental Science and Pollution Research,30,18,54119-54129,-,ISSN-09441344,23918.0,Journal,Springer Science and Business Media Deutschland GmbH,English,1.11,22,8.7,17,1.006,20,0.98,28.0,17.0,1.1,15.39,13.0,26.0,0.0,0.0,"Espinosa, R., Manríquez, M.E., Trejo-Valdez, M. and 3 more (...) (2023).Synthesis and characterization of V2O5-Ga2O3 photocatalysts and their application on the photocatalytic reduction of CO2. Environmental Science and Pollution Research,30(18) 54119-54129",https://www.scopus.com/record/display.url?eid=2-s2.0-85149314776&origin=resultslist,10.1007/s11356-023-26155-6,Article,,2-s2.0-85149314776,36869945,Universidad Autónoma Metropolitana| Instituto Nacional de Neurologia y Neurocirugia| Instituto Politécnico Nacional,505017| 505040| 505011,Academic| Government,3.0,60019176| 60006489| 60028381| 60000029,Instituto Politécnico Nacional| Escuela Superior de Ingenieria Quimica e Industrias Extractivas| Universidad Autónoma Metropolitana -Unidad Iztapalapa| Instituto Nacional de Neurología y Neurocirugía,58110247400,8879501400,8879501400,-,Mexico,1.0,2304| 2307| 2310,"Environmental Chemistry| Health, Toxicology and Mutagenesis| Pollution",4| 2| 5| 3,Natural Sciences| Engineering & Technology| Life Sciences & Medicine| Social Sciences & Management,249| 424,Engineering - Petroleum| Environmental Sciences,37| 34,Physical Sciences| Medical and Health,MD,Multidisciplinary,MD,Multidisciplinary,SDG 7| SDG 13,Photocatalytic Innovations in Carbon Dioxide Reduction,240,99.804,Photocatalytic Reduction of Carbon Dioxide Innovations,4713,99.91,Definitive,2023.0,17.0,N/A,"Espinosa, R.| Manríquez, M.E.| Trejo-Valdez, M.| Tzompantzi, F.| Bustos, A.F.| Ortiz-Islas, E.",Universidad Autónoma Metropolitana| Instituto Nacional de Neurologia y Neurocirugia| Instituto Politécnico Nacional,Mexico,0
55993626500,55993626500,Preparation and characterization of the polycrystalline material Zn5(OH)6(CO3)2. Determination of the active species in oxide-reduction processes,"Tzompantzi, F.| Tzompantzi-Flores, C.| Portillo-Vélez, N.S.| Castillo-Rodríguez, J.C.| Gómez, R.| Pérez Hernández, R.| Santolalla-Vargas, C.E.",7.0,55993626500| 57205183413| 55777159700| 57207253128| 55568514480| 16480852200| 56600701100,2020.0,2020-12-01,Fuel,281,-,-,118471,ISSN-00162361,16313.0,Journal,Elsevier Ltd,English,1.95,7,9.8,7,1.56,6,1.36,56.0,17.0,0.34,14.61,28.0,56.0,0.0,0.0,"Tzompantzi, F., Tzompantzi-Flores, C., Portillo-Vélez, N.S. and 4 more (...) (2020).Preparation and characterization of the polycrystalline material Zn5(OH)6(CO3)2. Determination of the active species in oxide-reduction processes. Fuel,281",https://www.scopus.com/record/display.url?eid=2-s2.0-85088211964&origin=resultslist,10.1016/j.fuel.2020.118471,Article,,2-s2.0-85088211964,-,Universidad Autónoma Metropolitana| Instituto Nacional de Investigaciones Nucleares| Instituto Politécnico Nacional,505017| 505039| 505011,Government| Academic,3.0,60028381| 60010532| 60019176,Universidad Autónoma Metropolitana -Unidad Iztapalapa| Instituto Nacional de Investigaciones Nucleares| Instituto Politécnico Nacional,55993626500,56600701100,55993626500,-,Mexico,1.0,1500| 1605| 2102| 2103,General Chemical Engineering| Organic Chemistry| Energy Engineering and Power Technology| Fuel Technology,2| 4,Engineering & Technology| Natural Sciences,219| 409| 249| 221,Engineering - Chemical| Chemistry| Engineering - Petroleum| Engineering - Electrical & Electronic,37| 36,Physical Sciences| Engineering,40,Engineering,4012| 4019| 4004,Fluid mechanics and thermal engineering| Resources engineering and extractive metallurgy| Chemical engineering,-,Mesoporous Silica Materials for Advanced Applications,577,60.105,Interfacial Water Dynamics in Silica Nanocomposites,18833,69.55,Defensible,2020.0,17.0,N/A,"Tzompantzi, F.| Tzompantzi-Flores, C.| Portillo-Vélez, N.S.| Castillo-Rodríguez, J.C.| Gómez, R.| Pérez Hernández, R.| Santolalla-Vargas, C.E.",Universidad Autónoma Metropolitana| Instituto Nacional de Investigaciones Nucleares| Instituto Politécnico Nacional,Mexico,0
55993626500,55993626500,High photoactivity of Bi2O2(CO3)/Zn5(CO3)2(OH)6 prepared by a facile one-pot synthesis for the efficient degradation of phenol under UV light,"Castillo-Rodríguez, J.| Tzompantzi-Flores, C.| Piña-Pérez, Y.| Tzompantzi, F.| Salinas-Hernández, P.| Morales-Anzures, F.| Santolalla-Vargas, C.E.| Gómez, R.",8.0,57207253128| 57205183413| 57195458194| 55993626500| 6603056398| 23982844700| 56600701100| 55568514480,2020.0,2020-11-01,Journal of Photochemistry and Photobiology A: Chemistry,402,-,-,112816,ISSN-10106030,26966.0,Journal,Elsevier B.V.,English,0.87,40,6.5,12,0.714,25,1.39,57.0,16.0,0.32,15.56,29.0,57.0,0.0,0.0,"Castillo-Rodríguez, J., Tzompantzi-Flores, C., Piña-Pérez, Y. and 5 more (...) (2020).High photoactivity of Bi2O2(CO3)/Zn5(CO3)2(OH)6 prepared by a facile one-pot synthesis for the efficient degradation of phenol under UV light. Journal of Photochemistry and Photobiology A: Chemistry,402",https://www.scopus.com/record/display.url?eid=2-s2.0-85089019569&origin=resultslist,10.1016/j.jphotochem.2020.112816,Article,,2-s2.0-85089019569,-,Universidad Autónoma Metropolitana| Instituto Nacional de Investigaciones Nucleares| Instituto Politécnico Nacional,505017| 505039| 505011,Academic| Government,3.0,60028381| 60010532| 110150716| 60019176,Universidad Autónoma Metropolitana -Unidad Iztapalapa| Instituto Nacional de Investigaciones Nucleares| Instituto de Estudios de la Energiá| Instituto Politécnico Nacional,57207253128,55568514480,57195458194,-,Mexico,1.0,1500| 1600| 3100,General Chemical Engineering| General Chemistry| General Physics and Astronomy,2| 4,Engineering & Technology| Natural Sciences,439| 219| 409,Physics & Astronomy| Engineering - Chemical| Chemistry,37| 36,Physical Sciences| Engineering,40| 34| 31,Engineering| Chemical Sciences| Biological Sciences,-,-,-,Photocatalytic Innovations in Carbon Dioxide Reduction,240,99.804,Photocatalytic Nanosheets for Environmental Applications,1436,99.816,Very Good,2020.0,16.0,N/A,"Castillo-Rodríguez, J.| Tzompantzi-Flores, C.| Piña-Pérez, Y.| Tzompantzi, F.| Salinas-Hernández, P.| Morales-Anzures, F.| Santolalla-Vargas, C.E.| Gómez, R.",Universidad Autónoma Metropolitana| Instituto Nacional de Investigaciones Nucleares| Instituto Politécnico Nacional,Mexico,0
55993626500,55993626500,Addition of SnO2 over an oxygen deficient zirconium oxide (ZrxOy) and its catalytic evaluation for the photodegradation of phenol in water,"Tzompantzi, F.| Castillo-Rodríguez, J.C.| Tzompantzi-Flores, C.| Pérez-Hernández, R.| Gómez, R.| Santolalla-Vargas, C.E.| Che-Galicia, G.| Ramos-Ramírez, E.",8.0,55993626500| 57207253128| 57205183413| 16480852200| 55568514480| 56600701100| 55619596000| 55989786900,2022.0,2022-07-01,Catalysis Today,394-396,-,376-389,-,ISSN-09205861,16377.0,Journal,Elsevier B.V.,English,1.08,26,11.9,10,1.053,15,2.65,80.0,16.0,0.68,20.72,20.0,40.0,0.0,0.0,"Tzompantzi, F., Castillo-Rodríguez, J.C., Tzompantzi-Flores, C. and 5 more (...) (2022).Addition of SnO2 over an oxygen deficient zirconium oxide (ZrxOy) and its catalytic evaluation for the photodegradation of phenol in water. Catalysis Today,394-396376-389",https://www.scopus.com/record/display.url?eid=2-s2.0-85112511157&origin=resultslist,10.1016/j.cattod.2021.07.027,Article,,2-s2.0-85112511157,-,Benemerita Universidad Autonoma de Puebla| Universidad de Guanajuato| Universidad Autónoma Metropolitana| Instituto Nacional de Investigaciones Nucleares| Instituto Politécnico Nacional,505001| 505020| 505017| 505039| 505011,Academic| Government,5.0,60028381| 60010532| 60019176| 60024830| 60033291,Universidad Autónoma Metropolitana -Unidad Iztapalapa| Instituto Nacional de Investigaciones Nucleares| Instituto Politécnico Nacional| Benemérita Universidad Autónoma de Puebla| Universidad de Guanajuato,55993626500,55989786900,57207253128,-,Mexico,1.0,1503| 1600,Catalysis| General Chemistry,2| 4,Engineering & Technology| Natural Sciences,249| 409| 219,Engineering - Petroleum| Chemistry| Engineering - Chemical,36| 37,Engineering| Physical Sciences,40| 34,Engineering| Chemical Sciences,-,-,-,Solid Oxide Fuel Cell Technology,335,85.154,Zirconia Nanoparticles in Advanced Material Applications,5868,94.404,Defensible,2022.0,16.0,N/A,"Tzompantzi, F.| Castillo-Rodríguez, J.C.| Tzompantzi-Flores, C.| Pérez-Hernández, R.| Gómez, R.| Santolalla-Vargas, C.E.| Che-Galicia, G.| Ramos-Ramírez, E.",Benemerita Universidad Autonoma de Puebla| Universidad de Guanajuato| Universidad Autónoma Metropolitana| Instituto Nacional de Investigaciones Nucleares| Instituto Politécnico Nacional,Mexico,0
55993626500,55993626500,"Activated Hydrotalcites Obtained by Coprecipitation as Photocatalysts for the Degradation of 2,4,6-Trichlorophenol","Ramos-Ramírez, E.| Gutiérrez-Ortega, N.| Tzompantzi, F.| Gómez, C.M.| Del Angel, G.| Herrera-Pérez, G.| Serafín-Muñoz, A.H.| Tzompantzi-Flores, C.",8.0,55989786900| 55748649100| 55993626500| 57190028193| 7003507230| 55634602000| 8649195400| 57205183413,2018.0,2018-01-01,Advances in Materials Science and Engineering,2018,-,-,8267631,ISSN-16878434,17700156760.0,Journal,Hindawi Limited,English,0.83,41,1.8,36,0.342,26,1.46,44.0,14.0,0.1,9.93,34.0,71.0,0.0,0.0,"Ramos-Ramírez, E., Gutiérrez-Ortega, N., Tzompantzi, F. and 5 more (...) (2018).Activated Hydrotalcites Obtained by Coprecipitation as Photocatalysts for the Degradation of 2,4,6-Trichlorophenol. Advances in Materials Science and Engineering,2018",https://www.scopus.com/record/display.url?eid=2-s2.0-85058979193&origin=resultslist,10.1155/2018/8267631,Article,Gold|Green,2-s2.0-85058979193,-,Universidad de Guanajuato| Universidad Autónoma Metropolitana| Instituto Tecnológico Superior de Irapuato,505020| 505017| 714706,Academic,3.0,60033291| 60028381| 60095247,Universidad de Guanajuato| Universidad Autónoma Metropolitana -Unidad Iztapalapa| Instituto Tecnológico Superior de Irapuato,55989786900,57205183413,55989786900,-,Mexico,1.0,2200| 2500,General Engineering| General Materials Science,2,Engineering & Technology,433,Materials Science,36,Engineering,34| 40| 51,Chemical Sciences| Engineering| Physical Sciences,-,-,-,Photocatalytic Innovations in Carbon Dioxide Reduction,240,99.804,Photocatalytic Innovations in Layered Double Hydroxides,39180,94.103,Defensible,2018.0,14.0,N/A,"Ramos-Ramírez, E.| Gutiérrez-Ortega, N.| Tzompantzi, F.| Gómez, C.M.| Del Angel, G.| Herrera-Pérez, G.| Serafín-Muñoz, A.H.| Tzompantzi-Flores, C.",Universidad de Guanajuato| Universidad Autónoma Metropolitana| Instituto Tecnológico Superior de Irapuato,Mexico,0
55993626500,55993626500,Calcium-containing materials as alternative catalysts in advanced oxidation process,"Sánchez-Cantú, M.| de Lourdes Ruiz Peralta, M.| Galindo-Rodríguez, A.B.| Puente-López, E.| Rubio-Rosas, E.| Gómez, C.M.| Tzompantzi, F.",7.0,56002658100| 55389014200| 57195458721| 57195456006| 7101626311| 57190028193| 55993626500,2017.0,2017-01-01,Fuel,198,-,76-81,-,ISSN-00162361,16313.0,Journal,Elsevier Ltd,English,2.14,5,8.8,4,1.891,5,1.1,39.0,14.0,0.78,11.48,35.0,35.0,0.0,0.0,"Sánchez-Cantú, M., de Lourdes Ruiz Peralta, M., Galindo-Rodríguez, A.B. and 4 more (...) (2017).Calcium-containing materials as alternative catalysts in advanced oxidation process. Fuel,19876-81",https://www.scopus.com/record/display.url?eid=2-s2.0-85028270078&origin=resultslist,10.1016/j.fuel.2016.11.092,Article,,2-s2.0-85028270078,-,Benemerita Universidad Autonoma de Puebla| Universidad de Guanajuato| Universidad Autónoma Metropolitana,505001| 505020| 505017,Academic,3.0,60024830| 60033291| 60028381,Benemérita Universidad Autónoma de Puebla| Universidad de Guanajuato| Universidad Autónoma Metropolitana -Unidad Iztapalapa,56002658100,55993626500,56002658100,-,Mexico,1.0,1500| 1605| 2102| 2103,General Chemical Engineering| Organic Chemistry| Energy Engineering and Power Technology| Fuel Technology,4| 2,Natural Sciences| Engineering & Technology,409| 221| 219| 249,Chemistry| Engineering - Electrical & Electronic| Engineering - Chemical| Engineering - Petroleum,37| 36,Physical Sciences| Engineering,40,Engineering,4012| 4019| 4004,Fluid mechanics and thermal engineering| Resources engineering and extractive metallurgy| Chemical engineering,-,Photocatalytic Properties of Titanium Dioxide Structures,62,94.768,Calcium Oxide Nanoparticles in Biomedical Applications,77242,79.97,Defensible,2017.0,14.0,N/A,"Sánchez-Cantú, M.| de Lourdes Ruiz Peralta, M.| Galindo-Rodríguez, A.B.| Puente-López, E.| Rubio-Rosas, E.| Gómez, C.M.| Tzompantzi, F.",Benemerita Universidad Autonoma de Puebla| Universidad de Guanajuato| Universidad Autónoma Metropolitana,Mexico,0
55993626500,55993626500,Effective phosphated CeO2 materials in the photocatalytic degradation of phenol under UV irradiation,"Castañeda, C.| Gutiérrez, K.| Alvarado, I.| Martínez, J.J.| Rojas, H.| Tzompantzi, F.| Gómez, R.",7.0,55319381400| 57217423420| 57209259482| 7404312604| 23025604300| 55993626500| 55568514480,2020.0,2020-12-01,Journal of Chemical Technology and Biotechnology,95,12,3213-3220,-,ISSN-02682575,16083.0,Journal,John Wiley and Sons Ltd,English,0.78,46,5.3,21,0.64,27,1.82,65.0,14.0,0.44,15.88,32.0,50.0,1.0,0.0,"Castañeda, C., Gutiérrez, K., Alvarado, I. and 4 more (...) (2020).Effective phosphated CeO2 materials in the photocatalytic degradation of phenol under UV irradiation. Journal of Chemical Technology and Biotechnology,95(12) 3213-3220",https://www.scopus.com/record/display.url?eid=2-s2.0-85087215056&origin=resultslist,10.1002/jctb.6499,Article,,2-s2.0-85087215056,-,Universidad Autónoma Metropolitana| Universidad Pedagógica y Tecnológica de Colombia,505017| 700982,Academic,2.0,60077378| 60028381,Universidad Pedagógica y Tecnológica de Colombia| Universidad Autónoma Metropolitana -Unidad Iztapalapa,55319381400,55568514480,55319381400,-,Mexico| Colombia,2.0,1305| 1500| 1604| 1605| 2103| 2105| 2310| 2311,"Biotechnology| General Chemical Engineering| Inorganic Chemistry| Organic Chemistry| Fuel Technology| Renewable Energy, Sustainability and the Environment| Pollution| Waste Management and Disposal",4| 5| 3| 2,Natural Sciences| Life Sciences & Medicine| Social Sciences & Management| Engineering & Technology,249| 409| 219| 507| 424| 221,Engineering - Petroleum| Chemistry| Engineering - Chemical| Biological Sciences| Environmental Sciences| Engineering - Electrical & Electronic,36| 37| 32,Engineering| Physical Sciences| Life Sciences,MD,Multidisciplinary,MD,Multidisciplinary,-,Luminescent Phosphors and Upconversion Nanomaterials Applications,58,96.01,Cerium Oxide Nanoparticles in Health and Environment,12861,98.139,Weak,2020.0,14.0,N/A,"Castañeda, C.| Gutiérrez, K.| Alvarado, I.| Martínez, J.J.| Rojas, H.| Tzompantzi, F.| Gómez, R.",Universidad Autónoma Metropolitana| Universidad Pedagógica y Tecnológica de Colombia,Mexico| Colombia,0
55993626500,55993626500,New insights on the basicity of ZnAl-Zr hydrotalcites activated at low temperature and their application in transesterification of soybean oil,"Cabrera-Munguía, D.A.| González, H.| Tzompantzi, F.| Gutiérrez-Alejandre, A.| Solís-Casados, D.A.| Rico, J.L.",6.0,57192205388| 7102929522| 55993626500| 6603164478| 26221500700| 55989769000,2018.0,2018-11-14,Journal of Materials Research,33,21,3589-3603,-,ISSN-08842914,21161.0,Journal,Cambridge University Press,English,0.78,44,2.9,31,0.654,27,0.87,30.0,14.0,0.25,11.94,34.0,61.0,0.0,0.0,"Cabrera-Munguía, D.A., González, H., Tzompantzi, F. and 3 more (...) (2018).New insights on the basicity of ZnAl-Zr hydrotalcites activated at low temperature and their application in transesterification of soybean oil. Journal of Materials Research,33(21) 3589-3603",https://www.scopus.com/record/display.url?eid=2-s2.0-85053109597&origin=resultslist,10.1557/jmr.2018.312,Article,,2-s2.0-85053109597,-,Universidad Autónoma Metropolitana| Universidad Autonoma del Estado de Mexico| Universidad Michoacana de San Nicolas de Hidalgo| Universidad Nacional Autónoma de México,505017| 505051| 505022| 505023,Academic,4.0,60032816| 60028381| 60032442| 60027613| 60175860| 60002281,Universidad Michoacana de San Nicolás de Hidalgo| Universidad Autónoma Metropolitana -Unidad Iztapalapa| Universidad Nacional Autónoma de México| Unidad de Investigacion en Catalisis| Centro Conjunto de Investigación en Química Sustentable UAEM-UNAM| Universidad Autónoma del Estado de México,57192205388,55989769000,7102929522,-,Mexico,1.0,2210| 2211| 2500| 3104,Mechanical Engineering| Mechanics of Materials| General Materials Science| Condensed Matter Physics,4| 2,Natural Sciences| Engineering & Technology,439| 222| 433,Physics & Astronomy| Engineering - Mechanical| Materials Science,36| 37,Engineering| Physical Sciences,40| 51,Engineering| Physical Sciences,5104| 4016| 4017,Condensed matter physics| Materials engineering| Mechanical engineering,-,Biodiesel Production and Environmental Impacts,406,89.928,Catalytic Advances in Biodiesel Production Processes,1085,99.695,Very Good,2018.0,14.0,N/A,"Cabrera-Munguía, D.A.| González, H.| Tzompantzi, F.| Gutiérrez-Alejandre, A.| Solís-Casados, D.A.| Rico, J.L.",Universidad Autónoma Metropolitana| Universidad Autonoma del Estado de Mexico| Universidad Michoacana de San Nicolas de Hidalgo| Universidad Nacional Autónoma de México,Mexico,0
55993626500,55993626500,Ethylenediamine-assisted solvothermal synthesis of ZnS/ZnO photocatalytic heterojunction for high-efficiency hydrogen production,"Piña-Pérez, Y.| Samaniego-Benítez, E.| Sierra-Uribe, J.H.| González, F.| Tzompantzi, F.| Lartundo-Rojas, L.| Mantilla, Á.",7.0,57195458194| 57191491984| 56659493100| 56000780400| 55993626500| 57455354200| 6603026129,2024.0,2024-05-01,Environmental Science and Pollution Research,31,25,36118-36135,-,ISSN-09441344,23918.0,Journal,Springer,English,1.08,26,10.6,13,1.004,21,3.63,107.0,13.0,1.37,9.51,11.0,21.0,0.0,0.0,"Piña-Pérez, Y., Samaniego-Benítez, E., Sierra-Uribe, J.H. and 4 more (...) (2024).Ethylenediamine-assisted solvothermal synthesis of ZnS/ZnO photocatalytic heterojunction for high-efficiency hydrogen production. Environmental Science and Pollution Research,31(25) 36118-36135",https://www.scopus.com/record/display.url?eid=2-s2.0-85153934920&origin=resultslist,10.1007/s11356-023-27206-8,Article,,2-s2.0-85153934920,37119492,Consejo Nacional de Ciencia y Tecnologia Mexico| Universidad Autónoma Metropolitana| Instituto Politécnico Nacional,704696| 505017| 505011,Government| Academic,3.0,60019176| 60027998| 60028381,"Instituto Politécnico Nacional| Secretaría de Ciencia, Humanidades, Tecnología e Innovación| Universidad Autónoma Metropolitana -Unidad Iztapalapa",57195458194,6603026129,57195458194,-,Mexico,1.0,2304| 2307| 2310,"Environmental Chemistry| Health, Toxicology and Mutagenesis| Pollution",4| 2| 5| 3,Natural Sciences| Engineering & Technology| Life Sciences & Medicine| Social Sciences & Management,249| 424,Engineering - Petroleum| Environmental Sciences,37| 34,Physical Sciences| Medical and Health,MD,Multidisciplinary,MD,Multidisciplinary,-,Quantum Dots and Their Multifaceted Applications,298,82.276,Zinc Sulfide Nanoparticles in Photonic Applications,2013,96.328,Definitive,2024.0,13.0,N/A,"Piña-Pérez, Y.| Samaniego-Benítez, E.| Sierra-Uribe, J.H.| González, F.| Tzompantzi, F.| Lartundo-Rojas, L.| Mantilla, Á.",Consejo Nacional de Ciencia y Tecnologia Mexico| Universidad Autónoma Metropolitana| Instituto Politécnico Nacional,Mexico,0
55993626500,55993626500,Photocatalytic Evaluation of the ZrO2:Zn5(OH)6(CO3)2 Composite for the H2 Production via Water Splitting,"Tzompantzi-Flores, C.| Castillo-Rodríguez, J.C.| Gómez, R.| Pérez Hernández, R.| Santolalla-Vargas, C.E.| Tzompantzi, F.",6.0,57205183413| 57207253128| 55568514480| 16480852200| 56600701100| 55993626500,2020.0,2020-08-01,Topics in Catalysis,63,5-6,575-585,-,ISSN-10225528,21971.0,Journal,Springer,English,0.78,45,4.5,29,0.732,28,1.31,54.0,11.0,0.33,21.33,38.0,56.0,0.0,0.0,"Tzompantzi-Flores, C., Castillo-Rodríguez, J.C., Gómez, R. and 3 more (...) (2020).Photocatalytic Evaluation of the ZrO2:Zn5(OH)6(CO3)2 Composite for the H2 Production via Water Splitting. Topics in Catalysis,63(5-6) 575-585",https://www.scopus.com/record/display.url?eid=2-s2.0-85079138283&origin=resultslist,10.1007/s11244-020-01236-9,Article,,2-s2.0-85079138283,-,Universidad Autónoma Metropolitana| Instituto Nacional de Investigaciones Nucleares| Instituto Politécnico Nacional,505017| 505039| 505011,Academic| Government,3.0,60028381| 60010532| 60019176,Universidad Autónoma Metropolitana -Unidad Iztapalapa| Instituto Nacional de Investigaciones Nucleares| Instituto Politécnico Nacional,57205183413,55993626500,57205183413,-,Mexico,1.0,1503| 1600,Catalysis| General Chemistry,4| 2,Natural Sciences| Engineering & Technology,409| 249| 219,Chemistry| Engineering - Petroleum| Engineering - Chemical,36| 37,Engineering| Physical Sciences,40| 34,Engineering| Chemical Sciences,4004| 3406,Chemical engineering| Physical chemistry,-,Mesoporous Silica Materials for Advanced Applications,577,60.105,Interfacial Water Dynamics in Silica Nanocomposites,18833,69.55,Weak,2020.0,11.0,N/A,"Tzompantzi-Flores, C.| Castillo-Rodríguez, J.C.| Gómez, R.| Pérez Hernández, R.| Santolalla-Vargas, C.E.| Tzompantzi, F.",Universidad Autónoma Metropolitana| Instituto Nacional de Investigaciones Nucleares| Instituto Politécnico Nacional,Mexico,0
55993626500,55993626500,Photodegradation and Mineralization of Phenol Using TiO2Coated γ-Al2O3: Effect of Thermic Treatment,"Martinez-Gómez, C.| Rangel-Vazquez, I.| Zarraga, R.| Del Ángel, G.| Ruíz-Camacho, B.| Tzompantzi, F.| Vidal-Robles, E.| Perez-Larios, A.",8.0,57190028193| 57914707400| 57208457712| 7003507230| 37119311000| 55993626500| 57193117276| 58556366400,2022.0,2022-06-01,Processes,10,6,-,1186,ISSN-22279717,21100838131.0,Journal,MDPI,English,0.97,32,4.7,34,0.529,34,1.91,43.0,11.0,0.75,13.42,28.0,37.0,0.0,0.0,"Martinez-Gómez, C., Rangel-Vazquez, I., Zarraga, R. and 5 more (...) (2022).Photodegradation and Mineralization of Phenol Using TiO2Coated γ-Al2O3: Effect of Thermic Treatment. Processes,10(6) ",https://www.scopus.com/record/display.url?eid=2-s2.0-85132593492&origin=resultslist,10.3390/pr10061186,Article,Gold|Green,2-s2.0-85132593492,-,Benemerita Universidad Autonoma de Puebla| Universidad de Guanajuato| Universidad Autónoma Metropolitana| Universidad de Guadalajara,505001| 505020| 505017| 505019,Academic,4.0,60033291| 60028381| 60024830| 60008943,Universidad de Guanajuato| Universidad Autónoma Metropolitana -Unidad Iztapalapa| Benemérita Universidad Autónoma de Puebla| Universidad de Guadalajara,57190028193,58556366400,57190028193| 58556366400,-,Mexico,1.0,1501| 1502| 1508,Chemical Engineering (miscellaneous)| Bioengineering| Process Chemistry and Technology,2,Engineering & Technology,219| 249,Engineering - Chemical| Engineering - Petroleum,36,Engineering,40,Engineering,4004,Chemical engineering,-,Photocatalytic Properties of Titanium Dioxide Structures,62,94.768,Mesoporous Titanium Dioxide Photocatalysts for Environmental Applications,86323,65.968,Weak,2022.0,11.0,N/A,"Martinez-Gómez, C.| Rangel-Vazquez, I.| Zarraga, R.| Del Ángel, G.| Ruíz-Camacho, B.| Tzompantzi, F.| Vidal-Robles, E.| Perez-Larios, A.",Benemerita Universidad Autonoma de Puebla| Universidad de Guanajuato| Universidad Autónoma Metropolitana| Universidad de Guadalajara,Mexico,0
55993626500,55993626500,Photocatalytic reduction of 4-nitrophenol to 4-aminophenol over CdS/MgAl layered double hydroxide catalysts under UV irradiation,"Mancipe, S.| Tzompantzi, F.| Gómez, R.",3.0,55184040100| 55993626500| 55568514480,2017.0,2017-10-01,"Reaction Kinetics, Mechanisms and Catalysis",122,1,625-634,-,ISSN-18785190,19500157076.0,Journal,Springer Science and Business Media B.V.,English,0.63,54,2.3,62,0.409,66,1.48,49.0,10.0,0.34,14.62,42.0,55.0,0.0,0.0,"Mancipe, S., Tzompantzi, F., Gómez, R. (2017).Photocatalytic reduction of 4-nitrophenol to 4-aminophenol over CdS/MgAl layered double hydroxide catalysts under UV irradiation. Reaction Kinetics, Mechanisms and Catalysis,122(1) 625-634",https://www.scopus.com/record/display.url?eid=2-s2.0-85020662424&origin=resultslist,10.1007/s11144-017-1198-7,Article,,2-s2.0-85020662424,-,Universidad Autónoma Metropolitana,505017,Academic,1.0,60028381,Universidad Autónoma Metropolitana -Unidad Iztapalapa,55184040100,55568514480,55184040100,-,Mexico,1.0,1503| 1606,Catalysis| Physical and Theoretical Chemistry,2| 4,Engineering & Technology| Natural Sciences,409| 219| 249,Chemistry| Engineering - Chemical| Engineering - Petroleum,37| 36,Physical Sciences| Engineering,34,Chemical Sciences,3406,Physical chemistry,-,Properties and Applications of Silver Nanoparticles,302,97.319,Catalytic Nanoparticles for Environmental Applications,2646,99.211,Very Good,2017.0,10.0,N/A,"Mancipe, S.| Tzompantzi, F.| Gómez, R.",Universidad Autónoma Metropolitana,Mexico,0
55993626500,55993626500,Commercial aluminum oxides with different crystalline structures efficient for the mineralization of phenolic pollutants,"Piña-Pérez, Y.| Aguilar-Martínez, O.| Oros-Ruíz, S.| Gómez, R.| Tzompantzi, F.",5.0,57195458194| 55953521700| 56013634600| 55568514480| 55993626500,2018.0,2018-02-15,Journal of Photochemistry and Photobiology A: Chemistry,353,-,409-415,-,ISSN-10106030,26966.0,Journal,Elsevier B.V.,English,0.85,40,4.2,22,0.657,25,1.75,51.0,10.0,0.31,12.94,41.0,57.0,0.0,0.0,"Piña-Pérez, Y., Aguilar-Martínez, O., Oros-Ruíz, S. and 2 more (...) (2018).Commercial aluminum oxides with different crystalline structures efficient for the mineralization of phenolic pollutants. Journal of Photochemistry and Photobiology A: Chemistry,353409-415",https://www.scopus.com/record/display.url?eid=2-s2.0-85037646873&origin=resultslist,10.1016/j.jphotochem.2017.11.051,Article,,2-s2.0-85037646873,-,Universidad Autónoma Metropolitana,505017,Academic,1.0,60028381,Universidad Autónoma Metropolitana -Unidad Iztapalapa,57195458194,55993626500,57195458194,-,Mexico,1.0,1500| 1600| 3100,General Chemical Engineering| General Chemistry| General Physics and Astronomy,4| 2,Natural Sciences| Engineering & Technology,219| 409| 439,Engineering - Chemical| Chemistry| Physics & Astronomy,36| 37,Engineering| Physical Sciences,31| 40| 34,Biological Sciences| Engineering| Chemical Sciences,-,-,-,Catalytic Innovations in Diesel Emission Control,645,72.008,Structural Dynamics and Catalytic Properties of Aluminum Oxide,20838,84.365,Defensible,2018.0,10.0,N/A,"Piña-Pérez, Y.| Aguilar-Martínez, O.| Oros-Ruíz, S.| Gómez, R.| Tzompantzi, F.",Universidad Autónoma Metropolitana,Mexico,0
55993626500,55993626500,Evaluation of hydrotalcite-like compounds with distinct interlaminar anions as catalyst precursors in methylene blue photodegradation,"Sánchez-Cantú, M.| Hernández-Torres, M.E.| Castillo-Navarro, A.| Cadena-Torres, E.| Rubio-Rosas, E.| Gracia-Jiménez, J.M.| Tzompantzi, F.",7.0,56002658100| 56685258600| 57191754711| 55353527500| 7101626311| 6603157536| 55993626500,2017.0,2017-01-01,Applied Clay Science,135,-,1-8,-,ISSN-01691317,24614.0,Journal,Elsevier Ltd,English,1.59,10,5.5,13,0.992,20,2.28,54.0,10.0,0.65,9.24,42.0,40.0,0.0,0.0,"Sánchez-Cantú, M., Hernández-Torres, M.E., Castillo-Navarro, A. and 4 more (...) (2017).Evaluation of hydrotalcite-like compounds with distinct interlaminar anions as catalyst precursors in methylene blue photodegradation. Applied Clay Science,1351-8",https://www.scopus.com/record/display.url?eid=2-s2.0-84992699407&origin=resultslist,10.1016/j.clay.2016.08.028,Article,,2-s2.0-84992699407,-,Benemerita Universidad Autonoma de Puebla| Universidad Autónoma Metropolitana,505001| 505017,Academic,2.0,60024830| 60028381,Benemérita Universidad Autónoma de Puebla| Universidad Autónoma Metropolitana -Unidad Iztapalapa,56002658100,55993626500,56002658100,-,Mexico,1.0,1906| 1907,Geochemistry and Petrology| Geology,4| 2,Natural Sciences| Engineering & Technology,416| 450| 247| 249,Earth & Marine Sciences| Geology| Engineering - Mineral & Mining| Engineering - Petroleum,37,Physical Sciences,37| 40,Earth Sciences| Engineering,-,-,-,Photocatalytic Innovations in Carbon Dioxide Reduction,240,99.804,Photocatalytic Innovations in Layered Double Hydroxides,39180,94.103,Defensible,2017.0,10.0,N/A,"Sánchez-Cantú, M.| Hernández-Torres, M.E.| Castillo-Navarro, A.| Cadena-Torres, E.| Rubio-Rosas, E.| Gracia-Jiménez, J.M.| Tzompantzi, F.",Benemerita Universidad Autonoma de Puebla| Universidad Autónoma Metropolitana,Mexico,0
55993626500,55993626500,Facile synthesis of ZrO2-Bi2O2(CO)3 composite materials prepared in one-pot synthesis for high photoactivity in efficient hydrogen production,"Tzompantzi, F.| Castillo-Rodríguez, J.C.| Tzompantzi-Flores, C.| Gómez, R.| Santolalla-Vargas, C.E.| Frías-Márquez, M.| Ramos-Ramírez, E.",7.0,55993626500| 57207253128| 57205183413| 55568514480| 56600701100| 57320616600| 55989786900,2022.0,2022-01-15,Journal of Photochemistry and Photobiology A: Chemistry,423,-,-,113594,ISSN-10106030,26966.0,Journal,Elsevier B.V.,English,0.82,41,8.6,11,0.678,26,1.91,43.0,10.0,0.58,15.49,30.0,45.0,0.0,0.0,"Tzompantzi, F., Castillo-Rodríguez, J.C., Tzompantzi-Flores, C. and 4 more (...) (2022).Facile synthesis of ZrO2-Bi2O2(CO)3 composite materials prepared in one-pot synthesis for high photoactivity in efficient hydrogen production. Journal of Photochemistry and Photobiology A: Chemistry,423",https://www.scopus.com/record/display.url?eid=2-s2.0-85118347510&origin=resultslist,10.1016/j.jphotochem.2021.113594,Article,,2-s2.0-85118347510,-,Universidad de Guanajuato| Universidad Autónoma Metropolitana| Universidad Juarez Autonoma de Tabasco| Instituto Politécnico Nacional,505020| 505017| 705961| 505011,Academic,4.0,60028381| 60019176| 60025378| 60033291,Universidad Autónoma Metropolitana -Unidad Iztapalapa| Instituto Politécnico Nacional| Universidad Juárez Autónoma de Tabasco| Universidad de Guanajuato,55993626500,55989786900,57207253128,-,Mexico,1.0,1500| 1600| 3100,General Chemical Engineering| General Chemistry| General Physics and Astronomy,4| 2,Natural Sciences| Engineering & Technology,439| 219| 409,Physics & Astronomy| Engineering - Chemical| Chemistry,36| 37,Engineering| Physical Sciences,40| 31| 34,Engineering| Biological Sciences| Chemical Sciences,-,-,SDG 7,Optimizing Greenhouse Systems for Enhanced Crop Yield,1404,58.993,Transmittance and Properties of Greenhouse Films,67096,51.767,Definitive,2022.0,10.0,N/A,"Tzompantzi, F.| Castillo-Rodríguez, J.C.| Tzompantzi-Flores, C.| Gómez, R.| Santolalla-Vargas, C.E.| Frías-Márquez, M.| Ramos-Ramírez, E.",Universidad de Guanajuato| Universidad Autónoma Metropolitana| Universidad Juarez Autonoma de Tabasco| Instituto Politécnico Nacional,Mexico,0
55993626500,55993626500,Improvement of photocatalytic activity in the degradation of 4-chlorophenol and phenol in aqueous medium using tin-modified TiO2 photocatalysts,"Rangel-Vázquez, I.| Del Angel, G.| Ramos-Ramírez, E.| González, F.| Acevedo-Peña, P.| Gómez, C.M.| Tzompantzi, F.| Gutiérrez-Ortega, N.| Torres-Torres, J.G.",9.0,57914707400| 7003507230| 55989786900| 56000780400| 56074239100| 57190028193| 55993626500| 55748649100| 57271289000,2023.0,2023-05-11,RSC Advances,13,20,13862-13879,-,ISSN-20462069,21100199840.0,Journal,Royal Society of Chemistry,English,0.86,36,7.5,21,0.715,25,1.91,40.0,10.0,0.69,14.5,23.0,39.0,0.0,0.0,"Rangel-Vázquez, I., Del Angel, G., Ramos-Ramírez, E. and 6 more (...) (2023).Improvement of photocatalytic activity in the degradation of 4-chlorophenol and phenol in aqueous medium using tin-modified TiO2 photocatalysts. RSC Advances,13(20) 13862-13879",https://www.scopus.com/record/display.url?eid=2-s2.0-85159611356&origin=resultslist,10.1039/d3ra01910a,Article,Gold|Green,2-s2.0-85159611356,-,Consejo Nacional de Ciencia y Tecnologia Mexico| Universidad de Guanajuato| Universidad Autónoma Metropolitana| Universidad Juarez Autonoma de Tabasco| Instituto Politécnico Nacional,704696| 505020| 505017| 705961| 505011,Academic| Government,5.0,60033291| 129694464| 60028381| 60019176| 60027998| 60025378,"Universidad de Guanajuato| Departamento de Química| Universidad Autónoma Metropolitana -Unidad Iztapalapa| Instituto Politécnico Nacional| Secretaría de Ciencia, Humanidades, Tecnología e Innovación| Universidad Juárez Autónoma de Tabasco",57914707400,57271289000,57914707400,-,Mexico,1.0,1500| 1600,General Chemical Engineering| General Chemistry,2| 4,Engineering & Technology| Natural Sciences,219| 409,Engineering - Chemical| Chemistry,36| 37,Engineering| Physical Sciences,34,Chemical Sciences,-,-,-,Photocatalytic Properties of Titanium Dioxide Structures,62,94.768,Photocatalytic Innovations in Titanium Dioxide Applications,47,98.985,Definitive,2023.0,10.0,N/A,"Rangel-Vázquez, I.| Del Angel, G.| Ramos-Ramírez, E.| González, F.| Acevedo-Peña, P.| Gómez, C.M.| Tzompantzi, F.| Gutiérrez-Ortega, N.| Torres-Torres, J.G.",Consejo Nacional de Ciencia y Tecnologia Mexico| Universidad de Guanajuato| Universidad Autónoma Metropolitana| Universidad Juarez Autonoma de Tabasco| Instituto Politécnico Nacional,Mexico,0
55993626500,55993626500,Improvement of the photocatalytic activity of CeO2 on the degradation of chlorophenolic compounds obtained by solution combustion synthesis (SCS). Effect of urea as fuel,"Aguilar-Martínez, O.| Santolalla-Vargas, C.E.| Tzompantzi, F.| González, F.| Romero-Ibarra, I.C.| de los Reyes, J.A.| Arceo, L.G.D.-B.| Santes, V.",8.0,55953521700| 56600701100| 55993626500| 56000780400| 56013732100| 6701672264| 58563396500| 6602623591,2023.0,2023-09-01,Solid State Sciences,143,-,-,107274,ISSN-12932558,25326.0,Journal,Elsevier Masson s.r.l.,English,0.82,39,6.6,20,0.581,33,2.77,55.0,9.0,0.68,13.33,25.0,40.0,0.0,0.0,"Aguilar-Martínez, O., Santolalla-Vargas, C.E., Tzompantzi, F. and 5 more (...) (2023).Improvement of the photocatalytic activity of CeO2 on the degradation of chlorophenolic compounds obtained by solution combustion synthesis (SCS). Effect of urea as fuel. Solid State Sciences,143",https://www.scopus.com/record/display.url?eid=2-s2.0-85169815151&origin=resultslist,10.1016/j.solidstatesciences.2023.107274,Article,,2-s2.0-85169815151,-,Universidad Autónoma Metropolitana| Instituto Politécnico Nacional,505017| 505011,Academic,2.0,60019176| 60028381| 60006489,Instituto Politécnico Nacional| Universidad Autónoma Metropolitana -Unidad Iztapalapa| Escuela Superior de Ingenieria Quimica e Industrias Extractivas,55953521700,6602623591,55953521700| 6602623591,-,Mexico,1.0,1600| 2500| 3104,General Chemistry| General Materials Science| Condensed Matter Physics,4| 2,Natural Sciences| Engineering & Technology,439| 433| 409,Physics & Astronomy| Materials Science| Chemistry,37| 36,Physical Sciences| Engineering,34| 51,Chemical Sciences| Physical Sciences,5104| 3402,Condensed matter physics| Inorganic chemistry,-,Luminescent Phosphors and Upconversion Nanomaterials Applications,58,96.01,Ceria Nanoparticles in Catalytic Applications,1556,98.565,Definitive,2023.0,9.0,N/A,"Aguilar-Martínez, O.| Santolalla-Vargas, C.E.| Tzompantzi, F.| González, F.| Romero-Ibarra, I.C.| de los Reyes, J.A.| Arceo, L.G.D.-B.| Santes, V.",Universidad Autónoma Metropolitana| Instituto Politécnico Nacional,Mexico,0
55993626500,55993626500,High photoactivity of ZrxOy-Bi2O2(CO3) composite materials prepared by one-step synthesis for efficient photodegradation of 4-chlorophenol in water,"Castillo-Rodríguez, J.C.| Tzompantzi, F.| Tzompantzi-Flores, C.| Velásquez-Torres, M.E.| Gómez, R.| Santolalla-Vargas, C.E.| Álvarez Lémus, M.A.| Ramos-Ramírez, E.| Del Ángel Montes, G.",9.0,57207253128| 55993626500| 57205183413| 57910943000| 55568514480| 56600701100| 23097796400| 55989786900| 7003507230,2023.0,2023-02-01,Journal of Photochemistry and Photobiology A: Chemistry,435,-,-,114285,ISSN-10106030,26966.0,Journal,Elsevier B.V.,English,0.8,40,7.9,14,0.646,29,3.35,87.0,8.0,0.52,13.47,28.0,47.0,0.0,0.0,"Castillo-Rodríguez, J.C., Tzompantzi, F., Tzompantzi-Flores, C. and 6 more (...) (2023).High photoactivity of ZrxOy-Bi2O2(CO3) composite materials prepared by one-step synthesis for efficient photodegradation of 4-chlorophenol in water. Journal of Photochemistry and Photobiology A: Chemistry,435",https://www.scopus.com/record/display.url?eid=2-s2.0-85139026821&origin=resultslist,10.1016/j.jphotochem.2022.114285,Article,,2-s2.0-85139026821,-,Universidad de Guanajuato| Universidad Autónoma Metropolitana| Universidad Juarez Autonoma de Tabasco| Instituto Politécnico Nacional,505020| 505017| 705961| 505011,Academic,4.0,60028381| 60019176| 60025378| 60033291,Universidad Autónoma Metropolitana -Unidad Iztapalapa| Instituto Politécnico Nacional| Universidad Juárez Autónoma de Tabasco| Universidad de Guanajuato,57207253128,7003507230,57207253128,-,Mexico,1.0,1500| 1600| 3100,General Chemical Engineering| General Chemistry| General Physics and Astronomy,2| 4,Engineering & Technology| Natural Sciences,219| 439| 409,Engineering - Chemical| Physics & Astronomy| Chemistry,37| 36,Physical Sciences| Engineering,34| 40| 31,Chemical Sciences| Engineering| Biological Sciences,-,-,-,Solid Oxide Fuel Cell Technology,335,85.154,Zirconia Nanoparticles in Advanced Material Applications,5868,94.404,Definitive,2023.0,8.0,N/A,"Castillo-Rodríguez, J.C.| Tzompantzi, F.| Tzompantzi-Flores, C.| Velásquez-Torres, M.E.| Gómez, R.| Santolalla-Vargas, C.E.| Álvarez Lémus, M.A.| Ramos-Ramírez, E.| Del Ángel Montes, G.",Universidad de Guanajuato| Universidad Autónoma Metropolitana| Universidad Juarez Autonoma de Tabasco| Instituto Politécnico Nacional,Mexico,0
55993626500,55993626500,Influence of W6+ cations on the photocatalytic activity of Zn2+Al3+W6+ layered double hydroxides in the degradation of diclofenac,"Barrera, A.| Padilla, F.| Tzompantzi, F.| Carbajal Arizaga, G.G.| Ramos, E.| Pérez-Hernández, R.| Casillas, J.E.| López-Gaona, A.| Castillo-Rodríguez, J.C.",9.0,58698900500| 57218125071| 55993626500| 9236534000| 57220653668| 16480852200| 55823121200| 6505764891| 57207253128,2020.0,2020-11-15,Fuel,280,-,-,118621,ISSN-00162361,16313.0,Journal,Elsevier Ltd,English,1.95,7,9.8,7,1.56,6,1.14,33.0,8.0,0.34,14.61,45.0,56.0,0.0,0.0,"Barrera, A., Padilla, F., Tzompantzi, F. and 6 more (...) (2020).Influence of W6+ cations on the photocatalytic activity of Zn2+Al3+W6+ layered double hydroxides in the degradation of diclofenac. Fuel,280",https://www.scopus.com/record/display.url?eid=2-s2.0-85087968644&origin=resultslist,10.1016/j.fuel.2020.118621,Article,,2-s2.0-85087968644,-,Universidad de Guanajuato| Universidad Autónoma Metropolitana| Instituto Nacional de Investigaciones Nucleares| Universidad de Guadalajara,505020| 505017| 505039| 505019,Academic| Government,4.0,60008943| 60028381| 60033291| 60010532,Universidad de Guadalajara| Universidad Autónoma Metropolitana -Unidad Iztapalapa| Universidad de Guanajuato| Instituto Nacional de Investigaciones Nucleares,58698900500,57207253128,58698900500,-,Mexico,1.0,1500| 1605| 2102| 2103,General Chemical Engineering| Organic Chemistry| Energy Engineering and Power Technology| Fuel Technology,4| 2,Natural Sciences| Engineering & Technology,249| 221| 219| 409,Engineering - Petroleum| Engineering - Electrical & Electronic| Engineering - Chemical| Chemistry,37| 36,Physical Sciences| Engineering,40,Engineering,4019| 4004| 4012,Resources engineering and extractive metallurgy| Chemical engineering| Fluid mechanics and thermal engineering,-,Photocatalytic Innovations in Carbon Dioxide Reduction,240,99.804,Photocatalytic Innovations in Layered Double Hydroxides,39180,94.103,Very Good,2020.0,8.0,N/A,"Barrera, A.| Padilla, F.| Tzompantzi, F.| Carbajal Arizaga, G.G.| Ramos, E.| Pérez-Hernández, R.| Casillas, J.E.| López-Gaona, A.| Castillo-Rodríguez, J.C.",Universidad de Guanajuato| Universidad Autónoma Metropolitana| Instituto Nacional de Investigaciones Nucleares| Universidad de Guadalajara,Mexico,0
55993626500,55993626500,ZnAl/ZnSn(OH) composite photocatalyst for emerging contaminants degradation in water,"Mantilla, A.| Samaniego-BenÍtez, J.E.| Ramírez-Ortega, D.| Tzompantzi, F.| Lartundo-Rojas, L.| Calderon, H.A.| Romero-Ortiz, G.",7.0,6603026129| 57191491984| 35196763200| 55993626500| 57455354200| 7004208873| 57195457935,2023.0,2023-12-01,Journal of Environmental Chemical Engineering,11,6,-,111098,ISSN-22133437,21100255493.0,Journal,Elsevier Ltd,English,1.25,17,11.4,13,1.355,11,2.25,55.0,8.0,0.62,12.85,28.0,42.0,0.0,0.0,"Mantilla, A., Samaniego-BenÍtez, J.E., Ramírez-Ortega, D. and 4 more (...) (2023).ZnAl/ZnSn(OH) composite photocatalyst for emerging contaminants degradation in water. Journal of Environmental Chemical Engineering,11(6) ",https://www.scopus.com/record/display.url?eid=2-s2.0-85173435009&origin=resultslist,10.1016/j.jece.2023.111098,Article,,2-s2.0-85173435009,-,Consejo Nacional de Ciencia y Tecnologia Mexico| Universidad Autónoma Metropolitana| Instituto Politécnico Nacional,704696| 505017| 505011,Academic| Government,3.0,60019176| 60027998| 60028381,"Instituto Politécnico Nacional| Secretaría de Ciencia, Humanidades, Tecnología e Innovación| Universidad Autónoma Metropolitana -Unidad Iztapalapa",6603026129,57195457935,57195457935,-,Mexico,1.0,1501| 1508| 2310| 2311,Chemical Engineering (miscellaneous)| Process Chemistry and Technology| Pollution| Waste Management and Disposal,2| 3,Engineering & Technology| Social Sciences & Management,249| 219| 424,Engineering - Petroleum| Engineering - Chemical| Environmental Sciences,36| 37,Engineering| Physical Sciences,40| 34,Engineering| Chemical Sciences,3406| 4011| 4004,Physical chemistry| Environmental engineering| Chemical engineering,SDG 6,Photocatalytic Innovations in Carbon Dioxide Reduction,240,99.804,Photocatalytic Innovations in Layered Double Hydroxides,39180,94.103,Definitive,2023.0,8.0,N/A,"Mantilla, A.| Samaniego-BenÍtez, J.E.| Ramírez-Ortega, D.| Tzompantzi, F.| Lartundo-Rojas, L.| Calderon, H.A.| Romero-Ortiz, G.",Consejo Nacional de Ciencia y Tecnologia Mexico| Universidad Autónoma Metropolitana| Instituto Politécnico Nacional,Mexico,0
55993626500,55993626500,"Effect of the Mg/Al Ratio on Activated Sol-Gel Hydrotalcites for Photocatalytic Degradation of 2,4,6-Trichlorophenol","Ramos-Ramírez, E.| Gutiérrez-Ortega, N.L.| Tzompantzi-Morales, F.| Del Ángel, G.A.| Martínez-Gómez, C.| Pabón-Gelves, E.",6.0,55989786900| 55748649100| 55993626500| 7003507230| 57190028193| 6603410325,2017.0,2017-01-01,International Journal of Photoenergy,2017,-,-,5373482,ISSN-1110662X,145581.0,Journal,Hindawi Limited,English,0.6,56,2.8,40,0.341,48,1.49,49.0,6.0,0.07,14.35,51.0,72.0,0.0,0.0,"Ramos-Ramírez, E., Gutiérrez-Ortega, N.L., Tzompantzi-Morales, F. and 3 more (...) (2017).Effect of the Mg/Al Ratio on Activated Sol-Gel Hydrotalcites for Photocatalytic Degradation of 2,4,6-Trichlorophenol. International Journal of Photoenergy,2017",https://www.scopus.com/record/display.url?eid=2-s2.0-85030791473&origin=resultslist,10.1155/2017/5373482,Article,Gold|Green,2-s2.0-85030791473,-,Universidad de Guanajuato| Universidad Autónoma Metropolitana| Universidad Nacional de Colombia,505020| 505017| 604004,Academic,3.0,60033291| 60028381| 60052098,Universidad de Guanajuato| Universidad Autónoma Metropolitana -Unidad Iztapalapa| Universidad Nacional de Colombia Medellin,55989786900,6603410325,55989786900,-,Mexico| Colombia,2.0,1600| 2105| 2500| 3107,"General Chemistry| Renewable Energy, Sustainability and the Environment| General Materials Science| Atomic and Molecular Physics, and Optics",2| 4,Engineering & Technology| Natural Sciences,221| 409| 439| 433,Engineering - Electrical & Electronic| Chemistry| Physics & Astronomy| Materials Science,36| 37,Engineering| Physical Sciences,34,Chemical Sciences,3406,Physical chemistry,SDG 6| SDG 9,Photocatalytic Innovations in Carbon Dioxide Reduction,240,99.804,Photocatalytic Innovations in Layered Double Hydroxides,39180,94.103,Very Good,2017.0,6.0,N/A,"Ramos-Ramírez, E.| Gutiérrez-Ortega, N.L.| Tzompantzi-Morales, F.| Del Ángel, G.A.| Martínez-Gómez, C.| Pabón-Gelves, E.",Universidad de Guanajuato| Universidad Autónoma Metropolitana| Universidad Nacional de Colombia,Mexico| Colombia,0
55993626500,55993626500,Coupled Al-Ga-xAg composites prepared by the sol–gel method and their efficient photocatalytic performance in the degradation of diclofenac,"Casillas, J.E.| Tzompantzi, F.| Carbajal-Arizaga, G.G.| Aguilar-Martínez, J.| Fernández-Escamilla, V.V.A.| Ramos-Ramírez, E.| López-Álvarez, M.A.| Tzompantzi-Flores, C.| Barrera, A.",9.0,55823121200| 55993626500| 9236534000| 57214627418| 6505651291| 55989786900| 8837561200| 57205183413| 58698900500,2022.0,2022-06-01,Surfaces and Interfaces,30,-,-,101809,ISSN-24680230,21100788797.0,Journal,Elsevier B.V.,English,1.17,22,7,21,0.856,20,1.13,25.0,6.0,0.35,14.44,42.0,58.0,0.0,0.0,"Casillas, J.E., Tzompantzi, F., Carbajal-Arizaga, G.G. and 6 more (...) (2022).Coupled Al-Ga-xAg composites prepared by the sol–gel method and their efficient photocatalytic performance in the degradation of diclofenac. Surfaces and Interfaces,30",https://www.scopus.com/record/display.url?eid=2-s2.0-85125472427&origin=resultslist,10.1016/j.surfin.2022.101809,Article,,2-s2.0-85125472427,-,Universidad de Guanajuato| Universidad Autónoma Metropolitana| Universidad de Guadalajara,505020| 505017| 505019,Academic,3.0,60008943| 60028381| 60033291,Universidad de Guadalajara| Universidad Autónoma Metropolitana -Unidad Iztapalapa| Universidad de Guanajuato,55823121200,58698900500,58698900500,-,Mexico,1.0,2508,"Surfaces, Coatings and Films",4,Natural Sciences,433,Materials Science,36,Engineering,40| 34,Engineering| Chemical Sciences,3406| 4016,Physical chemistry| Materials engineering,-,Luminescent Phosphors and Upconversion Nanomaterials Applications,58,96.01,High-Performance β-Ga2O3 Thin Films for Electronics,1527,99.675,Defensible,2022.0,6.0,N/A,"Casillas, J.E.| Tzompantzi, F.| Carbajal-Arizaga, G.G.| Aguilar-Martínez, J.| Fernández-Escamilla, V.V.A.| Ramos-Ramírez, E.| López-Álvarez, M.A.| Tzompantzi-Flores, C.| Barrera, A.",Universidad de Guanajuato| Universidad Autónoma Metropolitana| Universidad de Guadalajara,Mexico,0
55993626500,55993626500," Characterization of SO 42- /ZnO and Photodegradation Kinetics of 2,4-Dichlorophenoxyacetic Acid (2,4-D) ","Rodriguez-Mata, A.E.| Tzompantzi, F.J.| Amabilis-Sosa, L.E.| Diaz-Peña, I.| Bustos-Terrones, Y.| Rangel-Peraza, J.G.",6.0,57189090392| 55993626500| 56835681500| 55898856400| 56602953700| 35192346300,2018.0,2018-11-01,Kinetics and Catalysis,59,6,720-726,-,ISSN-00231584,26985.0,Journal,Pleiades Publishing,English,0.66,53,1.6,58,0.3,54,0.89,29.0,6.0,0.15,13.75,51.0,68.0,0.0,0.0,"Rodriguez-Mata, A.E., Tzompantzi, F.J., Amabilis-Sosa, L.E. and 3 more (...) (2018). Characterization of SO 42- /ZnO and Photodegradation Kinetics of 2,4-Dichlorophenoxyacetic Acid (2,4-D) . Kinetics and Catalysis,59(6) 720-726",https://www.scopus.com/record/display.url?eid=2-s2.0-85062590435&origin=resultslist,10.1134/S0023158418060125,Article,,2-s2.0-85062590435,-,"Tecnológico Nacional de México, Mexico City| Universidad Autónoma Metropolitana",719128| 505017,Academic,2.0,60134870| 60014923,Tecnológico Nacional de México| Universidad Autónoma Metropolitana,57189090392,35192346300,35192346300,-,Mexico,1.0,1503| 1600| 1706| 2611,Catalysis| General Chemistry| Computer Science Applications| Modeling and Simulation,4| 2,Natural Sciences| Engineering & Technology,212| 249| 219| 409| 213| 431,Computer Science & Information Systems| Engineering - Petroleum| Engineering - Chemical| Chemistry| Data Science| Mathematics,37| 38| 36,Physical Sciences| Computer Science| Engineering,34,Chemical Sciences,-,-,-,Zinc Oxide Nanostructures and Applications,38,89.863,Zinc Oxide Nanostructures in Photocatalytic Applications,448,99.729,Very Good,2018.0,6.0,N/A,"Rodriguez-Mata, A.E.| Tzompantzi, F.J.| Amabilis-Sosa, L.E.| Diaz-Peña, I.| Bustos-Terrones, Y.| Rangel-Peraza, J.G.","Tecnológico Nacional de México, Mexico City| Universidad Autónoma Metropolitana",Mexico,0
55993626500,55993626500,Photocatalytic mineralization of phenol by Sn-modified calcites,"Farrera-Borjas, I.-A.| Tzompantzi, F.| Sánchez-Cantú, M.| Barrera-Rodríguez, A.| Tzompantzi-Flores, C.| Gómez, R.| Santolalla-Vargas, C.",7.0,57542591300| 55993626500| 56002658100| 58698900500| 57205183413| 55568514480| 56600701100,2022.0,2022-08-01,Journal of Photochemistry and Photobiology A: Chemistry,429,-,-,113913,ISSN-10106030,26966.0,Journal,Elsevier B.V.,English,0.82,41,8.6,11,0.678,26,1.87,41.0,6.0,0.26,15.49,42.0,64.0,0.0,0.0,"Farrera-Borjas, I.-A., Tzompantzi, F., Sánchez-Cantú, M. and 4 more (...) (2022).Photocatalytic mineralization of phenol by Sn-modified calcites. Journal of Photochemistry and Photobiology A: Chemistry,429",https://www.scopus.com/record/display.url?eid=2-s2.0-85126904192&origin=resultslist,10.1016/j.jphotochem.2022.113913,Article,,2-s2.0-85126904192,-,Benemerita Universidad Autonoma de Puebla| Universidad Autónoma Metropolitana| Universidad de Guadalajara| Instituto Politécnico Nacional,505001| 505017| 505019| 505011,Academic,4.0,60028381| 60024830| 60008943| 60019176,Universidad Autónoma Metropolitana -Unidad Iztapalapa| Benemérita Universidad Autónoma de Puebla| Universidad de Guadalajara| Instituto Politécnico Nacional,57542591300,56600701100,57205183413,-,Mexico,1.0,1500| 1600| 3100,General Chemical Engineering| General Chemistry| General Physics and Astronomy,4| 2,Natural Sciences| Engineering & Technology,409| 439| 219,Chemistry| Physics & Astronomy| Engineering - Chemical,36| 37,Engineering| Physical Sciences,40| 34| 31,Engineering| Chemical Sciences| Biological Sciences,-,-,-,Photocatalytic Properties of Titanium Dioxide Structures,62,94.768,Calcium Oxide Nanoparticles in Biomedical Applications,77242,79.97,Defensible,2022.0,6.0,N/A,"Farrera-Borjas, I.-A.| Tzompantzi, F.| Sánchez-Cantú, M.| Barrera-Rodríguez, A.| Tzompantzi-Flores, C.| Gómez, R.| Santolalla-Vargas, C.",Benemerita Universidad Autonoma de Puebla| Universidad Autónoma Metropolitana| Universidad de Guadalajara| Instituto Politécnico Nacional,Mexico,0
55993626500,55993626500,Photocatalytic hydrogen production using bimetallic and trimetallic hydrotalcite as photocatalysts,"Piña-Pérez, Y.| Samaniego-Benitez, J.E.| Tzompantzi, F.| Lartundo-Rojas, L.| Garcia-Garcia, A.| Mantilla, A.| Romero-Ortiz, G.",7.0,57195458194| 57191491984| 55993626500| 57455354200| 57885324300| 6603026129| 57195457935,2023.0,2023-01-01,Materials Letters,330,-,-,133205,ISSN-0167577X,28697.0,Journal,Elsevier B.V.,English,0.69,48,5.6,24,0.602,30,2.22,63.0,5.0,0.41,12.29,38.0,53.0,0.0,0.0,"Piña-Pérez, Y., Samaniego-Benitez, J.E., Tzompantzi, F. and 4 more (...) (2023).Photocatalytic hydrogen production using bimetallic and trimetallic hydrotalcite as photocatalysts. Materials Letters,330",https://www.scopus.com/record/display.url?eid=2-s2.0-85140142972&origin=resultslist,10.1016/j.matlet.2022.133205,Article,,2-s2.0-85140142972,-,Consejo Nacional de Ciencia y Tecnologia Mexico| Universidad Autónoma Metropolitana| Instituto Politécnico Nacional,704696| 505017| 505011,Academic| Government,3.0,60019176| 60027998| 60014923| 60028381| 128754147,"Instituto Politécnico Nacional| Secretaría de Ciencia, Humanidades, Tecnología e Innovación| Universidad Autónoma Metropolitana| Universidad Autónoma Metropolitana -Unidad Iztapalapa| Centro de Investigación en",57195458194,57195457935,57195457935,-,Mexico,1.0,2210| 2211| 2500| 3104,Mechanical Engineering| Mechanics of Materials| General Materials Science| Condensed Matter Physics,4| 2,Natural Sciences| Engineering & Technology,439| 222| 433,Physics & Astronomy| Engineering - Mechanical| Materials Science,37| 36,Physical Sciences| Engineering,34| 51| 40,Chemical Sciences| Physical Sciences| Engineering,-,-,SDG 7,Photocatalytic Innovations in Carbon Dioxide Reduction,240,99.804,Photocatalytic Innovations in Layered Double Hydroxides,39180,94.103,Definitive,2023.0,5.0,N/A,"Piña-Pérez, Y.| Samaniego-Benitez, J.E.| Tzompantzi, F.| Lartundo-Rojas, L.| Garcia-Garcia, A.| Mantilla, A.| Romero-Ortiz, G.",Consejo Nacional de Ciencia y Tecnologia Mexico| Universidad Autónoma Metropolitana| Instituto Politécnico Nacional,Mexico,0
55993626500,55993626500,"Aqueous Chemical Synthesis of Nanosized ZnGa2O4 Using Mild Reaction Conditions: Effect of pH on the Structural, Morphological, Textural, Electronic, and Photocatalytic Properties","Téllez-Flores, D.| Sánchez-Cantú, M.| Ruiz-Peralta, M.D.L.| López-Salinas, E.| Pérez-Centeno, A.| Tzompantzi, F.| Escobedo-Morales, A.",7.0,56580281100| 56002658100| 55389014200| 7004599289| 56000789100| 55993626500| 55928425900,2023.0,2023-06-01,Crystals,13,6,-,952,ISSN-20734352,21100316020.0,Journal,MDPI,English,0.77,42,4.2,40,0.449,43,1.98,37.0,5.0,0.44,11.49,38.0,52.0,0.0,0.0,"Téllez-Flores, D., Sánchez-Cantú, M., Ruiz-Peralta, M.D.L. and 4 more (...) (2023).Aqueous Chemical Synthesis of Nanosized ZnGa2O4 Using Mild Reaction Conditions: Effect of pH on the Structural, Morphological, Textural, Electronic, and Photocatalytic Properties. Crystals,13(6) ",https://www.scopus.com/record/display.url?eid=2-s2.0-85163886908&origin=resultslist,10.3390/cryst13060952,Article,Gold|Green,2-s2.0-85163886908,-,Benemerita Universidad Autonoma de Puebla| Universidad Autónoma Metropolitana| Universidad de Guadalajara| Instituto Mexicano del Petroleo,505001| 505017| 505019| 505005,Academic| Government,4.0,60024830| 60019271| 60008943| 60028381,Benemérita Universidad Autónoma de Puebla| Instituto Mexicano Del Petroleo| Universidad de Guadalajara| Universidad Autónoma Metropolitana -Unidad Iztapalapa,56580281100,55928425900,56002658100| 55928425900,-,Mexico,1.0,1500| 1604| 2500| 3104,General Chemical Engineering| Inorganic Chemistry| General Materials Science| Condensed Matter Physics,2| 4,Engineering & Technology| Natural Sciences,433| 439| 409| 219,Materials Science| Physics & Astronomy| Chemistry| Engineering - Chemical,36| 37,Engineering| Physical Sciences,34,Chemical Sciences,3402,Inorganic chemistry,-,Luminescent Phosphors and Upconversion Nanomaterials Applications,58,96.01,Zinc Gallate Phosphors in Photonic Applications,39112,81.29,Definitive,2023.0,5.0,N/A,"Téllez-Flores, D.| Sánchez-Cantú, M.| Ruiz-Peralta, M.D.L.| López-Salinas, E.| Pérez-Centeno, A.| Tzompantzi, F.| Escobedo-Morales, A.",Benemerita Universidad Autonoma de Puebla| Universidad Autónoma Metropolitana| Universidad de Guadalajara| Instituto Mexicano del Petroleo,Mexico,0
55993626500,55993626500,Boosted Photocatalytic Activity of Zn/Al-Based Layered Double Hydroxides Through Cobalt Incorporation for Phenol Degradation,"Portillo-Vélez, N.S.| Velásquez-Torres, M.E.| Pérez-Hernández, R.| Ibarra, I.A.| Peralta, R.A.| Tzompantzi, F.",6.0,55777159700| 57910943000| 16480852200| 55000477500| 56879898700| 55993626500,2024.0,2024-04-12,ChemistrySelect,9,14,-,e202304860,ISSN-23656549,21100850505.0,Journal,John Wiley and Sons Inc,English,0.43,69,3,55,0.366,56,2.4,35.0,5.0,0.46,10.89,27.0,49.0,0.0,0.0,"Portillo-Vélez, N.S., Velásquez-Torres, M.E., Pérez-Hernández, R. and 3 more (...) (2024).Boosted Photocatalytic Activity of Zn/Al-Based Layered Double Hydroxides Through Cobalt Incorporation for Phenol Degradation. ChemistrySelect,9(14) ",https://www.scopus.com/record/display.url?eid=2-s2.0-85189958906&origin=resultslist,10.1002/slct.202304860,Article,Hybrid gold,2-s2.0-85189958906,-,Universidad Autónoma Metropolitana| Instituto Nacional de Investigaciones Nucleares| Universidad Nacional Autónoma de México,505017| 505039| 505023,Government| Academic,3.0,60028381| 60010532| 60005971| 60032442,Universidad Autónoma Metropolitana -Unidad Iztapalapa| Instituto Nacional de Investigaciones Nucleares| Instituto de Investigaciones en Materiales| Universidad Nacional Autónoma de México,55777159700,55993626500,55777159700| 56879898700| 55993626500,-,Mexico,1.0,1600,General Chemistry,4,Natural Sciences,409,Chemistry,37,Physical Sciences,34,Chemical Sciences,-,-,-,Photocatalytic Innovations in Carbon Dioxide Reduction,240,99.804,Photocatalytic Innovations in Layered Double Hydroxides,39180,94.103,Definitive,2024.0,5.0,N/A,"Portillo-Vélez, N.S.| Velásquez-Torres, M.E.| Pérez-Hernández, R.| Ibarra, I.A.| Peralta, R.A.| Tzompantzi, F.",Universidad Autónoma Metropolitana| Instituto Nacional de Investigaciones Nucleares| Universidad Nacional Autónoma de México,Mexico,0
55993626500,55993626500,Transesterification of Caesalpinia eriostachys seed oil using heterogeneous and homogeneous basic catalysts,"Pamatz-Bolaños, T.| Cabrera-Munguia, D.A.| González, H.| Del Río, R.E.| Rico, J.L.| Rodríguez-García, G.| Gutiérrez-Alejandre, A.| Tzompantzi, F.| Gómez-Hurtado, M.A.",9.0,26023619300| 57192205388| 7102929522| 56000807800| 55989769000| 55972959800| 6603164478| 55993626500| 56013680800,2018.0,2018-06-21,International Journal of Green Energy,15,8,465-472,-,ISSN-15435075,4700151730.0,Journal,Taylor and Francis Inc.,English,0.59,58,2.9,48,0.514,52,0.8,42.0,5.0,0.0,23.03,55.0,74.0,0.0,0.0,"Pamatz-Bolaños, T., Cabrera-Munguia, D.A., González, H. and 6 more (...) (2018).Transesterification of Caesalpinia eriostachys seed oil using heterogeneous and homogeneous basic catalysts. International Journal of Green Energy,15(8) 465-472",https://www.scopus.com/record/display.url?eid=2-s2.0-85048095383&origin=resultslist,10.1080/15435075.2018.1473775,Article,,2-s2.0-85048095383,-,Universidad Autónoma Metropolitana| Universidad Michoacana de San Nicolas de Hidalgo| Universidad Nacional Autónoma de México,505017| 505022| 505023,Academic,3.0,60032816| 60027613| 60032442| 60028381,Universidad Michoacana de San Nicolás de Hidalgo| Unidad de Investigacion en Catalisis| Universidad Nacional Autónoma de México| Universidad Autónoma Metropolitana -Unidad Iztapalapa,26023619300,56013680800,56013680800,-,Mexico,1.0,2105,"Renewable Energy, Sustainability and the Environment",2,Engineering & Technology,221,Engineering - Electrical & Electronic,36,Engineering,40,Engineering,4017| 4008| 4011,Mechanical engineering| Electrical engineering| Environmental engineering,SDG 7,Biodiesel Production and Environmental Impacts,406,89.928,Catalytic Advances in Biodiesel Production Processes,1085,99.695,Very Good,2018.0,5.0,N/A,"Pamatz-Bolaños, T.| Cabrera-Munguia, D.A.| González, H.| Del Río, R.E.| Rico, J.L.| Rodríguez-García, G.| Gutiérrez-Alejandre, A.| Tzompantzi, F.| Gómez-Hurtado, M.A.",Universidad Autónoma Metropolitana| Universidad Michoacana de San Nicolas de Hidalgo| Universidad Nacional Autónoma de México,Mexico,0
55993626500,55993626500,Photocatalytic Evaluation of the Ternary Composite CdSO4-ZnAl LDH/ZnS in Hydrogen Production without a Sacrificial Reagent,"Romero-Villegas, A.G.| Tzompantzi-Flores, C.| Hernández, R.P.| Barrera-Rodríguez, A.| Tzompantzi, F.| Gómez, R.",6.0,58169560600| 57205183413| 58169736600| 58698900500| 55993626500| 55568514480,2023.0,2023-03-01,Catalysts,13,3,-,593,ISSN-20734344,21100332402.0,Journal,MDPI,English,0.79,41,6.8,23,0.693,29,1.05,22.0,5.0,0.38,13.26,38.0,55.0,0.0,0.0,"Romero-Villegas, A.G., Tzompantzi-Flores, C., Hernández, R.P. and 3 more (...) (2023).Photocatalytic Evaluation of the Ternary Composite CdSO4-ZnAl LDH/ZnS in Hydrogen Production without a Sacrificial Reagent. Catalysts,13(3) ",https://www.scopus.com/record/display.url?eid=2-s2.0-85151497127&origin=resultslist,10.3390/catal13030593,Article,Gold|Green,2-s2.0-85151497127,-,Universidad Autónoma Metropolitana| Instituto Nacional de Investigaciones Nucleares| Universidad de Guadalajara,505017| 505039| 505019,Government| Academic,3.0,60028381| 60010532| 60008943,Universidad Autónoma Metropolitana -Unidad Iztapalapa| Instituto Nacional de Investigaciones Nucleares| Universidad de Guadalajara,58169560600,55568514480,55993626500,-,Mexico,1.0,1503| 1606| 2300,Catalysis| Physical and Theoretical Chemistry| General Environmental Science,4| 2,Natural Sciences| Engineering & Technology,424| 409| 249| 219,Environmental Sciences| Chemistry| Engineering - Petroleum| Engineering - Chemical,37| 36,Physical Sciences| Engineering,40| 34,Engineering| Chemical Sciences,4004| 4018| 3406,Chemical engineering| Nanotechnology| Physical chemistry,-,Photocatalytic Innovations in Carbon Dioxide Reduction,240,99.804,Photocatalytic Innovations in Layered Double Hydroxides,39180,94.103,Definitive,2023.0,5.0,N/A,"Romero-Villegas, A.G.| Tzompantzi-Flores, C.| Hernández, R.P.| Barrera-Rodríguez, A.| Tzompantzi, F.| Gómez, R.",Universidad Autónoma Metropolitana| Instituto Nacional de Investigaciones Nucleares| Universidad de Guadalajara,Mexico,0
55993626500,55993626500,"Enhanced Photocatalytic Degradation of Herbicide 2,4-Dichlorophenoxyacetic Acid Using Sulfated CeO2","Rodríguez, C.| Castañeda, C.| Sosa, E.| Martínez, J.J.| Mancipe, S.| Rojas, H.| Tzompantzi, F.| Gómez, R.",8.0,59345764400| 55319381400| 59346225800| 7404312604| 55184040100| 23025604300| 55993626500| 55568514480,2024.0,2024-09-01,Catalysts,14,9,-,594,ISSN-20734344,21100332402.0,Journal,Multidisciplinary Digital Publishing Institute (MDPI),English,0.81,41,7.6,19,0.746,28,1.46,21.0,5.0,0.59,8.5,27.0,43.0,0.0,0.0,"Rodríguez, C., Castañeda, C., Sosa, E. and 5 more (...) (2024).Enhanced Photocatalytic Degradation of Herbicide 2,4-Dichlorophenoxyacetic Acid Using Sulfated CeO2. Catalysts,14(9) ",https://www.scopus.com/record/display.url?eid=2-s2.0-85205102950&origin=resultslist,10.3390/catal14090594,Article,Gold,2-s2.0-85205102950,-,Universidad Autónoma Metropolitana| Universidad Pedagógica y Tecnológica de Colombia,505017| 700982,Academic,2.0,60077378| 60028381,Universidad Pedagógica y Tecnológica de Colombia| Universidad Autónoma Metropolitana -Unidad Iztapalapa,59345764400,55568514480,55319381400,-,Mexico| Colombia,2.0,1503| 1606| 2300,Catalysis| Physical and Theoretical Chemistry| General Environmental Science,2| 4,Engineering & Technology| Natural Sciences,249| 219| 424| 409,Engineering - Petroleum| Engineering - Chemical| Environmental Sciences| Chemistry,37| 36,Physical Sciences| Engineering,40| 34,Engineering| Chemical Sciences,3406| 4018| 4004,Physical chemistry| Nanotechnology| Chemical engineering,-,Luminescent Phosphors and Upconversion Nanomaterials Applications,58,96.01,Ceria Nanoparticles in Catalytic Applications,1556,98.565,Definitive,2024.0,5.0,N/A,"Rodríguez, C.| Castañeda, C.| Sosa, E.| Martínez, J.J.| Mancipe, S.| Rojas, H.| Tzompantzi, F.| Gómez, R.",Universidad Autónoma Metropolitana| Universidad Pedagógica y Tecnológica de Colombia,Mexico| Colombia,0
55993626500,55993626500,Effect of the method of synthesis in the photoactivity of TiO2-Co and TiO2-CoCe materials,"Mantilla, A.| Valverde-Aguilar, G.| Suárez, V.| Navarro-Cerón, E.| Rodríguez, R.| Tzompantzi, F.| Morales-Mendoza, G.",7.0,6603026129| 12141590900| 20436960400| 57090761900| 57199933650| 55993626500| 36994821200,2015.0,2015-09-01,Journal of Nanoscience and Nanotechnology,15,9,7272-7274,-,ISSN-15334880,28546.0,Journal,American Scientific Publishers,English,0.48,63,2.5,36,0.334,48,1.66,61.0,4.0,0.09,11.06,58.0,68.0,0.0,0.0,"Mantilla, A., Valverde-Aguilar, G., Suárez, V. and 4 more (...) (2015).Effect of the method of synthesis in the photoactivity of TiO2-Co and TiO2-CoCe materials. Journal of Nanoscience and Nanotechnology,15(9) 7272-7274",https://www.scopus.com/record/display.url?eid=2-s2.0-84958818649&origin=resultslist,10.1166/jnn.2015.10575,Article,,2-s2.0-84958818649,-,Universidad Autónoma Metropolitana| Instituto Politécnico Nacional,505017| 505011,Academic,2.0,60013076| 60028381,Centro de Investigacion en Ciencia Aplicada y Tecnologia Avanzada| Universidad Autónoma Metropolitana -Unidad Iztapalapa,6603026129,36994821200,6603026129,-,Mexico,1.0,1502| 1600| 2204| 2500| 3104,Bioengineering| General Chemistry| Biomedical Engineering| General Materials Science| Condensed Matter Physics,4| 2,Natural Sciences| Engineering & Technology,439| 219| 433| 409| 507,Physics & Astronomy| Engineering - Chemical| Materials Science| Chemistry| Biological Sciences,36| 37,Engineering| Physical Sciences,34| 40,Chemical Sciences| Engineering,-,-,-,Photocatalytic Properties of Titanium Dioxide Structures,62,94.768,Photocatalytic Nanocomposites for Environmental Remediation,92441,74.81,Defensible,2015.0,4.0,N/A,"Mantilla, A.| Valverde-Aguilar, G.| Suárez, V.| Navarro-Cerón, E.| Rodríguez, R.| Tzompantzi, F.| Morales-Mendoza, G.",Universidad Autónoma Metropolitana| Instituto Politécnico Nacional,Mexico,0
55993626500,55993626500,Photodegradation of 4-chlorophenol using as photocatalyst ZnFe2O4 spinels: influence of the complexing agent in the photocatalytic activity,"Hernández-Acosta, D.| Jácome-Acatitla, G.| García-Mendoza, C.| Álvarez-Lemus, M.| López-Gónzalez, R.| Tzompantzi, F.",6.0,57212552195| 36994606500| 56008966400| 23097796400| 26537909100| 55993626500,2022.0,2022-10-01,Journal of Chemical Technology and Biotechnology,97,10,2932-2944,-,ISSN-02682575,16083.0,Journal,John Wiley and Sons Ltd,English,0.71,49,6.8,19,0.599,25,1.4,37.0,4.0,0.19,15.51,51.0,69.0,0.0,0.0,"Hernández-Acosta, D., Jácome-Acatitla, G., García-Mendoza, C. and 3 more (...) (2022).Photodegradation of 4-chlorophenol using as photocatalyst ZnFe2O4 spinels: influence of the complexing agent in the photocatalytic activity. Journal of Chemical Technology and Biotechnology,97(10) 2932-2944",https://www.scopus.com/record/display.url?eid=2-s2.0-85134251406&origin=resultslist,10.1002/jctb.7168,Article,,2-s2.0-85134251406,-,Universidad Autónoma Metropolitana| Universidad Juarez Autonoma de Tabasco,505017| 705961,Academic,2.0,60025378| 60028381,Universidad Juárez Autónoma de Tabasco| Universidad Autónoma Metropolitana -Unidad Iztapalapa,57212552195,55993626500,36994606500,-,Mexico,1.0,1305| 1500| 1604| 1605| 2103| 2105| 2310| 2311,"Biotechnology| General Chemical Engineering| Inorganic Chemistry| Organic Chemistry| Fuel Technology| Renewable Energy, Sustainability and the Environment| Pollution| Waste Management and Disposal",4| 5| 3| 2,Natural Sciences| Life Sciences & Medicine| Social Sciences & Management| Engineering & Technology,507| 219| 409| 424| 221| 249,Biological Sciences| Engineering - Chemical| Chemistry| Environmental Sciences| Engineering - Electrical & Electronic| Engineering - Petroleum,32| 37| 36,Life Sciences| Physical Sciences| Engineering,MD,Multidisciplinary,MD,Multidisciplinary,SDG 6,Magnetic Properties and Synthesis of Ferrite Nanoparticles,1135,55.853,Zinc Ferrite Nanoparticles in Photocatalytic Applications,17650,94.894,Very Good,2022.0,4.0,N/A,"Hernández-Acosta, D.| Jácome-Acatitla, G.| García-Mendoza, C.| Álvarez-Lemus, M.| López-Gónzalez, R.| Tzompantzi, F.",Universidad Autónoma Metropolitana| Universidad Juarez Autonoma de Tabasco,Mexico,0
55993626500,55993626500,Photocatalytic degradation of phenol using Al2 O3 -SnO2 mixed oxide,"Mendoza-Damián, G.| Hernández-Gordillo, A.| Tzompantzi, F.| Gómez, R.",4.0,55831839800| 54893181400| 55993626500| 55568514480,2015.0,2015-09-01,Journal of Nanoscience and Nanotechnology,15,9,7258-7261,-,ISSN-15334880,28546.0,Journal,American Scientific Publishers,English,0.48,63,2.5,36,0.334,48,0.5,25.0,3.0,0.18,11.06,62.0,62.0,0.0,0.0,"Mendoza-Damián, G., Hernández-Gordillo, A., Tzompantzi, F. and 1 more (...) (2015).Photocatalytic degradation of phenol using Al2 O3 -SnO2 mixed oxide. Journal of Nanoscience and Nanotechnology,15(9) 7258-7261",https://www.scopus.com/record/display.url?eid=2-s2.0-85000786154&origin=resultslist,10.1166/jnn.2015.10566,Article,,2-s2.0-85000786154,-,Universidad Autónoma Metropolitana| Instituto Politécnico Nacional,505017| 505011,Academic,2.0,60028381| 60019176,Universidad Autónoma Metropolitana -Unidad Iztapalapa| Instituto Politécnico Nacional,55831839800,55568514480,54893181400,-,Mexico,1.0,1502| 1600| 2204| 2500| 3104,Bioengineering| General Chemistry| Biomedical Engineering| General Materials Science| Condensed Matter Physics,4| 2,Natural Sciences| Engineering & Technology,219| 409| 507| 433| 439,Engineering - Chemical| Chemistry| Biological Sciences| Materials Science| Physics & Astronomy,36| 37,Engineering| Physical Sciences,40| 34,Engineering| Chemical Sciences,-,-,-,Innovative Gas Sensors for Environmental Monitoring,388,95.945,Tin Oxide Nanoparticles in Cancer Treatment Applications,5097,96.447,Very Good,2015.0,3.0,N/A,"Mendoza-Damián, G.| Hernández-Gordillo, A.| Tzompantzi, F.| Gómez, R.",Universidad Autónoma Metropolitana| Instituto Politécnico Nacional,Mexico,0
55993626500,55993626500,Al2 O3 -Phosphated green catalysts with high selectivity to ecological gasoline C=8by dimerization of isobutene,"Mantilla, A.| Tzompantzi, F.| Morales-Mendoza, G.| Jácome-Acatitla, G.| Gómez, R.",5.0,6603026129| 55993626500| 36994821200| 36994606500| 55568514480,2015.0,2015-09-01,Journal of Nanoscience and Nanotechnology,15,9,7254-7257,-,ISSN-15334880,28546.0,Journal,American Scientific Publishers,English,0.48,63,2.5,36,0.334,48,0.81,40.0,2.0,0.09,11.06,66.0,68.0,0.0,0.0,"Mantilla, A., Tzompantzi, F., Morales-Mendoza, G. and 2 more (...) (2015).Al2 O3 -Phosphated green catalysts with high selectivity to ecological gasoline C=8by dimerization of isobutene. Journal of Nanoscience and Nanotechnology,15(9) 7254-7257",https://www.scopus.com/record/display.url?eid=2-s2.0-84958793941&origin=resultslist,10.1166/jnn.2015.10570,Article,,2-s2.0-84958793941,26716319,Universidad Autónoma Metropolitana| Instituto Politécnico Nacional,505017| 505011,Academic,2.0,60013076| 60028381,Centro de Investigacion en Ciencia Aplicada y Tecnologia Avanzada| Universidad Autónoma Metropolitana -Unidad Iztapalapa,6603026129,55568514480,6603026129,-,Mexico,1.0,1502| 1600| 2204| 2500| 3104,Bioengineering| General Chemistry| Biomedical Engineering| General Materials Science| Condensed Matter Physics,4| 2,Natural Sciences| Engineering & Technology,433| 409| 439| 507| 219,Materials Science| Chemistry| Physics & Astronomy| Biological Sciences| Engineering - Chemical,36| 37,Engineering| Physical Sciences,34| 40,Chemical Sciences| Engineering,-,-,-,Zeolite Catalysts in Chemical Reaction Optimization,503,63.179,Zeolite Catalysts for Olefin Oligomerization,19459,84.882,Definitive,2015.0,2.0,N/A,"Mantilla, A.| Tzompantzi, F.| Morales-Mendoza, G.| Jácome-Acatitla, G.| Gómez, R.",Universidad Autónoma Metropolitana| Instituto Politécnico Nacional,Mexico,0
55993626500,55993626500,ZnS Derived from Hydrozincite Precursor: Impact of the Synthesis-Solvothermal Temperature on the Photocatalytic Hydrogen Evolution,"Piña-Pérez, Y.| Aguilar-Martínez, O.| Santolalla-Vargas, C.E.| Samaniego-Benítez, E.| Mantilla, Á.| González, F.| Tzompantzi, F.| Santes, V.",8.0,57195458194| 55953521700| 56600701100| 57191491984| 6603026129| 56000780400| 55993626500| 6602623591,2024.0,2024-08-20,ChemistrySelect,9,31,-,e202402184,ISSN-23656549,21100850505.0,Journal,John Wiley and Sons Inc,English,0.43,69,3,55,0.366,56,3.29,48.0,2.0,0.18,10.89,45.0,65.0,0.0,0.0,"Piña-Pérez, Y., Aguilar-Martínez, O., Santolalla-Vargas, C.E. and 5 more (...) (2024).ZnS Derived from Hydrozincite Precursor: Impact of the Synthesis-Solvothermal Temperature on the Photocatalytic Hydrogen Evolution. ChemistrySelect,9(31) ",https://www.scopus.com/record/display.url?eid=2-s2.0-85201193932&origin=resultslist,10.1002/slct.202402184,Article,,2-s2.0-85201193932,-,Consejo Nacional de Ciencia y Tecnologia Mexico| Universidad Autónoma Metropolitana| Instituto Politécnico Nacional,704696| 505017| 505011,Academic| Government,3.0,60019176| 60027998| 60028381,"Instituto Politécnico Nacional| Secretaría de Ciencia, Humanidades, Tecnología e Innovación| Universidad Autónoma Metropolitana -Unidad Iztapalapa",57195458194,6602623591,55953521700| 6602623591,-,Mexico,1.0,1600,General Chemistry,4,Natural Sciences,409,Chemistry,37,Physical Sciences,34,Chemical Sciences,-,-,SDG 7,Quantum Dots and Their Multifaceted Applications,298,82.276,Zinc Sulfide Nanoparticles in Photonic Applications,2013,96.328,Definitive,2024.0,2.0,N/A,"Piña-Pérez, Y.| Aguilar-Martínez, O.| Santolalla-Vargas, C.E.| Samaniego-Benítez, E.| Mantilla, Á.| González, F.| Tzompantzi, F.| Santes, V.",Consejo Nacional de Ciencia y Tecnologia Mexico| Universidad Autónoma Metropolitana| Instituto Politécnico Nacional,Mexico,0
55993626500,55993626500,"Degradation of 2,4,6-trichlorophenol using photocatalysts Mg-Al calcined hydrotalcites","Ramos-Ramírez, E.| Martínez-Gómez, C.| Tzompantzi-Morales, F.| Del Ángel-Montes, G.A.| Mendoza-Damián, G.| Gutiérrez-Ortega, N.L.",6.0,55989786900| 57190028193| 55993626500| 7003507230| 55831839800| 55748649100,2015.0,2015-09-01,Superficies y Vacio,28,3,92-98,-,ISSN-16653521,21100205757.0,Journal,Sociedad Mexicana de Ciencia y Technologia de Superficiesy Materiales A.C.,English| Spanish,0.22,81,0.3,80,0.114,84,1.29,50.0,1.0,0.0,10.18,72.0,69.0,0.0,0.0,"Ramos-Ramírez, E., Martínez-Gómez, C., Tzompantzi-Morales, F. and 3 more (...) (2015).Degradation of 2,4,6-trichlorophenol using photocatalysts Mg-Al calcined hydrotalcites. Superficies y Vacio,28(3) 92-98",https://www.scopus.com/record/display.url?eid=2-s2.0-84954529239&origin=resultslist,-,Article,,2-s2.0-84954529239,-,Universidad de Guanajuato| Universidad Autónoma Metropolitana,505020| 505017,Academic,2.0,60033291| 60028381,Universidad de Guanajuato| Universidad Autónoma Metropolitana -Unidad Iztapalapa,55989786900,55748649100,-,-,Mexico,1.0,2508,"Surfaces, Coatings and Films",4,Natural Sciences,433,Materials Science,36,Engineering,40| 34| 51,Engineering| Chemical Sciences| Physical Sciences,3403| 5102| 4016,"Macromolecular and materials chemistry| Atomic, molecular and optical physics| Materials engineering",SDG 9,Photocatalytic Innovations in Carbon Dioxide Reduction,240,99.804,Photocatalytic Innovations in Layered Double Hydroxides,39180,94.103,Defensible,2015.0,1.0,N/A,"Ramos-Ramírez, E.| Martínez-Gómez, C.| Tzompantzi-Morales, F.| Del Ángel-Montes, G.A.| Mendoza-Damián, G.| Gutiérrez-Ortega, N.L.",Universidad de Guanajuato| Universidad Autónoma Metropolitana,Mexico,0
55993626500,55993626500,Arsenite removal by using ZnAlFe mixed metal oxides derived from layered double hydroxides,"May Ix, L.A.| Cipagauta Díaz, S.| Tzompantzi, F.| Pérez Hernández, R.| Meichtry, J.M.| Halac, E.B.| Litter, M.I.",7.0,56367457400| 57195313535| 55993626500| 16480852200| 56367436200| 7003842171| 6701736336,2024.0,2024-11-01,Chemosphere,368,-,-,143694,ISSN-00456535,24657.0,Journal,Elsevier Ltd,English,1.54,12,18.1,1,1.896,5,1.72,32.0,1.0,0.12,8.01,56.0,68.0,0.0,0.0,"May Ix, L.A., Cipagauta Díaz, S., Tzompantzi, F. and 4 more (...) (2024).Arsenite removal by using ZnAlFe mixed metal oxides derived from layered double hydroxides. Chemosphere,368",https://www.scopus.com/record/display.url?eid=2-s2.0-85210013803&origin=resultslist,10.1016/j.chemosphere.2024.143694,Article,,2-s2.0-85210013803,39542367,Universidad Nacional de San Martin| Consejo Nacional de Investigaciones Científicas y Técnicas| Consejo Nacional de Ciencia y Tecnologia Mexico| Universidad Tecnológica Nacional| Universidad Autónoma Metropolitana| Instituto Nacional de Investigaciones Nucleares| Comisión Nacional de Energía Atómica,601023| 601002| 704696| 601027| 505017| 505039| 601001,Government| Academic,7.0,60028381| 60027998| 60010532| 60021056| 60004518| 60016063| 60023393,"Universidad Autónoma Metropolitana -Unidad Iztapalapa| Secretaría de Ciencia, Humanidades, Tecnología e Innovación| Instituto Nacional de Investigaciones Nucleares| Comision Nacional de Energia Atomica Argentina| Consejo Nacional de Investigaciones Científicas y Técnicas| Universidad Tecnologica Nacional| Universidad Nacional de San Martín",56367457400,6701736336,56367457400,-,Mexico| Argentina,2.0,1600| 2304| 2305| 2307| 2310| 2739,"General Chemistry| Environmental Chemistry| Environmental Engineering| Health, Toxicology and Mutagenesis| Pollution| Public Health, Environmental and Occupational Health",3| 5| 2| 4,Social Sciences & Management| Life Sciences & Medicine| Engineering & Technology| Natural Sciences,532| 409| 424| 249,Medicine| Chemistry| Environmental Sciences| Engineering - Petroleum,37| 34,Physical Sciences| Medical and Health,MD,Multidisciplinary,MD,Multidisciplinary,SDG 6,Layered Double Hydroxides in Polymer Nanocomposites,484,61.282,Layered Double Hydroxides in Nanocomposite Applications,164,98.303,Definitive,2024.0,1.0,N/A,"May Ix, L.A.| Cipagauta Díaz, S.| Tzompantzi, F.| Pérez Hernández, R.| Meichtry, J.M.| Halac, E.B.| Litter, M.I.",Universidad Nacional de San Martin| Consejo Nacional de Investigaciones Científicas y Técnicas| Consejo Nacional de Ciencia y Tecnologia Mexico| Universidad Tecnológica Nacional| Universidad Autónoma Metropolitana| Instituto Nacional de Investigaciones Nucleares| Comisión Nacional de Energía Atómica,Mexico| Argentina,0
55993626500,55993626500,ZnS-doped TiO2 photocatalysts for 4-chlorophenol photodegradation in water,"Velásquez-Torres, M.E.| Tzompantzi, F.| Castillo-Rodríguez, J.C.| Sierra-Uribe, H.| Santolalla-Vargas, C.E.| Cardoso-Martínez, J.",6.0,57910943000| 55993626500| 57207253128| 57195399168| 56600701100| 56328078400,2022.0,2022-12-01,MRS Advances,7,35,1189-1192,-,ISSN-20598521,21100849700.0,Journal,Springer Nature,English,0.25,82,1.5,69,0.246,69,1.87,43.0,0.0,0.0,14.01,81.0,80.0,0.0,0.0,"Velásquez-Torres, M.E., Tzompantzi, F., Castillo-Rodríguez, J.C. and 3 more (...) (2022).ZnS-doped TiO2 photocatalysts for 4-chlorophenol photodegradation in water. MRS Advances,7(35) 1189-1192",https://www.scopus.com/record/display.url?eid=2-s2.0-85143435418&origin=resultslist,10.1557/s43580-022-00439-4,Article,,2-s2.0-85143435418,-,Universidad Autónoma Metropolitana| Instituto Politécnico Nacional,505017| 505011,Academic,2.0,60028381| 60019176,Universidad Autónoma Metropolitana -Unidad Iztapalapa| Instituto Politécnico Nacional,57910943000,56328078400,57910943000,-,Mexico,1.0,2210| 2211| 2500| 3104,Mechanical Engineering| Mechanics of Materials| General Materials Science| Condensed Matter Physics,2| 4,Engineering & Technology| Natural Sciences,433| 222| 439,Materials Science| Engineering - Mechanical| Physics & Astronomy,37| 36,Physical Sciences| Engineering,40| 34,Engineering| Chemical Sciences,4018| 4016| 3403,Nanotechnology| Materials engineering| Macromolecular and materials chemistry,-,Photocatalytic Properties of Titanium Dioxide Structures,62,94.768,Photocatalytic Innovations with Silver-Doped Titanium Dioxide,49165,85.387,Definitive,2022.0,0.0,N/A,"Velásquez-Torres, M.E.| Tzompantzi, F.| Castillo-Rodríguez, J.C.| Sierra-Uribe, H.| Santolalla-Vargas, C.E.| Cardoso-Martínez, J.",Universidad Autónoma Metropolitana| Instituto Politécnico Nacional,Mexico,0
