Autor,Scopus author ID,Title,Authors,Number of Authors,Scopus Author Ids,Year,Full date,Scopus Source title,Volume,Issue,Pages,Article number,ISSN,Source ID,Source type,Publisher,Language,SNIP (publication year),SNIP percentile (publication year) *,CiteScore (publication year),CiteScore percentile (publication year) *,SJR (publication year),SJR percentile (publication year) *,Field-Weighted View Impact,Views,Citations,Field-Weighted Citation Impact,Field-Citation Average,"Outputs in Top Citation Percentiles, per percentile","Field-Weighted Outputs in Top Citation Percentiles, per percentile",Main patent families,Policy citations,Reference,Abstract,DOI,Publication type,Open Access,EID,PubMed ID,Institutions,Institution IDs,Sector,Number of Institutions,Scopus Affiliation IDs,Scopus Affiliation names,Scopus Author ID First Author,Scopus Author ID Last Author,Scopus Author ID Corresponding Author,Scopus Author ID Single Author,Country/Region,Number of Countries/Regions,All Science Journal Classification (ASJC) code,All Science Journal Classification (ASJC) field name,Quacquarelli Symonds (QS) Subject area code,Quacquarelli Symonds (QS) Subject area field name,Quacquarelli Symonds (QS) Subject code,Quacquarelli Symonds (QS) Subject field name,Times Higher Education (THE) code,Times Higher Education (THE) field name,ANZSRC FoR (2020) parent code,ANZSRC FoR (2020) parent name,ANZSRC FoR (2020) code,ANZSRC FoR (2020) name,Sustainable Development Goals (2025),Topic Cluster name,Topic Cluster number,Topic Cluster Prominence Percentile,Topic name,Topic number,Topic Prominence Percentile,Publication link to Topic strength,Colaboracion,Number of national institutions
"Gómez-Romero, Ricardo",55568514480,Efficient ZnS–ZnO/ZnAl-LDH composite for H2 production by photocatalysis,"Gil, J.J.| Aguilar-Martínez, O.| Piña-Pérez, Y.| Pérez-Hernández, R.| Santolalla-Vargas, C.E.| Gómez, R.| Tzompantzi, F.",7.0,57209454805| 55953521700| 57195458194| 16480852200| 56600701100| 55568514480| 55993626500,2020.0,2020-01-01,Renewable Energy,145,-,124-132,-,ISSN-09601481,27569.0,Journal,Elsevier Ltd,English,2.37,4,10.8,12,1.825,15,1.98,174.0,104.0,4.65,13.75,3.0,4.0,0.0,0.0,"Gil, J.J., Aguilar-Martínez, O., Piña-Pérez, Y. and 4 more (...) (2020).Efficient ZnS–ZnO/ZnAl-LDH composite for H2 production by photocatalysis. Renewable Energy,145124-132",https://www.scopus.com/record/display.url?eid=2-s2.0-85067828301&origin=resultslist,10.1016/j.renene.2019.06.001,Article,,2-s2.0-85067828301,-,Universidad Autónoma Metropolitana| Instituto Nacional de Investigaciones Nucleares| Instituto Politécnico Nacional,505017| 505039| 505011,Government| Academic,3.0,60028381| 60023193| 60010532| 60019176,Universidad Autónoma Metropolitana -Unidad Iztapalapa| Universidad Autónoma Metropolitana - Azcapotzalco| Instituto Nacional de Investigaciones Nucleares| Instituto Politécnico Nacional,57209454805,55993626500,57195458194,-,Mexico,1.0,2105| 2200,"Renewable Energy, Sustainability and the Environment| General Engineering",2,Engineering & Technology,221,Engineering - Electrical & Electronic,36,Engineering,40,Engineering,-,-,SDG 7,Photocatalytic Innovations in Carbon Dioxide Reduction,240,99.804,Photocatalytic Innovations in Layered Double Hydroxides,39180,94.103,Defensible,Nacional,3.0
"Gómez-Romero, Ricardo",55568514480,Novel ZnS-ZnO composite synthesized by the solvothermal method through the partial sulfidation of ZnO for H2 production without sacrificial agent,"Piña-Pérez, Y.| Aguilar-Martínez, O.| Acevedo-Peña, P.| Santolalla-Vargas, C.E.| Oros-Ruíz, S.| Galindo-Hernández, F.| Gómez, R.| Tzompantzi, F.",8.0,57195458194| 55953521700| 56074239100| 56600701100| 56013634600| 11042598700| 55568514480| 55993626500,2018.0,2018-08-15,Applied Catalysis B: Environmental,230,-,125-134,-,ISSN-09263373,16343.0,Journal,Elsevier B.V.,English,2.61,3,20.7,1,3.753,1,5.84,246.0,94.0,2.44,17.21,4.0,10.0,0.0,0.0,"Piña-Pérez, Y., Aguilar-Martínez, O., Acevedo-Peña, P. and 5 more (...) (2018).Novel ZnS-ZnO composite synthesized by the solvothermal method through the partial sulfidation of ZnO for H2 production without sacrificial agent. Applied Catalysis B: Environmental,230125-134",https://www.scopus.com/record/display.url?eid=2-s2.0-85042694187&origin=resultslist,10.1016/j.apcatb.2018.02.047,Article,,2-s2.0-85042694187,-,Universidad Autónoma Metropolitana| Instituto Politécnico Nacional| Universidad Nacional Autónoma de México,505017| 505011| 505023,Academic,3.0,60028381| 60019176| 60032442,Universidad Autónoma Metropolitana -Unidad Iztapalapa| Instituto Politécnico Nacional| Universidad Nacional Autónoma de México,57195458194,55993626500,57195458194,-,Mexico,1.0,1503| 1508| 2300,Catalysis| Process Chemistry and Technology| General Environmental Science,2,Engineering & Technology,249| 219| 424,Engineering - Petroleum| Engineering - Chemical| Environmental Sciences,37| 36,Physical Sciences| Engineering,34| 40,Chemical Sciences| Engineering,4004| 4011| 3406,Chemical engineering| Environmental engineering| Physical chemistry,-,Photocatalytic Innovations in Carbon Dioxide Reduction,240,99.804,Photocatalytic Mechanisms for Hydrogen Generation,1523,99.882,Very Good,Nacional,3.0
"Gómez-Romero, Ricardo",55568514480,Interfacial charge-transfer process across ZrO2-TiO2 heterojunction and its impact on photocatalytic activity,"Guerrero-Araque, D.| Ramírez-Ortega, D.| Acevedo-Peña, P.| Tzompantzi, F.| Calderón, H.A.| Gómez, R.",6.0,57207697416| 35196763200| 56074239100| 55993626500| 7004208873| 55568514480,2017.0,2017-02-15,Journal of Photochemistry and Photobiology A: Chemistry,335,-,276-286,-,ISSN-10106030,26966.0,Journal,Elsevier B.V.,English,0.84,39,4.1,20,0.689,25,11.87,292.0,79.0,2.96,12.14,6.0,7.0,0.0,0.0,"Guerrero-Araque, D., Ramírez-Ortega, D., Acevedo-Peña, P. and 3 more (...) (2017).Interfacial charge-transfer process across ZrO2-TiO2 heterojunction and its impact on photocatalytic activity. Journal of Photochemistry and Photobiology A: Chemistry,335276-286",https://www.scopus.com/record/display.url?eid=2-s2.0-85007271680&origin=resultslist,10.1016/j.jphotochem.2016.11.030,Article,Green,2-s2.0-85007271680,-,Consejo Nacional de Ciencia y Tecnologia Mexico| Universidad Autónoma Metropolitana| Instituto Politécnico Nacional,704696| 505017| 505011,Academic| Government,3.0,60014923| 60013076| 60027998| 60019176,"Universidad Autónoma Metropolitana| Centro de Investigacion en Ciencia Aplicada y Tecnologia Avanzada| Secretaría de Ciencia, Humanidades, Tecnología e Innovación| Instituto Politécnico Nacional",57207697416,55568514480,57207697416,-,Mexico,1.0,1500| 1600| 3100,General Chemical Engineering| General Chemistry| General Physics and Astronomy,2| 4,Engineering & Technology| Natural Sciences,219| 409| 439,Engineering - Chemical| Chemistry| Physics & Astronomy,37| 36,Physical Sciences| Engineering,34| 31| 40,Chemical Sciences| Biological Sciences| Engineering,-,-,-,Photocatalytic Properties of Titanium Dioxide Structures,62,94.768,Photocatalytic Nanocomposites for Organic Pollutant Degradation,72604,70.942,Weak,Nacional,3.0
"Gómez-Romero, Ricardo",55568514480,Photocatalytic activity of Al2O3 improved by the addition of Ce3+/Ce4+ synthesized by the sol-gel method. Photodegradation of phenolic compounds using UV light,"Piña-Pérez, Y.| Tzompantzi-Morales, F.| Pérez-Hernández, R.| Arroyo-Murillo, R.| Acevedo-Peña, P.| Gómez-Romero, R.",6.0,57195458194| 55993626500| 16480852200| 56755927100| 56074239100| 55568514480,2017.0,2017-01-01,Fuel,198,-,11-21,-,ISSN-00162361,16313.0,Journal,Elsevier Ltd,English,2.14,5,8.8,4,1.891,5,1.86,68.0,71.0,2.09,11.48,7.0,12.0,0.0,0.0,"Piña-Pérez, Y., Tzompantzi-Morales, F., Pérez-Hernández, R. and 3 more (...) (2017).Photocatalytic activity of Al2O3 improved by the addition of Ce3+/Ce4+ synthesized by the sol-gel method. Photodegradation of phenolic compounds using UV light. Fuel,19811-21",https://www.scopus.com/record/display.url?eid=2-s2.0-85027954015&origin=resultslist,10.1016/j.fuel.2016.12.040,Article,,2-s2.0-85027954015,-,Universidad Autónoma Metropolitana| Instituto Nacional de Investigaciones Nucleares| Instituto Politécnico Nacional,505017| 505039| 505011,Academic| Government,3.0,60028381| 60010532| 60013076| 60019176,Universidad Autónoma Metropolitana -Unidad Iztapalapa| Instituto Nacional de Investigaciones Nucleares| Centro de Investigacion en Ciencia Aplicada y Tecnologia Avanzada| Instituto Politécnico Nacional,57195458194,55568514480,57195458194,-,Mexico,1.0,1500| 1605| 2102| 2103,General Chemical Engineering| Organic Chemistry| Energy Engineering and Power Technology| Fuel Technology,4| 2,Natural Sciences| Engineering & Technology,409| 249| 219| 221,Chemistry| Engineering - Petroleum| Engineering - Chemical| Engineering - Electrical & Electronic,37| 36,Physical Sciences| Engineering,40,Engineering,4012| 4019| 4004,Fluid mechanics and thermal engineering| Resources engineering and extractive metallurgy| Chemical engineering,-,Catalytic Innovations in Diesel Emission Control,645,72.008,Mesoporous Alumina Structures for Environmental Applications,6507,87.862,Weak,Nacional,3.0
"Gómez-Romero, Ricardo",55568514480,Photodegradation of phenol using reconstructed Ce doped Zn/Al layered double hydroxides as photocatalysts,"Suárez-Quezada, M.| Romero-Ortiz, G.| Suárez, V.| Morales-Mendoza, G.| Lartundo-Rojas, L.| Navarro-Cerón, E.| Tzompantzi, F.| Robles, S.| Gómez, R.| Mantilla, A.",10.0,57090855900| 57195457935| 20436960400| 36994821200| 57455354200| 57090761900| 55993626500| 57195460248| 55568514480| 6603026129,2016.0,2016-08-01,Catalysis Today,271,-,213-219,-,ISSN-09205861,16377.0,Journal,Elsevier B.V.,English,1.37,14,7.8,8,1.322,12,2.02,104.0,63.0,1.3,16.16,8.0,22.0,0.0,0.0,"Suárez-Quezada, M., Romero-Ortiz, G., Suárez, V. and 7 more (...) (2016).Photodegradation of phenol using reconstructed Ce doped Zn/Al layered double hydroxides as photocatalysts. Catalysis Today,271213-219",https://www.scopus.com/record/display.url?eid=2-s2.0-85027920083&origin=resultslist,10.1016/j.cattod.2016.01.009,Article,,2-s2.0-85027920083,-,Universidad Autónoma Metropolitana| Instituto Politécnico Nacional,505017| 505011,Academic,2.0,60019176| 60028381,Instituto Politécnico Nacional| Universidad Autónoma Metropolitana -Unidad Iztapalapa,57090855900,6603026129,6603026129,-,Mexico,1.0,1503| 1600,Catalysis| General Chemistry,4| 2,Natural Sciences| Engineering & Technology,409| 219| 249,Chemistry| Engineering - Chemical| Engineering - Petroleum,36| 37,Engineering| Physical Sciences,34| 40,Chemical Sciences| Engineering,-,-,-,Photocatalytic Innovations in Carbon Dioxide Reduction,240,99.804,Photocatalytic Innovations in Layered Double Hydroxides,39180,94.103,Very Good,Nacional,2.0
"Gómez-Romero, Ricardo",55568514480,Improved photocatalytic oxidation of arsenic (III) with WO3/TiO2 nanomaterials synthesized by the sol-gel method,"Navarrete-Magaña, M.| Estrella-González, A.| May-Ix, L.| Cipagauta-Díaz, S.| Gómez, R.",5.0,57207934678| 57190151020| 56367457400| 57195313535| 55568514480,2021.0,2021-03-15,Journal of Environmental Management,282,-,-,111602,ISSN-03014797,23371.0,Journal,Academic Press,English,1.86,8,11.4,5,1.481,9,2.11,89.0,63.0,2.13,19.22,5.0,12.0,0.0,0.0,"Navarrete-Magaña, M., Estrella-González, A., May-Ix, L. and 2 more (...) (2021).Improved photocatalytic oxidation of arsenic (III) with WO3/TiO2 nanomaterials synthesized by the sol-gel method. Journal of Environmental Management,282",https://www.scopus.com/record/display.url?eid=2-s2.0-85099853019&origin=resultslist,10.1016/j.jenvman.2020.111602,Article,,2-s2.0-85099853019,33495037,Consejo Nacional de Ciencia y Tecnologia Mexico| Universidad Autónoma Metropolitana,704696| 505017,Government| Academic,2.0,60028381| 60014923| 60027998,"Universidad Autónoma Metropolitana -Unidad Iztapalapa| Universidad Autónoma Metropolitana| Secretaría de Ciencia, Humanidades, Tecnología e Innovación",57207934678,55568514480,57195313535,-,Mexico,1.0,2305| 2308| 2311,"Environmental Engineering| Management, Monitoring, Policy and Law| Waste Management and Disposal",3| 2,Social Sciences & Management| Engineering & Technology,424,Environmental Sciences,37,Physical Sciences,MD,Multidisciplinary,MD,Multidisciplinary,-,Arsenic Contamination in Soil and Water Systems,225,93.787,Arsenic Removal Technologies for Potable Water,714,99.127,Very Good,Nacional,2.0
"Gómez-Romero, Ricardo",55568514480,Enhanced photocatalytic hydrogen production by CdS nanofibers modified with graphene oxide and nickel nanoparticles under visible light,"Quiroz-Cardoso, O.| Oros-Ruiz, S.| Solís-Gómez, A.| López, R.| Gómez, R.",5.0,57204055176| 56013634600| 56095012400| 26537909100| 55568514480,2019.0,2019-02-01,Fuel,237,-,227-235,-,ISSN-00162361,16313.0,Journal,Elsevier Ltd,English,2.06,6,9.1,6,1.797,5,2.84,124.0,62.0,3.01,13.6,7.0,7.0,0.0,0.0,"Quiroz-Cardoso, O., Oros-Ruiz, S., Solís-Gómez, A. and 2 more (...) (2019).Enhanced photocatalytic hydrogen production by CdS nanofibers modified with graphene oxide and nickel nanoparticles under visible light. Fuel,237227-235",https://www.scopus.com/record/display.url?eid=2-s2.0-85054342092&origin=resultslist,10.1016/j.fuel.2018.10.013,Article,,2-s2.0-85054342092,-,Universidad Autónoma Metropolitana| Universidad Juarez Autonoma de Tabasco| Universidad Nacional Autónoma de México,505017| 705961| 505023,Academic,3.0,60028381| 60032442| 60025378,Universidad Autónoma Metropolitana -Unidad Iztapalapa| Universidad Nacional Autónoma de México| Universidad Juárez Autónoma de Tabasco,57204055176,55568514480,56013634600,-,Mexico,1.0,1500| 1605| 2102| 2103,General Chemical Engineering| Organic Chemistry| Energy Engineering and Power Technology| Fuel Technology,2| 4,Engineering & Technology| Natural Sciences,409| 221| 249| 219,Chemistry| Engineering - Electrical & Electronic| Engineering - Petroleum| Engineering - Chemical,37| 36,Physical Sciences| Engineering,40,Engineering,4012| 4004| 4019,Fluid mechanics and thermal engineering| Chemical engineering| Resources engineering and extractive metallurgy,SDG 7,Photocatalytic Innovations in Carbon Dioxide Reduction,240,99.804,Photocatalytic Mechanisms for Hydrogen Generation,1523,99.882,Very Good,Nacional,3.0
"Gómez-Romero, Ricardo",55568514480,"SnO2–TiO2 structures and the effect of CuO, CoO metal oxide on photocatalytic hydrogen production","Guerrero-Araque, D.| Acevedo-Peña, P.| Ramírez-Ortega, D.| Lartundo-Rojas, L.| Gómez, R.",5.0,57207697416| 56074239100| 35196763200| 57455354200| 55568514480,2017.0,2017-07-01,Journal of Chemical Technology and Biotechnology,92,7,1531-1539,-,ISSN-02682575,16083.0,Journal,John Wiley and Sons Ltd,English,0.98,31,5,16,0.766,22,9.09,284.0,61.0,2.06,12.16,8.0,13.0,0.0,0.0,"Guerrero-Araque, D., Acevedo-Peña, P., Ramírez-Ortega, D. and 2 more (...) (2017).SnO2–TiO2 structures and the effect of CuO, CoO metal oxide on photocatalytic hydrogen production. Journal of Chemical Technology and Biotechnology,92(7) 1531-1539",https://www.scopus.com/record/display.url?eid=2-s2.0-85017412382&origin=resultslist,10.1002/jctb.5273,Article,,2-s2.0-85017412382,-,Consejo Nacional de Ciencia y Tecnologia Mexico| Universidad Autónoma Metropolitana| Instituto Politécnico Nacional,704696| 505017| 505011,Academic| Government,3.0,60014923| 60013076| 60027998| 60019176,"Universidad Autónoma Metropolitana| Centro de Investigacion en Ciencia Aplicada y Tecnologia Avanzada| Secretaría de Ciencia, Humanidades, Tecnología e Innovación| Instituto Politécnico Nacional",57207697416,55568514480,35196763200,-,Mexico,1.0,1305| 1500| 1604| 1605| 2103| 2105| 2310| 2311,"Biotechnology| General Chemical Engineering| Inorganic Chemistry| Organic Chemistry| Fuel Technology| Renewable Energy, Sustainability and the Environment| Pollution| Waste Management and Disposal",3| 2| 5| 4,Social Sciences & Management| Engineering & Technology| Life Sciences & Medicine| Natural Sciences,249| 409| 221| 424| 219| 507,Engineering - Petroleum| Chemistry| Engineering - Electrical & Electronic| Environmental Sciences| Engineering - Chemical| Biological Sciences,32| 37| 36,Life Sciences| Physical Sciences| Engineering,MD,Multidisciplinary,MD,Multidisciplinary,SDG 7,Photocatalytic Properties of Titanium Dioxide Structures,62,94.768,TiO2-Based Catalysts for Enhanced Hydrogen Production,22665,96.957,Defensible,Nacional,3.0
"Gómez-Romero, Ricardo",55568514480,Charge transfer processes involved in photocatalytic hydrogen production over CuO/ZrO2–TiO2 materials,"Guerrero-Araque, D.| Acevedo-Peña, P.| Ramírez-Ortega, D.| Calderon, H.A.| Gómez, R.",5.0,57207697416| 56074239100| 35196763200| 7004208873| 55568514480,2017.0,2017-04-13,International Journal of Hydrogen Energy,42,15,9744-9753,-,ISSN-03603199,26991.0,Journal,Elsevier Ltd,English,1.33,16,6.3,8,1.116,16,5.95,186.0,51.0,1.97,12.71,10.0,14.0,0.0,0.0,"Guerrero-Araque, D., Acevedo-Peña, P., Ramírez-Ortega, D. and 2 more (...) (2017).Charge transfer processes involved in photocatalytic hydrogen production over CuO/ZrO2–TiO2 materials. International Journal of Hydrogen Energy,42(15) 9744-9753",https://www.scopus.com/record/display.url?eid=2-s2.0-85016411908&origin=resultslist,10.1016/j.ijhydene.2017.03.050,Article,Green,2-s2.0-85016411908,-,Consejo Nacional de Ciencia y Tecnologia Mexico| Universidad Autónoma Metropolitana| Instituto Politécnico Nacional,704696| 505017| 505011,Government| Academic,3.0,60014923| 60027998| 60013076| 60019176,"Universidad Autónoma Metropolitana| Secretaría de Ciencia, Humanidades, Tecnología e Innovación| Centro de Investigacion en Ciencia Aplicada y Tecnologia Avanzada| Instituto Politécnico Nacional",57207697416,55568514480,57207697416,-,Mexico,1.0,2102| 2103| 2105| 3104,"Energy Engineering and Power Technology| Fuel Technology| Renewable Energy, Sustainability and the Environment| Condensed Matter Physics",2| 4,Engineering & Technology| Natural Sciences,439| 221| 249,Physics & Astronomy| Engineering - Electrical & Electronic| Engineering - Petroleum,36| 37,Engineering| Physical Sciences,34| 40,Chemical Sciences| Engineering,-,-,SDG 7,Photocatalytic Properties of Titanium Dioxide Structures,62,94.768,TiO2-Based Catalysts for Enhanced Hydrogen Production,22665,96.957,Very Good,Nacional,3.0
"Gómez-Romero, Ricardo",55568514480,Photocatalytic degradation of phenol using MgAlSn hydrotalcite-like compounds,"Mancipe, S.| Tzompantzi, F.| Rojas, H.| Gómez, R.",4.0,55184040100| 55993626500| 23025604300| 55568514480,2016.0,2016-08-01,Applied Clay Science,129,-,71-78,-,ISSN-01691317,24614.0,Journal,Elsevier Ltd,English,1.5,12,5,13,0.899,25,2.34,70.0,47.0,1.17,8.57,12.0,25.0,0.0,0.0,"Mancipe, S., Tzompantzi, F., Rojas, H. and 1 more (...) (2016).Photocatalytic degradation of phenol using MgAlSn hydrotalcite-like compounds. Applied Clay Science,12971-78",https://www.scopus.com/record/display.url?eid=2-s2.0-84969630127&origin=resultslist,10.1016/j.clay.2016.05.005,Article,,2-s2.0-84969630127,-,Universidad Autónoma Metropolitana| Universidad Pedagógica y Tecnológica de Colombia,505017| 700982,Academic,2.0,60028381| 60077378,Universidad Autónoma Metropolitana -Unidad Iztapalapa| Universidad Pedagógica y Tecnológica de Colombia,55184040100,55568514480,55184040100,-,Mexico| Colombia,2.0,1906| 1907,Geochemistry and Petrology| Geology,2| 4,Engineering & Technology| Natural Sciences,450| 247| 249| 416,Geology| Engineering - Mineral & Mining| Engineering - Petroleum| Earth & Marine Sciences,37,Physical Sciences,37| 40,Earth Sciences| Engineering,-,-,-,Photocatalytic Innovations in Carbon Dioxide Reduction,240,99.804,Photocatalytic Innovations in Layered Double Hydroxides,39180,94.103,Very Good,Internacional,1.0
"Gómez-Romero, Ricardo",55568514480,Caffeine photocatalytic degradation using composites of NiO/TiO2–F and CuO/TiO2–F under UV irradiation,"Castañeda, C.| Martínez, J.J.| Santos, L.| Rojas, H.| Osman, S.M.| Gómez, R.| Luque, R.",7.0,55319381400| 7404312604| 57297391900| 23025604300| 55327003700| 55568514480| 26643003700,2022.0,2022-02-01,Chemosphere,288,-,-,132506,ISSN-00456535,24657.0,Journal,Elsevier Ltd,English,1.6,11,13.3,3,1.727,7,3.29,122.0,44.0,2.51,16.31,6.0,9.0,0.0,0.0,"Castañeda, C., Martínez, J.J., Santos, L. and 4 more (...) (2022).Caffeine photocatalytic degradation using composites of NiO/TiO2–F and CuO/TiO2–F under UV irradiation. Chemosphere,288",https://www.scopus.com/record/display.url?eid=2-s2.0-85117208645&origin=resultslist,10.1016/j.chemosphere.2021.132506,Article,Hybrid gold|Green,2-s2.0-85117208645,34656628,King Saud University| Universidad Autónoma Metropolitana| University of Córdoba| Universidad Pedagógica y Tecnológica de Colombia| People's Friendship University of Russia,409005| 505017| 312019| 700982| 331018,Academic,5.0,60077378| 60005353| 60013183| 60028381| 60003138| 60015024,Universidad Pedagógica y Tecnológica de Colombia| College of Sciences| King Saud University| Universidad Autónoma Metropolitana -Unidad Iztapalapa| Universidad de Córdoba| RUDN University,55319381400,26643003700,55319381400| 26643003700,-,Mexico| Spain| Saudi Arabia| Colombia| Russian Federation,5.0,1600| 2304| 2305| 2307| 2310| 2739,"General Chemistry| Environmental Chemistry| Environmental Engineering| Health, Toxicology and Mutagenesis| Pollution| Public Health, Environmental and Occupational Health",2| 3| 4| 5,Engineering & Technology| Social Sciences & Management| Natural Sciences| Life Sciences & Medicine,409| 532| 424| 249,Chemistry| Medicine| Environmental Sciences| Engineering - Petroleum,37| 34,Physical Sciences| Medical and Health,MD,Multidisciplinary,MD,Multidisciplinary,-,Photocatalytic Properties of Titanium Dioxide Structures,62,94.768,Nanoparticle-Enhanced Photocatalytic Systems for Environmental Applications,66151,82.362,Definitive,Internacional,1.0
"Gómez-Romero, Ricardo",55568514480,Preparation of efficient cadmium sulfide nanofibers for hydrogen production using ethylenediamine (NH2CH2CH2NH2) as template,"Hernández-Gordillo, A.| Oros-Ruiz, S.| Gómez, R.",3.0,54893181400| 56013634600| 55568514480,2015.0,2015-08-01,Journal of Colloid and Interface Science,451,-,40-45,-,ISSN-00219797,26950.0,Journal,Academic Press Inc.,English,1.26,18,6.7,7,1.075,11,1.95,80.0,44.0,1.05,12.4,13.0,28.0,0.0,0.0,"Hernández-Gordillo, A., Oros-Ruiz, S., Gómez, R. (2015).Preparation of efficient cadmium sulfide nanofibers for hydrogen production using ethylenediamine (NH2CH2CH2NH2) as template. Journal of Colloid and Interface Science,45140-45",https://www.scopus.com/record/display.url?eid=2-s2.0-84930212593&origin=resultslist,10.1016/j.jcis.2015.03.052,Article,,2-s2.0-84930212593,-,Universidad Autónoma Metropolitana| Universidad Nacional Autónoma de México,505017| 505023,Academic,2.0,60032442| 60028381| 120654042,Universidad Nacional Autónoma de México| Universidad Autónoma Metropolitana -Unidad Iztapalapa| Cátedras CONACyT,54893181400,55568514480,54893181400,-,Mexico,1.0,1505| 2502| 2504| 2508,"Colloid and Surface Chemistry| Biomaterials| Electronic, Optical and Magnetic Materials| Surfaces, Coatings and Films",4| 2,Natural Sciences| Engineering & Technology,219| 433,Engineering - Chemical| Materials Science,36,Engineering,40| 34| 51,Engineering| Chemical Sciences| Physical Sciences,-,-,-,Quantum Dots and Their Multifaceted Applications,298,82.276,Cadmium Sulfide Nanostructures and Their Applications,13984,75.711,Very Good,Nacional,2.0
"Gómez-Romero, Ricardo",55568514480,Photocatalytic CO2 conversion by MgAl layered double hydroxides: Effect of Mg2+ precursor and microwave irradiation time,"Flores-Flores, M.| Luévano-Hipólito, E.| Martínez, L.M.T.| Morales-Mendoza, G.| Gómez, R.",5.0,57202188032| 55641784400| 57201537832| 36994821200| 55568514480,2018.0,2018-08-01,Journal of Photochemistry and Photobiology A: Chemistry,363,-,68-73,-,ISSN-10106030,26966.0,Journal,Elsevier B.V.,English,0.85,40,4.2,22,0.657,25,2.53,71.0,43.0,1.47,12.94,12.0,19.0,1.0,0.0,"Flores-Flores, M., Luévano-Hipólito, E., Martínez, L.M.T. and 2 more (...) (2018).Photocatalytic CO2 conversion by MgAl layered double hydroxides: Effect of Mg2+ precursor and microwave irradiation time. Journal of Photochemistry and Photobiology A: Chemistry,36368-73",https://www.scopus.com/record/display.url?eid=2-s2.0-85047378472&origin=resultslist,10.1016/j.jphotochem.2018.05.033,Article,,2-s2.0-85047378472,-,Consejo Nacional de Ciencia y Tecnologia Mexico| Universidad Autonoma de Nuevo Leon| Universidad Autónoma Metropolitana,704696| 505013| 505017,Academic| Government,3.0,60025417| 60027998| 60028381,"Universidad Autónoma de Nuevo León| Secretaría de Ciencia, Humanidades, Tecnología e Innovación| Universidad Autónoma Metropolitana -Unidad Iztapalapa",57202188032,55568514480,57201537832,-,Mexico,1.0,1500| 1600| 3100,General Chemical Engineering| General Chemistry| General Physics and Astronomy,4| 2,Natural Sciences| Engineering & Technology,439| 219| 409,Physics & Astronomy| Engineering - Chemical| Chemistry,36| 37,Engineering| Physical Sciences,40| 31| 34,Engineering| Biological Sciences| Chemical Sciences,-,-,SDG 7| SDG 13,Layered Double Hydroxides in Polymer Nanocomposites,484,61.282,Layered Double Hydroxides in Nanocomposite Applications,164,98.303,Very Good,Nacional,3.0
"Gómez-Romero, Ricardo",55568514480,"Enhanced photocatalytic degradation of 4-chlorophenol and 2,4-dichlorophenol on in situ phosphated sol-gel TiO2","Castañeda, C.| Tzompantzi, F.| Gómez, R.| Rojas, H.",4.0,55319381400| 55993626500| 55568514480| 23025604300,2016.0,2016-08-01,Journal of Chemical Technology and Biotechnology,91,8,2170-2178,-,ISSN-02682575,16083.0,Journal,John Wiley and Sons Ltd,English,1.16,21,5,13,0.854,16,3.57,118.0,38.0,1.08,11.07,15.0,27.0,0.0,0.0,"Castañeda, C., Tzompantzi, F., Gómez, R. and 1 more (...) (2016).Enhanced photocatalytic degradation of 4-chlorophenol and 2,4-dichlorophenol on in situ phosphated sol-gel TiO2. Journal of Chemical Technology and Biotechnology,91(8) 2170-2178",https://www.scopus.com/record/display.url?eid=2-s2.0-84962745272&origin=resultslist,10.1002/jctb.4943,Article,,2-s2.0-84962745272,-,Universidad Autónoma Metropolitana| Universidad Pedagógica y Tecnológica de Colombia,505017| 700982,Academic,2.0,60028381| 60077378,Universidad Autónoma Metropolitana -Unidad Iztapalapa| Universidad Pedagógica y Tecnológica de Colombia,55319381400,23025604300,55319381400,-,Mexico| Colombia,2.0,1305| 1500| 1604| 1605| 2103| 2105| 2310| 2311,"Biotechnology| General Chemical Engineering| Inorganic Chemistry| Organic Chemistry| Fuel Technology| Renewable Energy, Sustainability and the Environment| Pollution| Waste Management and Disposal",2| 5| 4| 3,Engineering & Technology| Life Sciences & Medicine| Natural Sciences| Social Sciences & Management,424| 249| 409| 221| 219| 507,Environmental Sciences| Engineering - Petroleum| Chemistry| Engineering - Electrical & Electronic| Engineering - Chemical| Biological Sciences,37| 32| 36,Physical Sciences| Life Sciences| Engineering,MD,Multidisciplinary,MD,Multidisciplinary,-,Circular Economy and Life Cycle Assessment Integration,426,98.692,Thermal Properties of Natural Composite Insulation Materials,13299,98.12,Definitive,Internacional,1.0
"Gómez-Romero, Ricardo",55568514480,Suitable preparation of Bi2S3 nanorods –TiO2 heterojunction semiconductors with improved photocatalytic hydrogen production from water/methanol decomposition,"García-Mendoza, C.| Oros-Ruiz, S.| Hernández-Gordillo, A.| López, R.| Jácome-Acatitla, G.| Calderón, H.A.| Gómez, R.",7.0,56008966400| 56013634600| 54893181400| 26537909100| 36994606500| 7004208873| 55568514480,2016.0,2016-08-01,Journal of Chemical Technology and Biotechnology,91,8,2198-2204,-,ISSN-02682575,16083.0,Journal,John Wiley and Sons Ltd,English,1.16,21,5,13,0.854,16,3.94,136.0,38.0,1.08,11.07,15.0,27.0,2.0,0.0,"García-Mendoza, C., Oros-Ruiz, S., Hernández-Gordillo, A. and 4 more (...) (2016).Suitable preparation of Bi2S3 nanorods –TiO2 heterojunction semiconductors with improved photocatalytic hydrogen production from water/methanol decomposition. Journal of Chemical Technology and Biotechnology,91(8) 2198-2204",https://www.scopus.com/record/display.url?eid=2-s2.0-84979492974&origin=resultslist,10.1002/jctb.4979,Article,,2-s2.0-84979492974,-,Universidad Autónoma Metropolitana| Universidad Juarez Autonoma de Tabasco| Instituto Politécnico Nacional| Universidad Nacional Autónoma de México,505017| 705961| 505011| 505023,Academic,4.0,60028381| 60032442| 60025378| 60019176,Universidad Autónoma Metropolitana -Unidad Iztapalapa| Universidad Nacional Autónoma de México| Universidad Juárez Autónoma de Tabasco| Instituto Politécnico Nacional,56008966400,55568514480,56008966400,-,Mexico,1.0,1305| 1500| 1604| 1605| 2103| 2105| 2310| 2311,"Biotechnology| General Chemical Engineering| Inorganic Chemistry| Organic Chemistry| Fuel Technology| Renewable Energy, Sustainability and the Environment| Pollution| Waste Management and Disposal",4| 5| 2| 3,Natural Sciences| Life Sciences & Medicine| Engineering & Technology| Social Sciences & Management,221| 424| 409| 249| 507| 219,Engineering - Electrical & Electronic| Environmental Sciences| Chemistry| Engineering - Petroleum| Biological Sciences| Engineering - Chemical,37| 36| 32,Physical Sciences| Engineering| Life Sciences,MD,Multidisciplinary,MD,Multidisciplinary,SDG 7,Photocatalytic Properties of Titanium Dioxide Structures,62,94.768,Photocatalytic Innovations in Titanium Dioxide Applications,47,98.985,Very Good,Nacional,4.0
"Gómez-Romero, Ricardo",55568514480,N doped -TiO2 coupled to BiVO4 with high performance in photodegradation of Ofloxacin antibiotic and Rhodamine B dye under visible light,"Cipagauta-Díaz, S.| Estrella-González, A.| Navarrete-Magaña, M.| Gómez, R.",4.0,57195313535| 57190151020| 57207934678| 55568514480,2022.0,2022-07-01,Catalysis Today,394-396,-,445-457,-,ISSN-09205861,16377.0,Journal,Elsevier B.V.,English,1.08,26,11.9,10,1.053,15,1.3,41.0,37.0,1.59,20.72,7.0,17.0,0.0,0.0,"Cipagauta-Díaz, S., Estrella-González, A., Navarrete-Magaña, M. and 1 more (...) (2022).N doped -TiO2 coupled to BiVO4 with high performance in photodegradation of Ofloxacin antibiotic and Rhodamine B dye under visible light. Catalysis Today,394-396445-457",https://www.scopus.com/record/display.url?eid=2-s2.0-85112727273&origin=resultslist,10.1016/j.cattod.2021.07.009,Article,,2-s2.0-85112727273,-,Consejo Nacional de Ciencia y Tecnologia Mexico| Universidad Autónoma Metropolitana,704696| 505017,Government| Academic,2.0,60027998| 60028381,"Secretaría de Ciencia, Humanidades, Tecnología e Innovación| Universidad Autónoma Metropolitana -Unidad Iztapalapa",57195313535,55568514480,57195313535,-,Mexico,1.0,1503| 1600,Catalysis| General Chemistry,2| 4,Engineering & Technology| Natural Sciences,249| 409| 219,Engineering - Petroleum| Chemistry| Engineering - Chemical,36| 37,Engineering| Physical Sciences,34| 40,Chemical Sciences| Engineering,-,-,-,Photocatalytic Properties of Titanium Dioxide Structures,62,94.768,Photocatalytic Innovations in Bismuth Vanadate Applications,5528,99.569,Very Good,Nacional,2.0
"Gómez-Romero, Ricardo",55568514480,Heterojunction formation on InVO4/N-TiO2 with enhanced visible light photocatalytic activity for reduction of 4-NP,"Cipagauta-Díaz, S.| Estrella-González, A.| Gómez, R.",3.0,57195313535| 57190151020| 55568514480,2019.0,2019-01-01,Materials Science in Semiconductor Processing,89,-,201-211,-,ISSN-13698001,26675.0,Journal,Elsevier Ltd,English,1.11,25,5.3,15,0.665,24,0.76,38.0,36.0,1.85,12.46,14.0,14.0,0.0,0.0,"Cipagauta-Díaz, S., Estrella-González, A., Gómez, R. (2019).Heterojunction formation on InVO4/N-TiO2 with enhanced visible light photocatalytic activity for reduction of 4-NP. Materials Science in Semiconductor Processing,89201-211",https://www.scopus.com/record/display.url?eid=2-s2.0-85053833514&origin=resultslist,10.1016/j.mssp.2018.09.017,Article,,2-s2.0-85053833514,-,Consejo Nacional de Ciencia y Tecnologia Mexico| Universidad Autónoma Metropolitana,704696| 505017,Academic| Government,2.0,60014923| 60027998,"Universidad Autónoma Metropolitana| Secretaría de Ciencia, Humanidades, Tecnología e Innovación",57195313535,55568514480,57195313535,-,Mexico,1.0,2210| 2211| 2500| 3104,Mechanical Engineering| Mechanics of Materials| General Materials Science| Condensed Matter Physics,4| 2,Natural Sciences| Engineering & Technology,439| 222| 433,Physics & Astronomy| Engineering - Mechanical| Materials Science,36| 37,Engineering| Physical Sciences,40| 51,Engineering| Physical Sciences,4016| 4018| 5104,Materials engineering| Nanotechnology| Condensed matter physics,-,Photocatalytic Properties of Titanium Dioxide Structures,62,94.768,Mesoporous Titanium Dioxide Photocatalysts for Environmental Applications,86323,65.968,Definitive,Nacional,2.0
"Gómez-Romero, Ricardo",55568514480,Mn-doped Zn/Al layered double hydroxides as photocatalysts for the 4-chlorophenol photodegradation,"Morales-Mendoza, G.| Tzompantzi, F.| García-Mendoza, C.| López, R.| De la Luz, V.| Lee, S.-W.| Kim, T.-H.| Torres-Martínez, L.M.| Gómez, R.",9.0,36994821200| 55993626500| 56008966400| 26537909100| 16308643600| 57211724363| 57203431379| 6701578016| 55568514480,2015.0,2015-12-01,Applied Clay Science,118,-,38-47,-,ISSN-01691317,24614.0,Journal,Elsevier Ltd,English,1.34,16,4.1,19,0.806,32,6.55,169.0,35.0,1.09,8.24,17.0,27.0,0.0,0.0,"Morales-Mendoza, G., Tzompantzi, F., García-Mendoza, C. and 6 more (...) (2015).Mn-doped Zn/Al layered double hydroxides as photocatalysts for the 4-chlorophenol photodegradation. Applied Clay Science,11838-47",https://www.scopus.com/record/display.url?eid=2-s2.0-84941209962&origin=resultslist,10.1016/j.clay.2015.08.030,Article,,2-s2.0-84941209962,-,Universidad Autonoma de Nuevo Leon| Universidad Autónoma Metropolitana| Sun Moon University| Universidad Juarez Autonoma de Tabasco,505013| 505017| 209069| 705961,Academic,4.0,60028381| 60025378| 60014840| 60025417,Universidad Autónoma Metropolitana -Unidad Iztapalapa| Universidad Juárez Autónoma de Tabasco| Sunmoon University| Universidad Autónoma de Nuevo León,36994821200,55568514480,36994821200,-,South Korea| Mexico,2.0,1111| 1906| 1907| 2312,Soil Science| Geochemistry and Petrology| Geology| Water Science and Technology,5| 4| 2,Life Sciences & Medicine| Natural Sciences| Engineering & Technology,416| 249| 450| 424| 247| 502,Earth & Marine Sciences| Engineering - Petroleum| Geology| Environmental Sciences| Engineering - Mineral & Mining| Agriculture & Forestry,32| 37,Life Sciences| Physical Sciences,37| 40,Earth Sciences| Engineering,-,-,-,Photocatalytic Innovations in Carbon Dioxide Reduction,240,99.804,Photocatalytic Innovations in Layered Double Hydroxides,39180,94.103,Very Good,Internacional,3.0
"Gómez-Romero, Ricardo",55568514480,Synthesis of CdS/MgAl layered double hydroxides for hydrogen production from methanol-water decomposition,"Mancipe, S.| Tzompantzi, F.| Gómez, R.",3.0,55184040100| 55993626500| 55568514480,2017.0,2017-02-01,Applied Clay Science,136,-,67-74,-,ISSN-01691317,24614.0,Journal,Elsevier Ltd,English,1.59,10,5.5,13,0.992,20,2.65,80.0,33.0,1.84,9.24,17.0,15.0,1.0,0.0,"Mancipe, S., Tzompantzi, F., Gómez, R. (2017).Synthesis of CdS/MgAl layered double hydroxides for hydrogen production from methanol-water decomposition. Applied Clay Science,13667-74",https://www.scopus.com/record/display.url?eid=2-s2.0-84995705649&origin=resultslist,10.1016/j.clay.2016.11.013,Article,,2-s2.0-84995705649,-,Universidad Autónoma Metropolitana,505017,Academic,1.0,60028381,Universidad Autónoma Metropolitana -Unidad Iztapalapa,55184040100,55568514480,55184040100,-,Mexico,1.0,1906| 1907,Geochemistry and Petrology| Geology,4| 2,Natural Sciences| Engineering & Technology,247| 450| 416| 249,Engineering - Mineral & Mining| Geology| Earth & Marine Sciences| Engineering - Petroleum,37,Physical Sciences,37| 40,Earth Sciences| Engineering,-,-,SDG 7,Photocatalytic Innovations in Carbon Dioxide Reduction,240,99.804,Photocatalytic Innovations in Layered Double Hydroxides,39180,94.103,Defensible,UAM,1.0
"Gómez-Romero, Ricardo",55568514480,Novelty g-C3N4/HAp composite as highly effective photocatalyst for Cr (VI) photoreduction,"Jiménez-Flores, Y.| Jiménez-Rangel, K.| Samaniego-Benítez, J.E.| Lartundo-Rojas, L.| Calderón, H.A.| Gómez, R.| Mantilla, A.",7.0,57194130085| 57209326708| 57191491984| 57455354200| 7004208873| 55568514480| 6603026129,2022.0,2022-04-01,Catalysis Today,388-389,-,168-175,-,ISSN-09205861,16377.0,Journal,Elsevier B.V.,English,1.08,26,11.9,10,1.053,15,2.27,76.0,33.0,1.35,20.72,8.0,21.0,0.0,0.0,"Jiménez-Flores, Y., Jiménez-Rangel, K., Samaniego-Benítez, J.E. and 4 more (...) (2022).Novelty g-C3N4/HAp composite as highly effective photocatalyst for Cr (VI) photoreduction. Catalysis Today,388-389168-175",https://www.scopus.com/record/display.url?eid=2-s2.0-85089446547&origin=resultslist,10.1016/j.cattod.2020.07.045,Article,Green,2-s2.0-85089446547,-,Consejo Nacional de Ciencia y Tecnologia Mexico| Universidad Autónoma Metropolitana| Instituto Politécnico Nacional,704696| 505017| 505011,Academic| Government,3.0,60019176| 60028381| 60027998,"Instituto Politécnico Nacional| Universidad Autónoma Metropolitana -Unidad Iztapalapa| Secretaría de Ciencia, Humanidades, Tecnología e Innovación",57194130085,6603026129,6603026129,-,Mexico,1.0,1503| 1600,Catalysis| General Chemistry,2| 4,Engineering & Technology| Natural Sciences,409| 219| 249,Chemistry| Engineering - Chemical| Engineering - Petroleum,37| 36,Physical Sciences| Engineering,34| 40,Chemical Sciences| Engineering,-,-,-,Photocatalytic Innovations in Carbon Dioxide Reduction,240,99.804,Graphitic Carbon Nitride in Photocatalytic Applications,43,99.984,Very Good,Nacional,3.0
"Gómez-Romero, Ricardo",55568514480,Improving photocatalytic reduction of 4-nitrophenol over ZrO2-TiO2 by synergistic interaction between methanol and sulfite ions,"Guerrero-Araque, D.| Acevedo-Peña, P.| Ramírez-Ortega, D.| Gómez, R.",4.0,57207697416| 56074239100| 35196763200| 55568514480,2017.0,2017-01-01,New Journal of Chemistry,41,21,12655-12663,-,ISSN-11440546,24824.0,Journal,Royal Society of Chemistry,English,0.79,42,4.7,18,0.864,16,3.12,97.0,33.0,0.97,14.48,17.0,30.0,0.0,0.0,"Guerrero-Araque, D., Acevedo-Peña, P., Ramírez-Ortega, D. and 1 more (...) (2017).Improving photocatalytic reduction of 4-nitrophenol over ZrO2-TiO2 by synergistic interaction between methanol and sulfite ions. New Journal of Chemistry,41(21) 12655-12663",https://www.scopus.com/record/display.url?eid=2-s2.0-85032579003&origin=resultslist,10.1039/c7nj02260c,Article,,2-s2.0-85032579003,-,Consejo Nacional de Ciencia y Tecnologia Mexico| Universidad Autónoma Metropolitana| Instituto Politécnico Nacional| Universidad Nacional Autónoma de México,704696| 505017| 505011| 505023,Government| Academic,4.0,60014923| 60027998| 60013076| 60019176| 60032442,"Universidad Autónoma Metropolitana| Secretaría de Ciencia, Humanidades, Tecnología e Innovación| Centro de Investigacion en Ciencia Aplicada y Tecnologia Avanzada| Instituto Politécnico Nacional| Universidad Nacional Autónoma de México",57207697416,55568514480,57207697416,-,Mexico,1.0,1503| 1600| 2505,Catalysis| General Chemistry| Materials Chemistry,4| 2,Natural Sciences| Engineering & Technology,409| 219| 433| 249,Chemistry| Engineering - Chemical| Materials Science| Engineering - Petroleum,36| 37,Engineering| Physical Sciences,34,Chemical Sciences,-,-,-,Properties and Applications of Silver Nanoparticles,302,97.319,Catalytic Nanoparticles for Environmental Applications,2646,99.211,Very Good,Nacional,4.0
"Gómez-Romero, Ricardo",55568514480,Improved photocatalytic hydrogen production from methanol/water solution using CuO supported on fluorinated TiO2,"Castañeda, C.| Tzompantzi, F.| Rodríguez-Rodríguez, A.| Sánchez-Dominguez, M.| Gómez, R.",5.0,55319381400| 55993626500| 56054576300| 56013597600| 55568514480,2018.0,2018-04-01,Journal of Chemical Technology and Biotechnology,93,4,1113-1120,-,ISSN-02682575,16083.0,Journal,John Wiley and Sons Ltd,English,0.9,37,4.8,19,0.715,22,2.62,90.0,32.0,1.17,13.62,17.0,25.0,0.0,0.0,"Castañeda, C., Tzompantzi, F., Rodríguez-Rodríguez, A. and 2 more (...) (2018).Improved photocatalytic hydrogen production from methanol/water solution using CuO supported on fluorinated TiO2. Journal of Chemical Technology and Biotechnology,93(4) 1113-1120",https://www.scopus.com/record/display.url?eid=2-s2.0-85035206142&origin=resultslist,10.1002/jctb.5470,Article,,2-s2.0-85035206142,-,Universidad Autónoma Metropolitana| Universidad Pedagógica y Tecnológica de Colombia,505017| 700982,Academic,2.0,60028381| 60077378| 112194478,Universidad Autónoma Metropolitana -Unidad Iztapalapa| Universidad Pedagógica y Tecnológica de Colombia| S.C. (CIMAV),55319381400,55568514480,55319381400,-,Mexico| Colombia,2.0,1305| 1500| 1604| 1605| 2103| 2105| 2310| 2311,"Biotechnology| General Chemical Engineering| Inorganic Chemistry| Organic Chemistry| Fuel Technology| Renewable Energy, Sustainability and the Environment| Pollution| Waste Management and Disposal",2| 3| 5| 4,Engineering & Technology| Social Sciences & Management| Life Sciences & Medicine| Natural Sciences,219| 507| 424| 409| 221| 249,Engineering - Chemical| Biological Sciences| Environmental Sciences| Chemistry| Engineering - Electrical & Electronic| Engineering - Petroleum,37| 36| 32,Physical Sciences| Engineering| Life Sciences,MD,Multidisciplinary,MD,Multidisciplinary,SDG 7,Photocatalytic Properties of Titanium Dioxide Structures,62,94.768,TiO2-Based Catalysts for Enhanced Hydrogen Production,22665,96.957,Very Good,Internacional,1.0
"Gómez-Romero, Ricardo",55568514480,"Comparative activity of CdS nanofibers superficially modified by Au, Cu, and Ni nanoparticles as co-catalysts for photocatalytic hydrogen production under visible light","Oros-Ruiz, S.| Hernández-Gordillo, A.| García-Mendoza, C.| Rodríguez-Rodríguez, A.A.| Gómez, R.",5.0,56013634600| 54893181400| 56008966400| 56054576300| 55568514480,2016.0,2016-08-01,Journal of Chemical Technology and Biotechnology,91,8,2205-2210,-,ISSN-02682575,16083.0,Journal,John Wiley and Sons Ltd,English,1.16,21,5,13,0.854,16,2.04,76.0,28.0,0.81,11.07,20.0,34.0,1.0,0.0,"Oros-Ruiz, S., Hernández-Gordillo, A., García-Mendoza, C. and 2 more (...) (2016).Comparative activity of CdS nanofibers superficially modified by Au, Cu, and Ni nanoparticles as co-catalysts for photocatalytic hydrogen production under visible light. Journal of Chemical Technology and Biotechnology,91(8) 2205-2210",https://www.scopus.com/record/display.url?eid=2-s2.0-84992311484&origin=resultslist,10.1002/jctb.4992,Article,,2-s2.0-84992311484,-,Universidad Autónoma Metropolitana| Centro de Investigacion en Materiales Avanzados| Universidad Nacional Autónoma de México,505017| 505029| 505023,Academic| Government,3.0,60028381| 60032442| 60015132,Universidad Autónoma Metropolitana -Unidad Iztapalapa| Universidad Nacional Autónoma de México| Centro de Investigacion en Materiales Avanzados,56013634600,55568514480,56013634600,-,Mexico,1.0,1305| 1500| 1604| 1605| 2103| 2105| 2310| 2311,"Biotechnology| General Chemical Engineering| Inorganic Chemistry| Organic Chemistry| Fuel Technology| Renewable Energy, Sustainability and the Environment| Pollution| Waste Management and Disposal",4| 5| 2| 3,Natural Sciences| Life Sciences & Medicine| Engineering & Technology| Social Sciences & Management,221| 424| 507| 409| 219| 249,Engineering - Electrical & Electronic| Environmental Sciences| Biological Sciences| Chemistry| Engineering - Chemical| Engineering - Petroleum,32| 36| 37,Life Sciences| Engineering| Physical Sciences,MD,Multidisciplinary,MD,Multidisciplinary,SDG 7,Photocatalytic Innovations in Carbon Dioxide Reduction,240,99.804,Photocatalytic Mechanisms for Hydrogen Generation,1523,99.882,Definitive,Nacional,3.0
"Gómez-Romero, Ricardo",55568514480,Photocatalytic reduction of 4-nitrophenol on in situ fluorinated sol–gel TiO2 under UV irradiation using Na2SO3 as reducing agent,"Castañeda, C.| Tzompantzi, F.| Gómez, R.",3.0,55319381400| 55993626500| 55568514480,2016.0,2016-11-01,Journal of Sol-Gel Science and Technology,80,2,426-435,-,ISSN-09280707,21188.0,Journal,Springer New York LLC,English,0.68,49,2.6,30,0.48,34,2.96,83.0,27.0,0.85,10.64,21.0,33.0,0.0,0.0,"Castañeda, C., Tzompantzi, F., Gómez, R. (2016).Photocatalytic reduction of 4-nitrophenol on in situ fluorinated sol–gel TiO2 under UV irradiation using Na2SO3 as reducing agent. Journal of Sol-Gel Science and Technology,80(2) 426-435",https://www.scopus.com/record/display.url?eid=2-s2.0-84976286831&origin=resultslist,10.1007/s10971-016-4104-2,Article,,2-s2.0-84976286831,-,Universidad Autónoma Metropolitana,505017,Academic,1.0,60028381,Universidad Autónoma Metropolitana -Unidad Iztapalapa,55319381400,55568514480,55319381400,-,Mexico,1.0,1600| 2502| 2503| 2504| 2505| 3104,"General Chemistry| Biomaterials| Ceramics and Composites| Electronic, Optical and Magnetic Materials| Materials Chemistry| Condensed Matter Physics",4,Natural Sciences,433| 409| 439,Materials Science| Chemistry| Physics & Astronomy,36| 37,Engineering| Physical Sciences,40,Engineering,4016,Materials engineering,-,Properties and Applications of Silver Nanoparticles,302,97.319,Catalytic Nanoparticles for Environmental Applications,2646,99.211,Very Good,UAM,1.0
"Gómez-Romero, Ricardo",55568514480,Novel preparation of ZnS from Zn5(CO3)2(OH)6 by the hydro- or solvothermal method for H2 production,"Aguilar, O.| Tzompantzi, F.| Pérez‐Hernández, R.| Gómez, R.| Hernández-Gordillo, A.",5.0,55953521700| 55993626500| 16480852200| 55568514480| 54893181400,2017.0,2017-01-01,Catalysis Today,287,-,91-98,-,ISSN-09205861,16377.0,Journal,Elsevier B.V.,English,1.35,15,8.3,9,1.347,13,1.72,63.0,27.0,0.83,18.02,21.0,34.0,0.0,0.0,"Aguilar, O., Tzompantzi, F., Pérez‐Hernández, R. and 2 more (...) (2017).Novel preparation of ZnS from Zn5(CO3)2(OH)6 by the hydro- or solvothermal method for H2 production. Catalysis Today,28791-98",https://www.scopus.com/record/display.url?eid=2-s2.0-85010664490&origin=resultslist,10.1016/j.cattod.2016.11.042,Article,,2-s2.0-85010664490,-,Universidad Autónoma Metropolitana| Instituto Nacional de Investigaciones Nucleares| Universidad Nacional Autónoma de México,505017| 505039| 505023,Academic| Government,3.0,60028381| 60010532| 60005971| 60032442,Universidad Autónoma Metropolitana -Unidad Iztapalapa| Instituto Nacional de Investigaciones Nucleares| Instituto de Investigaciones en Materiales| Universidad Nacional Autónoma de México,55953521700,54893181400,55993626500,-,Mexico,1.0,1503| 1600,Catalysis| General Chemistry,4| 2,Natural Sciences| Engineering & Technology,219| 249| 409,Engineering - Chemical| Engineering - Petroleum| Chemistry,37| 36,Physical Sciences| Engineering,40| 34,Engineering| Chemical Sciences,-,-,-,Quantum Dots and Their Multifaceted Applications,298,82.276,Zinc Sulfide Nanoparticles in Photonic Applications,2013,96.328,Definitive,Nacional,3.0
"Gómez-Romero, Ricardo",55568514480,Synthesis of transition metal doped lamellar double hydroxides as base catalysts for acetone aldol condensation,"Manríquez, M.E.| Hernández-Cortez, J.G.| Wang, J.A.| Chen, L.F.| Zuñiga-Moreno, A.| Gómez, R.",6.0,6603548737| 6508277057| 7701323074| 35387778700| 6508038599| 55568514480,2015.0,2015-12-01,Applied Clay Science,118,-,188-194,-,ISSN-01691317,24614.0,Journal,Elsevier Ltd,English,1.34,16,4.1,19,0.806,32,3.55,77.0,25.0,0.24,8.44,24.0,59.0,0.0,0.0,"Manríquez, M.E., Hernández-Cortez, J.G., Wang, J.A. and 3 more (...) (2015).Synthesis of transition metal doped lamellar double hydroxides as base catalysts for acetone aldol condensation. Applied Clay Science,118188-194",https://www.scopus.com/record/display.url?eid=2-s2.0-84943810870&origin=resultslist,10.1016/j.clay.2015.10.002,Article,,2-s2.0-84943810870,-,Universidad Autónoma Metropolitana| Instituto Politécnico Nacional| Instituto Mexicano del Petroleo,505017| 505011| 505005,Academic| Government,3.0,60019176| 60006489| 60019271| 60028381,Instituto Politécnico Nacional| Escuela Superior de Ingenieria Quimica e Industrias Extractivas| Instituto Mexicano Del Petroleo| Universidad Autónoma Metropolitana -Unidad Iztapalapa,6603548737,55568514480,6508277057,-,Mexico,1.0,1906| 1907,Geochemistry and Petrology| Geology,2| 4,Engineering & Technology| Natural Sciences,450| 416| 249| 247,Geology| Earth & Marine Sciences| Engineering - Petroleum| Engineering - Mineral & Mining,37,Physical Sciences,37| 40,Earth Sciences| Engineering,-,-,-,Layered Double Hydroxides in Polymer Nanocomposites,484,61.282,Layered Double Hydroxides in Nanocomposite Applications,164,98.303,Definitive,Nacional,3.0
"Gómez-Romero, Ricardo",55568514480,Effective photocatalytic degradation of Rhodamine B using tin semiconductors over hydrotalcite-type materials under sunlight driven,"Mancipe, S.| Martínez, J.J.| Pinzón, C.| Rojas, H.| Solis, D.| Gómez, R.",6.0,55184040100| 7404312604| 57221330380| 23025604300| 26221500700| 55568514480,2021.0,2021-07-15,Catalysis Today,372,-,191-197,-,ISSN-09205861,16377.0,Journal,Elsevier B.V.,English,1.2,23,10.4,11,1.094,15,3.03,86.0,23.0,0.72,20.97,18.0,38.0,0.0,0.0,"Mancipe, S., Martínez, J.J., Pinzón, C. and 3 more (...) (2021).Effective photocatalytic degradation of Rhodamine B using tin semiconductors over hydrotalcite-type materials under sunlight driven. Catalysis Today,372191-197",https://www.scopus.com/record/display.url?eid=2-s2.0-85098857142&origin=resultslist,10.1016/j.cattod.2020.12.014,Article,,2-s2.0-85098857142,-,Universidad Autónoma Metropolitana| Universidad Autonoma del Estado de Mexico| Universidad Pedagógica y Tecnológica de Colombia,505017| 505051| 700982,Academic,3.0,60077378| 60002281| 60014923,Universidad Pedagógica y Tecnológica de Colombia| Universidad Autónoma del Estado de México| Universidad Autónoma Metropolitana,55184040100,55568514480,55184040100,-,Mexico| Colombia,2.0,1503| 1600,Catalysis| General Chemistry,2| 4,Engineering & Technology| Natural Sciences,249| 219| 409,Engineering - Petroleum| Engineering - Chemical| Chemistry,36| 37,Engineering| Physical Sciences,40| 34,Engineering| Chemical Sciences,-,-,-,Photocatalytic Innovations in Carbon Dioxide Reduction,240,99.804,Photocatalytic Innovations in Layered Double Hydroxides,39180,94.103,Very Good,Internacional,2.0
"Gómez-Romero, Ricardo",55568514480,Synthesis of Bi2S3 nanorods supported on ZrO2 semiconductor as an efficient photocatalyst for hydrogen production under UV and visible light,"García-Mendoza, C.| Oros-Ruiz, S.| Ramírez-Rave, S.| Morales-Mendoza, G.| López, R.| Gómez, R.",6.0,56008966400| 56013634600| 55903518400| 36994821200| 26537909100| 55568514480,2017.0,2017-07-01,Journal of Chemical Technology and Biotechnology,92,7,1503-1510,-,ISSN-02682575,16083.0,Journal,John Wiley and Sons Ltd,English,0.98,31,5,16,0.766,22,3.58,127.0,23.0,0.74,12.16,24.0,37.0,0.0,0.0,"García-Mendoza, C., Oros-Ruiz, S., Ramírez-Rave, S. and 3 more (...) (2017).Synthesis of Bi2S3 nanorods supported on ZrO2 semiconductor as an efficient photocatalyst for hydrogen production under UV and visible light. Journal of Chemical Technology and Biotechnology,92(7) 1503-1510",https://www.scopus.com/record/display.url?eid=2-s2.0-85017473441&origin=resultslist,10.1002/jctb.5262,Article,,2-s2.0-85017473441,-,Universidad Autónoma Metropolitana| Universidad Juarez Autonoma de Tabasco| Universidad Nacional Autónoma de México,505017| 705961| 505023,Academic,3.0,60028381| 60032442| 60025378,Universidad Autónoma Metropolitana -Unidad Iztapalapa| Universidad Nacional Autónoma de México| Universidad Juárez Autónoma de Tabasco,56008966400,55568514480,56013634600,-,Mexico,1.0,1305| 1500| 1604| 1605| 2103| 2105| 2310| 2311,"Biotechnology| General Chemical Engineering| Inorganic Chemistry| Organic Chemistry| Fuel Technology| Renewable Energy, Sustainability and the Environment| Pollution| Waste Management and Disposal",3| 5| 4| 2,Social Sciences & Management| Life Sciences & Medicine| Natural Sciences| Engineering & Technology,409| 249| 424| 507| 221| 219,Chemistry| Engineering - Petroleum| Environmental Sciences| Biological Sciences| Engineering - Electrical & Electronic| Engineering - Chemical,32| 37| 36,Life Sciences| Physical Sciences| Engineering,MD,Multidisciplinary,MD,Multidisciplinary,-,Superconducting Tapes and Fault Current Limiting,904,26.03,Bismuth-Based Superconductors and Photocatalytic Innovations,82703,23.316,Definitive,Nacional,3.0
"Gómez-Romero, Ricardo",55568514480,Effective electron–hole separation over N-doped TiO2 materials for improved photocatalytic reduction of 4-nitrophenol using visible light,"May Ix, L.A.| Estrella González, A.| Cipagauta-Díaz, S.| Gómez, R.",4.0,56367457400| 57190151020| 57195313535| 55568514480,2020.0,2020-10-01,Journal of Chemical Technology and Biotechnology,95,10,2694-2706,-,ISSN-02682575,16083.0,Journal,John Wiley and Sons Ltd,English,0.78,46,5.3,21,0.64,27,1.21,44.0,23.0,0.76,15.88,21.0,35.0,0.0,0.0,"May Ix, L.A., Estrella González, A., Cipagauta-Díaz, S. and 1 more (...) (2020).Effective electron–hole separation over N-doped TiO2 materials for improved photocatalytic reduction of 4-nitrophenol using visible light. Journal of Chemical Technology and Biotechnology,95(10) 2694-2706",https://www.scopus.com/record/display.url?eid=2-s2.0-85080975065&origin=resultslist,10.1002/jctb.6365,Article,,2-s2.0-85080975065,-,Consejo Nacional de Ciencia y Tecnologia Mexico| Universidad Autónoma Metropolitana,704696| 505017,Government| Academic,2.0,60028381| 60027998,"Universidad Autónoma Metropolitana -Unidad Iztapalapa| Secretaría de Ciencia, Humanidades, Tecnología e Innovación",56367457400,55568514480,57195313535,-,Mexico,1.0,1305| 1500| 1604| 1605| 2103| 2105| 2310| 2311,"Biotechnology| General Chemical Engineering| Inorganic Chemistry| Organic Chemistry| Fuel Technology| Renewable Energy, Sustainability and the Environment| Pollution| Waste Management and Disposal",5| 3| 4| 2,Life Sciences & Medicine| Social Sciences & Management| Natural Sciences| Engineering & Technology,219| 409| 507| 424| 249| 221,Engineering - Chemical| Chemistry| Biological Sciences| Environmental Sciences| Engineering - Petroleum| Engineering - Electrical & Electronic,36| 37| 32,Engineering| Physical Sciences| Life Sciences,MD,Multidisciplinary,MD,Multidisciplinary,-,Photocatalytic Properties of Titanium Dioxide Structures,62,94.768,Photocatalytic Innovations in Titanium Dioxide Applications,47,98.985,Definitive,Nacional,2.0
"Gómez-Romero, Ricardo",55568514480,Ga2O3/TiO2 semiconductors free of noble metals for the photocatalytic hydrogen production in a water/methanol mixture,"Navarrete, M.| Cipagauta-Díaz, S.| Gómez, R.",3.0,57207934678| 57195313535| 55568514480,2019.0,2019-11-01,Journal of Chemical Technology and Biotechnology,94,11,3457-3465,-,ISSN-02682575,16083.0,Journal,John Wiley and Sons Ltd,English,0.85,40,4.8,21,0.661,23,1.61,67.0,20.0,0.67,15.02,25.0,40.0,0.0,0.0,"Navarrete, M., Cipagauta-Díaz, S., Gómez, R. (2019).Ga2O3/TiO2 semiconductors free of noble metals for the photocatalytic hydrogen production in a water/methanol mixture. Journal of Chemical Technology and Biotechnology,94(11) 3457-3465",https://www.scopus.com/record/display.url?eid=2-s2.0-85063260269&origin=resultslist,10.1002/jctb.5967,Article,,2-s2.0-85063260269,-,Consejo Nacional de Ciencia y Tecnologia Mexico| Universidad Autónoma Metropolitana,704696| 505017,Government| Academic,2.0,60028381| 60027998| 60014923,"Universidad Autónoma Metropolitana -Unidad Iztapalapa| Secretaría de Ciencia, Humanidades, Tecnología e Innovación| Universidad Autónoma Metropolitana",57207934678,55568514480,57195313535,-,Mexico,1.0,1305| 1500| 1604| 1605| 2103| 2105| 2310| 2311,"Biotechnology| General Chemical Engineering| Inorganic Chemistry| Organic Chemistry| Fuel Technology| Renewable Energy, Sustainability and the Environment| Pollution| Waste Management and Disposal",4| 3| 2| 5,Natural Sciences| Social Sciences & Management| Engineering & Technology| Life Sciences & Medicine,219| 221| 249| 424| 507| 409,Engineering - Chemical| Engineering - Electrical & Electronic| Engineering - Petroleum| Environmental Sciences| Biological Sciences| Chemistry,37| 32| 36,Physical Sciences| Life Sciences| Engineering,MD,Multidisciplinary,MD,Multidisciplinary,SDG 7,Luminescent Phosphors and Upconversion Nanomaterials Applications,58,96.01,High-Performance β-Ga2O3 Thin Films for Electronics,1527,99.675,Defensible,Nacional,2.0
"Gómez-Romero, Ricardo",55568514480,Efficient ZnO1-xSx composites from the Zn5(CO3)2(OH)6 precursor for the H2 production by photocatalysis,"Aguilar-Martínez, O.| Hernández-Gordillo, A.| Pérez-Hernández, R.| Acevedo-Peña, P.| Arrieta-Castañeda, A.| Gómez, R.| Tzompantzi, F.",7.0,55953521700| 54893181400| 16480852200| 56074239100| 56411741500| 55568514480| 55993626500,2017.0,2017-01-01,Renewable Energy,113,-,43-51,-,ISSN-09601481,27569.0,Journal,Elsevier Ltd,English,2.04,6,8.4,11,1.847,13,1.91,100.0,20.0,0.53,20.69,27.0,45.0,1.0,0.0,"Aguilar-Martínez, O., Hernández-Gordillo, A., Pérez-Hernández, R. and 4 more (...) (2017).Efficient ZnO1-xSx composites from the Zn5(CO3)2(OH)6 precursor for the H2 production by photocatalysis. Renewable Energy,11343-51",https://www.scopus.com/record/display.url?eid=2-s2.0-85019835943&origin=resultslist,10.1016/j.renene.2017.05.049,Article,,2-s2.0-85019835943,-,Universidad Autónoma Metropolitana| Instituto Nacional de Investigaciones Nucleares| Instituto Politécnico Nacional| Universidad Nacional Autónoma de México,505017| 505039| 505011| 505023,Academic| Government,4.0,60028381| 60032442| 60010532| 60019176,Universidad Autónoma Metropolitana -Unidad Iztapalapa| Universidad Nacional Autónoma de México| Instituto Nacional de Investigaciones Nucleares| Instituto Politécnico Nacional,55953521700,55993626500,55953521700,-,Mexico,1.0,2105,"Renewable Energy, Sustainability and the Environment",2,Engineering & Technology,221,Engineering - Electrical & Electronic,36,Engineering,40,Engineering,-,-,-,Quantum Dots and Their Multifaceted Applications,298,82.276,Zinc Sulfide Nanoparticles in Photonic Applications,2013,96.328,Very Good,Nacional,4.0
"Gómez-Romero, Ricardo",55568514480,Synthesis and characterization of ZnZr composites for the photocatalytic degradation of phenolic molecules: addition effect of ZrO2 over hydrozincite Zn5(OH)6(CO3)2,"Tzompantzi-Flores, C.| Castillo-Rodríguez, J.C.| Gómez, R.| Tzompantzi, F.| Pérez-Hernández, R.| De la Luz Tlapaya, V.| Santolalla-Vargas, C.E.",7.0,57205183413| 57207253128| 55568514480| 55993626500| 16480852200| 57207259439| 56600701100,2019.0,2019-11-01,Journal of Chemical Technology and Biotechnology,94,11,3428-3439,-,ISSN-02682575,16083.0,Journal,John Wiley and Sons Ltd,English,0.85,40,4.8,21,0.661,23,2.47,85.0,19.0,0.73,15.02,26.0,37.0,0.0,0.0,"Tzompantzi-Flores, C., Castillo-Rodríguez, J.C., Gómez, R. and 4 more (...) (2019).Synthesis and characterization of ZnZr composites for the photocatalytic degradation of phenolic molecules: addition effect of ZrO2 over hydrozincite Zn5(OH)6(CO3)2. Journal of Chemical Technology and Biotechnology,94(11) 3428-3439",https://www.scopus.com/record/display.url?eid=2-s2.0-85062340256&origin=resultslist,10.1002/jctb.5928,Article,,2-s2.0-85062340256,-,Universidad Autónoma Metropolitana| Instituto Nacional de Investigaciones Nucleares| Instituto Politécnico Nacional,505017| 505039| 505011,Government| Academic,3.0,60028381| 60010532| 60019176,Universidad Autónoma Metropolitana -Unidad Iztapalapa| Instituto Nacional de Investigaciones Nucleares| Instituto Politécnico Nacional,57205183413,56600701100,57205183413,-,Mexico,1.0,1305| 1500| 1604| 1605| 2103| 2105| 2310| 2311,"Biotechnology| General Chemical Engineering| Inorganic Chemistry| Organic Chemistry| Fuel Technology| Renewable Energy, Sustainability and the Environment| Pollution| Waste Management and Disposal",5| 3| 2| 4,Life Sciences & Medicine| Social Sciences & Management| Engineering & Technology| Natural Sciences,424| 409| 249| 507| 219| 221,Environmental Sciences| Chemistry| Engineering - Petroleum| Biological Sciences| Engineering - Chemical| Engineering - Electrical & Electronic,36| 37| 32,Engineering| Physical Sciences| Life Sciences,MD,Multidisciplinary,MD,Multidisciplinary,-,Mesoporous Silica Materials for Advanced Applications,577,60.105,Interfacial Water Dynamics in Silica Nanocomposites,18833,69.55,Weak,Nacional,3.0
"Gómez-Romero, Ricardo",55568514480,Effect of the Oxygen Vacancies in CeO2 by the Ce3+ Incorporation to Enhance the Photocatalytic Mineralization of Phenol,"Méndez-Salazar, S.| Aguilar-Martínez, O.| Piña-Pérez, Y.| Pérez-Hernández, R.| Santolalla-Vargas, C.E.| Gómez, R.| Tzompantzi, F.",7.0,57224458526| 55953521700| 57195458194| 16480852200| 56600701100| 55568514480| 55993626500,2021.0,2021-04-15,ChemistrySelect,6,14,3435-3443,-,ISSN-23656549,21100850505.0,Journal,John Wiley and Sons Inc,English,0.45,68,3.6,43,0.407,47,1.82,52.0,19.0,0.6,18.28,21.0,43.0,0.0,0.0,"Méndez-Salazar, S., Aguilar-Martínez, O., Piña-Pérez, Y. and 4 more (...) (2021).Effect of the Oxygen Vacancies in CeO2 by the Ce3+ Incorporation to Enhance the Photocatalytic Mineralization of Phenol. ChemistrySelect,6(14) 3435-3443",https://www.scopus.com/record/display.url?eid=2-s2.0-85107570231&origin=resultslist,10.1002/slct.202100459,Article,,2-s2.0-85107570231,-,Universidad Autónoma Metropolitana| Instituto Nacional de Investigaciones Nucleares| Instituto Politécnico Nacional,505017| 505039| 505011,Government| Academic,3.0,60028381| 60010532| 60019176,Universidad Autónoma Metropolitana -Unidad Iztapalapa| Instituto Nacional de Investigaciones Nucleares| Instituto Politécnico Nacional,57224458526,55993626500,57195458194,-,Mexico,1.0,1600,General Chemistry,4,Natural Sciences,409,Chemistry,37,Physical Sciences,34,Chemical Sciences,-,-,SDG 12,Luminescent Phosphors and Upconversion Nanomaterials Applications,58,96.01,Ceria Nanoparticles in Catalytic Applications,1556,98.565,Definitive,Nacional,3.0
"Gómez-Romero, Ricardo",55568514480,Accelerated transfer and separation of charge carriers during the photocatalytic production of hydrogen over Au/ZrO2–TiO2 structures by interfacial energy states,"Ramírez-Ortega, D.| Guerrero-Araque, D.| Sierra-Uribe, J.H.| Camposeco, R.| Gómez, R.| Zanella, R.",6.0,35196763200| 57207697416| 56659493100| 36760357900| 55568514480| 7004070438,2023.0,2023-05-15,International Journal of Hydrogen Energy,48,42,15956-15966,-,ISSN-03603199,26991.0,Journal,Elsevier Ltd,English,1.38,14,13.5,5,1.513,8,3.27,78.0,19.0,1.35,14.09,12.0,21.0,0.0,0.0,"Ramírez-Ortega, D., Guerrero-Araque, D., Sierra-Uribe, J.H. and 3 more (...) (2023).Accelerated transfer and separation of charge carriers during the photocatalytic production of hydrogen over Au/ZrO2–TiO2 structures by interfacial energy states. International Journal of Hydrogen Energy,48(42) 15956-15966",https://www.scopus.com/record/display.url?eid=2-s2.0-85148714867&origin=resultslist,10.1016/j.ijhydene.2023.01.134,Article,,2-s2.0-85148714867,-,Consejo Nacional de Ciencia y Tecnologia Mexico| Universidad Autónoma Metropolitana| Universidad Nacional Autónoma de México,704696| 505017| 505023,Academic| Government,3.0,60032442| 60014923| 60027998,"Universidad Nacional Autónoma de México| Universidad Autónoma Metropolitana| Secretaría de Ciencia, Humanidades, Tecnología e Innovación",35196763200,7004070438,57207697416| 7004070438,-,Mexico,1.0,2102| 2103| 2105| 3104,"Energy Engineering and Power Technology| Fuel Technology| Renewable Energy, Sustainability and the Environment| Condensed Matter Physics",2| 4,Engineering & Technology| Natural Sciences,249| 439| 221,Engineering - Petroleum| Physics & Astronomy| Engineering - Electrical & Electronic,36| 37,Engineering| Physical Sciences,40| 34,Engineering| Chemical Sciences,-,-,SDG 7,Photocatalytic Properties of Titanium Dioxide Structures,62,94.768,TiO2-Based Catalysts for Enhanced Hydrogen Production,22665,96.957,Definitive,Nacional,3.0
"Gómez-Romero, Ricardo",55568514480,Photoreduction of 4-Nitrophenol in the presence of carboxylic acid using CdS nanofibers,"Hernández-Gordillo, A.| Acevedo-Peña, P.| Bizarro, M.| Rodil, S.E.| Gómez, R.",5.0,54893181400| 56074239100| 9333008200| 55995935000| 55568514480,2018.0,2018-05-01,Journal of Materials Science: Materials in Electronics,29,9,7345-7355,-,ISSN-09574522,21177.0,Journal,Springer New York LLC,English,0.71,49,3.3,31,0.487,31,2.2,49.0,18.0,1.1,10.92,29.0,26.0,0.0,0.0,"Hernández-Gordillo, A., Acevedo-Peña, P., Bizarro, M. and 2 more (...) (2018).Photoreduction of 4-Nitrophenol in the presence of carboxylic acid using CdS nanofibers. Journal of Materials Science: Materials in Electronics,29(9) 7345-7355",https://www.scopus.com/record/display.url?eid=2-s2.0-85041528680&origin=resultslist,10.1007/s10854-018-8724-x,Article,,2-s2.0-85041528680,-,Consejo Nacional de Ciencia y Tecnologia Mexico| Universidad Autónoma Metropolitana| Instituto Politécnico Nacional| Universidad Nacional Autónoma de México,704696| 505017| 505011| 505023,Academic| Government,4.0,60032442| 60013076| 60019176| 60027998| 60028381,"Universidad Nacional Autónoma de México| Centro de Investigacion en Ciencia Aplicada y Tecnologia Avanzada| Instituto Politécnico Nacional| Secretaría de Ciencia, Humanidades, Tecnología e Innovación| Universidad Autónoma Metropolitana -Unidad Iztapalapa",54893181400,55568514480,54893181400,-,Mexico,1.0,2208| 2504| 3104| 3107,"Electrical and Electronic Engineering| Electronic, Optical and Magnetic Materials| Condensed Matter Physics| Atomic and Molecular Physics, and Optics",2| 4,Engineering & Technology| Natural Sciences,249| 439| 433| 221,Engineering - Petroleum| Physics & Astronomy| Materials Science| Engineering - Electrical & Electronic,37| 36,Physical Sciences| Engineering,51| 40,Physical Sciences| Engineering,5104| 4016,Condensed matter physics| Materials engineering,-,Properties and Applications of Silver Nanoparticles,302,97.319,Catalytic Nanoparticles for Environmental Applications,2646,99.211,Defensible,Nacional,4.0
"Gómez-Romero, Ricardo",55568514480,Preparation and characterization of the polycrystalline material Zn5(OH)6(CO3)2. Determination of the active species in oxide-reduction processes,"Tzompantzi, F.| Tzompantzi-Flores, C.| Portillo-Vélez, N.S.| Castillo-Rodríguez, J.C.| Gómez, R.| Pérez Hernández, R.| Santolalla-Vargas, C.E.",7.0,55993626500| 57205183413| 55777159700| 57207253128| 55568514480| 16480852200| 56600701100,2020.0,2020-12-01,Fuel,281,-,-,118471,ISSN-00162361,16313.0,Journal,Elsevier Ltd,English,1.95,7,9.8,7,1.56,6,1.36,56.0,17.0,0.34,14.61,28.0,56.0,0.0,0.0,"Tzompantzi, F., Tzompantzi-Flores, C., Portillo-Vélez, N.S. and 4 more (...) (2020).Preparation and characterization of the polycrystalline material Zn5(OH)6(CO3)2. Determination of the active species in oxide-reduction processes. Fuel,281",https://www.scopus.com/record/display.url?eid=2-s2.0-85088211964&origin=resultslist,10.1016/j.fuel.2020.118471,Article,,2-s2.0-85088211964,-,Universidad Autónoma Metropolitana| Instituto Nacional de Investigaciones Nucleares| Instituto Politécnico Nacional,505017| 505039| 505011,Government| Academic,3.0,60028381| 60010532| 60019176,Universidad Autónoma Metropolitana -Unidad Iztapalapa| Instituto Nacional de Investigaciones Nucleares| Instituto Politécnico Nacional,55993626500,56600701100,55993626500,-,Mexico,1.0,1500| 1605| 2102| 2103,General Chemical Engineering| Organic Chemistry| Energy Engineering and Power Technology| Fuel Technology,2| 4,Engineering & Technology| Natural Sciences,219| 409| 249| 221,Engineering - Chemical| Chemistry| Engineering - Petroleum| Engineering - Electrical & Electronic,37| 36,Physical Sciences| Engineering,40,Engineering,4012| 4019| 4004,Fluid mechanics and thermal engineering| Resources engineering and extractive metallurgy| Chemical engineering,-,Mesoporous Silica Materials for Advanced Applications,577,60.105,Interfacial Water Dynamics in Silica Nanocomposites,18833,69.55,Defensible,Nacional,3.0
"Gómez-Romero, Ricardo",55568514480,Efficient NiO/F–TiO2 nanocomposites for 4-chlorophenol photodegradation,"Castañeda, C.| Santos, D.| Hernández, J.S.| Álvarez, A.| Rojas, H.| Gómez, R.| Rajabi, F.| Martínez, J.J.| Luque, R.",9.0,55319381400| 58055315300| 57214748955| 58055957300| 23025604300| 55568514480| 57203122491| 7404312604| 26643003700,2023.0,2023-02-01,Chemosphere,315,-,-,137606,ISSN-00456535,24657.0,Journal,Elsevier Ltd,English,1.51,11,15.8,2,1.806,5,3.25,84.0,16.0,1.21,13.21,14.0,24.0,0.0,0.0,"Castañeda, C., Santos, D., Hernández, J.S. and 6 more (...) (2023).Efficient NiO/F–TiO2 nanocomposites for 4-chlorophenol photodegradation. Chemosphere,315",https://www.scopus.com/record/display.url?eid=2-s2.0-85146027911&origin=resultslist,10.1016/j.chemosphere.2022.137606,Article,,2-s2.0-85146027911,36574787,Payame Noor University| Universidad Autónoma Metropolitana| University of Córdoba| Universidad Pedagógica y Tecnológica de Colombia| Universidad ECOTEC,404041| 505017| 312019| 700982| 716913,Academic,5.0,60077378| 60028381| 60027546| 60003138| 60110590,Universidad Pedagógica y Tecnológica de Colombia| Universidad Autónoma Metropolitana -Unidad Iztapalapa| Payame Noor University| Universidad de Córdoba| Universidad ECOTEC,55319381400,26643003700,55319381400,-,Spain| Ecuador| Mexico| Colombia| Iran,5.0,1600| 2304| 2305| 2307| 2310| 2739,"General Chemistry| Environmental Chemistry| Environmental Engineering| Health, Toxicology and Mutagenesis| Pollution| Public Health, Environmental and Occupational Health",3| 5| 4| 2,Social Sciences & Management| Life Sciences & Medicine| Natural Sciences| Engineering & Technology,409| 424| 249| 532,Chemistry| Environmental Sciences| Engineering - Petroleum| Medicine,34| 37,Medical and Health| Physical Sciences,MD,Multidisciplinary,MD,Multidisciplinary,-,Photocatalytic Innovations in Carbon Dioxide Reduction,240,99.804,Photocatalytic Innovations in Layered Double Hydroxides,39180,94.103,Definitive,Internacional,1.0
"Gómez-Romero, Ricardo",55568514480,High photoactivity of Bi2O2(CO3)/Zn5(CO3)2(OH)6 prepared by a facile one-pot synthesis for the efficient degradation of phenol under UV light,"Castillo-Rodríguez, J.| Tzompantzi-Flores, C.| Piña-Pérez, Y.| Tzompantzi, F.| Salinas-Hernández, P.| Morales-Anzures, F.| Santolalla-Vargas, C.E.| Gómez, R.",8.0,57207253128| 57205183413| 57195458194| 55993626500| 6603056398| 23982844700| 56600701100| 55568514480,2020.0,2020-11-01,Journal of Photochemistry and Photobiology A: Chemistry,402,-,-,112816,ISSN-10106030,26966.0,Journal,Elsevier B.V.,English,0.87,40,6.5,12,0.714,25,1.39,57.0,16.0,0.32,15.56,29.0,57.0,0.0,0.0,"Castillo-Rodríguez, J., Tzompantzi-Flores, C., Piña-Pérez, Y. and 5 more (...) (2020).High photoactivity of Bi2O2(CO3)/Zn5(CO3)2(OH)6 prepared by a facile one-pot synthesis for the efficient degradation of phenol under UV light. Journal of Photochemistry and Photobiology A: Chemistry,402",https://www.scopus.com/record/display.url?eid=2-s2.0-85089019569&origin=resultslist,10.1016/j.jphotochem.2020.112816,Article,,2-s2.0-85089019569,-,Universidad Autónoma Metropolitana| Instituto Nacional de Investigaciones Nucleares| Instituto Politécnico Nacional,505017| 505039| 505011,Academic| Government,3.0,60028381| 60010532| 110150716| 60019176,Universidad Autónoma Metropolitana -Unidad Iztapalapa| Instituto Nacional de Investigaciones Nucleares| Instituto de Estudios de la Energiá| Instituto Politécnico Nacional,57207253128,55568514480,57195458194,-,Mexico,1.0,1500| 1600| 3100,General Chemical Engineering| General Chemistry| General Physics and Astronomy,2| 4,Engineering & Technology| Natural Sciences,439| 219| 409,Physics & Astronomy| Engineering - Chemical| Chemistry,37| 36,Physical Sciences| Engineering,40| 34| 31,Engineering| Chemical Sciences| Biological Sciences,-,-,-,Photocatalytic Innovations in Carbon Dioxide Reduction,240,99.804,Photocatalytic Nanosheets for Environmental Applications,1436,99.816,Very Good,Nacional,3.0
"Gómez-Romero, Ricardo",55568514480,Addition of SnO2 over an oxygen deficient zirconium oxide (ZrxOy) and its catalytic evaluation for the photodegradation of phenol in water,"Tzompantzi, F.| Castillo-Rodríguez, J.C.| Tzompantzi-Flores, C.| Pérez-Hernández, R.| Gómez, R.| Santolalla-Vargas, C.E.| Che-Galicia, G.| Ramos-Ramírez, E.",8.0,55993626500| 57207253128| 57205183413| 16480852200| 55568514480| 56600701100| 55619596000| 55989786900,2022.0,2022-07-01,Catalysis Today,394-396,-,376-389,-,ISSN-09205861,16377.0,Journal,Elsevier B.V.,English,1.08,26,11.9,10,1.053,15,2.65,80.0,16.0,0.68,20.72,20.0,40.0,0.0,0.0,"Tzompantzi, F., Castillo-Rodríguez, J.C., Tzompantzi-Flores, C. and 5 more (...) (2022).Addition of SnO2 over an oxygen deficient zirconium oxide (ZrxOy) and its catalytic evaluation for the photodegradation of phenol in water. Catalysis Today,394-396376-389",https://www.scopus.com/record/display.url?eid=2-s2.0-85112511157&origin=resultslist,10.1016/j.cattod.2021.07.027,Article,,2-s2.0-85112511157,-,Benemerita Universidad Autonoma de Puebla| Universidad de Guanajuato| Universidad Autónoma Metropolitana| Instituto Nacional de Investigaciones Nucleares| Instituto Politécnico Nacional,505001| 505020| 505017| 505039| 505011,Academic| Government,5.0,60028381| 60010532| 60019176| 60024830| 60033291,Universidad Autónoma Metropolitana -Unidad Iztapalapa| Instituto Nacional de Investigaciones Nucleares| Instituto Politécnico Nacional| Benemérita Universidad Autónoma de Puebla| Universidad de Guanajuato,55993626500,55989786900,57207253128,-,Mexico,1.0,1503| 1600,Catalysis| General Chemistry,2| 4,Engineering & Technology| Natural Sciences,249| 409| 219,Engineering - Petroleum| Chemistry| Engineering - Chemical,36| 37,Engineering| Physical Sciences,40| 34,Engineering| Chemical Sciences,-,-,-,Solid Oxide Fuel Cell Technology,335,85.154,Zirconia Nanoparticles in Advanced Material Applications,5868,94.404,Defensible,Nacional,5.0
"Gómez-Romero, Ricardo",55568514480,A functional assembly of SiO2 nanospheres/graphene oxide composites,"Iturbe-Ek, J.| Andrade-Martínez, J.| Gómez, R.| Rodríguez-González, V.",4.0,56449411600| 56449349900| 55568514480| 57204665220,2015.0,2015-03-01,Materials Letters,142,-,75-79,-,ISSN-0167577X,28697.0,Journal,Elsevier,English,1.02,28,4.3,10,0.767,22,3.72,105.0,16.0,0.87,9.24,33.0,32.0,0.0,0.0,"Iturbe-Ek, J., Andrade-Martínez, J., Gómez, R. and 1 more (...) (2015).A functional assembly of SiO2 nanospheres/graphene oxide composites. Materials Letters,14275-79",https://www.scopus.com/record/display.url?eid=2-s2.0-84918527953&origin=resultslist,10.1016/j.matlet.2014.11.149,Article,,2-s2.0-84918527953,-,Universidad Autónoma Metropolitana| Universidad Autonoma de San Luis Potosi| Instituto Potosino de Investigacion Cientifica y Tecnologica,505017| 505014| 505043,Government| Academic,3.0,60002151| 60031335| 60028381,"Instituto Potosino de Investigación Científica y Tecnológica, A.C.| Universidad Autónoma de San Luis Potosí| Universidad Autónoma Metropolitana -Unidad Iztapalapa",56449411600,57204665220,57204665220,-,Mexico,1.0,2210| 2211| 2500| 3104,Mechanical Engineering| Mechanics of Materials| General Materials Science| Condensed Matter Physics,2| 4,Engineering & Technology| Natural Sciences,222| 433| 439,Engineering - Mechanical| Materials Science| Physics & Astronomy,36| 37,Engineering| Physical Sciences,34| 51| 40,Chemical Sciences| Physical Sciences| Engineering,-,-,-,Graphene-Based Nanocomposites for Enhanced Properties,653,93.46,Graphene Nanocomposites and Their Multifaceted Applications,66,99.466,Defensible,Nacional,3.0
"Gómez-Romero, Ricardo",55568514480,"Photocatalytic degradation of 2,4-dichlorophenol on ZrO2–TiO2: influence of crystal size, surface area, and energetic states","Guerrero-Araque, D.| Ramírez-Ortega, D.| Acevedo-Peña, P.| Zanella, R.| Gómez, R.",5.0,57207697416| 35196763200| 56074239100| 7004070438| 55568514480,2020.0,2020-02-01,Journal of Materials Science: Materials in Electronics,31,4,3332-3341,-,ISSN-09574522,21177.0,Journal,Springer,English,0.66,53,4,32,0.489,36,2.7,65.0,15.0,0.73,12.29,31.0,36.0,0.0,0.0,"Guerrero-Araque, D., Ramírez-Ortega, D., Acevedo-Peña, P. and 2 more (...) (2020).Photocatalytic degradation of 2,4-dichlorophenol on ZrO2–TiO2: influence of crystal size, surface area, and energetic states. Journal of Materials Science: Materials in Electronics,31(4) 3332-3341",https://www.scopus.com/record/display.url?eid=2-s2.0-85078279396&origin=resultslist,10.1007/s10854-020-02881-2,Article,,2-s2.0-85078279396,-,Consejo Nacional de Ciencia y Tecnologia Mexico| Universidad Autónoma Metropolitana| Instituto Politécnico Nacional| Universidad Nacional Autónoma de México,704696| 505017| 505011| 505023,Academic| Government,4.0,60014923| 60027998| 60032442| 60013076| 60019176,"Universidad Autónoma Metropolitana| Secretaría de Ciencia, Humanidades, Tecnología e Innovación| Universidad Nacional Autónoma de México| Centro de Investigacion en Ciencia Aplicada y Tecnologia Avanzada| Instituto Politécnico Nacional",57207697416,55568514480,57207697416,-,Mexico,1.0,2208| 2504| 3104| 3107,"Electrical and Electronic Engineering| Electronic, Optical and Magnetic Materials| Condensed Matter Physics| Atomic and Molecular Physics, and Optics",4| 2,Natural Sciences| Engineering & Technology,433| 221| 439| 249,Materials Science| Engineering - Electrical & Electronic| Physics & Astronomy| Engineering - Petroleum,36| 37,Engineering| Physical Sciences,40| 51,Engineering| Physical Sciences,4016| 5104,Materials engineering| Condensed matter physics,-,Photocatalytic Properties of Titanium Dioxide Structures,62,94.768,Photocatalytic Nanocomposites for Organic Pollutant Degradation,72604,70.942,Weak,Nacional,4.0
"Gómez-Romero, Ricardo",55568514480,Hydrogen production from aqueous methanol solutions using Ti–Zr mixed oxides as photocatalysts under UV irradiation,"Pérez-Larios, A.| Rico, J.L.| Anaya-Esparza, L.M.| Vargas, O.A.G.| González-Silva, N.| Gómez, R.",6.0,58556366400| 55989769000| 57191537165| 55598969500| 36088504200| 55568514480,2019.0,2019-11-01,Catalysts,9,11,-,938,ISSN-20734344,21100332402.0,Journal,MDPI,English,0.9,37,3.7,45,0.722,32,0.62,22.0,15.0,0.69,15.96,31.0,39.0,0.0,0.0,"Pérez-Larios, A., Rico, J.L., Anaya-Esparza, L.M. and 3 more (...) (2019).Hydrogen production from aqueous methanol solutions using Ti–Zr mixed oxides as photocatalysts under UV irradiation. Catalysts,9(11) ",https://www.scopus.com/record/display.url?eid=2-s2.0-85074729725&origin=resultslist,10.3390/catal9110938,Article,Gold|Green,2-s2.0-85074729725,-,Universidad Autónoma Metropolitana| Universidad Michoacana de San Nicolas de Hidalgo| Universidad de Guadalajara| Instituto Politécnico Nacional,505017| 505022| 505019| 505011,Academic,4.0,60008943| 60014923| 60032816| 60019176,Universidad de Guadalajara| Universidad Autónoma Metropolitana| Universidad Michoacana de San Nicolás de Hidalgo| Instituto Politécnico Nacional,58556366400,55568514480,58556366400,-,Mexico,1.0,1503| 1606| 2300,Catalysis| Physical and Theoretical Chemistry| General Environmental Science,2| 4,Engineering & Technology| Natural Sciences,424| 249| 409| 219,Environmental Sciences| Engineering - Petroleum| Chemistry| Engineering - Chemical,37| 36,Physical Sciences| Engineering,34| 40,Chemical Sciences| Engineering,4018| 4004| 3406,Nanotechnology| Chemical engineering| Physical chemistry,SDG 7,Photocatalytic Properties of Titanium Dioxide Structures,62,94.768,TiO2-Based Catalysts for Enhanced Hydrogen Production,22665,96.957,Defensible,Nacional,4.0
"Gómez-Romero, Ricardo",55568514480,Synthesis of new ZnS-Bipy based hybrid organic-inorganic materials for photocatalytic reduction of 4-nitrophenol,"Ramírez-Rave, S.| Hernández-Gordillo, A.| Calderón, H.A.| Galano, A.| García-Mendoza, C.| Gómez, R.",6.0,55903518400| 54893181400| 7004208873| 55995932900| 56008966400| 55568514480,2015.0,2015-03-01,New Journal of Chemistry,39,3,2188-2194,-,ISSN-11440546,24824.0,Journal,Royal Society of Chemistry,English,0.82,39,4,16,0.935,14,2.44,85.0,14.0,0.31,12.85,35.0,55.0,0.0,0.0,"Ramírez-Rave, S., Hernández-Gordillo, A., Calderón, H.A. and 3 more (...) (2015).Synthesis of new ZnS-Bipy based hybrid organic-inorganic materials for photocatalytic reduction of 4-nitrophenol. New Journal of Chemistry,39(3) 2188-2194",https://www.scopus.com/record/display.url?eid=2-s2.0-84924678519&origin=resultslist,10.1039/c4nj01891e,Article,,2-s2.0-84924678519,-,Universidad Autónoma Metropolitana| Instituto Politécnico Nacional,505017| 505011,Academic,2.0,60028381| 60019176,Universidad Autónoma Metropolitana -Unidad Iztapalapa| Instituto Politécnico Nacional,55903518400,55568514480,55903518400,-,Mexico,1.0,1503| 1600| 2505,Catalysis| General Chemistry| Materials Chemistry,4| 2,Natural Sciences| Engineering & Technology,249| 219| 433| 409,Engineering - Petroleum| Engineering - Chemical| Materials Science| Chemistry,36| 37,Engineering| Physical Sciences,34,Chemical Sciences,-,-,-,Quantum Dots and Their Multifaceted Applications,298,82.276,Zinc Sulfide Nanoparticles in Photonic Applications,2013,96.328,Defensible,Nacional,2.0
"Gómez-Romero, Ricardo",55568514480,"Effect of Co-catalyst (CuO, CoO or NiO) on Bi2O3–TiO2 Structures and Its Impact on the Photocatalytic Reduction of 4-nitrophenol","Guerrero-Araque, D.| Ramírez-Ortega, D.| Calderon, H.A.| Saniger, J.M.| Gómez, R.",5.0,57207697416| 35196763200| 7004208873| 59255225400| 55568514480,2021.0,2021-01-01,Topics in Catalysis,64,1-2,112-120,-,ISSN-10225528,21971.0,Journal,Springer,English,0.68,51,5.5,27,0.735,24,1.55,50.0,14.0,0.43,20.97,28.0,52.0,0.0,0.0,"Guerrero-Araque, D., Ramírez-Ortega, D., Calderon, H.A. and 2 more (...) (2021).Effect of Co-catalyst (CuO, CoO or NiO) on Bi2O3–TiO2 Structures and Its Impact on the Photocatalytic Reduction of 4-nitrophenol. Topics in Catalysis,64(1-2) 112-120",https://www.scopus.com/record/display.url?eid=2-s2.0-85088248357&origin=resultslist,10.1007/s11244-020-01335-7,Article,,2-s2.0-85088248357,-,Consejo Nacional de Ciencia y Tecnologia Mexico| Universidad Autónoma Metropolitana| Instituto Politécnico Nacional| Universidad Nacional Autónoma de México,704696| 505017| 505011| 505023,Academic| Government,4.0,60014923| 60027998| 60032442| 60019176,"Universidad Autónoma Metropolitana| Secretaría de Ciencia, Humanidades, Tecnología e Innovación| Universidad Nacional Autónoma de México| Instituto Politécnico Nacional",57207697416,55568514480,57207697416,-,Mexico,1.0,1503| 1600,Catalysis| General Chemistry,2| 4,Engineering & Technology| Natural Sciences,249| 219| 409,Engineering - Petroleum| Engineering - Chemical| Chemistry,37| 36,Physical Sciences| Engineering,34| 40,Chemical Sciences| Engineering,3406| 4004,Physical chemistry| Chemical engineering,-,Photocatalytic Innovations in Carbon Dioxide Reduction,240,99.804,Bismuth Oxide Structures for Photocatalytic Innovations,11782,92.594,Defensible,Nacional,4.0
"Gómez-Romero, Ricardo",55568514480,Effective phosphated CeO2 materials in the photocatalytic degradation of phenol under UV irradiation,"Castañeda, C.| Gutiérrez, K.| Alvarado, I.| Martínez, J.J.| Rojas, H.| Tzompantzi, F.| Gómez, R.",7.0,55319381400| 57217423420| 57209259482| 7404312604| 23025604300| 55993626500| 55568514480,2020.0,2020-12-01,Journal of Chemical Technology and Biotechnology,95,12,3213-3220,-,ISSN-02682575,16083.0,Journal,John Wiley and Sons Ltd,English,0.78,46,5.3,21,0.64,27,1.82,65.0,14.0,0.44,15.88,32.0,50.0,1.0,0.0,"Castañeda, C., Gutiérrez, K., Alvarado, I. and 4 more (...) (2020).Effective phosphated CeO2 materials in the photocatalytic degradation of phenol under UV irradiation. Journal of Chemical Technology and Biotechnology,95(12) 3213-3220",https://www.scopus.com/record/display.url?eid=2-s2.0-85087215056&origin=resultslist,10.1002/jctb.6499,Article,,2-s2.0-85087215056,-,Universidad Autónoma Metropolitana| Universidad Pedagógica y Tecnológica de Colombia,505017| 700982,Academic,2.0,60077378| 60028381,Universidad Pedagógica y Tecnológica de Colombia| Universidad Autónoma Metropolitana -Unidad Iztapalapa,55319381400,55568514480,55319381400,-,Mexico| Colombia,2.0,1305| 1500| 1604| 1605| 2103| 2105| 2310| 2311,"Biotechnology| General Chemical Engineering| Inorganic Chemistry| Organic Chemistry| Fuel Technology| Renewable Energy, Sustainability and the Environment| Pollution| Waste Management and Disposal",4| 5| 3| 2,Natural Sciences| Life Sciences & Medicine| Social Sciences & Management| Engineering & Technology,249| 409| 219| 507| 424| 221,Engineering - Petroleum| Chemistry| Engineering - Chemical| Biological Sciences| Environmental Sciences| Engineering - Electrical & Electronic,36| 37| 32,Engineering| Physical Sciences| Life Sciences,MD,Multidisciplinary,MD,Multidisciplinary,-,Luminescent Phosphors and Upconversion Nanomaterials Applications,58,96.01,Cerium Oxide Nanoparticles in Health and Environment,12861,98.139,Weak,Internacional,1.0
"Gómez-Romero, Ricardo",55568514480,Photocatalytic hydrogen production using FeTiO3 concentrates modified by high energy ball milling and the presence of Mg precursors,"Cañas-Martínez, D.M.| Cipagauta-Díaz, S.| Manrique, M.| Gómez, R.| Pedraza-Avella, J.A.",5.0,57208257464| 57195313535| 57219710803| 55568514480| 23989360200,2021.0,2021-01-01,Topics in Catalysis,64,1-2,2-16,-,ISSN-10225528,21971.0,Journal,Springer,English,0.68,51,5.5,27,0.735,24,1.22,41.0,13.0,0.43,20.97,30.0,52.0,0.0,0.0,"Cañas-Martínez, D.M., Cipagauta-Díaz, S., Manrique, M. and 2 more (...) (2021).Photocatalytic hydrogen production using FeTiO3 concentrates modified by high energy ball milling and the presence of Mg precursors. Topics in Catalysis,64(1-2) 2-16",https://www.scopus.com/record/display.url?eid=2-s2.0-85094888255&origin=resultslist,10.1007/s11244-020-01396-8,Article,,2-s2.0-85094888255,-,Consejo Nacional de Ciencia y Tecnologia Mexico| Universidad Autónoma Metropolitana| Universidad Industrial de Santander,704696| 505017| 604005,Academic| Government,3.0,60057258| 60027998| 60028381,"Universidad Industrial de Santander| Secretaría de Ciencia, Humanidades, Tecnología e Innovación| Universidad Autónoma Metropolitana -Unidad Iztapalapa",57208257464,23989360200,23989360200,-,Mexico| Colombia,2.0,1503| 1600,Catalysis| General Chemistry,2| 4,Engineering & Technology| Natural Sciences,219| 409| 249,Engineering - Chemical| Chemistry| Engineering - Petroleum,36| 37,Engineering| Physical Sciences,34| 40,Chemical Sciences| Engineering,3406| 4004,Physical chemistry| Chemical engineering,SDG 7,Paleomagnetism and Geochronology in Geological Research,1423,11.184,Magnetic Properties of Ilmenite and Hematite Solid Solutions,40171,53.532,Defensible,Internacional,2.0
"Gómez-Romero, Ricardo",55568514480,Blue-photodecomposition of hydrazine in aqueous solution for H2 production by using CdS photocatalyst,"Hernández-Gordillo, A.| Mendoza-Damián, G.| Gomez, R.",3.0,54893181400| 55831839800| 55568514480,2016.0,2016-08-01,Journal of Chemical Technology and Biotechnology,91,8,2179-2184,-,ISSN-02682575,16083.0,Journal,John Wiley and Sons Ltd,English,1.16,21,5,13,0.854,16,1.02,37.0,13.0,0.36,11.07,36.0,53.0,0.0,0.0,"Hernández-Gordillo, A., Mendoza-Damián, G., Gomez, R. (2016).Blue-photodecomposition of hydrazine in aqueous solution for H2 production by using CdS photocatalyst. Journal of Chemical Technology and Biotechnology,91(8) 2179-2184",https://www.scopus.com/record/display.url?eid=2-s2.0-84979469555&origin=resultslist,10.1002/jctb.4944,Article,,2-s2.0-84979469555,-,Universidad Autónoma Metropolitana| Universidad Nacional Autónoma de México,505017| 505023,Academic,2.0,60032442| 60028381,Universidad Nacional Autónoma de México| Universidad Autónoma Metropolitana -Unidad Iztapalapa,54893181400,55568514480,54893181400,-,Mexico,1.0,1305| 1500| 1604| 1605| 2103| 2105| 2310| 2311,"Biotechnology| General Chemical Engineering| Inorganic Chemistry| Organic Chemistry| Fuel Technology| Renewable Energy, Sustainability and the Environment| Pollution| Waste Management and Disposal",3| 5| 2| 4,Social Sciences & Management| Life Sciences & Medicine| Engineering & Technology| Natural Sciences,424| 221| 507| 249| 219| 409,Environmental Sciences| Engineering - Electrical & Electronic| Biological Sciences| Engineering - Petroleum| Engineering - Chemical| Chemistry,32| 37| 36,Life Sciences| Physical Sciences| Engineering,MD,Multidisciplinary,MD,Multidisciplinary,SDG 7,Photocatalytic Innovations in Carbon Dioxide Reduction,240,99.804,Photocatalytic Mechanisms for Hydrogen Generation,1523,99.882,Very Good,Nacional,2.0
"Gómez-Romero, Ricardo",55568514480,Photocatalytic Evaluation of the ZrO2:Zn5(OH)6(CO3)2 Composite for the H2 Production via Water Splitting,"Tzompantzi-Flores, C.| Castillo-Rodríguez, J.C.| Gómez, R.| Pérez Hernández, R.| Santolalla-Vargas, C.E.| Tzompantzi, F.",6.0,57205183413| 57207253128| 55568514480| 16480852200| 56600701100| 55993626500,2020.0,2020-08-01,Topics in Catalysis,63,5-6,575-585,-,ISSN-10225528,21971.0,Journal,Springer,English,0.78,45,4.5,29,0.732,28,1.31,54.0,11.0,0.33,21.33,38.0,56.0,0.0,0.0,"Tzompantzi-Flores, C., Castillo-Rodríguez, J.C., Gómez, R. and 3 more (...) (2020).Photocatalytic Evaluation of the ZrO2:Zn5(OH)6(CO3)2 Composite for the H2 Production via Water Splitting. Topics in Catalysis,63(5-6) 575-585",https://www.scopus.com/record/display.url?eid=2-s2.0-85079138283&origin=resultslist,10.1007/s11244-020-01236-9,Article,,2-s2.0-85079138283,-,Universidad Autónoma Metropolitana| Instituto Nacional de Investigaciones Nucleares| Instituto Politécnico Nacional,505017| 505039| 505011,Academic| Government,3.0,60028381| 60010532| 60019176,Universidad Autónoma Metropolitana -Unidad Iztapalapa| Instituto Nacional de Investigaciones Nucleares| Instituto Politécnico Nacional,57205183413,55993626500,57205183413,-,Mexico,1.0,1503| 1600,Catalysis| General Chemistry,4| 2,Natural Sciences| Engineering & Technology,409| 249| 219,Chemistry| Engineering - Petroleum| Engineering - Chemical,36| 37,Engineering| Physical Sciences,40| 34,Engineering| Chemical Sciences,4004| 3406,Chemical engineering| Physical chemistry,-,Mesoporous Silica Materials for Advanced Applications,577,60.105,Interfacial Water Dynamics in Silica Nanocomposites,18833,69.55,Weak,Nacional,3.0
"Gómez-Romero, Ricardo",55568514480,Photocatalytic reduction of 4-nitrophenol to 4-aminophenol over CdS/MgAl layered double hydroxide catalysts under UV irradiation,"Mancipe, S.| Tzompantzi, F.| Gómez, R.",3.0,55184040100| 55993626500| 55568514480,2017.0,2017-10-01,"Reaction Kinetics, Mechanisms and Catalysis",122,1,625-634,-,ISSN-18785190,19500157076.0,Journal,Springer Science and Business Media B.V.,English,0.63,54,2.3,62,0.409,66,1.48,49.0,10.0,0.34,14.62,42.0,55.0,0.0,0.0,"Mancipe, S., Tzompantzi, F., Gómez, R. (2017).Photocatalytic reduction of 4-nitrophenol to 4-aminophenol over CdS/MgAl layered double hydroxide catalysts under UV irradiation. Reaction Kinetics, Mechanisms and Catalysis,122(1) 625-634",https://www.scopus.com/record/display.url?eid=2-s2.0-85020662424&origin=resultslist,10.1007/s11144-017-1198-7,Article,,2-s2.0-85020662424,-,Universidad Autónoma Metropolitana,505017,Academic,1.0,60028381,Universidad Autónoma Metropolitana -Unidad Iztapalapa,55184040100,55568514480,55184040100,-,Mexico,1.0,1503| 1606,Catalysis| Physical and Theoretical Chemistry,2| 4,Engineering & Technology| Natural Sciences,409| 219| 249,Chemistry| Engineering - Chemical| Engineering - Petroleum,37| 36,Physical Sciences| Engineering,34,Chemical Sciences,3406,Physical chemistry,-,Properties and Applications of Silver Nanoparticles,302,97.319,Catalytic Nanoparticles for Environmental Applications,2646,99.211,Very Good,UAM,1.0
"Gómez-Romero, Ricardo",55568514480,Commercial aluminum oxides with different crystalline structures efficient for the mineralization of phenolic pollutants,"Piña-Pérez, Y.| Aguilar-Martínez, O.| Oros-Ruíz, S.| Gómez, R.| Tzompantzi, F.",5.0,57195458194| 55953521700| 56013634600| 55568514480| 55993626500,2018.0,2018-02-15,Journal of Photochemistry and Photobiology A: Chemistry,353,-,409-415,-,ISSN-10106030,26966.0,Journal,Elsevier B.V.,English,0.85,40,4.2,22,0.657,25,1.75,51.0,10.0,0.31,12.94,41.0,57.0,0.0,0.0,"Piña-Pérez, Y., Aguilar-Martínez, O., Oros-Ruíz, S. and 2 more (...) (2018).Commercial aluminum oxides with different crystalline structures efficient for the mineralization of phenolic pollutants. Journal of Photochemistry and Photobiology A: Chemistry,353409-415",https://www.scopus.com/record/display.url?eid=2-s2.0-85037646873&origin=resultslist,10.1016/j.jphotochem.2017.11.051,Article,,2-s2.0-85037646873,-,Universidad Autónoma Metropolitana,505017,Academic,1.0,60028381,Universidad Autónoma Metropolitana -Unidad Iztapalapa,57195458194,55993626500,57195458194,-,Mexico,1.0,1500| 1600| 3100,General Chemical Engineering| General Chemistry| General Physics and Astronomy,4| 2,Natural Sciences| Engineering & Technology,219| 409| 439,Engineering - Chemical| Chemistry| Physics & Astronomy,36| 37,Engineering| Physical Sciences,31| 40| 34,Biological Sciences| Engineering| Chemical Sciences,-,-,-,Catalytic Innovations in Diesel Emission Control,645,72.008,Structural Dynamics and Catalytic Properties of Aluminum Oxide,20838,84.365,Defensible,UAM,1.0
"Gómez-Romero, Ricardo",55568514480,"Exploring the photocatalytic production of hydrogen by Co, Cu or Pd species as co-catalysts supported on a ZnxTiyOz perovskite/TiO2 structure","Ramírez-Ortega, D.| Mantilla, Á.| Guerrero-Araque, D.| Sierra-Uribe, J.H.| Lartundo-Rojas, L.| Calderon, H.A.| Gómez, R.| Zanella, R.",8.0,35196763200| 6603026129| 57207697416| 56659493100| 57455354200| 7004208873| 55568514480| 7004070438,2024.0,2024-11-04,International Journal of Hydrogen Energy,89,-,1135-1148,-,ISSN-03603199,26991.0,Journal,Elsevier Ltd,English,1.78,8,13.3,6,1.685,8,2.34,41.0,10.0,1.03,9.7,14.0,29.0,0.0,0.0,"Ramírez-Ortega, D., Mantilla, Á., Guerrero-Araque, D. and 5 more (...) (2024).Exploring the photocatalytic production of hydrogen by Co, Cu or Pd species as co-catalysts supported on a ZnxTiyOz perovskite/TiO2 structure. International Journal of Hydrogen Energy,891135-1148",https://www.scopus.com/record/display.url?eid=2-s2.0-85205281430&origin=resultslist,10.1016/j.ijhydene.2024.09.420,Article,Hybrid gold,2-s2.0-85205281430,-,Consejo Nacional de Ciencia y Tecnologia Mexico| Universidad Autónoma Metropolitana| Instituto Politécnico Nacional| Universidad Nacional Autónoma de México,704696| 505017| 505011| 505023,Academic| Government,4.0,60032442| 60019176| 60027998| 60014923,"Universidad Nacional Autónoma de México| Instituto Politécnico Nacional| Secretaría de Ciencia, Humanidades, Tecnología e Innovación| Universidad Autónoma Metropolitana",35196763200,7004070438,57207697416| 7004070438,-,Mexico,1.0,2102| 2103| 2105| 3104,"Energy Engineering and Power Technology| Fuel Technology| Renewable Energy, Sustainability and the Environment| Condensed Matter Physics",4| 2,Natural Sciences| Engineering & Technology,439| 221| 249,Physics & Astronomy| Engineering - Electrical & Electronic| Engineering - Petroleum,37| 36,Physical Sciences| Engineering,34| 40,Chemical Sciences| Engineering,-,-,-,Photocatalytic Properties of Titanium Dioxide Structures,62,94.768,TiO2-Based Catalysts for Enhanced Hydrogen Production,22665,96.957,Definitive,Nacional,4.0
"Gómez-Romero, Ricardo",55568514480,Rapid breakdown anodization to obtain nanostructured TiO2 powders for photocatalytic hydrogen generation,"Guerrero-Araque, D.| Ramírez-Ortega, D.| Gómez, R.| Acevedo-Peña, P.",4.0,57207697416| 35196763200| 55568514480| 56074239100,2017.0,2017-07-01,Journal of Materials Science: Materials in Electronics,28,13,9859-9866,-,ISSN-09574522,21177.0,Journal,Springer New York LLC,English,0.81,41,2.9,33,0.503,30,4.01,85.0,10.0,0.3,10.08,42.0,57.0,0.0,0.0,"Guerrero-Araque, D., Ramírez-Ortega, D., Gómez, R. and 1 more (...) (2017).Rapid breakdown anodization to obtain nanostructured TiO2 powders for photocatalytic hydrogen generation. Journal of Materials Science: Materials in Electronics,28(13) 9859-9866",https://www.scopus.com/record/display.url?eid=2-s2.0-85015675978&origin=resultslist,10.1007/s10854-017-6740-x,Article,,2-s2.0-85015675978,-,Consejo Nacional de Ciencia y Tecnologia Mexico| Universidad Autónoma Metropolitana| Instituto Politécnico Nacional,704696| 505017| 505011,Government| Academic,3.0,60014923| 60013076| 60027998| 60019176,"Universidad Autónoma Metropolitana| Centro de Investigacion en Ciencia Aplicada y Tecnologia Avanzada| Secretaría de Ciencia, Humanidades, Tecnología e Innovación| Instituto Politécnico Nacional",57207697416,56074239100,56074239100,-,Mexico,1.0,2208| 2504| 3104| 3107,"Electrical and Electronic Engineering| Electronic, Optical and Magnetic Materials| Condensed Matter Physics| Atomic and Molecular Physics, and Optics",4| 2,Natural Sciences| Engineering & Technology,249| 221| 433| 439,Engineering - Petroleum| Engineering - Electrical & Electronic| Materials Science| Physics & Astronomy,37| 36,Physical Sciences| Engineering,40| 51,Engineering| Physical Sciences,5104| 4016,Condensed matter physics| Materials engineering,SDG 7,Photocatalytic Properties of Titanium Dioxide Structures,62,94.768,Titanium Dioxide Nanotubes in Advanced Applications,1007,97.417,Very Good,Nacional,3.0
"Gómez-Romero, Ricardo",55568514480,Facile synthesis of ZrO2-Bi2O2(CO)3 composite materials prepared in one-pot synthesis for high photoactivity in efficient hydrogen production,"Tzompantzi, F.| Castillo-Rodríguez, J.C.| Tzompantzi-Flores, C.| Gómez, R.| Santolalla-Vargas, C.E.| Frías-Márquez, M.| Ramos-Ramírez, E.",7.0,55993626500| 57207253128| 57205183413| 55568514480| 56600701100| 57320616600| 55989786900,2022.0,2022-01-15,Journal of Photochemistry and Photobiology A: Chemistry,423,-,-,113594,ISSN-10106030,26966.0,Journal,Elsevier B.V.,English,0.82,41,8.6,11,0.678,26,1.91,43.0,10.0,0.58,15.49,30.0,45.0,0.0,0.0,"Tzompantzi, F., Castillo-Rodríguez, J.C., Tzompantzi-Flores, C. and 4 more (...) (2022).Facile synthesis of ZrO2-Bi2O2(CO)3 composite materials prepared in one-pot synthesis for high photoactivity in efficient hydrogen production. Journal of Photochemistry and Photobiology A: Chemistry,423",https://www.scopus.com/record/display.url?eid=2-s2.0-85118347510&origin=resultslist,10.1016/j.jphotochem.2021.113594,Article,,2-s2.0-85118347510,-,Universidad de Guanajuato| Universidad Autónoma Metropolitana| Universidad Juarez Autonoma de Tabasco| Instituto Politécnico Nacional,505020| 505017| 705961| 505011,Academic,4.0,60028381| 60019176| 60025378| 60033291,Universidad Autónoma Metropolitana -Unidad Iztapalapa| Instituto Politécnico Nacional| Universidad Juárez Autónoma de Tabasco| Universidad de Guanajuato,55993626500,55989786900,57207253128,-,Mexico,1.0,1500| 1600| 3100,General Chemical Engineering| General Chemistry| General Physics and Astronomy,4| 2,Natural Sciences| Engineering & Technology,439| 219| 409,Physics & Astronomy| Engineering - Chemical| Chemistry,36| 37,Engineering| Physical Sciences,40| 31| 34,Engineering| Biological Sciences| Chemical Sciences,-,-,SDG 7,Optimizing Greenhouse Systems for Enhanced Crop Yield,1404,58.993,Transmittance and Properties of Greenhouse Films,67096,51.767,Definitive,Nacional,4.0
"Gómez-Romero, Ricardo",55568514480,"Highly efficient mobility, separation and charge transfer in black SnO2-TiO2 structures with co-catalysts: the key step for the photocatalytic hydrogen evolution","Mantilla, I.| Guerrero-Araque, D.| Sierra-Uribe, J.H.| Lartundo-Rojas, L.| Gómez, R.| Calderon, H.A.| Zanella, R.| Ramírez-Ortega, D.",8.0,6603026129| 57207697416| 56659493100| 57455354200| 55568514480| 7004208873| 7004070438| 35196763200,2024.0,2024-08-19,RSC Advances,14,36,26259-26271,-,ISSN-20462069,21100199840.0,Journal,Royal Society of Chemistry,English,0.96,32,7.6,21,0.777,23,1.61,24.0,10.0,1.04,9.58,14.0,28.0,0.0,0.0,"Mantilla, I., Guerrero-Araque, D., Sierra-Uribe, J.H. and 5 more (...) (2024).Highly efficient mobility, separation and charge transfer in black SnO2-TiO2 structures with co-catalysts: the key step for the photocatalytic hydrogen evolution. RSC Advances,14(36) 26259-26271",https://www.scopus.com/record/display.url?eid=2-s2.0-85201733644&origin=resultslist,10.1039/d4ra03731f,Article,Gold|Green,2-s2.0-85201733644,-,Consejo Nacional de Ciencia y Tecnologia Mexico| Universidad Autónoma Metropolitana| Instituto Politécnico Nacional| Universidad Nacional Autónoma de México,704696| 505017| 505011| 505023,Academic| Government,4.0,60019176| 60027998| 60014923| 60032442,"Instituto Politécnico Nacional| Secretaría de Ciencia, Humanidades, Tecnología e Innovación| Universidad Autónoma Metropolitana| Universidad Nacional Autónoma de México",6603026129,35196763200,57207697416| 35196763200,-,Mexico,1.0,1500| 1600,General Chemical Engineering| General Chemistry,4| 2,Natural Sciences| Engineering & Technology,409| 219,Chemistry| Engineering - Chemical,36| 37,Engineering| Physical Sciences,34,Chemical Sciences,-,-,SDG 7,Photocatalytic Properties of Titanium Dioxide Structures,62,94.768,Enhancements in Photocatalytic Activity through Defect Engineering,24102,97.531,Definitive,Nacional,4.0
"Gómez-Romero, Ricardo",55568514480,Synthesis and characterization of gallium nitride nanoparticles by using solvothermal-soft-chemical methodology,"Cruz-López, A.| Manzo-Robledo, A.| Vázquez-Cuchillo, O.| Zanella, R.| Gómez, R.| Santoyo-Salazar, J.| Campos-Badillo, A.",7.0,56000786700| 23005607400| 22939617400| 7004070438| 55568514480| 56013564300| 57211154658,2015.0,2015-01-01,Materials Science in Semiconductor Processing,30,-,435-441,-,ISSN-13698001,26675.0,Journal,Elsevier Ltd,English,1,29,2.4,27,0.552,32,2.39,72.0,10.0,0.54,9.24,42.0,44.0,0.0,0.0,"Cruz-López, A., Manzo-Robledo, A., Vázquez-Cuchillo, O. and 4 more (...) (2015).Synthesis and characterization of gallium nitride nanoparticles by using solvothermal-soft-chemical methodology. Materials Science in Semiconductor Processing,30435-441",https://www.scopus.com/record/display.url?eid=2-s2.0-84911123198&origin=resultslist,10.1016/j.mssp.2014.10.028,Article,,2-s2.0-84911123198,-,Universidad Autonoma de Nuevo Leon| Centro de Investigacion y de Estudios Avanzados del Instituto Politécnico Nacional| Universidad Autónoma Metropolitana| Instituto Politécnico Nacional| Universidad Nacional Autónoma de México,505013| 505002| 505017| 505011| 505023,Academic| Government,5.0,60025417| 60006489| 114753677| 60032442| 60028381| 60017323,Universidad Autónoma de Nuevo León| Escuela Superior de Ingenieria Quimica e Industrias Extractivas| División de Estudios de Posgrado e Investigación| Universidad Nacional Autónoma de México| Universidad Autónoma Metropolitana -Unidad Iztapalapa| Centro de Investigacion y de Estudios Avanzados del Instituto Politécnico Nacional,56000786700,57211154658,56000786700,-,Mexico,1.0,2210| 2211| 2500| 3104,Mechanical Engineering| Mechanics of Materials| General Materials Science| Condensed Matter Physics,4| 2,Natural Sciences| Engineering & Technology,439| 222| 433,Physics & Astronomy| Engineering - Mechanical| Materials Science,36| 37,Engineering| Physical Sciences,51| 40,Physical Sciences| Engineering,4018| 4016| 5104,Nanotechnology| Materials engineering| Condensed matter physics,SDG 7,Gallium Nitride Innovations in High-Performance Devices,59,67.168,Gallium Nitride Nanowires for Optoelectronic Applications,14700,53.444,Very Good,Nacional,5.0
"Gómez-Romero, Ricardo",55568514480,High photoactivity of ZrxOy-Bi2O2(CO3) composite materials prepared by one-step synthesis for efficient photodegradation of 4-chlorophenol in water,"Castillo-Rodríguez, J.C.| Tzompantzi, F.| Tzompantzi-Flores, C.| Velásquez-Torres, M.E.| Gómez, R.| Santolalla-Vargas, C.E.| Álvarez Lémus, M.A.| Ramos-Ramírez, E.| Del Ángel Montes, G.",9.0,57207253128| 55993626500| 57205183413| 57910943000| 55568514480| 56600701100| 23097796400| 55989786900| 7003507230,2023.0,2023-02-01,Journal of Photochemistry and Photobiology A: Chemistry,435,-,-,114285,ISSN-10106030,26966.0,Journal,Elsevier B.V.,English,0.8,40,7.9,14,0.646,29,3.35,87.0,8.0,0.52,13.47,28.0,47.0,0.0,0.0,"Castillo-Rodríguez, J.C., Tzompantzi, F., Tzompantzi-Flores, C. and 6 more (...) (2023).High photoactivity of ZrxOy-Bi2O2(CO3) composite materials prepared by one-step synthesis for efficient photodegradation of 4-chlorophenol in water. Journal of Photochemistry and Photobiology A: Chemistry,435",https://www.scopus.com/record/display.url?eid=2-s2.0-85139026821&origin=resultslist,10.1016/j.jphotochem.2022.114285,Article,,2-s2.0-85139026821,-,Universidad de Guanajuato| Universidad Autónoma Metropolitana| Universidad Juarez Autonoma de Tabasco| Instituto Politécnico Nacional,505020| 505017| 705961| 505011,Academic,4.0,60028381| 60019176| 60025378| 60033291,Universidad Autónoma Metropolitana -Unidad Iztapalapa| Instituto Politécnico Nacional| Universidad Juárez Autónoma de Tabasco| Universidad de Guanajuato,57207253128,7003507230,57207253128,-,Mexico,1.0,1500| 1600| 3100,General Chemical Engineering| General Chemistry| General Physics and Astronomy,2| 4,Engineering & Technology| Natural Sciences,219| 439| 409,Engineering - Chemical| Physics & Astronomy| Chemistry,37| 36,Physical Sciences| Engineering,34| 40| 31,Chemical Sciences| Engineering| Biological Sciences,-,-,-,Solid Oxide Fuel Cell Technology,335,85.154,Zirconia Nanoparticles in Advanced Material Applications,5868,94.404,Definitive,Nacional,4.0
"Gómez-Romero, Ricardo",55568514480,Zn-Ge oxynitride based nano-photocatalyst for hydrogen production under visible light,"Cruz-López, A.| Limón Pozos, A.C.| Suárez Vázquez, S.I.| Zanella, R.| Gómez, R.",5.0,56000786700| 57190230057| 36667689500| 7004070438| 55568514480,2016.0,2016-11-01,Materials Research Bulletin,83,-,603-608,-,ISSN-00255408,24709.0,Journal,Elsevier Ltd,English,0.87,36,4.8,10,0.711,23,1.61,49.0,8.0,0.59,10.1,46.0,42.0,0.0,0.0,"Cruz-López, A., Limón Pozos, A.C., Suárez Vázquez, S.I. and 2 more (...) (2016).Zn-Ge oxynitride based nano-photocatalyst for hydrogen production under visible light. Materials Research Bulletin,83603-608",https://www.scopus.com/record/display.url?eid=2-s2.0-84978500917&origin=resultslist,10.1016/j.materresbull.2016.07.013,Article,,2-s2.0-84978500917,-,Universidad Autonoma de Nuevo Leon| Universidad Autónoma Metropolitana| Universidad Nacional Autónoma de México,505013| 505017| 505023,Academic,3.0,60025417| 60032442| 60028381,Universidad Autónoma de Nuevo León| Universidad Nacional Autónoma de México| Universidad Autónoma Metropolitana -Unidad Iztapalapa,56000786700,55568514480,56000786700,-,Mexico,1.0,2210| 2211| 2500| 3104,Mechanical Engineering| Mechanics of Materials| General Materials Science| Condensed Matter Physics,2| 4,Engineering & Technology| Natural Sciences,439| 433| 222,Physics & Astronomy| Materials Science| Engineering - Mechanical,36| 37,Engineering| Physical Sciences,34,Chemical Sciences,3403| 3402,Macromolecular and materials chemistry| Inorganic chemistry,SDG 7,Photocatalytic Properties of Titanium Dioxide Structures,62,94.768,Photocatalysts for Enhanced Water Splitting Efficiency,3436,98.531,Very Good,Nacional,3.0
"Gómez-Romero, Ricardo",55568514480,Photocatalytic oxidative esterification of benzaldehyde by V2O5–ZnO catalysts,"Manríquez, M.E.| Morales-Mendoza, G.| Alamilla, J.| Trejo, U.| Gómez, R.| Ortiz-Islas, E.",6.0,6603548737| 36994821200| 57195563701| 57195570794| 55568514480| 8879501400,2017.0,2017-12-01,"Reaction Kinetics, Mechanisms and Catalysis",122,2,1281-1296,-,ISSN-18785190,19500157076.0,Journal,Springer Netherlands,English,0.63,54,2.3,62,0.409,66,1.7,61.0,8.0,0.21,14.62,46.0,63.0,0.0,0.0,"Manríquez, M.E., Morales-Mendoza, G., Alamilla, J. and 3 more (...) (2017).Photocatalytic oxidative esterification of benzaldehyde by V2O5–ZnO catalysts. Reaction Kinetics, Mechanisms and Catalysis,122(2) 1281-1296",https://www.scopus.com/record/display.url?eid=2-s2.0-85028848991&origin=resultslist,10.1007/s11144-017-1262-3,Article,,2-s2.0-85028848991,-,Universidad Autónoma Metropolitana| Instituto Nacional de Neurologia y Neurocirugia| Instituto Politécnico Nacional,505017| 505040| 505011,Government| Academic,3.0,60019176| 60006489| 60028381| 60000029,Instituto Politécnico Nacional| Escuela Superior de Ingenieria Quimica e Industrias Extractivas| Universidad Autónoma Metropolitana -Unidad Iztapalapa| Instituto Nacional de Neurología y Neurocirugía,6603548737,8879501400,8879501400,-,Mexico,1.0,1503| 1606,Catalysis| Physical and Theoretical Chemistry,4| 2,Natural Sciences| Engineering & Technology,249| 219| 409,Engineering - Petroleum| Engineering - Chemical| Chemistry,36| 37,Engineering| Physical Sciences,34,Chemical Sciences,3406,Physical chemistry,-,Catalytic Transformations in Alcohol Oxidation and Borylation,1113,56.704,Catalytic Innovations in Oxidative Esterification Processes,49875,74.397,Very Good,Nacional,3.0
"Gómez-Romero, Ricardo",55568514480,Photocatalytic mineralization of phenol by Sn-modified calcites,"Farrera-Borjas, I.-A.| Tzompantzi, F.| Sánchez-Cantú, M.| Barrera-Rodríguez, A.| Tzompantzi-Flores, C.| Gómez, R.| Santolalla-Vargas, C.",7.0,57542591300| 55993626500| 56002658100| 58698900500| 57205183413| 55568514480| 56600701100,2022.0,2022-08-01,Journal of Photochemistry and Photobiology A: Chemistry,429,-,-,113913,ISSN-10106030,26966.0,Journal,Elsevier B.V.,English,0.82,41,8.6,11,0.678,26,1.87,41.0,6.0,0.26,15.49,42.0,64.0,0.0,0.0,"Farrera-Borjas, I.-A., Tzompantzi, F., Sánchez-Cantú, M. and 4 more (...) (2022).Photocatalytic mineralization of phenol by Sn-modified calcites. Journal of Photochemistry and Photobiology A: Chemistry,429",https://www.scopus.com/record/display.url?eid=2-s2.0-85126904192&origin=resultslist,10.1016/j.jphotochem.2022.113913,Article,,2-s2.0-85126904192,-,Benemerita Universidad Autonoma de Puebla| Universidad Autónoma Metropolitana| Universidad de Guadalajara| Instituto Politécnico Nacional,505001| 505017| 505019| 505011,Academic,4.0,60028381| 60024830| 60008943| 60019176,Universidad Autónoma Metropolitana -Unidad Iztapalapa| Benemérita Universidad Autónoma de Puebla| Universidad de Guadalajara| Instituto Politécnico Nacional,57542591300,56600701100,57205183413,-,Mexico,1.0,1500| 1600| 3100,General Chemical Engineering| General Chemistry| General Physics and Astronomy,4| 2,Natural Sciences| Engineering & Technology,409| 439| 219,Chemistry| Physics & Astronomy| Engineering - Chemical,36| 37,Engineering| Physical Sciences,40| 34| 31,Engineering| Chemical Sciences| Biological Sciences,-,-,-,Photocatalytic Properties of Titanium Dioxide Structures,62,94.768,Calcium Oxide Nanoparticles in Biomedical Applications,77242,79.97,Defensible,Nacional,4.0
"Gómez-Romero, Ricardo",55568514480,Photocatalytic Evaluation of the Ternary Composite CdSO4-ZnAl LDH/ZnS in Hydrogen Production without a Sacrificial Reagent,"Romero-Villegas, A.G.| Tzompantzi-Flores, C.| Hernández, R.P.| Barrera-Rodríguez, A.| Tzompantzi, F.| Gómez, R.",6.0,58169560600| 57205183413| 58169736600| 58698900500| 55993626500| 55568514480,2023.0,2023-03-01,Catalysts,13,3,-,593,ISSN-20734344,21100332402.0,Journal,MDPI,English,0.79,41,6.8,23,0.693,29,1.05,22.0,5.0,0.38,13.26,38.0,55.0,0.0,0.0,"Romero-Villegas, A.G., Tzompantzi-Flores, C., Hernández, R.P. and 3 more (...) (2023).Photocatalytic Evaluation of the Ternary Composite CdSO4-ZnAl LDH/ZnS in Hydrogen Production without a Sacrificial Reagent. Catalysts,13(3) ",https://www.scopus.com/record/display.url?eid=2-s2.0-85151497127&origin=resultslist,10.3390/catal13030593,Article,Gold|Green,2-s2.0-85151497127,-,Universidad Autónoma Metropolitana| Instituto Nacional de Investigaciones Nucleares| Universidad de Guadalajara,505017| 505039| 505019,Government| Academic,3.0,60028381| 60010532| 60008943,Universidad Autónoma Metropolitana -Unidad Iztapalapa| Instituto Nacional de Investigaciones Nucleares| Universidad de Guadalajara,58169560600,55568514480,55993626500,-,Mexico,1.0,1503| 1606| 2300,Catalysis| Physical and Theoretical Chemistry| General Environmental Science,4| 2,Natural Sciences| Engineering & Technology,424| 409| 249| 219,Environmental Sciences| Chemistry| Engineering - Petroleum| Engineering - Chemical,37| 36,Physical Sciences| Engineering,40| 34,Engineering| Chemical Sciences,4004| 4018| 3406,Chemical engineering| Nanotechnology| Physical chemistry,-,Photocatalytic Innovations in Carbon Dioxide Reduction,240,99.804,Photocatalytic Innovations in Layered Double Hydroxides,39180,94.103,Definitive,Nacional,3.0
"Gómez-Romero, Ricardo",55568514480,"Enhanced Photocatalytic Degradation of Herbicide 2,4-Dichlorophenoxyacetic Acid Using Sulfated CeO2","Rodríguez, C.| Castañeda, C.| Sosa, E.| Martínez, J.J.| Mancipe, S.| Rojas, H.| Tzompantzi, F.| Gómez, R.",8.0,59345764400| 55319381400| 59346225800| 7404312604| 55184040100| 23025604300| 55993626500| 55568514480,2024.0,2024-09-01,Catalysts,14,9,-,594,ISSN-20734344,21100332402.0,Journal,Multidisciplinary Digital Publishing Institute (MDPI),English,0.81,41,7.6,19,0.746,28,1.46,21.0,5.0,0.59,8.5,27.0,43.0,0.0,0.0,"Rodríguez, C., Castañeda, C., Sosa, E. and 5 more (...) (2024).Enhanced Photocatalytic Degradation of Herbicide 2,4-Dichlorophenoxyacetic Acid Using Sulfated CeO2. Catalysts,14(9) ",https://www.scopus.com/record/display.url?eid=2-s2.0-85205102950&origin=resultslist,10.3390/catal14090594,Article,Gold,2-s2.0-85205102950,-,Universidad Autónoma Metropolitana| Universidad Pedagógica y Tecnológica de Colombia,505017| 700982,Academic,2.0,60077378| 60028381,Universidad Pedagógica y Tecnológica de Colombia| Universidad Autónoma Metropolitana -Unidad Iztapalapa,59345764400,55568514480,55319381400,-,Mexico| Colombia,2.0,1503| 1606| 2300,Catalysis| Physical and Theoretical Chemistry| General Environmental Science,2| 4,Engineering & Technology| Natural Sciences,249| 219| 424| 409,Engineering - Petroleum| Engineering - Chemical| Environmental Sciences| Chemistry,37| 36,Physical Sciences| Engineering,40| 34,Engineering| Chemical Sciences,3406| 4018| 4004,Physical chemistry| Nanotechnology| Chemical engineering,-,Luminescent Phosphors and Upconversion Nanomaterials Applications,58,96.01,Ceria Nanoparticles in Catalytic Applications,1556,98.565,Definitive,Internacional,1.0
"Gómez-Romero, Ricardo",55568514480,Polyaniline-sensitized SiO2/TiO2 photocatalysts for the degradation of phenol using visible light,"Acosta-Alejandro, J.A.| López-González, R.| Frías-Márquez, D.M.| De La Rosa-Vázquez, J.M.| Uribe-López, M.C.| Gómez, R.",6.0,57372451500| 26537909100| 12344960500| 57189602220| 57208821584| 55568514480,2022.0,2022-03-01,Journal of Photochemistry and Photobiology A: Chemistry,425,-,-,113696,ISSN-10106030,26966.0,Journal,Elsevier B.V.,English,0.82,41,8.6,11,0.678,26,1.37,31.0,5.0,0.32,15.49,46.0,60.0,0.0,0.0,"Acosta-Alejandro, J.A., López-González, R., Frías-Márquez, D.M. and 3 more (...) (2022).Polyaniline-sensitized SiO2/TiO2 photocatalysts for the degradation of phenol using visible light. Journal of Photochemistry and Photobiology A: Chemistry,425",https://www.scopus.com/record/display.url?eid=2-s2.0-85121125314&origin=resultslist,10.1016/j.jphotochem.2021.113696,Article,,2-s2.0-85121125314,-,Universidad Autónoma Metropolitana| Universidad Juarez Autonoma de Tabasco| Instituto Politécnico Nacional,505017| 705961| 505011,Academic,3.0,60025378| 60019176| 60028381,Universidad Juárez Autónoma de Tabasco| Instituto Politécnico Nacional| Universidad Autónoma Metropolitana -Unidad Iztapalapa,57372451500,55568514480,26537909100,-,Mexico,1.0,1500| 1600| 3100,General Chemical Engineering| General Chemistry| General Physics and Astronomy,4| 2,Natural Sciences| Engineering & Technology,439| 409| 219,Physics & Astronomy| Chemistry| Engineering - Chemical,36| 37,Engineering| Physical Sciences,40| 31| 34,Engineering| Biological Sciences| Chemical Sciences,-,-,-,Conductive Polymers and Their Multifaceted Applications,963,32.832,Polyaniline Nanocomposites for Enhanced Conductivity Applications,139,96.555,Definitive,Nacional,3.0
"Gómez-Romero, Ricardo",55568514480,ZnS-Bipy hybrid materials for the photocatalytic generation of hydrogen from water,"Ramírez-Rave, S.| Rodríguez, A.A.R.| Oros-Ruíz, S.| García-Mendoza, C.| Vengoechea, F.A.| Gómez, R.",6.0,55903518400| 57206657086| 56013634600| 56008966400| 57195487096| 55568514480,2020.0,2020-02-01,Catalysis Today,341,-,104-111,-,ISSN-09205861,16377.0,Journal,Elsevier B.V.,English,1.43,15,10.2,11,1.397,12,0.97,72.0,3.0,0.09,21.33,62.0,74.0,0.0,0.0,"Ramírez-Rave, S., Rodríguez, A.A.R., Oros-Ruíz, S. and 3 more (...) (2020).ZnS-Bipy hybrid materials for the photocatalytic generation of hydrogen from water. Catalysis Today,341104-111",https://www.scopus.com/record/display.url?eid=2-s2.0-85061767843&origin=resultslist,10.1016/j.cattod.2019.02.023,Article,,2-s2.0-85061767843,-,Universidad Autónoma Metropolitana| Centro de Investigacion en Materiales Avanzados| Universidad Nacional Autónoma de México,505017| 505029| 505023,Government| Academic,3.0,60032442| 60015132| 60028381,Universidad Nacional Autónoma de México| Centro de Investigacion en Materiales Avanzados| Universidad Autónoma Metropolitana -Unidad Iztapalapa,55903518400,55568514480,55903518400,-,Mexico,1.0,1503| 1600,Catalysis| General Chemistry,2| 4,Engineering & Technology| Natural Sciences,409| 219| 249,Chemistry| Engineering - Chemical| Engineering - Petroleum,36| 37,Engineering| Physical Sciences,34| 40,Chemical Sciences| Engineering,-,-,SDG 7,Quantum Dots and Their Multifaceted Applications,298,82.276,Zinc Sulfide Nanoparticles in Photonic Applications,2013,96.328,Defensible,Nacional,3.0
"Gómez-Romero, Ricardo",55568514480,Photocatalytic degradation of phenol using Al2 O3 -SnO2 mixed oxide,"Mendoza-Damián, G.| Hernández-Gordillo, A.| Tzompantzi, F.| Gómez, R.",4.0,55831839800| 54893181400| 55993626500| 55568514480,2015.0,2015-09-01,Journal of Nanoscience and Nanotechnology,15,9,7258-7261,-,ISSN-15334880,28546.0,Journal,American Scientific Publishers,English,0.48,63,2.5,36,0.334,48,0.5,25.0,3.0,0.18,11.06,62.0,62.0,0.0,0.0,"Mendoza-Damián, G., Hernández-Gordillo, A., Tzompantzi, F. and 1 more (...) (2015).Photocatalytic degradation of phenol using Al2 O3 -SnO2 mixed oxide. Journal of Nanoscience and Nanotechnology,15(9) 7258-7261",https://www.scopus.com/record/display.url?eid=2-s2.0-85000786154&origin=resultslist,10.1166/jnn.2015.10566,Article,,2-s2.0-85000786154,-,Universidad Autónoma Metropolitana| Instituto Politécnico Nacional,505017| 505011,Academic,2.0,60028381| 60019176,Universidad Autónoma Metropolitana -Unidad Iztapalapa| Instituto Politécnico Nacional,55831839800,55568514480,54893181400,-,Mexico,1.0,1502| 1600| 2204| 2500| 3104,Bioengineering| General Chemistry| Biomedical Engineering| General Materials Science| Condensed Matter Physics,4| 2,Natural Sciences| Engineering & Technology,219| 409| 507| 433| 439,Engineering - Chemical| Chemistry| Biological Sciences| Materials Science| Physics & Astronomy,36| 37,Engineering| Physical Sciences,40| 34,Engineering| Chemical Sciences,-,-,-,Innovative Gas Sensors for Environmental Monitoring,388,95.945,Tin Oxide Nanoparticles in Cancer Treatment Applications,5097,96.447,Very Good,Nacional,2.0
"Gómez-Romero, Ricardo",55568514480,"Structural changes and photocatalytic aspects into anatase network after doping with cerium: Comprehensive study via radial distribution functions, electron density maps and molecular hardness","Galindo-Hernández, F.| Gómez, R.| Isabel Reyes De la Torre, A.| Mantilla, Á.| Lartundo-Rojas, L.| María Mendoza Martínez, A.| Cipagauta-Díaz, S.",7.0,11042598700| 55568514480| 57456141400| 6603026129| 57455354200| 57455819000| 57195313535,2022.0,2022-06-01,Journal of Photochemistry and Photobiology A: Chemistry,428,-,-,113855,ISSN-10106030,26966.0,Journal,Elsevier B.V.,English,0.82,41,8.6,11,0.678,26,2.14,47.0,2.0,0.13,15.49,63.0,73.0,0.0,0.0,"Galindo-Hernández, F., Gómez, R., Isabel Reyes De la Torre, A. and 4 more (...) (2022).Structural changes and photocatalytic aspects into anatase network after doping with cerium: Comprehensive study via radial distribution functions, electron density maps and molecular hardness. Journal of Photochemistry and Photobiology A: Chemistry,428",https://www.scopus.com/record/display.url?eid=2-s2.0-85124744497&origin=resultslist,10.1016/j.jphotochem.2022.113855,Article,,2-s2.0-85124744497,-,Consejo Nacional de Ciencia y Tecnologia Mexico| Universidad Autónoma Metropolitana| Instituto Tecnológico de Ciudad Madero| Instituto Politécnico Nacional| Universidad Nacional Autónoma de México,704696| 505017| 718000| 505011| 505023,Academic| Government,5.0,60082564| 60032442| 60028381| 60019176| 60027998,"Instituto Tecnológico de Ciudad Madero| Universidad Nacional Autónoma de México| Universidad Autónoma Metropolitana -Unidad Iztapalapa| Instituto Politécnico Nacional| Secretaría de Ciencia, Humanidades, Tecnología e Innovación",11042598700,57195313535,11042598700,-,Mexico,1.0,1500| 1600| 3100,General Chemical Engineering| General Chemistry| General Physics and Astronomy,4| 2,Natural Sciences| Engineering & Technology,219| 409| 439,Engineering - Chemical| Chemistry| Physics & Astronomy,36| 37,Engineering| Physical Sciences,31| 40| 34,Biological Sciences| Engineering| Chemical Sciences,-,-,-,Quantum Chemistry and Molecular Interaction Insights,8,83.453,Conceptual Framework of Chemical Reactivity and Electronegativity,4614,87.536,Defensible,Nacional,5.0
"Gómez-Romero, Ricardo",55568514480,Al2 O3 -Phosphated green catalysts with high selectivity to ecological gasoline C=8by dimerization of isobutene,"Mantilla, A.| Tzompantzi, F.| Morales-Mendoza, G.| Jácome-Acatitla, G.| Gómez, R.",5.0,6603026129| 55993626500| 36994821200| 36994606500| 55568514480,2015.0,2015-09-01,Journal of Nanoscience and Nanotechnology,15,9,7254-7257,-,ISSN-15334880,28546.0,Journal,American Scientific Publishers,English,0.48,63,2.5,36,0.334,48,0.81,40.0,2.0,0.09,11.06,66.0,68.0,0.0,0.0,"Mantilla, A., Tzompantzi, F., Morales-Mendoza, G. and 2 more (...) (2015).Al2 O3 -Phosphated green catalysts with high selectivity to ecological gasoline C=8by dimerization of isobutene. Journal of Nanoscience and Nanotechnology,15(9) 7254-7257",https://www.scopus.com/record/display.url?eid=2-s2.0-84958793941&origin=resultslist,10.1166/jnn.2015.10570,Article,,2-s2.0-84958793941,26716319,Universidad Autónoma Metropolitana| Instituto Politécnico Nacional,505017| 505011,Academic,2.0,60013076| 60028381,Centro de Investigacion en Ciencia Aplicada y Tecnologia Avanzada| Universidad Autónoma Metropolitana -Unidad Iztapalapa,6603026129,55568514480,6603026129,-,Mexico,1.0,1502| 1600| 2204| 2500| 3104,Bioengineering| General Chemistry| Biomedical Engineering| General Materials Science| Condensed Matter Physics,4| 2,Natural Sciences| Engineering & Technology,433| 409| 439| 507| 219,Materials Science| Chemistry| Physics & Astronomy| Biological Sciences| Engineering - Chemical,36| 37,Engineering| Physical Sciences,34| 40,Chemical Sciences| Engineering,-,-,-,Zeolite Catalysts in Chemical Reaction Optimization,503,63.179,Zeolite Catalysts for Olefin Oligomerization,19459,84.882,Definitive,Nacional,2.0
"Gómez-Romero, Ricardo",55568514480,Solid state synthesis of la-doped NaTaO3 under time-reduced conditions and its photocatalytic properties,"López-Juárez, R.| González, F.| Cipagauta, S.| Reyes-López, S.Y.| Gómez, R.",5.0,36773529400| 56000780400| 57195313535| 55651727800| 55568514480,2016.0,2016-01-01,Ceramics - Silikaty,60,4,278-284,-,ISSN-08625468,26583.0,Journal,Institute of Chemical Technology,English,0.43,68,0.9,61,0.237,59,1.1,40.0,1.0,0.0,10.34,73.0,71.0,0.0,0.0,"López-Juárez, R., González, F., Cipagauta, S. and 2 more (...) (2016).Solid state synthesis of la-doped NaTaO3 under time-reduced conditions and its photocatalytic properties. Ceramics - Silikaty,60(4) 278-284",https://www.scopus.com/record/display.url?eid=2-s2.0-84991821304&origin=resultslist,10.13168/cs.2016.0041,Article,Gold|Green,2-s2.0-84991821304,-,Universidad Autónoma Metropolitana| Universidad Nacional Autónoma de México| Universidad Autonoma de Ciudad Juarez,505017| 505023| 706746,Academic,3.0,60172563| 60028381| 60008167,UNAM Campus Morelia| Universidad Autónoma Metropolitana -Unidad Iztapalapa| Universidad Autónoma de Ciudad Juárez,36773529400,55568514480,-,-,Mexico,1.0,1500| 1602| 1606| 2503| 2505,General Chemical Engineering| Analytical Chemistry| Physical and Theoretical Chemistry| Ceramics and Composites| Materials Chemistry,2| 4,Engineering & Technology| Natural Sciences,433| 409| 219| 249,Materials Science| Chemistry| Engineering - Chemical| Engineering - Petroleum,37| 36,Physical Sciences| Engineering,40,Engineering,4005| 4016,Civil engineering| Materials engineering,-,Photocatalytic Properties of Titanium Dioxide Structures,62,94.768,Photocatalysts for Enhanced Water Splitting Efficiency,3436,98.531,Definitive,Nacional,3.0
