Autor,Scopus author ID,Title,Authors,Number of Authors,Scopus Author Ids,Year,Full date,Scopus Source title,Volume,Issue,Pages,Article number,ISSN,Source ID,Source type,Publisher,Language,SNIP (publication year),SNIP percentile (publication year) *,CiteScore (publication year),CiteScore percentile (publication year) *,SJR (publication year),SJR percentile (publication year) *,Field-Weighted View Impact,Views,Citations,Field-Weighted Citation Impact,Field-Citation Average,"Outputs in Top Citation Percentiles, per percentile","Field-Weighted Outputs in Top Citation Percentiles, per percentile",Main patent families,Policy citations,Reference,Abstract,DOI,Publication type,Open Access,EID,PubMed ID,Institutions,Institution IDs,Sector,Number of Institutions,Scopus Affiliation IDs,Scopus Affiliation names,Scopus Author ID First Author,Scopus Author ID Last Author,Scopus Author ID Corresponding Author,Scopus Author ID Single Author,Country/Region,Number of Countries/Regions,All Science Journal Classification (ASJC) code,All Science Journal Classification (ASJC) field name,Quacquarelli Symonds (QS) Subject area code,Quacquarelli Symonds (QS) Subject area field name,Quacquarelli Symonds (QS) Subject code,Quacquarelli Symonds (QS) Subject field name,Times Higher Education (THE) code,Times Higher Education (THE) field name,ANZSRC FoR (2020) parent code,ANZSRC FoR (2020) parent name,ANZSRC FoR (2020) code,ANZSRC FoR (2020) name,Sustainable Development Goals (2025),Topic Cluster name,Topic Cluster number,Topic Cluster Prominence Percentile,Topic name,Topic number,Topic Prominence Percentile,Publication link to Topic strength,Colaboracion,Number of national institutions
"Vargas, Rubicelia",55989742600,Roothaan's approach to solve the Hartree-Fock equations for atoms confined by soft walls: Basis set with correct asymptotic behavior,"Rodriguez-Bautista, M.| Díaz-García, C.| Navarrete-López, A.M.| Vargas, R.| Garza, J.",5.0,56721438500| 8240579700| 22980766800| 55989742600| 57204698538,2015.0,2015-07-21,Journal of Chemical Physics,143,3,-,034103,ISSN-00219606,28134.0,Journal,American Institute of Physics Inc.,English,1.05,26,5.2,12,1.255,14,0.88,32.0,66.0,1.68,10.7,8.0,17.0,0.0,0.0,"Rodriguez-Bautista, M., Díaz-García, C., Navarrete-López, A.M. and 2 more (...) (2015).Roothaan's approach to solve the Hartree-Fock equations for atoms confined by soft walls: Basis set with correct asymptotic behavior. Journal of Chemical Physics,143(3) ",https://www.scopus.com/record/display.url?eid=2-s2.0-84937053747&origin=resultslist,10.1063/1.4926657,Article,,2-s2.0-84937053747,-,Universidad Autónoma Metropolitana,505017,Academic,1.0,60028381,Universidad Autónoma Metropolitana -Unidad Iztapalapa,56721438500,57204698538,-,-,Mexico,1.0,1606| 3100,Physical and Theoretical Chemistry| General Physics and Astronomy,4| 2,Natural Sciences| Engineering & Technology,409| 439| 249,Chemistry| Physics & Astronomy| Engineering - Petroleum,37,Physical Sciences,51| 40| 34,Physical Sciences| Engineering| Chemical Sciences,-,-,-,Quantum Well Structures in Silicon Devices,239,33.028,Quantum Confinement Effects in Atomic Systems,30014,68.41,Definitive,UAM,1.0
"Vargas, Rubicelia",55989742600,Electron-density delocalization in many-electron atoms confined by penetrable walls: A Hartree–Fock study,"Rodriguez-Bautista, M.| Vargas, R.| Aquino, N.| Garza, J.",4.0,56721438500| 55989742600| 7004300096| 57204698538,2018.0,2018-07-05,International Journal of Quantum Chemistry,118,13,-,e25571,ISSN-00207608,24127.0,Journal,John Wiley and Sons Inc.,English,0.85,40,4.6,23,0.848,24,0.57,12.0,44.0,2.33,10.74,12.0,10.0,0.0,0.0,"Rodriguez-Bautista, M., Vargas, R., Aquino, N. and 1 more (...) (2018).Electron-density delocalization in many-electron atoms confined by penetrable walls: A Hartree–Fock study. International Journal of Quantum Chemistry,118(13) ",https://www.scopus.com/record/display.url?eid=2-s2.0-85048027024&origin=resultslist,10.1002/qua.25571,Article,,2-s2.0-85048027024,-,Universidad Autónoma Metropolitana,505017,Academic,1.0,60028381,Universidad Autónoma Metropolitana -Unidad Iztapalapa,56721438500,57204698538,57204698538,-,Mexico,1.0,1606| 3104| 3107,"Physical and Theoretical Chemistry| Condensed Matter Physics| Atomic and Molecular Physics, and Optics",2| 4,Engineering & Technology| Natural Sciences,439| 249| 409,Physics & Astronomy| Engineering - Petroleum| Chemistry,37,Physical Sciences,34,Chemical Sciences,3407| 3406,Theoretical and computational chemistry| Physical chemistry,-,Quantum Well Structures in Silicon Devices,239,33.028,Quantum Confinement Effects in Atomic Systems,30014,68.41,Definitive,UAM,1.0
"Vargas, Rubicelia",55989742600,Citric acid: A promising copper scavenger,"Martínez, A.| Vargas, R.| Galano, A.",3.0,7404025645| 55989742600| 55995932900,2018.0,2018-06-01,Computational and Theoretical Chemistry,1133,-,47-50,-,ISSN-2210271X,21000196008.0,Journal,Elsevier B.V.,English,0.59,59,2.8,45,0.418,53,0.67,30.0,43.0,1.56,11.51,12.0,18.0,0.0,0.0,"Martínez, A., Vargas, R., Galano, A. (2018).Citric acid: A promising copper scavenger. Computational and Theoretical Chemistry,113347-50",https://www.scopus.com/record/display.url?eid=2-s2.0-85046363660&origin=resultslist,10.1016/j.comptc.2018.04.011,Article,,2-s2.0-85046363660,-,Universidad Autónoma Metropolitana| Universidad Nacional Autónoma de México,505017| 505023,Academic,2.0,60032442| 60005971| 60028381,Universidad Nacional Autónoma de México| Instituto de Investigaciones en Materiales| Universidad Autónoma Metropolitana -Unidad Iztapalapa,7404025645,55995932900,7404025645,-,Mexico,1.0,1303| 1606| 3104,Biochemistry| Physical and Theoretical Chemistry| Condensed Matter Physics,5| 2| 4,Life Sciences & Medicine| Engineering & Technology| Natural Sciences,409| 507| 439| 249,Chemistry| Biological Sciences| Physics & Astronomy| Engineering - Petroleum,32| 37,Life Sciences| Physical Sciences,34,Chemical Sciences,3407| 3406,Theoretical and computational chemistry| Physical chemistry,-,Copper and Iron Proteins in Disease Mechanisms,456,65.86,Copper Homeostasis and Its Biological Significance,9661,94.928,Defensible,Nacional,2.0
"Vargas, Rubicelia",55989742600,GPUs as boosters to analyze scalar and vector fields in quantum chemistry,"Hernández-Esparza, R.| Vázquez-Mayagoitia, Á.| Soriano-Agueda, L.-A.| Vargas, R.| Garza, J.",5.0,56587874900| 56002752600| 56584712700| 55989742600| 7005124261,2019.0,2019-01-15,International Journal of Quantum Chemistry,119,2,-,e25671,ISSN-00207608,24127.0,Journal,John Wiley and Sons Inc.,English,0.66,54,3.4,39,0.484,46,0.79,23.0,40.0,1.51,11.28,12.0,19.0,0.0,0.0,"Hernández-Esparza, R., Vázquez-Mayagoitia, Á., Soriano-Agueda, L.-A. and 2 more (...) (2019).GPUs as boosters to analyze scalar and vector fields in quantum chemistry. International Journal of Quantum Chemistry,119(2) ",https://www.scopus.com/record/display.url?eid=2-s2.0-85048684337&origin=resultslist,10.1002/qua.25671,Article,Bronze|Green,2-s2.0-85048684337,-,Universidad Autónoma Metropolitana| United States Department of Energy| Argonne National Laboratory,505017| 508244| 715878,Government| Academic,3.0,60028381| 60028609,Universidad Autónoma Metropolitana -Unidad Iztapalapa| Argonne National Laboratory,56587874900,7005124261,7005124261,-,Mexico| United States,2.0,1606| 3104| 3107,"Physical and Theoretical Chemistry| Condensed Matter Physics| Atomic and Molecular Physics, and Optics",2| 4,Engineering & Technology| Natural Sciences,409| 249| 439,Chemistry| Engineering - Petroleum| Physics & Astronomy,37,Physical Sciences,34,Chemical Sciences,3407| 3406,Theoretical and computational chemistry| Physical chemistry,-,Quantum Chemistry and Molecular Interaction Insights,8,83.453,Quantum Theory and Electron Density in Chemical Bonding,9726,87.792,Defensible,Internacional,1.0
"Vargas, Rubicelia",55989742600,Shannon entropy for the hydrogen atom confined by four different potentials,"Martínez-Sánchez, M.-A.| Vargas, R.| Garza, J.",3.0,57190744750| 55989742600| 57204698538,2019.0,2019-12-01,Quantum Reports,1,2,208-218,-,ISSN-2624960X,21101043793.0,Journal,MDPI AG,English,-,-,-,-,-,-,0.12,7.0,35.0,1.81,10.47,14.0,15.0,0.0,0.0,"Martínez-Sánchez, M.-A., Vargas, R., Garza, J. (2019).Shannon entropy for the hydrogen atom confined by four different potentials. Quantum Reports,1(2) 208-218",https://www.scopus.com/record/display.url?eid=2-s2.0-85104999006&origin=resultslist,10.3390/quantum1020018,Article,Gold|Green,2-s2.0-85104999006,-,Universidad Autónoma Metropolitana,505017,Academic,1.0,60028381,Universidad Autónoma Metropolitana -Unidad Iztapalapa,57190744750,57204698538,57204698538,-,Mexico,1.0,3101| 3103| 3107| 3109,"Physics and Astronomy (miscellaneous)| Astronomy and Astrophysics| Atomic and Molecular Physics, and Optics| Statistical and Nonlinear Physics",4,Natural Sciences,439,Physics & Astronomy,37,Physical Sciences,51,Physical Sciences,5108| 5104| 5107,Quantum physics| Condensed matter physics| Particle and high energy physics,-,Quantum Well Structures in Silicon Devices,239,33.028,Quantum Confinement Effects in Atomic Systems,30014,68.41,Definitive,UAM,1.0
"Vargas, Rubicelia",55989742600,Solution of the Kohn–Sham equations for many-electron atoms confined by penetrable walls,"Martínez-Sánchez, M.-A.| Rodriguez-Bautista, M.| Vargas, R.| Garza, J.",4.0,57190744750| 56721438500| 55989742600| 57204698538,2016.0,2016-08-01,Theoretical Chemistry Accounts,135,8,-,207,ISSN-1432881X,21970.0,Journal,Springer New York LLC,English,0.59,56,2.1,62,0.527,53,0.36,20.0,31.0,1.46,10.29,19.0,20.0,0.0,0.0,"Martínez-Sánchez, M.-A., Rodriguez-Bautista, M., Vargas, R. and 1 more (...) (2016).Solution of the Kohn–Sham equations for many-electron atoms confined by penetrable walls. Theoretical Chemistry Accounts,135(8) ",https://www.scopus.com/record/display.url?eid=2-s2.0-84982813802&origin=resultslist,10.1007/s00214-016-1968-8,Article,,2-s2.0-84982813802,-,Universidad Autónoma Metropolitana,505017,Academic,1.0,60028381,Universidad Autónoma Metropolitana -Unidad Iztapalapa,57190744750,57204698538,57204698538,-,Mexico,1.0,1606,Physical and Theoretical Chemistry,4| 2,Natural Sciences| Engineering & Technology,409| 249,Chemistry| Engineering - Petroleum,37,Physical Sciences,34,Chemical Sciences,3406| 3407,Physical chemistry| Theoretical and computational chemistry,-,Quantum Well Structures in Silicon Devices,239,33.028,Quantum Confinement Effects in Atomic Systems,30014,68.41,Definitive,UAM,1.0
"Vargas, Rubicelia",55989742600,Confinement of H2O and EtOH to enhance CO2 capture in MIL-53(Al)-TDC,"González-Martí, G.A.| Jurado-Vázquez, T.| Solís-Ibarra, D.| Vargas, B.| Sánchez-González, E.| Martínez, A.| Vargas, R.| González-Zamora, E.| Ibarra, I.A.",9.0,57203005466| 57191247913| 35099497400| 57194947554| 24172136000| 7404025645| 55989742600| 55989686000| 55000477500,2018.0,2018-01-01,Dalton Transactions,47,28,9459-9465,-,ISSN-14779226,9500153949.0,Journal,Royal Society of Chemistry,English,0.91,36,7.3,11,1.12,16,1.7,62.0,27.0,1.11,10.83,20.0,26.0,0.0,0.0,"González-Martí, G.A., Jurado-Vázquez, T., Solís-Ibarra, D. and 6 more (...) (2018).Confinement of H2O and EtOH to enhance CO2 capture in MIL-53(Al)-TDC. Dalton Transactions,47(28) 9459-9465",https://www.scopus.com/record/display.url?eid=2-s2.0-85050215029&origin=resultslist,10.1039/c8dt01369a,Article,,2-s2.0-85050215029,29956710,Universidad Autónoma Metropolitana| Universidad Nacional Autónoma de México,505017| 505023,Academic,2.0,60032442| 60028381,Universidad Nacional Autónoma de México| Universidad Autónoma Metropolitana -Unidad Iztapalapa,57203005466,55000477500,35099497400,-,Mexico,1.0,1604,Inorganic Chemistry,4,Natural Sciences,409,Chemistry,37,Physical Sciences,34,Chemical Sciences,3402,Inorganic chemistry,SDG 13,Metal-Organic Frameworks in Environmental Applications,99,98.496,Metal Organic Frameworks in Gas Storage Applications,74,99.688,Definitive,Nacional,2.0
"Vargas, Rubicelia",55989742600,The substituent effect on the antioxidant capacity of catechols and resorcinols,"Ortega-Moo, C.| Garza, J.| Vargas, R.",3.0,35746954900| 57204698538| 55989742600,2016.0,2016-07-01,Theoretical Chemistry Accounts,135,7,-,177,ISSN-1432881X,21970.0,Journal,Springer New York LLC,English,0.59,56,2.1,62,0.527,53,1.12,34.0,26.0,0.58,10.29,22.0,43.0,0.0,0.0,"Ortega-Moo, C., Garza, J., Vargas, R. (2016).The substituent effect on the antioxidant capacity of catechols and resorcinols. Theoretical Chemistry Accounts,135(7) ",https://www.scopus.com/record/display.url?eid=2-s2.0-84978083424&origin=resultslist,10.1007/s00214-016-1932-7,Article,,2-s2.0-84978083424,-,Universidad Autónoma Metropolitana,505017,Academic,1.0,60028381,Universidad Autónoma Metropolitana -Unidad Iztapalapa,35746954900,55989742600,55989742600,-,Mexico,1.0,1606,Physical and Theoretical Chemistry,2| 4,Engineering & Technology| Natural Sciences,249| 409,Engineering - Petroleum| Chemistry,37,Physical Sciences,34,Chemical Sciences,3407| 3406,Theoretical and computational chemistry| Physical chemistry,-,Radical Mechanisms in Alkaloid Chemistry,1178,12.492,Mechanisms of Radical Scavenging in Antioxidants,7544,93.035,Defensible,UAM,1.0
"Vargas, Rubicelia",55989742600,Fluorometric detection of iodine by MIL-53(Al)-TDC,"Díaz-Ramírez, M.L.| Vargas, B.| Raziel Álvarez, J.| Landeros-Rivera, B.| Rivera-Almazo, M.| Ramos, C.| Gabriel Flores, J.| Morales, E.| Vargas, R.| Garza, J.| González-Zamora, E.| Martínez, A.| Solís-Ibarra, D.| Ibarra, I.A.",14.0,57209578929| 57194947554| 57216958934| 57192995930| 57200856573| 57216959549| 57195242626| 57216957849| 55989742600| 57204698538| 55989686000| 7404025645| 35099497400| 55000477500,2020.0,2020-05-28,Dalton Transactions,49,20,6572-6577,-,ISSN-14779226,9500153949.0,Journal,Royal Society of Chemistry,English,0.86,41,6.7,14,0.98,16,1.77,44.0,25.0,1.49,11.42,20.0,18.0,0.0,0.0,"Díaz-Ramírez, M.L., Vargas, B., Raziel Álvarez, J. and 11 more (...) (2020).Fluorometric detection of iodine by MIL-53(Al)-TDC. Dalton Transactions,49(20) 6572-6577",https://www.scopus.com/record/display.url?eid=2-s2.0-85085535577&origin=resultslist,10.1039/d0dt00945h,Article,,2-s2.0-85085535577,32338666,Universidad Autónoma Metropolitana| Universidad Nacional Autónoma de México,505017| 505023,Academic,2.0,60032442| 60028381,Universidad Nacional Autónoma de México| Universidad Autónoma Metropolitana -Unidad Iztapalapa,57209578929,55000477500,7404025645,-,Mexico,1.0,1604,Inorganic Chemistry,4,Natural Sciences,409,Chemistry,37,Physical Sciences,34,Chemical Sciences,3402,Inorganic chemistry,-,Metal-Organic Frameworks in Environmental Applications,99,98.496,Iodine Adsorption Materials for Radioactive Waste Management,20195,97.276,Defensible,Nacional,2.0
"Vargas, Rubicelia",55989742600,Implementation of the Molecular Electrostatic Potential over Graphics Processing Units,"Cruz, J.C.| Hernández-Esparza, R.| Vázquez-Mayagoitia, Á.| Vargas, R.| Garza, J.",5.0,57209506006| 56587874900| 56002752600| 55989742600| 57204698538,2019.0,2019-07-22,Journal of Chemical Information and Modeling,59,7,3120-3127,-,ISSN-15499596,130080.0,Journal,American Chemical Society,English,1.29,18,6.3,7,1.329,8,0.5,17.0,25.0,0.77,10.44,20.0,36.0,0.0,0.0,"Cruz, J.C., Hernández-Esparza, R., Vázquez-Mayagoitia, Á. and 2 more (...) (2019).Implementation of the Molecular Electrostatic Potential over Graphics Processing Units. Journal of Chemical Information and Modeling,59(7) 3120-3127",https://www.scopus.com/record/display.url?eid=2-s2.0-85067987418&origin=resultslist,10.1021/acs.jcim.8b00951,Article,,2-s2.0-85067987418,31145605,Universidad Autónoma Metropolitana| United States Department of Energy| Argonne National Laboratory,505017| 508244| 715878,Government| Academic,3.0,60028381| 60028609,Universidad Autónoma Metropolitana -Unidad Iztapalapa| Argonne National Laboratory,57209506006,57204698538,57204698538,-,Mexico| United States,2.0,1500| 1600| 1706| 3309,General Chemical Engineering| General Chemistry| Computer Science Applications| Library and Information Sciences,3| 4| 2,Social Sciences & Management| Natural Sciences| Engineering & Technology,409| 329| 212| 213| 219,Chemistry| Library & Information Management| Computer Science & Information Systems| Data Science| Engineering - Chemical,38| 40| 36| 37,Computer Science| Social Sciences| Engineering| Physical Sciences,34,Chemical Sciences,3404| 3407,Medicinal and biomolecular chemistry| Theoretical and computational chemistry,-,Quantum Chemistry and Molecular Dynamics in Energy Systems,400,34.729,Quantum Chemistry Algorithms for Enhanced Performance,42350,75.668,Very Good,Internacional,1.0
"Vargas, Rubicelia",55989742600,New information of dopaminergic agents based on quantum chemistry calculations,"Goode-Romero, G.| Winnberg, U.| Domínguez, L.| Ibarra, I.A.| Vargas, R.| Winnberg, E.| Martínez, A.",7.0,57220586877| 57201481754| 57190401060| 55000477500| 55989742600| 36496227200| 7404025645,2020.0,2020-12-01,Scientific Reports,10,1,-,21581,ISSN-20452322,21100200805.0,Journal,Nature Research,English,1.39,16,7.1,7,1.24,8,0.96,31.0,24.0,0.43,23.0,20.0,50.0,0.0,0.0,"Goode-Romero, G., Winnberg, U., Domínguez, L. and 4 more (...) (2020).New information of dopaminergic agents based on quantum chemistry calculations. Scientific Reports,10(1) ",https://www.scopus.com/record/display.url?eid=2-s2.0-85097378500&origin=resultslist,10.1038/s41598-020-78446-4,Article,Gold|Green,2-s2.0-85097378500,33299000,Universidad Autónoma Metropolitana| Mexico Autonomous Institute of Technology| Universidad Nacional Autónoma de México,505017| 703438| 505023,Academic,3.0,60032442| 60030473| 60028381| 112578411,Universidad Nacional Autónoma de México| ITAM - Instituto Tecnológico Autónomo de México| Universidad Autónoma Metropolitana -Unidad Iztapalapa| Ersta Sköndal Bräcke University College,57220586877,7404025645,57220586877| 7404025645,-,Mexico| Sweden,2.0,1000,Multidisciplinary,-,-,-,-,-,-,MD,Multidisciplinary,MD,Multidisciplinary,-,Cognitive and Physical Health in Schizophrenia,35,77.763,Understanding Schizophrenia throughFirst Rank Symptoms,59350,30.108,Defensible,Internacional,3.0
"Vargas, Rubicelia",55989742600,Formation of small clusters of NaCl dihydrate in the gas phase,"García, J.-J.| Hernández-Esparza, R.| Vargas, R.| Tiznado, W.| Garza, J.",5.0,57207774063| 56587874900| 55989742600| 6507292367| 57204698538,2019.0,2019-01-01,New Journal of Chemistry,43,11,4342-4348,-,ISSN-11440546,24824.0,Journal,Royal Society of Chemistry,English,0.76,46,4.7,19,0.712,22,0.44,16.0,22.0,0.72,16.76,23.0,38.0,0.0,0.0,"García, J.-J., Hernández-Esparza, R., Vargas, R. and 2 more (...) (2019).Formation of small clusters of NaCl dihydrate in the gas phase. New Journal of Chemistry,43(11) 4342-4348",https://www.scopus.com/record/display.url?eid=2-s2.0-85062888368&origin=resultslist,10.1039/c8nj06315j,Article,,2-s2.0-85062888368,-,Universidad Andrés Bello| Universidad Autónoma Metropolitana,603010| 505017,Academic,2.0,60028381| 60002636,Universidad Autónoma Metropolitana -Unidad Iztapalapa| Universidad Andrés Bello,57207774063,57204698538,57204698538,-,Chile| Mexico,2.0,1503| 1600| 2505,Catalysis| General Chemistry| Materials Chemistry,4| 2,Natural Sciences| Engineering & Technology,249| 219| 409| 433,Engineering - Petroleum| Engineering - Chemical| Chemistry| Materials Science,37| 36,Physical Sciences| Engineering,34,Chemical Sciences,-,-,-,Molecular Dynamics and Hydrogen Bonding in Water,191,75.474,Hydration Dynamics and Structural Insights in Aqueous Solutions,7508,80.156,Defensible,Internacional,1.0
"Vargas, Rubicelia",55989742600,A Hartree-Fock study of the confined helium atom: Local and global basis set approaches,"Young, T.D.| Vargas, R.| Garza, J.",3.0,17436506500| 55989742600| 57204698538,2016.0,2016-02-15,"Physics Letters, Section A: General, Atomic and Solid State Physics",380,5-6,712-717,-,ISSN-03759601,29464.0,Journal,Elsevier B.V.,English,0.85,37,3.1,32,0.773,30,0.63,16.0,21.0,0.8,11.23,26.0,35.0,0.0,0.0,"Young, T.D., Vargas, R., Garza, J. (2016).A Hartree-Fock study of the confined helium atom: Local and global basis set approaches. Physics Letters, Section A: General, Atomic and Solid State Physics,380(5-6) 712-717",https://www.scopus.com/record/display.url?eid=2-s2.0-84952836964&origin=resultslist,10.1016/j.physleta.2015.11.021,Article,,2-s2.0-84952836964,-,Universidad Autónoma Metropolitana| Institute of Fundamental Technological Research of the Polish Academy of Sciences| Polish Academy of Sciences,505017| 703315| 327062,Academic,3.0,60016848| 60028381,Institute of Fundamental Technological Research of the Polish Academy of Sciences| Universidad Autónoma Metropolitana -Unidad Iztapalapa,17436506500,57204698538,17436506500,-,Mexico| Poland,2.0,3100,General Physics and Astronomy,4,Natural Sciences,439,Physics & Astronomy,37,Physical Sciences,51| 49,Physical Sciences| Mathematical Sciences,-,-,-,Quantum Well Structures in Silicon Devices,239,33.028,Quantum Confinement Effects in Atomic Systems,30014,68.41,Definitive,Internacional,1.0
"Vargas, Rubicelia",55989742600,A quantum chemical approach representing a new perspective concerning agonist and antagonist drugs in the context of schizophrenia and Parkinson’s disease,"Martínez, A.| Ibarra, I.A.| Vargas, R.",3.0,7404025645| 55000477500| 55989742600,2019.0,2019-12-01,PLoS ONE,14,12,-,e0224691,ISSN-19326203,10600153309.0,Journal,Public Library of Science,English,1.2,21,5.2,9,1.023,7,0.66,19.0,21.0,0.46,19.65,24.0,49.0,0.0,0.0,"Martínez, A., Ibarra, I.A., Vargas, R. (2019).A quantum chemical approach representing a new perspective concerning agonist and antagonist drugs in the context of schizophrenia and Parkinson’s disease. PLoS ONE,14(12) ",https://www.scopus.com/record/display.url?eid=2-s2.0-85076406933&origin=resultslist,10.1371/journal.pone.0224691,Article,Gold|Green,2-s2.0-85076406933,31830046,Universidad Autónoma Metropolitana| Universidad Nacional Autónoma de México,505017| 505023,Academic,2.0,60005971| 60032442| 60028381,Instituto de Investigaciones en Materiales| Universidad Nacional Autónoma de México| Universidad Autónoma Metropolitana -Unidad Iztapalapa,7404025645,55989742600,7404025645,-,Mexico,1.0,1000,Multidisciplinary,-,-,-,-,-,-,MD,Multidisciplinary,MD,Multidisciplinary,-,Cognitive and Physical Health in Schizophrenia,35,77.763,Understanding Schizophrenia throughFirst Rank Symptoms,59350,30.108,Defensible,Nacional,2.0
"Vargas, Rubicelia",55989742600,Hydrogen bonds in methane-water clusters,"Salazar-Cano, J.-R.| Guevara-García, A.| Vargas, R.| Restrepo, A.| Garza, J.",5.0,57214611498| 8615638400| 55989742600| 23009980500| 57204698538,2016.0,2016-01-01,Physical Chemistry Chemical Physics,18,34,23508-23515,-,ISSN-14639076,27011.0,Journal,Royal Society of Chemistry,English,1.11,23,7,7,1.685,9,0.81,25.0,20.0,0.65,10.74,27.0,40.0,0.0,0.0,"Salazar-Cano, J.-R., Guevara-García, A., Vargas, R. and 2 more (...) (2016).Hydrogen bonds in methane-water clusters. Physical Chemistry Chemical Physics,18(34) 23508-23515",https://www.scopus.com/record/display.url?eid=2-s2.0-84984684867&origin=resultslist,10.1039/c6cp04086a,Article,,2-s2.0-84984684867,-,Universidad Autónoma Metropolitana| Universidad de Antioquia,505017| 604001,Academic,2.0,60028381| 60055833,Universidad Autónoma Metropolitana -Unidad Iztapalapa| Universidad de Antioquia,57214611498,57204698538,57204698538,-,Mexico| Colombia,2.0,1606| 3100,Physical and Theoretical Chemistry| General Physics and Astronomy,2| 4,Engineering & Technology| Natural Sciences,439| 409| 249,Physics & Astronomy| Chemistry| Engineering - Petroleum,37,Physical Sciences,34| 51| 40,Chemical Sciences| Physical Sciences| Engineering,-,-,-,Interactions of Gas Hydrates and Colloidal Particles,605,46.501,Gas Hydrates and Their Energy Storage Potential,305,99.407,Very Good,Internacional,1.0
"Vargas, Rubicelia",55989742600,Computational tools to study non-covalent interactions and confinement effects in chemical systems,"Vargas, R.| Garza, J.| Martínez, A.| Ibarra, I.A.",4.0,55989742600| 57204698538| 7404025645| 55000477500,2024.0,2024-02-14,Chemical Communications,60,22,3008-3018,-,ISSN-13597345,22781.0,Journal,Royal Society of Chemistry,English,0.78,43,7.4,18,1.037,15,1.35,19.0,18.0,2.05,8.77,7.0,13.0,0.0,0.0,"Vargas, R., Garza, J., Martínez, A. and 1 more (...) (2024).Computational tools to study non-covalent interactions and confinement effects in chemical systems. Chemical Communications,60(22) 3008-3018",https://www.scopus.com/record/display.url?eid=2-s2.0-85186098304&origin=resultslist,10.1039/d3cc06347j,Article,,2-s2.0-85186098304,38376468,CSIC| CSIC - National Museum of Natural Sciences| Universidad Autónoma Metropolitana| Universidad Nacional Autónoma de México,312004| 715444| 505017| 505023,Academic| Government,4.0,60028381| 60032442| 60005971| 60006754| 60015098,Universidad Autónoma Metropolitana -Unidad Iztapalapa| Universidad Nacional Autónoma de México| Instituto de Investigaciones en Materiales| Consejo Superior de Investigaciones Científicas| CSIC - Museo Nacional de Ciencias Naturales (MNCN),55989742600,55000477500,55989742600| 57204698538,-,Mexico| Spain,2.0,1503| 1600| 2503| 2504| 2505| 2506| 2508,"Catalysis| General Chemistry| Ceramics and Composites| Electronic, Optical and Magnetic Materials| Materials Chemistry| Metals and Alloys| Surfaces, Coatings and Films",2| 4,Engineering & Technology| Natural Sciences,433| 249| 219| 409,Materials Science| Engineering - Petroleum| Engineering - Chemical| Chemistry,36| 37,Engineering| Physical Sciences,40| 34,Engineering| Chemical Sciences,-,-,-,Quantum Well Structures in Silicon Devices,239,33.028,Quantum Confinement Effects in Atomic Systems,30014,68.41,Definitive,Internacional,2.0
"Vargas, Rubicelia",55989742600,Formation of reactive oxygen species by vanadium complexes,"Soriano-Agueda, L.A.| Ortega-Moo, C.| Garza, J.| Guevara-García, J.A.| Vargas, R.",5.0,56584712700| 35746954900| 57204698538| 7801476667| 55989742600,2016.0,2016-02-01,Computational and Theoretical Chemistry,1077,-,99-105,-,ISSN-2210271X,21000196008.0,Journal,Elsevier B.V.,English,0.6,55,2.6,43,0.542,43,0.84,31.0,18.0,0.5,10.03,29.0,46.0,0.0,0.0,"Soriano-Agueda, L.A., Ortega-Moo, C., Garza, J. and 2 more (...) (2016).Formation of reactive oxygen species by vanadium complexes. Computational and Theoretical Chemistry,107799-105",https://www.scopus.com/record/display.url?eid=2-s2.0-84958523834&origin=resultslist,10.1016/j.comptc.2015.11.002,Article,,2-s2.0-84958523834,-,Universidad Autónoma Metropolitana| Universidad Autónoma de Tlaxcala,505017| 714292,Academic,2.0,60028381| 60029589,Universidad Autónoma Metropolitana -Unidad Iztapalapa| Universidad Autónoma de Tlaxcala,56584712700,55989742600,55989742600,-,Mexico,1.0,1303| 1606| 3104,Biochemistry| Physical and Theoretical Chemistry| Condensed Matter Physics,4| 5| 2,Natural Sciences| Life Sciences & Medicine| Engineering & Technology,507| 249| 439| 409,Biological Sciences| Engineering - Petroleum| Physics & Astronomy| Chemistry,37| 32,Physical Sciences| Life Sciences,34,Chemical Sciences,3406| 3407,Physical chemistry| Theoretical and computational chemistry,-,Polyoxometalates and Vanadium in Catalytic Applications,1104,35.383,Vanadium Coordination Compounds as Antidiabetic Agents,5784,89.843,Very Good,Nacional,2.0
"Vargas, Rubicelia",55989742600,Van der Waals exchange-correlation functionals over bulk and surface properties of transition metals,"Avelar, J.| Bruix, A.| Garza, J.| Vargas, R.",4.0,57208280783| 36463205900| 57204698538| 55989742600,2019.0,2019-01-01,Journal of Physics Condensed Matter,31,31,-,315501,ISSN-09538984,28567.0,Journal,Institute of Physics Publishing,English,0.95,34,4.7,26,0.936,20,0.7,27.0,17.0,0.59,13.59,29.0,43.0,0.0,0.0,"Avelar, J., Bruix, A., Garza, J. and 1 more (...) (2019).Van der Waals exchange-correlation functionals over bulk and surface properties of transition metals. Journal of Physics Condensed Matter,31(31) ",https://www.scopus.com/record/display.url?eid=2-s2.0-85067219665&origin=resultslist,10.1088/1361-648X/ab18ea,Article,,2-s2.0-85067219665,30978711,Technical University of Munich| Universidad Autónoma Metropolitana| Aarhus University,309054| 505017| 310010,Academic,3.0,60028381| 60029616| 60019722,Universidad Autónoma Metropolitana -Unidad Iztapalapa| Aarhus Universitet| Technische Universität München,57208280783,55989742600,-,-,Mexico| Germany| Denmark,3.0,2500| 3104,General Materials Science| Condensed Matter Physics,2| 4,Engineering & Technology| Natural Sciences,433| 439,Materials Science| Physics & Astronomy,37| 36,Physical Sciences| Engineering,40| 51,Engineering| Physical Sciences,5104| 4016| 4018,Condensed matter physics| Materials engineering| Nanotechnology,-,Quantum Chemistry and Molecular Interaction Insights,8,83.453,Density Functional Theory and Van Der Waals Interactions,4474,98.297,Very Good,Internacional,1.0
"Vargas, Rubicelia",55989742600,Ionization of many-electron atoms by the action of two plasma models,"Martínez-Sánchez, M.-A.| Martínez-Flores, C.| Vargas, R.| Garza, J.| Cabrera-Trujillo, R.| Sen, K.D.",6.0,57190744750| 55842469300| 55989742600| 57204698538| 6603862041| 7103105026,2021.0,2021-04-01,Physical Review E,103,4,-,043202,ISSN-24700045,21100855841.0,Journal,American Physical Society,English,0.97,34,4.5,12,0.847,21,1.0,15.0,15.0,1.8,8.35,27.0,15.0,0.0,0.0,"Martínez-Sánchez, M.-A., Martínez-Flores, C., Vargas, R. and 3 more (...) (2021).Ionization of many-electron atoms by the action of two plasma models. Physical Review E,103(4) ",https://www.scopus.com/record/display.url?eid=2-s2.0-85104476006&origin=resultslist,10.1103/PhysRevE.103.043202,Article,,2-s2.0-85104476006,34005965,Universidad Autónoma Metropolitana| University of Hyderabad| Universidad Nacional Autónoma de México,505017| 207074| 505023,Academic,3.0,60028381| 60172289| 60029516,Universidad Autónoma Metropolitana -Unidad Iztapalapa| Universidad Nacional Autónoma de México Campus Morelos| University of Hyderabad,57190744750,7103105026,-,-,India| Mexico,2.0,2613| 3104| 3109,Statistics and Probability| Condensed Matter Physics| Statistical and Nonlinear Physics,2| 4,Engineering & Technology| Natural Sciences,439| 344| 431| 213,Physics & Astronomy| Statistics & Operational Research| Mathematics| Data Science,37,Physical Sciences,49| 40| 51,Mathematical Sciences| Engineering| Physical Sciences,-,-,-,Plasma Dynamics and Electron Beam Innovations,746,15.827,Plasma Effects on Atomic Structure and Dynamics,18724,71.02,Very Good,Internacional,2.0
"Vargas, Rubicelia",55989742600, CO 2 capture enhancement for InOF-1: confinement of 2-propanol ,"Sánchez-Bautista, J.E.| Landeros-Rivera, B.| Jurado-Vázquez, T.| Martínez, A.| González-Zamora, E.| Balmaseda, J.| Vargas, R.| Ibarra, I.A.",8.0,57208326065| 57192995930| 57191247913| 7404025645| 55989686000| 6603286727| 55989742600| 55000477500,2019.0,2019-01-01,Dalton Transactions,48,16,5176-5182,-,ISSN-14779226,9500153949.0,Journal,Royal Society of Chemistry,English,0.93,35,6.8,13,1.048,15,1.37,42.0,15.0,0.68,11.7,31.0,39.0,0.0,0.0,"Sánchez-Bautista, J.E., Landeros-Rivera, B., Jurado-Vázquez, T. and 5 more (...) (2019). CO 2 capture enhancement for InOF-1: confinement of 2-propanol . Dalton Transactions,48(16) 5176-5182",https://www.scopus.com/record/display.url?eid=2-s2.0-85064516043&origin=resultslist,10.1039/c9dt00384c,Article,,2-s2.0-85064516043,30869732,Universidad Autónoma Metropolitana| Universidad Nacional Autónoma de México,505017| 505023,Academic,2.0,60032442| 60028381,Universidad Nacional Autónoma de México| Universidad Autónoma Metropolitana -Unidad Iztapalapa,57208326065,55000477500,7404025645,-,Mexico,1.0,1604,Inorganic Chemistry,4,Natural Sciences,409,Chemistry,37,Physical Sciences,34,Chemical Sciences,3402,Inorganic chemistry,SDG 13,Metal-Organic Frameworks in Environmental Applications,99,98.496,Metal Organic Frameworks in Gas Storage Applications,74,99.688,Very Good,Nacional,2.0
"Vargas, Rubicelia",55989742600,Relevance of hydrogen bonding in CO2 capture enhancement within InOF-1: An energy and vibrational analysis,"Lara-García, H.A.| Landeros-Rivera, B.| González-Zamora, E.| Aguilar-Pliego, J.| Gómez-Cortés, A.| Martínez, A.| Vargas, R.| Diaz, G.| Ibarra, I.A.",9.0,56285455400| 57192995930| 55989686000| 56013754600| 6602668306| 7404025645| 55989742600| 7201671446| 55000477500,2019.0,2019-01-01,Dalton Transactions,48,24,8611-8616,-,ISSN-14779226,9500153949.0,Journal,Royal Society of Chemistry,English,0.93,35,6.8,13,1.048,15,1.63,54.0,15.0,0.77,11.7,31.0,36.0,0.0,0.0,"Lara-García, H.A., Landeros-Rivera, B., González-Zamora, E. and 6 more (...) (2019).Relevance of hydrogen bonding in CO2 capture enhancement within InOF-1: An energy and vibrational analysis. Dalton Transactions,48(24) 8611-8616",https://www.scopus.com/record/display.url?eid=2-s2.0-85067433527&origin=resultslist,10.1039/c9dt01266d,Article,,2-s2.0-85067433527,31070211,Universidad Autónoma Metropolitana| Universidad Nacional Autónoma de México,505017| 505023,Academic,2.0,60032442| 60028381| 60023193,Universidad Nacional Autónoma de México| Universidad Autónoma Metropolitana -Unidad Iztapalapa| Universidad Autónoma Metropolitana - Azcapotzalco,56285455400,55000477500,57192995930,-,Mexico,1.0,1604,Inorganic Chemistry,4,Natural Sciences,409,Chemistry,37,Physical Sciences,34,Chemical Sciences,3402,Inorganic chemistry,SDG 13,Metal-Organic Frameworks in Environmental Applications,99,98.496,Metal Organic Frameworks in Gas Storage Applications,74,99.688,Very Good,Nacional,2.0
"Vargas, Rubicelia",55989742600,Free-basis-set method to describe the helium atom confined by a spherical box with finite and infinite potentials,"Martínez-Flores, C.| Martínez-Sánchez, M.-A.| Vargas, R.| Garza, J.",4.0,55842469300| 57190744750| 55989742600| 57204698538,2021.0,2021-03-01,European Physical Journal D,75,3,-,100,ISSN-14346060,27549.0,Journal,Springer Science and Business Media Deutschland GmbH,English,0.65,54,2.5,60,0.423,52,0.5,8.0,14.0,0.88,11.36,28.0,32.0,0.0,0.0,"Martínez-Flores, C., Martínez-Sánchez, M.-A., Vargas, R. and 1 more (...) (2021).Free-basis-set method to describe the helium atom confined by a spherical box with finite and infinite potentials. European Physical Journal D,75(3) ",https://www.scopus.com/record/display.url?eid=2-s2.0-85102716939&origin=resultslist,10.1140/epjd/s10053-021-00110-x,Article,,2-s2.0-85102716939,-,Universidad Autónoma Metropolitana,505017,Academic,1.0,60028381,Universidad Autónoma Metropolitana -Unidad Iztapalapa,55842469300,57204698538,57204698538,-,Mexico,1.0,3107,"Atomic and Molecular Physics, and Optics",4,Natural Sciences,439,Physics & Astronomy,37,Physical Sciences,51,Physical Sciences,-,-,-,Quantum Well Structures in Silicon Devices,239,33.028,Quantum Confinement Effects in Atomic Systems,30014,68.41,Definitive,UAM,1.0
"Vargas, Rubicelia",55989742600,Coordination numbers in hydrated Cu(II) ions,"Monjaraz-Rodríguez, A.| Rodriguez-Bautista, M.| Garza, J.| Zubillaga, R.A.| Vargas, R.",5.0,57202779480| 56721438500| 7005124261| 6602332270| 55989742600,2018.0,2018-07-01,Journal of Molecular Modeling,24,7,-,187,ISSN-16102940,57844.0,Journal,Springer Verlag,English,0.51,64,2.2,44,0.37,53,0.61,19.0,14.0,0.39,12.77,34.0,53.0,0.0,0.0,"Monjaraz-Rodríguez, A., Rodriguez-Bautista, M., Garza, J. and 2 more (...) (2018).Coordination numbers in hydrated Cu(II) ions. Journal of Molecular Modeling,24(7) ",https://www.scopus.com/record/display.url?eid=2-s2.0-85049325309&origin=resultslist,10.1007/s00894-018-3725-5,Article,,2-s2.0-85049325309,29968112,Universidad Autónoma Metropolitana,505017,Academic,1.0,60028381,Universidad Autónoma Metropolitana -Unidad Iztapalapa,57202779480,55989742600,55989742600,-,Mexico,1.0,1503| 1604| 1605| 1606| 1703| 1706,Catalysis| Inorganic Chemistry| Organic Chemistry| Physical and Theoretical Chemistry| Computational Theory and Mathematics| Computer Science Applications,4| 2,Natural Sciences| Engineering & Technology,249| 213| 409| 212| 219,Engineering - Petroleum| Data Science| Chemistry| Computer Science & Information Systems| Engineering - Chemical,38| 36| 37,Computer Science| Engineering| Physical Sciences,34,Chemical Sciences,3406| 3407| 3404,Physical chemistry| Theoretical and computational chemistry| Medicinal and biomolecular chemistry,-,Molecular Dynamics and Hydrogen Bonding in Water,191,75.474,Hydration Dynamics and Structural Insights in Aqueous Solutions,7508,80.156,Very Good,UAM,1.0
"Vargas, Rubicelia",55989742600,Exact solution for the hydrogen atom confined by a dielectric continuum and the correct basis set to study many-electron atoms under similar confinements,"Martínez-Sánchez, M.-A.| Aquino, N.| Vargas, R.| Garza, J.",4.0,57190744750| 7004300096| 55989742600| 57204698538,2017.0,2017-12-16,Chemical Physics Letters,690,-,14-19,-,ISSN-00092614,26586.0,Journal,Elsevier B.V.,English,0.6,56,3.1,34,0.656,35,0.5,16.0,14.0,0.71,11.27,35.0,38.0,0.0,0.0,"Martínez-Sánchez, M.-A., Aquino, N., Vargas, R. and 1 more (...) (2017).Exact solution for the hydrogen atom confined by a dielectric continuum and the correct basis set to study many-electron atoms under similar confinements. Chemical Physics Letters,69014-19",https://www.scopus.com/record/display.url?eid=2-s2.0-85032878357&origin=resultslist,10.1016/j.cplett.2017.10.035,Article,,2-s2.0-85032878357,-,Universidad Autónoma Metropolitana,505017,Academic,1.0,60028381,Universidad Autónoma Metropolitana -Unidad Iztapalapa,57190744750,57204698538,57204698538,-,Mexico,1.0,1606| 3100,Physical and Theoretical Chemistry| General Physics and Astronomy,2| 4,Engineering & Technology| Natural Sciences,439| 249| 409,Physics & Astronomy| Engineering - Petroleum| Chemistry,37,Physical Sciences,34| 51,Chemical Sciences| Physical Sciences,-,-,-,Quantum Well Structures in Silicon Devices,239,33.028,Quantum Confinement Effects in Atomic Systems,30014,68.41,Definitive,UAM,1.0
"Vargas, Rubicelia",55989742600,Confined toluene within InOF-1: CO2 capture enhancement,"Garrido-Olvera, L.P.| Sanchez-Bautista, J.E.| Alvarado-Alvarado, D.| Landeros-Rivera, B.| Álvarez, J.R.| Vargas, R.| González-Zamora, E.| Balmaseda, J.| Lara-García, H.A.| Martínez, A.| Ibarra, I.A.",11.0,6504423846| 57208326065| 57211347708| 57192995930| 56982347300| 55989742600| 55989686000| 6603286727| 56285455400| 7404025645| 55000477500,2019.0,2019-01-01,RSC Advances,9,56,32864-32872,-,ISSN-20462069,21100199840.0,Journal,Royal Society of Chemistry,English,0.81,43,6.5,13,0.736,21,0.73,24.0,14.0,0.41,14.81,33.0,52.0,0.0,0.0,"Garrido-Olvera, L.P., Sanchez-Bautista, J.E., Alvarado-Alvarado, D. and 8 more (...) (2019).Confined toluene within InOF-1: CO2 capture enhancement. RSC Advances,9(56) 32864-32872",https://www.scopus.com/record/display.url?eid=2-s2.0-85073607124&origin=resultslist,10.1039/c9ra05991a,Article,Gold|Green,2-s2.0-85073607124,-,Universidad Autónoma Metropolitana| Universidad Nacional Autónoma de México,505017| 505023,Academic,2.0,60032442| 60028381,Universidad Nacional Autónoma de México| Universidad Autónoma Metropolitana -Unidad Iztapalapa,6504423846,55000477500,57192995930,-,Mexico,1.0,1500| 1600,General Chemical Engineering| General Chemistry,2| 4,Engineering & Technology| Natural Sciences,219| 409,Engineering - Chemical| Chemistry,37| 36,Physical Sciences| Engineering,34,Chemical Sciences,-,-,SDG 9| SDG 13,Mesoporous Silica Materials for Advanced Applications,577,60.105,Fluid Behavior in Confined Porous Media,12137,79.333,Defensible,Nacional,2.0
"Vargas, Rubicelia",55989742600,Study of antiradical mechanisms with dihydroxybenzenes using reaction force and reaction electronic flux,"Ortega-Moo, C.| Durán, R.| Herrera, B.| Gutiérrez-Oliva, S.| Toro-Labbé, A.| Vargas, R.",6.0,35746954900| 57192871060| 8081345100| 6506137534| 57195459910| 55989742600,2017.0,2017-01-01,Physical Chemistry Chemical Physics,19,22,14512-14519,-,ISSN-14639076,27011.0,Journal,Royal Society of Chemistry,English,1.07,26,7,8,1.686,10,0.85,32.0,13.0,0.44,11.27,36.0,50.0,0.0,0.0,"Ortega-Moo, C., Durán, R., Herrera, B. and 3 more (...) (2017).Study of antiradical mechanisms with dihydroxybenzenes using reaction force and reaction electronic flux. Physical Chemistry Chemical Physics,19(22) 14512-14519",https://www.scopus.com/record/display.url?eid=2-s2.0-85024090123&origin=resultslist,10.1039/c7cp01304c,Article,,2-s2.0-85024090123,28537305,Universidad Autónoma Metropolitana| University of Freiburg| Pontificia Universidad Católica de Chile,505017| 309072| 603001,Academic,3.0,60028381| 60029681| 60025641,Universidad Autónoma Metropolitana -Unidad Iztapalapa| Pontificia Universidad Católica de Chile| Universität Freiburg,35746954900,55989742600,35746954900,-,Chile| Mexico| Germany,3.0,1606| 3100,Physical and Theoretical Chemistry| General Physics and Astronomy,4| 2,Natural Sciences| Engineering & Technology,409| 249| 439,Chemistry| Engineering - Petroleum| Physics & Astronomy,37,Physical Sciences,34| 40| 51,Chemical Sciences| Engineering| Physical Sciences,-,-,-,Quantum Chemistry and Molecular Interaction Insights,8,83.453,Understanding Reaction Mechanisms through Electronic Forces,92122,43.595,Very Good,Internacional,1.0
"Vargas, Rubicelia",55989742600,Confined benzene within InOF-1: Contrasting CO2 and SO2 capture behaviours,"Barrios-Vargas, L.J.| Ruiz-Montoya, J.G.| Landeros-Rivera, B.| Álvarez, J.R.| Alvarado-Alvarado, D.| Vargas, R.| Martínez, A.| González-Zamora, E.| Cáceres, L.M.| Morales, J.C.| Ibarra, I.A.",11.0,57215543987| 56809410500| 57192995930| 56982347300| 57211347708| 55989742600| 7404025645| 55989686000| 57226648235| 57215544806| 55000477500,2020.0,2020-03-07,Dalton Transactions,49,9,2786-2793,-,ISSN-14779226,9500153949.0,Journal,Royal Society of Chemistry,English,0.86,41,6.7,14,0.98,16,3.58,92.0,13.0,0.61,11.42,34.0,41.0,0.0,0.0,"Barrios-Vargas, L.J., Ruiz-Montoya, J.G., Landeros-Rivera, B. and 8 more (...) (2020).Confined benzene within InOF-1: Contrasting CO2 and SO2 capture behaviours. Dalton Transactions,49(9) 2786-2793",https://www.scopus.com/record/display.url?eid=2-s2.0-85081137778&origin=resultslist,10.1039/c9dt04667d,Article,,2-s2.0-85081137778,32043501,"Universidad Autónoma Metropolitana| Universidad Nacional de Ingeniería, Peru| Universidad de Lima| Universidad Nacional Autónoma de México",505017| 701195| 701188| 505023,Academic,4.0,60032442| 60071255| 60028381| 60078115,"Universidad Nacional Autónoma de México| Universidad Nacional de Ingenieria, Lima| Universidad Autónoma Metropolitana -Unidad Iztapalapa| Universidad de Lima",57215543987,55000477500,55989742600,-,Mexico| Peru,2.0,1604,Inorganic Chemistry,4,Natural Sciences,409,Chemistry,37,Physical Sciences,34,Chemical Sciences,3402,Inorganic chemistry,SDG 13,Mesoporous Silica Materials for Advanced Applications,577,60.105,Fluid Behavior in Confined Porous Media,12137,79.333,Defensible,Internacional,2.0
"Vargas, Rubicelia",55989742600,Testing one-parameter hybrid exchange functionals in confined atomic systems,"Duarte-Alcaráz, F.-A.| Martínez-Sánchez, M.-A.| Rivera-Almazo, M.| Vargas, R.| Rosas-Burgos, R.-A.| Garza, J.",6.0,57209748716| 57190744750| 57200856573| 55989742600| 57209748678| 57204698538,2019.0,2019-01-01,"Journal of Physics B: Atomic, Molecular and Optical Physics",52,13,-,135002,ISSN-09534075,28565.0,Journal,Institute of Physics Publishing,English,0.84,41,3.9,34,0.791,27,0.23,5.0,13.0,0.73,10.97,34.0,37.0,0.0,0.0,"Duarte-Alcaráz, F.-A., Martínez-Sánchez, M.-A., Rivera-Almazo, M. and 3 more (...) (2019).Testing one-parameter hybrid exchange functionals in confined atomic systems. Journal of Physics B: Atomic, Molecular and Optical Physics,52(13) ",https://www.scopus.com/record/display.url?eid=2-s2.0-85068624636&origin=resultslist,10.1088/1361-6455/ab233b,Article,,2-s2.0-85068624636,-,Universidad Autónoma Metropolitana| Universidad de Sonora,505017| 505021,Academic,2.0,60032897| 60028381,Universidad de Sonora| Universidad Autónoma Metropolitana -Unidad Iztapalapa,57209748716,57204698538,-,-,Mexico,1.0,3104| 3107,"Condensed Matter Physics| Atomic and Molecular Physics, and Optics",4,Natural Sciences,439,Physics & Astronomy,37,Physical Sciences,51,Physical Sciences,5102| 5106| 5108,"Atomic, molecular and optical physics| Nuclear and plasma physics| Quantum physics",-,Quantum Well Structures in Silicon Devices,239,33.028,Quantum Confinement Effects in Atomic Systems,30014,68.41,Very Good,Nacional,2.0
"Vargas, Rubicelia",55989742600,How to identify promising metal scavengers? d-penicillamine with copper as a study case,"Martínez, A.| Vargas, R.| Galano, A.",3.0,7404025645| 55989742600| 55995932900,2018.0,2018-01-15,International Journal of Quantum Chemistry,118,2,-,e25457,ISSN-00207608,24127.0,Journal,John Wiley and Sons Inc.,English,0.85,40,4.6,23,0.848,24,0.67,28.0,12.0,0.84,10.74,38.0,34.0,0.0,0.0,"Martínez, A., Vargas, R., Galano, A. (2018).How to identify promising metal scavengers? d-penicillamine with copper as a study case. International Journal of Quantum Chemistry,118(2) ",https://www.scopus.com/record/display.url?eid=2-s2.0-85036459271&origin=resultslist,10.1002/qua.25457,Article,,2-s2.0-85036459271,-,Universidad Autónoma Metropolitana| Universidad Nacional Autónoma de México,505017| 505023,Academic,2.0,60032442| 60028381,Universidad Nacional Autónoma de México| Universidad Autónoma Metropolitana -Unidad Iztapalapa,7404025645,55995932900,7404025645,-,Mexico,1.0,1606| 3104| 3107,"Physical and Theoretical Chemistry| Condensed Matter Physics| Atomic and Molecular Physics, and Optics",2| 4,Engineering & Technology| Natural Sciences,409| 439| 249,Chemistry| Physics & Astronomy| Engineering - Petroleum,37,Physical Sciences,34,Chemical Sciences,3407| 3406,Theoretical and computational chemistry| Physical chemistry,-,Copper and Iron Proteins in Disease Mechanisms,456,65.86,Copper Homeostasis and Its Biological Significance,9661,94.928,Defensible,Nacional,2.0
"Vargas, Rubicelia",55989742600,Main interactions of dopamine and risperidone with the dopamine D2 receptor,"Martínez, A.| García-Gutiérrez, P.| Zubillaga, R.A.| Garza, J.| Vargas, R.",5.0,7404025645| 7801588106| 6602332270| 57204698538| 55989742600,2021.0,2021-07-14,Physical Chemistry Chemical Physics,23,26,14224-14230,-,ISSN-14639076,27011.0,Journal,Royal Society of Chemistry,English,0.94,36,6.3,16,0.899,20,1.75,37.0,12.0,0.46,13.02,32.0,50.0,0.0,0.0,"Martínez, A., García-Gutiérrez, P., Zubillaga, R.A. and 2 more (...) (2021).Main interactions of dopamine and risperidone with the dopamine D2 receptor. Physical Chemistry Chemical Physics,23(26) 14224-14230",https://www.scopus.com/record/display.url?eid=2-s2.0-85109364948&origin=resultslist,10.1039/d1cp01637g,Article,,2-s2.0-85109364948,34159983,Universidad Autónoma Metropolitana| Universidad Nacional Autónoma de México,505017| 505023,Academic,2.0,60032442| 60005971| 60028381,Universidad Nacional Autónoma de México| Instituto de Investigaciones en Materiales| Universidad Autónoma Metropolitana -Unidad Iztapalapa,7404025645,55989742600,7404025645,-,Mexico,1.0,1606| 3100,Physical and Theoretical Chemistry| General Physics and Astronomy,2| 4,Engineering & Technology| Natural Sciences,249| 409| 439,Engineering - Petroleum| Chemistry| Physics & Astronomy,37,Physical Sciences,34| 40| 51,Chemical Sciences| Engineering| Physical Sciences,-,-,-,Cognitive and Physical Health in Schizophrenia,35,77.763,Understanding Schizophrenia throughFirst Rank Symptoms,59350,30.108,Defensible,Nacional,2.0
"Vargas, Rubicelia",55989742600,Analyzing ZnO clusters through the density-functional theory,"Zaragoza, I.-P.| Soriano-Agueda, L.-A.| Hernández-Esparza, R.| Vargas, R.| Garza, J.",5.0,6603190452| 56584712700| 56587874900| 55989742600| 57204698538,2018.0,2018-07-01,Journal of Molecular Modeling,24,7,-,164,ISSN-16102940,57844.0,Journal,Springer Verlag,English,0.51,64,2.2,44,0.37,53,0.69,21.0,11.0,0.31,12.77,40.0,57.0,0.0,0.0,"Zaragoza, I.-P., Soriano-Agueda, L.-A., Hernández-Esparza, R. and 2 more (...) (2018).Analyzing ZnO clusters through the density-functional theory. Journal of Molecular Modeling,24(7) ",https://www.scopus.com/record/display.url?eid=2-s2.0-85048696978&origin=resultslist,10.1007/s00894-018-3691-y,Article,,2-s2.0-85048696978,29909582,"Tecnológico Nacional de México, Mexico City| Universidad Autónoma Metropolitana",719128| 505017,Academic,2.0,60134870| 60028381,Tecnológico Nacional de México| Universidad Autónoma Metropolitana -Unidad Iztapalapa,6603190452,57204698538,57204698538,-,Mexico,1.0,1503| 1604| 1605| 1606| 1703| 1706,Catalysis| Inorganic Chemistry| Organic Chemistry| Physical and Theoretical Chemistry| Computational Theory and Mathematics| Computer Science Applications,4| 2,Natural Sciences| Engineering & Technology,212| 249| 219| 213| 409,Computer Science & Information Systems| Engineering - Petroleum| Engineering - Chemical| Data Science| Chemistry,37| 36| 38,Physical Sciences| Engineering| Computer Science,34,Chemical Sciences,3404| 3406| 3407,Medicinal and biomolecular chemistry| Physical chemistry| Theoretical and computational chemistry,-,Zinc Oxide Nanostructures and Applications,38,89.863,Zinc Oxide Nanoclusters and Their Electronic Properties,58304,51.411,Very Good,Nacional,2.0
"Vargas, Rubicelia",55989742600,Non-covalent interactions between sertraline stereoisomers and 2-hydroxypropyl-ß-cyclodextrin: A quantum chemistry analysis,"Bautista-Renedo, J.-M.| Cuevas-Yañez, E.| Reyes-Pérez, H.| Vargas, R.| Garza, J.| González-Rivas, N.",6.0,56891781800| 56000886300| 7102981061| 55989742600| 57204698538| 56013629000,2020.0,2020-05-27,RSC Advances,10,34,20202-20210,-,ISSN-20462069,21100199840.0,Journal,Royal Society of Chemistry,English,0.86,40,5.9,18,0.746,22,1.25,41.0,11.0,0.31,16.26,38.0,58.0,0.0,0.0,"Bautista-Renedo, J.-M., Cuevas-Yañez, E., Reyes-Pérez, H. and 3 more (...) (2020).Non-covalent interactions between sertraline stereoisomers and 2-hydroxypropyl-ß-cyclodextrin: A quantum chemistry analysis. RSC Advances,10(34) 20202-20210",https://www.scopus.com/record/display.url?eid=2-s2.0-85085619244&origin=resultslist,10.1039/c9ra10218c,Article,Gold|Green,2-s2.0-85085619244,-,Universidad Autónoma Metropolitana| Universidad Autonoma del Estado de Mexico| Universidad Nacional Autónoma de México,505017| 505051| 505023,Academic,3.0,60175860| 60028381| 114921032,Centro Conjunto de Investigación en Química Sustentable UAEM-UNAM| Universidad Autónoma Metropolitana -Unidad Iztapalapa| Tecnológico de Estudios Superiores de Jocotitlán,56891781800,56013629000,56013629000,-,Mexico,1.0,1500| 1600,General Chemical Engineering| General Chemistry,2| 4,Engineering & Technology| Natural Sciences,409| 219,Chemistry| Engineering - Chemical,36| 37,Engineering| Physical Sciences,34,Chemical Sciences,-,-,-,Enzyme Immobilization Techniques for Enhanced Biocatalysis,722,72.073,Molecular Dynamics of Cyclodextrin Inclusion Complexes,18313,62.421,Defensible,Nacional,3.0
"Vargas, Rubicelia",55989742600,Non-conventional interactions of N3 inhibitor with the main protease of SARS-CoV and SARS-CoV-2,"García-Gutiérrez, P.| Zubillaga, R.A.| Ibarra, I.A.| Martínez, A.| Vargas, R.| Garza, J.",6.0,7801588106| 6602332270| 55000477500| 7404025645| 55989742600| 57204698538,2021.0,2021-01-01,Computational and Structural Biotechnology Journal,19,-,4669-4675,-,ISSN-20010370,21100318415.0,Journal,Elsevier B.V.,English,1.36,17,6,24,1.538,6,0.37,9.0,10.0,0.56,14.37,36.0,45.0,0.0,0.0,"García-Gutiérrez, P., Zubillaga, R.A., Ibarra, I.A. and 3 more (...) (2021).Non-conventional interactions of N3 inhibitor with the main protease of SARS-CoV and SARS-CoV-2. Computational and Structural Biotechnology Journal,194669-4675",https://www.scopus.com/record/display.url?eid=2-s2.0-85113305130&origin=resultslist,10.1016/j.csbj.2021.08.015,Article,Gold|Green,2-s2.0-85113305130,-,Universidad Autónoma Metropolitana| Universidad Nacional Autónoma de México,505017| 505023,Academic,2.0,60028381| 60032442| 60005971,Universidad Autónoma Metropolitana -Unidad Iztapalapa| Universidad Nacional Autónoma de México| Instituto de Investigaciones en Materiales,7801588106,57204698538,55989742600,-,Mexico,1.0,1303| 1304| 1305| 1311| 1315| 1706,Biochemistry| Biophysics| Biotechnology| Genetics| Structural Biology| Computer Science Applications,2| 5,Engineering & Technology| Life Sciences & Medicine,213| 212| 507,Data Science| Computer Science & Information Systems| Biological Sciences,38| 32,Computer Science| Life Sciences,31| 46,Biological Sciences| Information And Computing Sciences,4601| 3101,Applied computing| Biochemistry and cell biology,SDG 3,"COVID-19, Its Impact, and Vaccination",1,99.935,Targeting SARS Coronavirus Proteases for Antiviral Development,2341,99.603,Very Good,Nacional,2.0
"Vargas, Rubicelia",55989742600,Study of the oxidation mechanisms associated to new dimeric and trimeric esters of ferulic acid,"Guillén-Villar, R.C.| Vargas-Álvarez, Y.| Vargas, R.| Garza, J.| Matus, M.H.| Salas-Reyes, M.| Domínguez, Z.",7.0,56152892000| 56509578900| 55989742600| 57204698538| 12754179100| 56153077900| 6603012192,2015.0,2015-03-01,Journal of Electroanalytical Chemistry,740,-,95-104,-,ISSN-15726657,9500154039.0,Journal,Elsevier B.V.,English,0.87,36,4.4,16,0.714,23,1.57,69.0,10.0,0.37,10.76,42.0,52.0,0.0,0.0,"Guillén-Villar, R.C., Vargas-Álvarez, Y., Vargas, R. and 4 more (...) (2015).Study of the oxidation mechanisms associated to new dimeric and trimeric esters of ferulic acid. Journal of Electroanalytical Chemistry,74095-104",https://www.scopus.com/record/display.url?eid=2-s2.0-84922478806&origin=resultslist,10.1016/j.jelechem.2015.01.003,Article,,2-s2.0-84922478806,-,Universidad Autónoma Metropolitana| Universidad Veracruzana,505017| 505056,Academic,2.0,60007909| 60028381,Universidad Veracruzana| Universidad Autónoma Metropolitana -Unidad Iztapalapa,56152892000,6603012192,56153077900,-,Mexico,1.0,1500| 1602| 1603,General Chemical Engineering| Analytical Chemistry| Electrochemistry,2| 4,Engineering & Technology| Natural Sciences,409| 219,Chemistry| Engineering - Chemical,36| 37,Engineering| Physical Sciences,34,Chemical Sciences,3406| 3401,Physical chemistry| Analytical chemistry,-,Lipase Enzymes in Biocatalytic Applications,867,49.379,Antioxidant Applications of Lipase-Catalyzed Transesterification,50361,78.135,Defensible,Nacional,2.0
"Vargas, Rubicelia",55989742600,"Analyzing the interaction energy between dopaminergic agents and DRD2: Is there any difference between risperidone (antagonist), aripiprazole (partial agonist) and pramipexole (agonist)?","Goode-Romero, G.| Dominguez, L.| Vargas, R.| Ibarra, I.A.| Martínez, A.",5.0,57220586877| 57190401060| 55989742600| 55000477500| 7404025645,2021.0,2021-03-01,Computational and Theoretical Chemistry,1197,-,-,113125,ISSN-2210271X,21000196008.0,Journal,Elsevier B.V.,English,0.55,61,3.1,52,0.346,60,0.9,20.0,10.0,0.72,12.48,36.0,38.0,0.0,0.0,"Goode-Romero, G., Dominguez, L., Vargas, R. and 2 more (...) (2021).Analyzing the interaction energy between dopaminergic agents and DRD2: Is there any difference between risperidone (antagonist), aripiprazole (partial agonist) and pramipexole (agonist)?. Computational and Theoretical Chemistry,1197",https://www.scopus.com/record/display.url?eid=2-s2.0-85098989487&origin=resultslist,10.1016/j.comptc.2020.113125,Article,,2-s2.0-85098989487,-,Universidad Autónoma Metropolitana| Universidad Nacional Autónoma de México,505017| 505023,Academic,2.0,60032442| 60028381,Universidad Nacional Autónoma de México| Universidad Autónoma Metropolitana -Unidad Iztapalapa,57220586877,7404025645,7404025645,-,Mexico,1.0,1303| 1606| 3104,Biochemistry| Physical and Theoretical Chemistry| Condensed Matter Physics,5| 4| 2,Life Sciences & Medicine| Natural Sciences| Engineering & Technology,249| 439| 409| 507,Engineering - Petroleum| Physics & Astronomy| Chemistry| Biological Sciences,32| 37,Life Sciences| Physical Sciences,34,Chemical Sciences,3406| 3407,Physical chemistry| Theoretical and computational chemistry,-,Cognitive and Physical Health in Schizophrenia,35,77.763,Understanding Schizophrenia throughFirst Rank Symptoms,59350,30.108,Defensible,Nacional,2.0
"Vargas, Rubicelia",55989742600,"SBA15–Fluconazole as a Protective Approach Against Mild Steel Corrosion: Synthesis, Characterization, and Computational Studies","Bustos-Terrones, V.| Serratos, I.N.| Vargas, R.| Landeros-Rivera, B.C.| Bustos-Terrones, Y.A.| Soto Estrada, A.M.| Vicente Escobar, J.O.| Romero Romo, M.A.| Uruchurtu, J.| Menchaca, C.| Esparza Schulz, J.M.| Domínguez, A.",12.0,57201374622| 56013689500| 55989742600| 57192995930| 56602953700| 57198316918| 57201380269| 6602576873| 6602981882| 6603659682| 55856922200| 23966360200,2018.0,2018-12-01,ChemistryOpen,7,12,984-994,-,ISSN-21911363,21100287113.0,Journal,Wiley-VCH Verlag,English,0.78,44,4.3,26,0.788,23,1.34,58.0,9.0,0.06,15.69,44.0,74.0,0.0,0.0,"Bustos-Terrones, V., Serratos, I.N., Vargas, R. and 9 more (...) (2018).SBA15–Fluconazole as a Protective Approach Against Mild Steel Corrosion: Synthesis, Characterization, and Computational Studies. ChemistryOpen,7(12) 984-994",https://www.scopus.com/record/display.url?eid=2-s2.0-85057893975&origin=resultslist,10.1002/open.201800201,Article,Gold|Green,2-s2.0-85057893975,-,Universidad Autonoma del Estado de Morelos| Universidad Autónoma Metropolitana,505016| 505017,Academic,2.0,60028381| 106349017| 60023193| 60025626,Universidad Autónoma Metropolitana -Unidad Iztapalapa| Instituto Tecnológico de Culiacán| Universidad Autónoma Metropolitana - Azcapotzalco| Universidad Autónoma del Estado de Morelos,57201374622,23966360200,57201374622,-,Mexico,1.0,1600,General Chemistry,4,Natural Sciences,409,Chemistry,37,Physical Sciences,34,Chemical Sciences,3405,Organic chemistry,-,Corrosion Resistance in Coatings and Materials,1193,35.71,Layered Double Hydroxides in Corrosion Protection,21131,98.589,Defensible,Nacional,2.0
"Vargas, Rubicelia",55989742600,Initial stage of the degradation of three common neonicotinoids: theoretical prediction of charge transfer sites,"García-Hernández, E.| Flores-Moreno, R.| Vázquez-Mayagoitia, Á.| Vargas, R.| Garza, J.",5.0,55927648000| 6507942740| 56002752600| 55989742600| 57204698538,2017.0,2017-01-01,New Journal of Chemistry,41,3,965-974,-,ISSN-11440546,24824.0,Journal,Royal Society of Chemistry,English,0.79,42,4.7,18,0.864,16,1.25,41.0,9.0,0.21,14.48,44.0,63.0,0.0,0.0,"García-Hernández, E., Flores-Moreno, R., Vázquez-Mayagoitia, Á. and 2 more (...) (2017).Initial stage of the degradation of three common neonicotinoids: theoretical prediction of charge transfer sites. New Journal of Chemistry,41(3) 965-974",https://www.scopus.com/record/display.url?eid=2-s2.0-85010987002&origin=resultslist,10.1039/c6nj02655a,Article,,2-s2.0-85010987002,-,Universidad Autónoma Metropolitana| United States Department of Energy| Argonne National Laboratory| Universidad de Guadalajara,505017| 508244| 715878| 505019,Academic| Government,4.0,60028381| 113751000| 60008943| 60028609,Universidad Autónoma Metropolitana -Unidad Iztapalapa| Instituto Tecnológico Superior de Zacapoaxtla| Universidad de Guadalajara| Argonne National Laboratory,55927648000,57204698538,57204698538,-,Mexico| United States,2.0,1503| 1600| 2505,Catalysis| General Chemistry| Materials Chemistry,4| 2,Natural Sciences| Engineering & Technology,433| 219| 409| 249,Materials Science| Engineering - Chemical| Chemistry| Engineering - Petroleum,36| 37,Engineering| Physical Sciences,34,Chemical Sciences,-,-,-,Nanozymes and Pesticide Residue Detection Methods,579,92.74,Neonicotinoid Insecticides and Their Ecological Impact,5986,98.743,Very Good,Internacional,2.0
"Vargas, Rubicelia",55989742600,Electron Density Analysis for the H2+ System Confined by Hard Walls: The Chemical Bond Under Extreme Conditions,"Hernández-Esparza, R.| Landeros-Rivera, B.| Vargas, R.| Garza, J.",4.0,56587874900| 57192995930| 55989742600| 57204698538,2019.0,2019-07-01,Annalen der Physik,531,7,-,1800476,ISSN-00033804,26998.0,Journal,Wiley-VCH Verlag,English,0.89,38,5,18,1.277,14,0.72,24.0,9.0,0.44,13.61,42.0,50.0,0.0,0.0,"Hernández-Esparza, R., Landeros-Rivera, B., Vargas, R. and 1 more (...) (2019).Electron Density Analysis for the H2+ System Confined by Hard Walls: The Chemical Bond Under Extreme Conditions. Annalen der Physik,531(7) ",https://www.scopus.com/record/display.url?eid=2-s2.0-85064203343&origin=resultslist,10.1002/andp.201800476,Article,,2-s2.0-85064203343,-,Universidad Autónoma Metropolitana,505017,Academic,1.0,60028381,Universidad Autónoma Metropolitana -Unidad Iztapalapa,56587874900,57204698538,57204698538,-,Mexico,1.0,3100,General Physics and Astronomy,4,Natural Sciences,439,Physics & Astronomy,37,Physical Sciences,51| 49,Physical Sciences| Mathematical Sciences,-,-,-,Quantum Well Structures in Silicon Devices,239,33.028,Quantum Confinement Effects in Atomic Systems,30014,68.41,Definitive,UAM,1.0
"Vargas, Rubicelia",55989742600,Tsallis entropy: A comparative study for the 1s2-state of helium atom,"Nasser, I.| Martinez-Flores, C.| Zeama, M.| Vargas, R.| Garza, J.",5.0,6603778932| 55842469300| 55991525900| 55989742600| 57204698538,2021.0,2021-03-15,"Physics Letters, Section A: General, Atomic and Solid State Physics",392,-,-,127136,ISSN-03759601,29464.0,Journal,Elsevier B.V.,English,0.92,37,4.4,31,0.531,38,0.59,12.0,8.0,0.49,14.31,41.0,49.0,0.0,0.0,"Nasser, I., Martinez-Flores, C., Zeama, M. and 2 more (...) (2021).Tsallis entropy: A comparative study for the 1s2-state of helium atom. Physics Letters, Section A: General, Atomic and Solid State Physics,392",https://www.scopus.com/record/display.url?eid=2-s2.0-85099395469&origin=resultslist,10.1016/j.physleta.2020.127136,Article,,2-s2.0-85099395469,-,King Fahd University of Petroleum and Minerals| Universidad Autónoma Metropolitana| Egyptian Chinese University,409002| 505017| 723251,Academic,3.0,60262991| 60273018| 60028381| 60009506,Egyptian Chinese University| Faculty of Engineering and Technology| Universidad Autónoma Metropolitana -Unidad Iztapalapa| King Fahd University of Petroleum and Minerals,6603778932,57204698538,55991525900,-,Mexico| Egypt| Saudi Arabia,3.0,3100,General Physics and Astronomy,4,Natural Sciences,439,Physics & Astronomy,37,Physical Sciences,49| 51,Mathematical Sciences| Physical Sciences,-,-,-,Quantum Information and Optical State Manipulation,9,93.394,Information Theory Applications in Quantum Systems,14686,83.419,Very Good,Internacional,1.0
"Vargas, Rubicelia",55989742600,Dissociation energy for the P2S2 ring in a family of thionation reagents and the corresponding chemical reactivity of separated species: a density functional theory analysis,"Cortés-Santiago, A.| Navarrete-López, A.M.| Vargas, R.| Garza, J.",4.0,56584747500| 22980766800| 55989742600| 57204698538,2017.0,2017-05-01,Journal of Physical Organic Chemistry,30,5,-,e3624,ISSN-08943230,26971.0,Journal,John Wiley and Sons Ltd,English,0.65,53,2.6,57,0.467,59,0.71,25.0,8.0,0.19,10.69,46.0,64.0,0.0,0.0,"Cortés-Santiago, A., Navarrete-López, A.M., Vargas, R. and 1 more (...) (2017).Dissociation energy for the P2S2 ring in a family of thionation reagents and the corresponding chemical reactivity of separated species: a density functional theory analysis. Journal of Physical Organic Chemistry,30(5) ",https://www.scopus.com/record/display.url?eid=2-s2.0-84982206760&origin=resultslist,10.1002/poc.3624,Article,,2-s2.0-84982206760,-,Universidad Autónoma Metropolitana,505017,Academic,1.0,60028381,Universidad Autónoma Metropolitana -Unidad Iztapalapa,56584747500,57204698538,57204698538,-,Mexico,1.0,1605| 1606,Organic Chemistry| Physical and Theoretical Chemistry,4| 2,Natural Sciences| Engineering & Technology,409| 249,Chemistry| Engineering - Petroleum,37,Physical Sciences,34,Chemical Sciences,3405| 3406,Organic chemistry| Physical chemistry,-,Ruthenium Complexes in Catalysis and Medicine,1045,39.83,Synthesis and Applications of Lawesson's Reagent Derivatives,56760,13.512,Defensible,UAM,1.0
"Vargas, Rubicelia",55989742600,Revealing the anti-corrosion mechanism of fluconazole by experimental and theoretical studies,"Bustos-Terrones, V.| Serratos, I.N.| Vargas, R.| Landeros-Rivera, B.C.| Ramos, E.| Soto-Estrada, A.M.| Guardián-Tapia, R.| Domínguez, A.| Bustos-Terrones, Y.A.",9.0,57201374622| 56013689500| 55989742600| 57192995930| 57187020500| 57198316918| 56013586200| 23966360200| 56602953700,2021.0,2021-01-01,Materials Science and Engineering: B,263,-,-,114844,ISSN-09215107,17812.0,Journal,Elsevier Ltd,English,0.94,36,4.5,28,0.599,31,0.76,27.0,8.0,0.44,13.65,41.0,51.0,0.0,0.0,"Bustos-Terrones, V., Serratos, I.N., Vargas, R. and 6 more (...) (2021).Revealing the anti-corrosion mechanism of fluconazole by experimental and theoretical studies. Materials Science and Engineering: B,263",https://www.scopus.com/record/display.url?eid=2-s2.0-85092101404&origin=resultslist,10.1016/j.mseb.2020.114844,Article,,2-s2.0-85092101404,-,Universidad Autonoma del Estado de Morelos| Universidad Autónoma Metropolitana| Universidad Nacional Autónoma de México,505016| 505017| 505023,Academic,3.0,108043592| 60028381| 60032442| 60025626| 126947944,Universidad Politécnica del Estado de Morelos| Universidad Autónoma Metropolitana -Unidad Iztapalapa| Universidad Nacional Autónoma de México| Universidad Autónoma del Estado de Morelos| CONACYT-TecNM,57201374622,56602953700,56602953700,-,Mexico,1.0,2210| 2211| 2500| 3104,Mechanical Engineering| Mechanics of Materials| General Materials Science| Condensed Matter Physics,2| 4,Engineering & Technology| Natural Sciences,222| 433| 439,Engineering - Mechanical| Materials Science| Physics & Astronomy,37| 36,Physical Sciences| Engineering,51| 34| 40,Physical Sciences| Chemical Sciences| Engineering,-,-,-,Corrosion Inhibition Mechanisms in Metal Alloys,933,76.455,Corrosion Inhibitors for Steel Protection and Efficiency,2,99.891,Definitive,Nacional,3.0
"Vargas, Rubicelia",55989742600,Deformations of cyclodextrins and their influence to form inclusion compounds,"Bautista-Renedo, J.-M.| Hernández-Esparza, R.| Cuevas-Yañez, E.| Reyes-Pérez, H.| Vargas, R.| Garza, J.| González-Rivas, N.",7.0,56891781800| 56587874900| 56000886300| 7102981061| 55989742600| 57204698538| 56013629000,2022.0,2022-03-15,International Journal of Quantum Chemistry,122,6,-,e26859,ISSN-00207608,24127.0,Journal,John Wiley and Sons Inc,English,0.72,48,4.8,34,0.424,50,1.9,35.0,8.0,0.69,11.54,36.0,40.0,0.0,0.0,"Bautista-Renedo, J.-M., Hernández-Esparza, R., Cuevas-Yañez, E. and 4 more (...) (2022).Deformations of cyclodextrins and their influence to form inclusion compounds. International Journal of Quantum Chemistry,122(6) ",https://www.scopus.com/record/display.url?eid=2-s2.0-85120558421&origin=resultslist,10.1002/qua.26859,Article,,2-s2.0-85120558421,-,McMaster University| Universidad Autónoma Metropolitana| Universidad Autonoma del Estado de Mexico,501017| 505017| 505051,Academic,3.0,60002281| 60031828| 60106381| 125387165| 60028381,"Universidad Autónoma del Estado de México| McMaster University| McMaster University, Faculty of Science| Tecnológico de Estudios Superiores de Jocotitlán| Universidad Autónoma Metropolitana -Unidad Iztapalapa",56891781800,56013629000,57204698538| 56013629000,-,Mexico| Canada,2.0,1606| 3104| 3107,"Physical and Theoretical Chemistry| Condensed Matter Physics| Atomic and Molecular Physics, and Optics",2| 4,Engineering & Technology| Natural Sciences,409| 249| 439,Chemistry| Engineering - Petroleum| Physics & Astronomy,37,Physical Sciences,34,Chemical Sciences,3407| 3406,Theoretical and computational chemistry| Physical chemistry,-,Enzyme Immobilization Techniques for Enhanced Biocatalysis,722,72.073,Molecular Dynamics of Cyclodextrin Inclusion Complexes,18313,62.421,Very Good,Internacional,2.0
"Vargas, Rubicelia",55989742600,A detailed description of the CO molecule adsorbed in InOF-1,"Landeros-Rivera, B.| Ibarra, I.A.| Díaz-Ramírez, M.L.| Vargas, R.| Lara-García, H.A.| Garza, J.| Martínez, A.",7.0,57192995930| 55000477500| 57209578929| 55989742600| 56285455400| 57204698538| 7404025645,2020.0,2020-04-21,Physical Chemistry Chemical Physics,22,15,7969-7974,-,ISSN-14639076,27011.0,Journal,Royal Society of Chemistry,English,0.97,34,6.1,13,1.053,17,1.44,42.0,8.0,0.38,13.25,45.0,53.0,0.0,0.0,"Landeros-Rivera, B., Ibarra, I.A., Díaz-Ramírez, M.L. and 4 more (...) (2020).A detailed description of the CO molecule adsorbed in InOF-1. Physical Chemistry Chemical Physics,22(15) 7969-7974",https://www.scopus.com/record/display.url?eid=2-s2.0-85083544324&origin=resultslist,10.1039/d0cp00579g,Article,,2-s2.0-85083544324,32236261,Universidad Autónoma Metropolitana| Universidad Nacional Autónoma de México,505017| 505023,Academic,2.0,60028381| 60032442| 60005971,Universidad Autónoma Metropolitana -Unidad Iztapalapa| Universidad Nacional Autónoma de México| Instituto de Investigaciones en Materiales,57192995930,7404025645,55989742600,-,Mexico,1.0,1606| 3100,Physical and Theoretical Chemistry| General Physics and Astronomy,2| 4,Engineering & Technology| Natural Sciences,249| 439| 409,Engineering - Petroleum| Physics & Astronomy| Chemistry,37,Physical Sciences,34| 51| 40,Chemical Sciences| Physical Sciences| Engineering,-,-,-,Quantum Chemistry and Molecular Interaction Insights,8,83.453,Quantum Theory and Electron Density in Chemical Bonding,9726,87.792,Defensible,Nacional,2.0
"Vargas, Rubicelia",55989742600,Identification of the preferential CO and SO2adsorption sites within NOTT-401,"Rivera-Almazo, M.| Díaz-Ramírez, M.L.| Hernández-Esparza, R.| Vargas, R.| Martínez, A.| Martis, V.| Sáenz-Cavazos, P.A.| Williams, D.| Lima, E.| Ibarra, I.A.| Garza, J.",11.0,57200856573| 57209578929| 56587874900| 55989742600| 7404025645| 34973230300| 57204199284| 55574201884| 7103348371| 55000477500| 57204698538,2021.0,2021-01-14,Physical Chemistry Chemical Physics,23,2,1454-1463,-,ISSN-14639076,27011.0,Journal,Royal Society of Chemistry,English,0.94,36,6.3,16,0.899,20,1.66,35.0,8.0,0.54,13.02,41.0,46.0,0.0,0.0,"Rivera-Almazo, M., Díaz-Ramírez, M.L., Hernández-Esparza, R. and 8 more (...) (2021).Identification of the preferential CO and SO2adsorption sites within NOTT-401. Physical Chemistry Chemical Physics,23(2) 1454-1463",https://www.scopus.com/record/display.url?eid=2-s2.0-85100280520&origin=resultslist,10.1039/d0cp04668j,Article,,2-s2.0-85100280520,33399155,McMaster University| Universidad Autónoma Metropolitana| Imperial College London| Universidad Nacional Autónoma de México,501017| 505017| 315018| 505023,Academic,4.0,60028381| 60032442| 60031828| 60175955| 60015150,Universidad Autónoma Metropolitana -Unidad Iztapalapa| Universidad Nacional Autónoma de México| McMaster University| Surface Measurement Systems Ltd.| Imperial College London,57200856573,57204698538,7103348371| 55000477500| 57204698538,-,United Kingdom| Mexico| Canada,3.0,1606| 3100,Physical and Theoretical Chemistry| General Physics and Astronomy,2| 4,Engineering & Technology| Natural Sciences,249| 439| 409,Engineering - Petroleum| Physics & Astronomy| Chemistry,37,Physical Sciences,40| 34| 51,Engineering| Chemical Sciences| Physical Sciences,-,-,-,Carbon-Based Membranes for Enhanced Gas Separation,650,81.099,Adsorption Mechanisms for Carbon Monoxide Separation,49080,78.525,Defensible,Internacional,2.0
"Vargas, Rubicelia",55989742600,Encapsulation of dopamine within SU-101: insights by computational chemistry,"Medel, E.| Obeso, J.L.| Serrano-Fuentes, C.| Garza, J.| Ibarra, I.A.| Leyva, C.| Inge, A.K.| Martínez, A.| Vargas, R.",9.0,58203644300| 57580822200| 58418464300| 57204698538| 55000477500| 15829455800| 54883630500| 7404025645| 55989742600,2023.0,2023-06-16,Chemical Communications,59,56,8684-8687,-,ISSN-13597345,22781.0,Journal,Royal Society of Chemistry,English,0.79,41,8.6,13,1.133,9,2.43,48.0,8.0,0.6,13.3,28.0,43.0,0.0,0.0,"Medel, E., Obeso, J.L., Serrano-Fuentes, C. and 6 more (...) (2023).Encapsulation of dopamine within SU-101: insights by computational chemistry. Chemical Communications,59(56) 8684-8687",https://www.scopus.com/record/display.url?eid=2-s2.0-85163798382&origin=resultslist,10.1039/d3cc02304d,Article,Green,2-s2.0-85163798382,37345452,CSIC| CSIC - National Museum of Natural Sciences| Universidad Autónoma Metropolitana| Instituto Politécnico Nacional| Universidad Nacional Autónoma de México| Stockholm University,312004| 715444| 505017| 505011| 505023| 332014,Academic| Government,6.0,60028381| 60019176| 60005971| 60032442| 60028378| 60015098,Universidad Autónoma Metropolitana -Unidad Iztapalapa| Instituto Politécnico Nacional| Instituto de Investigaciones en Materiales| Universidad Nacional Autónoma de México| Stockholms universitet| CSIC - Museo Nacional de Ciencias Naturales (MNCN),58203644300,55989742600,57204698538| 7404025645| 55989742600,-,Mexico| Spain| Sweden,3.0,1503| 1600| 2503| 2504| 2505| 2506| 2508,"Catalysis| General Chemistry| Ceramics and Composites| Electronic, Optical and Magnetic Materials| Materials Chemistry| Metals and Alloys| Surfaces, Coatings and Films",4| 2,Natural Sciences| Engineering & Technology,409| 219| 249| 433,Chemistry| Engineering - Chemical| Engineering - Petroleum| Materials Science,36| 37,Engineering| Physical Sciences,40| 34,Engineering| Chemical Sciences,-,-,-,Metal-Organic Frameworks in Environmental Applications,99,98.496,Metal Organic Frameworks in Targeted Drug Delivery,31745,98.641,Definitive,Internacional,3.0
"Vargas, Rubicelia",55989742600,Theoretical study of the adsorption of substituted guaiacol and catechol radicals on a graphite surface,"Perea-Ramírez, L.I.| Vargas, R.| Domínguez, Z.| Salas-Reyes, M.| Matus, M.H.| Galván, M.",6.0,57194186419| 55989742600| 6603012192| 56153077900| 12754179100| 7006004160,2017.0,2017-07-10,Electrochimica Acta,242,-,66-72,-,ISSN-00134686,25181.0,Journal,Elsevier Ltd,English,1.13,23,8.6,5,1.439,8,1.26,51.0,7.0,0.17,11.59,49.0,65.0,1.0,0.0,"Perea-Ramírez, L.I., Vargas, R., Domínguez, Z. and 3 more (...) (2017).Theoretical study of the adsorption of substituted guaiacol and catechol radicals on a graphite surface. Electrochimica Acta,24266-72",https://www.scopus.com/record/display.url?eid=2-s2.0-85019164319&origin=resultslist,10.1016/j.electacta.2017.04.146,Article,,2-s2.0-85019164319,-,Universidad Autónoma Metropolitana| Universidad Veracruzana,505017| 505056,Academic,2.0,60028381| 60007909,Universidad Autónoma Metropolitana -Unidad Iztapalapa| Universidad Veracruzana,57194186419,7006004160,12754179100,-,Mexico,1.0,1500| 1603,General Chemical Engineering| Electrochemistry,2| 4,Engineering & Technology| Natural Sciences,219| 409,Engineering - Chemical| Chemistry,37| 36,Physical Sciences| Engineering,34| 40| 51,Chemical Sciences| Engineering| Physical Sciences,-,-,-,Innovative Electrocatalysts for Energy Conversion Applications,242,99.869,Electrochemical Grafting of Diazonium Salts on Surfaces,11244,82.357,Defensible,Nacional,2.0
"Vargas, Rubicelia",55989742600,Gas-flow activation of MOFs: Unlocking efficient catalysis through dynamic bonding,"Díaz-Ramírez, M.L.| Park, S.H.| Rivera-Almazo, M.| Medel, E.| Peralta, R.A.| Ibarra, I.A.| Vargas, R.| Garza, J.| Jeong, N.C.",9.0,57209578929| 57574017900| 57200856573| 58203644300| 56879898700| 55000477500| 55989742600| 57204698538| 8529179300,2024.0,2024-12-23,Chemical Science,16,6,2581-2588,-,ISSN-20416520,19700200838.0,Journal,Royal Society of Chemistry,English,1.46,13,12.6,10,2.138,9,1.03,15.0,7.0,0.64,10.89,21.0,41.0,0.0,0.0,"Díaz-Ramírez, M.L., Park, S.H., Rivera-Almazo, M. and 6 more (...) (2024).Gas-flow activation of MOFs: Unlocking efficient catalysis through dynamic bonding. Chemical Science,16(6) 2581-2588",https://www.scopus.com/record/display.url?eid=2-s2.0-85214130963&origin=resultslist,10.1039/d4sc07011a,Article,Gold|Green,2-s2.0-85214130963,-,Daegu Gyeongbuk Institute of Science and Technology| Universidad Autónoma Metropolitana| Universidad Nacional Autónoma de México,701404| 505017| 505023,Academic,3.0,60092864| 60014923| 60032442| 60005971,Daegu Gyeongbuk Institute of Science and Technology| Universidad Autónoma Metropolitana| Universidad Nacional Autónoma de México| Instituto de Investigaciones en Materiales,57209578929,8529179300,55989742600| 57204698538| 8529179300,-,South Korea| Mexico,2.0,1600,General Chemistry,4,Natural Sciences,409,Chemistry,37,Physical Sciences,34,Chemical Sciences,-,-,-,Metal-Organic Frameworks in Environmental Applications,99,98.496,Metal Organic Frameworks in Gas Storage Applications,74,99.688,Definitive,Internacional,2.0
"Vargas, Rubicelia",55989742600,Interaction of 5-: S -cysteinyl-dopamine with graphene oxide: An experimental and theoretical study for the detection of a Parkinson's disease biomarker,"Badillo-Ramírez, I.| Landeros-Rivera, B.| De La O-Cuevas, E.| Vargas, R.| Garza, J.| Saniger, J.M.",6.0,57194635244| 57192995930| 57208532285| 55989742600| 57204698538| 59255225400,2019.0,2019-01-01,New Journal of Chemistry,43,40,15861-15870,-,ISSN-11440546,24824.0,Journal,Royal Society of Chemistry,English,0.76,46,4.7,19,0.712,22,0.85,27.0,7.0,0.18,16.76,47.0,66.0,0.0,0.0,"Badillo-Ramírez, I., Landeros-Rivera, B., De La O-Cuevas, E. and 3 more (...) (2019).Interaction of 5-: S -cysteinyl-dopamine with graphene oxide: An experimental and theoretical study for the detection of a Parkinson's disease biomarker. New Journal of Chemistry,43(40) 15861-15870",https://www.scopus.com/record/display.url?eid=2-s2.0-85073635547&origin=resultslist,10.1039/c9nj03781k,Article,,2-s2.0-85073635547,-,Universidad Autonoma de Zacatecas| Universidad Autónoma Metropolitana| Universidad Nacional Autónoma de México,505049| 505017| 505023,Academic,3.0,60032442| 60028381| 60014481,Universidad Nacional Autónoma de México| Universidad Autónoma Metropolitana -Unidad Iztapalapa| Universidad Autónoma de Zacatecas,57194635244,59255225400,57194635244,-,Mexico,1.0,1503| 1600| 2505,Catalysis| General Chemistry| Materials Chemistry,2| 4,Engineering & Technology| Natural Sciences,219| 409| 433| 249,Engineering - Chemical| Chemistry| Materials Science| Engineering - Petroleum,37| 36,Physical Sciences| Engineering,34,Chemical Sciences,-,-,-,Quantum Chemistry and Molecular Interaction Insights,8,83.453,Hydrogen Bond Complexation and Quantum Theory Insights,81982,2.907,Definitive,Nacional,3.0
"Vargas, Rubicelia",55989742600,"Non-covalent interactions in biocompatible platforms for drug delivery: Mg2(olsalazine) Metal-Organic Framework with phenylethylamine, dopamine and sertraline","Medel, E.| Garza, J.| Ibarra, I.A.| Martínez, A.| Vargas, R.",5.0,58203644300| 57204698538| 55000477500| 7404025645| 55989742600,2023.0,2023-10-01,Computational and Theoretical Chemistry,1228,-,-,114265,ISSN-2210271X,21000196008.0,Journal,Elsevier B.V.,English,0.6,55,4.2,40,0.405,50,1.65,30.0,7.0,0.66,10.61,31.0,41.0,0.0,0.0,"Medel, E., Garza, J., Ibarra, I.A. and 2 more (...) (2023).Non-covalent interactions in biocompatible platforms for drug delivery: Mg2(olsalazine) Metal-Organic Framework with phenylethylamine, dopamine and sertraline. Computational and Theoretical Chemistry,1228",https://www.scopus.com/record/display.url?eid=2-s2.0-85167797568&origin=resultslist,10.1016/j.comptc.2023.114265,Article,,2-s2.0-85167797568,-,CSIC| CSIC - National Museum of Natural Sciences| Universidad Autónoma Metropolitana| Universidad Nacional Autónoma de México,312004| 715444| 505017| 505023,Academic| Government,4.0,60028381| 60032442| 60015098,Universidad Autónoma Metropolitana -Unidad Iztapalapa| Universidad Nacional Autónoma de México| CSIC - Museo Nacional de Ciencias Naturales (MNCN),58203644300,55989742600,55989742600,-,Spain| Mexico,2.0,1303| 1606| 3104,Biochemistry| Physical and Theoretical Chemistry| Condensed Matter Physics,5| 2| 4,Life Sciences & Medicine| Engineering & Technology| Natural Sciences,409| 249| 439| 507,Chemistry| Engineering - Petroleum| Physics & Astronomy| Biological Sciences,37| 32,Physical Sciences| Life Sciences,34,Chemical Sciences,3406| 3407,Physical chemistry| Theoretical and computational chemistry,-,Metal-Organic Frameworks in Environmental Applications,99,98.496,Metal Organic Frameworks in Targeted Drug Delivery,31745,98.641,Definitive,Internacional,2.0
"Vargas, Rubicelia",55989742600,Finite element method as an alternative to study the electronic structure of confined atoms,"García-Miranda, J.-J.| Vargas, R.| Garza, J.",3.0,58097827400| 55989742600| 57204698538,2023.0,2023-09-01,Physical Review E,108,3,-,035302,ISSN-24700045,21100855841.0,Journal,American Physical Society,English,0.87,35,4.5,14,0.805,22,0.85,11.0,7.0,0.96,7.29,31.0,30.0,0.0,0.0,"García-Miranda, J.-J., Vargas, R., Garza, J. (2023).Finite element method as an alternative to study the electronic structure of confined atoms. Physical Review E,108(3) ",https://www.scopus.com/record/display.url?eid=2-s2.0-85172939966&origin=resultslist,10.1103/PhysRevE.108.035302,Article,,2-s2.0-85172939966,37849191,Universidad Autónoma Metropolitana,505017,Academic,1.0,60028381,Universidad Autónoma Metropolitana -Unidad Iztapalapa,58097827400,57204698538,-,-,Mexico,1.0,2613| 3104| 3109,Statistics and Probability| Condensed Matter Physics| Statistical and Nonlinear Physics,2| 4,Engineering & Technology| Natural Sciences,439| 344| 431| 213,Physics & Astronomy| Statistics & Operational Research| Mathematics| Data Science,37,Physical Sciences,49| 40| 51,Mathematical Sciences| Engineering| Physical Sciences,-,-,-,Quantum Well Structures in Silicon Devices,239,33.028,Quantum Confinement Effects in Atomic Systems,30014,68.41,Definitive,UAM,1.0
"Vargas, Rubicelia",55989742600,Theoretical analysis of the S-P bond in a family of compounds that involve a P2S2 ring: Role of the PBE0-1/5 exchange-correlation functional,"Cortés-Santiago, A.| Vázquez-Mayagoitia, Á.| del Campo, J.M.| Soriano-Agueda, L.A.| Vargas, R.| Garza, J.",6.0,56584747500| 56002752600| 57886320600| 56584712700| 55989742600| 57204698538,2015.0,2015-06-05,Computational and Theoretical Chemistry,1062,-,36-43,-,ISSN-2210271X,21000196008.0,Journal,Elsevier,English,0.59,56,2.8,38,0.538,45,1.13,34.0,6.0,0.4,9.88,51.0,50.0,0.0,0.0,"Cortés-Santiago, A., Vázquez-Mayagoitia, Á., del Campo, J.M. and 3 more (...) (2015).Theoretical analysis of the S-P bond in a family of compounds that involve a P2S2 ring: Role of the PBE0-1/5 exchange-correlation functional. Computational and Theoretical Chemistry,106236-43",https://www.scopus.com/record/display.url?eid=2-s2.0-84926475571&origin=resultslist,10.1016/j.comptc.2015.03.014,Article,,2-s2.0-84926475571,-,Benemerita Universidad Autonoma de Puebla| Universidad Autónoma Metropolitana| United States Department of Energy| Argonne National Laboratory| Universidad Nacional Autónoma de México,505001| 505017| 508244| 715878| 505023,Academic| Government,5.0,60028381| 60024830| 60028609| 60032442| 60005847,"Universidad Autónoma Metropolitana -Unidad Iztapalapa| Benemérita Universidad Autónoma de Puebla| Argonne National Laboratory| Universidad Nacional Autónoma de México| Universidad Nacional Autónoma de México, Facultad de Quimica",56584747500,57204698538,57204698538,-,Mexico| United States,2.0,1303| 1606| 3104,Biochemistry| Physical and Theoretical Chemistry| Condensed Matter Physics,2| 5| 4,Engineering & Technology| Life Sciences & Medicine| Natural Sciences,249| 507| 409| 439,Engineering - Petroleum| Biological Sciences| Chemistry| Physics & Astronomy,37| 32,Physical Sciences| Life Sciences,34,Chemical Sciences,3407| 3406,Theoretical and computational chemistry| Physical chemistry,-,Quantum Chemistry and Molecular Interaction Insights,8,83.453,Density Functional Theory and Van Der Waals Interactions,4474,98.297,Very Good,Internacional,3.0
"Vargas, Rubicelia",55989742600,Isostructural MFM-300(Sc) and MFM-300(In): Adsorption Behavior to Determine Their Differences,"Rivera-Almazo, M.| Perez-Sanchez, E.| Martínez-Ahumada, E.| Martínez, A.| Garza, J.| Ibarra, I.A.| Vargas, R.",7.0,57200856573| 57575516200| 57212137584| 7404025645| 57204698538| 55000477500| 55989742600,2022.0,2022-04-14,Journal of Physical Chemistry C,126,14,6465-6471,-,ISSN-19327447,5200153123.0,Journal,American Chemical Society,English,0.85,39,7,21,1.028,15,1.31,29.0,6.0,0.43,14.1,42.0,53.0,0.0,0.0,"Rivera-Almazo, M., Perez-Sanchez, E., Martínez-Ahumada, E. and 4 more (...) (2022).Isostructural MFM-300(Sc) and MFM-300(In): Adsorption Behavior to Determine Their Differences. Journal of Physical Chemistry C,126(14) 6465-6471",https://www.scopus.com/record/display.url?eid=2-s2.0-85128184504&origin=resultslist,10.1021/acs.jpcc.2c00742,Article,,2-s2.0-85128184504,-,Universidad Autónoma Metropolitana| Universidad Nacional Autónoma de México,505017| 505023,Academic,2.0,60028381| 60005971| 60032442,Universidad Autónoma Metropolitana -Unidad Iztapalapa| Instituto de Investigaciones en Materiales| Universidad Nacional Autónoma de México,57200856573,55989742600,-,-,Mexico,1.0,1606| 2100| 2504| 2508,"Physical and Theoretical Chemistry| General Energy| Electronic, Optical and Magnetic Materials| Surfaces, Coatings and Films",2| 4,Engineering & Technology| Natural Sciences,433| 221| 249| 409,Materials Science| Engineering - Electrical & Electronic| Engineering - Petroleum| Chemistry,36| 37,Engineering| Physical Sciences,34| 40,Chemical Sciences| Engineering,-,-,-,Metal-Organic Frameworks in Environmental Applications,99,98.496,Metal Organic Frameworks in Gas Storage Applications,74,99.688,Definitive,Nacional,2.0
"Vargas, Rubicelia",55989742600,Conformations of α-cyclodextrin and its role on the stability of inclusion complexes in aqueous solution,"H. Huerta, E.| Gutiérrez-Flores, J.| Gómez-Balderas, R.| Garza, J.| Ramos, E.| Vargas, R.",6.0,58786158300| 57193845445| 6602784807| 57204698538| 57187020500| 55989742600,2024.0,2024-11-15,Journal of Molecular Liquids,414,-,-,126267,ISSN-01677322,26965.0,Journal,Elsevier B.V.,English,1.21,20,10.5,8,0.935,17,2.2,26.0,5.0,0.73,6.84,27.0,38.0,0.0,0.0,"H. Huerta, E., Gutiérrez-Flores, J., Gómez-Balderas, R. and 3 more (...) (2024).Conformations of α-cyclodextrin and its role on the stability of inclusion complexes in aqueous solution. Journal of Molecular Liquids,414",https://www.scopus.com/record/display.url?eid=2-s2.0-85206946643&origin=resultslist,10.1016/j.molliq.2024.126267,Article,,2-s2.0-85206946643,-,Universidad Autónoma Metropolitana| Universidad Nacional Autónoma de México,505017| 505023,Academic,2.0,60025013| 60032442| 60028381| 60172565| 60005971,Instituto de Quimica de la UNAM| Universidad Nacional Autónoma de México| Universidad Autónoma Metropolitana -Unidad Iztapalapa| Facultad de Estudios Superiores Cuautitlán| Instituto de Investigaciones en Materiales,58786158300,55989742600,58786158300,-,Mexico,1.0,1606| 1607| 2504| 2505| 3104| 3107,"Physical and Theoretical Chemistry| Spectroscopy| Electronic, Optical and Magnetic Materials| Materials Chemistry| Condensed Matter Physics| Atomic and Molecular Physics, and Optics",4| 2,Natural Sciences| Engineering & Technology,433| 249| 439| 409,Materials Science| Engineering - Petroleum| Physics & Astronomy| Chemistry,37| 36,Physical Sciences| Engineering,40| 34,Engineering| Chemical Sciences,3406| 4004,Physical chemistry| Chemical engineering,-,Enzyme Immobilization Techniques for Enhanced Biocatalysis,722,72.073,Molecular Dynamics of Cyclodextrin Inclusion Complexes,18313,62.421,Definitive,Nacional,2.0
"Vargas, Rubicelia",55989742600,Electron density analysis of two-electron systems confined by prolate spheroids with hard walls,"Yanajara-Parra, H.| Corella-Madueño, A.| Adrián Duarte-Alcaraz, F.| Vargas, R.| Garza, J.",5.0,58895473600| 6506884073| 58894822700| 55989742600| 57204698538,2024.0,2024-02-01,Journal of Physics Communications,8,2,-,025004,ISSN-23996528,21100943253.0,Journal,Institute of Physics,English,0.59,56,2.7,50,0.322,53,0.98,11.0,5.0,0.63,7.91,27.0,42.0,0.0,0.0,"Yanajara-Parra, H., Corella-Madueño, A., Adrián Duarte-Alcaraz, F. and 2 more (...) (2024).Electron density analysis of two-electron systems confined by prolate spheroids with hard walls. Journal of Physics Communications,8(2) ",https://www.scopus.com/record/display.url?eid=2-s2.0-85185501666&origin=resultslist,10.1088/2399-6528/ad246e,Article,Gold|Green,2-s2.0-85185501666,-,Consejo Nacional de Ciencia y Tecnologia Mexico| Universidad Autónoma Metropolitana| Universidad de Sonora,704696| 505017| 505021,Government| Academic,3.0,60027998| 60032897| 60028381,"Secretaría de Ciencia, Humanidades, Tecnología e Innovación| Universidad de Sonora| Universidad Autónoma Metropolitana -Unidad Iztapalapa",58895473600,57204698538,-,-,Mexico,1.0,3100,General Physics and Astronomy,4,Natural Sciences,439,Physics & Astronomy,37,Physical Sciences,51,Physical Sciences,-,-,-,Quantum Well Structures in Silicon Devices,239,33.028,Quantum Confinement Effects in Atomic Systems,30014,68.41,Definitive,Nacional,3.0
"Vargas, Rubicelia",55989742600,Non-covalent interactions in polymorphs of urea under pressure,"Padilla-Bernal, G.| Gutiérrez-Flores, J.| Garza, J.| Vargas, R.",4.0,58192076600| 57193845445| 57204698538| 55989742600,2023.0,2023-05-01,Theoretical Chemistry Accounts,142,5,-,42,ISSN-1432881X,21970.0,Journal,Springer Science and Business Media Deutschland GmbH,English,0.56,58,3.4,60,0.345,63,1.28,21.0,4.0,0.42,9.52,43.0,53.0,0.0,0.0,"Padilla-Bernal, G., Gutiérrez-Flores, J., Garza, J. and 1 more (...) (2023).Non-covalent interactions in polymorphs of urea under pressure. Theoretical Chemistry Accounts,142(5) ",https://www.scopus.com/record/display.url?eid=2-s2.0-85153215947&origin=resultslist,10.1007/s00214-023-02978-x,Article,,2-s2.0-85153215947,-,Universidad Autónoma Metropolitana,505017,Academic,1.0,60028381,Universidad Autónoma Metropolitana -Unidad Iztapalapa,58192076600,55989742600,55989742600,-,Mexico,1.0,1606,Physical and Theoretical Chemistry,2| 4,Engineering & Technology| Natural Sciences,249| 409,Engineering - Petroleum| Chemistry,37,Physical Sciences,34,Chemical Sciences,3406| 3407,Physical chemistry| Theoretical and computational chemistry,-,Machine Learning Insights into Crystal Structures,1264,69.196,Hydrogen Bond Dynamics in High-Pressure Crystalline Structures,21236,71.519,Definitive,UAM,1.0
"Vargas, Rubicelia",55989742600,Copper and neurodegenerative disorders: potential drugs for possible successful treatment,"Martínez, A.| Vargas, R.| Pérez-Figueroa, S.E.| Ramos, E.",4.0,7404025645| 55989742600| 57209181287| 57187020500,2021.0,2021-06-01,Theoretical Chemistry Accounts,140,6,-,71,ISSN-1432881X,21970.0,Journal,Springer Science and Business Media Deutschland GmbH,English,0.57,60,2.9,61,0.381,57,0.97,22.0,4.0,0.33,11.94,55.0,58.0,0.0,0.0,"Martínez, A., Vargas, R., Pérez-Figueroa, S.E. and 1 more (...) (2021).Copper and neurodegenerative disorders: potential drugs for possible successful treatment. Theoretical Chemistry Accounts,140(6) ",https://www.scopus.com/record/display.url?eid=2-s2.0-85107052555&origin=resultslist,10.1007/s00214-021-02776-3,Article,,2-s2.0-85107052555,-,Universidad Autónoma Metropolitana| Universidad Nacional Autónoma de México,505017| 505023,Academic,2.0,60005971| 60032442| 60028381,Instituto de Investigaciones en Materiales| Universidad Nacional Autónoma de México| Universidad Autónoma Metropolitana -Unidad Iztapalapa,7404025645,57187020500,7404025645,-,Mexico,1.0,1606,Physical and Theoretical Chemistry,2| 4,Engineering & Technology| Natural Sciences,249| 409,Engineering - Petroleum| Chemistry,37,Physical Sciences,34,Chemical Sciences,3406| 3407,Physical chemistry| Theoretical and computational chemistry,-,Cognitive and Physical Health in Schizophrenia,35,77.763,Understanding Schizophrenia throughFirst Rank Symptoms,59350,30.108,Defensible,Nacional,2.0
"Vargas, Rubicelia",55989742600,Revealing the Role of Noncovalent Interactions on the Conformation of the Methyl Group in Tricyclic Orthoamide,"Gutiérrez-Flores, J.| H Huerta, E.| Cuevas, G.| Garza, J.| Vargas, R.",5.0,57193845445| 58786158300| 7004077888| 57204698538| 55989742600,2024.0,2024-01-05,Journal of Organic Chemistry,89,1,257-268,-,ISSN-00223263,25896.0,Journal,American Chemical Society,English,0.86,38,6.1,27,0.737,28,3.96,46.0,3.0,0.46,6.52,38.0,49.0,0.0,0.0,"Gutiérrez-Flores, J., H Huerta, E., Cuevas, G. and 2 more (...) (2024).Revealing the Role of Noncovalent Interactions on the Conformation of the Methyl Group in Tricyclic Orthoamide. Journal of Organic Chemistry,89(1) 257-268",https://www.scopus.com/record/display.url?eid=2-s2.0-85181006819&origin=resultslist,10.1021/acs.joc.3c02016,Article,Hybrid gold|Green,2-s2.0-85181006819,-,Universidad Autónoma Metropolitana| Universidad Nacional Autónoma de México,505017| 505023,Academic,2.0,60028381| 60032442,Universidad Autónoma Metropolitana -Unidad Iztapalapa| Universidad Nacional Autónoma de México,57193845445,55989742600,55989742600,-,Mexico,1.0,1605,Organic Chemistry,4| 2,Natural Sciences| Engineering & Technology,249| 409,Engineering - Petroleum| Chemistry,37,Physical Sciences,34,Chemical Sciences,3405| 3404,Organic chemistry| Medicinal and biomolecular chemistry,-,Quantum Chemistry and Molecular Interaction Insights,8,83.453,Quantum Theory and Electron Density in Chemical Bonding,9726,87.792,Definitive,Nacional,2.0
"Vargas, Rubicelia",55989742600,Interactions involved in the adsorption of ethylene glycol and 2-hydroxyethoxide on the Au(111) surface: a Density Functional Theory study,"Avelar, J.| Hernández-Esparza, R.| Garza, J.| Vargas, R.",4.0,57208280783| 56587874900| 57204698538| 55989742600,2024.0,2024-12-01,Journal of Molecular Modeling,30,12,-,396,ISSN-16102940,57844.0,Journal,Springer Science and Business Media Deutschland GmbH,English,0.58,57,3.8,32,0.376,57,0.7,9.0,3.0,0.4,7.52,38.0,52.0,0.0,0.0,"Avelar, J., Hernández-Esparza, R., Garza, J. and 1 more (...) (2024).Interactions involved in the adsorption of ethylene glycol and 2-hydroxyethoxide on the Au(111) surface: a Density Functional Theory study. Journal of Molecular Modeling,30(12) ",https://www.scopus.com/record/display.url?eid=2-s2.0-85209476062&origin=resultslist,10.1007/s00894-024-06187-6,Article,Hybrid gold|Green,2-s2.0-85209476062,39531089,Universidad Autónoma Metropolitana| United States Department of Energy| Argonne National Laboratory,505017| 508244| 715878,Government| Academic,3.0,60028381| 60028609,Universidad Autónoma Metropolitana -Unidad Iztapalapa| Argonne National Laboratory,57208280783,55989742600,55989742600,-,Mexico| United States,2.0,1503| 1604| 1605| 1606| 1703| 1706,Catalysis| Inorganic Chemistry| Organic Chemistry| Physical and Theoretical Chemistry| Computational Theory and Mathematics| Computer Science Applications,2| 4,Engineering & Technology| Natural Sciences,409| 212| 249| 213| 219,Chemistry| Computer Science & Information Systems| Engineering - Petroleum| Data Science| Engineering - Chemical,36| 38| 37,Engineering| Computer Science| Physical Sciences,34,Chemical Sciences,3404| 3407| 3406,Medicinal and biomolecular chemistry| Theoretical and computational chemistry| Physical chemistry,-,Quantum Chemistry and Molecular Interaction Insights,8,83.453,Quantum Theory and Electron Density in Chemical Bonding,9726,87.792,Definitive,Internacional,1.0
"Vargas, Rubicelia",55989742600,On the initial stages of lignin polymerization through spin-polarized density functional theory,"Navarro-Santos, P.| Rodriguez-Olalde, N.E.| Gallo, M.| Vargas, R.| Garza, J.| López-Albarrán, P.",6.0,6505732190| 56780424900| 56000771200| 55989742600| 57204698538| 36175997800,2019.0,2019-09-01,Chemical Physics Letters,730,-,289-296,-,ISSN-00092614,26586.0,Journal,Elsevier B.V.,English,0.64,55,3.5,33,0.529,40,0.92,24.0,3.0,0.16,12.73,62.0,68.0,0.0,0.0,"Navarro-Santos, P., Rodriguez-Olalde, N.E., Gallo, M. and 3 more (...) (2019).On the initial stages of lignin polymerization through spin-polarized density functional theory. Chemical Physics Letters,730289-296",https://www.scopus.com/record/display.url?eid=2-s2.0-85067182829&origin=resultslist,10.1016/j.cplett.2019.05.053,Article,,2-s2.0-85067182829,-,"Tecnológico Nacional de México, Mexico City| Universidad Autónoma Metropolitana| Universidad Michoacana de San Nicolas de Hidalgo",719128| 505017| 505022,Academic,3.0,60032816| 60134870| 60028381,Universidad Michoacana de San Nicolás de Hidalgo| Tecnológico Nacional de México| Universidad Autónoma Metropolitana -Unidad Iztapalapa,6505732190,36175997800,36175997800,-,Mexico,1.0,1606| 3100,Physical and Theoretical Chemistry| General Physics and Astronomy,2| 4,Engineering & Technology| Natural Sciences,409| 249| 439,Chemistry| Engineering - Petroleum| Physics & Astronomy,37,Physical Sciences,51| 34,Physical Sciences| Chemical Sciences,-,-,-,Quantum Chemistry and Molecular Interaction Insights,8,83.453,Conceptual Framework of Chemical Reactivity and Electronegativity,4614,87.536,Very Good,Nacional,3.0
"Vargas, Rubicelia",55989742600,Importance of one-parameter hybrid exchange-correlation functionals in band gaps of transition metal and metalloid oxides,"Navarrete-López, A.M.| Rivera-Almazo, M.| Garza, J.| Vargas, R.",4.0,22980766800| 57200856573| 57204698538| 55989742600,2018.0,2018-03-01,Theoretical Chemistry Accounts,137,3,-,36,ISSN-1432881X,21970.0,Journal,Springer New York LLC,English,0.51,64,2.7,59,0.462,54,0.38,14.0,2.0,0.0,11.15,68.0,74.0,0.0,0.0,"Navarrete-López, A.M., Rivera-Almazo, M., Garza, J. and 1 more (...) (2018).Importance of one-parameter hybrid exchange-correlation functionals in band gaps of transition metal and metalloid oxides. Theoretical Chemistry Accounts,137(3) ",https://www.scopus.com/record/display.url?eid=2-s2.0-85042537098&origin=resultslist,10.1007/s00214-018-2222-3,Article,,2-s2.0-85042537098,-,Universidad Autónoma Metropolitana,505017,Academic,1.0,60023193| 60028381,Universidad Autónoma Metropolitana - Azcapotzalco| Universidad Autónoma Metropolitana -Unidad Iztapalapa,22980766800,55989742600,55989742600,-,Mexico,1.0,1606,Physical and Theoretical Chemistry,2| 4,Engineering & Technology| Natural Sciences,409| 249,Chemistry| Engineering - Petroleum,37,Physical Sciences,34,Chemical Sciences,3406| 3407,Physical chemistry| Theoretical and computational chemistry,-,Superconductivity and Magnetic Interactions in Cuprates,826,15.435,Magnetic and Electronic Properties of Transition Metal Oxides,52672,68.187,Defensible,UAM,1.0
"Vargas, Rubicelia",55989742600,Computational study of the interaction of DNA bases with vanadium(IV) and (V) complexes derived from the anticancer VCp2Cl2,"Soriano-Agueda, L.| Garza, J.| Guevara-García, J.A.| Vargas, R.",4.0,56584712700| 57204698538| 7801476667| 55989742600,2023.0,2023-12-01,Computational and Theoretical Chemistry,1230,-,-,114386,ISSN-2210271X,21000196008.0,Journal,Elsevier B.V.,English,0.6,55,4.2,40,0.405,50,0.44,8.0,1.0,0.09,10.61,65.0,74.0,0.0,0.0,"Soriano-Agueda, L., Garza, J., Guevara-García, J.A. and 1 more (...) (2023).Computational study of the interaction of DNA bases with vanadium(IV) and (V) complexes derived from the anticancer VCp2Cl2. Computational and Theoretical Chemistry,1230",https://www.scopus.com/record/display.url?eid=2-s2.0-85175738343&origin=resultslist,10.1016/j.comptc.2023.114386,Article,,2-s2.0-85175738343,-,Universidad Autónoma Metropolitana| Donostia International Physics Center| Universidad Autónoma de Tlaxcala,505017| 312066| 714292,Academic| Government,3.0,60017954| 60028381| 60029589,Donostia International Physics Center| Universidad Autónoma Metropolitana -Unidad Iztapalapa| Universidad Autónoma de Tlaxcala,56584712700,55989742600,56584712700,-,Mexico| Spain,2.0,1303| 1606| 3104,Biochemistry| Physical and Theoretical Chemistry| Condensed Matter Physics,2| 5| 4,Engineering & Technology| Life Sciences & Medicine| Natural Sciences,409| 249| 507| 439,Chemistry| Engineering - Petroleum| Biological Sciences| Physics & Astronomy,32| 37,Life Sciences| Physical Sciences,34,Chemical Sciences,3406| 3407,Physical chemistry| Theoretical and computational chemistry,SDG 3,Polyoxometalates and Vanadium in Catalytic Applications,1104,35.383,Vanadium Coordination Compounds as Antidiabetic Agents,5784,89.843,Definitive,Internacional,2.0
"Vargas, Rubicelia",55989742600,Attitude questionnaire about university education: A case study at UAM-I,"Ruiz, G.O.| Hernández, M.D.B.| Díaz, C.| Cristerna, R.V.| Fosada, R.V.| Ramirez, M.V.",6.0,57214764099| 57677184900| 54421430200| 56563150400| 55989742600| 56785095200,2019.0,2019-01-01,Revista Electronica de Investigacion Educativa,21,1,1-13,-,ISSN-16074041,5000159706.0,Journal,Universidad Autonoma de Baja California,Spanish,0.82,42,1,56,0.372,49,0.73,30.0,1.0,0.16,6.33,73.0,68.0,0.0,0.0,"Ruiz, G.O., Hernández, M.D.B., Díaz, C. and 3 more (...) (2019).Attitude questionnaire about university education: A case study at UAM-I. Revista Electronica de Investigacion Educativa,21(1) 1-13",https://www.scopus.com/record/display.url?eid=2-s2.0-85079162220&origin=resultslist,10.24320/redie.2019.e38.1998,Article,Gold,2-s2.0-85079162220,-,Universidad Autónoma Metropolitana| Universidad Nacional Autónoma de México,505017| 505023,Academic,2.0,60028381| 60032442,Universidad Autónoma Metropolitana -Unidad Iztapalapa| Universidad Nacional Autónoma de México,57214764099,56785095200,-,-,Mexico,1.0,3304,Education,3,Social Sciences & Management,318,Education & Training,41,Education Studies,39| 40,Education| Engineering,4010| 3903| 3902,"Engineering practice and education| Education systems| Education policy, sociology and philosophy",-,Culturally Responsive Education and Social Justice,574,51.733,Deschooling and Networked Learning in Contemporary Society,36692,12.564,Very Good,Nacional,2.0
