Autor,Scopus author ID,Title,Authors,Number of Authors,Scopus Author Ids,Year,Full date,Scopus Source title,Volume,Issue,Pages,Article number,ISSN,Source ID,Source type,Publisher,Language,SNIP (publication year),SNIP percentile (publication year) *,CiteScore (publication year),CiteScore percentile (publication year) *,SJR (publication year),SJR percentile (publication year) *,Field-Weighted View Impact,Views,Citations,Field-Weighted Citation Impact,Field-Citation Average,"Outputs in Top Citation Percentiles, per percentile","Field-Weighted Outputs in Top Citation Percentiles, per percentile",Main patent families,Policy citations,Reference,Abstract,DOI,Publication type,Open Access,EID,PubMed ID,Institutions,Institution IDs,Sector,Number of Institutions,Scopus Affiliation IDs,Scopus Affiliation names,Scopus Author ID First Author,Scopus Author ID Last Author,Scopus Author ID Corresponding Author,Scopus Author ID Single Author,Country/Region,Number of Countries/Regions,All Science Journal Classification (ASJC) code,All Science Journal Classification (ASJC) field name,Quacquarelli Symonds (QS) Subject area code,Quacquarelli Symonds (QS) Subject area field name,Quacquarelli Symonds (QS) Subject code,Quacquarelli Symonds (QS) Subject field name,Times Higher Education (THE) code,Times Higher Education (THE) field name,ANZSRC FoR (2020) parent code,ANZSRC FoR (2020) parent name,ANZSRC FoR (2020) code,ANZSRC FoR (2020) name,Sustainable Development Goals (2025),Topic Cluster name,Topic Cluster number,Topic Cluster Prominence Percentile,Topic name,Topic number,Topic Prominence Percentile,Publication link to Topic strength,Colaboracion,Number of national institutions
"Palomar-Pardavé, Manuel Eduardo",6603788018, 1-Ethyl 3-methylimidazolium thiocyanate ionic liquid as corrosion inhibitor of API 5L X52 steel in H 2 SO 4 and HCl media ,"Corrales-Luna, M.| Le Manh, T.| Romero-Romo, M.| Palomar-Pardavé, M.| Arce-Estrada, E.M.",5.0,54784093000| 57205572924| 6602576873| 6603788018| 8413430200,2019.0,2019-06-01,Corrosion Science,153,-,85-99,-,ISSN-0010938X,29476.0,Journal,Elsevier Ltd,English,2.68,3,10.7,5,1.971,5,1.88,66.0,186.0,5.6,15.72,2.0,3.0,0.0,0.0,"Corrales-Luna, M., Le Manh, T., Romero-Romo, M. and 2 more (...) (2019). 1-Ethyl 3-methylimidazolium thiocyanate ionic liquid as corrosion inhibitor of API 5L X52 steel in H 2 SO 4 and HCl media . Corrosion Science,15385-99",https://www.scopus.com/record/display.url?eid=2-s2.0-85063616018&origin=resultslist,10.1016/j.corsci.2019.03.041,Article,,2-s2.0-85063616018,-,Phenikaa University| Universidad Autónoma Metropolitana| Instituto Politécnico Nacional,716231| 505017| 505011,Academic,3.0,60019176| 60006489| 60112782| 120896599| 60023193,Instituto Politécnico Nacional| Escuela Superior de Ingenieria Quimica e Industrias Extractivas| Phenikaa University| Phenikaa Research and Technology Institute (PRATI)| Universidad Autónoma Metropolitana - Azcapotzalco,54784093000,8413430200,57205572924,-,Mexico| Viet Nam,2.0,1500| 1600| 2500,General Chemical Engineering| General Chemistry| General Materials Science,4| 2,Natural Sciences| Engineering & Technology,219| 409| 433,Engineering - Chemical| Chemistry| Materials Science,37| 36,Physical Sciences| Engineering,40,Engineering,4016| 4005| 4017,Materials engineering| Civil engineering| Mechanical engineering,-,Corrosion Inhibition Mechanisms in Metal Alloys,933,76.455,Corrosion Inhibitors for Steel Protection and Efficiency,2,99.891,Definitive,Internacional,2.0
"Palomar-Pardavé, Manuel Eduardo",6603788018,Ni–Co alloy electrodeposition from the cathode powder of Ni-MH spent batteries leached with a deep eutectic solvent (reline),"Landa-Castro, M.| Aldana-González, J.| Montes de Oca-Yemha, M.G.| Romero-Romo, M.| Arce-Estrada, E.M.| Palomar-Pardavé, M.",6.0,57215664864| 55842149700| 24399524500| 6602576873| 8413430200| 6603788018,2020.0,2020-07-25,Journal of Alloys and Compounds,830,-,-,154650,ISSN-09258388,12325.0,Journal,Elsevier Ltd,English,1.38,16,8.9,6,1.112,8,3.75,103.0,76.0,2.78,12.24,5.0,8.0,0.0,0.0,"Landa-Castro, M., Aldana-González, J., Montes de Oca-Yemha, M.G. and 3 more (...) (2020).Ni–Co alloy electrodeposition from the cathode powder of Ni-MH spent batteries leached with a deep eutectic solvent (reline). Journal of Alloys and Compounds,830",https://www.scopus.com/record/display.url?eid=2-s2.0-85081622792&origin=resultslist,10.1016/j.jallcom.2020.154650,Article,,2-s2.0-85081622792,-,Universidad Autónoma Metropolitana| Instituto Politécnico Nacional,505017| 505011,Academic,2.0,60023193| 60019176| 60006489,Universidad Autónoma Metropolitana - Azcapotzalco| Instituto Politécnico Nacional| Escuela Superior de Ingenieria Quimica e Industrias Extractivas,57215664864,6603788018,6603788018,-,Mexico,1.0,2210| 2211| 2505| 2506,Mechanical Engineering| Mechanics of Materials| Materials Chemistry| Metals and Alloys,4| 2,Natural Sciences| Engineering & Technology,222| 433,Engineering - Mechanical| Materials Science,36,Engineering,51| 40,Physical Sciences| Engineering,4016| 5104,Materials engineering| Condensed matter physics,SDG 12,Ion Exchange and Lithium Recovery,486,91.563,Recycling and Recovery of Battery Materials,32092,79.631,Very Good,Nacional,2.0
"Palomar-Pardavé, Manuel Eduardo",6603788018,INFLUENCE OF TEMPERATURE ON THE THERMODYNAMICS AND KINETICS OF COBALT ELECTROCHEMICAL NUCLEATION AND GROWTH,"Palomar-Pardavé, M.| Aldana-González, J.| Botello, L.E.| Arce-Estrada, E.M.| Ramírez-Silva, M.T.| Mostany, J.| Romero-Romo, M.",7.0,6603788018| 55842149700| 57193007448| 8413430200| 6603801645| 57201663285| 6602576873,2017.0,2017-07-01,Electrochimica Acta,241,-,162-169,-,ISSN-00134686,25181.0,Journal,Elsevier Ltd,English,1.13,23,8.6,5,1.439,8,2.11,89.0,66.0,1.9,11.59,7.0,14.0,0.0,0.0,"Palomar-Pardavé, M., Aldana-González, J., Botello, L.E. and 4 more (...) (2017).INFLUENCE OF TEMPERATURE ON THE THERMODYNAMICS AND KINETICS OF COBALT ELECTROCHEMICAL NUCLEATION AND GROWTH. Electrochimica Acta,241162-169",https://www.scopus.com/record/display.url?eid=2-s2.0-85018962317&origin=resultslist,10.1016/j.electacta.2017.04.126,Article,,2-s2.0-85018962317,-,Universidad Simón Bolívar| Universidad Autónoma Metropolitana| Instituto Politécnico Nacional,607005| 505017| 505011,Academic,3.0,60023193| 60019176| 60006489| 60028381| 60026438,Universidad Autónoma Metropolitana - Azcapotzalco| Instituto Politécnico Nacional| Escuela Superior de Ingenieria Quimica e Industrias Extractivas| Universidad Autónoma Metropolitana -Unidad Iztapalapa| Universidad Simón Bolívar,6603788018,6602576873,6603788018,-,Mexico| Venezuela,2.0,1500| 1603,General Chemical Engineering| Electrochemistry,4| 2,Natural Sciences| Engineering & Technology,219| 409,Engineering - Chemical| Chemistry,36| 37,Engineering| Physical Sciences,40| 34| 51,Engineering| Chemical Sciences| Physical Sciences,-,-,-,Electrodeposition Techniques for Enhanced Coating Properties,1019,29.627,Electrodeposition Mechanisms in Nanostructured Materials,15817,78.905,Definitive,Internacional,2.0
"Palomar-Pardavé, Manuel Eduardo",6603788018,On the electrochemical formation of nickel nanoparticles onto glassy carbon from a deep eutectic solvent,"Aldana-González, J.| Romero-Romo, M.| Robles-Peralta, J.| Morales-Gil, P.| Palacios-González, E.| Ramírez-Silva, M.T.| Mostany, J.| Palomar-Pardavé, M.",8.0,55842149700| 6602576873| 57202002225| 56117026900| 55506080000| 6603801645| 57201663285| 6603788018,2018.0,2018-06-20,Electrochimica Acta,276,-,417-423,-,ISSN-00134686,25181.0,Journal,Elsevier Ltd,English,1.12,24,9.1,5,1.365,8,3.06,110.0,65.0,2.25,12.46,7.0,11.0,0.0,0.0,"Aldana-González, J., Romero-Romo, M., Robles-Peralta, J. and 5 more (...) (2018).On the electrochemical formation of nickel nanoparticles onto glassy carbon from a deep eutectic solvent. Electrochimica Acta,276417-423",https://www.scopus.com/record/display.url?eid=2-s2.0-85046736620&origin=resultslist,10.1016/j.electacta.2018.04.192,Article,,2-s2.0-85046736620,-,Universidad Simón Bolívar| Universidad Autónoma Metropolitana| Instituto Mexicano del Petroleo,607005| 505017| 505005,Academic| Government,3.0,60023193| 60019271| 60028381| 60026438,Universidad Autónoma Metropolitana - Azcapotzalco| Instituto Mexicano Del Petroleo| Universidad Autónoma Metropolitana -Unidad Iztapalapa| Universidad Simón Bolívar,55842149700,6603788018,6603788018,-,Mexico| Venezuela,2.0,1500| 1603,General Chemical Engineering| Electrochemistry,2| 4,Engineering & Technology| Natural Sciences,219| 409,Engineering - Chemical| Chemistry,36| 37,Engineering| Physical Sciences,40| 34| 51,Engineering| Chemical Sciences| Physical Sciences,-,-,-,Electrodeposition Techniques for Enhanced Coating Properties,1019,29.627,Electrodeposition Techniques Using Deep Eutectic Solvents,37849,89.238,Very Good,Internacional,2.0
"Palomar-Pardavé, Manuel Eduardo",6603788018,Mechanism and kinetics of chromium electrochemical nucleation and growth from a choline chloride/ethylene glycol deep eutectic solvent,"Mejía-Caballero, I.| Aldana-González, J.| Le Manh, T.| Romero-Romo, M.| Arce-Estrada, E.M.| Campos-Silva, I.| Ramírez-Silva, M.T.| Palomar-Pardave, M.",8.0,56182243500| 55842149700| 57205572924| 6602576873| 8413430200| 56682127800| 6603801645| 6603788018,2018.0,2018-01-01,Journal of the Electrochemical Society,165,9,D393-D401,-,ISSN-00134651,25169.0,Journal,Electrochemical Society Inc.,English,0.93,34,6.2,11,1.138,10,1.74,60.0,60.0,1.64,12.84,8.0,17.0,0.0,0.0,"Mejía-Caballero, I., Aldana-González, J., Le Manh, T. and 5 more (...) (2018).Mechanism and kinetics of chromium electrochemical nucleation and growth from a choline chloride/ethylene glycol deep eutectic solvent. Journal of the Electrochemical Society,165(9) D393-D401",https://www.scopus.com/record/display.url?eid=2-s2.0-85049256519&origin=resultslist,10.1149/2.0851809jes,Article,,2-s2.0-85049256519,-,Universidad Autónoma Metropolitana| Instituto Politécnico Nacional,505017| 505011,Academic,2.0,60023193| 60006489| 60019176| 60028381,Universidad Autónoma Metropolitana - Azcapotzalco| Escuela Superior de Ingenieria Quimica e Industrias Extractivas| Instituto Politécnico Nacional| Universidad Autónoma Metropolitana -Unidad Iztapalapa,56182243500,6603788018,-,-,Mexico,1.0,1603| 2105| 2504| 2505| 2508| 3104,"Electrochemistry| Renewable Energy, Sustainability and the Environment| Electronic, Optical and Magnetic Materials| Materials Chemistry| Surfaces, Coatings and Films| Condensed Matter Physics",4| 2,Natural Sciences| Engineering & Technology,221| 433| 439| 409,Engineering - Electrical & Electronic| Materials Science| Physics & Astronomy| Chemistry,36| 37,Engineering| Physical Sciences,34| 40,Chemical Sciences| Engineering,4016| 3406,Materials engineering| Physical chemistry,-,Electrodeposition Techniques for Enhanced Coating Properties,1019,29.627,Electrodeposition Techniques Using Deep Eutectic Solvents,37849,89.238,Very Good,Nacional,2.0
"Palomar-Pardavé, Manuel Eduardo",6603788018,Adsorption and corrosion inhibition behaviour of new theophylline-triazole-based derivatives for steel in acidic medium,"Espinoza-Vázquez, A.| Rodríguez-Gómez, F.J.| Martínez-Cruz, I.K.| Ángeles-Beltrán, D.| Negrón-Silva, G.E.| Palomar-Pardavé, M.| Romero, L.L.| Pérez-Martínez, D.| Navarrete-López, A.M.",9.0,55662752400| 55597089610| 57201744691| 15049353600| 55662708000| 6603788018| 57208284181| 8629230200| 22980766800,2019.0,2019-03-01,Royal Society Open Science,6,3,-,181738,ISSN-20545703,21100446014.0,Journal,Royal Society Publishing,English,1.15,23,4,11,0.966,9,2.11,67.0,58.0,1.68,19.65,8.0,17.0,0.0,0.0,"Espinoza-Vázquez, A., Rodríguez-Gómez, F.J., Martínez-Cruz, I.K. and 6 more (...) (2019).Adsorption and corrosion inhibition behaviour of new theophylline-triazole-based derivatives for steel in acidic medium. Royal Society Open Science,6(3) ",https://www.scopus.com/record/display.url?eid=2-s2.0-85064342456&origin=resultslist,10.1098/rsos.181738,Article,Gold|Green,2-s2.0-85064342456,-,Universidad Autónoma Metropolitana| Universidad Nacional Autónoma de México,505017| 505023,Academic,2.0,60032442| 60023193| 60028381,Universidad Nacional Autónoma de México| Universidad Autónoma Metropolitana - Azcapotzalco| Universidad Autónoma Metropolitana -Unidad Iztapalapa,55662752400,22980766800,55662708000,-,Mexico,1.0,1000,Multidisciplinary,-,-,-,-,-,-,MD,Multidisciplinary,MD,Multidisciplinary,-,Corrosion Inhibition Mechanisms in Metal Alloys,933,76.455,Corrosion Inhibitors for Steel Protection and Efficiency,2,99.891,Definitive,Nacional,2.0
"Palomar-Pardavé, Manuel Eduardo",6603788018,Three-dimensional nucleation with diffusion controlled growth: A comparative study of electrochemical phase formation from aqueous and deep eutectic solvents,"Sebastián, P.| Botello, L.E.| Vallés, E.| Gómez, E.| Palomar-Pardavé, M.| Scharifker, B.R.| Mostany, J.",7.0,55901951200| 57193007448| 7007034238| 24440064700| 6603788018| 7003360786| 57201663285,2017.0,2017-05-15,Journal of Electroanalytical Chemistry,793,-,119-125,-,ISSN-15726657,9500154039.0,Journal,Elsevier B.V.,English,0.84,39,4.7,17,0.765,22,3.86,141.0,54.0,1.66,12.02,10.0,17.0,0.0,0.0,"Sebastián, P., Botello, L.E., Vallés, E. and 4 more (...) (2017).Three-dimensional nucleation with diffusion controlled growth: A comparative study of electrochemical phase formation from aqueous and deep eutectic solvents. Journal of Electroanalytical Chemistry,793119-125",https://www.scopus.com/record/display.url?eid=2-s2.0-85009999771&origin=resultslist,10.1016/j.jelechem.2016.12.014,Article,Green,2-s2.0-85009999771,-,University of Alicante| Universidad Simón Bolívar| Universidad Autónoma Metropolitana| Universidad Metropolitana| University of Barcelona,312014| 607005| 505017| 703471| 312046,Academic,5.0,60001576| 60026438| 60010844| 60023193| 60013063,"Universitat de Barcelona| Universidad Simón Bolívar| Universitat d'Alacant| Universidad Autónoma Metropolitana - Azcapotzalco| Universidad Metropolitana, Caracas",55901951200,57201663285,57201663285,-,Spain| Mexico| Venezuela,3.0,1500| 1602| 1603,General Chemical Engineering| Analytical Chemistry| Electrochemistry,2| 4,Engineering & Technology| Natural Sciences,409| 219,Chemistry| Engineering - Chemical,36| 37,Engineering| Physical Sciences,34,Chemical Sciences,3401| 3406,Analytical chemistry| Physical chemistry,-,Electrodeposition Techniques for Enhanced Coating Properties,1019,29.627,Electrodeposition Mechanisms in Nanostructured Materials,15817,78.905,Definitive,Internacional,1.0
"Palomar-Pardavé, Manuel Eduardo",6603788018,New insights on diclofenac electrochemistry using graphite as working electrode,"Aguilar-Lira, G.Y.| Álvarez-Romero, G.A.| Zamora-Suárez, A.| Palomar-Pardavé, M.| Rojas-Hernández, A.| Rodríguez-Ávila, J.A.| Páez-Hernández, M.E.",7.0,56197309900| 55995905400| 57193059143| 6603788018| 7004253053| 57202148624| 56000741200,2017.0,2017-06-01,Journal of Electroanalytical Chemistry,794,-,182-188,-,ISSN-15726657,9500154039.0,Journal,Elsevier B.V.,English,0.84,39,4.7,17,0.765,22,1.2,58.0,53.0,1.08,12.02,10.0,27.0,0.0,0.0,"Aguilar-Lira, G.Y., Álvarez-Romero, G.A., Zamora-Suárez, A. and 4 more (...) (2017).New insights on diclofenac electrochemistry using graphite as working electrode. Journal of Electroanalytical Chemistry,794182-188",https://www.scopus.com/record/display.url?eid=2-s2.0-85018635261&origin=resultslist,10.1016/j.jelechem.2017.03.050,Article,,2-s2.0-85018635261,-,Universidad Autónoma Metropolitana| Universidad Autonoma del Estado de Hidalgo,505017| 505050,Academic,2.0,60027135| 60023193| 60028381,Universidad Autónoma del Estado de Hidalgo| Universidad Autónoma Metropolitana - Azcapotzalco| Universidad Autónoma Metropolitana -Unidad Iztapalapa,56197309900,56000741200,55995905400,-,Mexico,1.0,1500| 1602| 1603,General Chemical Engineering| Analytical Chemistry| Electrochemistry,2| 4,Engineering & Technology| Natural Sciences,409| 219,Chemistry| Engineering - Chemical,36| 37,Engineering| Physical Sciences,34,Chemical Sciences,3401| 3406,Analytical chemistry| Physical chemistry,-,Electrochemical Sensors and Molecular Imprinting Techniques,718,81.949,Electrochemical Detection Methods for Diclofenac Analysis,41294,74.616,Definitive,Nacional,2.0
"Palomar-Pardavé, Manuel Eduardo",6603788018,Palladium nanoparticles electrodeposition onto glassy carbon from a deep eutectic solvent at 298 K and their catalytic performance toward formic acid oxidation,"Espino-López, I.E.| Romero-Romo, M.| De Oca-Yemha, M.G.M.| Morales-Gil, P.| Ramírez-Silva, M.T.| Mostany, J.| Palomar-Pardavé, M.",7.0,57207856170| 6602576873| 24399524500| 56117026900| 6603801645| 57201663285| 6603788018,2019.0,2019-01-01,Journal of the Electrochemical Society,166,1,D3205-D3211,-,ISSN-00134651,25169.0,Journal,Electrochemical Society Inc.,English,1.02,30,5.8,12,1.153,11,2.44,78.0,52.0,1.83,14.23,9.0,15.0,0.0,0.0,"Espino-López, I.E., Romero-Romo, M., De Oca-Yemha, M.G.M. and 4 more (...) (2019).Palladium nanoparticles electrodeposition onto glassy carbon from a deep eutectic solvent at 298 K and their catalytic performance toward formic acid oxidation. Journal of the Electrochemical Society,166(1) D3205-D3211",https://www.scopus.com/record/display.url?eid=2-s2.0-85063107196&origin=resultslist,10.1149/2.0251901jes,Article,Hybrid gold,2-s2.0-85063107196,-,Universidad Simón Bolívar| Universidad Autónoma Metropolitana| Instituto Mexicano del Petroleo,607005| 505017| 505005,Academic| Government,3.0,60023193| 60019271| 60028381| 60026438,Universidad Autónoma Metropolitana - Azcapotzalco| Instituto Mexicano Del Petroleo| Universidad Autónoma Metropolitana -Unidad Iztapalapa| Universidad Simón Bolívar,57207856170,6603788018,-,-,Mexico| Venezuela,2.0,1603| 2105| 2504| 2505| 2508,"Electrochemistry| Renewable Energy, Sustainability and the Environment| Electronic, Optical and Magnetic Materials| Materials Chemistry| Surfaces, Coatings and Films",4| 2,Natural Sciences| Engineering & Technology,221| 409| 433,Engineering - Electrical & Electronic| Chemistry| Materials Science,37| 36,Physical Sciences| Engineering,34| 40,Chemical Sciences| Engineering,4016| 3406,Materials engineering| Physical chemistry,-,Fuel Cells and Polymer Electrolytes,79,97.646,Catalytic Innovations in Formic Acid Fuel Cells,13583,92.101,Very Good,Internacional,2.0
"Palomar-Pardavé, Manuel Eduardo",6603788018,Tribocorrosion and cytotoxicity of FeB-Fe2B layers on AISI 316 L steel,"Campos-Silva, I.| Palomar-Pardavé, M.| Pérez Pastén-Borja, R.| Kahvecioglu Feridun, O.| Bravo-Bárcenas, D.| López-García, C.| Reyes-Helguera, R.",7.0,56682127800| 6603788018| 57196066241| 12243031800| 36026481300| 54786729200| 57202778776,2018.0,2018-09-15,Surface and Coatings Technology,349,-,986-997,-,ISSN-02578972,24537.0,Journal,Elsevier B.V.,English,1.51,12,5.2,15,0.973,15,2.78,103.0,51.0,2.01,12.44,10.0,13.0,0.0,0.0,"Campos-Silva, I., Palomar-Pardavé, M., Pérez Pastén-Borja, R. and 4 more (...) (2018).Tribocorrosion and cytotoxicity of FeB-Fe2B layers on AISI 316 L steel. Surface and Coatings Technology,349986-997",https://www.scopus.com/record/display.url?eid=2-s2.0-85049331566&origin=resultslist,10.1016/j.surfcoat.2018.05.085,Article,Green,2-s2.0-85049331566,-,Universidad Autónoma Metropolitana| United States Department of Energy| Argonne National Laboratory| Instituto Politécnico Nacional| Universidad Nacional Autónoma de México,505017| 508244| 715878| 505011| 505023,Academic| Government,5.0,60019176| 60023193| 60028609| 60172565,Instituto Politécnico Nacional| Universidad Autónoma Metropolitana - Azcapotzalco| Argonne National Laboratory| Facultad de Estudios Superiores Cuautitlán,56682127800,57202778776,56682127800,-,Mexico| United States,2.0,1600| 2505| 2508| 3104| 3110,"General Chemistry| Materials Chemistry| Surfaces, Coatings and Films| Condensed Matter Physics| Surfaces and Interfaces",4,Natural Sciences,439| 433| 409,Physics & Astronomy| Materials Science| Chemistry,37| 36,Physical Sciences| Engineering,40| 51,Engineering| Physical Sciences,4016| 5104,Materials engineering| Condensed matter physics,-,High Entropy Alloys and Advanced Coating Technologies,404,96.926,Enhancing Surface Properties through Boride Layers,10390,91.242,Definitive,Internacional,3.0
"Palomar-Pardavé, Manuel Eduardo",6603788018,NEW INSIGTHS on the KINETICS and MECHANISM of the ELECTROCHEMICAL OXIDATION of DICLOFENAC in NEUTRAL AQUEOUS MEDIUM,"Cid-Cerón, M.M.| Guzmán-Hernández, D.S.| Ramírez-Silva, M.T.| Galano, A.| Romero-Romo, M.| Palomar-Pardavé, M.",6.0,56667658300| 35195662800| 6603801645| 55995932900| 6602576873| 6603788018,2016.0,2016-05-01,Electrochimica Acta,199,-,92-98,-,ISSN-00134686,25181.0,Journal,Elsevier Ltd,English,1.19,20,8,4,1.355,8,3.26,111.0,51.0,1.04,10.58,11.0,28.0,0.0,1.0,"Cid-Cerón, M.M., Guzmán-Hernández, D.S., Ramírez-Silva, M.T. and 3 more (...) (2016).NEW INSIGTHS on the KINETICS and MECHANISM of the ELECTROCHEMICAL OXIDATION of DICLOFENAC in NEUTRAL AQUEOUS MEDIUM. Electrochimica Acta,19992-98",https://www.scopus.com/record/display.url?eid=2-s2.0-84964345944&origin=resultslist,10.1016/j.electacta.2016.03.094,Article,,2-s2.0-84964345944,-,Universidad Autónoma Metropolitana| Universidad Autonoma del Estado de Hidalgo,505017| 505050,Academic,2.0,60028381| 60023193| 60027135,Universidad Autónoma Metropolitana -Unidad Iztapalapa| Universidad Autónoma Metropolitana - Azcapotzalco| Universidad Autónoma del Estado de Hidalgo,56667658300,6603788018,6603788018,-,Mexico,1.0,1500| 1603,General Chemical Engineering| Electrochemistry,2| 4,Engineering & Technology| Natural Sciences,409| 219,Chemistry| Engineering - Chemical,37| 36,Physical Sciences| Engineering,40| 34| 51,Engineering| Chemical Sciences| Physical Sciences,-,-,-,Electrochemical Sensors and Molecular Imprinting Techniques,718,81.949,Electrochemical Detection Methods for Diclofenac Analysis,41294,74.616,Very Good,Nacional,2.0
"Palomar-Pardavé, Manuel Eduardo",6603788018,Fluconazole and fragments as corrosion inhibitors of API 5L X52 steel immersed in 1M HCl,"Espinoza-Vázquez, A.| Rodríguez-Gómez, F.J.| Negrón-Silva, G.E.| González-Olvera, R.| Ángeles-Beltrán, D.| Palomar-Pardavé, M.| Miralrio, A.| Castro, M.",8.0,55662752400| 55597089610| 55662708000| 8206979400| 15049353600| 6603788018| 56195473300| 16738293400,2020.0,2020-09-01,Corrosion Science,174,-,-,108853,ISSN-0010938X,29476.0,Journal,Elsevier Ltd,English,2.5,4,10,7,1.806,6,1.88,62.0,45.0,1.66,16.9,10.0,16.0,0.0,0.0,"Espinoza-Vázquez, A., Rodríguez-Gómez, F.J., Negrón-Silva, G.E. and 5 more (...) (2020).Fluconazole and fragments as corrosion inhibitors of API 5L X52 steel immersed in 1M HCl. Corrosion Science,174",https://www.scopus.com/record/display.url?eid=2-s2.0-85087524183&origin=resultslist,10.1016/j.corsci.2020.108853,Article,,2-s2.0-85087524183,-,Universidad Autónoma Metropolitana| Universidad Nacional Autónoma de México| Instituto Tecnologico de Estudios Superiores de Monterrey,505017| 505023| 505012,Academic,3.0,60032442| 60023193| 60007966,Universidad Nacional Autónoma de México| Universidad Autónoma Metropolitana - Azcapotzalco| Tecnológico de Monterrey,55662752400,16738293400,55662752400,-,Mexico,1.0,1500| 1600| 2500,General Chemical Engineering| General Chemistry| General Materials Science,2| 4,Engineering & Technology| Natural Sciences,409| 219| 433,Chemistry| Engineering - Chemical| Materials Science,36| 37,Engineering| Physical Sciences,40,Engineering,4016| 4017| 4005,Materials engineering| Mechanical engineering| Civil engineering,-,Corrosion Inhibition Mechanisms in Metal Alloys,933,76.455,Corrosion Inhibitors for Steel Protection and Efficiency,2,99.891,Definitive,Nacional,3.0
"Palomar-Pardavé, Manuel Eduardo",6603788018,Corrosion behavior of AISI 316L borided and non-borided steels immersed in a simulated body fluid solution,"Mejía-Caballero, I.| Palomar-Pardavé, M.| Martínez Trinidad, J.| Romero-Romo, M.| Pérez Pasten-Borja, R.| Lartundo-Rojas, L.| López-García, C.| Campos-Silva, I.",8.0,56182243500| 6603788018| 8432492800| 6602576873| 57196066241| 57455354200| 54786729200| 56682127800,2015.0,2015-10-25,Surface and Coatings Technology,280,-,384-395,-,ISSN-02578972,24537.0,Journal,Elsevier B.V.,English,1.39,14,3.9,16,0.852,16,2.18,103.0,39.0,0.51,9.8,15.0,45.0,0.0,0.0,"Mejía-Caballero, I., Palomar-Pardavé, M., Martínez Trinidad, J. and 5 more (...) (2015).Corrosion behavior of AISI 316L borided and non-borided steels immersed in a simulated body fluid solution. Surface and Coatings Technology,280384-395",https://www.scopus.com/record/display.url?eid=2-s2.0-84944278431&origin=resultslist,10.1016/j.surfcoat.2015.08.053,Article,,2-s2.0-84944278431,-,Universidad Autónoma Metropolitana| Instituto Politécnico Nacional,505017| 505011,Academic,2.0,60019176| 60023193,Instituto Politécnico Nacional| Universidad Autónoma Metropolitana - Azcapotzalco,56182243500,56682127800,56682127800,-,Mexico,1.0,1600| 2505| 2508| 3104| 3110,"General Chemistry| Materials Chemistry| Surfaces, Coatings and Films| Condensed Matter Physics| Surfaces and Interfaces",4,Natural Sciences,409| 433| 439,Chemistry| Materials Science| Physics & Astronomy,36| 37,Engineering| Physical Sciences,51| 40,Physical Sciences| Engineering,5104| 4016,Condensed matter physics| Materials engineering,-,High Entropy Alloys and Advanced Coating Technologies,404,96.926,Enhancing Surface Properties through Boride Layers,10390,91.242,Definitive,Nacional,2.0
"Palomar-Pardavé, Manuel Eduardo",6603788018,"Carbon supported PdM (M = Fe, Co) electrocatalysts for formic acid oxidation. Influence of the Fe and Co precursors","Juárez-Marmolejo, L.| Pérez-Rodríguez, S.| Montes de Oca-Yemha, M.G.| Palomar-Pardavé, M.| Romero-Romo, M.| Ezeta-Mejía, A.| Morales-Gil, P.| Martínez-Huerta, M.V.| Lázaro, M.J.",9.0,57204944845| 6507623003| 24399524500| 6603788018| 6602576873| 55585038300| 56117026900| 6507235406| 7006539027,2019.0,2019-01-15,International Journal of Hydrogen Energy,44,3,1640-1649,-,ISSN-03603199,26991.0,Journal,Elsevier Ltd,English,1.34,16,8,8,1.141,13,2.25,86.0,37.0,1.74,14.93,13.0,16.0,0.0,0.0,"Juárez-Marmolejo, L., Pérez-Rodríguez, S., Montes de Oca-Yemha, M.G. and 6 more (...) (2019).Carbon supported PdM (M = Fe, Co) electrocatalysts for formic acid oxidation. Influence of the Fe and Co precursors. International Journal of Hydrogen Energy,44(3) 1640-1649",https://www.scopus.com/record/display.url?eid=2-s2.0-85058057515&origin=resultslist,10.1016/j.ijhydene.2018.11.112,Article,Green,2-s2.0-85058057515,-,CSIC| CSIC - Institute of Catalysis and Petrochemistry| Universidad Autónoma Metropolitana| CSIC - Carbon Chemistry Institute| Instituto Politécnico Nacional| Instituto Mexicano del Petroleo,312004| 715433| 505017| 715399| 505011| 505005,Government| Academic,6.0,60023193| 60010916| 60006754| 60019176| 60019271| 60021246,Universidad Autónoma Metropolitana - Azcapotzalco| CSIC - Instituto de Carboquimica (ICB)| Consejo Superior de Investigaciones Científicas| Instituto Politécnico Nacional| Instituto Mexicano Del Petroleo| CSIC - Instituto de Catálisis y Petroleoquímica (ICP),57204944845,7006539027,24399524500,-,Spain| Mexico,2.0,2102| 2103| 2105| 3104,"Energy Engineering and Power Technology| Fuel Technology| Renewable Energy, Sustainability and the Environment| Condensed Matter Physics",2| 4,Engineering & Technology| Natural Sciences,249| 221| 439,Engineering - Petroleum| Engineering - Electrical & Electronic| Physics & Astronomy,37| 36,Physical Sciences| Engineering,40| 34,Engineering| Chemical Sciences,-,-,-,Fuel Cells and Polymer Electrolytes,79,97.646,Catalytic Innovations in Formic Acid Fuel Cells,13583,92.101,Definitive,Internacional,3.0
"Palomar-Pardavé, Manuel Eduardo",6603788018,Aluminum electrochemical nucleation and growth onto a glassy carbon electrode from a deep eutectic solvent,"Rodríguez-Clemente, E.| Manh, T.L.| Guinto-Pano, C.E.| Romero-Romo, M.| Mejía-Caballero, I.| Morales-Gil, P.| Palacios-González, E.| Ramírez-Silva, M.T.| Palomar-Pardavé, M.",9.0,54881302600| 57205572924| 57207855568| 6602576873| 56182243500| 56117026900| 55506080000| 6603801645| 6603788018,2019.0,2019-01-01,Journal of the Electrochemical Society,166,1,D3035-D3041,-,ISSN-00134651,25169.0,Journal,Electrochemical Society Inc.,English,1.02,30,5.8,12,1.153,11,2.6,83.0,37.0,1.33,13.55,13.0,22.0,0.0,0.0,"Rodríguez-Clemente, E., Manh, T.L., Guinto-Pano, C.E. and 6 more (...) (2019).Aluminum electrochemical nucleation and growth onto a glassy carbon electrode from a deep eutectic solvent. Journal of the Electrochemical Society,166(1) D3035-D3041",https://www.scopus.com/record/display.url?eid=2-s2.0-85063092695&origin=resultslist,10.1149/2.0051901jes,Article,Hybrid gold,2-s2.0-85063092695,-,Universidad Autónoma Metropolitana| Instituto Politécnico Nacional| Instituto Mexicano del Petroleo,505017| 505011| 505005,Academic| Government,3.0,60023193| 60006489| 60019176| 60019271| 60028381,Universidad Autónoma Metropolitana - Azcapotzalco| Escuela Superior de Ingenieria Quimica e Industrias Extractivas| Instituto Politécnico Nacional| Instituto Mexicano Del Petroleo| Universidad Autónoma Metropolitana -Unidad Iztapalapa,54881302600,6603788018,-,-,Mexico,1.0,1603| 2105| 2504| 2505| 2508| 3104,"Electrochemistry| Renewable Energy, Sustainability and the Environment| Electronic, Optical and Magnetic Materials| Materials Chemistry| Surfaces, Coatings and Films| Condensed Matter Physics",4| 2,Natural Sciences| Engineering & Technology,409| 439| 433| 221,Chemistry| Physics & Astronomy| Materials Science| Engineering - Electrical & Electronic,36| 37,Engineering| Physical Sciences,40| 34,Engineering| Chemical Sciences,4016| 3406,Materials engineering| Physical chemistry,-,Ionic Liquids in Catalysis and Extraction Processes,424,80.052,Electrodeposition Techniques in Ionic Liquid Systems,13603,73.162,Very Good,Nacional,3.0
"Palomar-Pardavé, Manuel Eduardo",6603788018,Electrochemical synthesis of cobalt with different crystal structures from a deep eutectic solvent,"Manh, T.L.| Arce-Estrada, E.M.| Mejía-Caballero, I.| Aldana-González, J.| Romero-Romo, M.| Palomar-Pardavé, M.",6.0,57205572924| 8413430200| 56182243500| 55842149700| 6602576873| 6603788018,2018.0,2018-01-01,Journal of the Electrochemical Society,165,7,D285-D290,-,ISSN-00134651,25169.0,Journal,Electrochemical Society Inc.,English,0.93,34,6.2,11,1.138,10,1.75,59.0,37.0,0.96,13.52,15.0,30.0,0.0,0.0,"Manh, T.L., Arce-Estrada, E.M., Mejía-Caballero, I. and 3 more (...) (2018).Electrochemical synthesis of cobalt with different crystal structures from a deep eutectic solvent. Journal of the Electrochemical Society,165(7) D285-D290",https://www.scopus.com/record/display.url?eid=2-s2.0-85057177167&origin=resultslist,10.1149/2.0941807jes,Article,,2-s2.0-85057177167,-,Universidad Autónoma Metropolitana| Instituto Politécnico Nacional,505017| 505011,Academic,2.0,60023193| 60019176| 60006489,Universidad Autónoma Metropolitana - Azcapotzalco| Instituto Politécnico Nacional| Escuela Superior de Ingenieria Quimica e Industrias Extractivas,57205572924,6603788018,-,-,Mexico,1.0,1603| 2105| 2504| 2505| 2508,"Electrochemistry| Renewable Energy, Sustainability and the Environment| Electronic, Optical and Magnetic Materials| Materials Chemistry| Surfaces, Coatings and Films",4| 2,Natural Sciences| Engineering & Technology,409| 221| 433,Chemistry| Engineering - Electrical & Electronic| Materials Science,36| 37,Engineering| Physical Sciences,40| 34,Engineering| Chemical Sciences,4016| 3406,Materials engineering| Physical chemistry,-,Electrodeposition Techniques for Enhanced Coating Properties,1019,29.627,Electrodeposition Techniques Using Deep Eutectic Solvents,37849,89.238,Very Good,Nacional,2.0
"Palomar-Pardavé, Manuel Eduardo",6603788018,Iron electrodeposition from Fe(II) ions dissolved in a choline chloride: Urea eutectic mixture,"Le Manh, T.| Arce-Estrada, E.M.| Mejía-Caballero, I.| Rodríguez-Clemente, E.| Sánchez, W.| Aldana-González, J.| Lartundo-Rojas, L.| Romero-Romo, M.| Palomar-Pardavé, M.",9.0,57205572924| 8413430200| 56182243500| 54881302600| 57209197984| 55842149700| 57455354200| 6602576873| 6603788018,2018.0,2018-01-01,Journal of the Electrochemical Society,165,16,D808-D812,-,ISSN-00134651,25169.0,Journal,Electrochemical Society Inc.,English,0.93,34,6.2,11,1.138,10,1.34,62.0,37.0,0.78,12.84,15.0,35.0,0.0,0.0,"Le Manh, T., Arce-Estrada, E.M., Mejía-Caballero, I. and 6 more (...) (2018).Iron electrodeposition from Fe(II) ions dissolved in a choline chloride: Urea eutectic mixture. Journal of the Electrochemical Society,165(16) D808-D812",https://www.scopus.com/record/display.url?eid=2-s2.0-85066794017&origin=resultslist,10.1149/2.0561816jes,Article,,2-s2.0-85066794017,-,Universidad Autónoma Metropolitana| Instituto Politécnico Nacional,505017| 505011,Academic,2.0,60023193| 60006489| 60019176,Universidad Autónoma Metropolitana - Azcapotzalco| Escuela Superior de Ingenieria Quimica e Industrias Extractivas| Instituto Politécnico Nacional,57205572924,6603788018,-,-,Mexico,1.0,1603| 2105| 2504| 2505| 2508| 3104,"Electrochemistry| Renewable Energy, Sustainability and the Environment| Electronic, Optical and Magnetic Materials| Materials Chemistry| Surfaces, Coatings and Films| Condensed Matter Physics",2| 4,Engineering & Technology| Natural Sciences,221| 409| 439| 433,Engineering - Electrical & Electronic| Chemistry| Physics & Astronomy| Materials Science,36| 37,Engineering| Physical Sciences,34| 40,Chemical Sciences| Engineering,4016| 3406,Materials engineering| Physical chemistry,-,Electrodeposition Techniques for Enhanced Coating Properties,1019,29.627,Electrodeposition Techniques Using Deep Eutectic Solvents,37849,89.238,Very Good,Nacional,2.0
"Palomar-Pardavé, Manuel Eduardo",6603788018,On wetting angles and nucleation energies during the electrochemical nucleation of cobalt onto glassy carbon from a deep eutectic solvent,"Manh, T.L.| Arce-Estrada, E.M.| Romero-Romo, M.| Mejía-Caballero, I.| Aldana-González, J.| Palomar-Pardavé, M.",6.0,57205572924| 8413430200| 6602576873| 56182243500| 55842149700| 6603788018,2017.0,2017-01-01,Journal of the Electrochemical Society,164,12,D694-D699,-,ISSN-00134651,25169.0,Journal,Electrochemical Society Inc.,English,1.04,27,5.3,11,1.267,9,0.78,31.0,37.0,1.02,11.76,15.0,28.0,0.0,0.0,"Manh, T.L., Arce-Estrada, E.M., Romero-Romo, M. and 3 more (...) (2017).On wetting angles and nucleation energies during the electrochemical nucleation of cobalt onto glassy carbon from a deep eutectic solvent. Journal of the Electrochemical Society,164(12) D694-D699",https://www.scopus.com/record/display.url?eid=2-s2.0-85033394446&origin=resultslist,10.1149/2.1061712jes,Article,,2-s2.0-85033394446,-,Universidad Autónoma Metropolitana| Instituto Politécnico Nacional,505017| 505011,Academic,2.0,60023193| 60006489| 60019176,Universidad Autónoma Metropolitana - Azcapotzalco| Escuela Superior de Ingenieria Quimica e Industrias Extractivas| Instituto Politécnico Nacional,57205572924,6603788018,-,-,Mexico,1.0,1603| 2105| 2504| 2505| 2508| 3104,"Electrochemistry| Renewable Energy, Sustainability and the Environment| Electronic, Optical and Magnetic Materials| Materials Chemistry| Surfaces, Coatings and Films| Condensed Matter Physics",2| 4,Engineering & Technology| Natural Sciences,221| 439| 409| 433,Engineering - Electrical & Electronic| Physics & Astronomy| Chemistry| Materials Science,36| 37,Engineering| Physical Sciences,40| 34,Engineering| Chemical Sciences,3406| 4016,Physical chemistry| Materials engineering,-,Electrodeposition Techniques for Enhanced Coating Properties,1019,29.627,Electrodeposition Techniques Using Deep Eutectic Solvents,37849,89.238,Very Good,Nacional,2.0
"Palomar-Pardavé, Manuel Eduardo",6603788018,Quercetin spectrofluorometric quantification in aqueous media using different surfactants as fluorescence promoters,"Alva-Ensastegui, J.C.| Palomar-Pardavé, M.| Romero-Romo, M.| Ramírez-Silva, M.T.",4.0,57201295949| 6603788018| 6602576873| 6603801645,2018.0,2018-01-01,RSC Advances,8,20,10980-10986,-,ISSN-20462069,21100199840.0,Journal,Royal Society of Chemistry,English,0.8,43,6.5,11,0.807,19,1.4,46.0,36.0,0.54,12.92,15.0,45.0,0.0,0.0,"Alva-Ensastegui, J.C., Palomar-Pardavé, M., Romero-Romo, M. and 1 more (...) (2018).Quercetin spectrofluorometric quantification in aqueous media using different surfactants as fluorescence promoters. RSC Advances,8(20) 10980-10986",https://www.scopus.com/record/display.url?eid=2-s2.0-85044216075&origin=resultslist,10.1039/c8ra01213j,Article,Gold|Green,2-s2.0-85044216075,-,Universidad Autónoma Metropolitana,505017,Academic,1.0,60028381| 60023193,Universidad Autónoma Metropolitana -Unidad Iztapalapa| Universidad Autónoma Metropolitana - Azcapotzalco,57201295949,6603801645,6603801645,-,Mexico,1.0,1500| 1600,General Chemical Engineering| General Chemistry,4| 2,Natural Sciences| Engineering & Technology,219| 409,Engineering - Chemical| Chemistry,37| 36,Physical Sciences| Engineering,34,Chemical Sciences,-,-,-,Flavonoids and Their Impact on Health,124,91.825,Electrochemical Detection of Flavonoids Using Modified Sensors,31254,91.526,Defensible,UAM,1.0
"Palomar-Pardavé, Manuel Eduardo",6603788018,Electrochemical evaluation of cephalothin as corrosion inhibitor for API 5L X52 steel immersed in an acid medium,"Aldana-González, J.| Espinoza-Vázquez, A.| Romero-Romo, M.| Uruchurtu-Chavarin, J.| Palomar-Pardavé, M.",5.0,55842149700| 55662752400| 6602576873| 6602981882| 6603788018,2019.0,2019-12-01,Arabian Journal of Chemistry,12,8,3244-3253,-,ISSN-18785352,19400158709.0,Journal,Elsevier B.V.,English,2.34,4,8.2,8,0.779,20,0.98,61.0,35.0,1.15,14.81,14.0,25.0,0.0,0.0,"Aldana-González, J., Espinoza-Vázquez, A., Romero-Romo, M. and 2 more (...) (2019).Electrochemical evaluation of cephalothin as corrosion inhibitor for API 5L X52 steel immersed in an acid medium. Arabian Journal of Chemistry,12(8) 3244-3253",https://www.scopus.com/record/display.url?eid=2-s2.0-84941585485&origin=resultslist,10.1016/j.arabjc.2015.08.033,Article,Gold|Green,2-s2.0-84941585485,-,Universidad Autonoma del Estado de Morelos| Universidad Autónoma Metropolitana| Universidad Nacional Autónoma de México,505016| 505017| 505023,Academic,3.0,60023193| 60025626| 60032442,Universidad Autónoma Metropolitana - Azcapotzalco| Universidad Autónoma del Estado de Morelos| Universidad Nacional Autónoma de México,55842149700,6603788018,6603788018,-,Mexico,1.0,1500| 1600,General Chemical Engineering| General Chemistry,2| 4,Engineering & Technology| Natural Sciences,409| 219,Chemistry| Engineering - Chemical,37| 36,Physical Sciences| Engineering,34,Chemical Sciences,-,-,-,Corrosion Inhibition Mechanisms in Metal Alloys,933,76.455,Corrosion Inhibitors for Steel Protection and Efficiency,2,99.891,Definitive,Nacional,3.0
"Palomar-Pardavé, Manuel Eduardo",6603788018,Micro-Abrasion Wear Resistance of Borided 316L Stainless Steel and AISI 1018 Steel,"Reséndiz-Calderon, C.D.| Rodríguez-Castro, G.A.| Meneses-Amador, A.| Campos-Silva, I.E.| Andraca-Adame, J.| Palomar-Pardavé, M.E.| Gallardo-Hernández, E.A.",7.0,56786281800| 56013621500| 56013685400| 56682127800| 8251751500| 6603788018| 14065704400,2017.0,2017-11-01,Journal of Materials Engineering and Performance,26,11,5599-5609,-,ISSN-10599495,21160.0,Journal,Springer New York LLC,English,0.98,31,2.5,33,0.611,31,3.37,118.0,32.0,0.51,11.72,18.0,46.0,0.0,0.0,"Reséndiz-Calderon, C.D., Rodríguez-Castro, G.A., Meneses-Amador, A. and 4 more (...) (2017).Micro-Abrasion Wear Resistance of Borided 316L Stainless Steel and AISI 1018 Steel. Journal of Materials Engineering and Performance,26(11) 5599-5609",https://www.scopus.com/record/display.url?eid=2-s2.0-85031902267&origin=resultslist,10.1007/s11665-017-3004-0,Article,,2-s2.0-85031902267,-,Universidad Autónoma Metropolitana| Instituto Politécnico Nacional,505017| 505011,Academic,2.0,60019176| 60023193,Instituto Politécnico Nacional| Universidad Autónoma Metropolitana - Azcapotzalco,56786281800,14065704400,56013621500,-,Mexico,1.0,2210| 2211| 2500,Mechanical Engineering| Mechanics of Materials| General Materials Science,2,Engineering & Technology,222| 433,Engineering - Mechanical| Materials Science,36,Engineering,40,Engineering,4016| 4017,Materials engineering| Mechanical engineering,-,High Entropy Alloys and Advanced Coating Technologies,404,96.926,Enhancing Surface Properties through Boride Layers,10390,91.242,Definitive,Nacional,2.0
"Palomar-Pardavé, Manuel Eduardo",6603788018,Electrochemical study and physicochemical characterization of iron nanoparticles electrodeposited onto HOPG from Fe(III) ions dissolved in the choline chloride-urea deep eutectic solvent,"Palomar-Pardavé, M.| Mostany, J.| Muñoz-Rizo, R.| Botello, L.E.| Aldana-González, J.| Arce-Estrada, E.M.| de Oca-Yemha, M.G.M.| Ramírez-Silva, M.T.| Romo, M.R.",9.0,6603788018| 57201663285| 57211003414| 57193007448| 55842149700| 8413430200| 55368334500| 6603801645| 24400015200,2019.0,2019-10-10,Journal of Electroanalytical Chemistry,851,-,-,113453,ISSN-15726657,9500154039.0,Journal,Elsevier B.V.,English,0.88,38,5.4,17,0.758,21,2.12,75.0,32.0,1.02,14.68,16.0,28.0,0.0,0.0,"Palomar-Pardavé, M., Mostany, J., Muñoz-Rizo, R. and 6 more (...) (2019).Electrochemical study and physicochemical characterization of iron nanoparticles electrodeposited onto HOPG from Fe(III) ions dissolved in the choline chloride-urea deep eutectic solvent. Journal of Electroanalytical Chemistry,851",https://www.scopus.com/record/display.url?eid=2-s2.0-85072165430&origin=resultslist,10.1016/j.jelechem.2019.113453,Article,,2-s2.0-85072165430,-,Universidad Simón Bolívar| Universidad Autónoma Metropolitana| Instituto Politécnico Nacional,607005| 505017| 505011,Academic,3.0,60023193| 60026438| 60006489| 60019176| 60028381,Universidad Autónoma Metropolitana - Azcapotzalco| Universidad Simón Bolívar| Escuela Superior de Ingenieria Quimica e Industrias Extractivas| Instituto Politécnico Nacional| Universidad Autónoma Metropolitana -Unidad Iztapalapa,6603788018,24400015200,6603788018,-,Mexico| Venezuela,2.0,1500| 1602| 1603,General Chemical Engineering| Analytical Chemistry| Electrochemistry,2| 4,Engineering & Technology| Natural Sciences,409| 219,Chemistry| Engineering - Chemical,37| 36,Physical Sciences| Engineering,34,Chemical Sciences,3401| 3406,Analytical chemistry| Physical chemistry,-,Electrodeposition Techniques for Enhanced Coating Properties,1019,29.627,Electrodeposition Techniques Using Deep Eutectic Solvents,37849,89.238,Very Good,Internacional,2.0
"Palomar-Pardavé, Manuel Eduardo",6603788018,A deep eutectic solvent as leaching agent and electrolytic bath for silver recovery from spent silver oxide batteries,"Sánchez-Ortiz, W.| Aldana-González, J.| Manh, T.L.| Romero-Romo, M.| Mejía-Caballero, I.| Ramírez-Silva, M.T.| Arce-Estrada, E.M.| Mugica-Álvarez, V.| Palomar-Pardavé, M.",9.0,56492999600| 55842149700| 59454693800| 6602576873| 56182243500| 6603801645| 8413430200| 57204835583| 6603788018,2021.0,2021-01-01,Journal of the Electrochemical Society,168,1,-,016508,ISSN-00134651,25169.0,Journal,IOP Publishing Ltd,English,0.94,35,7,16,1.066,12,2.16,58.0,30.0,1.38,14.51,13.0,20.0,0.0,0.0,"Sánchez-Ortiz, W., Aldana-González, J., Manh, T.L. and 6 more (...) (2021).A deep eutectic solvent as leaching agent and electrolytic bath for silver recovery from spent silver oxide batteries. Journal of the Electrochemical Society,168(1) ",https://www.scopus.com/record/display.url?eid=2-s2.0-85099884937&origin=resultslist,10.1149/1945-7111/abdb01,Article,Hybrid gold,2-s2.0-85099884937,-,Phenikaa University| Universidad Autónoma Metropolitana| Instituto Politécnico Nacional,716231| 505017| 505011,Academic,3.0,60023193| 60006489| 60019176| 60112782| 60028381,Universidad Autónoma Metropolitana - Azcapotzalco| Escuela Superior de Ingenieria Quimica e Industrias Extractivas| Instituto Politécnico Nacional| Phenikaa University| Universidad Autónoma Metropolitana -Unidad Iztapalapa,56492999600,6603788018,6603788018,-,Mexico| Viet Nam,2.0,1603| 2105| 2504| 2505| 2508| 3104,"Electrochemistry| Renewable Energy, Sustainability and the Environment| Electronic, Optical and Magnetic Materials| Materials Chemistry| Surfaces, Coatings and Films| Condensed Matter Physics",4| 2,Natural Sciences| Engineering & Technology,439| 433| 221| 409,Physics & Astronomy| Materials Science| Engineering - Electrical & Electronic| Chemistry,37| 36,Physical Sciences| Engineering,34| 40,Chemical Sciences| Engineering,4016| 3406,Materials engineering| Physical chemistry,-,Electrodeposition Techniques for Enhanced Coating Properties,1019,29.627,Electrodeposition Techniques Using Deep Eutectic Solvents,37849,89.238,Defensible,Internacional,2.0
"Palomar-Pardavé, Manuel Eduardo",6603788018,New insights on the chemical stability of curcumin in aqueous media at different pH: Influence of the experimental conditions,"Martínez-Guerra, J.| Palomar-Pardavé, M.| Romero-Romo, M.| Corona-Avendaño, S.| Rojas-Hernández, A.| Ramírez-Silva, M.T.",6.0,57209586150| 6603788018| 6602576873| 6507494250| 7004253053| 6603801645,2016.0,2016-06-01,International Journal of Electrochemical Science,14,6,5373-5385,-,ISSN-14523981,19200156944.0,Journal,Electrochemical Science Group,English,0.82,39,3.1,57,0.426,57,0.06,32.0,29.0,0.0,12.35,20.0,71.0,0.0,0.0,"Martínez-Guerra, J., Palomar-Pardavé, M., Romero-Romo, M. and 3 more (...) (2016).New insights on the chemical stability of curcumin in aqueous media at different pH: Influence of the experimental conditions. International Journal of Electrochemical Science,14(6) 5373-5385",https://www.scopus.com/record/display.url?eid=2-s2.0-85068167884&origin=resultslist,10.20964/2019.06.24,Article,Gold|Green,2-s2.0-85068167884,-,Universidad Autónoma Metropolitana,505017,Academic,1.0,60028381| 60023193,Universidad Autónoma Metropolitana -Unidad Iztapalapa| Universidad Autónoma Metropolitana - Azcapotzalco,57209586150,6603801645,-,-,Mexico,1.0,1603,Electrochemistry,4,Natural Sciences,409,Chemistry,37,Physical Sciences,34,Chemical Sciences,3401| 3406,Analytical chemistry| Physical chemistry,-,Flavonoids and Their Impact on Health,124,91.825,Curcumin's Multifaceted Impact on Cancer Therapy,140,99.494,Definitive,UAM,1.0
"Palomar-Pardavé, Manuel Eduardo",6603788018,New insights on the spectrophotometric determination of melatonin pKa values and melatonin-βCD inclusion complex formation constant,"Zafra-Roldán, A.| Corona-Avendaño, S.| Montes-Sánchez, R.| Palomar-Pardavé, M.| Romero-Romo, M.| Ramírez-Silva, M.T.",6.0,35197714700| 6507494250| 57195770441| 6603788018| 6602576873| 6603801645,2018.0,2018-02-05,Spectrochimica Acta - Part A: Molecular and Biomolecular Spectroscopy,190,-,442-449,-,ISSN-13861425,24530.0,Journal,Elsevier B.V.,English,1.1,25,6,7,0.574,35,2.78,102.0,27.0,0.94,10.64,20.0,31.0,0.0,0.0,"Zafra-Roldán, A., Corona-Avendaño, S., Montes-Sánchez, R. and 3 more (...) (2018).New insights on the spectrophotometric determination of melatonin pKa values and melatonin-βCD inclusion complex formation constant. Spectrochimica Acta - Part A: Molecular and Biomolecular Spectroscopy,190442-449",https://www.scopus.com/record/display.url?eid=2-s2.0-85029817000&origin=resultslist,10.1016/j.saa.2017.09.042,Article,,2-s2.0-85029817000,28961528,Universidad Autónoma Metropolitana,505017,Academic,1.0,60023193| 60028381,Universidad Autónoma Metropolitana - Azcapotzalco| Universidad Autónoma Metropolitana -Unidad Iztapalapa,35197714700,6603801645,6507494250,-,Mexico,1.0,1602| 1607| 3105| 3107,"Analytical Chemistry| Spectroscopy| Instrumentation| Atomic and Molecular Physics, and Optics",4,Natural Sciences,439| 409,Physics & Astronomy| Chemistry,37,Physical Sciences,34,Chemical Sciences,3406| 3401| 3403,Physical chemistry| Analytical chemistry| Macromolecular and materials chemistry,-,Melatonin's Influence on Circadian Rhythms and Stress Response,232,84.565,Electrochemical Methods for Melatonin Detection,63215,71.628,Defensible,UAM,1.0
"Palomar-Pardavé, Manuel Eduardo",6603788018,"Mechanism and Kinetics of Palladium Nanoparticles Electrochemical Formation onto Glassy Carbon, from a Deep Eutectic Solvent (Reline)","Juárez-Marmolejo, L.| Maldonado-Teodocio, B.| Montes De Oca-Yemha, M.G.| Romero-Romo, M.| Ramírez-Silva, M.T.| Arce-Estrada, E.M.| Morales-Gil, P.| Mostany, J.| Palomar-Pardavé, M.",9.0,57204944845| 57216796803| 24399524500| 6602576873| 6603801645| 8413430200| 56117026900| 57201663285| 6603788018,2020.0,2020-05-14,Journal of Physical Chemistry B,124,19,3973-3983,-,ISSN-15206106,26970.0,Journal,American Chemical Society,English,0.91,37,5.1,21,0.864,17,2.26,63.0,26.0,0.98,13.2,19.0,28.0,0.0,0.0,"Juárez-Marmolejo, L., Maldonado-Teodocio, B., Montes De Oca-Yemha, M.G. and 6 more (...) (2020).Mechanism and Kinetics of Palladium Nanoparticles Electrochemical Formation onto Glassy Carbon, from a Deep Eutectic Solvent (Reline). Journal of Physical Chemistry B,124(19) 3973-3983",https://www.scopus.com/record/display.url?eid=2-s2.0-85084695331&origin=resultslist,10.1021/acs.jpcb.0c01014,Article,,2-s2.0-85084695331,32309944,Universidad Autónoma Metropolitana| Instituto Politécnico Nacional| Instituto Mexicano del Petroleo,505017| 505011| 505005,Academic| Government,3.0,60023193| 60028381| 60006489| 60019176| 60019271| 60043688,Universidad Autónoma Metropolitana - Azcapotzalco| Universidad Autónoma Metropolitana -Unidad Iztapalapa| Escuela Superior de Ingenieria Quimica e Industrias Extractivas| Instituto Politécnico Nacional| Instituto Mexicano Del Petroleo| Universidad Nacional Experimental Simon Rodriuez,57204944845,6603788018,24399524500,-,Mexico| Venezuela,2.0,1606| 2505| 2508,"Physical and Theoretical Chemistry| Materials Chemistry| Surfaces, Coatings and Films",4| 2,Natural Sciences| Engineering & Technology,433| 249| 409,Materials Science| Engineering - Petroleum| Chemistry,36| 37,Engineering| Physical Sciences,34| 51| 40,Chemical Sciences| Physical Sciences| Engineering,-,-,-,Electrodeposition Techniques for Enhanced Coating Properties,1019,29.627,Electrodeposition Mechanisms in Nanostructured Materials,15817,78.905,Defensible,Internacional,3.0
"Palomar-Pardavé, Manuel Eduardo",6603788018,Electrochemical quantification of the electro-active surface area of Au nanoparticles supported onto an ITO electrode by means of Cu upd,"Aldana-González, J.| Olvera-García, J.| Montes De Oca, M.G.| Romero-Romo, M.| Ramírez-Silva, M.T.| Palomar-Pardavé, M.",6.0,55842149700| 37122426800| 24399524500| 6602576873| 6603801645| 6603788018,2015.0,2015-05-10,Electrochemistry Communications,56,-,70-74,-,ISSN-13882481,25180.0,Journal,Elsevier Inc.,English,1.19,20,8.9,9,1.628,11,1.5,81.0,25.0,0.32,12.54,24.0,54.0,0.0,0.0,"Aldana-González, J., Olvera-García, J., Montes De Oca, M.G. and 3 more (...) (2015).Electrochemical quantification of the electro-active surface area of Au nanoparticles supported onto an ITO electrode by means of Cu upd. Electrochemistry Communications,5670-74",https://www.scopus.com/record/display.url?eid=2-s2.0-84928941622&origin=resultslist,10.1016/j.elecom.2015.04.014,Article,Green,2-s2.0-84928941622,-,Universidad Autónoma Metropolitana,505017,Academic,1.0,60023193| 114805472| 60028381,Universidad Autónoma Metropolitana - Azcapotzalco| Universidad Tecnológica de México| Universidad Autónoma Metropolitana -Unidad Iztapalapa,55842149700,6603788018,6603788018,-,Mexico,1.0,1603,Electrochemistry,4,Natural Sciences,409,Chemistry,37,Physical Sciences,40| 34,Engineering| Chemical Sciences,-,-,-,Electrodeposition Techniques for Enhanced Coating Properties,1019,29.627,Electrodeposition Mechanisms in Nanostructured Materials,15817,78.905,Defensible,UAM,1.0
"Palomar-Pardavé, Manuel Eduardo",6603788018,Electrochemical nucleation and growth of Cu onto Au nanoparticles supported on a Si (111) wafer electrode,"Romero-Romo, M.| Aldana-González, J.| Botello, L.E.| Montes de Oca, M.G.| Ramírez-Silva, M.T.| Corona-Avendaño, S.| Palomar-Pardavé, M.",7.0,6602576873| 55842149700| 57193007448| 24399524500| 6603801645| 6507494250| 6603788018,2017.0,2017-04-15,Journal of Electroanalytical Chemistry,791,-,1-7,-,ISSN-15726657,9500154039.0,Journal,Elsevier B.V.,English,0.84,39,4.7,17,0.765,22,1.72,69.0,25.0,0.67,12.02,22.0,39.0,0.0,0.0,"Romero-Romo, M., Aldana-González, J., Botello, L.E. and 4 more (...) (2017).Electrochemical nucleation and growth of Cu onto Au nanoparticles supported on a Si (111) wafer electrode. Journal of Electroanalytical Chemistry,7911-7",https://www.scopus.com/record/display.url?eid=2-s2.0-85014848672&origin=resultslist,10.1016/j.jelechem.2017.03.003,Article,,2-s2.0-85014848672,-,Universidad Autónoma Metropolitana,505017,Academic,1.0,60023193| 60028381,Universidad Autónoma Metropolitana - Azcapotzalco| Universidad Autónoma Metropolitana -Unidad Iztapalapa,6602576873,6603788018,6603788018,-,Mexico,1.0,1500| 1602| 1603,General Chemical Engineering| Analytical Chemistry| Electrochemistry,4| 2,Natural Sciences| Engineering & Technology,219| 409,Engineering - Chemical| Chemistry,36| 37,Engineering| Physical Sciences,34,Chemical Sciences,3401| 3406,Analytical chemistry| Physical chemistry,-,Electrodeposition Techniques for Enhanced Coating Properties,1019,29.627,Electrodeposition Mechanisms in Nanostructured Materials,15817,78.905,Very Good,UAM,1.0
"Palomar-Pardavé, Manuel Eduardo",6603788018,Electrochemical nucleation and growth of Mn and Mn-Zn alloy from leached liquors of spent alkaline batteries using a deep eutectic solvent,"Aldana-González, J.| Sampayo-Garrido, A.| Montes De Oca-Yemha, M.G.| Sánchez, W.| Ramírez-Silva, M.T.| Arce-Estrada, E.M.| Romero-Romo, M.| Palomar-Pardavé, M.",8.0,55842149700| 57209195568| 24399524500| 57209197984| 6603801645| 8413430200| 6602576873| 6603788018,2019.0,2019-01-01,Journal of the Electrochemical Society,166,6,D199-D204,-,ISSN-00134651,25169.0,Journal,Electrochemical Society Inc.,English,1.02,30,5.8,12,1.153,11,1.54,54.0,23.0,0.77,14.23,22.0,36.0,0.0,0.0,"Aldana-González, J., Sampayo-Garrido, A., Montes De Oca-Yemha, M.G. and 5 more (...) (2019).Electrochemical nucleation and growth of Mn and Mn-Zn alloy from leached liquors of spent alkaline batteries using a deep eutectic solvent. Journal of the Electrochemical Society,166(6) D199-D204",https://www.scopus.com/record/display.url?eid=2-s2.0-85066815624&origin=resultslist,10.1149/2.0761906jes,Article,,2-s2.0-85066815624,-,Universidad Autónoma Metropolitana| Instituto Politécnico Nacional,505017| 505011,Academic,2.0,60023193| 60020223| 60019176| 60006489| 60028381,Universidad Autónoma Metropolitana - Azcapotzalco| Universidad Tecnológica de México| Instituto Politécnico Nacional| Escuela Superior de Ingenieria Quimica e Industrias Extractivas| Universidad Autónoma Metropolitana -Unidad Iztapalapa,55842149700,6603788018,-,-,Mexico,1.0,1603| 2105| 2504| 2505| 2508,"Electrochemistry| Renewable Energy, Sustainability and the Environment| Electronic, Optical and Magnetic Materials| Materials Chemistry| Surfaces, Coatings and Films",4| 2,Natural Sciences| Engineering & Technology,409| 433| 221,Chemistry| Materials Science| Engineering - Electrical & Electronic,36| 37,Engineering| Physical Sciences,34| 40,Chemical Sciences| Engineering,3406| 4016,Physical chemistry| Materials engineering,-,Electrodeposition Techniques for Enhanced Coating Properties,1019,29.627,Electrodeposition Techniques Using Deep Eutectic Solvents,37849,89.238,Very Good,Nacional,2.0
"Palomar-Pardavé, Manuel Eduardo",6603788018,Insights into Electronucleation and Electrodeposition of Nickel from a Non-aqueous Solvent Based on NiCl2·6H2O Dissolved in Ethylene Glycol,"Phi, T.-L.| Nguyen, S.T.| Van Hieu, N.| Palomar-Pardavé, M.| Morales-Gil, P.| Le Manh, T.",6.0,57226593110| 57219979192| 37063946700| 6603788018| 56117026900| 57205572924,2022.0,2022-03-28,Inorganic Chemistry,61,12,5099-5111,-,ISSN-00201669,25264.0,Journal,American Chemical Society,English,0.97,32,8,11,0.997,12,1.68,32.0,21.0,1.61,11.15,15.0,17.0,0.0,0.0,"Phi, T.-L., Nguyen, S.T., Van Hieu, N. and 3 more (...) (2022).Insights into Electronucleation and Electrodeposition of Nickel from a Non-aqueous Solvent Based on NiCl2·6H2O Dissolved in Ethylene Glycol. Inorganic Chemistry,61(12) 5099-5111",https://www.scopus.com/record/display.url?eid=2-s2.0-85127290678&origin=resultslist,10.1021/acs.inorgchem.2c00127,Article,,2-s2.0-85127290678,35289600,Phenikaa University| Universidad Autónoma Metropolitana| Instituto Mexicano del Petroleo,716231| 505017| 505005,Academic| Government,3.0,60112782| 60023193| 60019271| 120896599,Phenikaa University| Universidad Autónoma Metropolitana - Azcapotzalco| Instituto Mexicano Del Petroleo| Phenikaa Research and Technology Institute (PRATI),57226593110,57205572924,57205572924,-,Mexico| Viet Nam,2.0,1604| 1606,Inorganic Chemistry| Physical and Theoretical Chemistry,2| 4,Engineering & Technology| Natural Sciences,409| 249,Chemistry| Engineering - Petroleum,37,Physical Sciences,34,Chemical Sciences,3402| 3403,Inorganic chemistry| Macromolecular and materials chemistry,-,Electrodeposition Techniques for Enhanced Coating Properties,1019,29.627,Electrodeposition Techniques Using Deep Eutectic Solvents,37849,89.238,Defensible,Internacional,2.0
"Palomar-Pardavé, Manuel Eduardo",6603788018,"Novel electrochemical method to evaluate the antioxidant capacity of infusions and beverages, based on in situ formation of free superoxide radicals","Juárez-Gómez, J.| Ramírez-Silva, M.T.| Guzmán-Hernández, D.S.| Romero-Romo, M.| Palomar-Pardavé, M.",5.0,35758590500| 6603801645| 35195662800| 6602576873| 6603788018,2020.0,2020-12-01,Food Chemistry,332,-,-,127409,ISSN-03088146,24039.0,Journal,Elsevier Ltd,English,2.23,5,11.9,3,1.772,4,2.04,69.0,21.0,0.93,14.03,23.0,30.0,0.0,0.0,"Juárez-Gómez, J., Ramírez-Silva, M.T., Guzmán-Hernández, D.S. and 2 more (...) (2020).Novel electrochemical method to evaluate the antioxidant capacity of infusions and beverages, based on in situ formation of free superoxide radicals. Food Chemistry,332",https://www.scopus.com/record/display.url?eid=2-s2.0-85087000230&origin=resultslist,10.1016/j.foodchem.2020.127409,Article,,2-s2.0-85087000230,32615388,Universidad Autónoma Metropolitana,505017,Academic,1.0,60028381| 60023193,Universidad Autónoma Metropolitana -Unidad Iztapalapa| Universidad Autónoma Metropolitana - Azcapotzalco,35758590500,6603788018,6603801645,-,Mexico,1.0,1106| 1602,Food Science| Analytical Chemistry,5| 4,Life Sciences & Medicine| Natural Sciences,409| 502,Chemistry| Agriculture & Forestry,37| 32,Physical Sciences| Life Sciences,30,"Agricultural, Veterinary And Food Sciences",3006,Food sciences,-,Wearable Biosensors for Glucose and Hydrogen Peroxide Detection,634,82.472,Electrochemical Biosensors for Superoxide Detection,48822,67.319,Weak,UAM,1.0
"Palomar-Pardavé, Manuel Eduardo",6603788018,Electrocatalytic oxidation of formic acid by palladium nanoparticles electrochemically synthesized from a deep eutectic solvent,"Juárez-Marmolejo, L.| Maldonado-Teodocio, B.| de Oca-Yemha, M.G.M.| Romero-Romo, M.| Arce-Estrada, E.M.| Ezeta-Mejía, A.| Ramírez-Silva, M.T.| Mostany, J.| Palomar-Pardavé, M.",9.0,57204944845| 57216796803| 55368334500| 6602576873| 8413430200| 55585038300| 6603801645| 57201663285| 6603788018,2022.0,2022-07-01,Catalysis Today,394-396,-,190-197,-,ISSN-09205861,16377.0,Journal,Elsevier B.V.,English,1.08,26,11.9,10,1.053,15,2.27,66.0,19.0,0.82,20.72,17.0,35.0,0.0,0.0,"Juárez-Marmolejo, L., Maldonado-Teodocio, B., de Oca-Yemha, M.G.M. and 6 more (...) (2022).Electrocatalytic oxidation of formic acid by palladium nanoparticles electrochemically synthesized from a deep eutectic solvent. Catalysis Today,394-396190-197",https://www.scopus.com/record/display.url?eid=2-s2.0-85118542468&origin=resultslist,10.1016/j.cattod.2021.10.012,Article,,2-s2.0-85118542468,-,Universidad Simón Bolívar| Universidad Autónoma Metropolitana| Instituto Politécnico Nacional,607005| 505017| 505011,Academic,3.0,60023193| 60006489| 60019176| 60028381| 60026438,Universidad Autónoma Metropolitana - Azcapotzalco| Escuela Superior de Ingenieria Quimica e Industrias Extractivas| Instituto Politécnico Nacional| Universidad Autónoma Metropolitana -Unidad Iztapalapa| Universidad Simón Bolívar,57204944845,6603788018,6603788018,-,Mexico| Venezuela,2.0,1503| 1600,Catalysis| General Chemistry,2| 4,Engineering & Technology| Natural Sciences,249| 219| 409,Engineering - Petroleum| Engineering - Chemical| Chemistry,37| 36,Physical Sciences| Engineering,34| 40,Chemical Sciences| Engineering,-,-,-,Fuel Cells and Polymer Electrolytes,79,97.646,Catalytic Innovations in Formic Acid Fuel Cells,13583,92.101,Very Good,Internacional,2.0
"Palomar-Pardavé, Manuel Eduardo",6603788018,"Ion-selective electrodes for mercury determination at low concentrations: construction, optimization and application","Juárez-Gómez, J.| Ramírez-Silva, M.T.| Romero-Romo, M.| Rodríguez-Sevilla, E.| Pérez-García, F.| Palomar-Pardavé, M.",6.0,35758590500| 6603801645| 6602576873| 56483270800| 15048540400| 6603788018,2016.0,2016-01-01,Journal of the Electrochemical Society,163,3,B90-B96,-,ISSN-00134651,25169.0,Journal,Electrochemical Society Inc.,English,0.99,29,5.5,10,1.222,8,3.02,100.0,18.0,0.61,11.45,29.0,42.0,0.0,0.0,"Juárez-Gómez, J., Ramírez-Silva, M.T., Romero-Romo, M. and 3 more (...) (2016).Ion-selective electrodes for mercury determination at low concentrations: construction, optimization and application. Journal of the Electrochemical Society,163(3) B90-B96",https://www.scopus.com/record/display.url?eid=2-s2.0-84955472321&origin=resultslist,10.1149/2.0621603jes,Article,,2-s2.0-84955472321,-,Universidad Autónoma Metropolitana| Universidad Autonoma del Estado de Mexico| Universidad Nacional Autónoma de México,505017| 505051| 505023,Academic,3.0,60028381| 60002281| 60175860| 60023193| 108113083,Universidad Autónoma Metropolitana -Unidad Iztapalapa| Universidad Autónoma del Estado de México| Centro Conjunto de Investigación en Química Sustentable UAEM-UNAM| Universidad Autónoma Metropolitana - Azcapotzalco| Universidad Tecnológica de Tula-Tepeji,35758590500,6603788018,-,-,Mexico,1.0,1603| 2105| 2504| 2505| 2508,"Electrochemistry| Renewable Energy, Sustainability and the Environment| Electronic, Optical and Magnetic Materials| Materials Chemistry| Surfaces, Coatings and Films",2| 4,Engineering & Technology| Natural Sciences,433| 221| 409,Materials Science| Engineering - Electrical & Electronic| Chemistry,36| 37,Engineering| Physical Sciences,34| 40,Chemical Sciences| Engineering,4016| 3406,Materials engineering| Physical chemistry,-,Innovative Methods for Dye Removal and Analysis,470,77.894,Ion-Selective Electrodes for Metal Detection,3356,84.236,Definitive,Nacional,3.0
"Palomar-Pardavé, Manuel Eduardo",6603788018,Electrochemical Corrosion Behavior of Borided CoCrMo Alloy Immersed in Hanks’ Solution,"Rosas-Becerra, G.| Mejía-Caballero, I.| Martínez-Trinidad, J.| Palomar-Pardavé, M.| Romero-Romo, M.| Pérez-Pasten-Borja, R.| Campos-Silva, I.",7.0,57193094077| 56182243500| 8432492800| 6603788018| 6602576873| 57196066241| 56682127800,2017.0,2017-02-01,Journal of Materials Engineering and Performance,26,2,704-714,-,ISSN-10599495,21160.0,Journal,Springer New York LLC,English,0.98,31,2.5,33,0.611,31,3.07,108.0,18.0,0.68,11.72,29.0,39.0,0.0,0.0,"Rosas-Becerra, G., Mejía-Caballero, I., Martínez-Trinidad, J. and 4 more (...) (2017).Electrochemical Corrosion Behavior of Borided CoCrMo Alloy Immersed in Hanks’ Solution. Journal of Materials Engineering and Performance,26(2) 704-714",https://www.scopus.com/record/display.url?eid=2-s2.0-85010756876&origin=resultslist,10.1007/s11665-017-2513-1,Article,,2-s2.0-85010756876,-,Universidad Autónoma Metropolitana| Instituto Politécnico Nacional,505017| 505011,Academic,2.0,60019176| 60023193,Instituto Politécnico Nacional| Universidad Autónoma Metropolitana - Azcapotzalco,57193094077,56682127800,56682127800,-,Mexico,1.0,2210| 2211| 2500,Mechanical Engineering| Mechanics of Materials| General Materials Science,2,Engineering & Technology,222| 433,Engineering - Mechanical| Materials Science,36,Engineering,40,Engineering,4017| 4016,Mechanical engineering| Materials engineering,-,High Entropy Alloys and Advanced Coating Technologies,404,96.926,Enhancing Surface Properties through Boride Layers,10390,91.242,Definitive,Nacional,2.0
"Palomar-Pardavé, Manuel Eduardo",6603788018,"Effect of Hydrodynamic Conditions, Temperature and Immersion Times on the Corrosion Inhibition Efficiency of API 5L X52 Steel in 1M HCl Containing 1H-1,2,4 or 1H-1,2,3-triazoles","Espinoza-Vázquez, A.| Negrón-Silva, G.E.| González-Olvera, R.| Angeles-Beltrán, D.| Romero-Romo, M.| Palomar-Pardavé, M.",6.0,55662752400| 55662708000| 8206979400| 15049353600| 6602576873| 6603788018,2017.0,2017-01-01,Arabian Journal for Science and Engineering,42,1,163-174,-,ISSN-2193567X,13951.0,Journal,Springer Verlag,English,0.72,47,2.1,19,0.303,28,1.45,48.0,17.0,0.46,17.34,30.0,49.0,0.0,0.0,"Espinoza-Vázquez, A., Negrón-Silva, G.E., González-Olvera, R. and 3 more (...) (2017).Effect of Hydrodynamic Conditions, Temperature and Immersion Times on the Corrosion Inhibition Efficiency of API 5L X52 Steel in 1M HCl Containing 1H-1,2,4 or 1H-1,2,3-triazoles. Arabian Journal for Science and Engineering,42(1) 163-174",https://www.scopus.com/record/display.url?eid=2-s2.0-85008192292&origin=resultslist,10.1007/s13369-016-2116-4,Article,,2-s2.0-85008192292,-,Universidad Autónoma Metropolitana| Universidad Nacional Autónoma de México,505017| 505023,Academic,2.0,60023193| 60032442,Universidad Autónoma Metropolitana - Azcapotzalco| Universidad Nacional Autónoma de México,55662752400,6603788018,6603788018,-,Mexico,1.0,1000,Multidisciplinary,-,-,-,-,-,-,40,Engineering,4004| 4016| 4005,Chemical engineering| Materials engineering| Civil engineering,-,Corrosion Inhibition Mechanisms in Metal Alloys,933,76.455,Corrosion Inhibitors for Steel Protection and Efficiency,2,99.891,Definitive,Nacional,2.0
"Palomar-Pardavé, Manuel Eduardo",6603788018,Experimental and theoretical study on the corrosion inhibition of API 5L X52 steel in acid media by a new quinazoline derivative,"Aldana-González, J.| Cervantes-Cuevas, H.| Alfaro-Romo, C.| Rodriguez-Clemente, E.| Uruchurtu-Chavarin, J.| Romero-Romo, M.| de Oca-Yemha, M.G.M.| Morales-Gil, P.| Mendoza-Huizar, L.H.| Palomar-Pardavé, M.",10.0,55842149700| 6602858573| 57219327260| 54881302600| 57204538398| 6602576873| 24399524500| 56117026900| 6507875400| 6603788018,2020.0,2020-12-15,Journal of Molecular Liquids,320,-,-,114449,ISSN-01677322,26965.0,Journal,Elsevier B.V.,English,1.38,17,8.4,8,0.929,15,2.13,53.0,16.0,0.33,12.15,29.0,56.0,0.0,0.0,"Aldana-González, J., Cervantes-Cuevas, H., Alfaro-Romo, C. and 7 more (...) (2020).Experimental and theoretical study on the corrosion inhibition of API 5L X52 steel in acid media by a new quinazoline derivative. Journal of Molecular Liquids,320",https://www.scopus.com/record/display.url?eid=2-s2.0-85092227546&origin=resultslist,10.1016/j.molliq.2020.114449,Article,,2-s2.0-85092227546,-,Universidad Autonoma del Estado de Morelos| Universidad Autónoma Metropolitana| Universidad Autonoma del Estado de Hidalgo| Instituto Mexicano del Petroleo,505016| 505017| 505050| 505005,Academic| Government,4.0,60023193| 60025626| 60019271| 60027135,Universidad Autónoma Metropolitana - Azcapotzalco| Universidad Autónoma del Estado de Morelos| Instituto Mexicano Del Petroleo| Universidad Autónoma del Estado de Hidalgo,55842149700,6603788018,6507875400,-,Mexico,1.0,1606| 1607| 2504| 2505| 3104| 3107,"Physical and Theoretical Chemistry| Spectroscopy| Electronic, Optical and Magnetic Materials| Materials Chemistry| Condensed Matter Physics| Atomic and Molecular Physics, and Optics",4| 2,Natural Sciences| Engineering & Technology,433| 249| 439| 409,Materials Science| Engineering - Petroleum| Physics & Astronomy| Chemistry,36| 37,Engineering| Physical Sciences,34| 40,Chemical Sciences| Engineering,4004| 3406,Chemical engineering| Physical chemistry,-,Corrosion Inhibition Mechanisms in Metal Alloys,933,76.455,Corrosion Inhibitors for Steel Protection and Efficiency,2,99.891,Definitive,Nacional,4.0
"Palomar-Pardavé, Manuel Eduardo",6603788018,Spectro-electrochemical characterization and quantification of Rutin in aqueous media,"Guzmán-Hernández, D.S.| Palomar-Pardavé, M.| Sánchez-Pérez, F.| Juárez-Gómez, J.| Corona-Avendaño, S.| Romero-Romo, M.| Ramírez-Silva, M.T.",7.0,35195662800| 6603788018| 57214720409| 35758590500| 6507494250| 6602576873| 6603801645,2020.0,2020-03-05,Spectrochimica Acta - Part A: Molecular and Biomolecular Spectroscopy,228,-,-,117814,ISSN-13861425,24530.0,Journal,Elsevier B.V.,English,1.09,27,5.8,9,0.606,31,2.09,51.0,15.0,0.41,12.21,31.0,51.0,0.0,0.0,"Guzmán-Hernández, D.S., Palomar-Pardavé, M., Sánchez-Pérez, F. and 4 more (...) (2020).Spectro-electrochemical characterization and quantification of Rutin in aqueous media. Spectrochimica Acta - Part A: Molecular and Biomolecular Spectroscopy,228",https://www.scopus.com/record/display.url?eid=2-s2.0-85079013676&origin=resultslist,10.1016/j.saa.2019.117814,Article,,2-s2.0-85079013676,31780308,Consejo Nacional de Ciencia y Tecnologia Mexico| Universidad Autónoma Metropolitana,704696| 505017,Government| Academic,2.0,60027998| 60028381| 60023193,"Secretaría de Ciencia, Humanidades, Tecnología e Innovación| Universidad Autónoma Metropolitana -Unidad Iztapalapa| Universidad Autónoma Metropolitana - Azcapotzalco",35195662800,6603801645,6603801645,-,Mexico,1.0,1602| 1607| 3105| 3107,"Analytical Chemistry| Spectroscopy| Instrumentation| Atomic and Molecular Physics, and Optics",4,Natural Sciences,409| 439,Chemistry| Physics & Astronomy,37,Physical Sciences,34,Chemical Sciences,3406| 3403| 3401,Physical chemistry| Macromolecular and materials chemistry| Analytical chemistry,-,Flavonoids and Their Impact on Health,124,91.825,Electrochemical Detection of Flavonoids Using Modified Sensors,31254,91.526,Defensible,Nacional,2.0
"Palomar-Pardavé, Manuel Eduardo",6603788018,Electrochemical Deposition of Pd@Pd(OH)2Core-Shell Nanoparticles onto Glassy Carbon from a Deep Eutectic Solvent (Reline) and their Use as Electrocatalyst for the Methanol Oxidation Reaction,"Juárez-Marmolejo, L.| Maldonado-Teodocio, B.| Montes De Oca-Yemha, M.G.| Romero-Romo, M.| Ramírez-Silva, M.T.| Arce-Estrada, E.M.| Morales-Gil, P.| Mostany, J.| Palomar-Pardavé, M.",9.0,57204944845| 57216796803| 24399524500| 6602576873| 6603801645| 8413430200| 56117026900| 57201663285| 6603788018,2020.0,2020-01-08,Journal of the Electrochemical Society,167,11,-,112509,ISSN-00134651,25169.0,Journal,IOP Publishing Ltd,English,1,32,6.6,13,1.258,10,0.95,30.0,15.0,0.28,14.36,31.0,60.0,0.0,0.0,"Juárez-Marmolejo, L., Maldonado-Teodocio, B., Montes De Oca-Yemha, M.G. and 6 more (...) (2020).Electrochemical Deposition of Pd@Pd(OH)2Core-Shell Nanoparticles onto Glassy Carbon from a Deep Eutectic Solvent (Reline) and their Use as Electrocatalyst for the Methanol Oxidation Reaction. Journal of the Electrochemical Society,167(11) ",https://www.scopus.com/record/display.url?eid=2-s2.0-85094955625&origin=resultslist,10.1149/1945-7111/aba7d9,Article,,2-s2.0-85094955625,-,Universidad Simón Bolívar| Universidad Autónoma Metropolitana| Instituto Politécnico Nacional| Instituto Mexicano del Petroleo,607005| 505017| 505011| 505005,Government| Academic,4.0,60023193| 60028381| 60019176| 60006489| 60019271| 60026438,Universidad Autónoma Metropolitana - Azcapotzalco| Universidad Autónoma Metropolitana -Unidad Iztapalapa| Instituto Politécnico Nacional| Escuela Superior de Ingenieria Quimica e Industrias Extractivas| Instituto Mexicano Del Petroleo| Universidad Simón Bolívar,57204944845,6603788018,24399524500,-,Mexico| Venezuela,2.0,1603| 2105| 2504| 2505| 2508| 3104,"Electrochemistry| Renewable Energy, Sustainability and the Environment| Electronic, Optical and Magnetic Materials| Materials Chemistry| Surfaces, Coatings and Films| Condensed Matter Physics",4| 2,Natural Sciences| Engineering & Technology,439| 433| 409| 221,Physics & Astronomy| Materials Science| Chemistry| Engineering - Electrical & Electronic,37| 36,Physical Sciences| Engineering,40| 34,Engineering| Chemical Sciences,3406| 4016,Physical chemistry| Materials engineering,-,Fuel Cells and Polymer Electrolytes,79,97.646,Catalytic Nanoparticles for Enhanced Fuel Cell Performance,1035,99.459,Very Good,Internacional,3.0
"Palomar-Pardavé, Manuel Eduardo",6603788018,Electrochemical nucleation and growth of aluminum nanoparticles and leaf-like flat microstructures from reline deep eutectic solvent: Effect of temperature and angular speed of working electrode,"VIDAL-GARCÍA, G.| GUINTO-PANO, C.E.| GARCÍA-HERNÁNDEZ, I.| RODRÍGUEZ-CLEMENTE, E.| MORALES-GIL, P.| RAMÍREZ-SILVA, M.T.| ROMERO-ROMO, M.| PALOMAR-PARDAVÉ, M.",8.0,57578398400| 57207855568| 57577509900| 54881302600| 56117026900| 6603801645| 6602576873| 6603788018,2022.0,2022-03-01,Transactions of Nonferrous Metals Society of China (English Edition),32,3,1050-1060,-,ISSN-10036326,27854.0,Journal,Nonferrous Metals Society of China,English,1.45,14,6.5,17,0.875,14,0.92,19.0,15.0,0.99,12.16,21.0,29.0,0.0,0.0,"VIDAL-GARCÍA, G., GUINTO-PANO, C.E., GARCÍA-HERNÁNDEZ, I. and 5 more (...) (2022).Electrochemical nucleation and growth of aluminum nanoparticles and leaf-like flat microstructures from reline deep eutectic solvent: Effect of temperature and angular speed of working electrode. Transactions of Nonferrous Metals Society of China (English Edition),32(3) 1050-1060",https://www.scopus.com/record/display.url?eid=2-s2.0-85128336849&origin=resultslist,10.1016/S1003-6326(22)65854-0,Article,Gold,2-s2.0-85128336849,-,Universidad Autónoma Metropolitana| Instituto Mexicano del Petroleo,505017| 505005,Government| Academic,2.0,60023193| 60019271| 60028381,Universidad Autónoma Metropolitana - Azcapotzalco| Instituto Mexicano Del Petroleo| Universidad Autónoma Metropolitana -Unidad Iztapalapa,57578398400,6603788018,6603788018,-,Mexico,1.0,1909| 2505| 2506| 3104,Geotechnical Engineering and Engineering Geology| Materials Chemistry| Metals and Alloys| Condensed Matter Physics,2| 4,Engineering & Technology| Natural Sciences,247| 249| 416| 433| 439| 451| 450,Engineering - Mineral & Mining| Engineering - Petroleum| Earth & Marine Sciences| Materials Science| Physics & Astronomy| Geophysics| Geology,37| 36,Physical Sciences| Engineering,40,Engineering,4016| 4019| 4017,Materials engineering| Resources engineering and extractive metallurgy| Mechanical engineering,-,Ionic Liquids in Catalysis and Extraction Processes,424,80.052,Electrodeposition Techniques in Ionic Liquid Systems,13603,73.162,Very Good,Nacional,2.0
"Palomar-Pardavé, Manuel Eduardo",6603788018,"Simultaneous electrochemical quantification of naproxen, acetaminophen and diclofenac using a bare carbon paste electrode","Guzmán-Hernández, D.S.| Martínez-Cruz, M.A.| Ramírez-Silva, M.T.| Romero-Romo, M.| Corona-Avendaño, S.| Mendoza-Huizar, L.H.| Palomar-Pardavé, M.",7.0,35195662800| 57191961664| 6603801645| 6602576873| 6507494250| 6507875400| 6603788018,2016.0,2016-11-28,Analytical Methods,8,44,7868-7872,-,ISSN-17599660,19700175229.0,Journal,Royal Society of Chemistry,English,0.64,52,3.3,16,0.595,19,1.72,83.0,13.0,0.4,7.46,36.0,51.0,0.0,0.0,"Guzmán-Hernández, D.S., Martínez-Cruz, M.A., Ramírez-Silva, M.T. and 4 more (...) (2016).Simultaneous electrochemical quantification of naproxen, acetaminophen and diclofenac using a bare carbon paste electrode. Analytical Methods,8(44) 7868-7872",https://www.scopus.com/record/display.url?eid=2-s2.0-84995480743&origin=resultslist,10.1039/c6ay02691e,Article,,2-s2.0-84995480743,-,Consejo Nacional de Ciencia y Tecnologia Mexico| Universidad Autónoma Metropolitana| Universidad Autonoma del Estado de Hidalgo,704696| 505017| 505050,Academic| Government,3.0,60027998| 60028381| 60023193| 60027135,"Secretaría de Ciencia, Humanidades, Tecnología e Innovación| Universidad Autónoma Metropolitana -Unidad Iztapalapa| Universidad Autónoma Metropolitana - Azcapotzalco| Universidad Autónoma del Estado de Hidalgo",35195662800,6603788018,6603801645,-,Mexico,1.0,1500| 1602| 2200,General Chemical Engineering| Analytical Chemistry| General Engineering,4| 2,Natural Sciences| Engineering & Technology,219| 409,Engineering - Chemical| Chemistry,36| 37,Engineering| Physical Sciences,34| 40,Chemical Sciences| Engineering,3401| 4004,Analytical chemistry| Chemical engineering,-,Electrochemical Sensors and Molecular Imprinting Techniques,718,81.949,Electrochemical Detection Methods for Diclofenac Analysis,41294,74.616,Defensible,Nacional,3.0
"Palomar-Pardavé, Manuel Eduardo",6603788018,Quinizarin characterization and quantification in aqueous media using UV-VIS spectrophotometry and cyclic voltammetry,"Rivas-Sánchez, A.K.| Guzmán-Hernández, D.S.| Ramírez-Silva, M.T.| Romero-Romo, M.| Palomar-Pardavé, M.",5.0,57218602328| 35195662800| 6603801645| 6602576873| 6603788018,2021.0,2021-01-01,Dyes and Pigments,184,-,-,108641,ISSN-01437208,23502.0,Journal,Elsevier Ltd,English,0.88,39,8.1,12,0.699,24,1.52,71.0,13.0,0.53,15.09,30.0,46.0,0.0,0.0,"Rivas-Sánchez, A.K., Guzmán-Hernández, D.S., Ramírez-Silva, M.T. and 2 more (...) (2021).Quinizarin characterization and quantification in aqueous media using UV-VIS spectrophotometry and cyclic voltammetry. Dyes and Pigments,184",https://www.scopus.com/record/display.url?eid=2-s2.0-85089741407&origin=resultslist,10.1016/j.dyepig.2020.108641,Article,,2-s2.0-85089741407,-,Consejo Nacional de Ciencia y Tecnologia Mexico| Universidad Autónoma Metropolitana,704696| 505017,Government| Academic,2.0,60028381| 60027998| 60023193,"Universidad Autónoma Metropolitana -Unidad Iztapalapa| Secretaría de Ciencia, Humanidades, Tecnología e Innovación| Universidad Autónoma Metropolitana - Azcapotzalco",57218602328,6603788018,6603801645,-,Mexico,1.0,1500| 1508,General Chemical Engineering| Process Chemistry and Technology,2,Engineering & Technology,219| 249,Engineering - Chemical| Engineering - Petroleum,36,Engineering,34,Chemical Sciences,3406| 3403,Physical chemistry| Macromolecular and materials chemistry,-,Microbial Solutions for Hydrocarbon Biodegradation,308,83.322,Ethanol Influence on Groundwater Biodegradation Dynamics,69957,33.164,Defensible,Nacional,2.0
"Palomar-Pardavé, Manuel Eduardo",6603788018,Electrochemical Nucleation and Growth of Pd-Co Alloy Nanoparticles from the Reline Deep Eutectic Solvent,"Landa-Castro, M.| Romero-Romo, M.| Arce-Estrada, E.| Morales-Gil, P.| de Oca-Yemha, M.G.M.| Palomar-Pardavé, M.",6.0,57215664864| 6602576873| 8413430200| 56117026900| 55368334500| 6603788018,2022.0,2022-09-01,Journal of the Electrochemical Society,169,9,-,092521,ISSN-00134651,25169.0,Journal,Institute of Physics,English,0.89,37,7.2,16,0.954,17,1.23,28.0,12.0,0.76,14.56,26.0,37.0,0.0,0.0,"Landa-Castro, M., Romero-Romo, M., Arce-Estrada, E. and 3 more (...) (2022).Electrochemical Nucleation and Growth of Pd-Co Alloy Nanoparticles from the Reline Deep Eutectic Solvent. Journal of the Electrochemical Society,169(9) ",https://www.scopus.com/record/display.url?eid=2-s2.0-85139942272&origin=resultslist,10.1149/1945-7111/ac91fa,Article,,2-s2.0-85139942272,-,Universidad Autónoma Metropolitana| Instituto Politécnico Nacional| Instituto Mexicano del Petroleo,505017| 505011| 505005,Academic| Government,3.0,60023193| 60019176| 60006489| 60019271,Universidad Autónoma Metropolitana - Azcapotzalco| Instituto Politécnico Nacional| Escuela Superior de Ingenieria Quimica e Industrias Extractivas| Instituto Mexicano Del Petroleo,57215664864,6603788018,-,-,Mexico,1.0,1603| 2105| 2504| 2505| 2508| 3104,"Electrochemistry| Renewable Energy, Sustainability and the Environment| Electronic, Optical and Magnetic Materials| Materials Chemistry| Surfaces, Coatings and Films| Condensed Matter Physics",2| 4,Engineering & Technology| Natural Sciences,221| 433| 409| 439,Engineering - Electrical & Electronic| Materials Science| Chemistry| Physics & Astronomy,37| 36,Physical Sciences| Engineering,34| 40,Chemical Sciences| Engineering,3406| 4016,Physical chemistry| Materials engineering,-,Fuel Cells and Polymer Electrolytes,79,97.646,Catalytic Innovations in Formic Acid Fuel Cells,13583,92.101,Defensible,Nacional,3.0
"Palomar-Pardavé, Manuel Eduardo",6603788018,Electrodeposition of nanostructured chromium conglomerates from Cr(III) dissolved in a deep eutectic solvent: Influence of forced convection,"Mejía-Caballero, I.| Le Manh, T.| Aldana-González, J.| Arce-Estrada, E.M.| Romero-Romo, M.| Campos-Silva, I.| Ramírez-Silva, M.T.| Palomar-Pardavé, M.",8.0,56182243500| 57205572924| 55842149700| 8413430200| 6602576873| 56682127800| 6603801645| 6603788018,2021.0,2021-11-01,Journal of the Electrochemical Society,168,11,-,112512,ISSN-00134651,25169.0,Journal,IOP Publishing Ltd,English,0.94,35,7,16,1.066,12,1.8,56.0,12.0,0.39,15.21,32.0,54.0,0.0,0.0,"Mejía-Caballero, I., Le Manh, T., Aldana-González, J. and 5 more (...) (2021).Electrodeposition of nanostructured chromium conglomerates from Cr(III) dissolved in a deep eutectic solvent: Influence of forced convection. Journal of the Electrochemical Society,168(11) ",https://www.scopus.com/record/display.url?eid=2-s2.0-85121099642&origin=resultslist,10.1149/1945-7111/ac39d7,Article,,2-s2.0-85121099642,-,Phenikaa University| Universidad Autónoma Metropolitana| Instituto Politécnico Nacional,716231| 505017| 505011,Academic,3.0,60023193| 60019176| 60112782| 60028381,Universidad Autónoma Metropolitana - Azcapotzalco| Instituto Politécnico Nacional| Phenikaa University| Universidad Autónoma Metropolitana -Unidad Iztapalapa,56182243500,6603788018,56182243500| 6603788018,-,Mexico| Viet Nam,2.0,1603| 2105| 2504| 2505| 2508,"Electrochemistry| Renewable Energy, Sustainability and the Environment| Electronic, Optical and Magnetic Materials| Materials Chemistry| Surfaces, Coatings and Films",2| 4,Engineering & Technology| Natural Sciences,221| 409| 433,Engineering - Electrical & Electronic| Chemistry| Materials Science,36| 37,Engineering| Physical Sciences,34| 40,Chemical Sciences| Engineering,3406| 4016,Physical chemistry| Materials engineering,-,Biomass Conversion and Catalytic Innovations,49,98.103,Natural Deep Eutectic Solvents in Extraction Applications,2617,99.885,Very Good,Internacional,2.0
"Palomar-Pardavé, Manuel Eduardo",6603788018,Construction and Optimization of a Novel Acetylcholine Ion-Selective Electrode and its Application for Trace Level Determination of Propoxur Pesticide,"Juárez-Gómez, J.| Ramírez-Silva, M.T.| Guzmán-Hernández, D.| Romero-Romo, M.| Palomar-Pardavé, M.",5.0,35758590500| 6603801645| 35195662800| 6602576873| 6603788018,2020.0,2020-01-05,Journal of the Electrochemical Society,167,8,-,087501,ISSN-00134651,25169.0,Journal,Institute of Physics Publishing,English,1,32,6.6,13,1.258,10,0.89,27.0,11.0,0.66,15.09,38.0,39.0,0.0,0.0,"Juárez-Gómez, J., Ramírez-Silva, M.T., Guzmán-Hernández, D. and 2 more (...) (2020).Construction and Optimization of a Novel Acetylcholine Ion-Selective Electrode and its Application for Trace Level Determination of Propoxur Pesticide. Journal of the Electrochemical Society,167(8) ",https://www.scopus.com/record/display.url?eid=2-s2.0-85084765872&origin=resultslist,10.1149/1945-7111/ab8874,Article,,2-s2.0-85084765872,-,Universidad Autónoma Metropolitana,505017,Academic,1.0,60028381| 60023193,Universidad Autónoma Metropolitana -Unidad Iztapalapa| Universidad Autónoma Metropolitana - Azcapotzalco,35758590500,6603788018,-,-,Mexico,1.0,1603| 2105| 2504| 2505| 2508,"Electrochemistry| Renewable Energy, Sustainability and the Environment| Electronic, Optical and Magnetic Materials| Materials Chemistry| Surfaces, Coatings and Films",2| 4,Engineering & Technology| Natural Sciences,409| 433| 221,Chemistry| Materials Science| Engineering - Electrical & Electronic,37| 36,Physical Sciences| Engineering,34| 40,Chemical Sciences| Engineering,4016| 3406,Materials engineering| Physical chemistry,-,Nanozymes and Pesticide Residue Detection Methods,579,92.74,Pesticide Residue Detection in Food Matrices,812,97.946,Defensible,UAM,1.0
"Palomar-Pardavé, Manuel Eduardo",6603788018,Electrochemical Nucleation and Growth of Cobalt after Leaching Waste Lithium-Ion Batteries Using a Deep Eutectic Solvent,"Aldana-González, J.| Sampayo-Garrido, A.| Hernández-Pérez, D.| de Oca-Yemha, M.G.M.| Arce-Estrada, E.M.| Ramírez-Silva, M.T.| Morales-Gil, P.| Romero-Romo, M.| Mugica-Álvarez, V.| Palomar-Pardavé, M.",10.0,55842149700| 57209195568| 57934060800| 55368334500| 8413430200| 6603801645| 56117026900| 6602576873| 57204835583| 6603788018,2022.0,2022-10-01,Journal of the Electrochemical Society,169,10,-,102504,ISSN-00134651,25169.0,Journal,Institute of Physics,English,0.89,37,7.2,16,0.954,17,1.97,47.0,11.0,0.62,14.56,28.0,43.0,0.0,0.0,"Aldana-González, J., Sampayo-Garrido, A., Hernández-Pérez, D. and 7 more (...) (2022).Electrochemical Nucleation and Growth of Cobalt after Leaching Waste Lithium-Ion Batteries Using a Deep Eutectic Solvent. Journal of the Electrochemical Society,169(10) ",https://www.scopus.com/record/display.url?eid=2-s2.0-85140234846&origin=resultslist,10.1149/1945-7111/ac96b3,Article,,2-s2.0-85140234846,-,Universidad Autónoma Metropolitana| Instituto Politécnico Nacional| Instituto Mexicano del Petroleo,505017| 505011| 505005,Academic| Government,3.0,60023193| 60019176| 60006489| 60028381| 60019271,Universidad Autónoma Metropolitana - Azcapotzalco| Instituto Politécnico Nacional| Escuela Superior de Ingenieria Quimica e Industrias Extractivas| Universidad Autónoma Metropolitana -Unidad Iztapalapa| Instituto Mexicano Del Petroleo,55842149700,6603788018,-,-,Mexico,1.0,1603| 2105| 2504| 2505| 2508| 3104,"Electrochemistry| Renewable Energy, Sustainability and the Environment| Electronic, Optical and Magnetic Materials| Materials Chemistry| Surfaces, Coatings and Films| Condensed Matter Physics",4| 2,Natural Sciences| Engineering & Technology,433| 439| 409| 221,Materials Science| Physics & Astronomy| Chemistry| Engineering - Electrical & Electronic,37| 36,Physical Sciences| Engineering,34| 40,Chemical Sciences| Engineering,3406| 4016,Physical chemistry| Materials engineering,SDG 7| SDG 12,Ion Exchange and Lithium Recovery,486,91.563,Recycling Innovations for Lithium-Ion Battery Sustainability,6483,99.925,Very Good,Nacional,3.0
"Palomar-Pardavé, Manuel Eduardo",6603788018,Heat removal analysis on steel billets and slabs produced by continuous casting using numerical simulation,"Ramírez-López, A.| Muñoz-Negrón, D.| Palomar-Pardavé, M.| Romero-Romo, M.A.| Gonzalez-Trejo, J.",5.0,56000891100| 7103163220| 6603788018| 6602576873| 57254140000,2017.0,2017-11-01,International Journal of Advanced Manufacturing Technology,93,5-8,1545-1565,-,ISSN-02683768,20428.0,Journal,Springer London,English,1.74,8,3.5,18,0.994,14,1.47,46.0,10.0,0.27,11.05,42.0,59.0,0.0,0.0,"Ramírez-López, A., Muñoz-Negrón, D., Palomar-Pardavé, M. and 2 more (...) (2017).Heat removal analysis on steel billets and slabs produced by continuous casting using numerical simulation. International Journal of Advanced Manufacturing Technology,93(5-8) 1545-1565",https://www.scopus.com/record/display.url?eid=2-s2.0-85020523816&origin=resultslist,10.1007/s00170-017-0556-y,Article,Hybrid gold,2-s2.0-85020523816,-,Mexico Autonomous Institute of Technology| Universidad Autónoma Metropolitana,703438| 505017,Academic,2.0,60030473| 60023193,ITAM - Instituto Tecnológico Autónomo de México| Universidad Autónoma Metropolitana - Azcapotzalco,56000891100,57254140000,56000891100,-,Mexico,1.0,1706| 1712| 2207| 2209| 2210,Computer Science Applications| Software| Control and Systems Engineering| Industrial and Manufacturing Engineering| Mechanical Engineering,2,Engineering & Technology,212| 213| 222,Computer Science & Information Systems| Data Science| Engineering - Mechanical,38| 36,Computer Science| Engineering,40| 49| 46,Engineering| Mathematical Sciences| Information And Computing Sciences,-,-,SDG 9,Steel Production and Quality Control,1052,21.779,Optimization of Continuous Casting Processes in Steel Production,7009,81.035,Definitive,Nacional,2.0
"Palomar-Pardavé, Manuel Eduardo",6603788018,Taking advantage of CTAB micelles for the simultaneous electrochemical quantification of diclofenac and acetaminophen in aqueous media,"Guzmán-Hernández, D.S.| Cid-Cerón, M.M.| Romero-Romo, M.| Ramírez-Silva, M.T.| Páez-Hernández, M.E.| Corona-Avendaño, S.| Palomar-Pardavé, M.",7.0,35195662800| 56667658300| 6602576873| 6603801645| 56000741200| 6507494250| 6603788018,2017.0,2017-01-01,RSC Advances,7,64,40401-40410,-,ISSN-20462069,21100199840.0,Journal,Royal Society of Chemistry,English,0.74,46,5.5,12,0.863,17,1.38,50.0,10.0,0.25,12.2,42.0,60.0,0.0,0.0,"Guzmán-Hernández, D.S., Cid-Cerón, M.M., Romero-Romo, M. and 4 more (...) (2017).Taking advantage of CTAB micelles for the simultaneous electrochemical quantification of diclofenac and acetaminophen in aqueous media. RSC Advances,7(64) 40401-40410",https://www.scopus.com/record/display.url?eid=2-s2.0-85028001387&origin=resultslist,10.1039/c7ra07269d,Article,Gold,2-s2.0-85028001387,-,Consejo Nacional de Ciencia y Tecnologia Mexico| Universidad Autónoma Metropolitana| Universidad Autonoma del Estado de Hidalgo,704696| 505017| 505050,Government| Academic,3.0,60027998| 60028381| 60023193| 60027135,"Secretaría de Ciencia, Humanidades, Tecnología e Innovación| Universidad Autónoma Metropolitana -Unidad Iztapalapa| Universidad Autónoma Metropolitana - Azcapotzalco| Universidad Autónoma del Estado de Hidalgo",35195662800,6603788018,6603801645,-,Mexico,1.0,1500| 1600,General Chemical Engineering| General Chemistry,2| 4,Engineering & Technology| Natural Sciences,219| 409,Engineering - Chemical| Chemistry,37| 36,Physical Sciences| Engineering,34,Chemical Sciences,-,-,-,Electrochemical Sensors and Molecular Imprinting Techniques,718,81.949,Electrochemical Detection of Paracetamol Using Nanoparticles,13882,94.99,Defensible,Nacional,3.0
"Palomar-Pardavé, Manuel Eduardo",6603788018,Nucleation kinetics and contact angles of silver clusters electrodeposited on indium tin oxide surfaces,"Branco, P.D.| Saavedra, K.| Palomar-Pardavé, M.| Borrás, C.| Mostany, J.| Scharifker, B.R.",6.0,57198014477| 57193078297| 6603788018| 7004830982| 57201663285| 7003360786,2016.0,2016-03-15,Journal of Electroanalytical Chemistry,765,-,140-148,-,ISSN-15726657,9500154039.0,Journal,Elsevier B.V.,English,0.87,36,4.6,15,0.752,20,1.38,52.0,10.0,0.36,11.0,42.0,53.0,0.0,0.0,"Branco, P.D., Saavedra, K., Palomar-Pardavé, M. and 3 more (...) (2016).Nucleation kinetics and contact angles of silver clusters electrodeposited on indium tin oxide surfaces. Journal of Electroanalytical Chemistry,765140-148",https://www.scopus.com/record/display.url?eid=2-s2.0-84960811484&origin=resultslist,10.1016/j.jelechem.2015.10.011,Article,,2-s2.0-84960811484,-,"Universidad Simón Bolívar| Universidad Autónoma Metropolitana| Universidad Metropolitana| Ghent University| Petróleos de Venezuela, S.A.",607005| 505017| 703471| 303004| 720365,Academic,5.0,60026438| 60023193| 60013063| 60033316| 60007766,"Universidad Simón Bolívar| Universidad Autónoma Metropolitana - Azcapotzalco| Universidad Metropolitana, Caracas| Universiteit Gent| PDVSA",57198014477,7003360786,57201663285,-,Belgium| Mexico| Venezuela,3.0,1500| 1602| 1603,General Chemical Engineering| Analytical Chemistry| Electrochemistry,2| 4,Engineering & Technology| Natural Sciences,409| 219,Chemistry| Engineering - Chemical,37| 36,Physical Sciences| Engineering,34,Chemical Sciences,3401| 3406,Analytical chemistry| Physical chemistry,-,Electrodeposition Techniques for Enhanced Coating Properties,1019,29.627,Electrodeposition Mechanisms in Nanostructured Materials,15817,78.905,Definitive,Internacional,1.0
"Palomar-Pardavé, Manuel Eduardo",6603788018,Mechanism and kinetics of Gold Nanoparticles Electrodeposited from Au (III) Ions Dissolved in a Deep Eutectic Solvent and Its Analytical Performance Towards Dopamine Quantification,"Godoy-Colin, E.| Corona-Avendaño, S.| Ramírez-Silva, M.T.| Aldana-Gonzalez, J.| Vázquez-Huerta, G.| Ángeles-Beltrán, D.| Romero-Romo, M.| Palomar-Pardavé, M.",8.0,57898291000| 6507494250| 6603801645| 55842149700| 56002702300| 15049353600| 6602576873| 6603788018,2022.0,2022-09-01,Journal of the Electrochemical Society,169,9,-,092506,ISSN-00134651,25169.0,Journal,Institute of Physics,English,0.89,37,7.2,16,0.954,17,1.93,44.0,9.0,0.55,14.56,33.0,46.0,0.0,0.0,"Godoy-Colin, E., Corona-Avendaño, S., Ramírez-Silva, M.T. and 5 more (...) (2022).Mechanism and kinetics of Gold Nanoparticles Electrodeposited from Au (III) Ions Dissolved in a Deep Eutectic Solvent and Its Analytical Performance Towards Dopamine Quantification. Journal of the Electrochemical Society,169(9) ",https://www.scopus.com/record/display.url?eid=2-s2.0-85138444009&origin=resultslist,10.1149/1945-7111/ac8d31,Article,,2-s2.0-85138444009,-,Universidad Autónoma Metropolitana,505017,Academic,1.0,60023193| 60028381,Universidad Autónoma Metropolitana - Azcapotzalco| Universidad Autónoma Metropolitana -Unidad Iztapalapa,57898291000,6603788018,57898291000,-,Mexico,1.0,1603| 2105| 2504| 2505| 2508| 3104,"Electrochemistry| Renewable Energy, Sustainability and the Environment| Electronic, Optical and Magnetic Materials| Materials Chemistry| Surfaces, Coatings and Films| Condensed Matter Physics",4| 2,Natural Sciences| Engineering & Technology,433| 221| 409| 439,Materials Science| Engineering - Electrical & Electronic| Chemistry| Physics & Astronomy,36| 37,Engineering| Physical Sciences,34| 40,Chemical Sciences| Engineering,3406| 4016,Physical chemistry| Materials engineering,-,Electrodeposition Techniques for Enhanced Coating Properties,1019,29.627,Electrodeposition Mechanisms in Nanostructured Materials,15817,78.905,Defensible,UAM,1.0
"Palomar-Pardavé, Manuel Eduardo",6603788018,On the Curcumin and β-Cyclodextrin Interaction in Aqueous Media. Spectrophotometric and Electrochemical Study,"Martínez-Guerra, J.| Palomar-Pardavé, M.| Romero-Romo, M.| Corona-Avendaño, S.| Guzmán-Hernández, D.-S.| Rojas-Hernández, A.| Ramírez-Silva, M.T.",7.0,57209586150| 6603788018| 6602576873| 6507494250| 35195662800| 7004253053| 6603801645,2022.0,2022-04-11,ChemElectroChem,9,7,-,e202101534,ISSN-21960216,21100399828.0,Journal,John Wiley and Sons Inc,English,0.63,54,8,27,1.024,23,2.15,51.0,9.0,0.48,18.6,33.0,50.0,0.0,0.0,"Martínez-Guerra, J., Palomar-Pardavé, M., Romero-Romo, M. and 4 more (...) (2022).On the Curcumin and β-Cyclodextrin Interaction in Aqueous Media. Spectrophotometric and Electrochemical Study. ChemElectroChem,9(7) ",https://www.scopus.com/record/display.url?eid=2-s2.0-85128198731&origin=resultslist,10.1002/celc.202101534,Article,,2-s2.0-85128198731,-,Consejo Nacional de Ciencia y Tecnologia Mexico| Universidad Autónoma Metropolitana,704696| 505017,Government| Academic,2.0,60028381| 60023193| 60027998,"Universidad Autónoma Metropolitana -Unidad Iztapalapa| Universidad Autónoma Metropolitana - Azcapotzalco| Secretaría de Ciencia, Humanidades, Tecnología e Innovación",57209586150,6603801645,6603788018| 6603801645,-,Mexico,1.0,1503| 1603,Catalysis| Electrochemistry,4| 2,Natural Sciences| Engineering & Technology,219| 409| 249,Engineering - Chemical| Chemistry| Engineering - Petroleum,36| 37,Engineering| Physical Sciences,34,Chemical Sciences,3406| 3405| 3403,Physical chemistry| Organic chemistry| Macromolecular and materials chemistry,-,Flavonoids and Their Impact on Health,124,91.825,Curcumin's Multifaceted Impact on Cancer Therapy,140,99.494,Very Good,Nacional,2.0
"Palomar-Pardavé, Manuel Eduardo",6603788018,On the Corrosion Mechanism of Borided X12CrNiMoV12-3 Steel Immersed in a Neutral Aqueous Solution Containing Chloride and Sulfate Ions,"Mejía-Caballero, I.| Escobar-Martínez, C.| Palomar-Pardavé, M.| Le Manh, T.| Romero-Romo, M.| Rodríguez-Clemente, E.| Lartundo-Rojas, L.| Campos-Silva, I.",8.0,56182243500| 57217178912| 6603788018| 57205572924| 6602576873| 54881302600| 57455354200| 56682127800,2020.0,2020-09-01,Metallurgical and Materials Transactions A: Physical Metallurgy and Materials Science,51,9,4868-4879,-,ISSN-10735623,27356.0,Journal,Springer,English,1.19,23,4,18,0.862,13,1.57,43.0,9.0,0.42,11.97,42.0,51.0,0.0,0.0,"Mejía-Caballero, I., Escobar-Martínez, C., Palomar-Pardavé, M. and 5 more (...) (2020).On the Corrosion Mechanism of Borided X12CrNiMoV12-3 Steel Immersed in a Neutral Aqueous Solution Containing Chloride and Sulfate Ions. Metallurgical and Materials Transactions A: Physical Metallurgy and Materials Science,51(9) 4868-4879",https://www.scopus.com/record/display.url?eid=2-s2.0-85086655641&origin=resultslist,10.1007/s11661-020-05869-z,Article,,2-s2.0-85086655641,-,Phenikaa University| Universidad Autónoma Metropolitana| Instituto Politécnico Nacional,716231| 505017| 505011,Academic,3.0,60019176| 60023193| 60112782| 120896599,Instituto Politécnico Nacional| Universidad Autónoma Metropolitana - Azcapotzalco| Phenikaa University| Phenikaa Research and Technology Institute (PRATI),56182243500,56682127800,56682127800,-,Mexico| Viet Nam,2.0,2211| 2506| 3104,Mechanics of Materials| Metals and Alloys| Condensed Matter Physics,4| 2,Natural Sciences| Engineering & Technology,222| 439| 433,Engineering - Mechanical| Physics & Astronomy| Materials Science,37| 36,Physical Sciences| Engineering,40,Engineering,4016| 4017,Materials engineering| Mechanical engineering,-,High Entropy Alloys and Advanced Coating Technologies,404,96.926,Enhancing Surface Properties through Boride Layers,10390,91.242,Definitive,Internacional,2.0
"Palomar-Pardavé, Manuel Eduardo",6603788018,Spectrophotometric quantification of the thermodynamic constants of the complexes formed by dopamine and Cu(II) in aqueous media,"Verastegui-Omaña, B.| Palomar-Pardavé, M.| Rojas-Hernández, A.| Corona Avendaño, S.| Romero-Romo, M.| Ramírez-Silva, M.T.",6.0,56529554300| 6603788018| 7004253053| 6507494250| 6602576873| 6603801645,2015.0,2015-05-15,Spectrochimica Acta - Part A: Molecular and Biomolecular Spectroscopy,143,-,187-191,-,ISSN-13861425,24530.0,Journal,Elsevier,English,1.21,20,4,17,0.709,23,2.09,62.0,9.0,0.36,8.26,44.0,52.0,0.0,0.0,"Verastegui-Omaña, B., Palomar-Pardavé, M., Rojas-Hernández, A. and 3 more (...) (2015).Spectrophotometric quantification of the thermodynamic constants of the complexes formed by dopamine and Cu(II) in aqueous media. Spectrochimica Acta - Part A: Molecular and Biomolecular Spectroscopy,143187-191",https://www.scopus.com/record/display.url?eid=2-s2.0-84923608327&origin=resultslist,10.1016/j.saa.2015.01.067,Article,,2-s2.0-84923608327,25727295,Universidad Autónoma Metropolitana,505017,Academic,1.0,60028381| 60023193,Universidad Autónoma Metropolitana -Unidad Iztapalapa| Universidad Autónoma Metropolitana - Azcapotzalco,56529554300,6603801645,6603801645,-,Mexico,1.0,1602| 1607| 3105| 3107,"Analytical Chemistry| Spectroscopy| Instrumentation| Atomic and Molecular Physics, and Optics",4,Natural Sciences,439| 409,Physics & Astronomy| Chemistry,37,Physical Sciences,34,Chemical Sciences,3406| 3401| 3403,Physical chemistry| Analytical chemistry| Macromolecular and materials chemistry,-,Electrochemical Sensors and Molecular Imprinting Techniques,718,81.949,Electrochemical Sensors for Dopamine and Ascorbic Acid Detection,2242,98.947,Defensible,UAM,1.0
"Palomar-Pardavé, Manuel Eduardo",6603788018,"Electrophilic and nucleophilic chemical reactivity of neutral and anionic forms of 4-CPA, 24D-CPA, 34-CPA and 245T-CPA through conceptual DFT reactivity descriptors","Mendoza-Huizar, L.H.| Rios-Reyes, C.H.| Álvarez-Romero, G.A.| Palomar-Pardavé, M.E.| Ramírez-Silva, M.T.",5.0,6507875400| 56013701100| 55995905400| 6603788018| 6603801645,2017.0,2017-03-01,Journal of the Chilean Chemical Society,62,1,3411-3416,-,ISSN-07179324,23432.0,Journal,Sociedad Chilena de Quimica,English,0.33,75,0.8,74,0.201,71,0.79,23.0,8.0,0.07,14.58,46.0,72.0,0.0,0.0,"Mendoza-Huizar, L.H., Rios-Reyes, C.H., Álvarez-Romero, G.A. and 2 more (...) (2017).Electrophilic and nucleophilic chemical reactivity of neutral and anionic forms of 4-CPA, 24D-CPA, 34-CPA and 245T-CPA through conceptual DFT reactivity descriptors. Journal of the Chilean Chemical Society,62(1) 3411-3416",https://www.scopus.com/record/display.url?eid=2-s2.0-85019432390&origin=resultslist,10.4067/S0717-97072017000100022,Article,Gold|Green,2-s2.0-85019432390,-,Universidad Autónoma Metropolitana| Universidad Autonoma del Estado de Hidalgo,505017| 505050,Academic,2.0,60027135| 60023193| 60028381,Universidad Autónoma del Estado de Hidalgo| Universidad Autónoma Metropolitana - Azcapotzalco| Universidad Autónoma Metropolitana -Unidad Iztapalapa,6507875400,6603801645,-,-,Mexico,1.0,1600,General Chemistry,4,Natural Sciences,409,Chemistry,37,Physical Sciences,34,Chemical Sciences,-,-,-,Quantum Chemistry and Molecular Interaction Insights,8,83.453,Conceptual Framework of Chemical Reactivity and Electronegativity,4614,87.536,Very Good,Nacional,2.0
"Palomar-Pardavé, Manuel Eduardo",6603788018,On the transition from 2 to 3D nucleation during the potentiostatic Zn electrodeposition from reline deep eutectic solvent,"Vidal-García, G.| Aldana-González, J.| Romero-Romo, M.| Ramírez-Silva, M.T.| Teutli-León, M.M.M.| Hernández‑Pérez, D.| Mostany, J.| Scharifker, B.R.| Palomar-Pardavé, M.",9.0,57578398400| 55842149700| 6602576873| 6603801645| 55989662500| 58538879000| 57201663285| 7003360786| 6603788018,2024.0,2024-05-01,Journal of Solid State Electrochemistry,28,5,1631-1639,-,ISSN-14328488,25199.0,Journal,Springer Science and Business Media Deutschland GmbH,English,0.58,58,4.6,33,0.552,38,1.95,42.0,8.0,0.92,8.66,18.0,32.0,0.0,0.0,"Vidal-García, G., Aldana-González, J., Romero-Romo, M. and 6 more (...) (2024).On the transition from 2 to 3D nucleation during the potentiostatic Zn electrodeposition from reline deep eutectic solvent. Journal of Solid State Electrochemistry,28(5) 1631-1639",https://www.scopus.com/record/display.url?eid=2-s2.0-85168093273&origin=resultslist,10.1007/s10008-023-05623-6,Article,,2-s2.0-85168093273,-,Benemerita Universidad Autonoma de Puebla| Universidad Simón Bolívar| Universidad Autónoma Metropolitana,505001| 607005| 505017,Academic,3.0,60023193| 60024830| 60028381| 60026438,Universidad Autónoma Metropolitana - Azcapotzalco| Benemérita Universidad Autónoma de Puebla| Universidad Autónoma Metropolitana -Unidad Iztapalapa| Universidad Simón Bolívar,57578398400,6603788018,6603788018,-,Mexico| Venezuela,2.0,1603| 2102| 2208| 2500| 2505| 3104,Electrochemistry| Energy Engineering and Power Technology| Electrical and Electronic Engineering| General Materials Science| Materials Chemistry| Condensed Matter Physics,4| 2,Natural Sciences| Engineering & Technology,409| 249| 433| 439| 221,Chemistry| Engineering - Petroleum| Materials Science| Physics & Astronomy| Engineering - Electrical & Electronic,37| 36,Physical Sciences| Engineering,34,Chemical Sciences,3406| 3403,Physical chemistry| Macromolecular and materials chemistry,-,Electrodeposition Techniques for Enhanced Coating Properties,1019,29.627,Electrodeposition Mechanisms in Nanostructured Materials,15817,78.905,Definitive,Internacional,2.0
"Palomar-Pardavé, Manuel Eduardo",6603788018,"New 1-(2-pyridinyl)-2-(o-, m-, p-hydroxyphenyl) benzimidazoles as corrosion inhibitors for API 5L X52 steel in acid media","Rodriguez-Clemente, E.| Barrera-Pascual, V.| Cervantes-Cuevas, H.| Aldana-González, J.| Uruchurtu-Chavarin, J.| Romero-Romo, M.| Palomar-Pardavé, M.",7.0,54881302600| 57200917360| 6602858573| 55842149700| 6602981882| 6602576873| 6603788018,2018.0,2018-03-23,Anti-Corrosion Methods and Materials,65,2,166-175,-,ISSN-00035599,28982.0,Journal,Emerald Group Holdings Ltd.,English,0.45,68,0.9,69,0.183,71,0.91,29.0,7.0,0.22,13.53,49.0,63.0,0.0,0.0,"Rodriguez-Clemente, E., Barrera-Pascual, V., Cervantes-Cuevas, H. and 4 more (...) (2018).New 1-(2-pyridinyl)-2-(o-, m-, p-hydroxyphenyl) benzimidazoles as corrosion inhibitors for API 5L X52 steel in acid media. Anti-Corrosion Methods and Materials,65(2) 166-175",https://www.scopus.com/record/display.url?eid=2-s2.0-85042610637&origin=resultslist,10.1108/ACMM-06-2017-1811,Article,,2-s2.0-85042610637,-,Universidad Autonoma del Estado de Morelos| Universidad Autónoma Metropolitana,505016| 505017,Academic,2.0,60014923| 60025626,Universidad Autónoma Metropolitana| Universidad Autónoma del Estado de Morelos,54881302600,6603788018,6603788018,-,Mexico,1.0,1500| 2500,General Chemical Engineering| General Materials Science,2,Engineering & Technology,433| 219,Materials Science| Engineering - Chemical,36,Engineering,40,Engineering,4016,Materials engineering,-,Corrosion Inhibition Mechanisms in Metal Alloys,933,76.455,Corrosion Inhibitors for Steel Protection and Efficiency,2,99.891,Definitive,Nacional,2.0
"Palomar-Pardavé, Manuel Eduardo",6603788018,One-Step Ni-Co Alloy Nanoparticles Electrodeposition from Leach Liquor of Spent Ni-MH Batteries Using a Deep Eutectic Solvent and Its Use Towards Urea Electrooxidation,"Basilio-Brito, A.| Landa-Castro, M.| Sánchez-Ortiz, W.| Rivera-Hernández, S.| Romero-Romo, M.| Arce-Estrada, E.| Aldana-González, J.| Palomar-Pardavé, M.",8.0,58592767700| 57215664864| 56492999600| 56664376400| 6602576873| 8413430200| 55842149700| 6603788018,2023.0,2023-11-01,Electrocatalysis,14,6,869-874,-,ISSN-18682529,19600157794.0,Journal,Springer,English,0.55,59,4.8,48,0.546,54,1.5,31.0,7.0,0.48,14.52,31.0,49.0,0.0,0.0,"Basilio-Brito, A., Landa-Castro, M., Sánchez-Ortiz, W. and 5 more (...) (2023).One-Step Ni-Co Alloy Nanoparticles Electrodeposition from Leach Liquor of Spent Ni-MH Batteries Using a Deep Eutectic Solvent and Its Use Towards Urea Electrooxidation. Electrocatalysis,14(6) 869-874",https://www.scopus.com/record/display.url?eid=2-s2.0-85171420712&origin=resultslist,10.1007/s12678-023-00842-x,Article,,2-s2.0-85171420712,-,Universidad Autónoma Metropolitana| Instituto Politécnico Nacional,505017| 505011,Academic,2.0,60023193| 130210267| 60020223| 60019176| 60006489,Universidad Autónoma Metropolitana - Azcapotzalco| Ecatepec de Morelos| Universidad Tecnológica de México| Instituto Politécnico Nacional| Escuela Superior de Ingenieria Quimica e Industrias Extractivas,58592767700,6603788018,55842149700| 6603788018,-,Mexico,1.0,1603,Electrochemistry,4,Natural Sciences,409,Chemistry,37,Physical Sciences,34,Chemical Sciences,3406,Physical chemistry,-,Innovative Electrocatalysts for Energy Conversion Applications,242,99.869,Catalytic Innovations in Urea Electrooxidation Processes,60343,94.143,Definitive,Nacional,2.0
"Palomar-Pardavé, Manuel Eduardo",6603788018,Electrochemical and theoretical evaluation of dihydro-benzoimidazoquinazolines as corrosion inhibitors for API X-120 steel in acid medium,"Rodríguez-Clemente, E.| González-Nava, V.J.| Angeles-Beltran, D.| Humberto, C.-C.| Palomar-Pardavé, M.| Landeros-Martínez, L.L.| Flores-De los Ríos, J.P.| González-Rodríguez, J.G.",8.0,54881302600| 57955641300| 15049353600| 59181269200| 6603788018| 57191870988| 56406465400| 57204822503,2024.0,2024-11-15,Journal of Molecular Structure,1316,-,-,138824,ISSN-00222860,24642.0,Journal,Elsevier B.V.,English,1,30,8,16,0.628,32,0.48,6.0,7.0,1.0,7.0,21.0,29.0,0.0,0.0,"Rodríguez-Clemente, E., González-Nava, V.J., Angeles-Beltran, D. and 5 more (...) (2024).Electrochemical and theoretical evaluation of dihydro-benzoimidazoquinazolines as corrosion inhibitors for API X-120 steel in acid medium. Journal of Molecular Structure,1316",https://www.scopus.com/record/display.url?eid=2-s2.0-85196537788&origin=resultslist,10.1016/j.molstruc.2024.138824,Article,,2-s2.0-85196537788,-,"Tecnológico Nacional de México, Mexico City| Universidad Autonoma del Estado de Morelos| Universidad Autónoma Metropolitana| Centro de Investigacion y Desarrollo Tecnologico en Electroquimica| Instituto Tecnológico de Chihuahua| Universidad Autónoma de Chihuahua",719128| 505016| 505017| 703032| 717991| 713589,Academic,6.0,60023193| 60022916| 60020959| 60134870| 60025626| 60084247,Universidad Autónoma Metropolitana - Azcapotzalco| Universidad Autónoma de Chihuahua| Chihuahua Institute of Technology| Tecnológico Nacional de México| Universidad Autónoma del Estado de Morelos| Centro de Investigación y Desarrollo Tecnológico en Electroquímica S.C.,54881302600,57204822503,54881302600,-,Mexico,1.0,1602| 1604| 1605| 1607,Analytical Chemistry| Inorganic Chemistry| Organic Chemistry| Spectroscopy,2| 4,Engineering & Technology| Natural Sciences,409| 249,Chemistry| Engineering - Petroleum,37,Physical Sciences,34,Chemical Sciences,3402,Inorganic chemistry,-,Corrosion Inhibition Mechanisms in Metal Alloys,933,76.455,Corrosion Inhibitors for Steel Protection and Efficiency,2,99.891,Definitive,Nacional,6.0
"Palomar-Pardavé, Manuel Eduardo",6603788018,Spectrophotometric and electrochemical quantification of the host-guest interaction of tenoxicam and β-CD in aqueous solution at different pH values,"Guzmán-Hernández, D.S.| Ramírez-Silva, M.T.| Rojas-Hernández, A.| Corona-Avendaño, S.| Romero-Romo, M.| Palomar-Pardavé, M.",6.0,35195662800| 6603801645| 7004253053| 6507494250| 6602576873| 6603788018,2015.0,2015-01-01,Journal of Electroanalytical Chemistry,738,-,20-26,-,ISSN-15726657,9500154039.0,Journal,Elsevier B.V.,English,0.87,36,4.4,16,0.714,23,1.53,76.0,7.0,0.28,10.76,49.0,57.0,0.0,0.0,"Guzmán-Hernández, D.S., Ramírez-Silva, M.T., Rojas-Hernández, A. and 3 more (...) (2015).Spectrophotometric and electrochemical quantification of the host-guest interaction of tenoxicam and β-CD in aqueous solution at different pH values. Journal of Electroanalytical Chemistry,73820-26",https://www.scopus.com/record/display.url?eid=2-s2.0-84915808211&origin=resultslist,10.1016/j.jelechem.2014.10.031,Article,,2-s2.0-84915808211,-,Universidad Autónoma Metropolitana,505017,Academic,1.0,60028381| 60023193,Universidad Autónoma Metropolitana -Unidad Iztapalapa| Universidad Autónoma Metropolitana - Azcapotzalco,35195662800,6603788018,6603801645,-,Mexico,1.0,1500| 1602| 1603,General Chemical Engineering| Analytical Chemistry| Electrochemistry,4| 2,Natural Sciences| Engineering & Technology,219| 409,Engineering - Chemical| Chemistry,36| 37,Engineering| Physical Sciences,34,Chemical Sciences,3406| 3401,Physical chemistry| Analytical chemistry,-,Electrodeposition Techniques for Enhanced Coating Properties,1019,29.627,Electrodeposition Mechanisms in Nanostructured Materials,15817,78.905,Defensible,UAM,1.0
"Palomar-Pardavé, Manuel Eduardo",6603788018,Effect of carbonate and chloride ions on the corrosion susceptibility of pipeline steel samples artificially aged,"Gil, P.M.| Palomar-Pardavé, M.| de Oca-Yemha, M.G.M.| Ramírez-Silva, M.T.| Ángeles-Chávez, C.| Romero-Romo, M.",6.0,56117026900| 6603788018| 24399524500| 6603801645| 6602070278| 6602576873,2018.0,2018-01-01,International Journal of Electrochemical Science,13,2,1844-1858,-,ISSN-14523981,19200156944.0,Journal,Electrochemical Science Group,English,0.52,64,2.3,57,0.324,69,0.91,31.0,6.0,0.07,14.38,51.0,73.0,0.0,0.0,"Gil, P.M., Palomar-Pardavé, M., de Oca-Yemha, M.G.M. and 3 more (...) (2018).Effect of carbonate and chloride ions on the corrosion susceptibility of pipeline steel samples artificially aged. International Journal of Electrochemical Science,13(2) 1844-1858",https://www.scopus.com/record/display.url?eid=2-s2.0-85041923030&origin=resultslist,10.20964/2018.02.53,Article,Gold|Green,2-s2.0-85041923030,-,Universidad Autónoma Metropolitana| Instituto Mexicano del Petroleo,505017| 505005,Academic| Government,2.0,60019271| 60023193| 60028381,Instituto Mexicano Del Petroleo| Universidad Autónoma Metropolitana - Azcapotzalco| Universidad Autónoma Metropolitana -Unidad Iztapalapa,56117026900,6602576873,-,-,Mexico,1.0,1603,Electrochemistry,4,Natural Sciences,409,Chemistry,37,Physical Sciences,34,Chemical Sciences,3401| 3406,Analytical chemistry| Physical chemistry,-,Electrodeposition Techniques for Enhanced Coating Properties,1019,29.627,Electrodeposition Mechanisms in Nanostructured Materials,15817,78.905,Defensible,Nacional,2.0
"Palomar-Pardavé, Manuel Eduardo",6603788018,Electrochemical synthesis and characterization of high-purity cobalt nanostructures from CoCl2·6H2O dissolved in ethylene glycol-based nonaqueous solutions,"Thuy, H.T.T.| Ho, N.X.| Duy, V.N.| Thi, T.C.| Anh, T.P.| Morales-Gil, P.| Palomar-Pardave, M.| Van Hieu, N.| Chu, T.-X.| Le Manh, T.",10.0,57220074124| 57216934380| 56181990000| 57270648400| 58090360100| 56117026900| 6603788018| 37063946700| 56340758800| 57205572924,2024.0,2024-01-01,Journal of Solid State Electrochemistry,28,1,255-271,-,ISSN-14328488,25199.0,Journal,Springer Science and Business Media Deutschland GmbH,English,0.58,58,4.6,33,0.552,38,1.46,37.0,6.0,0.69,8.66,24.0,39.0,0.0,0.0,"Thuy, H.T.T., Ho, N.X., Duy, V.N. and 7 more (...) (2024).Electrochemical synthesis and characterization of high-purity cobalt nanostructures from CoCl2·6H2O dissolved in ethylene glycol-based nonaqueous solutions. Journal of Solid State Electrochemistry,28(1) 255-271",https://www.scopus.com/record/display.url?eid=2-s2.0-85171460635&origin=resultslist,10.1007/s10008-023-05680-x,Article,,2-s2.0-85171460635,-,"Hanoi University of Science and Technology| Phenikaa University| Vietnam National University, Hanoi| Universidad Autónoma Metropolitana| Instituto Mexicano del Petroleo",223001| 716231| 223002| 505017| 505005,Academic| Government,5.0,60112782| 60071364| 60023193| 60019271| 60071354| 60071404,"Phenikaa University| Vietnam National University, Hanoi| Universidad Autónoma Metropolitana - Azcapotzalco| Instituto Mexicano Del Petroleo| Hanoi University of Science and Technology| International Training Institute for Materials Science",57220074124,57205572924,57216934380| 57205572924,-,Mexico| Viet Nam,2.0,1603| 2102| 2208| 2500| 2505| 3104,Electrochemistry| Energy Engineering and Power Technology| Electrical and Electronic Engineering| General Materials Science| Materials Chemistry| Condensed Matter Physics,4| 2,Natural Sciences| Engineering & Technology,221| 439| 409| 433| 249,Engineering - Electrical & Electronic| Physics & Astronomy| Chemistry| Materials Science| Engineering - Petroleum,37| 36,Physical Sciences| Engineering,34,Chemical Sciences,3406| 3403,Physical chemistry| Macromolecular and materials chemistry,SDG 7,Electrodeposition Techniques for Enhanced Coating Properties,1019,29.627,Electrodeposition Techniques Using Deep Eutectic Solvents,37849,89.238,Definitive,Internacional,2.0
"Palomar-Pardavé, Manuel Eduardo",6603788018,Quercetin displacement caused by sodium dodecyl sulphate on inclusion complex quercetin-beta cyclodextrin in an acid environment,"Alva-Ensastegui, J.C.| Palomar-Pardavé, M.| Ramírez-Silva, M.T.| Aparicio-Gutierrez, N.",4.0,57201295949| 6603788018| 6603801645| 58016883400,2023.0,2023-03-01,Journal of Photochemistry and Photobiology A: Chemistry,436,-,-,114392,ISSN-10106030,26966.0,Journal,Elsevier B.V.,English,0.8,40,7.9,14,0.646,29,1.49,33.0,6.0,0.45,13.47,34.0,51.0,0.0,0.0,"Alva-Ensastegui, J.C., Palomar-Pardavé, M., Ramírez-Silva, M.T. and 1 more (...) (2023).Quercetin displacement caused by sodium dodecyl sulphate on inclusion complex quercetin-beta cyclodextrin in an acid environment. Journal of Photochemistry and Photobiology A: Chemistry,436",https://www.scopus.com/record/display.url?eid=2-s2.0-85141944204&origin=resultslist,10.1016/j.jphotochem.2022.114392,Article,,2-s2.0-85141944204,-,Universidad Autónoma Metropolitana,505017,Academic,1.0,60024080| 60023193| 60028381,Universidad Autónoma Metropolitana Unidad Cuajimalpa| Universidad Autónoma Metropolitana - Azcapotzalco| Universidad Autónoma Metropolitana -Unidad Iztapalapa,57201295949,58016883400,57201295949,-,Mexico,1.0,1500| 1600| 3100,General Chemical Engineering| General Chemistry| General Physics and Astronomy,2| 4,Engineering & Technology| Natural Sciences,219| 439| 409,Engineering - Chemical| Physics & Astronomy| Chemistry,36| 37,Engineering| Physical Sciences,31| 34| 40,Biological Sciences| Chemical Sciences| Engineering,-,-,-,Enzyme Immobilization Techniques for Enhanced Biocatalysis,722,72.073,Interactions of Cyclodextrins with Surfactants in Solutions,38738,59.74,Definitive,UAM,1.0
"Palomar-Pardavé, Manuel Eduardo",6603788018,Influence of the diffusion annealing process in the corrosion susceptibility of cobalt boride layer immersed in Hank's solution,"Delgado-Brito, A.M.| Mejía-Caballero, I.| Palomar-Pardavé, M.| Martínez-Trinidad, J.| Campos-Silva, I.",5.0,57205423170| 56182243500| 6603788018| 8432492800| 56682127800,2021.0,2021-09-15,Surface and Coatings Technology,421,-,-,127462,ISSN-02578972,24537.0,Journal,Elsevier B.V.,English,1.36,17,7.6,12,0.922,15,2.0,52.0,6.0,0.35,14.29,47.0,57.0,0.0,0.0,"Delgado-Brito, A.M., Mejía-Caballero, I., Palomar-Pardavé, M. and 2 more (...) (2021).Influence of the diffusion annealing process in the corrosion susceptibility of cobalt boride layer immersed in Hank's solution. Surface and Coatings Technology,421",https://www.scopus.com/record/display.url?eid=2-s2.0-85109433570&origin=resultslist,10.1016/j.surfcoat.2021.127462,Article,,2-s2.0-85109433570,-,Universidad Autónoma Metropolitana| Instituto Politécnico Nacional,505017| 505011,Academic,2.0,60019176| 60014923,Instituto Politécnico Nacional| Universidad Autónoma Metropolitana,57205423170,56682127800,56682127800,-,Mexico,1.0,1600| 2505| 2508| 3104| 3110,"General Chemistry| Materials Chemistry| Surfaces, Coatings and Films| Condensed Matter Physics| Surfaces and Interfaces",4,Natural Sciences,409| 439| 433,Chemistry| Physics & Astronomy| Materials Science,36| 37,Engineering| Physical Sciences,40| 51,Engineering| Physical Sciences,4016| 5104,Materials engineering| Condensed matter physics,-,High Entropy Alloys and Advanced Coating Technologies,404,96.926,Enhancing Surface Properties through Boride Layers,10390,91.242,Definitive,Nacional,2.0
"Palomar-Pardavé, Manuel Eduardo",6603788018,β-amino acid-derived triazols as corrosion inhibitors for API 5L X52 steel immersed in 1 M HCl,"Espinoza-Vazquez, A.| Rodríguez Gómez, F.J.| Juaristi, E.| Escudero-Casao, M.| Negrón-Silva, G.E.| Ángeles-Beltrán, D.| Palomar-Pardavé, M.",7.0,55662752400| 55597089610| 7004398428| 55420437400| 55662708000| 15049353600| 6603788018,2018.0,2018-08-01,International Journal of Electrochemical Science,13,8,7517-7531,-,ISSN-14523981,19200156944.0,Journal,Electrochemical Science Group,English,0.52,64,2.3,57,0.324,69,0.41,19.0,5.0,0.28,14.38,55.0,59.0,0.0,0.0,"Espinoza-Vazquez, A., Rodríguez Gómez, F.J., Juaristi, E. and 4 more (...) (2018).β-amino acid-derived triazols as corrosion inhibitors for API 5L X52 steel immersed in 1 M HCl. International Journal of Electrochemical Science,13(8) 7517-7531",https://www.scopus.com/record/display.url?eid=2-s2.0-85059881104&origin=resultslist,10.20964/2018.08.60,Article,Gold|Green,2-s2.0-85059881104,-,Centro de Investigacion y de Estudios Avanzados del Instituto Politécnico Nacional| Universidad Autónoma Metropolitana| Universidad Nacional Autónoma de México,505002| 505017| 505023,Academic| Government,3.0,60032442| 60023193| 60017323| 60108654,Universidad Nacional Autónoma de México| Universidad Autónoma Metropolitana - Azcapotzalco| Centro de Investigacion y de Estudios Avanzados del Instituto Politécnico Nacional| El Colegio Nacional,55662752400,6603788018,55662708000,-,Mexico,1.0,1603,Electrochemistry,4,Natural Sciences,409,Chemistry,37,Physical Sciences,34,Chemical Sciences,3406| 3401,Physical chemistry| Analytical chemistry,-,Corrosion Inhibition Mechanisms in Metal Alloys,933,76.455,Corrosion Inhibitors for Steel Protection and Efficiency,2,99.891,Definitive,Nacional,3.0
"Palomar-Pardavé, Manuel Eduardo",6603788018,"Modulating the analytical performance of an electrochemical biosensor through varying, at the working electrode, the surface area ratio between that covered by the enzyme and the enzyme-free one","Rodríguez-Sevilla, E.| Palomar-Pardavé, M.| Romero-Romo, M.| Ramírez-Silva, M.T.",4.0,56483270800| 6603788018| 6602576873| 6603801645,2015.0,2015-10-21,Analytical Methods,7,20,8568-8571,-,ISSN-17599660,19700175229.0,Journal,Royal Society of Chemistry,English,0.65,52,2.8,19,0.593,20,0.56,29.0,5.0,0.65,6.16,54.0,40.0,0.0,0.0,"Rodríguez-Sevilla, E., Palomar-Pardavé, M., Romero-Romo, M. and 1 more (...) (2015).Modulating the analytical performance of an electrochemical biosensor through varying, at the working electrode, the surface area ratio between that covered by the enzyme and the enzyme-free one. Analytical Methods,7(20) 8568-8571",https://www.scopus.com/record/display.url?eid=2-s2.0-84944348556&origin=resultslist,10.1039/c5ay01594d,Article,,2-s2.0-84944348556,-,Universidad Autónoma Metropolitana,505017,Academic,1.0,60028381| 60023193,Universidad Autónoma Metropolitana -Unidad Iztapalapa| Universidad Autónoma Metropolitana - Azcapotzalco,56483270800,6603801645,6603801645,-,Mexico,1.0,1500| 1602| 2200,General Chemical Engineering| Analytical Chemistry| General Engineering,2| 4,Engineering & Technology| Natural Sciences,409| 219,Chemistry| Engineering - Chemical,37| 36,Physical Sciences| Engineering,34| 40,Chemical Sciences| Engineering,3401| 4004,Analytical chemistry| Chemical engineering,-,Wearable Biosensors for Glucose and Hydrogen Peroxide Detection,634,82.472,Electrochemical Biosensors for Phenolic Compound Detection,16094,83.287,Very Good,UAM,1.0
"Palomar-Pardavé, Manuel Eduardo",6603788018,Simultaneous Electrochemical Quantification of Foodstuff Dyes Allura Red and Tartrazine Using a Bare Carbon Paste Electrode,"Rivera-Hernández, S.I.| Corona-Avendano, S.| Vázquez-Huerta, G.| Palomar-Pardavé, M.| Romero-Romo, M.| Ramírez-Silva, M.T.",6.0,56664376400| 6507494250| 56002702300| 6603788018| 6602576873| 6603801645,2021.0,2021-05-01,Journal of the Electrochemical Society,168,5,-,057514,ISSN-00134651,25169.0,Journal,IOP Publishing Ltd,English,0.94,35,7,16,1.066,12,1.73,47.0,4.0,0.21,14.51,55.0,66.0,0.0,0.0,"Rivera-Hernández, S.I., Corona-Avendano, S., Vázquez-Huerta, G. and 3 more (...) (2021).Simultaneous Electrochemical Quantification of Foodstuff Dyes Allura Red and Tartrazine Using a Bare Carbon Paste Electrode. Journal of the Electrochemical Society,168(5) ",https://www.scopus.com/record/display.url?eid=2-s2.0-85107920885&origin=resultslist,10.1149/1945-7111/abff64,Article,,2-s2.0-85107920885,-,Universidad Autónoma Metropolitana,505017,Academic,1.0,60023193| 60028381,Universidad Autónoma Metropolitana - Azcapotzalco| Universidad Autónoma Metropolitana -Unidad Iztapalapa,56664376400,6603801645,-,-,Mexico,1.0,1603| 2105| 2504| 2505| 2508| 3104,"Electrochemistry| Renewable Energy, Sustainability and the Environment| Electronic, Optical and Magnetic Materials| Materials Chemistry| Surfaces, Coatings and Films| Condensed Matter Physics",2| 4,Engineering & Technology| Natural Sciences,409| 221| 433| 439,Chemistry| Engineering - Electrical & Electronic| Materials Science| Physics & Astronomy,37| 36,Physical Sciences| Engineering,40| 34,Engineering| Chemical Sciences,4016| 3406,Materials engineering| Physical chemistry,-,Innovative Methods for Dye Removal and Analysis,470,77.894,Synthetic Food Dyes and Detection Methods,12789,96.051,Definitive,UAM,1.0
"Palomar-Pardavé, Manuel Eduardo",6603788018,Influence of temperature on the electrochemical formation of a Ni-Co alloy under an applied external magnetic field,"Hernández-Perez, D.| Aldana-González, J.| Sánchez-Ortiz, W.| Romero-Romo, M.| Arce-Estrada, E.M.| Palomar-Pardavé, M.",6.0,57934060800| 55842149700| 56492999600| 6602576873| 8413430200| 6603788018,2023.0,2023-11-01,Journal of Solid State Electrochemistry,27,11,3067-3073,-,ISSN-14328488,25199.0,Journal,Springer Science and Business Media Deutschland GmbH,English,0.55,59,4.8,34,0.509,37,2.13,42.0,4.0,0.31,12.8,43.0,59.0,0.0,0.0,"Hernández-Perez, D., Aldana-González, J., Sánchez-Ortiz, W. and 3 more (...) (2023).Influence of temperature on the electrochemical formation of a Ni-Co alloy under an applied external magnetic field. Journal of Solid State Electrochemistry,27(11) 3067-3073",https://www.scopus.com/record/display.url?eid=2-s2.0-85162849853&origin=resultslist,10.1007/s10008-023-05568-w,Article,,2-s2.0-85162849853,-,Universidad Autónoma Metropolitana| Instituto Politécnico Nacional,505017| 505011,Academic,2.0,60023193| 129858818| 60006489,Universidad Autónoma Metropolitana - Azcapotzalco| Av. Tecnológico S/N| Escuela Superior de Ingenieria Quimica e Industrias Extractivas,57934060800,6603788018,6603788018,-,Mexico,1.0,1603| 2102| 2208| 2500| 2505| 3104,Electrochemistry| Energy Engineering and Power Technology| Electrical and Electronic Engineering| General Materials Science| Materials Chemistry| Condensed Matter Physics,4| 2,Natural Sciences| Engineering & Technology,409| 249| 439| 433| 221,Chemistry| Engineering - Petroleum| Physics & Astronomy| Materials Science| Engineering - Electrical & Electronic,37| 36,Physical Sciences| Engineering,34,Chemical Sciences,3403| 3406,Macromolecular and materials chemistry| Physical chemistry,-,Electrodeposition Techniques for Enhanced Coating Properties,1019,29.627,Magnetic Field Effects on Electrodeposition Processes,20912,81.296,Definitive,Nacional,2.0
"Palomar-Pardavé, Manuel Eduardo",6603788018,Influence of TiO2 nanoparticles content as reinforce material to enhance the mechanical and corrosion resistance properties of Sn and Sn–Ag alloy for dental applications,"Nájera-Cabrales, H.D.| Ortega-Arroyo, L.| Campos-Silva, I.| Mejía-Caballero, I.| Palomar-Pardavé, M.| Aldana-González, J.| Pérez-Pastén-Borja, R.",7.0,58099164000| 56013725900| 56682127800| 56182243500| 6603788018| 55842149700| 57196066241,2023.0,2023-04-01,Journal of the Mechanical Behavior of Biomedical Materials,140,-,-,105687,ISSN-17516161,8000153139.0,Journal,Elsevier Ltd,English,1.15,21,7.2,18,0.748,25,3.0,70.0,3.0,0.21,14.2,49.0,66.0,0.0,0.0,"Nájera-Cabrales, H.D., Ortega-Arroyo, L., Campos-Silva, I. and 4 more (...) (2023).Influence of TiO2 nanoparticles content as reinforce material to enhance the mechanical and corrosion resistance properties of Sn and Sn–Ag alloy for dental applications. Journal of the Mechanical Behavior of Biomedical Materials,140",https://www.scopus.com/record/display.url?eid=2-s2.0-85147844623&origin=resultslist,10.1016/j.jmbbm.2023.105687,Article,,2-s2.0-85147844623,36780815,Universidad Autónoma Metropolitana| Universidad Anáhuac| Instituto Politécnico Nacional,505017| 702750| 505011,Academic,3.0,60019176| 60027461| 60023193| 60014923,Instituto Politécnico Nacional| Universidad Anáhuac México| Universidad Autónoma Metropolitana - Azcapotzalco| Universidad Autónoma Metropolitana,58099164000,57196066241,56013725900| 56182243500,-,Mexico,1.0,2204| 2211| 2502,Biomedical Engineering| Mechanics of Materials| Biomaterials,2| 4,Engineering & Technology| Natural Sciences,433| 222| 507,Materials Science| Engineering - Mechanical| Biological Sciences,36,Engineering,40,Engineering,4017| 4016| 4003,Mechanical engineering| Materials engineering| Biomedical engineering,-,Reliability and Performance of Solder Joints in Electronics,355,44.147,Intermetallics and Mechanical Properties in Solder Joints,60,98.053,Definitive,Nacional,3.0
"Palomar-Pardavé, Manuel Eduardo",6603788018,Electrochemical behaviour of API 5L X52 steel samples immersed in sulphate aqueous solutions with different pH,"Gil, P.M.| Julien, B.| Palomar-Pardavé, M.| de Oca-Yemha, M.G.M.| Ramírez-Silva, M.T.| Romero-Romo, M.",6.0,56117026900| 59428788400| 6603788018| 24399524500| 6603801645| 6602576873,2018.0,2018-04-01,International Journal of Electrochemical Science,13,4,3297-3308,-,ISSN-14523981,19200156944.0,Journal,Electrochemical Science Group,English,0.52,64,2.3,57,0.324,69,0.82,27.0,3.0,0.21,14.38,63.0,64.0,0.0,0.0,"Gil, P.M., Julien, B., Palomar-Pardavé, M. and 3 more (...) (2018).Electrochemical behaviour of API 5L X52 steel samples immersed in sulphate aqueous solutions with different pH. International Journal of Electrochemical Science,13(4) 3297-3308",https://www.scopus.com/record/display.url?eid=2-s2.0-85045007548&origin=resultslist,10.20964/2018.04.08,Article,Gold|Green,2-s2.0-85045007548,-,Institut national des sciences appliquées Lyon| Universidad Autónoma Metropolitana| Instituto Mexicano del Petroleo,314026| 505017| 505005,Government| Academic,3.0,60019271| 60016253| 60023193,Instituto Mexicano Del Petroleo| INSA Lyon| Universidad Autónoma Metropolitana - Azcapotzalco,56117026900,6602576873,-,-,Mexico| France,2.0,1603,Electrochemistry,4,Natural Sciences,409,Chemistry,37,Physical Sciences,34,Chemical Sciences,3401| 3406,Analytical chemistry| Physical chemistry,-,Electrodeposition Techniques for Enhanced Coating Properties,1019,29.627,Electrodeposition Mechanisms in Nanostructured Materials,15817,78.905,Definitive,Internacional,2.0
"Palomar-Pardavé, Manuel Eduardo",6603788018,Electrocatalytic oxidation of formic acid in acid medium at Pd electrodeposited onto TiO2 nanotubes,"Aldana-González, J.| Uruchurtu-Chavarin, J.| Montes de Oca, M.G.| Ramírez-Silva, M.T.| Palomar-Pardavé, M.| Romero-Romo, M.",6.0,55842149700| 6602981882| 24399524500| 6603801645| 6603788018| 6602576873,2016.0,2016-01-01,International Journal of Electrochemical Science,11,11,9402-9412,-,ISSN-14523981,19200156944.0,Journal,Electrochemical Science Group,English,0.82,39,3.1,57,0.426,57,0.91,41.0,3.0,0.08,12.35,62.0,70.0,0.0,0.0,"Aldana-González, J., Uruchurtu-Chavarin, J., Montes de Oca, M.G. and 3 more (...) (2016).Electrocatalytic oxidation of formic acid in acid medium at Pd electrodeposited onto TiO2 nanotubes. International Journal of Electrochemical Science,11(11) 9402-9412",https://www.scopus.com/record/display.url?eid=2-s2.0-84997159403&origin=resultslist,10.20964/2016.11.54,Article,Gold|Green,2-s2.0-84997159403,-,Universidad Autonoma del Estado de Morelos| Universidad Autónoma Metropolitana,505016| 505017,Academic,2.0,60023193| 60025626| 60028381,Universidad Autónoma Metropolitana - Azcapotzalco| Universidad Autónoma del Estado de Morelos| Universidad Autónoma Metropolitana -Unidad Iztapalapa,55842149700,6602576873,6602576873,-,Mexico,1.0,1603,Electrochemistry,4,Natural Sciences,409,Chemistry,37,Physical Sciences,34,Chemical Sciences,3401| 3406,Analytical chemistry| Physical chemistry,-,Fuel Cells and Polymer Electrolytes,79,97.646,Catalytic Innovations in Formic Acid Fuel Cells,13583,92.101,Definitive,Nacional,2.0
"Palomar-Pardavé, Manuel Eduardo",6603788018,Tribochemical products on borided AISI 316L steel exposed to Hank's solution,"García-León, R.A.| Martínez-Trinidad, J.| Palomar-Pardavé, M.| Lartundo-Rojas, L.| Guevara-Morales, A.| Martínez-Gutiérrez, H.",6.0,57192545232| 8432492800| 6603788018| 57455354200| 49661310300| 25936565300,2024.0,2024-02-15,Wear,538-539,-,-,205209,ISSN-00431648,22156.0,Journal,Elsevier Ltd,English,1.8,8,10.4,8,1.204,13,4.02,58.0,2.0,0.25,8.15,45.0,60.0,0.0,0.0,"García-León, R.A., Martínez-Trinidad, J., Palomar-Pardavé, M. and 3 more (...) (2024).Tribochemical products on borided AISI 316L steel exposed to Hank's solution. Wear,538-539",https://www.scopus.com/record/display.url?eid=2-s2.0-85180533749&origin=resultslist,10.1016/j.wear.2023.205209,Article,,2-s2.0-85180533749,-,Universidad Autónoma Metropolitana| Instituto Politécnico Nacional| Universidad Francisco de Paula Santander| Instituto Tecnologico de Estudios Superiores de Monterrey,505017| 505011| 706623| 505012,Academic,4.0,60019176| 60105016| 60023193| 60007966,Instituto Politécnico Nacional| Universidad Francisco de Paula Santander| Universidad Autónoma Metropolitana - Azcapotzalco| Tecnológico de Monterrey,57192545232,25936565300,57192545232,-,Mexico| Colombia,2.0,2211| 2505| 2508| 3104| 3110,"Mechanics of Materials| Materials Chemistry| Surfaces, Coatings and Films| Condensed Matter Physics| Surfaces and Interfaces",4| 2,Natural Sciences| Engineering & Technology,433| 439| 222,Materials Science| Physics & Astronomy| Engineering - Mechanical,36| 37,Engineering| Physical Sciences,40,Engineering,4016| 4017,Materials engineering| Mechanical engineering,-,High Entropy Alloys and Advanced Coating Technologies,404,96.926,Enhancing Surface Properties through Boride Layers,10390,91.242,Definitive,Internacional,3.0
"Palomar-Pardavé, Manuel Eduardo",6603788018,Effect of deposition potential and KOH concentration on ethanol oxidation reaction with Pd nanoparticles electrodeposited on glassy carbon from reline,"Juárez-Marmolejo, L.| Arce-Estrada, E.M.| Ezeta-Mejía, A.| Palomar-Pardavé, M.| Romero-Romo, M.| Montes de Oca-Yemha, M.G.",6.0,57204944845| 8413430200| 55585038300| 6603788018| 6602576873| 59263086800,2024.0,2024-09-19,International Journal of Hydrogen Energy,83,-,1150-1158,-,ISSN-03603199,26991.0,Journal,Elsevier Ltd,English,1.78,8,13.3,6,1.685,8,0.68,12.0,2.0,0.21,9.7,45.0,63.0,0.0,0.0,"Juárez-Marmolejo, L., Arce-Estrada, E.M., Ezeta-Mejía, A. and 3 more (...) (2024).Effect of deposition potential and KOH concentration on ethanol oxidation reaction with Pd nanoparticles electrodeposited on glassy carbon from reline. International Journal of Hydrogen Energy,831150-1158",https://www.scopus.com/record/display.url?eid=2-s2.0-85201434436&origin=resultslist,10.1016/j.ijhydene.2024.08.049,Article,,2-s2.0-85201434436,-,Universidad Autónoma Metropolitana| Instituto Politécnico Nacional,505017| 505011,Academic,2.0,60006489| 60019176| 60023193,Escuela Superior de Ingenieria Quimica e Industrias Extractivas| Instituto Politécnico Nacional| Universidad Autónoma Metropolitana - Azcapotzalco,57204944845,59263086800,57204944845,-,Mexico,1.0,2102| 2103| 2105| 3104,"Energy Engineering and Power Technology| Fuel Technology| Renewable Energy, Sustainability and the Environment| Condensed Matter Physics",4| 2,Natural Sciences| Engineering & Technology,249| 221| 439,Engineering - Petroleum| Engineering - Electrical & Electronic| Physics & Astronomy,36| 37,Engineering| Physical Sciences,34| 40,Chemical Sciences| Engineering,-,-,-,Fuel Cells and Polymer Electrolytes,79,97.646,Catalytic Nanoparticles for Enhanced Fuel Cell Performance,1035,99.459,Definitive,Nacional,2.0
"Palomar-Pardavé, Manuel Eduardo",6603788018,Effect of the Tempering Heat Treatment on the Cu-Based Shape Memory Alloy Exposed to a Commonly used Corrosive Medium,"Flores-Sanchez, D.| Suárez-Rosales, M.Á.| Landa-Castro, M.| Gutiérrez-Arzaluz, M.| Palomar-Pardavé, M.| Romero-Romo, M.",6.0,58162144600| 57206431207| 57215664864| 57200124453| 6603788018| 6602576873,2023.0,2023-09-19,Journal of the Mexican Chemical Society,67,4,422-431,-,ISSN-1870249X,19700174729.0,Journal,Sociedad Quimica de Mexico A.C.,English,0.32,77,2,64,0.222,71,0.59,12.0,2.0,0.12,16.37,56.0,72.0,0.0,0.0,"Flores-Sanchez, D., Suárez-Rosales, M.Á., Landa-Castro, M. and 3 more (...) (2023).Effect of the Tempering Heat Treatment on the Cu-Based Shape Memory Alloy Exposed to a Commonly used Corrosive Medium. Journal of the Mexican Chemical Society,67(4) 422-431",https://www.scopus.com/record/display.url?eid=2-s2.0-85173769028&origin=resultslist,10.29356/jmcs.v67i4.2042,Article,Gold,2-s2.0-85173769028,-,Universidad Autónoma Metropolitana,505017,Academic,1.0,60023193,Universidad Autónoma Metropolitana - Azcapotzalco,58162144600,6602576873,58162144600| 6602576873,-,Mexico,1.0,1600,General Chemistry,4,Natural Sciences,409,Chemistry,37,Physical Sciences,34,Chemical Sciences,3406| 3405| 3404,Physical chemistry| Organic chemistry| Medicinal and biomolecular chemistry,-,Shape Memory Alloys and Martensitic Transformations,802,66.579,Temperature-Dependent Transformations in Shape Memory Alloys,6346,89.346,Definitive,UAM,1.0
"Palomar-Pardavé, Manuel Eduardo",6603788018,Effect of heat treatment over the mechanical properties and the resistance to corrosion of the ternary Cu-Al-Ag alloy,"Flores-Sanchez, D.| Suárez-Rosales, M.I.| Gutiérrez-Arzaluz, M.| Palomar-Pardavé, M.| Romero-Romo, M.| Landa-Castro, M.",6.0,58162144600| 57206431207| 57200124453| 6603788018| 6602576873| 57215664864,2024.0,2024-11-01,Materials Research Express,11,11,-,116519,ISSN-20531591,21100432452.0,Journal,Institute of Physics,English,0.65,52,3.7,31,0.434,34,0.14,2.0,2.0,0.25,8.14,45.0,60.0,0.0,0.0,"Flores-Sanchez, D., Suárez-Rosales, M.I., Gutiérrez-Arzaluz, M. and 3 more (...) (2024).Effect of heat treatment over the mechanical properties and the resistance to corrosion of the ternary Cu-Al-Ag alloy. Materials Research Express,11(11) ",https://www.scopus.com/record/display.url?eid=2-s2.0-85209901255&origin=resultslist,10.1088/2053-1591/ad9196,Article,Gold|Green,2-s2.0-85209901255,-,Universidad Autónoma Metropolitana,505017,Academic,1.0,60023193,Universidad Autónoma Metropolitana - Azcapotzalco,58162144600,57215664864,58162144600| 57206431207,-,Mexico,1.0,2502| 2504| 2506| 2507| 2508,"Biomaterials| Electronic, Optical and Magnetic Materials| Metals and Alloys| Polymers and Plastics| Surfaces, Coatings and Films",4,Natural Sciences,433,Materials Science,36,Engineering,51| 40,Physical Sciences| Engineering,4016| 5104,Materials engineering| Condensed matter physics,-,Shape Memory Alloys and Martensitic Transformations,802,66.579,Temperature-Dependent Transformations in Shape Memory Alloys,6346,89.346,Definitive,UAM,1.0
"Palomar-Pardavé, Manuel Eduardo",6603788018,Nanostructured Catalysts Synthesized by High-Energy Mechanical Alloying for Formic Acid Electrochemical Oxidation,"Ezeta-Mejía, A.| Montes de Oca-Yemha, M.G.| Arce-Estrada, E.M.| Romero-Romo, M.| Palomar-Pardavé, M.",5.0,55585038300| 24399524500| 8413430200| 6602576873| 6603788018,2017.0,2017-09-01,Electrocatalysis,8,5,472-479,-,ISSN-18682529,19600157794.0,Journal,Springer New York LLC,English,0.9,35,4.4,36,0.994,27,0.68,29.0,1.0,0.08,12.94,73.0,71.0,0.0,0.0,"Ezeta-Mejía, A., Montes de Oca-Yemha, M.G., Arce-Estrada, E.M. and 2 more (...) (2017).Nanostructured Catalysts Synthesized by High-Energy Mechanical Alloying for Formic Acid Electrochemical Oxidation. Electrocatalysis,8(5) 472-479",https://www.scopus.com/record/display.url?eid=2-s2.0-85027724238&origin=resultslist,10.1007/s12678-017-0404-8,Article,,2-s2.0-85027724238,-,Universidad Autónoma Metropolitana| Instituto Politécnico Nacional,505017| 505011,Academic,2.0,60019176| 60023193,Instituto Politécnico Nacional| Universidad Autónoma Metropolitana - Azcapotzalco,55585038300,6603788018,6602576873,-,Mexico,1.0,1603,Electrochemistry,4,Natural Sciences,409,Chemistry,37,Physical Sciences,34,Chemical Sciences,3406,Physical chemistry,-,Fuel Cells and Polymer Electrolytes,79,97.646,Catalytic Innovations in Formic Acid Fuel Cells,13583,92.101,Very Good,Nacional,2.0
"Palomar-Pardavé, Manuel Eduardo",6603788018,Effect of core composition in AuxCuy@Pt/C for the methanol oxidation reaction,"Vázquez-Huerta, G.| Palomar-Pardavé, M.E.| Romero-Romo, M.A.| Montes De Oca-Yemha, M.G.| Garfias-García, E.| Aldana-González, J.I.",6.0,56002702300| 6603788018| 6602576873| 24399524500| 56002745500| 55842149700,2016.0,2016-01-06,Electrocatalysis,7,2,174-183,-,ISSN-18682529,19600157794.0,Journal,Springer New York LLC,English,0.61,54,4,50,0.678,38,0.5,34.0,1.0,0.0,12.35,73.0,71.0,1.0,0.0,"Vázquez-Huerta, G., Palomar-Pardavé, M.E., Romero-Romo, M.A. and 3 more (...) (2016).Effect of core composition in AuxCuy@Pt/C for the methanol oxidation reaction. Electrocatalysis,7(2) 174-183",https://www.scopus.com/record/display.url?eid=2-s2.0-84979231556&origin=resultslist,10.1007/s12678-015-0296-4,Article,,2-s2.0-84979231556,-,Universidad Autónoma Metropolitana,505017,Academic,1.0,60023193,Universidad Autónoma Metropolitana - Azcapotzalco,56002702300,55842149700,56002702300,-,Mexico,1.0,1603,Electrochemistry,4,Natural Sciences,409,Chemistry,37,Physical Sciences,34,Chemical Sciences,3406,Physical chemistry,SDG 7,Fuel Cells and Polymer Electrolytes,79,97.646,Catalytic Innovations in Direct Fuel Cell Technologies,566,89.676,Definitive,UAM,1.0
"Palomar-Pardavé, Manuel Eduardo",6603788018,"Hydrocortisone UV-Vis Spectrophotometric Study: Stability, Determination of Its Acidity Constants and Quantification","Ramos-Reyes, G.M.| Corona-Avendaño, S.| Ramírez-Silva, M.T.| Romero-Romo, M.| Palomar-Pardavé, M.",5.0,57997426400| 6507494250| 6603801645| 6602576873| 6603788018,2024.0,2024-03-01,Journal of Applied Spectroscopy,91,1,218-227,-,ISSN-00219037,12155.0,Journal,Springer,English,0.41,71,1.3,81,0.213,81,1.63,21.0,1.0,0.14,6.91,56.0,67.0,0.0,0.0,"Ramos-Reyes, G.M., Corona-Avendaño, S., Ramírez-Silva, M.T. and 2 more (...) (2024).Hydrocortisone UV-Vis Spectrophotometric Study: Stability, Determination of Its Acidity Constants and Quantification. Journal of Applied Spectroscopy,91(1) 218-227",https://www.scopus.com/record/display.url?eid=2-s2.0-85186892108&origin=resultslist,10.1007/s10812-024-01709-9,Article,,2-s2.0-85186892108,-,Universidad Autónoma Metropolitana,505017,Academic,1.0,60023193| 60028381,Universidad Autónoma Metropolitana - Azcapotzalco| Universidad Autónoma Metropolitana -Unidad Iztapalapa,57997426400,6603788018,6507494250| 6603801645,-,Mexico,1.0,1607| 3104,Spectroscopy| Condensed Matter Physics,4,Natural Sciences,439| 409,Physics & Astronomy| Chemistry,37,Physical Sciences,40| 32| 34,Engineering| Biomedical And Clinical Sciences| Chemical Sciences,3212| 4013| 3403,Ophthalmology and optometry| Geomatic engineering| Macromolecular and materials chemistry,-,Oxytocin and Cortisol in Behavioral Neuroscience,680,48.463,Cortisol Detection Technologies for Health Monitoring,74534,90.282,Definitive,UAM,1.0
"Palomar-Pardavé, Manuel Eduardo",6603788018,Dynamic formation of primary grain structures on squared steel billets produced by continuous casting (computer simulation),"Ramírez-López, A.| Muñoz-Negrón, D.| Palomar-Pardavé, M.| Romero-Romo, M.A.| Gonzalez-Trejo, J.",5.0,56000891100| 7103163220| 6603788018| 6602576873| 57254140000,2017.0,2017-07-01,International Journal of Advanced Manufacturing Technology,91,5-8,1709-1721,-,ISSN-02683768,20428.0,Journal,Springer London,English,1.74,8,3.5,18,0.994,14,1.59,53.0,0.0,0.0,11.05,82.0,72.0,0.0,0.0,"Ramírez-López, A., Muñoz-Negrón, D., Palomar-Pardavé, M. and 2 more (...) (2017).Dynamic formation of primary grain structures on squared steel billets produced by continuous casting (computer simulation). International Journal of Advanced Manufacturing Technology,91(5-8) 1709-1721",https://www.scopus.com/record/display.url?eid=2-s2.0-85006410803&origin=resultslist,10.1007/s00170-016-9885-5,Article,Hybrid gold,2-s2.0-85006410803,-,Universidad Autónoma Metropolitana| Mexico Autonomous Institute of Technology,505017| 703438,Academic,2.0,60030473| 60023193,ITAM - Instituto Tecnológico Autónomo de México| Universidad Autónoma Metropolitana - Azcapotzalco,56000891100,57254140000,56000891100,-,Mexico,1.0,1706| 1712| 2207| 2209| 2210,Computer Science Applications| Software| Control and Systems Engineering| Industrial and Manufacturing Engineering| Mechanical Engineering,2,Engineering & Technology,212| 213| 222,Computer Science & Information Systems| Data Science| Engineering - Mechanical,36| 38,Engineering| Computer Science,49| 40| 46,Mathematical Sciences| Engineering| Information And Computing Sciences,-,-,-,Solidification Dynamics in Aluminum Silicon Alloys,435,50.36,Solidification Dynamics in Superalloy Manufacturing,12864,83.619,Very Good,Nacional,2.0
"Palomar-Pardavé, Manuel Eduardo",6603788018,Methanol electro-oxidation on carbon-supported Pt and Au@Pt nanoparticles with quasi-spherical and polyhedral forms in acid aqueous medium,"Roque-de-la-O, N.| Vázquez-Huerta, G.| Corona-Avendaño, S.| Arce-Estrada, E.M.| Refugio-García, M.E.| Palomar-Pardavé, M.",6.0,58303684200| 56002702300| 6507494250| 8413430200| 58302794700| 6603788018,2023.0,2023-11-01,Journal of Solid State Electrochemistry,27,11,2927-2936,-,ISSN-14328488,25199.0,Journal,Springer Science and Business Media Deutschland GmbH,English,0.55,59,4.8,34,0.509,37,1.16,23.0,0.0,0.0,12.8,77.0,77.0,0.0,0.0,"Roque-de-la-O, N., Vázquez-Huerta, G., Corona-Avendaño, S. and 3 more (...) (2023).Methanol electro-oxidation on carbon-supported Pt and Au@Pt nanoparticles with quasi-spherical and polyhedral forms in acid aqueous medium. Journal of Solid State Electrochemistry,27(11) 2927-2936",https://www.scopus.com/record/display.url?eid=2-s2.0-85161071530&origin=resultslist,10.1007/s10008-023-05564-0,Article,,2-s2.0-85161071530,-,Universidad Autónoma Metropolitana| Instituto Politécnico Nacional,505017| 505011,Academic,2.0,60014923| 60006489,Universidad Autónoma Metropolitana| Escuela Superior de Ingenieria Quimica e Industrias Extractivas,58303684200,6603788018,56002702300,-,Mexico,1.0,1603| 2102| 2208| 2500| 2505| 3104,Electrochemistry| Energy Engineering and Power Technology| Electrical and Electronic Engineering| General Materials Science| Materials Chemistry| Condensed Matter Physics,2| 4,Engineering & Technology| Natural Sciences,221| 249| 433| 439| 409,Engineering - Electrical & Electronic| Engineering - Petroleum| Materials Science| Physics & Astronomy| Chemistry,37| 36,Physical Sciences| Engineering,34,Chemical Sciences,3403| 3406,Macromolecular and materials chemistry| Physical chemistry,-,Fuel Cells and Polymer Electrolytes,79,97.646,Catalytic Innovations in Direct Fuel Cell Technologies,566,89.676,Definitive,Nacional,2.0
"Palomar-Pardavé, Manuel Eduardo",6603788018,Development of a Voltammetric Methodology Based on an Artificial Neural Network for the Quantification of Sodium Diclofenac in Pharmaceutical Samples,"Franco-Guzmán, M.| Romero-Romo, M.A.| Cobos-Murcia, J.I.| Palomar-Pardavé, M.E.| Hernández-Ramírez, D.| Álvarez-Romero, G.A.| Aguilar-Lira, G.Y.| Gutiérrez-Salgado, J.M.",8.0,57194340832| 6602576873| 56719805700| 6603788018| 57224859616| 55995905400| 56197309900| 34770486300,2024.0,2024-01-01,Journal of the Electrochemical Society,171,1,-,016503,ISSN-00134651,25169.0,Journal,Institute of Physics,English,0.76,45,6.1,23,0.774,24,1.3,19.0,0.0,0.0,8.63,70.0,70.0,0.0,0.0,"Franco-Guzmán, M., Romero-Romo, M.A., Cobos-Murcia, J.I. and 5 more (...) (2024).Development of a Voltammetric Methodology Based on an Artificial Neural Network for the Quantification of Sodium Diclofenac in Pharmaceutical Samples. Journal of the Electrochemical Society,171(1) ",https://www.scopus.com/record/display.url?eid=2-s2.0-85183323597&origin=resultslist,10.1149/1945-7111/ad1e3f,Article,,2-s2.0-85183323597,-,Centro de Investigacion y de Estudios Avanzados del Instituto Politécnico Nacional| Universidad Autónoma Metropolitana| Universidad Autonoma del Estado de Hidalgo,505002| 505017| 505050,Academic| Government,3.0,60014923| 60027135| 130773306| 60017323,Universidad Autónoma Metropolitana| Universidad Autónoma del Estado de Hidalgo| Universidad Tecnológica del Sureste de Veracruz. Área Académica de Química| Centro de Investigacion y de Estudios Avanzados del Instituto Politécnico Nacional,57194340832,34770486300,57194340832,-,Mexico,1.0,1603| 2105| 2504| 2505| 2508| 3104,"Electrochemistry| Renewable Energy, Sustainability and the Environment| Electronic, Optical and Magnetic Materials| Materials Chemistry| Surfaces, Coatings and Films| Condensed Matter Physics",2| 4,Engineering & Technology| Natural Sciences,221| 409| 433| 439,Engineering - Electrical & Electronic| Chemistry| Materials Science| Physics & Astronomy,37| 36,Physical Sciences| Engineering,40| 34,Engineering| Chemical Sciences,3406| 4016,Physical chemistry| Materials engineering,SDG 3,Electrochemical Sensors and Molecular Imprinting Techniques,718,81.949,Electrochemical Detection Methods for Diclofenac Analysis,41294,74.616,Definitive,Nacional,3.0
