Autor,Scopus author ID,Title,Authors,Number of Authors,Scopus Author Ids,Year,Full date,Scopus Source title,Volume,Issue,Pages,Article number,ISSN,Source ID,Source type,Publisher,Language,SNIP (publication year),SNIP percentile (publication year) *,CiteScore (publication year),CiteScore percentile (publication year) *,SJR (publication year),SJR percentile (publication year) *,Field-Weighted View Impact,Views,Citations,Field-Weighted Citation Impact,Field-Citation Average,"Outputs in Top Citation Percentiles, per percentile","Field-Weighted Outputs in Top Citation Percentiles, per percentile",Main patent families,Policy citations,Reference,Abstract,DOI,Publication type,Open Access,EID,PubMed ID,Institutions,Institution IDs,Sector,Number of Institutions,Scopus Affiliation IDs,Scopus Affiliation names,Scopus Author ID First Author,Scopus Author ID Last Author,Scopus Author ID Corresponding Author,Scopus Author ID Single Author,Country/Region,Number of Countries/Regions,All Science Journal Classification (ASJC) code,All Science Journal Classification (ASJC) field name,Quacquarelli Symonds (QS) Subject area code,Quacquarelli Symonds (QS) Subject area field name,Quacquarelli Symonds (QS) Subject code,Quacquarelli Symonds (QS) Subject field name,Times Higher Education (THE) code,Times Higher Education (THE) field name,ANZSRC FoR (2020) parent code,ANZSRC FoR (2020) parent name,ANZSRC FoR (2020) code,ANZSRC FoR (2020) name,Sustainable Development Goals (2025),Topic Cluster name,Topic Cluster number,Topic Cluster Prominence Percentile,Topic name,Topic number,Topic Prominence Percentile,Publication link to Topic strength,Colaboracion,Number of national institutions
"Romero, Mario Alberto",6602576873, 1-Ethyl 3-methylimidazolium thiocyanate ionic liquid as corrosion inhibitor of API 5L X52 steel in H 2 SO 4 and HCl media ,"Corrales-Luna, M.| Le Manh, T.| Romero-Romo, M.| Palomar-Pardavé, M.| Arce-Estrada, E.M.",5.0,54784093000| 57205572924| 6602576873| 6603788018| 8413430200,2019.0,2019-06-01,Corrosion Science,153,-,85-99,-,ISSN-0010938X,29476.0,Journal,Elsevier Ltd,English,2.68,3,10.7,5,1.971,5,1.88,66.0,186.0,5.6,15.72,2.0,3.0,0.0,0.0,"Corrales-Luna, M., Le Manh, T., Romero-Romo, M. and 2 more (...) (2019). 1-Ethyl 3-methylimidazolium thiocyanate ionic liquid as corrosion inhibitor of API 5L X52 steel in H 2 SO 4 and HCl media . Corrosion Science,15385-99",https://www.scopus.com/record/display.url?eid=2-s2.0-85063616018&origin=resultslist,10.1016/j.corsci.2019.03.041,Article,,2-s2.0-85063616018,-,Phenikaa University| Universidad Autónoma Metropolitana| Instituto Politécnico Nacional,716231| 505017| 505011,Academic,3.0,60019176| 60006489| 60112782| 120896599| 60023193,Instituto Politécnico Nacional| Escuela Superior de Ingenieria Quimica e Industrias Extractivas| Phenikaa University| Phenikaa Research and Technology Institute (PRATI)| Universidad Autónoma Metropolitana - Azcapotzalco,54784093000,8413430200,57205572924,-,Mexico| Viet Nam,2.0,1500| 1600| 2500,General Chemical Engineering| General Chemistry| General Materials Science,4| 2,Natural Sciences| Engineering & Technology,219| 409| 433,Engineering - Chemical| Chemistry| Materials Science,37| 36,Physical Sciences| Engineering,40,Engineering,4016| 4005| 4017,Materials engineering| Civil engineering| Mechanical engineering,-,Corrosion Inhibition Mechanisms in Metal Alloys,933,76.455,Corrosion Inhibitors for Steel Protection and Efficiency,2,99.891,Definitive,Internacional,2.0
"Romero, Mario Alberto",6602576873,Ni–Co alloy electrodeposition from the cathode powder of Ni-MH spent batteries leached with a deep eutectic solvent (reline),"Landa-Castro, M.| Aldana-González, J.| Montes de Oca-Yemha, M.G.| Romero-Romo, M.| Arce-Estrada, E.M.| Palomar-Pardavé, M.",6.0,57215664864| 55842149700| 24399524500| 6602576873| 8413430200| 6603788018,2020.0,2020-07-25,Journal of Alloys and Compounds,830,-,-,154650,ISSN-09258388,12325.0,Journal,Elsevier Ltd,English,1.38,16,8.9,6,1.112,8,3.75,103.0,76.0,2.78,12.24,5.0,8.0,0.0,0.0,"Landa-Castro, M., Aldana-González, J., Montes de Oca-Yemha, M.G. and 3 more (...) (2020).Ni–Co alloy electrodeposition from the cathode powder of Ni-MH spent batteries leached with a deep eutectic solvent (reline). Journal of Alloys and Compounds,830",https://www.scopus.com/record/display.url?eid=2-s2.0-85081622792&origin=resultslist,10.1016/j.jallcom.2020.154650,Article,,2-s2.0-85081622792,-,Universidad Autónoma Metropolitana| Instituto Politécnico Nacional,505017| 505011,Academic,2.0,60023193| 60019176| 60006489,Universidad Autónoma Metropolitana - Azcapotzalco| Instituto Politécnico Nacional| Escuela Superior de Ingenieria Quimica e Industrias Extractivas,57215664864,6603788018,6603788018,-,Mexico,1.0,2210| 2211| 2505| 2506,Mechanical Engineering| Mechanics of Materials| Materials Chemistry| Metals and Alloys,4| 2,Natural Sciences| Engineering & Technology,222| 433,Engineering - Mechanical| Materials Science,36,Engineering,51| 40,Physical Sciences| Engineering,4016| 5104,Materials engineering| Condensed matter physics,SDG 12,Ion Exchange and Lithium Recovery,486,91.563,Recycling and Recovery of Battery Materials,32092,79.631,Very Good,Nacional,2.0
"Romero, Mario Alberto",6602576873,INFLUENCE OF TEMPERATURE ON THE THERMODYNAMICS AND KINETICS OF COBALT ELECTROCHEMICAL NUCLEATION AND GROWTH,"Palomar-Pardavé, M.| Aldana-González, J.| Botello, L.E.| Arce-Estrada, E.M.| Ramírez-Silva, M.T.| Mostany, J.| Romero-Romo, M.",7.0,6603788018| 55842149700| 57193007448| 8413430200| 6603801645| 57201663285| 6602576873,2017.0,2017-07-01,Electrochimica Acta,241,-,162-169,-,ISSN-00134686,25181.0,Journal,Elsevier Ltd,English,1.13,23,8.6,5,1.439,8,2.11,89.0,66.0,1.9,11.59,7.0,14.0,0.0,0.0,"Palomar-Pardavé, M., Aldana-González, J., Botello, L.E. and 4 more (...) (2017).INFLUENCE OF TEMPERATURE ON THE THERMODYNAMICS AND KINETICS OF COBALT ELECTROCHEMICAL NUCLEATION AND GROWTH. Electrochimica Acta,241162-169",https://www.scopus.com/record/display.url?eid=2-s2.0-85018962317&origin=resultslist,10.1016/j.electacta.2017.04.126,Article,,2-s2.0-85018962317,-,Universidad Simón Bolívar| Universidad Autónoma Metropolitana| Instituto Politécnico Nacional,607005| 505017| 505011,Academic,3.0,60023193| 60019176| 60006489| 60028381| 60026438,Universidad Autónoma Metropolitana - Azcapotzalco| Instituto Politécnico Nacional| Escuela Superior de Ingenieria Quimica e Industrias Extractivas| Universidad Autónoma Metropolitana -Unidad Iztapalapa| Universidad Simón Bolívar,6603788018,6602576873,6603788018,-,Mexico| Venezuela,2.0,1500| 1603,General Chemical Engineering| Electrochemistry,4| 2,Natural Sciences| Engineering & Technology,219| 409,Engineering - Chemical| Chemistry,36| 37,Engineering| Physical Sciences,40| 34| 51,Engineering| Chemical Sciences| Physical Sciences,-,-,-,Electrodeposition Techniques for Enhanced Coating Properties,1019,29.627,Electrodeposition Mechanisms in Nanostructured Materials,15817,78.905,Definitive,Internacional,2.0
"Romero, Mario Alberto",6602576873,On the electrochemical formation of nickel nanoparticles onto glassy carbon from a deep eutectic solvent,"Aldana-González, J.| Romero-Romo, M.| Robles-Peralta, J.| Morales-Gil, P.| Palacios-González, E.| Ramírez-Silva, M.T.| Mostany, J.| Palomar-Pardavé, M.",8.0,55842149700| 6602576873| 57202002225| 56117026900| 55506080000| 6603801645| 57201663285| 6603788018,2018.0,2018-06-20,Electrochimica Acta,276,-,417-423,-,ISSN-00134686,25181.0,Journal,Elsevier Ltd,English,1.12,24,9.1,5,1.365,8,3.06,110.0,65.0,2.25,12.46,7.0,11.0,0.0,0.0,"Aldana-González, J., Romero-Romo, M., Robles-Peralta, J. and 5 more (...) (2018).On the electrochemical formation of nickel nanoparticles onto glassy carbon from a deep eutectic solvent. Electrochimica Acta,276417-423",https://www.scopus.com/record/display.url?eid=2-s2.0-85046736620&origin=resultslist,10.1016/j.electacta.2018.04.192,Article,,2-s2.0-85046736620,-,Universidad Simón Bolívar| Universidad Autónoma Metropolitana| Instituto Mexicano del Petroleo,607005| 505017| 505005,Academic| Government,3.0,60023193| 60019271| 60028381| 60026438,Universidad Autónoma Metropolitana - Azcapotzalco| Instituto Mexicano Del Petroleo| Universidad Autónoma Metropolitana -Unidad Iztapalapa| Universidad Simón Bolívar,55842149700,6603788018,6603788018,-,Mexico| Venezuela,2.0,1500| 1603,General Chemical Engineering| Electrochemistry,2| 4,Engineering & Technology| Natural Sciences,219| 409,Engineering - Chemical| Chemistry,36| 37,Engineering| Physical Sciences,40| 34| 51,Engineering| Chemical Sciences| Physical Sciences,-,-,-,Electrodeposition Techniques for Enhanced Coating Properties,1019,29.627,Electrodeposition Techniques Using Deep Eutectic Solvents,37849,89.238,Very Good,Internacional,2.0
"Romero, Mario Alberto",6602576873,Mechanism and kinetics of chromium electrochemical nucleation and growth from a choline chloride/ethylene glycol deep eutectic solvent,"Mejía-Caballero, I.| Aldana-González, J.| Le Manh, T.| Romero-Romo, M.| Arce-Estrada, E.M.| Campos-Silva, I.| Ramírez-Silva, M.T.| Palomar-Pardave, M.",8.0,56182243500| 55842149700| 57205572924| 6602576873| 8413430200| 56682127800| 6603801645| 6603788018,2018.0,2018-01-01,Journal of the Electrochemical Society,165,9,D393-D401,-,ISSN-00134651,25169.0,Journal,Electrochemical Society Inc.,English,0.93,34,6.2,11,1.138,10,1.74,60.0,60.0,1.64,12.84,8.0,17.0,0.0,0.0,"Mejía-Caballero, I., Aldana-González, J., Le Manh, T. and 5 more (...) (2018).Mechanism and kinetics of chromium electrochemical nucleation and growth from a choline chloride/ethylene glycol deep eutectic solvent. Journal of the Electrochemical Society,165(9) D393-D401",https://www.scopus.com/record/display.url?eid=2-s2.0-85049256519&origin=resultslist,10.1149/2.0851809jes,Article,,2-s2.0-85049256519,-,Universidad Autónoma Metropolitana| Instituto Politécnico Nacional,505017| 505011,Academic,2.0,60023193| 60006489| 60019176| 60028381,Universidad Autónoma Metropolitana - Azcapotzalco| Escuela Superior de Ingenieria Quimica e Industrias Extractivas| Instituto Politécnico Nacional| Universidad Autónoma Metropolitana -Unidad Iztapalapa,56182243500,6603788018,-,-,Mexico,1.0,1603| 2105| 2504| 2505| 2508| 3104,"Electrochemistry| Renewable Energy, Sustainability and the Environment| Electronic, Optical and Magnetic Materials| Materials Chemistry| Surfaces, Coatings and Films| Condensed Matter Physics",4| 2,Natural Sciences| Engineering & Technology,221| 433| 439| 409,Engineering - Electrical & Electronic| Materials Science| Physics & Astronomy| Chemistry,36| 37,Engineering| Physical Sciences,34| 40,Chemical Sciences| Engineering,4016| 3406,Materials engineering| Physical chemistry,-,Electrodeposition Techniques for Enhanced Coating Properties,1019,29.627,Electrodeposition Techniques Using Deep Eutectic Solvents,37849,89.238,Very Good,Nacional,2.0
"Romero, Mario Alberto",6602576873,Palladium nanoparticles electrodeposition onto glassy carbon from a deep eutectic solvent at 298 K and their catalytic performance toward formic acid oxidation,"Espino-López, I.E.| Romero-Romo, M.| De Oca-Yemha, M.G.M.| Morales-Gil, P.| Ramírez-Silva, M.T.| Mostany, J.| Palomar-Pardavé, M.",7.0,57207856170| 6602576873| 24399524500| 56117026900| 6603801645| 57201663285| 6603788018,2019.0,2019-01-01,Journal of the Electrochemical Society,166,1,D3205-D3211,-,ISSN-00134651,25169.0,Journal,Electrochemical Society Inc.,English,1.02,30,5.8,12,1.153,11,2.44,78.0,52.0,1.83,14.23,9.0,15.0,0.0,0.0,"Espino-López, I.E., Romero-Romo, M., De Oca-Yemha, M.G.M. and 4 more (...) (2019).Palladium nanoparticles electrodeposition onto glassy carbon from a deep eutectic solvent at 298 K and their catalytic performance toward formic acid oxidation. Journal of the Electrochemical Society,166(1) D3205-D3211",https://www.scopus.com/record/display.url?eid=2-s2.0-85063107196&origin=resultslist,10.1149/2.0251901jes,Article,Hybrid gold,2-s2.0-85063107196,-,Universidad Simón Bolívar| Universidad Autónoma Metropolitana| Instituto Mexicano del Petroleo,607005| 505017| 505005,Academic| Government,3.0,60023193| 60019271| 60028381| 60026438,Universidad Autónoma Metropolitana - Azcapotzalco| Instituto Mexicano Del Petroleo| Universidad Autónoma Metropolitana -Unidad Iztapalapa| Universidad Simón Bolívar,57207856170,6603788018,-,-,Mexico| Venezuela,2.0,1603| 2105| 2504| 2505| 2508,"Electrochemistry| Renewable Energy, Sustainability and the Environment| Electronic, Optical and Magnetic Materials| Materials Chemistry| Surfaces, Coatings and Films",4| 2,Natural Sciences| Engineering & Technology,221| 409| 433,Engineering - Electrical & Electronic| Chemistry| Materials Science,37| 36,Physical Sciences| Engineering,34| 40,Chemical Sciences| Engineering,4016| 3406,Materials engineering| Physical chemistry,-,Fuel Cells and Polymer Electrolytes,79,97.646,Catalytic Innovations in Formic Acid Fuel Cells,13583,92.101,Very Good,Internacional,2.0
"Romero, Mario Alberto",6602576873,NEW INSIGTHS on the KINETICS and MECHANISM of the ELECTROCHEMICAL OXIDATION of DICLOFENAC in NEUTRAL AQUEOUS MEDIUM,"Cid-Cerón, M.M.| Guzmán-Hernández, D.S.| Ramírez-Silva, M.T.| Galano, A.| Romero-Romo, M.| Palomar-Pardavé, M.",6.0,56667658300| 35195662800| 6603801645| 55995932900| 6602576873| 6603788018,2016.0,2016-05-01,Electrochimica Acta,199,-,92-98,-,ISSN-00134686,25181.0,Journal,Elsevier Ltd,English,1.19,20,8,4,1.355,8,3.26,111.0,51.0,1.04,10.58,11.0,28.0,0.0,1.0,"Cid-Cerón, M.M., Guzmán-Hernández, D.S., Ramírez-Silva, M.T. and 3 more (...) (2016).NEW INSIGTHS on the KINETICS and MECHANISM of the ELECTROCHEMICAL OXIDATION of DICLOFENAC in NEUTRAL AQUEOUS MEDIUM. Electrochimica Acta,19992-98",https://www.scopus.com/record/display.url?eid=2-s2.0-84964345944&origin=resultslist,10.1016/j.electacta.2016.03.094,Article,,2-s2.0-84964345944,-,Universidad Autónoma Metropolitana| Universidad Autonoma del Estado de Hidalgo,505017| 505050,Academic,2.0,60028381| 60023193| 60027135,Universidad Autónoma Metropolitana -Unidad Iztapalapa| Universidad Autónoma Metropolitana - Azcapotzalco| Universidad Autónoma del Estado de Hidalgo,56667658300,6603788018,6603788018,-,Mexico,1.0,1500| 1603,General Chemical Engineering| Electrochemistry,2| 4,Engineering & Technology| Natural Sciences,409| 219,Chemistry| Engineering - Chemical,37| 36,Physical Sciences| Engineering,40| 34| 51,Engineering| Chemical Sciences| Physical Sciences,-,-,-,Electrochemical Sensors and Molecular Imprinting Techniques,718,81.949,Electrochemical Detection Methods for Diclofenac Analysis,41294,74.616,Very Good,Nacional,2.0
"Romero, Mario Alberto",6602576873,"Effect of platform subway depth on the presence of Airborne PM2.5, metals, and toxic organic species","Figueroa-Lara, J.J.| Murcia-González, J.M.| García-Martínez, R.| Romero-Romo, M.| Torres Rodríguez, M.| Mugica-Álvarez, V.",6.0,54782463100| 57209105485| 59157866700| 6602576873| 7402579679| 57204835583,2019.0,2019-09-05,Journal of Hazardous Materials,377,-,427-436,-,ISSN-03043894,25858.0,Journal,Elsevier B.V.,English,2.13,5,13.1,2,2.01,3,1.72,77.0,50.0,1.09,17.4,9.0,27.0,0.0,2.0,"Figueroa-Lara, J.J., Murcia-González, J.M., García-Martínez, R. and 3 more (...) (2019).Effect of platform subway depth on the presence of Airborne PM2.5, metals, and toxic organic species. Journal of Hazardous Materials,377427-436",https://www.scopus.com/record/display.url?eid=2-s2.0-85066502470&origin=resultslist,10.1016/j.jhazmat.2019.05.091,Article,,2-s2.0-85066502470,31176078,Universidad Autónoma Metropolitana| Universidad Nacional Autónoma de México,505017| 505023,Academic,2.0,60023193| 60032442,Universidad Autónoma Metropolitana - Azcapotzalco| Universidad Nacional Autónoma de México,54782463100,57204835583,57204835583,-,Mexico,1.0,2304| 2305| 2307| 2310| 2311,"Environmental Chemistry| Environmental Engineering| Health, Toxicology and Mutagenesis| Pollution| Waste Management and Disposal",3| 4| 5| 2,Social Sciences & Management| Natural Sciences| Life Sciences & Medicine| Engineering & Technology,424| 249,Environmental Sciences| Engineering - Petroleum,34| 37,Medical and Health| Physical Sciences,41| 34| 40,Environmental Sciences| Chemical Sciences| Engineering,-,-,SDG 3,Health Impacts of Air Pollution Exposure,251,95.226,Air Quality Challenges in Urban Transportation Systems,9973,95.505,Definitive,Nacional,2.0
"Romero, Mario Alberto",6602576873,Synthetic gas production by dry reforming of methane over Ni/Al2O3–ZrO2 catalysts: High H2/CO ratio,"Morales Anzures, F.| Salinas Hernández, P.| Mondragón Galicia, G.| Gutiérrez Martínez, A.| Tzompantzi Morales, F.| Romero Romo, M.A.| Pérez Hernández, R.",7.0,23982844700| 6603056398| 6507738431| 21233370500| 57207848642| 6602576873| 16480852200,2021.0,2021-07-26,International Journal of Hydrogen Energy,46,51,26224-26233,-,ISSN-03603199,26991.0,Journal,Elsevier Ltd,English,1.35,18,10,7,1.201,12,0.73,23.0,44.0,2.06,15.99,8.0,12.0,0.0,0.0,"Morales Anzures, F., Salinas Hernández, P., Mondragón Galicia, G. and 4 more (...) (2021).Synthetic gas production by dry reforming of methane over Ni/Al2O3–ZrO2 catalysts: High H2/CO ratio. International Journal of Hydrogen Energy,46(51) 26224-26233",https://www.scopus.com/record/display.url?eid=2-s2.0-85108212076&origin=resultslist,10.1016/j.ijhydene.2021.05.073,Article,,2-s2.0-85108212076,-,Universidad Autónoma Metropolitana| Instituto Nacional de Investigaciones Nucleares,505017| 505039,Government| Academic,2.0,100936497| 60010532| 60028381| 60023193,Universidad del Istmo| Instituto Nacional de Investigaciones Nucleares| Universidad Autónoma Metropolitana -Unidad Iztapalapa| Universidad Autónoma Metropolitana - Azcapotzalco,23982844700,16480852200,16480852200,-,Mexico,1.0,2102| 2103| 2105| 3104,"Energy Engineering and Power Technology| Fuel Technology| Renewable Energy, Sustainability and the Environment| Condensed Matter Physics",4| 2,Natural Sciences| Engineering & Technology,249| 221| 439,Engineering - Petroleum| Engineering - Electrical & Electronic| Physics & Astronomy,37| 36,Physical Sciences| Engineering,34| 40,Chemical Sciences| Engineering,-,-,SDG 13,Catalytic Innovations for Hydrogen and Ammonia Production,90,99.084,Catalytic Innovations in Methane Reforming Processes,515,99.674,Definitive,Nacional,2.0
"Romero, Mario Alberto",6602576873,Corrosion behavior of AISI 316L borided and non-borided steels immersed in a simulated body fluid solution,"Mejía-Caballero, I.| Palomar-Pardavé, M.| Martínez Trinidad, J.| Romero-Romo, M.| Pérez Pasten-Borja, R.| Lartundo-Rojas, L.| López-García, C.| Campos-Silva, I.",8.0,56182243500| 6603788018| 8432492800| 6602576873| 57196066241| 57455354200| 54786729200| 56682127800,2015.0,2015-10-25,Surface and Coatings Technology,280,-,384-395,-,ISSN-02578972,24537.0,Journal,Elsevier B.V.,English,1.39,14,3.9,16,0.852,16,2.18,103.0,39.0,0.51,9.8,15.0,45.0,0.0,0.0,"Mejía-Caballero, I., Palomar-Pardavé, M., Martínez Trinidad, J. and 5 more (...) (2015).Corrosion behavior of AISI 316L borided and non-borided steels immersed in a simulated body fluid solution. Surface and Coatings Technology,280384-395",https://www.scopus.com/record/display.url?eid=2-s2.0-84944278431&origin=resultslist,10.1016/j.surfcoat.2015.08.053,Article,,2-s2.0-84944278431,-,Universidad Autónoma Metropolitana| Instituto Politécnico Nacional,505017| 505011,Academic,2.0,60019176| 60023193,Instituto Politécnico Nacional| Universidad Autónoma Metropolitana - Azcapotzalco,56182243500,56682127800,56682127800,-,Mexico,1.0,1600| 2505| 2508| 3104| 3110,"General Chemistry| Materials Chemistry| Surfaces, Coatings and Films| Condensed Matter Physics| Surfaces and Interfaces",4,Natural Sciences,409| 433| 439,Chemistry| Materials Science| Physics & Astronomy,36| 37,Engineering| Physical Sciences,51| 40,Physical Sciences| Engineering,5104| 4016,Condensed matter physics| Materials engineering,-,High Entropy Alloys and Advanced Coating Technologies,404,96.926,Enhancing Surface Properties through Boride Layers,10390,91.242,Definitive,Nacional,2.0
"Romero, Mario Alberto",6602576873,"Carbon supported PdM (M = Fe, Co) electrocatalysts for formic acid oxidation. Influence of the Fe and Co precursors","Juárez-Marmolejo, L.| Pérez-Rodríguez, S.| Montes de Oca-Yemha, M.G.| Palomar-Pardavé, M.| Romero-Romo, M.| Ezeta-Mejía, A.| Morales-Gil, P.| Martínez-Huerta, M.V.| Lázaro, M.J.",9.0,57204944845| 6507623003| 24399524500| 6603788018| 6602576873| 55585038300| 56117026900| 6507235406| 7006539027,2019.0,2019-01-15,International Journal of Hydrogen Energy,44,3,1640-1649,-,ISSN-03603199,26991.0,Journal,Elsevier Ltd,English,1.34,16,8,8,1.141,13,2.25,86.0,37.0,1.74,14.93,13.0,16.0,0.0,0.0,"Juárez-Marmolejo, L., Pérez-Rodríguez, S., Montes de Oca-Yemha, M.G. and 6 more (...) (2019).Carbon supported PdM (M = Fe, Co) electrocatalysts for formic acid oxidation. Influence of the Fe and Co precursors. International Journal of Hydrogen Energy,44(3) 1640-1649",https://www.scopus.com/record/display.url?eid=2-s2.0-85058057515&origin=resultslist,10.1016/j.ijhydene.2018.11.112,Article,Green,2-s2.0-85058057515,-,CSIC| CSIC - Institute of Catalysis and Petrochemistry| Universidad Autónoma Metropolitana| CSIC - Carbon Chemistry Institute| Instituto Politécnico Nacional| Instituto Mexicano del Petroleo,312004| 715433| 505017| 715399| 505011| 505005,Government| Academic,6.0,60023193| 60010916| 60006754| 60019176| 60019271| 60021246,Universidad Autónoma Metropolitana - Azcapotzalco| CSIC - Instituto de Carboquimica (ICB)| Consejo Superior de Investigaciones Científicas| Instituto Politécnico Nacional| Instituto Mexicano Del Petroleo| CSIC - Instituto de Catálisis y Petroleoquímica (ICP),57204944845,7006539027,24399524500,-,Spain| Mexico,2.0,2102| 2103| 2105| 3104,"Energy Engineering and Power Technology| Fuel Technology| Renewable Energy, Sustainability and the Environment| Condensed Matter Physics",2| 4,Engineering & Technology| Natural Sciences,249| 221| 439,Engineering - Petroleum| Engineering - Electrical & Electronic| Physics & Astronomy,37| 36,Physical Sciences| Engineering,40| 34,Engineering| Chemical Sciences,-,-,-,Fuel Cells and Polymer Electrolytes,79,97.646,Catalytic Innovations in Formic Acid Fuel Cells,13583,92.101,Definitive,Internacional,3.0
"Romero, Mario Alberto",6602576873,Aluminum electrochemical nucleation and growth onto a glassy carbon electrode from a deep eutectic solvent,"Rodríguez-Clemente, E.| Manh, T.L.| Guinto-Pano, C.E.| Romero-Romo, M.| Mejía-Caballero, I.| Morales-Gil, P.| Palacios-González, E.| Ramírez-Silva, M.T.| Palomar-Pardavé, M.",9.0,54881302600| 57205572924| 57207855568| 6602576873| 56182243500| 56117026900| 55506080000| 6603801645| 6603788018,2019.0,2019-01-01,Journal of the Electrochemical Society,166,1,D3035-D3041,-,ISSN-00134651,25169.0,Journal,Electrochemical Society Inc.,English,1.02,30,5.8,12,1.153,11,2.6,83.0,37.0,1.33,13.55,13.0,22.0,0.0,0.0,"Rodríguez-Clemente, E., Manh, T.L., Guinto-Pano, C.E. and 6 more (...) (2019).Aluminum electrochemical nucleation and growth onto a glassy carbon electrode from a deep eutectic solvent. Journal of the Electrochemical Society,166(1) D3035-D3041",https://www.scopus.com/record/display.url?eid=2-s2.0-85063092695&origin=resultslist,10.1149/2.0051901jes,Article,Hybrid gold,2-s2.0-85063092695,-,Universidad Autónoma Metropolitana| Instituto Politécnico Nacional| Instituto Mexicano del Petroleo,505017| 505011| 505005,Academic| Government,3.0,60023193| 60006489| 60019176| 60019271| 60028381,Universidad Autónoma Metropolitana - Azcapotzalco| Escuela Superior de Ingenieria Quimica e Industrias Extractivas| Instituto Politécnico Nacional| Instituto Mexicano Del Petroleo| Universidad Autónoma Metropolitana -Unidad Iztapalapa,54881302600,6603788018,-,-,Mexico,1.0,1603| 2105| 2504| 2505| 2508| 3104,"Electrochemistry| Renewable Energy, Sustainability and the Environment| Electronic, Optical and Magnetic Materials| Materials Chemistry| Surfaces, Coatings and Films| Condensed Matter Physics",4| 2,Natural Sciences| Engineering & Technology,409| 439| 433| 221,Chemistry| Physics & Astronomy| Materials Science| Engineering - Electrical & Electronic,36| 37,Engineering| Physical Sciences,40| 34,Engineering| Chemical Sciences,4016| 3406,Materials engineering| Physical chemistry,-,Ionic Liquids in Catalysis and Extraction Processes,424,80.052,Electrodeposition Techniques in Ionic Liquid Systems,13603,73.162,Very Good,Nacional,3.0
"Romero, Mario Alberto",6602576873,Electrochemical synthesis of cobalt with different crystal structures from a deep eutectic solvent,"Manh, T.L.| Arce-Estrada, E.M.| Mejía-Caballero, I.| Aldana-González, J.| Romero-Romo, M.| Palomar-Pardavé, M.",6.0,57205572924| 8413430200| 56182243500| 55842149700| 6602576873| 6603788018,2018.0,2018-01-01,Journal of the Electrochemical Society,165,7,D285-D290,-,ISSN-00134651,25169.0,Journal,Electrochemical Society Inc.,English,0.93,34,6.2,11,1.138,10,1.75,59.0,37.0,0.96,13.52,15.0,30.0,0.0,0.0,"Manh, T.L., Arce-Estrada, E.M., Mejía-Caballero, I. and 3 more (...) (2018).Electrochemical synthesis of cobalt with different crystal structures from a deep eutectic solvent. Journal of the Electrochemical Society,165(7) D285-D290",https://www.scopus.com/record/display.url?eid=2-s2.0-85057177167&origin=resultslist,10.1149/2.0941807jes,Article,,2-s2.0-85057177167,-,Universidad Autónoma Metropolitana| Instituto Politécnico Nacional,505017| 505011,Academic,2.0,60023193| 60019176| 60006489,Universidad Autónoma Metropolitana - Azcapotzalco| Instituto Politécnico Nacional| Escuela Superior de Ingenieria Quimica e Industrias Extractivas,57205572924,6603788018,-,-,Mexico,1.0,1603| 2105| 2504| 2505| 2508,"Electrochemistry| Renewable Energy, Sustainability and the Environment| Electronic, Optical and Magnetic Materials| Materials Chemistry| Surfaces, Coatings and Films",4| 2,Natural Sciences| Engineering & Technology,409| 221| 433,Chemistry| Engineering - Electrical & Electronic| Materials Science,36| 37,Engineering| Physical Sciences,40| 34,Engineering| Chemical Sciences,4016| 3406,Materials engineering| Physical chemistry,-,Electrodeposition Techniques for Enhanced Coating Properties,1019,29.627,Electrodeposition Techniques Using Deep Eutectic Solvents,37849,89.238,Very Good,Nacional,2.0
"Romero, Mario Alberto",6602576873,Iron electrodeposition from Fe(II) ions dissolved in a choline chloride: Urea eutectic mixture,"Le Manh, T.| Arce-Estrada, E.M.| Mejía-Caballero, I.| Rodríguez-Clemente, E.| Sánchez, W.| Aldana-González, J.| Lartundo-Rojas, L.| Romero-Romo, M.| Palomar-Pardavé, M.",9.0,57205572924| 8413430200| 56182243500| 54881302600| 57209197984| 55842149700| 57455354200| 6602576873| 6603788018,2018.0,2018-01-01,Journal of the Electrochemical Society,165,16,D808-D812,-,ISSN-00134651,25169.0,Journal,Electrochemical Society Inc.,English,0.93,34,6.2,11,1.138,10,1.34,62.0,37.0,0.78,12.84,15.0,35.0,0.0,0.0,"Le Manh, T., Arce-Estrada, E.M., Mejía-Caballero, I. and 6 more (...) (2018).Iron electrodeposition from Fe(II) ions dissolved in a choline chloride: Urea eutectic mixture. Journal of the Electrochemical Society,165(16) D808-D812",https://www.scopus.com/record/display.url?eid=2-s2.0-85066794017&origin=resultslist,10.1149/2.0561816jes,Article,,2-s2.0-85066794017,-,Universidad Autónoma Metropolitana| Instituto Politécnico Nacional,505017| 505011,Academic,2.0,60023193| 60006489| 60019176,Universidad Autónoma Metropolitana - Azcapotzalco| Escuela Superior de Ingenieria Quimica e Industrias Extractivas| Instituto Politécnico Nacional,57205572924,6603788018,-,-,Mexico,1.0,1603| 2105| 2504| 2505| 2508| 3104,"Electrochemistry| Renewable Energy, Sustainability and the Environment| Electronic, Optical and Magnetic Materials| Materials Chemistry| Surfaces, Coatings and Films| Condensed Matter Physics",2| 4,Engineering & Technology| Natural Sciences,221| 409| 439| 433,Engineering - Electrical & Electronic| Chemistry| Physics & Astronomy| Materials Science,36| 37,Engineering| Physical Sciences,34| 40,Chemical Sciences| Engineering,4016| 3406,Materials engineering| Physical chemistry,-,Electrodeposition Techniques for Enhanced Coating Properties,1019,29.627,Electrodeposition Techniques Using Deep Eutectic Solvents,37849,89.238,Very Good,Nacional,2.0
"Romero, Mario Alberto",6602576873,On wetting angles and nucleation energies during the electrochemical nucleation of cobalt onto glassy carbon from a deep eutectic solvent,"Manh, T.L.| Arce-Estrada, E.M.| Romero-Romo, M.| Mejía-Caballero, I.| Aldana-González, J.| Palomar-Pardavé, M.",6.0,57205572924| 8413430200| 6602576873| 56182243500| 55842149700| 6603788018,2017.0,2017-01-01,Journal of the Electrochemical Society,164,12,D694-D699,-,ISSN-00134651,25169.0,Journal,Electrochemical Society Inc.,English,1.04,27,5.3,11,1.267,9,0.78,31.0,37.0,1.02,11.76,15.0,28.0,0.0,0.0,"Manh, T.L., Arce-Estrada, E.M., Romero-Romo, M. and 3 more (...) (2017).On wetting angles and nucleation energies during the electrochemical nucleation of cobalt onto glassy carbon from a deep eutectic solvent. Journal of the Electrochemical Society,164(12) D694-D699",https://www.scopus.com/record/display.url?eid=2-s2.0-85033394446&origin=resultslist,10.1149/2.1061712jes,Article,,2-s2.0-85033394446,-,Universidad Autónoma Metropolitana| Instituto Politécnico Nacional,505017| 505011,Academic,2.0,60023193| 60006489| 60019176,Universidad Autónoma Metropolitana - Azcapotzalco| Escuela Superior de Ingenieria Quimica e Industrias Extractivas| Instituto Politécnico Nacional,57205572924,6603788018,-,-,Mexico,1.0,1603| 2105| 2504| 2505| 2508| 3104,"Electrochemistry| Renewable Energy, Sustainability and the Environment| Electronic, Optical and Magnetic Materials| Materials Chemistry| Surfaces, Coatings and Films| Condensed Matter Physics",2| 4,Engineering & Technology| Natural Sciences,221| 439| 409| 433,Engineering - Electrical & Electronic| Physics & Astronomy| Chemistry| Materials Science,36| 37,Engineering| Physical Sciences,40| 34,Engineering| Chemical Sciences,3406| 4016,Physical chemistry| Materials engineering,-,Electrodeposition Techniques for Enhanced Coating Properties,1019,29.627,Electrodeposition Techniques Using Deep Eutectic Solvents,37849,89.238,Very Good,Nacional,2.0
"Romero, Mario Alberto",6602576873,Quercetin spectrofluorometric quantification in aqueous media using different surfactants as fluorescence promoters,"Alva-Ensastegui, J.C.| Palomar-Pardavé, M.| Romero-Romo, M.| Ramírez-Silva, M.T.",4.0,57201295949| 6603788018| 6602576873| 6603801645,2018.0,2018-01-01,RSC Advances,8,20,10980-10986,-,ISSN-20462069,21100199840.0,Journal,Royal Society of Chemistry,English,0.8,43,6.5,11,0.807,19,1.4,46.0,36.0,0.54,12.92,15.0,45.0,0.0,0.0,"Alva-Ensastegui, J.C., Palomar-Pardavé, M., Romero-Romo, M. and 1 more (...) (2018).Quercetin spectrofluorometric quantification in aqueous media using different surfactants as fluorescence promoters. RSC Advances,8(20) 10980-10986",https://www.scopus.com/record/display.url?eid=2-s2.0-85044216075&origin=resultslist,10.1039/c8ra01213j,Article,Gold|Green,2-s2.0-85044216075,-,Universidad Autónoma Metropolitana,505017,Academic,1.0,60028381| 60023193,Universidad Autónoma Metropolitana -Unidad Iztapalapa| Universidad Autónoma Metropolitana - Azcapotzalco,57201295949,6603801645,6603801645,-,Mexico,1.0,1500| 1600,General Chemical Engineering| General Chemistry,4| 2,Natural Sciences| Engineering & Technology,219| 409,Engineering - Chemical| Chemistry,37| 36,Physical Sciences| Engineering,34,Chemical Sciences,-,-,-,Flavonoids and Their Impact on Health,124,91.825,Electrochemical Detection of Flavonoids Using Modified Sensors,31254,91.526,Defensible,UAM,1.0
"Romero, Mario Alberto",6602576873,Electrochemical evaluation of cephalothin as corrosion inhibitor for API 5L X52 steel immersed in an acid medium,"Aldana-González, J.| Espinoza-Vázquez, A.| Romero-Romo, M.| Uruchurtu-Chavarin, J.| Palomar-Pardavé, M.",5.0,55842149700| 55662752400| 6602576873| 6602981882| 6603788018,2019.0,2019-12-01,Arabian Journal of Chemistry,12,8,3244-3253,-,ISSN-18785352,19400158709.0,Journal,Elsevier B.V.,English,2.34,4,8.2,8,0.779,20,0.98,61.0,35.0,1.15,14.81,14.0,25.0,0.0,0.0,"Aldana-González, J., Espinoza-Vázquez, A., Romero-Romo, M. and 2 more (...) (2019).Electrochemical evaluation of cephalothin as corrosion inhibitor for API 5L X52 steel immersed in an acid medium. Arabian Journal of Chemistry,12(8) 3244-3253",https://www.scopus.com/record/display.url?eid=2-s2.0-84941585485&origin=resultslist,10.1016/j.arabjc.2015.08.033,Article,Gold|Green,2-s2.0-84941585485,-,Universidad Autonoma del Estado de Morelos| Universidad Autónoma Metropolitana| Universidad Nacional Autónoma de México,505016| 505017| 505023,Academic,3.0,60023193| 60025626| 60032442,Universidad Autónoma Metropolitana - Azcapotzalco| Universidad Autónoma del Estado de Morelos| Universidad Nacional Autónoma de México,55842149700,6603788018,6603788018,-,Mexico,1.0,1500| 1600,General Chemical Engineering| General Chemistry,2| 4,Engineering & Technology| Natural Sciences,409| 219,Chemistry| Engineering - Chemical,37| 36,Physical Sciences| Engineering,34,Chemical Sciences,-,-,-,Corrosion Inhibition Mechanisms in Metal Alloys,933,76.455,Corrosion Inhibitors for Steel Protection and Efficiency,2,99.891,Definitive,Nacional,3.0
"Romero, Mario Alberto",6602576873,A deep eutectic solvent as leaching agent and electrolytic bath for silver recovery from spent silver oxide batteries,"Sánchez-Ortiz, W.| Aldana-González, J.| Manh, T.L.| Romero-Romo, M.| Mejía-Caballero, I.| Ramírez-Silva, M.T.| Arce-Estrada, E.M.| Mugica-Álvarez, V.| Palomar-Pardavé, M.",9.0,56492999600| 55842149700| 59454693800| 6602576873| 56182243500| 6603801645| 8413430200| 57204835583| 6603788018,2021.0,2021-01-01,Journal of the Electrochemical Society,168,1,-,016508,ISSN-00134651,25169.0,Journal,IOP Publishing Ltd,English,0.94,35,7,16,1.066,12,2.16,58.0,30.0,1.38,14.51,13.0,20.0,0.0,0.0,"Sánchez-Ortiz, W., Aldana-González, J., Manh, T.L. and 6 more (...) (2021).A deep eutectic solvent as leaching agent and electrolytic bath for silver recovery from spent silver oxide batteries. Journal of the Electrochemical Society,168(1) ",https://www.scopus.com/record/display.url?eid=2-s2.0-85099884937&origin=resultslist,10.1149/1945-7111/abdb01,Article,Hybrid gold,2-s2.0-85099884937,-,Phenikaa University| Universidad Autónoma Metropolitana| Instituto Politécnico Nacional,716231| 505017| 505011,Academic,3.0,60023193| 60006489| 60019176| 60112782| 60028381,Universidad Autónoma Metropolitana - Azcapotzalco| Escuela Superior de Ingenieria Quimica e Industrias Extractivas| Instituto Politécnico Nacional| Phenikaa University| Universidad Autónoma Metropolitana -Unidad Iztapalapa,56492999600,6603788018,6603788018,-,Mexico| Viet Nam,2.0,1603| 2105| 2504| 2505| 2508| 3104,"Electrochemistry| Renewable Energy, Sustainability and the Environment| Electronic, Optical and Magnetic Materials| Materials Chemistry| Surfaces, Coatings and Films| Condensed Matter Physics",4| 2,Natural Sciences| Engineering & Technology,439| 433| 221| 409,Physics & Astronomy| Materials Science| Engineering - Electrical & Electronic| Chemistry,37| 36,Physical Sciences| Engineering,34| 40,Chemical Sciences| Engineering,4016| 3406,Materials engineering| Physical chemistry,-,Electrodeposition Techniques for Enhanced Coating Properties,1019,29.627,Electrodeposition Techniques Using Deep Eutectic Solvents,37849,89.238,Defensible,Internacional,2.0
"Romero, Mario Alberto",6602576873,New insights on the chemical stability of curcumin in aqueous media at different pH: Influence of the experimental conditions,"Martínez-Guerra, J.| Palomar-Pardavé, M.| Romero-Romo, M.| Corona-Avendaño, S.| Rojas-Hernández, A.| Ramírez-Silva, M.T.",6.0,57209586150| 6603788018| 6602576873| 6507494250| 7004253053| 6603801645,2016.0,2016-06-01,International Journal of Electrochemical Science,14,6,5373-5385,-,ISSN-14523981,19200156944.0,Journal,Electrochemical Science Group,English,0.82,39,3.1,57,0.426,57,0.06,32.0,29.0,0.0,12.35,20.0,71.0,0.0,0.0,"Martínez-Guerra, J., Palomar-Pardavé, M., Romero-Romo, M. and 3 more (...) (2016).New insights on the chemical stability of curcumin in aqueous media at different pH: Influence of the experimental conditions. International Journal of Electrochemical Science,14(6) 5373-5385",https://www.scopus.com/record/display.url?eid=2-s2.0-85068167884&origin=resultslist,10.20964/2019.06.24,Article,Gold|Green,2-s2.0-85068167884,-,Universidad Autónoma Metropolitana,505017,Academic,1.0,60028381| 60023193,Universidad Autónoma Metropolitana -Unidad Iztapalapa| Universidad Autónoma Metropolitana - Azcapotzalco,57209586150,6603801645,-,-,Mexico,1.0,1603,Electrochemistry,4,Natural Sciences,409,Chemistry,37,Physical Sciences,34,Chemical Sciences,3401| 3406,Analytical chemistry| Physical chemistry,-,Flavonoids and Their Impact on Health,124,91.825,Curcumin's Multifaceted Impact on Cancer Therapy,140,99.494,Definitive,UAM,1.0
"Romero, Mario Alberto",6602576873,New insights on the spectrophotometric determination of melatonin pKa values and melatonin-βCD inclusion complex formation constant,"Zafra-Roldán, A.| Corona-Avendaño, S.| Montes-Sánchez, R.| Palomar-Pardavé, M.| Romero-Romo, M.| Ramírez-Silva, M.T.",6.0,35197714700| 6507494250| 57195770441| 6603788018| 6602576873| 6603801645,2018.0,2018-02-05,Spectrochimica Acta - Part A: Molecular and Biomolecular Spectroscopy,190,-,442-449,-,ISSN-13861425,24530.0,Journal,Elsevier B.V.,English,1.1,25,6,7,0.574,35,2.78,102.0,27.0,0.94,10.64,20.0,31.0,0.0,0.0,"Zafra-Roldán, A., Corona-Avendaño, S., Montes-Sánchez, R. and 3 more (...) (2018).New insights on the spectrophotometric determination of melatonin pKa values and melatonin-βCD inclusion complex formation constant. Spectrochimica Acta - Part A: Molecular and Biomolecular Spectroscopy,190442-449",https://www.scopus.com/record/display.url?eid=2-s2.0-85029817000&origin=resultslist,10.1016/j.saa.2017.09.042,Article,,2-s2.0-85029817000,28961528,Universidad Autónoma Metropolitana,505017,Academic,1.0,60023193| 60028381,Universidad Autónoma Metropolitana - Azcapotzalco| Universidad Autónoma Metropolitana -Unidad Iztapalapa,35197714700,6603801645,6507494250,-,Mexico,1.0,1602| 1607| 3105| 3107,"Analytical Chemistry| Spectroscopy| Instrumentation| Atomic and Molecular Physics, and Optics",4,Natural Sciences,439| 409,Physics & Astronomy| Chemistry,37,Physical Sciences,34,Chemical Sciences,3406| 3401| 3403,Physical chemistry| Analytical chemistry| Macromolecular and materials chemistry,-,Melatonin's Influence on Circadian Rhythms and Stress Response,232,84.565,Electrochemical Methods for Melatonin Detection,63215,71.628,Defensible,UAM,1.0
"Romero, Mario Alberto",6602576873,"Mechanism and Kinetics of Palladium Nanoparticles Electrochemical Formation onto Glassy Carbon, from a Deep Eutectic Solvent (Reline)","Juárez-Marmolejo, L.| Maldonado-Teodocio, B.| Montes De Oca-Yemha, M.G.| Romero-Romo, M.| Ramírez-Silva, M.T.| Arce-Estrada, E.M.| Morales-Gil, P.| Mostany, J.| Palomar-Pardavé, M.",9.0,57204944845| 57216796803| 24399524500| 6602576873| 6603801645| 8413430200| 56117026900| 57201663285| 6603788018,2020.0,2020-05-14,Journal of Physical Chemistry B,124,19,3973-3983,-,ISSN-15206106,26970.0,Journal,American Chemical Society,English,0.91,37,5.1,21,0.864,17,2.26,63.0,26.0,0.98,13.2,19.0,28.0,0.0,0.0,"Juárez-Marmolejo, L., Maldonado-Teodocio, B., Montes De Oca-Yemha, M.G. and 6 more (...) (2020).Mechanism and Kinetics of Palladium Nanoparticles Electrochemical Formation onto Glassy Carbon, from a Deep Eutectic Solvent (Reline). Journal of Physical Chemistry B,124(19) 3973-3983",https://www.scopus.com/record/display.url?eid=2-s2.0-85084695331&origin=resultslist,10.1021/acs.jpcb.0c01014,Article,,2-s2.0-85084695331,32309944,Universidad Autónoma Metropolitana| Instituto Politécnico Nacional| Instituto Mexicano del Petroleo,505017| 505011| 505005,Academic| Government,3.0,60023193| 60028381| 60006489| 60019176| 60019271| 60043688,Universidad Autónoma Metropolitana - Azcapotzalco| Universidad Autónoma Metropolitana -Unidad Iztapalapa| Escuela Superior de Ingenieria Quimica e Industrias Extractivas| Instituto Politécnico Nacional| Instituto Mexicano Del Petroleo| Universidad Nacional Experimental Simon Rodriuez,57204944845,6603788018,24399524500,-,Mexico| Venezuela,2.0,1606| 2505| 2508,"Physical and Theoretical Chemistry| Materials Chemistry| Surfaces, Coatings and Films",4| 2,Natural Sciences| Engineering & Technology,433| 249| 409,Materials Science| Engineering - Petroleum| Chemistry,36| 37,Engineering| Physical Sciences,34| 51| 40,Chemical Sciences| Physical Sciences| Engineering,-,-,-,Electrodeposition Techniques for Enhanced Coating Properties,1019,29.627,Electrodeposition Mechanisms in Nanostructured Materials,15817,78.905,Defensible,Internacional,3.0
"Romero, Mario Alberto",6602576873,Electrochemical quantification of the electro-active surface area of Au nanoparticles supported onto an ITO electrode by means of Cu upd,"Aldana-González, J.| Olvera-García, J.| Montes De Oca, M.G.| Romero-Romo, M.| Ramírez-Silva, M.T.| Palomar-Pardavé, M.",6.0,55842149700| 37122426800| 24399524500| 6602576873| 6603801645| 6603788018,2015.0,2015-05-10,Electrochemistry Communications,56,-,70-74,-,ISSN-13882481,25180.0,Journal,Elsevier Inc.,English,1.19,20,8.9,9,1.628,11,1.5,81.0,25.0,0.32,12.54,24.0,54.0,0.0,0.0,"Aldana-González, J., Olvera-García, J., Montes De Oca, M.G. and 3 more (...) (2015).Electrochemical quantification of the electro-active surface area of Au nanoparticles supported onto an ITO electrode by means of Cu upd. Electrochemistry Communications,5670-74",https://www.scopus.com/record/display.url?eid=2-s2.0-84928941622&origin=resultslist,10.1016/j.elecom.2015.04.014,Article,Green,2-s2.0-84928941622,-,Universidad Autónoma Metropolitana,505017,Academic,1.0,60023193| 114805472| 60028381,Universidad Autónoma Metropolitana - Azcapotzalco| Universidad Tecnológica de México| Universidad Autónoma Metropolitana -Unidad Iztapalapa,55842149700,6603788018,6603788018,-,Mexico,1.0,1603,Electrochemistry,4,Natural Sciences,409,Chemistry,37,Physical Sciences,40| 34,Engineering| Chemical Sciences,-,-,-,Electrodeposition Techniques for Enhanced Coating Properties,1019,29.627,Electrodeposition Mechanisms in Nanostructured Materials,15817,78.905,Defensible,UAM,1.0
"Romero, Mario Alberto",6602576873,Electrochemical nucleation and growth of Cu onto Au nanoparticles supported on a Si (111) wafer electrode,"Romero-Romo, M.| Aldana-González, J.| Botello, L.E.| Montes de Oca, M.G.| Ramírez-Silva, M.T.| Corona-Avendaño, S.| Palomar-Pardavé, M.",7.0,6602576873| 55842149700| 57193007448| 24399524500| 6603801645| 6507494250| 6603788018,2017.0,2017-04-15,Journal of Electroanalytical Chemistry,791,-,1-7,-,ISSN-15726657,9500154039.0,Journal,Elsevier B.V.,English,0.84,39,4.7,17,0.765,22,1.72,69.0,25.0,0.67,12.02,22.0,39.0,0.0,0.0,"Romero-Romo, M., Aldana-González, J., Botello, L.E. and 4 more (...) (2017).Electrochemical nucleation and growth of Cu onto Au nanoparticles supported on a Si (111) wafer electrode. Journal of Electroanalytical Chemistry,7911-7",https://www.scopus.com/record/display.url?eid=2-s2.0-85014848672&origin=resultslist,10.1016/j.jelechem.2017.03.003,Article,,2-s2.0-85014848672,-,Universidad Autónoma Metropolitana,505017,Academic,1.0,60023193| 60028381,Universidad Autónoma Metropolitana - Azcapotzalco| Universidad Autónoma Metropolitana -Unidad Iztapalapa,6602576873,6603788018,6603788018,-,Mexico,1.0,1500| 1602| 1603,General Chemical Engineering| Analytical Chemistry| Electrochemistry,4| 2,Natural Sciences| Engineering & Technology,219| 409,Engineering - Chemical| Chemistry,36| 37,Engineering| Physical Sciences,34,Chemical Sciences,3401| 3406,Analytical chemistry| Physical chemistry,-,Electrodeposition Techniques for Enhanced Coating Properties,1019,29.627,Electrodeposition Mechanisms in Nanostructured Materials,15817,78.905,Very Good,UAM,1.0
"Romero, Mario Alberto",6602576873,Electrochemical nucleation and growth of Mn and Mn-Zn alloy from leached liquors of spent alkaline batteries using a deep eutectic solvent,"Aldana-González, J.| Sampayo-Garrido, A.| Montes De Oca-Yemha, M.G.| Sánchez, W.| Ramírez-Silva, M.T.| Arce-Estrada, E.M.| Romero-Romo, M.| Palomar-Pardavé, M.",8.0,55842149700| 57209195568| 24399524500| 57209197984| 6603801645| 8413430200| 6602576873| 6603788018,2019.0,2019-01-01,Journal of the Electrochemical Society,166,6,D199-D204,-,ISSN-00134651,25169.0,Journal,Electrochemical Society Inc.,English,1.02,30,5.8,12,1.153,11,1.54,54.0,23.0,0.77,14.23,22.0,36.0,0.0,0.0,"Aldana-González, J., Sampayo-Garrido, A., Montes De Oca-Yemha, M.G. and 5 more (...) (2019).Electrochemical nucleation and growth of Mn and Mn-Zn alloy from leached liquors of spent alkaline batteries using a deep eutectic solvent. Journal of the Electrochemical Society,166(6) D199-D204",https://www.scopus.com/record/display.url?eid=2-s2.0-85066815624&origin=resultslist,10.1149/2.0761906jes,Article,,2-s2.0-85066815624,-,Universidad Autónoma Metropolitana| Instituto Politécnico Nacional,505017| 505011,Academic,2.0,60023193| 60020223| 60019176| 60006489| 60028381,Universidad Autónoma Metropolitana - Azcapotzalco| Universidad Tecnológica de México| Instituto Politécnico Nacional| Escuela Superior de Ingenieria Quimica e Industrias Extractivas| Universidad Autónoma Metropolitana -Unidad Iztapalapa,55842149700,6603788018,-,-,Mexico,1.0,1603| 2105| 2504| 2505| 2508,"Electrochemistry| Renewable Energy, Sustainability and the Environment| Electronic, Optical and Magnetic Materials| Materials Chemistry| Surfaces, Coatings and Films",4| 2,Natural Sciences| Engineering & Technology,409| 433| 221,Chemistry| Materials Science| Engineering - Electrical & Electronic,36| 37,Engineering| Physical Sciences,34| 40,Chemical Sciences| Engineering,3406| 4016,Physical chemistry| Materials engineering,-,Electrodeposition Techniques for Enhanced Coating Properties,1019,29.627,Electrodeposition Techniques Using Deep Eutectic Solvents,37849,89.238,Very Good,Nacional,2.0
"Romero, Mario Alberto",6602576873,"Novel electrochemical method to evaluate the antioxidant capacity of infusions and beverages, based on in situ formation of free superoxide radicals","Juárez-Gómez, J.| Ramírez-Silva, M.T.| Guzmán-Hernández, D.S.| Romero-Romo, M.| Palomar-Pardavé, M.",5.0,35758590500| 6603801645| 35195662800| 6602576873| 6603788018,2020.0,2020-12-01,Food Chemistry,332,-,-,127409,ISSN-03088146,24039.0,Journal,Elsevier Ltd,English,2.23,5,11.9,3,1.772,4,2.04,69.0,21.0,0.93,14.03,23.0,30.0,0.0,0.0,"Juárez-Gómez, J., Ramírez-Silva, M.T., Guzmán-Hernández, D.S. and 2 more (...) (2020).Novel electrochemical method to evaluate the antioxidant capacity of infusions and beverages, based on in situ formation of free superoxide radicals. Food Chemistry,332",https://www.scopus.com/record/display.url?eid=2-s2.0-85087000230&origin=resultslist,10.1016/j.foodchem.2020.127409,Article,,2-s2.0-85087000230,32615388,Universidad Autónoma Metropolitana,505017,Academic,1.0,60028381| 60023193,Universidad Autónoma Metropolitana -Unidad Iztapalapa| Universidad Autónoma Metropolitana - Azcapotzalco,35758590500,6603788018,6603801645,-,Mexico,1.0,1106| 1602,Food Science| Analytical Chemistry,5| 4,Life Sciences & Medicine| Natural Sciences,409| 502,Chemistry| Agriculture & Forestry,37| 32,Physical Sciences| Life Sciences,30,"Agricultural, Veterinary And Food Sciences",3006,Food sciences,-,Wearable Biosensors for Glucose and Hydrogen Peroxide Detection,634,82.472,Electrochemical Biosensors for Superoxide Detection,48822,67.319,Weak,UAM,1.0
"Romero, Mario Alberto",6602576873,Electrocatalytic oxidation of formic acid by palladium nanoparticles electrochemically synthesized from a deep eutectic solvent,"Juárez-Marmolejo, L.| Maldonado-Teodocio, B.| de Oca-Yemha, M.G.M.| Romero-Romo, M.| Arce-Estrada, E.M.| Ezeta-Mejía, A.| Ramírez-Silva, M.T.| Mostany, J.| Palomar-Pardavé, M.",9.0,57204944845| 57216796803| 55368334500| 6602576873| 8413430200| 55585038300| 6603801645| 57201663285| 6603788018,2022.0,2022-07-01,Catalysis Today,394-396,-,190-197,-,ISSN-09205861,16377.0,Journal,Elsevier B.V.,English,1.08,26,11.9,10,1.053,15,2.27,66.0,19.0,0.82,20.72,17.0,35.0,0.0,0.0,"Juárez-Marmolejo, L., Maldonado-Teodocio, B., de Oca-Yemha, M.G.M. and 6 more (...) (2022).Electrocatalytic oxidation of formic acid by palladium nanoparticles electrochemically synthesized from a deep eutectic solvent. Catalysis Today,394-396190-197",https://www.scopus.com/record/display.url?eid=2-s2.0-85118542468&origin=resultslist,10.1016/j.cattod.2021.10.012,Article,,2-s2.0-85118542468,-,Universidad Simón Bolívar| Universidad Autónoma Metropolitana| Instituto Politécnico Nacional,607005| 505017| 505011,Academic,3.0,60023193| 60006489| 60019176| 60028381| 60026438,Universidad Autónoma Metropolitana - Azcapotzalco| Escuela Superior de Ingenieria Quimica e Industrias Extractivas| Instituto Politécnico Nacional| Universidad Autónoma Metropolitana -Unidad Iztapalapa| Universidad Simón Bolívar,57204944845,6603788018,6603788018,-,Mexico| Venezuela,2.0,1503| 1600,Catalysis| General Chemistry,2| 4,Engineering & Technology| Natural Sciences,249| 219| 409,Engineering - Petroleum| Engineering - Chemical| Chemistry,37| 36,Physical Sciences| Engineering,34| 40,Chemical Sciences| Engineering,-,-,-,Fuel Cells and Polymer Electrolytes,79,97.646,Catalytic Innovations in Formic Acid Fuel Cells,13583,92.101,Very Good,Internacional,2.0
"Romero, Mario Alberto",6602576873,"Ion-selective electrodes for mercury determination at low concentrations: construction, optimization and application","Juárez-Gómez, J.| Ramírez-Silva, M.T.| Romero-Romo, M.| Rodríguez-Sevilla, E.| Pérez-García, F.| Palomar-Pardavé, M.",6.0,35758590500| 6603801645| 6602576873| 56483270800| 15048540400| 6603788018,2016.0,2016-01-01,Journal of the Electrochemical Society,163,3,B90-B96,-,ISSN-00134651,25169.0,Journal,Electrochemical Society Inc.,English,0.99,29,5.5,10,1.222,8,3.02,100.0,18.0,0.61,11.45,29.0,42.0,0.0,0.0,"Juárez-Gómez, J., Ramírez-Silva, M.T., Romero-Romo, M. and 3 more (...) (2016).Ion-selective electrodes for mercury determination at low concentrations: construction, optimization and application. Journal of the Electrochemical Society,163(3) B90-B96",https://www.scopus.com/record/display.url?eid=2-s2.0-84955472321&origin=resultslist,10.1149/2.0621603jes,Article,,2-s2.0-84955472321,-,Universidad Autónoma Metropolitana| Universidad Autonoma del Estado de Mexico| Universidad Nacional Autónoma de México,505017| 505051| 505023,Academic,3.0,60028381| 60002281| 60175860| 60023193| 108113083,Universidad Autónoma Metropolitana -Unidad Iztapalapa| Universidad Autónoma del Estado de México| Centro Conjunto de Investigación en Química Sustentable UAEM-UNAM| Universidad Autónoma Metropolitana - Azcapotzalco| Universidad Tecnológica de Tula-Tepeji,35758590500,6603788018,-,-,Mexico,1.0,1603| 2105| 2504| 2505| 2508,"Electrochemistry| Renewable Energy, Sustainability and the Environment| Electronic, Optical and Magnetic Materials| Materials Chemistry| Surfaces, Coatings and Films",2| 4,Engineering & Technology| Natural Sciences,433| 221| 409,Materials Science| Engineering - Electrical & Electronic| Chemistry,36| 37,Engineering| Physical Sciences,34| 40,Chemical Sciences| Engineering,4016| 3406,Materials engineering| Physical chemistry,-,Innovative Methods for Dye Removal and Analysis,470,77.894,Ion-Selective Electrodes for Metal Detection,3356,84.236,Definitive,Nacional,3.0
"Romero, Mario Alberto",6602576873,Effect of zirconia nanoparticles in epoxy-silica hybrid adhesives to join aluminum substrates,"Figueroa-Lara, J.J.| Torres-Rodríguez, M.| Gutiérrez-Arzaluz, M.| Romero-Romo, M.",4.0,54782463100| 7402579679| 36865990600| 6602576873,2017.0,2017-09-27,Materials,10,10,-,1135,ISSN-19961944,76627.0,Journal,MDPI AG,English,1.32,16,3.4,33,0.732,29,1.51,52.0,18.0,0.93,11.86,29.0,31.0,0.0,0.0,"Figueroa-Lara, J.J., Torres-Rodríguez, M., Gutiérrez-Arzaluz, M. and 1 more (...) (2017).Effect of zirconia nanoparticles in epoxy-silica hybrid adhesives to join aluminum substrates. Materials,10(10) ",https://www.scopus.com/record/display.url?eid=2-s2.0-85030104237&origin=resultslist,10.3390/ma10101135,Article,Gold|Green,2-s2.0-85030104237,-,Universidad Autónoma Metropolitana,505017,Academic,1.0,60023193,Universidad Autónoma Metropolitana - Azcapotzalco,54782463100,6602576873,54782463100,-,Mexico,1.0,2500| 3104,General Materials Science| Condensed Matter Physics,2| 4,Engineering & Technology| Natural Sciences,433| 439,Materials Science| Physics & Astronomy,37| 36,Physical Sciences| Engineering,34| 40,Chemical Sciences| Engineering,-,-,-,Composite Materials in Structural Integrity and Performance,290,80.903,Enhancing Adhesive Joints through Surface Treatments,17167,88.507,Defensible,UAM,1.0
"Romero, Mario Alberto",6602576873,Electrochemical Corrosion Behavior of Borided CoCrMo Alloy Immersed in Hanks’ Solution,"Rosas-Becerra, G.| Mejía-Caballero, I.| Martínez-Trinidad, J.| Palomar-Pardavé, M.| Romero-Romo, M.| Pérez-Pasten-Borja, R.| Campos-Silva, I.",7.0,57193094077| 56182243500| 8432492800| 6603788018| 6602576873| 57196066241| 56682127800,2017.0,2017-02-01,Journal of Materials Engineering and Performance,26,2,704-714,-,ISSN-10599495,21160.0,Journal,Springer New York LLC,English,0.98,31,2.5,33,0.611,31,3.07,108.0,18.0,0.68,11.72,29.0,39.0,0.0,0.0,"Rosas-Becerra, G., Mejía-Caballero, I., Martínez-Trinidad, J. and 4 more (...) (2017).Electrochemical Corrosion Behavior of Borided CoCrMo Alloy Immersed in Hanks’ Solution. Journal of Materials Engineering and Performance,26(2) 704-714",https://www.scopus.com/record/display.url?eid=2-s2.0-85010756876&origin=resultslist,10.1007/s11665-017-2513-1,Article,,2-s2.0-85010756876,-,Universidad Autónoma Metropolitana| Instituto Politécnico Nacional,505017| 505011,Academic,2.0,60019176| 60023193,Instituto Politécnico Nacional| Universidad Autónoma Metropolitana - Azcapotzalco,57193094077,56682127800,56682127800,-,Mexico,1.0,2210| 2211| 2500,Mechanical Engineering| Mechanics of Materials| General Materials Science,2,Engineering & Technology,222| 433,Engineering - Mechanical| Materials Science,36,Engineering,40,Engineering,4017| 4016,Mechanical engineering| Materials engineering,-,High Entropy Alloys and Advanced Coating Technologies,404,96.926,Enhancing Surface Properties through Boride Layers,10390,91.242,Definitive,Nacional,2.0
"Romero, Mario Alberto",6602576873,Voltammetric determination of ibuprofen using a carbon paste – multiwalled carbon nanotube composite electrode,"Rivera-Hernández, S.I.| Álvarez-Romero, G.A.| Corona-Avendaño, S.| Páez-Hernández, M.E.| Galán-Vidal, C.A.| Romero-Romo, M.",6.0,56664376400| 55995905400| 6507494250| 56000741200| 6603437155| 6602576873,2016.0,2016-09-02,Instrumentation Science and Technology,44,5,483-494,-,ISSN-10739149,23999.0,Journal,Taylor and Francis Inc.,English,0.55,59,1.4,51,0.245,58,2.38,68.0,17.0,0.36,8.26,31.0,53.0,0.0,0.0,"Rivera-Hernández, S.I., Álvarez-Romero, G.A., Corona-Avendaño, S. and 3 more (...) (2016).Voltammetric determination of ibuprofen using a carbon paste – multiwalled carbon nanotube composite electrode. Instrumentation Science and Technology,44(5) 483-494",https://www.scopus.com/record/display.url?eid=2-s2.0-84969631033&origin=resultslist,10.1080/10739149.2016.1173061,Article,,2-s2.0-84969631033,-,Universidad Autónoma Metropolitana| Universidad Autonoma del Estado de Hidalgo,505017| 505050,Academic,2.0,60027135| 60023193,Universidad Autónoma del Estado de Hidalgo| Universidad Autónoma Metropolitana - Azcapotzalco,56664376400,6602576873,55995905400,-,Mexico,1.0,1500| 2300| 3105,General Chemical Engineering| General Environmental Science| Instrumentation,2| 4,Engineering & Technology| Natural Sciences,439| 219| 424,Physics & Astronomy| Engineering - Chemical| Environmental Sciences,37| 36,Physical Sciences| Engineering,34,Chemical Sciences,3401,Analytical chemistry,-,Electrochemical Sensors and Molecular Imprinting Techniques,718,81.949,Sensitive Electrochemical Methods for Drug Quantification,67327,60.657,Very Good,Nacional,2.0
"Romero, Mario Alberto",6602576873,"Effect of Hydrodynamic Conditions, Temperature and Immersion Times on the Corrosion Inhibition Efficiency of API 5L X52 Steel in 1M HCl Containing 1H-1,2,4 or 1H-1,2,3-triazoles","Espinoza-Vázquez, A.| Negrón-Silva, G.E.| González-Olvera, R.| Angeles-Beltrán, D.| Romero-Romo, M.| Palomar-Pardavé, M.",6.0,55662752400| 55662708000| 8206979400| 15049353600| 6602576873| 6603788018,2017.0,2017-01-01,Arabian Journal for Science and Engineering,42,1,163-174,-,ISSN-2193567X,13951.0,Journal,Springer Verlag,English,0.72,47,2.1,19,0.303,28,1.45,48.0,17.0,0.46,17.34,30.0,49.0,0.0,0.0,"Espinoza-Vázquez, A., Negrón-Silva, G.E., González-Olvera, R. and 3 more (...) (2017).Effect of Hydrodynamic Conditions, Temperature and Immersion Times on the Corrosion Inhibition Efficiency of API 5L X52 Steel in 1M HCl Containing 1H-1,2,4 or 1H-1,2,3-triazoles. Arabian Journal for Science and Engineering,42(1) 163-174",https://www.scopus.com/record/display.url?eid=2-s2.0-85008192292&origin=resultslist,10.1007/s13369-016-2116-4,Article,,2-s2.0-85008192292,-,Universidad Autónoma Metropolitana| Universidad Nacional Autónoma de México,505017| 505023,Academic,2.0,60023193| 60032442,Universidad Autónoma Metropolitana - Azcapotzalco| Universidad Nacional Autónoma de México,55662752400,6603788018,6603788018,-,Mexico,1.0,1000,Multidisciplinary,-,-,-,-,-,-,40,Engineering,4004| 4016| 4005,Chemical engineering| Materials engineering| Civil engineering,-,Corrosion Inhibition Mechanisms in Metal Alloys,933,76.455,Corrosion Inhibitors for Steel Protection and Efficiency,2,99.891,Definitive,Nacional,2.0
"Romero, Mario Alberto",6602576873,"Effective mercury(II) bioremoval from aqueous solution, and its electrochemical determination","Balderas-Hernández, P.| Roa-Morales, G.| Ramírez-Silva, M.T.| Romero-Romo, M.| Rodríguez-Sevilla, E.| Esparza-Schulz, J.M.| Juárez-Gómez, J.",7.0,6506479802| 7801436463| 6603801645| 6602576873| 56483270800| 55856922200| 35758590500,2017.0,2017-01-01,Chemosphere,167,-,314-321,-,ISSN-00456535,24657.0,Journal,Elsevier Ltd,English,1.48,12,6.4,10,1.435,12,2.81,125.0,16.0,0.74,13.51,32.0,37.0,0.0,0.0,"Balderas-Hernández, P., Roa-Morales, G., Ramírez-Silva, M.T. and 4 more (...) (2017).Effective mercury(II) bioremoval from aqueous solution, and its electrochemical determination. Chemosphere,167314-321",https://www.scopus.com/record/display.url?eid=2-s2.0-84991246974&origin=resultslist,10.1016/j.chemosphere.2016.10.009,Article,,2-s2.0-84991246974,27732923,Universidad Autónoma Metropolitana| Universidad Autonoma del Estado de Mexico| Universidad Nacional Autónoma de México,505017| 505051| 505023,Academic,3.0,60175860| 60002281| 60028381| 60023193| 60032442,Centro Conjunto de Investigación en Química Sustentable UAEM-UNAM| Universidad Autónoma del Estado de México| Universidad Autónoma Metropolitana -Unidad Iztapalapa| Universidad Autónoma Metropolitana - Azcapotzalco| Universidad Nacional Autónoma de México,6506479802,35758590500,35758590500,-,Mexico,1.0,1600| 2304| 2305| 2307| 2310,"General Chemistry| Environmental Chemistry| Environmental Engineering| Health, Toxicology and Mutagenesis| Pollution",3| 2| 4| 5,Social Sciences & Management| Engineering & Technology| Natural Sciences| Life Sciences & Medicine,409| 249| 424,Chemistry| Engineering - Petroleum| Environmental Sciences,34| 37,Medical and Health| Physical Sciences,MD,Multidisciplinary,MD,Multidisciplinary,SDG 6,Adsorption Mechanisms for Metal Ion Removal,54,98.234,Biosorption Mechanisms for Heavy Metal Removal,89,99.148,Defensible,Nacional,3.0
"Romero, Mario Alberto",6602576873,Experimental and theoretical study on the corrosion inhibition of API 5L X52 steel in acid media by a new quinazoline derivative,"Aldana-González, J.| Cervantes-Cuevas, H.| Alfaro-Romo, C.| Rodriguez-Clemente, E.| Uruchurtu-Chavarin, J.| Romero-Romo, M.| de Oca-Yemha, M.G.M.| Morales-Gil, P.| Mendoza-Huizar, L.H.| Palomar-Pardavé, M.",10.0,55842149700| 6602858573| 57219327260| 54881302600| 57204538398| 6602576873| 24399524500| 56117026900| 6507875400| 6603788018,2020.0,2020-12-15,Journal of Molecular Liquids,320,-,-,114449,ISSN-01677322,26965.0,Journal,Elsevier B.V.,English,1.38,17,8.4,8,0.929,15,2.13,53.0,16.0,0.33,12.15,29.0,56.0,0.0,0.0,"Aldana-González, J., Cervantes-Cuevas, H., Alfaro-Romo, C. and 7 more (...) (2020).Experimental and theoretical study on the corrosion inhibition of API 5L X52 steel in acid media by a new quinazoline derivative. Journal of Molecular Liquids,320",https://www.scopus.com/record/display.url?eid=2-s2.0-85092227546&origin=resultslist,10.1016/j.molliq.2020.114449,Article,,2-s2.0-85092227546,-,Universidad Autonoma del Estado de Morelos| Universidad Autónoma Metropolitana| Universidad Autonoma del Estado de Hidalgo| Instituto Mexicano del Petroleo,505016| 505017| 505050| 505005,Academic| Government,4.0,60023193| 60025626| 60019271| 60027135,Universidad Autónoma Metropolitana - Azcapotzalco| Universidad Autónoma del Estado de Morelos| Instituto Mexicano Del Petroleo| Universidad Autónoma del Estado de Hidalgo,55842149700,6603788018,6507875400,-,Mexico,1.0,1606| 1607| 2504| 2505| 3104| 3107,"Physical and Theoretical Chemistry| Spectroscopy| Electronic, Optical and Magnetic Materials| Materials Chemistry| Condensed Matter Physics| Atomic and Molecular Physics, and Optics",4| 2,Natural Sciences| Engineering & Technology,433| 249| 439| 409,Materials Science| Engineering - Petroleum| Physics & Astronomy| Chemistry,36| 37,Engineering| Physical Sciences,34| 40,Chemical Sciences| Engineering,4004| 3406,Chemical engineering| Physical chemistry,-,Corrosion Inhibition Mechanisms in Metal Alloys,933,76.455,Corrosion Inhibitors for Steel Protection and Efficiency,2,99.891,Definitive,Nacional,4.0
"Romero, Mario Alberto",6602576873,Spectro-electrochemical characterization and quantification of Rutin in aqueous media,"Guzmán-Hernández, D.S.| Palomar-Pardavé, M.| Sánchez-Pérez, F.| Juárez-Gómez, J.| Corona-Avendaño, S.| Romero-Romo, M.| Ramírez-Silva, M.T.",7.0,35195662800| 6603788018| 57214720409| 35758590500| 6507494250| 6602576873| 6603801645,2020.0,2020-03-05,Spectrochimica Acta - Part A: Molecular and Biomolecular Spectroscopy,228,-,-,117814,ISSN-13861425,24530.0,Journal,Elsevier B.V.,English,1.09,27,5.8,9,0.606,31,2.09,51.0,15.0,0.41,12.21,31.0,51.0,0.0,0.0,"Guzmán-Hernández, D.S., Palomar-Pardavé, M., Sánchez-Pérez, F. and 4 more (...) (2020).Spectro-electrochemical characterization and quantification of Rutin in aqueous media. Spectrochimica Acta - Part A: Molecular and Biomolecular Spectroscopy,228",https://www.scopus.com/record/display.url?eid=2-s2.0-85079013676&origin=resultslist,10.1016/j.saa.2019.117814,Article,,2-s2.0-85079013676,31780308,Consejo Nacional de Ciencia y Tecnologia Mexico| Universidad Autónoma Metropolitana,704696| 505017,Government| Academic,2.0,60027998| 60028381| 60023193,"Secretaría de Ciencia, Humanidades, Tecnología e Innovación| Universidad Autónoma Metropolitana -Unidad Iztapalapa| Universidad Autónoma Metropolitana - Azcapotzalco",35195662800,6603801645,6603801645,-,Mexico,1.0,1602| 1607| 3105| 3107,"Analytical Chemistry| Spectroscopy| Instrumentation| Atomic and Molecular Physics, and Optics",4,Natural Sciences,409| 439,Chemistry| Physics & Astronomy,37,Physical Sciences,34,Chemical Sciences,3406| 3403| 3401,Physical chemistry| Macromolecular and materials chemistry| Analytical chemistry,-,Flavonoids and Their Impact on Health,124,91.825,Electrochemical Detection of Flavonoids Using Modified Sensors,31254,91.526,Defensible,Nacional,2.0
"Romero, Mario Alberto",6602576873,Electrochemical Deposition of Pd@Pd(OH)2Core-Shell Nanoparticles onto Glassy Carbon from a Deep Eutectic Solvent (Reline) and their Use as Electrocatalyst for the Methanol Oxidation Reaction,"Juárez-Marmolejo, L.| Maldonado-Teodocio, B.| Montes De Oca-Yemha, M.G.| Romero-Romo, M.| Ramírez-Silva, M.T.| Arce-Estrada, E.M.| Morales-Gil, P.| Mostany, J.| Palomar-Pardavé, M.",9.0,57204944845| 57216796803| 24399524500| 6602576873| 6603801645| 8413430200| 56117026900| 57201663285| 6603788018,2020.0,2020-01-08,Journal of the Electrochemical Society,167,11,-,112509,ISSN-00134651,25169.0,Journal,IOP Publishing Ltd,English,1,32,6.6,13,1.258,10,0.95,30.0,15.0,0.28,14.36,31.0,60.0,0.0,0.0,"Juárez-Marmolejo, L., Maldonado-Teodocio, B., Montes De Oca-Yemha, M.G. and 6 more (...) (2020).Electrochemical Deposition of Pd@Pd(OH)2Core-Shell Nanoparticles onto Glassy Carbon from a Deep Eutectic Solvent (Reline) and their Use as Electrocatalyst for the Methanol Oxidation Reaction. Journal of the Electrochemical Society,167(11) ",https://www.scopus.com/record/display.url?eid=2-s2.0-85094955625&origin=resultslist,10.1149/1945-7111/aba7d9,Article,,2-s2.0-85094955625,-,Universidad Simón Bolívar| Universidad Autónoma Metropolitana| Instituto Politécnico Nacional| Instituto Mexicano del Petroleo,607005| 505017| 505011| 505005,Government| Academic,4.0,60023193| 60028381| 60019176| 60006489| 60019271| 60026438,Universidad Autónoma Metropolitana - Azcapotzalco| Universidad Autónoma Metropolitana -Unidad Iztapalapa| Instituto Politécnico Nacional| Escuela Superior de Ingenieria Quimica e Industrias Extractivas| Instituto Mexicano Del Petroleo| Universidad Simón Bolívar,57204944845,6603788018,24399524500,-,Mexico| Venezuela,2.0,1603| 2105| 2504| 2505| 2508| 3104,"Electrochemistry| Renewable Energy, Sustainability and the Environment| Electronic, Optical and Magnetic Materials| Materials Chemistry| Surfaces, Coatings and Films| Condensed Matter Physics",4| 2,Natural Sciences| Engineering & Technology,439| 433| 409| 221,Physics & Astronomy| Materials Science| Chemistry| Engineering - Electrical & Electronic,37| 36,Physical Sciences| Engineering,40| 34,Engineering| Chemical Sciences,3406| 4016,Physical chemistry| Materials engineering,-,Fuel Cells and Polymer Electrolytes,79,97.646,Catalytic Nanoparticles for Enhanced Fuel Cell Performance,1035,99.459,Very Good,Internacional,3.0
"Romero, Mario Alberto",6602576873,Electrochemical nucleation and growth of aluminum nanoparticles and leaf-like flat microstructures from reline deep eutectic solvent: Effect of temperature and angular speed of working electrode,"VIDAL-GARCÍA, G.| GUINTO-PANO, C.E.| GARCÍA-HERNÁNDEZ, I.| RODRÍGUEZ-CLEMENTE, E.| MORALES-GIL, P.| RAMÍREZ-SILVA, M.T.| ROMERO-ROMO, M.| PALOMAR-PARDAVÉ, M.",8.0,57578398400| 57207855568| 57577509900| 54881302600| 56117026900| 6603801645| 6602576873| 6603788018,2022.0,2022-03-01,Transactions of Nonferrous Metals Society of China (English Edition),32,3,1050-1060,-,ISSN-10036326,27854.0,Journal,Nonferrous Metals Society of China,English,1.45,14,6.5,17,0.875,14,0.92,19.0,15.0,0.99,12.16,21.0,29.0,0.0,0.0,"VIDAL-GARCÍA, G., GUINTO-PANO, C.E., GARCÍA-HERNÁNDEZ, I. and 5 more (...) (2022).Electrochemical nucleation and growth of aluminum nanoparticles and leaf-like flat microstructures from reline deep eutectic solvent: Effect of temperature and angular speed of working electrode. Transactions of Nonferrous Metals Society of China (English Edition),32(3) 1050-1060",https://www.scopus.com/record/display.url?eid=2-s2.0-85128336849&origin=resultslist,10.1016/S1003-6326(22)65854-0,Article,Gold,2-s2.0-85128336849,-,Universidad Autónoma Metropolitana| Instituto Mexicano del Petroleo,505017| 505005,Government| Academic,2.0,60023193| 60019271| 60028381,Universidad Autónoma Metropolitana - Azcapotzalco| Instituto Mexicano Del Petroleo| Universidad Autónoma Metropolitana -Unidad Iztapalapa,57578398400,6603788018,6603788018,-,Mexico,1.0,1909| 2505| 2506| 3104,Geotechnical Engineering and Engineering Geology| Materials Chemistry| Metals and Alloys| Condensed Matter Physics,2| 4,Engineering & Technology| Natural Sciences,247| 249| 416| 433| 439| 451| 450,Engineering - Mineral & Mining| Engineering - Petroleum| Earth & Marine Sciences| Materials Science| Physics & Astronomy| Geophysics| Geology,37| 36,Physical Sciences| Engineering,40,Engineering,4016| 4019| 4017,Materials engineering| Resources engineering and extractive metallurgy| Mechanical engineering,-,Ionic Liquids in Catalysis and Extraction Processes,424,80.052,Electrodeposition Techniques in Ionic Liquid Systems,13603,73.162,Very Good,Nacional,2.0
"Romero, Mario Alberto",6602576873,"Simultaneous electrochemical quantification of naproxen, acetaminophen and diclofenac using a bare carbon paste electrode","Guzmán-Hernández, D.S.| Martínez-Cruz, M.A.| Ramírez-Silva, M.T.| Romero-Romo, M.| Corona-Avendaño, S.| Mendoza-Huizar, L.H.| Palomar-Pardavé, M.",7.0,35195662800| 57191961664| 6603801645| 6602576873| 6507494250| 6507875400| 6603788018,2016.0,2016-11-28,Analytical Methods,8,44,7868-7872,-,ISSN-17599660,19700175229.0,Journal,Royal Society of Chemistry,English,0.64,52,3.3,16,0.595,19,1.72,83.0,13.0,0.4,7.46,36.0,51.0,0.0,0.0,"Guzmán-Hernández, D.S., Martínez-Cruz, M.A., Ramírez-Silva, M.T. and 4 more (...) (2016).Simultaneous electrochemical quantification of naproxen, acetaminophen and diclofenac using a bare carbon paste electrode. Analytical Methods,8(44) 7868-7872",https://www.scopus.com/record/display.url?eid=2-s2.0-84995480743&origin=resultslist,10.1039/c6ay02691e,Article,,2-s2.0-84995480743,-,Consejo Nacional de Ciencia y Tecnologia Mexico| Universidad Autónoma Metropolitana| Universidad Autonoma del Estado de Hidalgo,704696| 505017| 505050,Academic| Government,3.0,60027998| 60028381| 60023193| 60027135,"Secretaría de Ciencia, Humanidades, Tecnología e Innovación| Universidad Autónoma Metropolitana -Unidad Iztapalapa| Universidad Autónoma Metropolitana - Azcapotzalco| Universidad Autónoma del Estado de Hidalgo",35195662800,6603788018,6603801645,-,Mexico,1.0,1500| 1602| 2200,General Chemical Engineering| Analytical Chemistry| General Engineering,4| 2,Natural Sciences| Engineering & Technology,219| 409,Engineering - Chemical| Chemistry,36| 37,Engineering| Physical Sciences,34| 40,Chemical Sciences| Engineering,3401| 4004,Analytical chemistry| Chemical engineering,-,Electrochemical Sensors and Molecular Imprinting Techniques,718,81.949,Electrochemical Detection Methods for Diclofenac Analysis,41294,74.616,Defensible,Nacional,3.0
"Romero, Mario Alberto",6602576873,Quinizarin characterization and quantification in aqueous media using UV-VIS spectrophotometry and cyclic voltammetry,"Rivas-Sánchez, A.K.| Guzmán-Hernández, D.S.| Ramírez-Silva, M.T.| Romero-Romo, M.| Palomar-Pardavé, M.",5.0,57218602328| 35195662800| 6603801645| 6602576873| 6603788018,2021.0,2021-01-01,Dyes and Pigments,184,-,-,108641,ISSN-01437208,23502.0,Journal,Elsevier Ltd,English,0.88,39,8.1,12,0.699,24,1.52,71.0,13.0,0.53,15.09,30.0,46.0,0.0,0.0,"Rivas-Sánchez, A.K., Guzmán-Hernández, D.S., Ramírez-Silva, M.T. and 2 more (...) (2021).Quinizarin characterization and quantification in aqueous media using UV-VIS spectrophotometry and cyclic voltammetry. Dyes and Pigments,184",https://www.scopus.com/record/display.url?eid=2-s2.0-85089741407&origin=resultslist,10.1016/j.dyepig.2020.108641,Article,,2-s2.0-85089741407,-,Consejo Nacional de Ciencia y Tecnologia Mexico| Universidad Autónoma Metropolitana,704696| 505017,Government| Academic,2.0,60028381| 60027998| 60023193,"Universidad Autónoma Metropolitana -Unidad Iztapalapa| Secretaría de Ciencia, Humanidades, Tecnología e Innovación| Universidad Autónoma Metropolitana - Azcapotzalco",57218602328,6603788018,6603801645,-,Mexico,1.0,1500| 1508,General Chemical Engineering| Process Chemistry and Technology,2,Engineering & Technology,219| 249,Engineering - Chemical| Engineering - Petroleum,36,Engineering,34,Chemical Sciences,3406| 3403,Physical chemistry| Macromolecular and materials chemistry,-,Microbial Solutions for Hydrocarbon Biodegradation,308,83.322,Ethanol Influence on Groundwater Biodegradation Dynamics,69957,33.164,Defensible,Nacional,2.0
"Romero, Mario Alberto",6602576873,Functionalized coatings based on organic polymer matrix against the process of corrosion of mild steel in neutral medium,"Bustos-Terrones, V.| Serratos, I.N.| Castañeda-Villa, N.| Vicente Escobar, J.O.| Romero Romo, M.A.| Córdoba, G.| Uruchurtu Chavarín, J.| Menchaca Campos, C.| Esparza Schulz, J.M.| Domínguez Ortiz, A.",10.0,57201374622| 56013689500| 16174477800| 57201380269| 6602576873| 6602526479| 6602981882| 6603659682| 55856922200| 56200723600,2018.0,2018-06-01,Progress in Organic Coatings,119,-,221-229,-,ISSN-03009440,13261.0,Journal,Elsevier B.V.,English,1.41,15,5.7,12,0.822,19,2.3,70.0,12.0,0.6,11.59,38.0,42.0,0.0,0.0,"Bustos-Terrones, V., Serratos, I.N., Castañeda-Villa, N. and 7 more (...) (2018).Functionalized coatings based on organic polymer matrix against the process of corrosion of mild steel in neutral medium. Progress in Organic Coatings,119221-229",https://www.scopus.com/record/display.url?eid=2-s2.0-85044503541&origin=resultslist,10.1016/j.porgcoat.2017.12.011,Article,,2-s2.0-85044503541,-,Universidad Autonoma del Estado de Morelos| Universidad Autónoma Metropolitana,505016| 505017,Academic,2.0,60025626| 60028381| 60023193,Universidad Autónoma del Estado de Morelos| Universidad Autónoma Metropolitana -Unidad Iztapalapa| Universidad Autónoma Metropolitana - Azcapotzalco,57201374622,56200723600,57201374622,-,Mexico,1.0,1500| 1605| 2505| 2508,"General Chemical Engineering| Organic Chemistry| Materials Chemistry| Surfaces, Coatings and Films",2| 4,Engineering & Technology| Natural Sciences,219| 433| 249| 409,Engineering - Chemical| Materials Science| Engineering - Petroleum| Chemistry,36| 37,Engineering| Physical Sciences,40,Engineering,4016,Materials engineering,-,Conductive Polymers and Their Multifaceted Applications,963,32.832,Corrosion Resistance of Polypyrrole Coatings in Steel Applications,8960,89.8,Very Good,Nacional,2.0
"Romero, Mario Alberto",6602576873,"Laccase Inhibition by Mercury: Kinetics, Inhibition Mechanism, and Preliminary Application in the Spectrophotometric Quantification of Mercury Ions","Juárez-Gómez, J.| Rosas-Tate, E.S.| Roa-Morales, G.| Balderas-Hernández, P.| Romero-Romo, M.| Ramírez-Silva, M.T.",6.0,35758590500| 57202706326| 7801436463| 6506479802| 6602576873| 6603801645,2018.0,2018-01-01,Journal of Chemistry,2018,-,-,7462697,ISSN-20909063,21100208308.0,Journal,Hindawi Limited,English,0.68,52,2.1,51,0.341,48,1.19,33.0,12.0,0.38,15.69,38.0,53.0,0.0,0.0,"Juárez-Gómez, J., Rosas-Tate, E.S., Roa-Morales, G. and 3 more (...) (2018).Laccase Inhibition by Mercury: Kinetics, Inhibition Mechanism, and Preliminary Application in the Spectrophotometric Quantification of Mercury Ions. Journal of Chemistry,2018",https://www.scopus.com/record/display.url?eid=2-s2.0-85049104071&origin=resultslist,10.1155/2018/7462697,Article,Gold|Green,2-s2.0-85049104071,-,Universidad Autónoma Metropolitana| Universidad Autonoma del Estado de Mexico| Universidad Nacional Autónoma de México,505017| 505051| 505023,Academic,3.0,60028381| 60002281| 60175860| 60023193,Universidad Autónoma Metropolitana -Unidad Iztapalapa| Universidad Autónoma del Estado de México| Centro Conjunto de Investigación en Química Sustentable UAEM-UNAM| Universidad Autónoma Metropolitana - Azcapotzalco,35758590500,6603801645,6603801645,-,Mexico,1.0,1600,General Chemistry,4,Natural Sciences,409,Chemistry,37,Physical Sciences,34,Chemical Sciences,-,-,-,Nanozymes and Pesticide Residue Detection Methods,579,92.74,Biosensor Innovations for Heavy Metal Detection,68748,36.351,Defensible,Nacional,3.0
"Romero, Mario Alberto",6602576873,Electrochemical Nucleation and Growth of Pd-Co Alloy Nanoparticles from the Reline Deep Eutectic Solvent,"Landa-Castro, M.| Romero-Romo, M.| Arce-Estrada, E.| Morales-Gil, P.| de Oca-Yemha, M.G.M.| Palomar-Pardavé, M.",6.0,57215664864| 6602576873| 8413430200| 56117026900| 55368334500| 6603788018,2022.0,2022-09-01,Journal of the Electrochemical Society,169,9,-,092521,ISSN-00134651,25169.0,Journal,Institute of Physics,English,0.89,37,7.2,16,0.954,17,1.23,28.0,12.0,0.76,14.56,26.0,37.0,0.0,0.0,"Landa-Castro, M., Romero-Romo, M., Arce-Estrada, E. and 3 more (...) (2022).Electrochemical Nucleation and Growth of Pd-Co Alloy Nanoparticles from the Reline Deep Eutectic Solvent. Journal of the Electrochemical Society,169(9) ",https://www.scopus.com/record/display.url?eid=2-s2.0-85139942272&origin=resultslist,10.1149/1945-7111/ac91fa,Article,,2-s2.0-85139942272,-,Universidad Autónoma Metropolitana| Instituto Politécnico Nacional| Instituto Mexicano del Petroleo,505017| 505011| 505005,Academic| Government,3.0,60023193| 60019176| 60006489| 60019271,Universidad Autónoma Metropolitana - Azcapotzalco| Instituto Politécnico Nacional| Escuela Superior de Ingenieria Quimica e Industrias Extractivas| Instituto Mexicano Del Petroleo,57215664864,6603788018,-,-,Mexico,1.0,1603| 2105| 2504| 2505| 2508| 3104,"Electrochemistry| Renewable Energy, Sustainability and the Environment| Electronic, Optical and Magnetic Materials| Materials Chemistry| Surfaces, Coatings and Films| Condensed Matter Physics",2| 4,Engineering & Technology| Natural Sciences,221| 433| 409| 439,Engineering - Electrical & Electronic| Materials Science| Chemistry| Physics & Astronomy,37| 36,Physical Sciences| Engineering,34| 40,Chemical Sciences| Engineering,3406| 4016,Physical chemistry| Materials engineering,-,Fuel Cells and Polymer Electrolytes,79,97.646,Catalytic Innovations in Formic Acid Fuel Cells,13583,92.101,Defensible,Nacional,3.0
"Romero, Mario Alberto",6602576873,Electrodeposition of nanostructured chromium conglomerates from Cr(III) dissolved in a deep eutectic solvent: Influence of forced convection,"Mejía-Caballero, I.| Le Manh, T.| Aldana-González, J.| Arce-Estrada, E.M.| Romero-Romo, M.| Campos-Silva, I.| Ramírez-Silva, M.T.| Palomar-Pardavé, M.",8.0,56182243500| 57205572924| 55842149700| 8413430200| 6602576873| 56682127800| 6603801645| 6603788018,2021.0,2021-11-01,Journal of the Electrochemical Society,168,11,-,112512,ISSN-00134651,25169.0,Journal,IOP Publishing Ltd,English,0.94,35,7,16,1.066,12,1.8,56.0,12.0,0.39,15.21,32.0,54.0,0.0,0.0,"Mejía-Caballero, I., Le Manh, T., Aldana-González, J. and 5 more (...) (2021).Electrodeposition of nanostructured chromium conglomerates from Cr(III) dissolved in a deep eutectic solvent: Influence of forced convection. Journal of the Electrochemical Society,168(11) ",https://www.scopus.com/record/display.url?eid=2-s2.0-85121099642&origin=resultslist,10.1149/1945-7111/ac39d7,Article,,2-s2.0-85121099642,-,Phenikaa University| Universidad Autónoma Metropolitana| Instituto Politécnico Nacional,716231| 505017| 505011,Academic,3.0,60023193| 60019176| 60112782| 60028381,Universidad Autónoma Metropolitana - Azcapotzalco| Instituto Politécnico Nacional| Phenikaa University| Universidad Autónoma Metropolitana -Unidad Iztapalapa,56182243500,6603788018,56182243500| 6603788018,-,Mexico| Viet Nam,2.0,1603| 2105| 2504| 2505| 2508,"Electrochemistry| Renewable Energy, Sustainability and the Environment| Electronic, Optical and Magnetic Materials| Materials Chemistry| Surfaces, Coatings and Films",2| 4,Engineering & Technology| Natural Sciences,221| 409| 433,Engineering - Electrical & Electronic| Chemistry| Materials Science,36| 37,Engineering| Physical Sciences,34| 40,Chemical Sciences| Engineering,3406| 4016,Physical chemistry| Materials engineering,-,Biomass Conversion and Catalytic Innovations,49,98.103,Natural Deep Eutectic Solvents in Extraction Applications,2617,99.885,Very Good,Internacional,2.0
"Romero, Mario Alberto",6602576873,Introduction to Validation of Analytical Methods: Potentiometric Determination of CO2,"Hipólito-Nájera, A.R.| Moya-Hernández, M.R.| Gómez-Balderas, R.| Rojas-Hernández, A.| Romero-Romo, M.",5.0,57195611266| 6504358380| 6602784807| 7004253053| 6602576873,2017.0,2017-09-12,Journal of Chemical Education,94,9,1303-1308,-,ISSN-00219584,24169.0,Journal,American Chemical Society,English,0.98,30,2.8,17,0.466,39,1.06,64.0,12.0,0.25,8.07,38.0,60.0,0.0,0.0,"Hipólito-Nájera, A.R., Moya-Hernández, M.R., Gómez-Balderas, R. and 2 more (...) (2017).Introduction to Validation of Analytical Methods: Potentiometric Determination of CO2. Journal of Chemical Education,94(9) 1303-1308",https://www.scopus.com/record/display.url?eid=2-s2.0-85029230765&origin=resultslist,10.1021/acs.jchemed.7b00252,Article,,2-s2.0-85029230765,-,Universidad Autónoma Metropolitana| Universidad Nacional Autónoma de México,505017| 505023,Academic,2.0,60172565| 60028381| 60023193,Facultad de Estudios Superiores Cuautitlán| Universidad Autónoma Metropolitana -Unidad Iztapalapa| Universidad Autónoma Metropolitana - Azcapotzalco,57195611266,6602576873,6602784807,-,Mexico,1.0,1600| 3304,General Chemistry| Education,4| 3,Natural Sciences| Social Sciences & Management,318| 409,Education & Training| Chemistry,41| 37,Education Studies| Physical Sciences,39| 34,Education| Chemical Sciences,-,-,-,Hydrodynamics and Mass Transfer in Reactors,1284,18.509,Carbon Dioxide Dynamics in Sparkling Wine,63929,61.931,Weak,Nacional,2.0
"Romero, Mario Alberto",6602576873,Construction and Optimization of a Novel Acetylcholine Ion-Selective Electrode and its Application for Trace Level Determination of Propoxur Pesticide,"Juárez-Gómez, J.| Ramírez-Silva, M.T.| Guzmán-Hernández, D.| Romero-Romo, M.| Palomar-Pardavé, M.",5.0,35758590500| 6603801645| 35195662800| 6602576873| 6603788018,2020.0,2020-01-05,Journal of the Electrochemical Society,167,8,-,087501,ISSN-00134651,25169.0,Journal,Institute of Physics Publishing,English,1,32,6.6,13,1.258,10,0.89,27.0,11.0,0.66,15.09,38.0,39.0,0.0,0.0,"Juárez-Gómez, J., Ramírez-Silva, M.T., Guzmán-Hernández, D. and 2 more (...) (2020).Construction and Optimization of a Novel Acetylcholine Ion-Selective Electrode and its Application for Trace Level Determination of Propoxur Pesticide. Journal of the Electrochemical Society,167(8) ",https://www.scopus.com/record/display.url?eid=2-s2.0-85084765872&origin=resultslist,10.1149/1945-7111/ab8874,Article,,2-s2.0-85084765872,-,Universidad Autónoma Metropolitana,505017,Academic,1.0,60028381| 60023193,Universidad Autónoma Metropolitana -Unidad Iztapalapa| Universidad Autónoma Metropolitana - Azcapotzalco,35758590500,6603788018,-,-,Mexico,1.0,1603| 2105| 2504| 2505| 2508,"Electrochemistry| Renewable Energy, Sustainability and the Environment| Electronic, Optical and Magnetic Materials| Materials Chemistry| Surfaces, Coatings and Films",2| 4,Engineering & Technology| Natural Sciences,409| 433| 221,Chemistry| Materials Science| Engineering - Electrical & Electronic,37| 36,Physical Sciences| Engineering,34| 40,Chemical Sciences| Engineering,4016| 3406,Materials engineering| Physical chemistry,-,Nanozymes and Pesticide Residue Detection Methods,579,92.74,Pesticide Residue Detection in Food Matrices,812,97.946,Defensible,UAM,1.0
"Romero, Mario Alberto",6602576873,Electrochemical Nucleation and Growth of Cobalt after Leaching Waste Lithium-Ion Batteries Using a Deep Eutectic Solvent,"Aldana-González, J.| Sampayo-Garrido, A.| Hernández-Pérez, D.| de Oca-Yemha, M.G.M.| Arce-Estrada, E.M.| Ramírez-Silva, M.T.| Morales-Gil, P.| Romero-Romo, M.| Mugica-Álvarez, V.| Palomar-Pardavé, M.",10.0,55842149700| 57209195568| 57934060800| 55368334500| 8413430200| 6603801645| 56117026900| 6602576873| 57204835583| 6603788018,2022.0,2022-10-01,Journal of the Electrochemical Society,169,10,-,102504,ISSN-00134651,25169.0,Journal,Institute of Physics,English,0.89,37,7.2,16,0.954,17,1.97,47.0,11.0,0.62,14.56,28.0,43.0,0.0,0.0,"Aldana-González, J., Sampayo-Garrido, A., Hernández-Pérez, D. and 7 more (...) (2022).Electrochemical Nucleation and Growth of Cobalt after Leaching Waste Lithium-Ion Batteries Using a Deep Eutectic Solvent. Journal of the Electrochemical Society,169(10) ",https://www.scopus.com/record/display.url?eid=2-s2.0-85140234846&origin=resultslist,10.1149/1945-7111/ac96b3,Article,,2-s2.0-85140234846,-,Universidad Autónoma Metropolitana| Instituto Politécnico Nacional| Instituto Mexicano del Petroleo,505017| 505011| 505005,Academic| Government,3.0,60023193| 60019176| 60006489| 60028381| 60019271,Universidad Autónoma Metropolitana - Azcapotzalco| Instituto Politécnico Nacional| Escuela Superior de Ingenieria Quimica e Industrias Extractivas| Universidad Autónoma Metropolitana -Unidad Iztapalapa| Instituto Mexicano Del Petroleo,55842149700,6603788018,-,-,Mexico,1.0,1603| 2105| 2504| 2505| 2508| 3104,"Electrochemistry| Renewable Energy, Sustainability and the Environment| Electronic, Optical and Magnetic Materials| Materials Chemistry| Surfaces, Coatings and Films| Condensed Matter Physics",4| 2,Natural Sciences| Engineering & Technology,433| 439| 409| 221,Materials Science| Physics & Astronomy| Chemistry| Engineering - Electrical & Electronic,37| 36,Physical Sciences| Engineering,34| 40,Chemical Sciences| Engineering,3406| 4016,Physical chemistry| Materials engineering,SDG 7| SDG 12,Ion Exchange and Lithium Recovery,486,91.563,Recycling Innovations for Lithium-Ion Battery Sustainability,6483,99.925,Very Good,Nacional,3.0
"Romero, Mario Alberto",6602576873,Heat removal analysis on steel billets and slabs produced by continuous casting using numerical simulation,"Ramírez-López, A.| Muñoz-Negrón, D.| Palomar-Pardavé, M.| Romero-Romo, M.A.| Gonzalez-Trejo, J.",5.0,56000891100| 7103163220| 6603788018| 6602576873| 57254140000,2017.0,2017-11-01,International Journal of Advanced Manufacturing Technology,93,5-8,1545-1565,-,ISSN-02683768,20428.0,Journal,Springer London,English,1.74,8,3.5,18,0.994,14,1.47,46.0,10.0,0.27,11.05,42.0,59.0,0.0,0.0,"Ramírez-López, A., Muñoz-Negrón, D., Palomar-Pardavé, M. and 2 more (...) (2017).Heat removal analysis on steel billets and slabs produced by continuous casting using numerical simulation. International Journal of Advanced Manufacturing Technology,93(5-8) 1545-1565",https://www.scopus.com/record/display.url?eid=2-s2.0-85020523816&origin=resultslist,10.1007/s00170-017-0556-y,Article,Hybrid gold,2-s2.0-85020523816,-,Mexico Autonomous Institute of Technology| Universidad Autónoma Metropolitana,703438| 505017,Academic,2.0,60030473| 60023193,ITAM - Instituto Tecnológico Autónomo de México| Universidad Autónoma Metropolitana - Azcapotzalco,56000891100,57254140000,56000891100,-,Mexico,1.0,1706| 1712| 2207| 2209| 2210,Computer Science Applications| Software| Control and Systems Engineering| Industrial and Manufacturing Engineering| Mechanical Engineering,2,Engineering & Technology,212| 213| 222,Computer Science & Information Systems| Data Science| Engineering - Mechanical,38| 36,Computer Science| Engineering,40| 49| 46,Engineering| Mathematical Sciences| Information And Computing Sciences,-,-,SDG 9,Steel Production and Quality Control,1052,21.779,Optimization of Continuous Casting Processes in Steel Production,7009,81.035,Definitive,Nacional,2.0
"Romero, Mario Alberto",6602576873,"Synthesis, characterisation and electrochemical evaluation of a functionalised coating for mild steel corrosion protection","Bustos-Terrones, V.| Uruchurtu, J.| Rochín-Medina, J.J.| Ramírez, K.| Rangel-Peraza, J.G.| Romero-Romo, M.A.| Bustos-Terrones, Y.",7.0,57201374622| 6602981882| 55455721700| 13005221200| 35192346300| 6602576873| 56602953700,2019.0,2019-04-03,Surface Engineering,35,4,360-369,-,ISSN-02670844,28462.0,Journal,Taylor and Francis Ltd.,English,0.95,34,3.9,26,0.495,8,2.3,91.0,10.0,0.64,12.57,40.0,41.0,0.0,0.0,"Bustos-Terrones, V., Uruchurtu, J., Rochín-Medina, J.J. and 4 more (...) (2019).Synthesis, characterisation and electrochemical evaluation of a functionalised coating for mild steel corrosion protection. Surface Engineering,35(4) 360-369",https://www.scopus.com/record/display.url?eid=2-s2.0-85052106684&origin=resultslist,10.1080/02670844.2018.1507510,Article,,2-s2.0-85052106684,-,Consejo Nacional de Ciencia y Tecnologia Mexico| Universidad Autonoma del Estado de Morelos| Universidad Autónoma Metropolitana,704696| 505016| 505017,Academic| Government,3.0,60025626| 60027998| 109030606| 60023193,"Universidad Autónoma del Estado de Morelos| Secretaría de Ciencia, Humanidades, Tecnología e Innovación| Instituto Tecnológico de| Universidad Autónoma Metropolitana - Azcapotzalco",57201374622,56602953700,56602953700,-,Mexico,1.0,2505| 2508| 3104| 3110,"Materials Chemistry| Surfaces, Coatings and Films| Condensed Matter Physics| Surfaces and Interfaces",4,Natural Sciences,433| 439,Materials Science| Physics & Astronomy,36| 37,Engineering| Physical Sciences,40,Engineering,4016,Materials engineering,-,Corrosion Resistance in Coatings and Materials,1193,35.71,Layered Double Hydroxides in Corrosion Protection,21131,98.589,Defensible,Nacional,3.0
"Romero, Mario Alberto",6602576873,Electrodeposition of gold and silver nanoparticles onto TiO2 nanotubes anodically formed on Ti using reline deep eutectic solvent,"Morales-Gil, P.| de Oca-Yemha, M.G.M.| Pérez-Cruz, F.| Romero-Romo, M.| Ramírez-Silva, M.T.| Aldana-González, J.| Pardavé, M.P.",7.0,56117026900| 55368334500| 58477497300| 6602576873| 6603801645| 55842149700| 57211168509,2023.0,2023-09-15,Journal of Molecular Liquids,386,-,-,122499,ISSN-01677322,26965.0,Journal,Elsevier B.V.,English,1.11,22,10.3,9,0.918,15,2.11,35.0,10.0,0.97,10.34,23.0,30.0,0.0,0.0,"Morales-Gil, P., de Oca-Yemha, M.G.M., Pérez-Cruz, F. and 4 more (...) (2023).Electrodeposition of gold and silver nanoparticles onto TiO2 nanotubes anodically formed on Ti using reline deep eutectic solvent. Journal of Molecular Liquids,386",https://www.scopus.com/record/display.url?eid=2-s2.0-85164228486&origin=resultslist,10.1016/j.molliq.2023.122499,Article,,2-s2.0-85164228486,-,Universidad Autónoma Metropolitana| Instituto Mexicano del Petroleo,505017| 505005,Government| Academic,2.0,60019271| 60023193| 60028381,Instituto Mexicano Del Petroleo| Universidad Autónoma Metropolitana - Azcapotzalco| Universidad Autónoma Metropolitana -Unidad Iztapalapa,56117026900,57211168509,55368334500,-,Mexico,1.0,1606| 1607| 2504| 2505| 3104| 3107,"Physical and Theoretical Chemistry| Spectroscopy| Electronic, Optical and Magnetic Materials| Materials Chemistry| Condensed Matter Physics| Atomic and Molecular Physics, and Optics",4| 2,Natural Sciences| Engineering & Technology,433| 439| 249| 409,Materials Science| Physics & Astronomy| Engineering - Petroleum| Chemistry,36| 37,Engineering| Physical Sciences,34| 40,Chemical Sciences| Engineering,3406| 4004,Physical chemistry| Chemical engineering,-,Photocatalytic Properties of Titanium Dioxide Structures,62,94.768,Titanium Dioxide Nanotubes in Advanced Applications,1007,97.417,Definitive,Nacional,2.0
"Romero, Mario Alberto",6602576873,Taking advantage of CTAB micelles for the simultaneous electrochemical quantification of diclofenac and acetaminophen in aqueous media,"Guzmán-Hernández, D.S.| Cid-Cerón, M.M.| Romero-Romo, M.| Ramírez-Silva, M.T.| Páez-Hernández, M.E.| Corona-Avendaño, S.| Palomar-Pardavé, M.",7.0,35195662800| 56667658300| 6602576873| 6603801645| 56000741200| 6507494250| 6603788018,2017.0,2017-01-01,RSC Advances,7,64,40401-40410,-,ISSN-20462069,21100199840.0,Journal,Royal Society of Chemistry,English,0.74,46,5.5,12,0.863,17,1.38,50.0,10.0,0.25,12.2,42.0,60.0,0.0,0.0,"Guzmán-Hernández, D.S., Cid-Cerón, M.M., Romero-Romo, M. and 4 more (...) (2017).Taking advantage of CTAB micelles for the simultaneous electrochemical quantification of diclofenac and acetaminophen in aqueous media. RSC Advances,7(64) 40401-40410",https://www.scopus.com/record/display.url?eid=2-s2.0-85028001387&origin=resultslist,10.1039/c7ra07269d,Article,Gold,2-s2.0-85028001387,-,Consejo Nacional de Ciencia y Tecnologia Mexico| Universidad Autónoma Metropolitana| Universidad Autonoma del Estado de Hidalgo,704696| 505017| 505050,Government| Academic,3.0,60027998| 60028381| 60023193| 60027135,"Secretaría de Ciencia, Humanidades, Tecnología e Innovación| Universidad Autónoma Metropolitana -Unidad Iztapalapa| Universidad Autónoma Metropolitana - Azcapotzalco| Universidad Autónoma del Estado de Hidalgo",35195662800,6603788018,6603801645,-,Mexico,1.0,1500| 1600,General Chemical Engineering| General Chemistry,2| 4,Engineering & Technology| Natural Sciences,219| 409,Engineering - Chemical| Chemistry,37| 36,Physical Sciences| Engineering,34,Chemical Sciences,-,-,-,Electrochemical Sensors and Molecular Imprinting Techniques,718,81.949,Electrochemical Detection of Paracetamol Using Nanoparticles,13882,94.99,Defensible,Nacional,3.0
"Romero, Mario Alberto",6602576873,Mechanism and kinetics of Gold Nanoparticles Electrodeposited from Au (III) Ions Dissolved in a Deep Eutectic Solvent and Its Analytical Performance Towards Dopamine Quantification,"Godoy-Colin, E.| Corona-Avendaño, S.| Ramírez-Silva, M.T.| Aldana-Gonzalez, J.| Vázquez-Huerta, G.| Ángeles-Beltrán, D.| Romero-Romo, M.| Palomar-Pardavé, M.",8.0,57898291000| 6507494250| 6603801645| 55842149700| 56002702300| 15049353600| 6602576873| 6603788018,2022.0,2022-09-01,Journal of the Electrochemical Society,169,9,-,092506,ISSN-00134651,25169.0,Journal,Institute of Physics,English,0.89,37,7.2,16,0.954,17,1.93,44.0,9.0,0.55,14.56,33.0,46.0,0.0,0.0,"Godoy-Colin, E., Corona-Avendaño, S., Ramírez-Silva, M.T. and 5 more (...) (2022).Mechanism and kinetics of Gold Nanoparticles Electrodeposited from Au (III) Ions Dissolved in a Deep Eutectic Solvent and Its Analytical Performance Towards Dopamine Quantification. Journal of the Electrochemical Society,169(9) ",https://www.scopus.com/record/display.url?eid=2-s2.0-85138444009&origin=resultslist,10.1149/1945-7111/ac8d31,Article,,2-s2.0-85138444009,-,Universidad Autónoma Metropolitana,505017,Academic,1.0,60023193| 60028381,Universidad Autónoma Metropolitana - Azcapotzalco| Universidad Autónoma Metropolitana -Unidad Iztapalapa,57898291000,6603788018,57898291000,-,Mexico,1.0,1603| 2105| 2504| 2505| 2508| 3104,"Electrochemistry| Renewable Energy, Sustainability and the Environment| Electronic, Optical and Magnetic Materials| Materials Chemistry| Surfaces, Coatings and Films| Condensed Matter Physics",4| 2,Natural Sciences| Engineering & Technology,433| 221| 409| 439,Materials Science| Engineering - Electrical & Electronic| Chemistry| Physics & Astronomy,36| 37,Engineering| Physical Sciences,34| 40,Chemical Sciences| Engineering,3406| 4016,Physical chemistry| Materials engineering,-,Electrodeposition Techniques for Enhanced Coating Properties,1019,29.627,Electrodeposition Mechanisms in Nanostructured Materials,15817,78.905,Defensible,UAM,1.0
"Romero, Mario Alberto",6602576873,"SBA15–Fluconazole as a Protective Approach Against Mild Steel Corrosion: Synthesis, Characterization, and Computational Studies","Bustos-Terrones, V.| Serratos, I.N.| Vargas, R.| Landeros-Rivera, B.C.| Bustos-Terrones, Y.A.| Soto Estrada, A.M.| Vicente Escobar, J.O.| Romero Romo, M.A.| Uruchurtu, J.| Menchaca, C.| Esparza Schulz, J.M.| Domínguez, A.",12.0,57201374622| 56013689500| 55989742600| 57192995930| 56602953700| 57198316918| 57201380269| 6602576873| 6602981882| 6603659682| 55856922200| 23966360200,2018.0,2018-12-01,ChemistryOpen,7,12,984-994,-,ISSN-21911363,21100287113.0,Journal,Wiley-VCH Verlag,English,0.78,44,4.3,26,0.788,23,1.34,58.0,9.0,0.06,15.69,44.0,74.0,0.0,0.0,"Bustos-Terrones, V., Serratos, I.N., Vargas, R. and 9 more (...) (2018).SBA15–Fluconazole as a Protective Approach Against Mild Steel Corrosion: Synthesis, Characterization, and Computational Studies. ChemistryOpen,7(12) 984-994",https://www.scopus.com/record/display.url?eid=2-s2.0-85057893975&origin=resultslist,10.1002/open.201800201,Article,Gold|Green,2-s2.0-85057893975,-,Universidad Autonoma del Estado de Morelos| Universidad Autónoma Metropolitana,505016| 505017,Academic,2.0,60028381| 106349017| 60023193| 60025626,Universidad Autónoma Metropolitana -Unidad Iztapalapa| Instituto Tecnológico de Culiacán| Universidad Autónoma Metropolitana - Azcapotzalco| Universidad Autónoma del Estado de Morelos,57201374622,23966360200,57201374622,-,Mexico,1.0,1600,General Chemistry,4,Natural Sciences,409,Chemistry,37,Physical Sciences,34,Chemical Sciences,3405,Organic chemistry,-,Corrosion Resistance in Coatings and Materials,1193,35.71,Layered Double Hydroxides in Corrosion Protection,21131,98.589,Defensible,Nacional,2.0
"Romero, Mario Alberto",6602576873,On the Curcumin and β-Cyclodextrin Interaction in Aqueous Media. Spectrophotometric and Electrochemical Study,"Martínez-Guerra, J.| Palomar-Pardavé, M.| Romero-Romo, M.| Corona-Avendaño, S.| Guzmán-Hernández, D.-S.| Rojas-Hernández, A.| Ramírez-Silva, M.T.",7.0,57209586150| 6603788018| 6602576873| 6507494250| 35195662800| 7004253053| 6603801645,2022.0,2022-04-11,ChemElectroChem,9,7,-,e202101534,ISSN-21960216,21100399828.0,Journal,John Wiley and Sons Inc,English,0.63,54,8,27,1.024,23,2.15,51.0,9.0,0.48,18.6,33.0,50.0,0.0,0.0,"Martínez-Guerra, J., Palomar-Pardavé, M., Romero-Romo, M. and 4 more (...) (2022).On the Curcumin and β-Cyclodextrin Interaction in Aqueous Media. Spectrophotometric and Electrochemical Study. ChemElectroChem,9(7) ",https://www.scopus.com/record/display.url?eid=2-s2.0-85128198731&origin=resultslist,10.1002/celc.202101534,Article,,2-s2.0-85128198731,-,Consejo Nacional de Ciencia y Tecnologia Mexico| Universidad Autónoma Metropolitana,704696| 505017,Government| Academic,2.0,60028381| 60023193| 60027998,"Universidad Autónoma Metropolitana -Unidad Iztapalapa| Universidad Autónoma Metropolitana - Azcapotzalco| Secretaría de Ciencia, Humanidades, Tecnología e Innovación",57209586150,6603801645,6603788018| 6603801645,-,Mexico,1.0,1503| 1603,Catalysis| Electrochemistry,4| 2,Natural Sciences| Engineering & Technology,219| 409| 249,Engineering - Chemical| Chemistry| Engineering - Petroleum,36| 37,Engineering| Physical Sciences,34,Chemical Sciences,3406| 3405| 3403,Physical chemistry| Organic chemistry| Macromolecular and materials chemistry,-,Flavonoids and Their Impact on Health,124,91.825,Curcumin's Multifaceted Impact on Cancer Therapy,140,99.494,Very Good,Nacional,2.0
"Romero, Mario Alberto",6602576873,On the Corrosion Mechanism of Borided X12CrNiMoV12-3 Steel Immersed in a Neutral Aqueous Solution Containing Chloride and Sulfate Ions,"Mejía-Caballero, I.| Escobar-Martínez, C.| Palomar-Pardavé, M.| Le Manh, T.| Romero-Romo, M.| Rodríguez-Clemente, E.| Lartundo-Rojas, L.| Campos-Silva, I.",8.0,56182243500| 57217178912| 6603788018| 57205572924| 6602576873| 54881302600| 57455354200| 56682127800,2020.0,2020-09-01,Metallurgical and Materials Transactions A: Physical Metallurgy and Materials Science,51,9,4868-4879,-,ISSN-10735623,27356.0,Journal,Springer,English,1.19,23,4,18,0.862,13,1.57,43.0,9.0,0.42,11.97,42.0,51.0,0.0,0.0,"Mejía-Caballero, I., Escobar-Martínez, C., Palomar-Pardavé, M. and 5 more (...) (2020).On the Corrosion Mechanism of Borided X12CrNiMoV12-3 Steel Immersed in a Neutral Aqueous Solution Containing Chloride and Sulfate Ions. Metallurgical and Materials Transactions A: Physical Metallurgy and Materials Science,51(9) 4868-4879",https://www.scopus.com/record/display.url?eid=2-s2.0-85086655641&origin=resultslist,10.1007/s11661-020-05869-z,Article,,2-s2.0-85086655641,-,Phenikaa University| Universidad Autónoma Metropolitana| Instituto Politécnico Nacional,716231| 505017| 505011,Academic,3.0,60019176| 60023193| 60112782| 120896599,Instituto Politécnico Nacional| Universidad Autónoma Metropolitana - Azcapotzalco| Phenikaa University| Phenikaa Research and Technology Institute (PRATI),56182243500,56682127800,56682127800,-,Mexico| Viet Nam,2.0,2211| 2506| 3104,Mechanics of Materials| Metals and Alloys| Condensed Matter Physics,4| 2,Natural Sciences| Engineering & Technology,222| 439| 433,Engineering - Mechanical| Physics & Astronomy| Materials Science,37| 36,Physical Sciences| Engineering,40,Engineering,4016| 4017,Materials engineering| Mechanical engineering,-,High Entropy Alloys and Advanced Coating Technologies,404,96.926,Enhancing Surface Properties through Boride Layers,10390,91.242,Definitive,Internacional,2.0
"Romero, Mario Alberto",6602576873,Tribocorrosion of DIN 16MnCr5 Steel Modified by Carburization and Manganese Phosphate Coating,"Wong-Ángel, W.D.| Martínez-Trinidad, J.| Campos-Silva, I.| Romero-Romo, M.| Hernández-Hernández, V.| Silva-Rivera, U.S.| García-León, R.A.",7.0,55081966900| 8432492800| 56682127800| 6602576873| 57216746455| 57205684941| 57192545232,2020.0,2020-05-01,Journal of Materials Engineering and Performance,29,5,2879-2889,-,ISSN-10599495,21160.0,Journal,Springer,English,0.84,42,2.8,41,0.498,38,1.39,41.0,9.0,0.28,14.18,42.0,60.0,0.0,0.0,"Wong-Ángel, W.D., Martínez-Trinidad, J., Campos-Silva, I. and 4 more (...) (2020).Tribocorrosion of DIN 16MnCr5 Steel Modified by Carburization and Manganese Phosphate Coating. Journal of Materials Engineering and Performance,29(5) 2879-2889",https://www.scopus.com/record/display.url?eid=2-s2.0-85084502349&origin=resultslist,10.1007/s11665-020-04828-4,Article,,2-s2.0-85084502349,-,Universidad Autónoma Metropolitana| Universidad Autonoma del Estado de Mexico| Instituto Politécnico Nacional,505017| 505051| 505011,Academic,3.0,60019176| 60023193| 60002281,Instituto Politécnico Nacional| Universidad Autónoma Metropolitana - Azcapotzalco| Universidad Autónoma del Estado de México,55081966900,57192545232,57192545232,-,Mexico,1.0,2210| 2211| 2500,Mechanical Engineering| Mechanics of Materials| General Materials Science,2,Engineering & Technology,222| 433,Engineering - Mechanical| Materials Science,36,Engineering,40,Engineering,4017| 4016,Mechanical engineering| Materials engineering,-,Erosion and Corrosion Dynamics in Material Performance,1397,29.954,Tribocorrosion Effects on Material Performance,25475,87.521,Very Good,Nacional,3.0
"Romero, Mario Alberto",6602576873,Spectrophotometric quantification of the thermodynamic constants of the complexes formed by dopamine and Cu(II) in aqueous media,"Verastegui-Omaña, B.| Palomar-Pardavé, M.| Rojas-Hernández, A.| Corona Avendaño, S.| Romero-Romo, M.| Ramírez-Silva, M.T.",6.0,56529554300| 6603788018| 7004253053| 6507494250| 6602576873| 6603801645,2015.0,2015-05-15,Spectrochimica Acta - Part A: Molecular and Biomolecular Spectroscopy,143,-,187-191,-,ISSN-13861425,24530.0,Journal,Elsevier,English,1.21,20,4,17,0.709,23,2.09,62.0,9.0,0.36,8.26,44.0,52.0,0.0,0.0,"Verastegui-Omaña, B., Palomar-Pardavé, M., Rojas-Hernández, A. and 3 more (...) (2015).Spectrophotometric quantification of the thermodynamic constants of the complexes formed by dopamine and Cu(II) in aqueous media. Spectrochimica Acta - Part A: Molecular and Biomolecular Spectroscopy,143187-191",https://www.scopus.com/record/display.url?eid=2-s2.0-84923608327&origin=resultslist,10.1016/j.saa.2015.01.067,Article,,2-s2.0-84923608327,25727295,Universidad Autónoma Metropolitana,505017,Academic,1.0,60028381| 60023193,Universidad Autónoma Metropolitana -Unidad Iztapalapa| Universidad Autónoma Metropolitana - Azcapotzalco,56529554300,6603801645,6603801645,-,Mexico,1.0,1602| 1607| 3105| 3107,"Analytical Chemistry| Spectroscopy| Instrumentation| Atomic and Molecular Physics, and Optics",4,Natural Sciences,439| 409,Physics & Astronomy| Chemistry,37,Physical Sciences,34,Chemical Sciences,3406| 3401| 3403,Physical chemistry| Analytical chemistry| Macromolecular and materials chemistry,-,Electrochemical Sensors and Molecular Imprinting Techniques,718,81.949,Electrochemical Sensors for Dopamine and Ascorbic Acid Detection,2242,98.947,Defensible,UAM,1.0
"Romero, Mario Alberto",6602576873,On the transition from 2 to 3D nucleation during the potentiostatic Zn electrodeposition from reline deep eutectic solvent,"Vidal-García, G.| Aldana-González, J.| Romero-Romo, M.| Ramírez-Silva, M.T.| Teutli-León, M.M.M.| Hernández‑Pérez, D.| Mostany, J.| Scharifker, B.R.| Palomar-Pardavé, M.",9.0,57578398400| 55842149700| 6602576873| 6603801645| 55989662500| 58538879000| 57201663285| 7003360786| 6603788018,2024.0,2024-05-01,Journal of Solid State Electrochemistry,28,5,1631-1639,-,ISSN-14328488,25199.0,Journal,Springer Science and Business Media Deutschland GmbH,English,0.58,58,4.6,33,0.552,38,1.95,42.0,8.0,0.92,8.66,18.0,32.0,0.0,0.0,"Vidal-García, G., Aldana-González, J., Romero-Romo, M. and 6 more (...) (2024).On the transition from 2 to 3D nucleation during the potentiostatic Zn electrodeposition from reline deep eutectic solvent. Journal of Solid State Electrochemistry,28(5) 1631-1639",https://www.scopus.com/record/display.url?eid=2-s2.0-85168093273&origin=resultslist,10.1007/s10008-023-05623-6,Article,,2-s2.0-85168093273,-,Benemerita Universidad Autonoma de Puebla| Universidad Simón Bolívar| Universidad Autónoma Metropolitana,505001| 607005| 505017,Academic,3.0,60023193| 60024830| 60028381| 60026438,Universidad Autónoma Metropolitana - Azcapotzalco| Benemérita Universidad Autónoma de Puebla| Universidad Autónoma Metropolitana -Unidad Iztapalapa| Universidad Simón Bolívar,57578398400,6603788018,6603788018,-,Mexico| Venezuela,2.0,1603| 2102| 2208| 2500| 2505| 3104,Electrochemistry| Energy Engineering and Power Technology| Electrical and Electronic Engineering| General Materials Science| Materials Chemistry| Condensed Matter Physics,4| 2,Natural Sciences| Engineering & Technology,409| 249| 433| 439| 221,Chemistry| Engineering - Petroleum| Materials Science| Physics & Astronomy| Engineering - Electrical & Electronic,37| 36,Physical Sciences| Engineering,34,Chemical Sciences,3406| 3403,Physical chemistry| Macromolecular and materials chemistry,-,Electrodeposition Techniques for Enhanced Coating Properties,1019,29.627,Electrodeposition Mechanisms in Nanostructured Materials,15817,78.905,Definitive,Internacional,2.0
"Romero, Mario Alberto",6602576873,An exact method to determine the conductivity of aqueous solutions in acid-base titrations,"Rodríguez-Laguna, N.| Rojas-Hernández, A.| Ramírez-Silva, M.T.| Hernández-García, L.| Romero-Romo, M.",5.0,56168243200| 7004253053| 6603801645| 56541276000| 6602576873,2015.0,2015-01-01,Journal of Chemistry,2015,-,-,540368,ISSN-20909063,21100208308.0,Journal,Hindawi Publishing Corporation,English,0.61,55,1.3,58,0.238,64,0.67,47.0,8.0,0.0,12.77,46.0,69.0,0.0,0.0,"Rodríguez-Laguna, N., Rojas-Hernández, A., Ramírez-Silva, M.T. and 2 more (...) (2015).An exact method to determine the conductivity of aqueous solutions in acid-base titrations. Journal of Chemistry,2015",https://www.scopus.com/record/display.url?eid=2-s2.0-84924299922&origin=resultslist,10.1155/2015/540368,Article,Gold|Green,2-s2.0-84924299922,-,Universidad Autónoma Metropolitana,505017,Academic,1.0,60028381| 60023193,Universidad Autónoma Metropolitana -Unidad Iztapalapa| Universidad Autónoma Metropolitana - Azcapotzalco,56168243200,6602576873,7004253053,-,Mexico,1.0,1600,General Chemistry,4,Natural Sciences,409,Chemistry,37,Physical Sciences,34,Chemical Sciences,-,-,-,Innovative Methods for Dye Removal and Analysis,470,77.894,Buffer Systems and Titration Dynamics in Chemistry,39987,43.339,Very Good,UAM,1.0
"Romero, Mario Alberto",6602576873,"New 1-(2-pyridinyl)-2-(o-, m-, p-hydroxyphenyl) benzimidazoles as corrosion inhibitors for API 5L X52 steel in acid media","Rodriguez-Clemente, E.| Barrera-Pascual, V.| Cervantes-Cuevas, H.| Aldana-González, J.| Uruchurtu-Chavarin, J.| Romero-Romo, M.| Palomar-Pardavé, M.",7.0,54881302600| 57200917360| 6602858573| 55842149700| 6602981882| 6602576873| 6603788018,2018.0,2018-03-23,Anti-Corrosion Methods and Materials,65,2,166-175,-,ISSN-00035599,28982.0,Journal,Emerald Group Holdings Ltd.,English,0.45,68,0.9,69,0.183,71,0.91,29.0,7.0,0.22,13.53,49.0,63.0,0.0,0.0,"Rodriguez-Clemente, E., Barrera-Pascual, V., Cervantes-Cuevas, H. and 4 more (...) (2018).New 1-(2-pyridinyl)-2-(o-, m-, p-hydroxyphenyl) benzimidazoles as corrosion inhibitors for API 5L X52 steel in acid media. Anti-Corrosion Methods and Materials,65(2) 166-175",https://www.scopus.com/record/display.url?eid=2-s2.0-85042610637&origin=resultslist,10.1108/ACMM-06-2017-1811,Article,,2-s2.0-85042610637,-,Universidad Autonoma del Estado de Morelos| Universidad Autónoma Metropolitana,505016| 505017,Academic,2.0,60014923| 60025626,Universidad Autónoma Metropolitana| Universidad Autónoma del Estado de Morelos,54881302600,6603788018,6603788018,-,Mexico,1.0,1500| 2500,General Chemical Engineering| General Materials Science,2,Engineering & Technology,433| 219,Materials Science| Engineering - Chemical,36,Engineering,40,Engineering,4016,Materials engineering,-,Corrosion Inhibition Mechanisms in Metal Alloys,933,76.455,Corrosion Inhibitors for Steel Protection and Efficiency,2,99.891,Definitive,Nacional,2.0
"Romero, Mario Alberto",6602576873,One-Step Ni-Co Alloy Nanoparticles Electrodeposition from Leach Liquor of Spent Ni-MH Batteries Using a Deep Eutectic Solvent and Its Use Towards Urea Electrooxidation,"Basilio-Brito, A.| Landa-Castro, M.| Sánchez-Ortiz, W.| Rivera-Hernández, S.| Romero-Romo, M.| Arce-Estrada, E.| Aldana-González, J.| Palomar-Pardavé, M.",8.0,58592767700| 57215664864| 56492999600| 56664376400| 6602576873| 8413430200| 55842149700| 6603788018,2023.0,2023-11-01,Electrocatalysis,14,6,869-874,-,ISSN-18682529,19600157794.0,Journal,Springer,English,0.55,59,4.8,48,0.546,54,1.5,31.0,7.0,0.48,14.52,31.0,49.0,0.0,0.0,"Basilio-Brito, A., Landa-Castro, M., Sánchez-Ortiz, W. and 5 more (...) (2023).One-Step Ni-Co Alloy Nanoparticles Electrodeposition from Leach Liquor of Spent Ni-MH Batteries Using a Deep Eutectic Solvent and Its Use Towards Urea Electrooxidation. Electrocatalysis,14(6) 869-874",https://www.scopus.com/record/display.url?eid=2-s2.0-85171420712&origin=resultslist,10.1007/s12678-023-00842-x,Article,,2-s2.0-85171420712,-,Universidad Autónoma Metropolitana| Instituto Politécnico Nacional,505017| 505011,Academic,2.0,60023193| 130210267| 60020223| 60019176| 60006489,Universidad Autónoma Metropolitana - Azcapotzalco| Ecatepec de Morelos| Universidad Tecnológica de México| Instituto Politécnico Nacional| Escuela Superior de Ingenieria Quimica e Industrias Extractivas,58592767700,6603788018,55842149700| 6603788018,-,Mexico,1.0,1603,Electrochemistry,4,Natural Sciences,409,Chemistry,37,Physical Sciences,34,Chemical Sciences,3406,Physical chemistry,-,Innovative Electrocatalysts for Energy Conversion Applications,242,99.869,Catalytic Innovations in Urea Electrooxidation Processes,60343,94.143,Definitive,Nacional,2.0
"Romero, Mario Alberto",6602576873,Spectrophotometric and electrochemical quantification of the host-guest interaction of tenoxicam and β-CD in aqueous solution at different pH values,"Guzmán-Hernández, D.S.| Ramírez-Silva, M.T.| Rojas-Hernández, A.| Corona-Avendaño, S.| Romero-Romo, M.| Palomar-Pardavé, M.",6.0,35195662800| 6603801645| 7004253053| 6507494250| 6602576873| 6603788018,2015.0,2015-01-01,Journal of Electroanalytical Chemistry,738,-,20-26,-,ISSN-15726657,9500154039.0,Journal,Elsevier B.V.,English,0.87,36,4.4,16,0.714,23,1.53,76.0,7.0,0.28,10.76,49.0,57.0,0.0,0.0,"Guzmán-Hernández, D.S., Ramírez-Silva, M.T., Rojas-Hernández, A. and 3 more (...) (2015).Spectrophotometric and electrochemical quantification of the host-guest interaction of tenoxicam and β-CD in aqueous solution at different pH values. Journal of Electroanalytical Chemistry,73820-26",https://www.scopus.com/record/display.url?eid=2-s2.0-84915808211&origin=resultslist,10.1016/j.jelechem.2014.10.031,Article,,2-s2.0-84915808211,-,Universidad Autónoma Metropolitana,505017,Academic,1.0,60028381| 60023193,Universidad Autónoma Metropolitana -Unidad Iztapalapa| Universidad Autónoma Metropolitana - Azcapotzalco,35195662800,6603788018,6603801645,-,Mexico,1.0,1500| 1602| 1603,General Chemical Engineering| Analytical Chemistry| Electrochemistry,4| 2,Natural Sciences| Engineering & Technology,219| 409,Engineering - Chemical| Chemistry,36| 37,Engineering| Physical Sciences,34,Chemical Sciences,3406| 3401,Physical chemistry| Analytical chemistry,-,Electrodeposition Techniques for Enhanced Coating Properties,1019,29.627,Electrodeposition Mechanisms in Nanostructured Materials,15817,78.905,Defensible,UAM,1.0
"Romero, Mario Alberto",6602576873,Methanolysis of Simarouba Glauca DC oil with hydrotalcite-type ZnCuAl catalysts,"Salinas Hernández, P.| Morales Anzures, F.| Pérez Hernández, R.| Tzompzntzi Morales, F.| Romero Romo, M.A.",5.0,6603056398| 23982844700| 16480852200| 57202626731| 6602576873,2020.0,2020-06-01,Catalysis Today,349,-,48-56,-,ISSN-09205861,16377.0,Journal,Elsevier B.V.,English,1.43,15,10.2,11,1.397,12,0.44,30.0,7.0,0.19,21.33,47.0,66.0,0.0,0.0,"Salinas Hernández, P., Morales Anzures, F., Pérez Hernández, R. and 2 more (...) (2020).Methanolysis of Simarouba Glauca DC oil with hydrotalcite-type ZnCuAl catalysts. Catalysis Today,34948-56",https://www.scopus.com/record/display.url?eid=2-s2.0-85048928324&origin=resultslist,10.1016/j.cattod.2018.06.034,Article,,2-s2.0-85048928324,-,Universidad Autónoma Metropolitana| Instituto Nacional de Investigaciones Nucleares,505017| 505039,Government| Academic,2.0,113670809| 60010532| 60028381| 60023193,Universidad del Istmo| Instituto Nacional de Investigaciones Nucleares| Universidad Autónoma Metropolitana -Unidad Iztapalapa| Universidad Autónoma Metropolitana - Azcapotzalco,6603056398,6602576873,6603056398| 16480852200,-,Mexico,1.0,1503| 1600,Catalysis| General Chemistry,4| 2,Natural Sciences| Engineering & Technology,409| 219| 249,Chemistry| Engineering - Chemical| Engineering - Petroleum,37| 36,Physical Sciences| Engineering,34| 40,Chemical Sciences| Engineering,-,-,SDG 7,Layered Double Hydroxides in Polymer Nanocomposites,484,61.282,Layered Double Hydroxides in Nanocomposite Applications,164,98.303,Very Good,Nacional,2.0
"Romero, Mario Alberto",6602576873,Effect of carbonate and chloride ions on the corrosion susceptibility of pipeline steel samples artificially aged,"Gil, P.M.| Palomar-Pardavé, M.| de Oca-Yemha, M.G.M.| Ramírez-Silva, M.T.| Ángeles-Chávez, C.| Romero-Romo, M.",6.0,56117026900| 6603788018| 24399524500| 6603801645| 6602070278| 6602576873,2018.0,2018-01-01,International Journal of Electrochemical Science,13,2,1844-1858,-,ISSN-14523981,19200156944.0,Journal,Electrochemical Science Group,English,0.52,64,2.3,57,0.324,69,0.91,31.0,6.0,0.07,14.38,51.0,73.0,0.0,0.0,"Gil, P.M., Palomar-Pardavé, M., de Oca-Yemha, M.G.M. and 3 more (...) (2018).Effect of carbonate and chloride ions on the corrosion susceptibility of pipeline steel samples artificially aged. International Journal of Electrochemical Science,13(2) 1844-1858",https://www.scopus.com/record/display.url?eid=2-s2.0-85041923030&origin=resultslist,10.20964/2018.02.53,Article,Gold|Green,2-s2.0-85041923030,-,Universidad Autónoma Metropolitana| Instituto Mexicano del Petroleo,505017| 505005,Academic| Government,2.0,60019271| 60023193| 60028381,Instituto Mexicano Del Petroleo| Universidad Autónoma Metropolitana - Azcapotzalco| Universidad Autónoma Metropolitana -Unidad Iztapalapa,56117026900,6602576873,-,-,Mexico,1.0,1603,Electrochemistry,4,Natural Sciences,409,Chemistry,37,Physical Sciences,34,Chemical Sciences,3401| 3406,Analytical chemistry| Physical chemistry,-,Electrodeposition Techniques for Enhanced Coating Properties,1019,29.627,Electrodeposition Mechanisms in Nanostructured Materials,15817,78.905,Defensible,Nacional,2.0
"Romero, Mario Alberto",6602576873,Juice from fescue grain sorghum to produce bioethanol for gasoline additive,"Salinas Hernández, P.| Morales Anzures, F.| Martínez Mendoza, E.| Romero Romo, M.A.| Ramírez Silva, M.T.",5.0,6603056398| 23982844700| 57207108701| 6602576873| 6603801645,2019.0,2019-11-01,Journal of Chemical Technology and Biotechnology,94,11,3512-3522,-,ISSN-02682575,16083.0,Journal,John Wiley and Sons Ltd,English,0.85,40,4.8,21,0.661,23,1.17,46.0,5.0,0.13,15.02,54.0,70.0,0.0,0.0,"Salinas Hernández, P., Morales Anzures, F., Martínez Mendoza, E. and 2 more (...) (2019).Juice from fescue grain sorghum to produce bioethanol for gasoline additive. Journal of Chemical Technology and Biotechnology,94(11) 3512-3522",https://www.scopus.com/record/display.url?eid=2-s2.0-85073531654&origin=resultslist,10.1002/jctb.5971,Article,,2-s2.0-85073531654,-,Universidad Autónoma Metropolitana,505017,Academic,1.0,110150716| 60023193| 60028381,Instituto de Estudios de la Energiá| Universidad Autónoma Metropolitana - Azcapotzalco| Universidad Autónoma Metropolitana -Unidad Iztapalapa,6603056398,6603801645,6603056398,-,Mexico,1.0,1305| 1500| 1604| 1605| 2103| 2105| 2310| 2311,"Biotechnology| General Chemical Engineering| Inorganic Chemistry| Organic Chemistry| Fuel Technology| Renewable Energy, Sustainability and the Environment| Pollution| Waste Management and Disposal",2| 3| 5| 4,Engineering & Technology| Social Sciences & Management| Life Sciences & Medicine| Natural Sciences,507| 424| 219| 221| 249| 409,Biological Sciences| Environmental Sciences| Engineering - Chemical| Engineering - Electrical & Electronic| Engineering - Petroleum| Chemistry,36| 37| 32,Engineering| Physical Sciences| Life Sciences,MD,Multidisciplinary,MD,Multidisciplinary,SDG 7,Combustion Engine Performance and Emissions,206,79.464,Ethanol Blends in Spark Ignition Engines,6117,96.295,Defensible,UAM,1.0
"Romero, Mario Alberto",6602576873,"Modulating the analytical performance of an electrochemical biosensor through varying, at the working electrode, the surface area ratio between that covered by the enzyme and the enzyme-free one","Rodríguez-Sevilla, E.| Palomar-Pardavé, M.| Romero-Romo, M.| Ramírez-Silva, M.T.",4.0,56483270800| 6603788018| 6602576873| 6603801645,2015.0,2015-10-21,Analytical Methods,7,20,8568-8571,-,ISSN-17599660,19700175229.0,Journal,Royal Society of Chemistry,English,0.65,52,2.8,19,0.593,20,0.56,29.0,5.0,0.65,6.16,54.0,40.0,0.0,0.0,"Rodríguez-Sevilla, E., Palomar-Pardavé, M., Romero-Romo, M. and 1 more (...) (2015).Modulating the analytical performance of an electrochemical biosensor through varying, at the working electrode, the surface area ratio between that covered by the enzyme and the enzyme-free one. Analytical Methods,7(20) 8568-8571",https://www.scopus.com/record/display.url?eid=2-s2.0-84944348556&origin=resultslist,10.1039/c5ay01594d,Article,,2-s2.0-84944348556,-,Universidad Autónoma Metropolitana,505017,Academic,1.0,60028381| 60023193,Universidad Autónoma Metropolitana -Unidad Iztapalapa| Universidad Autónoma Metropolitana - Azcapotzalco,56483270800,6603801645,6603801645,-,Mexico,1.0,1500| 1602| 2200,General Chemical Engineering| Analytical Chemistry| General Engineering,2| 4,Engineering & Technology| Natural Sciences,409| 219,Chemistry| Engineering - Chemical,37| 36,Physical Sciences| Engineering,34| 40,Chemical Sciences| Engineering,3401| 4004,Analytical chemistry| Chemical engineering,-,Wearable Biosensors for Glucose and Hydrogen Peroxide Detection,634,82.472,Electrochemical Biosensors for Phenolic Compound Detection,16094,83.287,Very Good,UAM,1.0
"Romero, Mario Alberto",6602576873,Simultaneous Electrochemical Quantification of Foodstuff Dyes Allura Red and Tartrazine Using a Bare Carbon Paste Electrode,"Rivera-Hernández, S.I.| Corona-Avendano, S.| Vázquez-Huerta, G.| Palomar-Pardavé, M.| Romero-Romo, M.| Ramírez-Silva, M.T.",6.0,56664376400| 6507494250| 56002702300| 6603788018| 6602576873| 6603801645,2021.0,2021-05-01,Journal of the Electrochemical Society,168,5,-,057514,ISSN-00134651,25169.0,Journal,IOP Publishing Ltd,English,0.94,35,7,16,1.066,12,1.73,47.0,4.0,0.21,14.51,55.0,66.0,0.0,0.0,"Rivera-Hernández, S.I., Corona-Avendano, S., Vázquez-Huerta, G. and 3 more (...) (2021).Simultaneous Electrochemical Quantification of Foodstuff Dyes Allura Red and Tartrazine Using a Bare Carbon Paste Electrode. Journal of the Electrochemical Society,168(5) ",https://www.scopus.com/record/display.url?eid=2-s2.0-85107920885&origin=resultslist,10.1149/1945-7111/abff64,Article,,2-s2.0-85107920885,-,Universidad Autónoma Metropolitana,505017,Academic,1.0,60023193| 60028381,Universidad Autónoma Metropolitana - Azcapotzalco| Universidad Autónoma Metropolitana -Unidad Iztapalapa,56664376400,6603801645,-,-,Mexico,1.0,1603| 2105| 2504| 2505| 2508| 3104,"Electrochemistry| Renewable Energy, Sustainability and the Environment| Electronic, Optical and Magnetic Materials| Materials Chemistry| Surfaces, Coatings and Films| Condensed Matter Physics",2| 4,Engineering & Technology| Natural Sciences,409| 221| 433| 439,Chemistry| Engineering - Electrical & Electronic| Materials Science| Physics & Astronomy,37| 36,Physical Sciences| Engineering,40| 34,Engineering| Chemical Sciences,4016| 3406,Materials engineering| Physical chemistry,-,Innovative Methods for Dye Removal and Analysis,470,77.894,Synthetic Food Dyes and Detection Methods,12789,96.051,Definitive,UAM,1.0
"Romero, Mario Alberto",6602576873,Influence of temperature on the electrochemical formation of a Ni-Co alloy under an applied external magnetic field,"Hernández-Perez, D.| Aldana-González, J.| Sánchez-Ortiz, W.| Romero-Romo, M.| Arce-Estrada, E.M.| Palomar-Pardavé, M.",6.0,57934060800| 55842149700| 56492999600| 6602576873| 8413430200| 6603788018,2023.0,2023-11-01,Journal of Solid State Electrochemistry,27,11,3067-3073,-,ISSN-14328488,25199.0,Journal,Springer Science and Business Media Deutschland GmbH,English,0.55,59,4.8,34,0.509,37,2.13,42.0,4.0,0.31,12.8,43.0,59.0,0.0,0.0,"Hernández-Perez, D., Aldana-González, J., Sánchez-Ortiz, W. and 3 more (...) (2023).Influence of temperature on the electrochemical formation of a Ni-Co alloy under an applied external magnetic field. Journal of Solid State Electrochemistry,27(11) 3067-3073",https://www.scopus.com/record/display.url?eid=2-s2.0-85162849853&origin=resultslist,10.1007/s10008-023-05568-w,Article,,2-s2.0-85162849853,-,Universidad Autónoma Metropolitana| Instituto Politécnico Nacional,505017| 505011,Academic,2.0,60023193| 129858818| 60006489,Universidad Autónoma Metropolitana - Azcapotzalco| Av. Tecnológico S/N| Escuela Superior de Ingenieria Quimica e Industrias Extractivas,57934060800,6603788018,6603788018,-,Mexico,1.0,1603| 2102| 2208| 2500| 2505| 3104,Electrochemistry| Energy Engineering and Power Technology| Electrical and Electronic Engineering| General Materials Science| Materials Chemistry| Condensed Matter Physics,4| 2,Natural Sciences| Engineering & Technology,409| 249| 439| 433| 221,Chemistry| Engineering - Petroleum| Physics & Astronomy| Materials Science| Engineering - Electrical & Electronic,37| 36,Physical Sciences| Engineering,34,Chemical Sciences,3403| 3406,Macromolecular and materials chemistry| Physical chemistry,-,Electrodeposition Techniques for Enhanced Coating Properties,1019,29.627,Magnetic Field Effects on Electrodeposition Processes,20912,81.296,Definitive,Nacional,2.0
"Romero, Mario Alberto",6602576873,Development of a second type electrode based on the silver/silver ibuprofenate pair for ibuprofen quantification in pharmaceutical samples,"Rivera-Hernández, S.I.| Álvarez-Romero, G.A.| Corona-Avendaño, S.| Páez-Hernández, M.E.| Galán-Vidal, C.A.| Romero-Romo, M.| Ramírez-Silva, M.T.",7.0,56664376400| 55995905400| 6507494250| 56000741200| 6603437155| 6602576873| 6603801645,2017.0,2017-01-01,Quimica Nova,40,1,68-73,-,ISSN-01004042,21479.0,Journal,Sociedade Brasileira de Quimica,English,0.45,67,1.3,61,0.255,63,1.1,39.0,3.0,0.07,14.58,62.0,72.0,0.0,0.0,"Rivera-Hernández, S.I., Álvarez-Romero, G.A., Corona-Avendaño, S. and 4 more (...) (2017).Development of a second type electrode based on the silver/silver ibuprofenate pair for ibuprofen quantification in pharmaceutical samples. Quimica Nova,40(1) 68-73",https://www.scopus.com/record/display.url?eid=2-s2.0-85015973534&origin=resultslist,10.21577/0100-4042.20160166,Article,Gold|Green,2-s2.0-85015973534,-,Universidad Autónoma Metropolitana| Universidad Autonoma del Estado de Hidalgo,505017| 505050,Academic,2.0,60027135| 60023193| 60028381,Universidad Autónoma del Estado de Hidalgo| Universidad Autónoma Metropolitana - Azcapotzalco| Universidad Autónoma Metropolitana -Unidad Iztapalapa,56664376400,6603801645,-,-,Mexico,1.0,1600,General Chemistry,4,Natural Sciences,409,Chemistry,37,Physical Sciences,34,Chemical Sciences,-,-,-,Electrochemical Sensors and Molecular Imprinting Techniques,718,81.949,Sensitive Electrochemical Methods for Drug Quantification,67327,60.657,Very Good,Nacional,2.0
"Romero, Mario Alberto",6602576873,Electrochemical behaviour of API 5L X52 steel samples immersed in sulphate aqueous solutions with different pH,"Gil, P.M.| Julien, B.| Palomar-Pardavé, M.| de Oca-Yemha, M.G.M.| Ramírez-Silva, M.T.| Romero-Romo, M.",6.0,56117026900| 59428788400| 6603788018| 24399524500| 6603801645| 6602576873,2018.0,2018-04-01,International Journal of Electrochemical Science,13,4,3297-3308,-,ISSN-14523981,19200156944.0,Journal,Electrochemical Science Group,English,0.52,64,2.3,57,0.324,69,0.82,27.0,3.0,0.21,14.38,63.0,64.0,0.0,0.0,"Gil, P.M., Julien, B., Palomar-Pardavé, M. and 3 more (...) (2018).Electrochemical behaviour of API 5L X52 steel samples immersed in sulphate aqueous solutions with different pH. International Journal of Electrochemical Science,13(4) 3297-3308",https://www.scopus.com/record/display.url?eid=2-s2.0-85045007548&origin=resultslist,10.20964/2018.04.08,Article,Gold|Green,2-s2.0-85045007548,-,Institut national des sciences appliquées Lyon| Universidad Autónoma Metropolitana| Instituto Mexicano del Petroleo,314026| 505017| 505005,Government| Academic,3.0,60019271| 60016253| 60023193,Instituto Mexicano Del Petroleo| INSA Lyon| Universidad Autónoma Metropolitana - Azcapotzalco,56117026900,6602576873,-,-,Mexico| France,2.0,1603,Electrochemistry,4,Natural Sciences,409,Chemistry,37,Physical Sciences,34,Chemical Sciences,3401| 3406,Analytical chemistry| Physical chemistry,-,Electrodeposition Techniques for Enhanced Coating Properties,1019,29.627,Electrodeposition Mechanisms in Nanostructured Materials,15817,78.905,Definitive,Internacional,2.0
"Romero, Mario Alberto",6602576873,Electrocatalytic oxidation of formic acid in acid medium at Pd electrodeposited onto TiO2 nanotubes,"Aldana-González, J.| Uruchurtu-Chavarin, J.| Montes de Oca, M.G.| Ramírez-Silva, M.T.| Palomar-Pardavé, M.| Romero-Romo, M.",6.0,55842149700| 6602981882| 24399524500| 6603801645| 6603788018| 6602576873,2016.0,2016-01-01,International Journal of Electrochemical Science,11,11,9402-9412,-,ISSN-14523981,19200156944.0,Journal,Electrochemical Science Group,English,0.82,39,3.1,57,0.426,57,0.91,41.0,3.0,0.08,12.35,62.0,70.0,0.0,0.0,"Aldana-González, J., Uruchurtu-Chavarin, J., Montes de Oca, M.G. and 3 more (...) (2016).Electrocatalytic oxidation of formic acid in acid medium at Pd electrodeposited onto TiO2 nanotubes. International Journal of Electrochemical Science,11(11) 9402-9412",https://www.scopus.com/record/display.url?eid=2-s2.0-84997159403&origin=resultslist,10.20964/2016.11.54,Article,Gold|Green,2-s2.0-84997159403,-,Universidad Autonoma del Estado de Morelos| Universidad Autónoma Metropolitana,505016| 505017,Academic,2.0,60023193| 60025626| 60028381,Universidad Autónoma Metropolitana - Azcapotzalco| Universidad Autónoma del Estado de Morelos| Universidad Autónoma Metropolitana -Unidad Iztapalapa,55842149700,6602576873,6602576873,-,Mexico,1.0,1603,Electrochemistry,4,Natural Sciences,409,Chemistry,37,Physical Sciences,34,Chemical Sciences,3401| 3406,Analytical chemistry| Physical chemistry,-,Fuel Cells and Polymer Electrolytes,79,97.646,Catalytic Innovations in Formic Acid Fuel Cells,13583,92.101,Definitive,Nacional,2.0
"Romero, Mario Alberto",6602576873,Formaldehyde CWO with gold nanoparticles in a forced through flow catalytic-membrane reactor,"Martínez-Barrera, B.| Gutiérrez-Arzaluz, M.| Montoya de la Fuente, J.A.| Romero-Romo, M.| Torres-Rodríguez, M.",5.0,57202778745| 36865990600| 57210823463| 6602576873| 7402579679,2020.0,2020-06-01,Catalysis Today,349,-,42-47,-,ISSN-09205861,16377.0,Journal,Elsevier B.V.,English,1.43,15,10.2,11,1.397,12,0.66,31.0,2.0,0.05,21.33,68.0,77.0,0.0,0.0,"Martínez-Barrera, B., Gutiérrez-Arzaluz, M., Montoya de la Fuente, J.A. and 2 more (...) (2020).Formaldehyde CWO with gold nanoparticles in a forced through flow catalytic-membrane reactor. Catalysis Today,34942-47",https://www.scopus.com/record/display.url?eid=2-s2.0-85049307281&origin=resultslist,10.1016/j.cattod.2018.06.036,Article,,2-s2.0-85049307281,-,Universidad Autónoma Metropolitana| Instituto Mexicano del Petroleo,505017| 505005,Government| Academic,2.0,60023193| 60019271,Universidad Autónoma Metropolitana - Azcapotzalco| Instituto Mexicano Del Petroleo,57202778745,7402579679,7402579679,-,Mexico,1.0,1503| 1600,Catalysis| General Chemistry,4| 2,Natural Sciences| Engineering & Technology,249| 409| 219,Engineering - Petroleum| Chemistry| Engineering - Chemical,37| 36,Physical Sciences| Engineering,34| 40,Chemical Sciences| Engineering,-,-,-,Innovative Approaches in Wastewater Treatment Technologies,433,93.264,Catalytic Wet Oxidation for Wastewater Treatment,10052,86.761,Defensible,Nacional,2.0
"Romero, Mario Alberto",6602576873,Copper content effect in V2O5/TiO2–ZrO2 catalysts prepared by the sol–gel method,"Salinas-Hernández, P.| Guerra, M.J.| Rivas, F.C.| Hernández, R.P.| Romero Romo, M.A.| Morales-Anzures, F.| Berlier, G.",7.0,6603056398| 59164594500| 57211460998| 58169736600| 6602576873| 23982844700| 6701488826,2024.0,2024-12-01,MRS Communications,14,6,1175-1183,-,ISSN-21596859,21100261937.0,Journal,Springer Nature,English,0.48,65,3.1,59,0.447,51,0.39,6.0,2.0,0.2,10.08,45.0,64.0,0.0,0.0,"Salinas-Hernández, P., Guerra, M.J., Rivas, F.C. and 4 more (...) (2024).Copper content effect in V2O5/TiO2–ZrO2 catalysts prepared by the sol–gel method. MRS Communications,14(6) 1175-1183",https://www.scopus.com/record/display.url?eid=2-s2.0-85195500014&origin=resultslist,10.1557/s43579-024-00570-3,Article,,2-s2.0-85195500014,-,Universidad Autónoma Metropolitana| University of Turin| Instituto Nacional de Investigaciones Nucleares| Instituto Politécnico Nacional,505017| 321071| 505039| 505011,Academic| Government,4.0,101586382| 60019176| 60010532| 60023193| 60012259,Universidad del Istmo| Instituto Politécnico Nacional| Instituto Nacional de Investigaciones Nucleares| Universidad Autónoma Metropolitana - Azcapotzalco| Università degli Studi di Torino,6603056398,6701488826,57211460998| 23982844700,-,Mexico| Italy,2.0,2500,General Materials Science,2,Engineering & Technology,433,Materials Science,36,Engineering,51| 40,Physical Sciences| Engineering,4016| 5104,Materials engineering| Condensed matter physics,-,Catalytic Innovations in Hydrocarbon Conversion Processes,1027,64.16,Vanadium Oxide Catalysts in Dehydrogenation Reactions,3118,93.073,Definitive,Internacional,3.0
"Romero, Mario Alberto",6602576873,Effect of deposition potential and KOH concentration on ethanol oxidation reaction with Pd nanoparticles electrodeposited on glassy carbon from reline,"Juárez-Marmolejo, L.| Arce-Estrada, E.M.| Ezeta-Mejía, A.| Palomar-Pardavé, M.| Romero-Romo, M.| Montes de Oca-Yemha, M.G.",6.0,57204944845| 8413430200| 55585038300| 6603788018| 6602576873| 59263086800,2024.0,2024-09-19,International Journal of Hydrogen Energy,83,-,1150-1158,-,ISSN-03603199,26991.0,Journal,Elsevier Ltd,English,1.78,8,13.3,6,1.685,8,0.68,12.0,2.0,0.21,9.7,45.0,63.0,0.0,0.0,"Juárez-Marmolejo, L., Arce-Estrada, E.M., Ezeta-Mejía, A. and 3 more (...) (2024).Effect of deposition potential and KOH concentration on ethanol oxidation reaction with Pd nanoparticles electrodeposited on glassy carbon from reline. International Journal of Hydrogen Energy,831150-1158",https://www.scopus.com/record/display.url?eid=2-s2.0-85201434436&origin=resultslist,10.1016/j.ijhydene.2024.08.049,Article,,2-s2.0-85201434436,-,Universidad Autónoma Metropolitana| Instituto Politécnico Nacional,505017| 505011,Academic,2.0,60006489| 60019176| 60023193,Escuela Superior de Ingenieria Quimica e Industrias Extractivas| Instituto Politécnico Nacional| Universidad Autónoma Metropolitana - Azcapotzalco,57204944845,59263086800,57204944845,-,Mexico,1.0,2102| 2103| 2105| 3104,"Energy Engineering and Power Technology| Fuel Technology| Renewable Energy, Sustainability and the Environment| Condensed Matter Physics",4| 2,Natural Sciences| Engineering & Technology,249| 221| 439,Engineering - Petroleum| Engineering - Electrical & Electronic| Physics & Astronomy,36| 37,Engineering| Physical Sciences,34| 40,Chemical Sciences| Engineering,-,-,-,Fuel Cells and Polymer Electrolytes,79,97.646,Catalytic Nanoparticles for Enhanced Fuel Cell Performance,1035,99.459,Definitive,Nacional,2.0
"Romero, Mario Alberto",6602576873,Effect of the Tempering Heat Treatment on the Cu-Based Shape Memory Alloy Exposed to a Commonly used Corrosive Medium,"Flores-Sanchez, D.| Suárez-Rosales, M.Á.| Landa-Castro, M.| Gutiérrez-Arzaluz, M.| Palomar-Pardavé, M.| Romero-Romo, M.",6.0,58162144600| 57206431207| 57215664864| 57200124453| 6603788018| 6602576873,2023.0,2023-09-19,Journal of the Mexican Chemical Society,67,4,422-431,-,ISSN-1870249X,19700174729.0,Journal,Sociedad Quimica de Mexico A.C.,English,0.32,77,2,64,0.222,71,0.59,12.0,2.0,0.12,16.37,56.0,72.0,0.0,0.0,"Flores-Sanchez, D., Suárez-Rosales, M.Á., Landa-Castro, M. and 3 more (...) (2023).Effect of the Tempering Heat Treatment on the Cu-Based Shape Memory Alloy Exposed to a Commonly used Corrosive Medium. Journal of the Mexican Chemical Society,67(4) 422-431",https://www.scopus.com/record/display.url?eid=2-s2.0-85173769028&origin=resultslist,10.29356/jmcs.v67i4.2042,Article,Gold,2-s2.0-85173769028,-,Universidad Autónoma Metropolitana,505017,Academic,1.0,60023193,Universidad Autónoma Metropolitana - Azcapotzalco,58162144600,6602576873,58162144600| 6602576873,-,Mexico,1.0,1600,General Chemistry,4,Natural Sciences,409,Chemistry,37,Physical Sciences,34,Chemical Sciences,3406| 3405| 3404,Physical chemistry| Organic chemistry| Medicinal and biomolecular chemistry,-,Shape Memory Alloys and Martensitic Transformations,802,66.579,Temperature-Dependent Transformations in Shape Memory Alloys,6346,89.346,Definitive,UAM,1.0
"Romero, Mario Alberto",6602576873,Effect of heat treatment over the mechanical properties and the resistance to corrosion of the ternary Cu-Al-Ag alloy,"Flores-Sanchez, D.| Suárez-Rosales, M.I.| Gutiérrez-Arzaluz, M.| Palomar-Pardavé, M.| Romero-Romo, M.| Landa-Castro, M.",6.0,58162144600| 57206431207| 57200124453| 6603788018| 6602576873| 57215664864,2024.0,2024-11-01,Materials Research Express,11,11,-,116519,ISSN-20531591,21100432452.0,Journal,Institute of Physics,English,0.65,52,3.7,31,0.434,34,0.14,2.0,2.0,0.25,8.14,45.0,60.0,0.0,0.0,"Flores-Sanchez, D., Suárez-Rosales, M.I., Gutiérrez-Arzaluz, M. and 3 more (...) (2024).Effect of heat treatment over the mechanical properties and the resistance to corrosion of the ternary Cu-Al-Ag alloy. Materials Research Express,11(11) ",https://www.scopus.com/record/display.url?eid=2-s2.0-85209901255&origin=resultslist,10.1088/2053-1591/ad9196,Article,Gold|Green,2-s2.0-85209901255,-,Universidad Autónoma Metropolitana,505017,Academic,1.0,60023193,Universidad Autónoma Metropolitana - Azcapotzalco,58162144600,57215664864,58162144600| 57206431207,-,Mexico,1.0,2502| 2504| 2506| 2507| 2508,"Biomaterials| Electronic, Optical and Magnetic Materials| Metals and Alloys| Polymers and Plastics| Surfaces, Coatings and Films",4,Natural Sciences,433,Materials Science,36,Engineering,51| 40,Physical Sciences| Engineering,4016| 5104,Materials engineering| Condensed matter physics,-,Shape Memory Alloys and Martensitic Transformations,802,66.579,Temperature-Dependent Transformations in Shape Memory Alloys,6346,89.346,Definitive,UAM,1.0
"Romero, Mario Alberto",6602576873,Nanostructured Catalysts Synthesized by High-Energy Mechanical Alloying for Formic Acid Electrochemical Oxidation,"Ezeta-Mejía, A.| Montes de Oca-Yemha, M.G.| Arce-Estrada, E.M.| Romero-Romo, M.| Palomar-Pardavé, M.",5.0,55585038300| 24399524500| 8413430200| 6602576873| 6603788018,2017.0,2017-09-01,Electrocatalysis,8,5,472-479,-,ISSN-18682529,19600157794.0,Journal,Springer New York LLC,English,0.9,35,4.4,36,0.994,27,0.68,29.0,1.0,0.08,12.94,73.0,71.0,0.0,0.0,"Ezeta-Mejía, A., Montes de Oca-Yemha, M.G., Arce-Estrada, E.M. and 2 more (...) (2017).Nanostructured Catalysts Synthesized by High-Energy Mechanical Alloying for Formic Acid Electrochemical Oxidation. Electrocatalysis,8(5) 472-479",https://www.scopus.com/record/display.url?eid=2-s2.0-85027724238&origin=resultslist,10.1007/s12678-017-0404-8,Article,,2-s2.0-85027724238,-,Universidad Autónoma Metropolitana| Instituto Politécnico Nacional,505017| 505011,Academic,2.0,60019176| 60023193,Instituto Politécnico Nacional| Universidad Autónoma Metropolitana - Azcapotzalco,55585038300,6603788018,6602576873,-,Mexico,1.0,1603,Electrochemistry,4,Natural Sciences,409,Chemistry,37,Physical Sciences,34,Chemical Sciences,3406,Physical chemistry,-,Fuel Cells and Polymer Electrolytes,79,97.646,Catalytic Innovations in Formic Acid Fuel Cells,13583,92.101,Very Good,Nacional,2.0
"Romero, Mario Alberto",6602576873,Effect of core composition in AuxCuy@Pt/C for the methanol oxidation reaction,"Vázquez-Huerta, G.| Palomar-Pardavé, M.E.| Romero-Romo, M.A.| Montes De Oca-Yemha, M.G.| Garfias-García, E.| Aldana-González, J.I.",6.0,56002702300| 6603788018| 6602576873| 24399524500| 56002745500| 55842149700,2016.0,2016-01-06,Electrocatalysis,7,2,174-183,-,ISSN-18682529,19600157794.0,Journal,Springer New York LLC,English,0.61,54,4,50,0.678,38,0.5,34.0,1.0,0.0,12.35,73.0,71.0,1.0,0.0,"Vázquez-Huerta, G., Palomar-Pardavé, M.E., Romero-Romo, M.A. and 3 more (...) (2016).Effect of core composition in AuxCuy@Pt/C for the methanol oxidation reaction. Electrocatalysis,7(2) 174-183",https://www.scopus.com/record/display.url?eid=2-s2.0-84979231556&origin=resultslist,10.1007/s12678-015-0296-4,Article,,2-s2.0-84979231556,-,Universidad Autónoma Metropolitana,505017,Academic,1.0,60023193,Universidad Autónoma Metropolitana - Azcapotzalco,56002702300,55842149700,56002702300,-,Mexico,1.0,1603,Electrochemistry,4,Natural Sciences,409,Chemistry,37,Physical Sciences,34,Chemical Sciences,3406,Physical chemistry,SDG 7,Fuel Cells and Polymer Electrolytes,79,97.646,Catalytic Innovations in Direct Fuel Cell Technologies,566,89.676,Definitive,UAM,1.0
"Romero, Mario Alberto",6602576873,"Hydrocortisone UV-Vis Spectrophotometric Study: Stability, Determination of Its Acidity Constants and Quantification","Ramos-Reyes, G.M.| Corona-Avendaño, S.| Ramírez-Silva, M.T.| Romero-Romo, M.| Palomar-Pardavé, M.",5.0,57997426400| 6507494250| 6603801645| 6602576873| 6603788018,2024.0,2024-03-01,Journal of Applied Spectroscopy,91,1,218-227,-,ISSN-00219037,12155.0,Journal,Springer,English,0.41,71,1.3,81,0.213,81,1.63,21.0,1.0,0.14,6.91,56.0,67.0,0.0,0.0,"Ramos-Reyes, G.M., Corona-Avendaño, S., Ramírez-Silva, M.T. and 2 more (...) (2024).Hydrocortisone UV-Vis Spectrophotometric Study: Stability, Determination of Its Acidity Constants and Quantification. Journal of Applied Spectroscopy,91(1) 218-227",https://www.scopus.com/record/display.url?eid=2-s2.0-85186892108&origin=resultslist,10.1007/s10812-024-01709-9,Article,,2-s2.0-85186892108,-,Universidad Autónoma Metropolitana,505017,Academic,1.0,60023193| 60028381,Universidad Autónoma Metropolitana - Azcapotzalco| Universidad Autónoma Metropolitana -Unidad Iztapalapa,57997426400,6603788018,6507494250| 6603801645,-,Mexico,1.0,1607| 3104,Spectroscopy| Condensed Matter Physics,4,Natural Sciences,439| 409,Physics & Astronomy| Chemistry,37,Physical Sciences,40| 32| 34,Engineering| Biomedical And Clinical Sciences| Chemical Sciences,3212| 4013| 3403,Ophthalmology and optometry| Geomatic engineering| Macromolecular and materials chemistry,-,Oxytocin and Cortisol in Behavioral Neuroscience,680,48.463,Cortisol Detection Technologies for Health Monitoring,74534,90.282,Definitive,UAM,1.0
"Romero, Mario Alberto",6602576873,Dynamic formation of primary grain structures on squared steel billets produced by continuous casting (computer simulation),"Ramírez-López, A.| Muñoz-Negrón, D.| Palomar-Pardavé, M.| Romero-Romo, M.A.| Gonzalez-Trejo, J.",5.0,56000891100| 7103163220| 6603788018| 6602576873| 57254140000,2017.0,2017-07-01,International Journal of Advanced Manufacturing Technology,91,5-8,1709-1721,-,ISSN-02683768,20428.0,Journal,Springer London,English,1.74,8,3.5,18,0.994,14,1.59,53.0,0.0,0.0,11.05,82.0,72.0,0.0,0.0,"Ramírez-López, A., Muñoz-Negrón, D., Palomar-Pardavé, M. and 2 more (...) (2017).Dynamic formation of primary grain structures on squared steel billets produced by continuous casting (computer simulation). International Journal of Advanced Manufacturing Technology,91(5-8) 1709-1721",https://www.scopus.com/record/display.url?eid=2-s2.0-85006410803&origin=resultslist,10.1007/s00170-016-9885-5,Article,Hybrid gold,2-s2.0-85006410803,-,Universidad Autónoma Metropolitana| Mexico Autonomous Institute of Technology,505017| 703438,Academic,2.0,60030473| 60023193,ITAM - Instituto Tecnológico Autónomo de México| Universidad Autónoma Metropolitana - Azcapotzalco,56000891100,57254140000,56000891100,-,Mexico,1.0,1706| 1712| 2207| 2209| 2210,Computer Science Applications| Software| Control and Systems Engineering| Industrial and Manufacturing Engineering| Mechanical Engineering,2,Engineering & Technology,212| 213| 222,Computer Science & Information Systems| Data Science| Engineering - Mechanical,36| 38,Engineering| Computer Science,49| 40| 46,Mathematical Sciences| Engineering| Information And Computing Sciences,-,-,-,Solidification Dynamics in Aluminum Silicon Alloys,435,50.36,Solidification Dynamics in Superalloy Manufacturing,12864,83.619,Very Good,Nacional,2.0
"Romero, Mario Alberto",6602576873,Development of a Voltammetric Methodology Based on an Artificial Neural Network for the Quantification of Sodium Diclofenac in Pharmaceutical Samples,"Franco-Guzmán, M.| Romero-Romo, M.A.| Cobos-Murcia, J.I.| Palomar-Pardavé, M.E.| Hernández-Ramírez, D.| Álvarez-Romero, G.A.| Aguilar-Lira, G.Y.| Gutiérrez-Salgado, J.M.",8.0,57194340832| 6602576873| 56719805700| 6603788018| 57224859616| 55995905400| 56197309900| 34770486300,2024.0,2024-01-01,Journal of the Electrochemical Society,171,1,-,016503,ISSN-00134651,25169.0,Journal,Institute of Physics,English,0.76,45,6.1,23,0.774,24,1.3,19.0,0.0,0.0,8.63,70.0,70.0,0.0,0.0,"Franco-Guzmán, M., Romero-Romo, M.A., Cobos-Murcia, J.I. and 5 more (...) (2024).Development of a Voltammetric Methodology Based on an Artificial Neural Network for the Quantification of Sodium Diclofenac in Pharmaceutical Samples. Journal of the Electrochemical Society,171(1) ",https://www.scopus.com/record/display.url?eid=2-s2.0-85183323597&origin=resultslist,10.1149/1945-7111/ad1e3f,Article,,2-s2.0-85183323597,-,Centro de Investigacion y de Estudios Avanzados del Instituto Politécnico Nacional| Universidad Autónoma Metropolitana| Universidad Autonoma del Estado de Hidalgo,505002| 505017| 505050,Academic| Government,3.0,60014923| 60027135| 130773306| 60017323,Universidad Autónoma Metropolitana| Universidad Autónoma del Estado de Hidalgo| Universidad Tecnológica del Sureste de Veracruz. Área Académica de Química| Centro de Investigacion y de Estudios Avanzados del Instituto Politécnico Nacional,57194340832,34770486300,57194340832,-,Mexico,1.0,1603| 2105| 2504| 2505| 2508| 3104,"Electrochemistry| Renewable Energy, Sustainability and the Environment| Electronic, Optical and Magnetic Materials| Materials Chemistry| Surfaces, Coatings and Films| Condensed Matter Physics",2| 4,Engineering & Technology| Natural Sciences,221| 409| 433| 439,Engineering - Electrical & Electronic| Chemistry| Materials Science| Physics & Astronomy,37| 36,Physical Sciences| Engineering,40| 34,Engineering| Chemical Sciences,3406| 4016,Physical chemistry| Materials engineering,SDG 3,Electrochemical Sensors and Molecular Imprinting Techniques,718,81.949,Electrochemical Detection Methods for Diclofenac Analysis,41294,74.616,Definitive,Nacional,3.0
