Autor,Scopus author ID,Title,Authors,Number of Authors,Scopus Author Ids,Year,Full date,Scopus Source title,Volume,Issue,Pages,Article number,ISSN,Source ID,Source type,Publisher,Language,SNIP (publication year),SNIP percentile (publication year) *,CiteScore (publication year),CiteScore percentile (publication year) *,SJR (publication year),SJR percentile (publication year) *,Field-Weighted View Impact,Views,Citations,Field-Weighted Citation Impact,Field-Citation Average,"Outputs in Top Citation Percentiles, per percentile","Field-Weighted Outputs in Top Citation Percentiles, per percentile",Main patent families,Policy citations,Reference,Abstract,DOI,Publication type,Open Access,EID,PubMed ID,Institutions,Institution IDs,Sector,Number of Institutions,Scopus Affiliation IDs,Scopus Affiliation names,Scopus Author ID First Author,Scopus Author ID Last Author,Scopus Author ID Corresponding Author,Scopus Author ID Single Author,Country/Region,Number of Countries/Regions,All Science Journal Classification (ASJC) code,All Science Journal Classification (ASJC) field name,Quacquarelli Symonds (QS) Subject area code,Quacquarelli Symonds (QS) Subject area field name,Quacquarelli Symonds (QS) Subject code,Quacquarelli Symonds (QS) Subject field name,Times Higher Education (THE) code,Times Higher Education (THE) field name,ANZSRC FoR (2020) parent code,ANZSRC FoR (2020) parent name,ANZSRC FoR (2020) code,ANZSRC FoR (2020) name,Sustainable Development Goals (2025),Topic Cluster name,Topic Cluster number,Topic Cluster Prominence Percentile,Topic name,Topic number,Topic Prominence Percentile,Publication link to Topic strength,Colaboracion,Number of national institutions
"Espinosa-Paredes, Gilberto",6701576605,Comparison of thermal performance between green roofs and conventional roofs,"Polo-Labarrios, M.A.| Quezada-Garciá, S.| Sánchez-Mora, H.| Escobedo-Izquierdo, M.A.| Espinosa-Paredes, G.",5.0,36617848900| 56185557300| 57195354716| 57192981352| 6701576605,2020.0,2020-10-01,Case Studies in Thermal Engineering,21,-,-,100697,ISSN-2214157X,21100262580.0,Journal,Elsevier Ltd,English,1.82,8,5.9,11,0.913,13,3.41,90.0,39.0,2.17,10.61,12.0,11.0,0.0,0.0,"Polo-Labarrios, M.A., Quezada-Garciá, S., Sánchez-Mora, H. and 2 more (...) (2020).Comparison of thermal performance between green roofs and conventional roofs. Case Studies in Thermal Engineering,21",https://www.scopus.com/record/display.url?eid=2-s2.0-85089308756&origin=resultslist,10.1016/j.csite.2020.100697,Article,Gold|Green,2-s2.0-85089308756,-,Universidad Autónoma Metropolitana| Instituto Politécnico Nacional| Universidad Nacional Autónoma de México,505017| 505011| 505023,Academic,3.0,60032442| 60019176| 60028381,Universidad Nacional Autónoma de México| Instituto Politécnico Nacional| Universidad Autónoma Metropolitana -Unidad Iztapalapa,36617848900,6701576605,56185557300,-,Mexico,1.0,1507| 2201,Fluid Flow and Transfer Processes| Engineering (miscellaneous),2,Engineering & Technology,249| 219,Engineering - Petroleum| Engineering - Chemical,36,Engineering,40,Engineering,4012,Fluid mechanics and thermal engineering,SDG 7| SDG 12,Urban Heat Management and Thermal Comfort Solutions,263,97.057,Green Roofs and Their Urban Environmental Impact,4018,98.771,Definitive,Nacional,3.0
"Espinosa-Paredes, Gilberto",6701576605,Energy optimization of a Sulfur–Iodine thermochemical nuclear hydrogen production cycle,"Juárez-Martínez, L.C.| Espinosa-Paredes, G.| Vázquez-Rodríguez, A.| Romero-Paredes, H.",4.0,57199420927| 6701576605| 15048725800| 6506822837,2021.0,2021-06-01,Nuclear Engineering and Technology,53,6,2066-2073,-,ISSN-17385733,11700154337.0,Journal,Korean Nuclear Society,English,1.54,13,3.7,28,0.752,25,0.77,22.0,36.0,3.25,9.84,10.0,6.0,0.0,0.0,"Juárez-Martínez, L.C., Espinosa-Paredes, G., Vázquez-Rodríguez, A. and 1 more (...) (2021).Energy optimization of a Sulfur–Iodine thermochemical nuclear hydrogen production cycle. Nuclear Engineering and Technology,53(6) 2066-2073",https://www.scopus.com/record/display.url?eid=2-s2.0-85098152372&origin=resultslist,10.1016/j.net.2020.12.014,Article,Gold|Green,2-s2.0-85098152372,-,Universidad Autónoma Metropolitana,505017,Academic,1.0,60028381,Universidad Autónoma Metropolitana -Unidad Iztapalapa,57199420927,6506822837,6701576605,-,Mexico,1.0,2104,Nuclear Energy and Engineering,2,Engineering & Technology,221,Engineering - Electrical & Electronic,36,Engineering,40| 51,Engineering| Physical Sciences,5199| 4019| 4016,Other physical sciences| Resources engineering and extractive metallurgy| Materials engineering,SDG 7,Solid Oxide Fuel Cell Technology,335,85.154,Hydrogen Production through Sulfur-Iodine Thermochemical Cycle,15308,85.528,Very Good,UAM,1.0
"Espinosa-Paredes, Gilberto",6701576605,Design and analysis of a numerical method for fractional neutron diffusion equation with delayed neutrons,"Roul, P.| Rohil, V.| Espinosa-Paredes, G.| Prasad Goura, V.M.K.| Gedam, R.S.| Obaidurrahman, K.",6.0,36449269400| 57218365321| 6701576605| 57429498600| 57367609000| 36105598400,2020.0,2020-11-01,Applied Numerical Mathematics,157,-,634-653,-,ISSN-01689274,28067.0,Journal,Elsevier B.V.,English,1.25,20,3.4,24,0.898,26,1.07,22.0,35.0,1.89,8.46,13.0,13.0,0.0,0.0,"Roul, P., Rohil, V., Espinosa-Paredes, G. and 3 more (...) (2020).Design and analysis of a numerical method for fractional neutron diffusion equation with delayed neutrons. Applied Numerical Mathematics,157634-653",https://www.scopus.com/record/display.url?eid=2-s2.0-85088925678&origin=resultslist,10.1016/j.apnum.2020.07.007,Article,,2-s2.0-85088925678,-,Universidad Autónoma Metropolitana| Visvesvaraya National Institute of Technology,505017| 713689,Academic,2.0,60015785| 60028381| 60000569,"Visvesvaraya National Institute of Technology, Nagpur| Universidad Autónoma Metropolitana -Unidad Iztapalapa| Atomic Energy Regulatory Board India",36449269400,36105598400,36449269400,-,India| Mexico,2.0,2604| 2605| 2612,Applied Mathematics| Computational Mathematics| Numerical Analysis,4,Natural Sciences,431,Mathematics,37,Physical Sciences,49,Mathematical Sciences,4901| 4903,Applied mathematics| Numerical and computational mathematics,-,Fractional Calculus Applications in Differential Equations,88,83.061,Fractional Differential Equations in Complex Systems,2382,98.504,Very Good,Internacional,1.0
"Espinosa-Paredes, Gilberto",6701576605,Fractional-space neutron point kinetics (F-SNPK) equations for nuclear reactor dynamics,"Espinosa-Paredes, G.",1.0,6701576605,2017.0,2017-09-01,Annals of Nuclear Energy,107,-,136-143,-,ISSN-03064549,29363.0,Journal,Elsevier Ltd,English,1.8,8,3,19,1.41,10,0.59,26.0,32.0,2.22,7.64,18.0,11.0,0.0,0.0,"Espinosa-Paredes, G. (2017).Fractional-space neutron point kinetics (F-SNPK) equations for nuclear reactor dynamics. Annals of Nuclear Energy,107136-143",https://www.scopus.com/record/display.url?eid=2-s2.0-84981736401&origin=resultslist,10.1016/j.anucene.2016.08.007,Article,,2-s2.0-84981736401,-,Universidad Autónoma Metropolitana,505017,Academic,1.0,60028381,Universidad Autónoma Metropolitana -Unidad Iztapalapa,-,-,-,6701576605,Mexico,1.0,2104,Nuclear Energy and Engineering,2,Engineering & Technology,221,Engineering - Electrical & Electronic,36,Engineering,40,Engineering,4019| 4012,Resources engineering and extractive metallurgy| Fluid mechanics and thermal engineering,-,Nuclear Fuel and Thermal Hydraulics,655,27.796,Innovative Approaches in Nuclear Reactor Kinetics,36285,71.987,Definitive,Personal,1.0
"Espinosa-Paredes, Gilberto",6701576605,Using Largest Lyapunov Exponent to Confirm the Intrinsic Stability of Boiling Water Reactors,"Gavilán-Moreno, C.J.| Espinosa-Paredes, G.",2.0,6504523163| 6701576605,2016.0,2016-04-01,Nuclear Engineering and Technology,48,2,434-447,-,ISSN-17385733,11700154337.0,Journal,Korean Nuclear Society,English,1.47,12,1.7,41,0.838,20,0.32,19.0,24.0,0.97,7.22,24.0,30.0,0.0,0.0,"Gavilán-Moreno, C.J., Espinosa-Paredes, G. (2016).Using Largest Lyapunov Exponent to Confirm the Intrinsic Stability of Boiling Water Reactors. Nuclear Engineering and Technology,48(2) 434-447",https://www.scopus.com/record/display.url?eid=2-s2.0-84963538098&origin=resultslist,10.1016/j.net.2016.01.002,Article,Gold|Green,2-s2.0-84963538098,-,Universidad Autónoma Metropolitana| Iberdrola,505017| 704343,Academic| Corporate,2.0,60020954| 60028381,"Iberdrola, S.A| Universidad Autónoma Metropolitana -Unidad Iztapalapa",6504523163,6701576605,6701576605,-,Mexico| Spain,2.0,2104,Nuclear Energy and Engineering,2,Engineering & Technology,221,Engineering - Electrical & Electronic,36,Engineering,51| 40,Physical Sciences| Engineering,5199| 4016| 4019,Other physical sciences| Materials engineering| Resources engineering and extractive metallurgy,-,Nuclear Reactor Safety and Efficiency,1255,45.389,Dynamics of Two-Phase Flow in Natural Circulation,11287,73.915,Very Good,Internacional,1.0
"Espinosa-Paredes, Gilberto",6701576605,Fractional radioactive decay law and Bateman equations,"Cruz-López, C.-A.| Espinosa-Paredes, G.",2.0,57202192453| 6701576605,2022.0,2022-01-01,Nuclear Engineering and Technology,54,1,275-282,-,ISSN-17385733,11700154337.0,Journal,Korean Nuclear Society,English,1.5,13,4.2,25,0.69,30,0.54,17.0,24.0,2.14,10.72,13.0,12.0,0.0,0.0,"Cruz-López, C.-A., Espinosa-Paredes, G. (2022).Fractional radioactive decay law and Bateman equations. Nuclear Engineering and Technology,54(1) 275-282",https://www.scopus.com/record/display.url?eid=2-s2.0-85112188316&origin=resultslist,10.1016/j.net.2021.07.026,Article,Gold|Green,2-s2.0-85112188316,-,Universidad Autónoma Metropolitana,505017,Academic,1.0,60028381,Universidad Autónoma Metropolitana -Unidad Iztapalapa,57202192453,6701576605,6701576605,-,Mexico,1.0,2104,Nuclear Energy and Engineering,2,Engineering & Technology,221,Engineering - Electrical & Electronic,36,Engineering,40| 51,Engineering| Physical Sciences,4019| 4016| 5199,Resources engineering and extractive metallurgy| Materials engineering| Other physical sciences,-,Fractional Calculus Applications in Differential Equations,88,83.061,Fractional Order Models in Disease Dynamics,5587,99.487,Very Good,UAM,1.0
"Espinosa-Paredes, Gilberto",6701576605,Exergy and separately anergy analysis of a thermochemical nuclear cycle for hydrogen production,"Romero-Paredes, H.| Vázquez Rodríguez, A.| Espinosa Paredes, G.| Villafan Vidales, H.I.| Ambriz García, J.J.| Nuñez-Carrera, A.",6.0,6506822837| 15048725800| 6701576605| 56013710600| 23088066300| 6506276617,2015.0,2015-01-22,Applied Thermal Engineering,75,-,1311-1320,-,ISSN-13594311,13688.0,Journal,Elsevier Ltd,English,1.83,7,4.9,7,1.683,4,0.14,21.0,22.0,1.06,7.55,26.0,27.0,0.0,0.0,"Romero-Paredes, H., Vázquez Rodríguez, A., Espinosa Paredes, G. and 3 more (...) (2015).Exergy and separately anergy analysis of a thermochemical nuclear cycle for hydrogen production. Applied Thermal Engineering,751311-1320",https://www.scopus.com/record/display.url?eid=2-s2.0-85027938446&origin=resultslist,10.1016/j.applthermaleng.2014.06.001,Article,,2-s2.0-85027938446,-,Universidad Autónoma Metropolitana| Universidad Nacional Autónoma de México,505017| 505023,Academic,2.0,60028381| 60032442| 60003209| 60084239,Universidad Autónoma Metropolitana -Unidad Iztapalapa| Universidad Nacional Autónoma de México| Instituto de Energías Renovables de la UNAM| Comision Nacional de Seguridad Nuclear y Salvaguardias,6506822837,6506276617,6701576605,-,Mexico,1.0,1507| 2102| 2209| 2210,Fluid Flow and Transfer Processes| Energy Engineering and Power Technology| Industrial and Manufacturing Engineering| Mechanical Engineering,2,Engineering & Technology,222| 249| 219| 221,Engineering - Mechanical| Engineering - Petroleum| Engineering - Chemical| Engineering - Electrical & Electronic,36,Engineering,40,Engineering,4012| 4017,Fluid mechanics and thermal engineering| Mechanical engineering,SDG 7,Solid Oxide Fuel Cell Technology,335,85.154,Hydrogen Production through Sulfur-Iodine Thermochemical Cycle,15308,85.528,Definitive,Nacional,2.0
"Espinosa-Paredes, Gilberto",6701576605,On the feedback stability of linear FNPK equations,"Cázares-Ramírez, R.-I.| Vyawahare, V.A.| Espinosa-Paredes, G.| Nataraj, P.S.V.",4.0,56928260500| 36807093200| 6701576605| 7003693678,2017.0,2017-07-01,Progress in Nuclear Energy,98,-,45-58,-,ISSN-01491970,13182.0,Journal,Elsevier Ltd,English,1.5,12,3,21,1.239,8,0.54,22.0,21.0,0.92,9.77,26.0,31.0,0.0,0.0,"Cázares-Ramírez, R.-I., Vyawahare, V.A., Espinosa-Paredes, G. and 1 more (...) (2017).On the feedback stability of linear FNPK equations. Progress in Nuclear Energy,9845-58",https://www.scopus.com/record/display.url?eid=2-s2.0-85014242235&origin=resultslist,10.1016/j.pnucene.2017.02.007,Article,,2-s2.0-85014242235,-,Universidad Autónoma Metropolitana| Indian Institute of Technology Bombay,505017| 207030,Academic,2.0,60028381| 60103948| 60014153,Universidad Autónoma Metropolitana -Unidad Iztapalapa| Ramrao Adik Institute of Technology| Indian Institute of Technology Bombay,56928260500,7003693678,6701576605,-,India| Mexico,2.0,2102| 2104| 2213| 2311,"Energy Engineering and Power Technology| Nuclear Energy and Engineering| Safety, Risk, Reliability and Quality| Waste Management and Disposal",2| 3,Engineering & Technology| Social Sciences & Management,249| 221| 424,Engineering - Petroleum| Engineering - Electrical & Electronic| Environmental Sciences,36| 37,Engineering| Physical Sciences,40| 51,Engineering| Physical Sciences,4019| 5106,Resources engineering and extractive metallurgy| Nuclear and plasma physics,-,Nuclear Fuel and Thermal Hydraulics,655,27.796,Innovative Approaches in Nuclear Reactor Kinetics,36285,71.987,Definitive,Internacional,1.0
"Espinosa-Paredes, Gilberto",6701576605,Decay Ratio estimation in BWRs based on the improved complete ensemble empirical mode decomposition with adaptive noise,"Olvera-Guerrero, O.A.| Prieto-Guerrero, A.| Espinosa-Paredes, G.",3.0,56040128300| 57188580330| 6701576605,2017.0,2017-04-01,Annals of Nuclear Energy,102,-,280-296,-,ISSN-03064549,29363.0,Journal,Elsevier Ltd,English,1.8,8,3,19,1.41,10,1.15,34.0,21.0,1.57,7.64,26.0,18.0,0.0,0.0,"Olvera-Guerrero, O.A., Prieto-Guerrero, A., Espinosa-Paredes, G. (2017).Decay Ratio estimation in BWRs based on the improved complete ensemble empirical mode decomposition with adaptive noise. Annals of Nuclear Energy,102280-296",https://www.scopus.com/record/display.url?eid=2-s2.0-85008675489&origin=resultslist,10.1016/j.anucene.2016.12.035,Article,,2-s2.0-85008675489,-,Universidad Autónoma Metropolitana,505017,Academic,1.0,60028381,Universidad Autónoma Metropolitana -Unidad Iztapalapa,56040128300,6701576605,6701576605,-,Mexico,1.0,2104,Nuclear Energy and Engineering,2,Engineering & Technology,221,Engineering - Electrical & Electronic,36,Engineering,40,Engineering,4019| 4012,Resources engineering and extractive metallurgy| Fluid mechanics and thermal engineering,-,Nuclear Reactor Safety and Efficiency,1255,45.389,Dynamics of Two-Phase Flow in Natural Circulation,11287,73.915,Definitive,UAM,1.0
"Espinosa-Paredes, Gilberto",6701576605,Artificial neural network approximations of linear fractional neutron models,"Vyawahare, V.A.| Espinosa-Paredes, G.| Datkhile, G.| Kadam, P.",4.0,36807093200| 6701576605| 57193701703| 57191596798,2018.0,2018-03-01,Annals of Nuclear Energy,113,-,75-88,-,ISSN-03064549,29363.0,Journal,Elsevier Ltd,English,1.83,7,3.2,19,1.566,8,0.63,19.0,21.0,1.04,8.68,25.0,28.0,0.0,0.0,"Vyawahare, V.A., Espinosa-Paredes, G., Datkhile, G. and 1 more (...) (2018).Artificial neural network approximations of linear fractional neutron models. Annals of Nuclear Energy,11375-88",https://www.scopus.com/record/display.url?eid=2-s2.0-85034069937&origin=resultslist,10.1016/j.anucene.2017.11.005,Article,,2-s2.0-85034069937,-,Universidad Autónoma Metropolitana,505017,Academic,1.0,60103948| 60028381,Ramrao Adik Institute of Technology| Universidad Autónoma Metropolitana -Unidad Iztapalapa,36807093200,57191596798,6701576605,-,India| Mexico,2.0,2104,Nuclear Energy and Engineering,2,Engineering & Technology,221,Engineering - Electrical & Electronic,36,Engineering,40,Engineering,4012| 4019,Fluid mechanics and thermal engineering| Resources engineering and extractive metallurgy,-,Nuclear Fuel and Thermal Hydraulics,655,27.796,Innovative Approaches in Nuclear Reactor Kinetics,36285,71.987,Very Good,Internacional,1.0
"Espinosa-Paredes, Gilberto",6701576605,Analysis of the fractional neutron point kinetics (FNPK) equation,"Espinosa-Paredes, G.| Polo-Labarrios, M.-A.",2.0,6701576605| 36617848900,2016.0,2016-06-01,Annals of Nuclear Energy,92,-,363-368,-,ISSN-03064549,29363.0,Journal,Elsevier Ltd,English,1.62,10,2.7,21,1.154,12,0.53,21.0,21.0,1.52,7.22,26.0,19.0,0.0,0.0,"Espinosa-Paredes, G., Polo-Labarrios, M.-A. (2016).Analysis of the fractional neutron point kinetics (FNPK) equation. Annals of Nuclear Energy,92363-368",https://www.scopus.com/record/display.url?eid=2-s2.0-84959146254&origin=resultslist,10.1016/j.anucene.2016.02.009,Article,,2-s2.0-84959146254,-,Universidad Autónoma Metropolitana,505017,Academic,1.0,60028381| 60084239,Universidad Autónoma Metropolitana -Unidad Iztapalapa| Comision Nacional de Seguridad Nuclear y Salvaguardias,6701576605,36617848900,6701576605,-,Mexico,1.0,2104,Nuclear Energy and Engineering,2,Engineering & Technology,221,Engineering - Electrical & Electronic,36,Engineering,40,Engineering,4012| 4019,Fluid mechanics and thermal engineering| Resources engineering and extractive metallurgy,-,Nuclear Fuel and Thermal Hydraulics,655,27.796,Innovative Approaches in Nuclear Reactor Kinetics,36285,71.987,Definitive,UAM,1.0
"Espinosa-Paredes, Gilberto",6701576605,Numerical simulation of two-dimensional fractional neutron diffusion model describing dynamical behaviour of sodium-cooled fast reactor,"Roul, P.| Rohil, V.| Espinosa-Paredes, G.| Obaidurrahman, K.",4.0,36449269400| 57218365321| 6701576605| 36105598400,2022.0,2022-02-01,Annals of Nuclear Energy,166,-,-,108709,ISSN-03064549,29363.0,Journal,Elsevier Ltd,English,1.32,17,3.6,35,0.859,19,1.17,31.0,20.0,1.31,10.72,16.0,22.0,0.0,0.0,"Roul, P., Rohil, V., Espinosa-Paredes, G. and 1 more (...) (2022).Numerical simulation of two-dimensional fractional neutron diffusion model describing dynamical behaviour of sodium-cooled fast reactor. Annals of Nuclear Energy,166",https://www.scopus.com/record/display.url?eid=2-s2.0-85115771917&origin=resultslist,10.1016/j.anucene.2021.108709,Article,,2-s2.0-85115771917,-,Universidad Autónoma Metropolitana| Visvesvaraya National Institute of Technology,505017| 713689,Academic,2.0,60015785| 60028381| 60000569,"Visvesvaraya National Institute of Technology, Nagpur| Universidad Autónoma Metropolitana -Unidad Iztapalapa| Atomic Energy Regulatory Board India",36449269400,36105598400,36449269400,-,India| Mexico,2.0,2104,Nuclear Energy and Engineering,2,Engineering & Technology,221,Engineering - Electrical & Electronic,36,Engineering,40,Engineering,4019| 4012,Resources engineering and extractive metallurgy| Fluid mechanics and thermal engineering,-,Nuclear Fuel and Thermal Hydraulics,655,27.796,Innovative Approaches in Nuclear Reactor Kinetics,36285,71.987,Very Good,Internacional,1.0
"Espinosa-Paredes, Gilberto",6701576605,An efficient numerical method for fractional neutron diffusion equation in the presence of different types of reactivities,"Roul, P.| Rohil, V.| Espinosa-Paredes, G.| Obaidurrahman, K.",4.0,36449269400| 57218365321| 6701576605| 36105598400,2021.0,2021-03-01,Annals of Nuclear Energy,152,-,-,108038,ISSN-03064549,29363.0,Journal,Elsevier Ltd,English,1.43,16,3.5,34,0.875,19,1.36,33.0,19.0,0.81,9.84,21.0,35.0,0.0,0.0,"Roul, P., Rohil, V., Espinosa-Paredes, G. and 1 more (...) (2021).An efficient numerical method for fractional neutron diffusion equation in the presence of different types of reactivities. Annals of Nuclear Energy,152",https://www.scopus.com/record/display.url?eid=2-s2.0-85097582909&origin=resultslist,10.1016/j.anucene.2020.108038,Article,,2-s2.0-85097582909,-,Universidad Autónoma Metropolitana| Visvesvaraya National Institute of Technology,505017| 713689,Academic,2.0,60015785| 60028381| 60000569,"Visvesvaraya National Institute of Technology, Nagpur| Universidad Autónoma Metropolitana -Unidad Iztapalapa| Atomic Energy Regulatory Board India",36449269400,36105598400,6701576605,-,India| Mexico,2.0,2104,Nuclear Energy and Engineering,2,Engineering & Technology,221,Engineering - Electrical & Electronic,36,Engineering,40,Engineering,4019| 4012,Resources engineering and extractive metallurgy| Fluid mechanics and thermal engineering,-,Nuclear Fuel and Thermal Hydraulics,655,27.796,Innovative Approaches in Nuclear Reactor Kinetics,36285,71.987,Very Good,Internacional,1.0
"Espinosa-Paredes, Gilberto",6701576605,A singular value decomposition entropy approach to assess the impact of Covid-19 on the informational efficiency of the WTI crude oil market,"Espinosa-Paredes, G.| Rodriguez, E.| Alvarez-Ramirez, J.",3.0,6701576605| 35112460500| 55399527300,2022.0,2022-07-01,"Chaos, Solitons and Fractals",160,-,-,112238,ISSN-09600779,25347.0,Journal,Elsevier Ltd,English,1.9,7,11.8,1,1.393,9,1.82,24.0,19.0,2.0,9.02,17.0,13.0,0.0,0.0,"Espinosa-Paredes, G., Rodriguez, E., Alvarez-Ramirez, J. (2022).A singular value decomposition entropy approach to assess the impact of Covid-19 on the informational efficiency of the WTI crude oil market. Chaos, Solitons and Fractals,160",https://www.scopus.com/record/display.url?eid=2-s2.0-85130877099&origin=resultslist,10.1016/j.chaos.2022.112238,Article,Green,2-s2.0-85130877099,-,Universidad Autónoma Metropolitana,505017,Academic,1.0,128153016| 128153137| 60028381,Area de Ingeniería en Recursos Energéticos| Area de Computación| Universidad Autónoma Metropolitana -Unidad Iztapalapa,6701576605,55399527300,35112460500,-,Mexico,1.0,2604| 2610| 3100| 3109,Applied Mathematics| Mathematical Physics| General Physics and Astronomy| Statistical and Nonlinear Physics,4,Natural Sciences,431| 439,Mathematics| Physics & Astronomy,37,Physical Sciences,49| 40| 46,Mathematical Sciences| Engineering| Information And Computing Sciences,-,-,-,Dynamics of Financial Markets and Power Law,1053,21.975,Multifractal Dynamics in Financial and Environmental Systems,973,95.19,Very Good,UAM,1.0
"Espinosa-Paredes, Gilberto",6701576605,Development of the General Bateman Solution using fractional calculus: A theoretical and algorithmic approach,"Cruz-López, C.-A.| Espinosa-Paredes, G.| François, J.-L.",3.0,57202192453| 6701576605| 56013740900,2022.0,2022-04-01,Computer Physics Communications,273,-,-,108268,ISSN-00104655,13184.0,Journal,Elsevier B.V.,English,2,6,9.4,9,1.312,13,0.35,8.0,19.0,1.21,14.83,17.0,24.0,0.0,0.0,"Cruz-López, C.-A., Espinosa-Paredes, G., François, J.-L. (2022).Development of the General Bateman Solution using fractional calculus: A theoretical and algorithmic approach. Computer Physics Communications,273",https://www.scopus.com/record/display.url?eid=2-s2.0-85121877162&origin=resultslist,10.1016/j.cpc.2021.108268,Article,,2-s2.0-85121877162,-,Universidad Autónoma Metropolitana| Universidad Nacional Autónoma de México,505017| 505023,Academic,2.0,60028381| 60032442,Universidad Autónoma Metropolitana -Unidad Iztapalapa| Universidad Nacional Autónoma de México,57202192453,56013740900,6701576605,-,Mexico,1.0,1708| 3100,Hardware and Architecture| General Physics and Astronomy,4| 2,Natural Sciences| Engineering & Technology,212| 439,Computer Science & Information Systems| Physics & Astronomy,37| 38,Physical Sciences| Computer Science,49| 46| 51,Mathematical Sciences| Information And Computing Sciences| Physical Sciences,-,-,-,Nuclear Fuel and Thermal Hydraulics,655,27.796,Monte Carlo Approaches for Nuclear Fuel Depletion,21727,61.067,Very Good,Nacional,2.0
"Espinosa-Paredes, Gilberto",6701576605,Heterogeneous model for heat transfer in Green Roof Systems,"Quezada-García, S.| Espinosa-Paredes, G.| Escobedo-Izquierdo, M.A.| Vázquez-Rodríguez, A.| Vázquez-Rodríguez, R.| Ambriz-García, J.J.",6.0,56185557300| 6701576605| 57192981352| 15048725800| 55989662900| 23088066300,2017.0,2017-03-15,Energy and Buildings,139,-,205-213,-,ISSN-03787788,29359.0,Journal,Elsevier Ltd,English,2.15,5,7.8,2,2.061,3,3.08,93.0,18.0,1.0,9.97,29.0,29.0,0.0,0.0,"Quezada-García, S., Espinosa-Paredes, G., Escobedo-Izquierdo, M.A. and 3 more (...) (2017).Heterogeneous model for heat transfer in Green Roof Systems. Energy and Buildings,139205-213",https://www.scopus.com/record/display.url?eid=2-s2.0-85009726363&origin=resultslist,10.1016/j.enbuild.2017.01.015,Article,,2-s2.0-85009726363,-,Universidad Autónoma Metropolitana| Universidad Nacional Autónoma de México,505017| 505023,Academic,2.0,60032442| 60014923,Universidad Nacional Autónoma de México| Universidad Autónoma Metropolitana,56185557300,23088066300,6701576605,-,Mexico,1.0,2205| 2208| 2210| 2215,Civil and Structural Engineering| Electrical and Electronic Engineering| Mechanical Engineering| Building and Construction,2,Engineering & Technology,249| 222| 106| 220| 221,Engineering - Petroleum| Engineering - Mechanical| Architecture| Engineering - Civil & Structural| Engineering - Electrical & Electronic,36,Engineering,33| 40,Built Environment And Design| Engineering,-,-,SDG 7| SDG 11| SDG 12,Urban Heat Management and Thermal Comfort Solutions,263,97.057,Green Roofs and Their Urban Environmental Impact,4018,98.771,Definitive,Nacional,2.0
"Espinosa-Paredes, Gilberto",6701576605,On the stability of fractional neutron point kinetics (FNPK),"Espinosa-Paredes, G.| Cázares-Ramírez, R.-I.| François, J.-L.| Martin-del-Campo, C.",4.0,6701576605| 56928260500| 56013740900| 6602746764,2017.0,2017-05-01,Applied Mathematical Modelling,45,-,505-515,-,ISSN-0307904X,28065.0,Journal,Elsevier Inc.,English,1.52,12,4.4,9,0.876,21,0.56,14.0,16.0,0.97,7.24,32.0,30.0,0.0,0.0,"Espinosa-Paredes, G., Cázares-Ramírez, R.-I., François, J.-L. and 1 more (...) (2017).On the stability of fractional neutron point kinetics (FNPK). Applied Mathematical Modelling,45505-515",https://www.scopus.com/record/display.url?eid=2-s2.0-85018750964&origin=resultslist,10.1016/j.apm.2016.12.015,Article,,2-s2.0-85018750964,-,Universidad Autónoma Metropolitana| Universidad Nacional Autónoma de México,505017| 505023,Academic,2.0,60028381| 60032442,Universidad Autónoma Metropolitana -Unidad Iztapalapa| Universidad Nacional Autónoma de México,6701576605,6602746764,6701576605,-,Mexico,1.0,2604| 2611,Applied Mathematics| Modeling and Simulation,4,Natural Sciences,431,Mathematics,37,Physical Sciences,40| 46| 49,Engineering| Information And Computing Sciences| Mathematical Sciences,-,-,-,Nuclear Fuel and Thermal Hydraulics,655,27.796,Innovative Approaches in Nuclear Reactor Kinetics,36285,71.987,Definitive,Nacional,2.0
"Espinosa-Paredes, Gilberto",6701576605,An efficient computational technique for solving a fractional-order model describing dynamics of neutron flux in a nuclear reactor,"Roul, P.| Rohil, V.| Espinosa-Paredes, G.| Obaidurrahman, K.",4.0,36449269400| 57218365321| 6701576605| 36105598400,2023.0,2023-06-01,Annals of Nuclear Energy,185,-,-,109733,ISSN-03064549,29363.0,Journal,Elsevier Ltd,English,1.27,17,4.3,23,0.822,18,0.97,17.0,16.0,1.79,8.93,14.0,15.0,0.0,0.0,"Roul, P., Rohil, V., Espinosa-Paredes, G. and 1 more (...) (2023).An efficient computational technique for solving a fractional-order model describing dynamics of neutron flux in a nuclear reactor. Annals of Nuclear Energy,185",https://www.scopus.com/record/display.url?eid=2-s2.0-85147606891&origin=resultslist,10.1016/j.anucene.2023.109733,Article,,2-s2.0-85147606891,-,Universidad Autónoma Metropolitana| Visvesvaraya National Institute of Technology,505017| 713689,Academic,2.0,60015785| 60028381| 129161918,"Visvesvaraya National Institute of Technology, Nagpur| Universidad Autónoma Metropolitana -Unidad Iztapalapa| AERB",36449269400,36105598400,36449269400,-,India| Mexico,2.0,2104,Nuclear Energy and Engineering,2,Engineering & Technology,221,Engineering - Electrical & Electronic,36,Engineering,40,Engineering,4012| 4019,Fluid mechanics and thermal engineering| Resources engineering and extractive metallurgy,-,Nuclear Fuel and Thermal Hydraulics,655,27.796,Innovative Approaches in Nuclear Reactor Kinetics,36285,71.987,Definitive,Internacional,1.0
"Espinosa-Paredes, Gilberto",6701576605,Modifying the neutron diffusion equation using spatial fractional operators and developed diffusion coefficients,"Maleki Moghaddam, N.| Afarideh, H.| Espinosa-Paredes, G.",3.0,56077978000| 6603808224| 6701576605,2015.0,2015-08-01,Progress in Nuclear Energy,83,-,59-72,-,ISSN-01491970,13182.0,Journal,Elsevier Ltd,English,1.36,15,1.9,31,0.888,16,0.35,27.0,15.0,0.76,7.87,34.0,36.0,0.0,0.0,"Maleki Moghaddam, N., Afarideh, H., Espinosa-Paredes, G. (2015).Modifying the neutron diffusion equation using spatial fractional operators and developed diffusion coefficients. Progress in Nuclear Energy,8359-72",https://www.scopus.com/record/display.url?eid=2-s2.0-84925984839&origin=resultslist,10.1016/j.pnucene.2015.03.002,Article,,2-s2.0-84925984839,-,Universidad Autónoma Metropolitana| Amirkabir University of Technology,505017| 404002,Academic,2.0,60007751| 60028381,Amirkabir University of Technology| Universidad Autónoma Metropolitana -Unidad Iztapalapa,56077978000,6701576605,6603808224,-,Mexico| Iran,2.0,2102| 2104| 2213| 2311,"Energy Engineering and Power Technology| Nuclear Energy and Engineering| Safety, Risk, Reliability and Quality| Waste Management and Disposal",3| 2,Social Sciences & Management| Engineering & Technology,249| 221| 424,Engineering - Petroleum| Engineering - Electrical & Electronic| Environmental Sciences,37| 36,Physical Sciences| Engineering,51| 40,Physical Sciences| Engineering,4019| 5106,Resources engineering and extractive metallurgy| Nuclear and plasma physics,-,Nuclear Fuel and Thermal Hydraulics,655,27.796,Innovative Approaches in Nuclear Reactor Kinetics,36285,71.987,Very Good,Internacional,1.0
"Espinosa-Paredes, Gilberto",6701576605,BWR stability analysis with sub-diffusive and feedback effects,"Vyawahare, V.A.| Espinosa-Paredes, G.",2.0,36807093200| 6701576605,2017.0,2017-12-01,Annals of Nuclear Energy,110,-,349-361,-,ISSN-03064549,29363.0,Journal,Elsevier Ltd,English,1.8,8,3,19,1.41,10,1.36,36.0,14.0,0.79,7.64,35.0,35.0,0.0,0.0,"Vyawahare, V.A., Espinosa-Paredes, G. (2017).BWR stability analysis with sub-diffusive and feedback effects. Annals of Nuclear Energy,110349-361",https://www.scopus.com/record/display.url?eid=2-s2.0-85021710156&origin=resultslist,10.1016/j.anucene.2017.06.059,Article,,2-s2.0-85021710156,-,Universidad Autónoma Metropolitana,505017,Academic,1.0,60103948| 60028381,Ramrao Adik Institute of Technology| Universidad Autónoma Metropolitana -Unidad Iztapalapa,36807093200,6701576605,6701576605,-,India| Mexico,2.0,2104,Nuclear Energy and Engineering,2,Engineering & Technology,221,Engineering - Electrical & Electronic,36,Engineering,40,Engineering,4019| 4012,Resources engineering and extractive metallurgy| Fluid mechanics and thermal engineering,-,Nuclear Fuel and Thermal Hydraulics,655,27.796,Innovative Approaches in Nuclear Reactor Kinetics,36285,71.987,Definitive,Internacional,1.0
"Espinosa-Paredes, Gilberto",6701576605,Comparative study of the hydrogen generation during short term station blackout (STSBO) in a BWR,"Polo-Labarrios, M.A.| Espinosa-Paredes, G.",2.0,36617848900| 6701576605,2015.0,2015-09-01,Annals of Nuclear Energy,83,-,274-282,-,ISSN-03064549,29363.0,Journal,Elsevier Ltd,English,1.67,9,2.1,26,1.22,12,1.26,30.0,13.0,1.06,6.59,37.0,27.0,0.0,0.0,"Polo-Labarrios, M.A., Espinosa-Paredes, G. (2015).Comparative study of the hydrogen generation during short term station blackout (STSBO) in a BWR. Annals of Nuclear Energy,83274-282",https://www.scopus.com/record/display.url?eid=2-s2.0-84928942218&origin=resultslist,10.1016/j.anucene.2015.04.027,Article,,2-s2.0-84928942218,-,Universidad Autónoma Metropolitana| Universidad Nacional Autónoma de México,505017| 505023,Academic,2.0,60032442| 60028381,Universidad Nacional Autónoma de México| Universidad Autónoma Metropolitana -Unidad Iztapalapa,36617848900,6701576605,6701576605,-,Mexico,1.0,2104,Nuclear Energy and Engineering,2,Engineering & Technology,221,Engineering - Electrical & Electronic,36,Engineering,40,Engineering,4019| 4012,Resources engineering and extractive metallurgy| Fluid mechanics and thermal engineering,-,Thermodynamic Properties of Uranium Dioxide Fuel,1267,25.311,Zircaloy Behavior Under Loss of Coolant Conditions,22869,70.175,Very Good,Nacional,2.0
"Espinosa-Paredes, Gilberto",6701576605,On the stability of linear fractional-space neutron point kinetics (F-SNPK) models for nuclear reactor dynamics,"Vyawahare, V.A.| Espinosa-Paredes, G.",2.0,36807093200| 6701576605,2018.0,2018-01-01,Annals of Nuclear Energy,111,-,12-21,-,ISSN-03064549,29363.0,Journal,Elsevier Ltd,English,1.83,7,3.2,19,1.566,8,0.48,52.0,13.0,0.81,8.68,36.0,35.0,0.0,0.0,"Vyawahare, V.A., Espinosa-Paredes, G. (2018).On the stability of linear fractional-space neutron point kinetics (F-SNPK) models for nuclear reactor dynamics. Annals of Nuclear Energy,11112-21",https://www.scopus.com/record/display.url?eid=2-s2.0-85029186355&origin=resultslist,10.1016/j.anucene.2017.08.060,Article,,2-s2.0-85029186355,-,Universidad Autónoma Metropolitana,505017,Academic,1.0,60103948| 60028381,Ramrao Adik Institute of Technology| Universidad Autónoma Metropolitana -Unidad Iztapalapa,36807093200,6701576605,6701576605,-,India| Mexico,2.0,2104,Nuclear Energy and Engineering,2,Engineering & Technology,221,Engineering - Electrical & Electronic,36,Engineering,40,Engineering,4012| 4019,Fluid mechanics and thermal engineering| Resources engineering and extractive metallurgy,-,Nuclear Fuel and Thermal Hydraulics,655,27.796,Innovative Approaches in Nuclear Reactor Kinetics,36285,71.987,Definitive,Internacional,1.0
"Espinosa-Paredes, Gilberto",6701576605,Time-fractional telegraph equation for hydrogen diffusion during severe accident in BWRs,"Cázares-Ramírez, R.-I.| Espinosa-Paredes, G.",2.0,56928260500| 6701576605,2016.0,2016-01-01,Journal of King Saud University - Science,28,1,21-28,-,ISSN-10183647,86891.0,Journal,Elsevier B.V.,English,2.21,4,4.4,9,0.571,11,0.36,18.0,13.0,0.38,15.83,36.0,52.0,0.0,0.0,"Cázares-Ramírez, R.-I., Espinosa-Paredes, G. (2016).Time-fractional telegraph equation for hydrogen diffusion during severe accident in BWRs. Journal of King Saud University - Science,28(1) 21-28",https://www.scopus.com/record/display.url?eid=2-s2.0-84955178134&origin=resultslist,10.1016/j.jksus.2015.09.002,Article,Gold|Green,2-s2.0-84955178134,-,Universidad Autónoma Metropolitana,505017,Academic,1.0,60028381,Universidad Autónoma Metropolitana -Unidad Iztapalapa,56928260500,6701576605,6701576605,-,Mexico,1.0,1000,Multidisciplinary,-,-,-,-,-,-,MD,Multidisciplinary,MD,Multidisciplinary,-,Fractional Calculus Applications in Differential Equations,88,83.061,Fractional Differential Equations in Complex Systems,2382,98.504,Very Good,UAM,1.0
"Espinosa-Paredes, Gilberto",6701576605,Non-linear boiling water reactor stability with Shannon Entropy,"Olvera-Guerrero, O.A.| Prieto-Guerrero, A.| Espinosa-Paredes, G.",3.0,56040128300| 57188580330| 6701576605,2017.0,2017-10-01,Annals of Nuclear Energy,108,-,1-9,-,ISSN-03064549,29363.0,Journal,Elsevier Ltd,English,1.8,8,3,19,1.41,10,0.76,24.0,13.0,0.92,7.64,36.0,31.0,0.0,0.0,"Olvera-Guerrero, O.A., Prieto-Guerrero, A., Espinosa-Paredes, G. (2017).Non-linear boiling water reactor stability with Shannon Entropy. Annals of Nuclear Energy,1081-9",https://www.scopus.com/record/display.url?eid=2-s2.0-85018274051&origin=resultslist,10.1016/j.anucene.2017.04.031,Article,,2-s2.0-85018274051,-,Universidad Autónoma Metropolitana,505017,Academic,1.0,60028381,Universidad Autónoma Metropolitana -Unidad Iztapalapa,56040128300,6701576605,6701576605,-,Mexico,1.0,2104,Nuclear Energy and Engineering,2,Engineering & Technology,221,Engineering - Electrical & Electronic,36,Engineering,40,Engineering,4019| 4012,Resources engineering and extractive metallurgy| Fluid mechanics and thermal engineering,-,Nuclear Reactor Safety and Efficiency,1255,45.389,Dynamics of Two-Phase Flow in Natural Circulation,11287,73.915,Definitive,UAM,1.0
"Espinosa-Paredes, Gilberto",6701576605,Nuclear reactor with subdiffusive neutron transport: development of linear fractional-order models,"Vyawahare, V.A.| Nataraj, P.S.V.| Espinosa-Paredes, G.| Cázares-Ramírez, R.-I.",4.0,36807093200| 7003693678| 6701576605| 56928260500,2017.0,2017-12-01,International Journal of Dynamics and Control,5,4,1182-1200,-,ISSN-2195268X,21100463102.0,Journal,Springer Berlin Heidelberg,English,0.99,30,2.2,38,0.327,44,0.51,26.0,13.0,0.11,9.13,36.0,69.0,0.0,0.0,"Vyawahare, V.A., Nataraj, P.S.V., Espinosa-Paredes, G. and 1 more (...) (2017).Nuclear reactor with subdiffusive neutron transport: development of linear fractional-order models. International Journal of Dynamics and Control,5(4) 1182-1200",https://www.scopus.com/record/display.url?eid=2-s2.0-85034639472&origin=resultslist,10.1007/s40435-016-0272-8,Article,,2-s2.0-85034639472,-,Universidad Autónoma Metropolitana| Indian Institute of Technology Bombay,505017| 207030,Academic,2.0,60103948| 60014153| 60028381,Ramrao Adik Institute of Technology| Indian Institute of Technology Bombay| Universidad Autónoma Metropolitana -Unidad Iztapalapa,36807093200,56928260500,36807093200,-,India| Mexico,2.0,2205| 2207| 2208| 2210| 2606| 2611,Civil and Structural Engineering| Control and Systems Engineering| Electrical and Electronic Engineering| Mechanical Engineering| Control and Optimization| Modeling and Simulation,4| 2,Natural Sciences| Engineering & Technology,249| 212| 221| 220| 431| 222,Engineering - Petroleum| Computer Science & Information Systems| Engineering - Electrical & Electronic| Engineering - Civil & Structural| Mathematics| Engineering - Mechanical,36| 37,Engineering| Physical Sciences,40,Engineering,4007,"Control engineering, mechatronics and robotics",-,Nuclear Fuel and Thermal Hydraulics,655,27.796,Innovative Approaches in Nuclear Reactor Kinetics,36285,71.987,Very Good,Internacional,1.0
"Espinosa-Paredes, Gilberto",6701576605,Non-linear stability analysis of real signals from nuclear power plants (BoilingWater Reactors) based on noise assisted empirical mode decomposition variants and the Shannon Entropy,"Olvera-Guerrero, O.A.| Prieto-Guerrero, A.| Espinosa-Paredes, G.",3.0,56040128300| 57188580330| 6701576605,2017.0,2017-07-14,Entropy,19,7,-,359,ISSN-10994300,13715.0,Journal,MDPI AG,English,1.22,19,3.4,29,0.592,37,1.02,26.0,12.0,0.5,12.03,38.0,47.0,0.0,0.0,"Olvera-Guerrero, O.A., Prieto-Guerrero, A., Espinosa-Paredes, G. (2017).Non-linear stability analysis of real signals from nuclear power plants (BoilingWater Reactors) based on noise assisted empirical mode decomposition variants and the Shannon Entropy. Entropy,19(7) ",https://www.scopus.com/record/display.url?eid=2-s2.0-85024474854&origin=resultslist,10.3390/e19070359,Article,Gold|Green,2-s2.0-85024474854,-,Universidad Autónoma Metropolitana,505017,Academic,1.0,60028381,Universidad Autónoma Metropolitana -Unidad Iztapalapa,56040128300,6701576605,6701576605,-,Mexico,1.0,3100,General Physics and Astronomy,4,Natural Sciences,439,Physics & Astronomy,37,Physical Sciences,49| 51,Mathematical Sciences| Physical Sciences,-,-,-,Nuclear Reactor Safety and Efficiency,1255,45.389,Dynamics of Two-Phase Flow in Natural Circulation,11287,73.915,Definitive,UAM,1.0
"Espinosa-Paredes, Gilberto",6701576605,Analytical solution of the fractional neutron point kinetic equations using the Mittag-Leffler function,"Cruz-López, C.-A.| Espinosa-Paredes, G.",2.0,57202192453| 6701576605,2024.0,2024-03-01,Computer Physics Communications,296,-,-,109028,ISSN-00104655,13184.0,Journal,Elsevier B.V.,English,3.34,2,14,5,1.946,6,0.43,8.0,12.0,1.47,8.17,12.0,20.0,0.0,0.0,"Cruz-López, C.-A., Espinosa-Paredes, G. (2024).Analytical solution of the fractional neutron point kinetic equations using the Mittag-Leffler function. Computer Physics Communications,296",https://www.scopus.com/record/display.url?eid=2-s2.0-85179588264&origin=resultslist,10.1016/j.cpc.2023.109028,Article,,2-s2.0-85179588264,-,Universidad Autónoma Metropolitana,505017,Academic,1.0,60028381,Universidad Autónoma Metropolitana -Unidad Iztapalapa,57202192453,6701576605,6701576605,-,Mexico,1.0,1708| 3100,Hardware and Architecture| General Physics and Astronomy,2| 4,Engineering & Technology| Natural Sciences,212| 439,Computer Science & Information Systems| Physics & Astronomy,37| 38,Physical Sciences| Computer Science,51| 46| 49,Physical Sciences| Information And Computing Sciences| Mathematical Sciences,-,-,-,Nuclear Fuel and Thermal Hydraulics,655,27.796,Innovative Approaches in Nuclear Reactor Kinetics,36285,71.987,Definitive,UAM,1.0
"Espinosa-Paredes, Gilberto",6701576605,Solute transport in heterogeneous reservoirs: Upscaling from the Darcy to the reservoir scale,"Aguilar-Madera, C.G.| Herrera-Hernández, E.C.| Espinosa-Paredes, G.",3.0,36170299800| 55263014200| 6701576605,2019.0,2019-02-01,Advances in Water Resources,124,-,9-28,-,ISSN-03091708,19627.0,Journal,Elsevier Ltd,English,1.7,9,7.6,4,1.536,6,1.0,33.0,12.0,0.36,11.03,36.0,55.0,0.0,0.0,"Aguilar-Madera, C.G., Herrera-Hernández, E.C., Espinosa-Paredes, G. (2019).Solute transport in heterogeneous reservoirs: Upscaling from the Darcy to the reservoir scale. Advances in Water Resources,1249-28",https://www.scopus.com/record/display.url?eid=2-s2.0-85058694197&origin=resultslist,10.1016/j.advwatres.2018.12.002,Article,,2-s2.0-85058694197,-,Universidad Autonoma de Nuevo Leon| Universidad Autónoma Metropolitana| Centro de Ingeniería y Desarrollo Industrial,505013| 505017| 714705,Other| Academic,3.0,60025417| 60069648| 60028381,Universidad Autónoma de Nuevo León| Centro de Ingenieria y Desarollo Industrial| Universidad Autónoma Metropolitana -Unidad Iztapalapa,36170299800,6701576605,36170299800,-,Mexico,1.0,2312,Water Science and Technology,2,Engineering & Technology,424,Environmental Sciences,37,Physical Sciences,49| 40| 37,Mathematical Sciences| Engineering| Earth Sciences,4005| 3707| 4901,Civil engineering| Hydrology| Applied mathematics,-,Hydraulic Models for Soil and Water Management,507,49.771,Solute Transport in Heterogeneous Media,2896,89.572,Defensible,Nacional,3.0
"Espinosa-Paredes, Gilberto",6701576605,On the numerical solution of the point reactor kinetics equations,"Suescún-Díaz, D.| Espinosa-Paredes, G.",2.0,22636278000| 6701576605,2020.0,2020-06-01,Nuclear Engineering and Technology,52,6,1340-1346,-,ISSN-17385733,11700154337.0,Journal,Korean Nuclear Society,English,1.58,12,3.3,27,0.737,29,0.5,14.0,11.0,0.74,9.47,38.0,36.0,0.0,0.0,"Suescún-Díaz, D., Espinosa-Paredes, G. (2020).On the numerical solution of the point reactor kinetics equations. Nuclear Engineering and Technology,52(6) 1340-1346",https://www.scopus.com/record/display.url?eid=2-s2.0-85076559791&origin=resultslist,10.1016/j.net.2019.11.034,Article,Gold|Green,2-s2.0-85076559791,-,Universidad Autónoma Metropolitana| Universidad Surcolombiana,505017| 708540,Academic,2.0,60070351| 60028381,Universidad Surcolombiana| Universidad Autónoma Metropolitana -Unidad Iztapalapa,22636278000,6701576605,6701576605,-,Mexico| Colombia,2.0,2104,Nuclear Energy and Engineering,2,Engineering & Technology,221,Engineering - Electrical & Electronic,36,Engineering,51| 40,Physical Sciences| Engineering,4016| 4019| 5199,Materials engineering| Resources engineering and extractive metallurgy| Other physical sciences,-,Nuclear Fuel and Thermal Hydraulics,655,27.796,Innovative Approaches in Nuclear Reactor Kinetics,36285,71.987,Definitive,Internacional,1.0
"Espinosa-Paredes, Gilberto",6701576605,Novel numerical solution to the fractional neutron point kinetic equation in nuclear reactor dynamics,"Polo-Labarrios, M.A.| Quezada-García, S.| Espinosa-Paredes, G.| Franco-Pérez, L.| Ortiz-Villafuerte, J.",5.0,36617848900| 56185557300| 6701576605| 57148166800| 6603777345,2020.0,2020-03-01,Annals of Nuclear Energy,137,-,-,107173,ISSN-03064549,29363.0,Journal,Elsevier Ltd,English,1.62,11,3.1,33,1.159,13,0.54,18.0,11.0,0.63,9.47,38.0,40.0,0.0,0.0,"Polo-Labarrios, M.A., Quezada-García, S., Espinosa-Paredes, G. and 2 more (...) (2020).Novel numerical solution to the fractional neutron point kinetic equation in nuclear reactor dynamics. Annals of Nuclear Energy,137",https://www.scopus.com/record/display.url?eid=2-s2.0-85074248479&origin=resultslist,10.1016/j.anucene.2019.107173,Article,,2-s2.0-85074248479,-,Universidad Autónoma Metropolitana| Instituto Nacional de Investigaciones Nucleares| Universidad Nacional Autónoma de México,505017| 505039| 505023,Academic| Government,3.0,60024080| 60032442| 60028381| 60010532,Universidad Autónoma Metropolitana Unidad Cuajimalpa| Universidad Nacional Autónoma de México| Universidad Autónoma Metropolitana -Unidad Iztapalapa| Instituto Nacional de Investigaciones Nucleares,36617848900,6603777345,36617848900,-,Mexico,1.0,2104,Nuclear Energy and Engineering,2,Engineering & Technology,221,Engineering - Electrical & Electronic,36,Engineering,40,Engineering,4012| 4019,Fluid mechanics and thermal engineering| Resources engineering and extractive metallurgy,-,Nuclear Fuel and Thermal Hydraulics,655,27.796,Innovative Approaches in Nuclear Reactor Kinetics,36285,71.987,Definitive,Nacional,3.0
"Espinosa-Paredes, Gilberto",6701576605,Upscaled heat transfer coefficients for a liquid metal-cooled fast nuclear reactor,"Pérez-Valseca, A.D.| Aguilar-Madera, C.G.| Herrera-Hernández, E.C.| Espinosa-Paredes, G.",4.0,57194106166| 36170299800| 55263014200| 6701576605,2021.0,2021-02-01,International Journal of Heat and Mass Transfer,165,-,-,120622,ISSN-00179310,20448.0,Journal,Elsevier Ltd,English,1.82,9,10.5,2,1.461,2,0.79,24.0,10.0,0.67,11.99,36.0,40.0,0.0,0.0,"Pérez-Valseca, A.D., Aguilar-Madera, C.G., Herrera-Hernández, E.C. and 1 more (...) (2021).Upscaled heat transfer coefficients for a liquid metal-cooled fast nuclear reactor. International Journal of Heat and Mass Transfer,165",https://www.scopus.com/record/display.url?eid=2-s2.0-85094603129&origin=resultslist,10.1016/j.ijheatmasstransfer.2020.120622,Article,,2-s2.0-85094603129,-,Universidad Autonoma de Nuevo Leon| Universidad Autónoma Metropolitana,505013| 505017,Academic,2.0,60028381| 60025417| 122697232,Universidad Autónoma Metropolitana -Unidad Iztapalapa| Universidad Autónoma de Nuevo León| CONACYT-Centro de Ingeniería y Desarrollo Industrial,57194106166,6701576605,6701576605,-,Mexico,1.0,1507| 2210| 3104,Fluid Flow and Transfer Processes| Mechanical Engineering| Condensed Matter Physics,2| 4,Engineering & Technology| Natural Sciences,439| 222| 249| 219,Physics & Astronomy| Engineering - Mechanical| Engineering - Petroleum| Engineering - Chemical,36| 37,Engineering| Physical Sciences,51| 49| 40,Physical Sciences| Mathematical Sciences| Engineering,-,-,-,Magnetohydrodynamic Effects in Heat Transfer Systems,119,94.637,Transport Phenomena in Porous Media Dynamics,24106,53.881,Defensible,Nacional,2.0
"Espinosa-Paredes, Gilberto",6701576605,Solution of nonlinear fractional-order models of nuclear reactor with parallel computing: Implementation on GPU platform,"Keluskar, Y.C.| Singhaniya, N.G.| Vyawahare, V.A.| Jage, C.S.| Patil, P.| Espinosa-Paredes, G.",6.0,58631399100| 57190336452| 36807093200| 57190343877| 57192556646| 6701576605,2024.0,2024-01-01,Annals of Nuclear Energy,195,-,-,110134,ISSN-03064549,29363.0,Journal,Elsevier Ltd,English,1.46,13,4.7,21,0.897,14,0.98,18.0,10.0,1.63,6.15,14.0,17.0,0.0,0.0,"Keluskar, Y.C., Singhaniya, N.G., Vyawahare, V.A. and 3 more (...) (2024).Solution of nonlinear fractional-order models of nuclear reactor with parallel computing: Implementation on GPU platform. Annals of Nuclear Energy,195",https://www.scopus.com/record/display.url?eid=2-s2.0-85173153277&origin=resultslist,10.1016/j.anucene.2023.110134,Article,,2-s2.0-85173153277,-,D Y Patil Group| Universidad Autónoma Metropolitana,722547| 505017,Academic,2.0,60029456| 60103948| 60028381,"D Y Patil University, Navi Mumbai| Ramrao Adik Institute of Technology| Universidad Autónoma Metropolitana -Unidad Iztapalapa",58631399100,6701576605,36807093200,-,India| Mexico,2.0,2104,Nuclear Energy and Engineering,2,Engineering & Technology,221,Engineering - Electrical & Electronic,36,Engineering,40,Engineering,4019| 4012,Resources engineering and extractive metallurgy| Fluid mechanics and thermal engineering,-,Nuclear Fuel and Thermal Hydraulics,655,27.796,Innovative Approaches in Nuclear Reactor Kinetics,36285,71.987,Definitive,Internacional,1.0
"Espinosa-Paredes, Gilberto",6701576605,Source term in the linear analysis of FNPK equations,"Espinosa-Paredes, G.| Cázares-Ramírez, R.-I.",2.0,6701576605| 56928260500,2016.0,2016-10-01,Annals of Nuclear Energy,96,-,432-440,-,ISSN-03064549,29363.0,Journal,Elsevier Ltd,English,1.62,10,2.7,21,1.154,12,0.21,12.0,10.0,0.42,7.22,42.0,50.0,0.0,0.0,"Espinosa-Paredes, G., Cázares-Ramírez, R.-I. (2016).Source term in the linear analysis of FNPK equations. Annals of Nuclear Energy,96432-440",https://www.scopus.com/record/display.url?eid=2-s2.0-84989872548&origin=resultslist,10.1016/j.anucene.2016.06.038,Article,,2-s2.0-84989872548,-,Universidad Autónoma Metropolitana,505017,Academic,1.0,60028381,Universidad Autónoma Metropolitana -Unidad Iztapalapa,6701576605,56928260500,6701576605,-,Mexico,1.0,2104,Nuclear Energy and Engineering,2,Engineering & Technology,221,Engineering - Electrical & Electronic,36,Engineering,40,Engineering,4019| 4012,Resources engineering and extractive metallurgy| Fluid mechanics and thermal engineering,-,Nuclear Fuel and Thermal Hydraulics,655,27.796,Innovative Approaches in Nuclear Reactor Kinetics,36285,71.987,Definitive,UAM,1.0
"Espinosa-Paredes, Gilberto",6701576605,Fractal continuum model for the adsorption-diffusion process,"Herrera-Hernández, E.C.| Aguilar-Madera, C.G.| Ocampo-Perez, R.| Espinosa-Paredes, G.| Núñez-López, M.",5.0,55263014200| 36170299800| 57215088876| 6701576605| 36858769900,2019.0,2019-04-06,Chemical Engineering Science,197,-,98-108,-,ISSN-00092509,16413.0,Journal,Elsevier Ltd,English,1.54,12,6.1,12,0.998,13,1.77,57.0,9.0,0.34,14.7,42.0,56.0,0.0,0.0,"Herrera-Hernández, E.C., Aguilar-Madera, C.G., Ocampo-Perez, R. and 2 more (...) (2019).Fractal continuum model for the adsorption-diffusion process. Chemical Engineering Science,19798-108",https://www.scopus.com/record/display.url?eid=2-s2.0-85058955070&origin=resultslist,10.1016/j.ces.2018.11.058,Article,,2-s2.0-85058955070,-,Universidad Autonoma de Nuevo Leon| Mexico Autonomous Institute of Technology| Universidad Autonoma de San Luis Potosi| Universidad Autónoma Metropolitana| Centro de Ingeniería y Desarrollo Industrial,505013| 703438| 505014| 505017| 714705,Other| Academic,5.0,60069648| 60025417| 60031335| 60028381| 60030473,Centro de Ingenieria y Desarollo Industrial| Universidad Autónoma de Nuevo León| Universidad Autónoma de San Luis Potosí| Universidad Autónoma Metropolitana -Unidad Iztapalapa| ITAM - Instituto Tecnológico Autónomo de México,55263014200,36858769900,55263014200,-,Mexico,1.0,1500| 1600| 2209,General Chemical Engineering| General Chemistry| Industrial and Manufacturing Engineering,4| 2,Natural Sciences| Engineering & Technology,219| 222| 409,Engineering - Chemical| Engineering - Mechanical| Chemistry,37| 36,Physical Sciences| Engineering,40,Engineering,4004,Chemical engineering,-,Mesoporous Silica Materials for Advanced Applications,577,60.105,Fractal Dimensions in Adsorption and Pore Structures,31950,8.503,Defensible,Nacional,5.0
"Espinosa-Paredes, Gilberto",6701576605,Numerical approximation of a two-dimensional fractional neutron diffusion model describing dynamics of neutron flux in a nuclear reactor,"Roul, P.| Rohil, V.| Espinosa-Paredes, G.| Obaidurrahman, K.",4.0,36449269400| 57218365321| 6701576605| 36105598400,2024.0,2024-07-01,Progress in Nuclear Energy,172,-,-,105212,ISSN-01491970,13182.0,Journal,Elsevier Ltd,English,1.38,15,5.6,16,0.822,19,1.16,21.0,9.0,1.08,8.32,16.0,27.0,0.0,0.0,"Roul, P., Rohil, V., Espinosa-Paredes, G. and 1 more (...) (2024).Numerical approximation of a two-dimensional fractional neutron diffusion model describing dynamics of neutron flux in a nuclear reactor. Progress in Nuclear Energy,172",https://www.scopus.com/record/display.url?eid=2-s2.0-85189862679&origin=resultslist,10.1016/j.pnucene.2024.105212,Article,,2-s2.0-85189862679,-,Universidad Autónoma Metropolitana| Amrita  Vishwa Vidyapeetham| Visvesvaraya National Institute of Technology,505017| 700640| 713689,Academic,3.0,60015785| 60287952| 60028381| 60000569,"Visvesvaraya National Institute of Technology, Nagpur| Amrita Vishwa Vidyapeetham, Amaravati Campus| Universidad Autónoma Metropolitana -Unidad Iztapalapa| Atomic Energy Regulatory Board India",36449269400,36105598400,6701576605,-,India| Mexico,2.0,2102| 2104| 2213| 2311,"Energy Engineering and Power Technology| Nuclear Energy and Engineering| Safety, Risk, Reliability and Quality| Waste Management and Disposal",3| 2,Social Sciences & Management| Engineering & Technology,221| 249| 424,Engineering - Electrical & Electronic| Engineering - Petroleum| Environmental Sciences,37| 36,Physical Sciences| Engineering,40| 51,Engineering| Physical Sciences,4019| 5106,Resources engineering and extractive metallurgy| Nuclear and plasma physics,-,Nuclear Fuel and Thermal Hydraulics,655,27.796,Innovative Approaches in Nuclear Reactor Kinetics,36285,71.987,Definitive,Internacional,1.0
"Espinosa-Paredes, Gilberto",6701576605,Multivariate Empirical Mode Decomposition applied to the estimation of the decay ratio and out-of-phase oscillations in BWRs,"Prieto-Guerrero, A.| Espinosa-Paredes, G.| Laguna-Sánchez, G.A.",3.0,57188580330| 6701576605| 35186102900,2015.0,2015-01-01,Progress in Nuclear Energy,78,-,163-172,-,ISSN-01491970,13182.0,Journal,Elsevier Ltd,English,1.36,15,1.9,31,0.888,16,0.58,20.0,9.0,0.76,7.87,44.0,36.0,0.0,0.0,"Prieto-Guerrero, A., Espinosa-Paredes, G., Laguna-Sánchez, G.A. (2015).Multivariate Empirical Mode Decomposition applied to the estimation of the decay ratio and out-of-phase oscillations in BWRs. Progress in Nuclear Energy,78163-172",https://www.scopus.com/record/display.url?eid=2-s2.0-84908434422&origin=resultslist,10.1016/j.pnucene.2014.09.014,Article,,2-s2.0-84908434422,-,Universidad Autónoma Metropolitana,505017,Academic,1.0,60028381| 60112837,Universidad Autónoma Metropolitana -Unidad Iztapalapa| Universidad Autónoma Metropolitana-Lerma,57188580330,35186102900,6701576605,-,Mexico,1.0,2102| 2104| 2213| 2311,"Energy Engineering and Power Technology| Nuclear Energy and Engineering| Safety, Risk, Reliability and Quality| Waste Management and Disposal",2| 3,Engineering & Technology| Social Sciences & Management,424| 249| 221,Environmental Sciences| Engineering - Petroleum| Engineering - Electrical & Electronic,37| 36,Physical Sciences| Engineering,40| 51,Engineering| Physical Sciences,4019| 5106,Resources engineering and extractive metallurgy| Nuclear and plasma physics,-,Nuclear Reactor Safety and Efficiency,1255,45.389,Dynamics of Two-Phase Flow in Natural Circulation,11287,73.915,Definitive,UAM,1.0
"Espinosa-Paredes, Gilberto",6701576605,Study on the temperature distributions in fuel assemblies of lead-cooled fast reactors,"Espinosa-Paredes, G.| François, J.-L.| Sánchez-Mora, H.| Pérez-Valseca, A.D.| Martín-Del-Campo, C.",5.0,6701576605| 56013740900| 57195354716| 57194106166| 6602746764,2017.0,2017-01-01,International Journal of Nuclear Energy Science and Technology,11,2,183-203,-,ISSN-17416361,5800179614.0,Journal,Inderscience Publishers,English,0.41,70,0.4,74,0.246,69,0.89,30.0,8.0,0.65,7.64,46.0,40.0,0.0,0.0,"Espinosa-Paredes, G., François, J.-L., Sánchez-Mora, H. and 2 more (...) (2017).Study on the temperature distributions in fuel assemblies of lead-cooled fast reactors. International Journal of Nuclear Energy Science and Technology,11(2) 183-203",https://www.scopus.com/record/display.url?eid=2-s2.0-85027417478&origin=resultslist,10.1504/IJNEST.2017.085776,Article,,2-s2.0-85027417478,-,Consejo Nacional de Ciencia y Tecnologia Mexico| Universidad Autónoma Metropolitana| Universidad Nacional Autónoma de México,704696| 505017| 505023,Government| Academic,3.0,60028381| 60032442| 60027998,"Universidad Autónoma Metropolitana -Unidad Iztapalapa| Universidad Nacional Autónoma de México| Secretaría de Ciencia, Humanidades, Tecnología e Innovación",6701576605,6602746764,56013740900,-,Mexico,1.0,2104,Nuclear Energy and Engineering,2,Engineering & Technology,221,Engineering - Electrical & Electronic,36,Engineering,34| 40| 51,Chemical Sciences| Engineering| Physical Sciences,3402| 5199| 4019,Inorganic chemistry| Other physical sciences| Resources engineering and extractive metallurgy,-,Nuclear Fuel and Thermal Hydraulics,655,27.796,Fast Reactor Safety and Design,50288,72.619,Very Good,Nacional,3.0
"Espinosa-Paredes, Gilberto",6701576605,Sensitivity analysis of a green roof,"Quezada-Garciá, S.| Espinosa-Paredes, G.| Vázquez-Rodríguez, A.| Ambriz-Garciá, J.-J.| Escobedo-Izquierdo, A.-M.",5.0,56185557300| 6701576605| 15048725800| 23088066300| 57188655288,2016.0,2016-02-19,International Journal of Green Energy,13,3,260-266,-,ISSN-15435075,4700151730.0,Journal,Taylor and Francis Inc.,English,0.94,32,2.3,47,0.544,51,0.92,50.0,8.0,0.21,19.02,46.0,61.0,0.0,0.0,"Quezada-Garciá, S., Espinosa-Paredes, G., Vázquez-Rodríguez, A. and 2 more (...) (2016).Sensitivity analysis of a green roof. International Journal of Green Energy,13(3) 260-266",https://www.scopus.com/record/display.url?eid=2-s2.0-84962110820&origin=resultslist,10.1080/15435075.2014.952420,Article,,2-s2.0-84962110820,-,Universidad Autónoma Metropolitana| Universidad Nacional Autónoma de México,505017| 505023,Academic,2.0,60032442| 60028381,Universidad Nacional Autónoma de México| Universidad Autónoma Metropolitana -Unidad Iztapalapa,56185557300,57188655288,6701576605,-,Mexico,1.0,2105,"Renewable Energy, Sustainability and the Environment",2,Engineering & Technology,221,Engineering - Electrical & Electronic,36,Engineering,40,Engineering,4011| 4008| 4017,Environmental engineering| Electrical engineering| Mechanical engineering,SDG 7| SDG 12,Urban Heat Management and Thermal Comfort Solutions,263,97.057,Green Roofs and Their Urban Environmental Impact,4018,98.771,Definitive,Nacional,2.0
"Espinosa-Paredes, Gilberto",6701576605,Stability monitor for Boiling Water Reactors based on the Multivariate Empirical Mode Decomposition,"Prieto-Guerrero, A.| Espinosa-Paredes, G.| Laguna-Sánchez, G.A.",3.0,57188580330| 6701576605| 35186102900,2015.0,2015-11-01,Annals of Nuclear Energy,85,-,453-460,-,ISSN-03064549,29363.0,Journal,Elsevier Ltd,English,1.67,9,2.1,26,1.22,12,0.31,14.0,8.0,0.61,6.59,46.0,41.0,0.0,0.0,"Prieto-Guerrero, A., Espinosa-Paredes, G., Laguna-Sánchez, G.A. (2015).Stability monitor for Boiling Water Reactors based on the Multivariate Empirical Mode Decomposition. Annals of Nuclear Energy,85453-460",https://www.scopus.com/record/display.url?eid=2-s2.0-84955192163&origin=resultslist,10.1016/j.anucene.2015.05.007,Article,,2-s2.0-84955192163,-,Universidad Autónoma Metropolitana,505017,Academic,1.0,60028381| 60112837,Universidad Autónoma Metropolitana -Unidad Iztapalapa| Universidad Autónoma Metropolitana-Lerma,57188580330,35186102900,6701576605,-,Mexico,1.0,2104,Nuclear Energy and Engineering,2,Engineering & Technology,221,Engineering - Electrical & Electronic,36,Engineering,40,Engineering,4012| 4019,Fluid mechanics and thermal engineering| Resources engineering and extractive metallurgy,-,Nuclear Reactor Safety and Efficiency,1255,45.389,Dynamics of Two-Phase Flow in Natural Circulation,11287,73.915,Definitive,UAM,1.0
"Espinosa-Paredes, Gilberto",6701576605,A new simplified analytical solution to solve the neutron point kinetics equations using the Laplace transform method,"Cruz-López, C.-A.| Espinosa-Paredes, G.| François, J.-L.",3.0,57202192453| 6701576605| 56013740900,2023.0,2023-02-01,Computer Physics Communications,283,-,-,108564,ISSN-00104655,13184.0,Journal,Elsevier B.V.,English,2.75,3,12.1,7,1.79,9,0.76,27.0,8.0,0.64,12.41,28.0,42.0,0.0,0.0,"Cruz-López, C.-A., Espinosa-Paredes, G., François, J.-L. (2023).A new simplified analytical solution to solve the neutron point kinetics equations using the Laplace transform method. Computer Physics Communications,283",https://www.scopus.com/record/display.url?eid=2-s2.0-85140613545&origin=resultslist,10.1016/j.cpc.2022.108564,Article,,2-s2.0-85140613545,-,Universidad Autónoma Metropolitana| Universidad Nacional Autónoma de México,505017| 505023,Academic,2.0,60028381| 60032442,Universidad Autónoma Metropolitana -Unidad Iztapalapa| Universidad Nacional Autónoma de México,57202192453,56013740900,6701576605,-,Mexico,1.0,1708| 3100,Hardware and Architecture| General Physics and Astronomy,2| 4,Engineering & Technology| Natural Sciences,439| 212,Physics & Astronomy| Computer Science & Information Systems,38| 37,Computer Science| Physical Sciences,51| 46| 49,Physical Sciences| Information And Computing Sciences| Mathematical Sciences,-,-,-,Nuclear Fuel and Thermal Hydraulics,655,27.796,Innovative Approaches in Nuclear Reactor Kinetics,36285,71.987,Definitive,Nacional,2.0
"Espinosa-Paredes, Gilberto",6701576605,Development of a 3D-Multigroup program to simulate anomalous diffusion phenomena in the nuclear reactors,"Maleki Moghaddam, N.| Afarideh, H.| Espinosa-Paredes, G.",3.0,56077978000| 6603808224| 6701576605,2015.0,2015-01-01,Annals of Nuclear Energy,76,-,378-389,-,ISSN-03064549,29363.0,Journal,Elsevier Ltd,English,1.67,9,2.1,26,1.22,12,0.38,26.0,8.0,0.76,6.59,46.0,36.0,0.0,0.0,"Maleki Moghaddam, N., Afarideh, H., Espinosa-Paredes, G. (2015).Development of a 3D-Multigroup program to simulate anomalous diffusion phenomena in the nuclear reactors. Annals of Nuclear Energy,76378-389",https://www.scopus.com/record/display.url?eid=2-s2.0-84908591506&origin=resultslist,10.1016/j.anucene.2014.10.009,Article,,2-s2.0-84908591506,-,Universidad Autónoma Metropolitana| Amirkabir University of Technology,505017| 404002,Academic,2.0,60007751| 60028381,Amirkabir University of Technology| Universidad Autónoma Metropolitana -Unidad Iztapalapa,56077978000,6701576605,6603808224,-,Mexico| Iran,2.0,2104,Nuclear Energy and Engineering,2,Engineering & Technology,221,Engineering - Electrical & Electronic,36,Engineering,40,Engineering,4012| 4019,Fluid mechanics and thermal engineering| Resources engineering and extractive metallurgy,-,Fractional Calculus Applications in Differential Equations,88,83.061,Existence and Solutions of Fractional Differential Equations,361,98.526,Very Good,Internacional,1.0
"Espinosa-Paredes, Gilberto",6701576605,Development of a 2D-Multigroup Code (NFDE-2D) based on the neutron spatial-fractional diffusion equation,"Maleki Moghaddam, N.| Afarideh, H.| Espinosa-Paredes, G.",3.0,56077978000| 6603808224| 6701576605,2015.0,2015-07-01,Applied Mathematical Modelling,39,13,3637-3652,-,ISSN-0307904X,28065.0,Journal,Elsevier Inc.,English,1.66,9,5.1,6,1.199,13,1.54,39.0,8.0,0.53,5.71,46.0,44.0,0.0,0.0,"Maleki Moghaddam, N., Afarideh, H., Espinosa-Paredes, G. (2015).Development of a 2D-Multigroup Code (NFDE-2D) based on the neutron spatial-fractional diffusion equation. Applied Mathematical Modelling,39(13) 3637-3652",https://www.scopus.com/record/display.url?eid=2-s2.0-84930041746&origin=resultslist,10.1016/j.apm.2014.12.036,Article,,2-s2.0-84930041746,-,Universidad Autónoma Metropolitana| Amirkabir University of Technology,505017| 404002,Academic,2.0,60007751| 60028381,Amirkabir University of Technology| Universidad Autónoma Metropolitana -Unidad Iztapalapa,56077978000,6701576605,6603808224,-,Mexico| Iran,2.0,2604| 2611,Applied Mathematics| Modeling and Simulation,4,Natural Sciences,431,Mathematics,37,Physical Sciences,46| 40| 49,Information And Computing Sciences| Engineering| Mathematical Sciences,-,-,-,Nuclear Fuel and Thermal Hydraulics,655,27.796,Innovative Approaches in Nuclear Reactor Kinetics,36285,71.987,Very Good,Internacional,1.0
"Espinosa-Paredes, Gilberto",6701576605,Stand-alone core sensitivity and uncertainty analysis of ALFRED from Monte Carlo simulations,"Pérez-Valseca, A.-D.| Espinosa-Paredes, G.| François, J.L.| Vázquez Rodríguez, A.| Martín-del-Campo, C.",5.0,57194106166| 6701576605| 56013740900| 15048725800| 6602746764,2017.0,2017-10-01,Annals of Nuclear Energy,108,-,113-125,-,ISSN-03064549,29363.0,Journal,Elsevier Ltd,English,1.8,8,3,19,1.41,10,1.95,53.0,7.0,0.39,7.64,49.0,52.0,0.0,0.0,"Pérez-Valseca, A.-D., Espinosa-Paredes, G., François, J.L. and 2 more (...) (2017).Stand-alone core sensitivity and uncertainty analysis of ALFRED from Monte Carlo simulations. Annals of Nuclear Energy,108113-125",https://www.scopus.com/record/display.url?eid=2-s2.0-85018754632&origin=resultslist,10.1016/j.anucene.2017.04.024,Article,,2-s2.0-85018754632,-,Universidad Autónoma Metropolitana| Universidad Nacional Autónoma de México,505017| 505023,Academic,2.0,60028381| 60032442,Universidad Autónoma Metropolitana -Unidad Iztapalapa| Universidad Nacional Autónoma de México,57194106166,6602746764,6701576605,-,Mexico,1.0,2104,Nuclear Energy and Engineering,2,Engineering & Technology,221,Engineering - Electrical & Electronic,36,Engineering,40,Engineering,4019| 4012,Resources engineering and extractive metallurgy| Fluid mechanics and thermal engineering,-,Nuclear Fuel and Thermal Hydraulics,655,27.796,Fast Reactor Safety and Design,50288,72.619,Very Good,Nacional,2.0
"Espinosa-Paredes, Gilberto",6701576605,A new solution of the fractional neutron point kinetics equations using symmetry and the Heaviside's expansion formula,"Cruz-López, C.-A.| Espinosa-Paredes, G.",2.0,57202192453| 6701576605,2024.0,2024-06-01,Progress in Nuclear Energy,171,-,-,105168,ISSN-01491970,13182.0,Journal,Elsevier Ltd,English,1.38,15,5.6,16,0.822,19,1.16,21.0,7.0,0.84,8.32,21.0,34.0,0.0,0.0,"Cruz-López, C.-A., Espinosa-Paredes, G. (2024).A new solution of the fractional neutron point kinetics equations using symmetry and the Heaviside's expansion formula. Progress in Nuclear Energy,171",https://www.scopus.com/record/display.url?eid=2-s2.0-85188028834&origin=resultslist,10.1016/j.pnucene.2024.105168,Article,,2-s2.0-85188028834,-,Universidad Autónoma Metropolitana,505017,Academic,1.0,60028381,Universidad Autónoma Metropolitana -Unidad Iztapalapa,57202192453,6701576605,6701576605,-,Mexico,1.0,2102| 2104| 2213| 2311,"Energy Engineering and Power Technology| Nuclear Energy and Engineering| Safety, Risk, Reliability and Quality| Waste Management and Disposal",3| 2,Social Sciences & Management| Engineering & Technology,249| 221| 424,Engineering - Petroleum| Engineering - Electrical & Electronic| Environmental Sciences,36| 37,Engineering| Physical Sciences,40| 51,Engineering| Physical Sciences,5106| 4019,Nuclear and plasma physics| Resources engineering and extractive metallurgy,-,Nuclear Fuel and Thermal Hydraulics,655,27.796,Innovative Approaches in Nuclear Reactor Kinetics,36285,71.987,Definitive,UAM,1.0
"Espinosa-Paredes, Gilberto",6701576605,Numerical approximation of a fractional neutron diffusion equation for neutron flux profile in a nuclear reactor,"Roul, P.| Rohil, V.| Espinosa-Paredes, G.| Obaidurrahman, K.",4.0,36449269400| 57218365321| 6701576605| 36105598400,2024.0,2024-05-01,Progress in Nuclear Energy,170,-,-,105144,ISSN-01491970,13182.0,Journal,Elsevier Ltd,English,1.38,15,5.6,16,0.822,19,0.77,14.0,7.0,0.84,8.32,21.0,34.0,0.0,0.0,"Roul, P., Rohil, V., Espinosa-Paredes, G. and 1 more (...) (2024).Numerical approximation of a fractional neutron diffusion equation for neutron flux profile in a nuclear reactor. Progress in Nuclear Energy,170",https://www.scopus.com/record/display.url?eid=2-s2.0-85186500136&origin=resultslist,10.1016/j.pnucene.2024.105144,Article,,2-s2.0-85186500136,-,Universidad Autónoma Metropolitana| Visvesvaraya National Institute of Technology,505017| 713689,Academic,2.0,60015785| 60028381| 60000569,"Visvesvaraya National Institute of Technology, Nagpur| Universidad Autónoma Metropolitana -Unidad Iztapalapa| Atomic Energy Regulatory Board India",36449269400,36105598400,36449269400,-,India| Mexico,2.0,2102| 2104| 2213| 2311,"Energy Engineering and Power Technology| Nuclear Energy and Engineering| Safety, Risk, Reliability and Quality| Waste Management and Disposal",2| 3,Engineering & Technology| Social Sciences & Management,221| 424| 249,Engineering - Electrical & Electronic| Environmental Sciences| Engineering - Petroleum,36| 37,Engineering| Physical Sciences,40| 51,Engineering| Physical Sciences,5106| 4019,Nuclear and plasma physics| Resources engineering and extractive metallurgy,-,Nuclear Fuel and Thermal Hydraulics,655,27.796,Innovative Approaches in Nuclear Reactor Kinetics,36285,71.987,Definitive,Internacional,1.0
"Espinosa-Paredes, Gilberto",6701576605,Performance comparison of PTCs with nanoparticles in water and nanoparticle in thermal oil,"Galindo-Luna, Y.-R.| Sánchez-Mora, H.| Espinosa-Paredes, G.| Espinosa-Martínez, É.-G.",4.0,55880333700| 57195354716| 6701576605| 24390647100,2023.0,2023-10-01,Case Studies in Thermal Engineering,50,-,-,103478,ISSN-2214157X,21100262580.0,Journal,Elsevier Ltd,English,1.59,10,8.6,9,1.035,9,1.23,24.0,7.0,0.7,10.0,31.0,39.0,0.0,0.0,"Galindo-Luna, Y.-R., Sánchez-Mora, H., Espinosa-Paredes, G. and 1 more (...) (2023).Performance comparison of PTCs with nanoparticles in water and nanoparticle in thermal oil. Case Studies in Thermal Engineering,50",https://www.scopus.com/record/display.url?eid=2-s2.0-85170641396&origin=resultslist,10.1016/j.csite.2023.103478,Article,Gold|Green,2-s2.0-85170641396,-,Universidad Autónoma Metropolitana| Universidad del Valle de México,505017| 714043,Academic,2.0,60028381| 60002604,Universidad Autónoma Metropolitana -Unidad Iztapalapa| Universidad del Valle de México,55880333700,24390647100,24390647100,-,Mexico,1.0,1507| 2201,Fluid Flow and Transfer Processes| Engineering (miscellaneous),2,Engineering & Technology,249| 219,Engineering - Petroleum| Engineering - Chemical,36,Engineering,40,Engineering,4012,Fluid mechanics and thermal engineering,-,Innovative Solar Technologies for Energy and Water,529,94.31,Thermal Performance of Parabolic Trough Solar Collectors,7950,97.673,Definitive,Nacional,2.0
"Espinosa-Paredes, Gilberto",6701576605,Nuclear power plant instabilities analysis,"Gavilan Moreno, C.J.| Prieto-Guerrero, A.| Espinosa-Paredes, G.",3.0,6504523163| 57188580330| 6701576605,2015.0,2015-06-13,Annals of Nuclear Energy,85,-,279-289,-,ISSN-03064549,29363.0,Journal,Elsevier Ltd,English,1.67,9,2.1,26,1.22,12,0.69,19.0,7.0,0.46,6.59,49.0,47.0,0.0,0.0,"Gavilan Moreno, C.J., Prieto-Guerrero, A., Espinosa-Paredes, G. (2015).Nuclear power plant instabilities analysis. Annals of Nuclear Energy,85279-289",https://www.scopus.com/record/display.url?eid=2-s2.0-84931262178&origin=resultslist,10.1016/j.anucene.2015.05.029,Article,,2-s2.0-84931262178,-,Universidad Autónoma Metropolitana| Iberdrola,505017| 704343,Academic| Corporate,2.0,60020954| 60028381,"Iberdrola, S.A| Universidad Autónoma Metropolitana -Unidad Iztapalapa",6504523163,6701576605,6701576605,-,Mexico| Spain,2.0,2104,Nuclear Energy and Engineering,2,Engineering & Technology,221,Engineering - Electrical & Electronic,36,Engineering,40,Engineering,4012| 4019,Fluid mechanics and thermal engineering| Resources engineering and extractive metallurgy,-,Nuclear Reactor Safety and Efficiency,1255,45.389,Dynamics of Two-Phase Flow in Natural Circulation,11287,73.915,Definitive,Internacional,1.0
"Espinosa-Paredes, Gilberto",6701576605,Multiphysics and multiscale simulation for an experimental sodium-cooled fast reactor,"Lopez-Solis, R.| Espinosa-Paredes, G.| Perez-Valseca, A.D.| Cruz-López, C.-A.",4.0,56915699100| 6701576605| 57194106166| 57202192453,2024.0,2024-06-01,Nuclear Engineering and Design,422,-,-,113167,ISSN-00295493,17882.0,Journal,Elsevier Ltd,English,1.42,14,3.4,35,0.772,22,0.96,14.0,6.0,0.77,7.81,24.0,36.0,0.0,0.0,"Lopez-Solis, R., Espinosa-Paredes, G., Perez-Valseca, A.D. and 1 more (...) (2024).Multiphysics and multiscale simulation for an experimental sodium-cooled fast reactor. Nuclear Engineering and Design,422",https://www.scopus.com/record/display.url?eid=2-s2.0-85189084061&origin=resultslist,10.1016/j.nucengdes.2024.113167,Article,,2-s2.0-85189084061,-,Universidad Autónoma Metropolitana| Instituto Nacional de Investigaciones Nucleares,505017| 505039,Government| Academic,2.0,60010532| 60014923,Instituto Nacional de Investigaciones Nucleares| Universidad Autónoma Metropolitana,56915699100,57202192453,57194106166,-,Mexico,1.0,2104| 2210| 2213| 2311| 2500| 3106,"Nuclear Energy and Engineering| Mechanical Engineering| Safety, Risk, Reliability and Quality| Waste Management and Disposal| General Materials Science| Nuclear and High Energy Physics",4| 2| 3,Natural Sciences| Engineering & Technology| Social Sciences & Management,221| 439| 222| 249| 424| 433,Engineering - Electrical & Electronic| Physics & Astronomy| Engineering - Mechanical| Engineering - Petroleum| Environmental Sciences| Materials Science,36| 37,Engineering| Physical Sciences,40,Engineering,4005| 4019| 4012,Civil engineering| Resources engineering and extractive metallurgy| Fluid mechanics and thermal engineering,-,Nuclear Fuel and Thermal Hydraulics,655,27.796,Thermal Hydraulics in Liquid Metal Fast Reactors,9649,90.463,Definitive,Nacional,2.0
"Espinosa-Paredes, Gilberto",6701576605,Upscaling and downscaling the heat transfer process coupled with neutronic reflected core for sodium-cooled fast nuclear reactor,"Pérez-Valseca, A.D.| Espinosa-Paredes, G.| Aguilar-Madera, C.G.| Herrera-Hernández, E.C.| Gómez-Torres, A.M.",5.0,57194106166| 6701576605| 36170299800| 55263014200| 56013707200,2022.0,2022-06-15,International Journal of Heat and Mass Transfer,189,-,-,122713,ISSN-00179310,20448.0,Journal,Elsevier Ltd,English,1.79,8,10.7,4,1.369,5,1.63,36.0,6.0,0.49,12.16,42.0,49.0,0.0,0.0,"Pérez-Valseca, A.D., Espinosa-Paredes, G., Aguilar-Madera, C.G. and 2 more (...) (2022).Upscaling and downscaling the heat transfer process coupled with neutronic reflected core for sodium-cooled fast nuclear reactor. International Journal of Heat and Mass Transfer,189",https://www.scopus.com/record/display.url?eid=2-s2.0-85125113817&origin=resultslist,10.1016/j.ijheatmasstransfer.2022.122713,Article,,2-s2.0-85125113817,-,Universidad Autonoma de Nuevo Leon| Universidad Autónoma Metropolitana| Universidad Autonoma de San Luis Potosi| Instituto Nacional de Investigaciones Nucleares,505013| 505017| 505014| 505039,Academic| Government,4.0,60028381| 60025417| 60031335| 60010532,Universidad Autónoma Metropolitana -Unidad Iztapalapa| Universidad Autónoma de Nuevo León| Universidad Autónoma de San Luis Potosí| Instituto Nacional de Investigaciones Nucleares,57194106166,56013707200,6701576605,-,Mexico,1.0,1507| 2210| 3104,Fluid Flow and Transfer Processes| Mechanical Engineering| Condensed Matter Physics,4| 2,Natural Sciences| Engineering & Technology,249| 222| 439| 219,Engineering - Petroleum| Engineering - Mechanical| Physics & Astronomy| Engineering - Chemical,36| 37,Engineering| Physical Sciences,51| 40| 49,Physical Sciences| Engineering| Mathematical Sciences,-,-,-,Nuclear Fuel and Thermal Hydraulics,655,27.796,Multiphysics Simulation in Nuclear Reactor Safety,65408,33.465,Defensible,Nacional,4.0
"Espinosa-Paredes, Gilberto",6701576605,A new compartmental fractional neutron point kinetic equations with different fractional orders,"Espinosa-Paredes, G.| Cruz-López, C.-A.",2.0,6701576605| 57202192453,2024.0,2024-07-01,Nuclear Engineering and Design,423,-,-,113184,ISSN-00295493,17882.0,Journal,Elsevier Ltd,English,1.42,14,3.4,35,0.772,22,0.96,14.0,6.0,0.77,7.81,24.0,36.0,0.0,0.0,"Espinosa-Paredes, G., Cruz-López, C.-A. (2024).A new compartmental fractional neutron point kinetic equations with different fractional orders. Nuclear Engineering and Design,423",https://www.scopus.com/record/display.url?eid=2-s2.0-85189930442&origin=resultslist,10.1016/j.nucengdes.2024.113184,Article,,2-s2.0-85189930442,-,Universidad Autónoma Metropolitana,505017,Academic,1.0,60028381,Universidad Autónoma Metropolitana -Unidad Iztapalapa,6701576605,57202192453,57202192453,-,Mexico,1.0,2104| 2210| 2213| 2311| 2500| 3106,"Nuclear Energy and Engineering| Mechanical Engineering| Safety, Risk, Reliability and Quality| Waste Management and Disposal| General Materials Science| Nuclear and High Energy Physics",3| 4| 2,Social Sciences & Management| Natural Sciences| Engineering & Technology,222| 433| 221| 249| 439| 424,Engineering - Mechanical| Materials Science| Engineering - Electrical & Electronic| Engineering - Petroleum| Physics & Astronomy| Environmental Sciences,36| 37,Engineering| Physical Sciences,40,Engineering,4019| 4012| 4005,Resources engineering and extractive metallurgy| Fluid mechanics and thermal engineering| Civil engineering,-,Nuclear Fuel and Thermal Hydraulics,655,27.796,Innovative Approaches in Nuclear Reactor Kinetics,36285,71.987,Definitive,UAM,1.0
"Espinosa-Paredes, Gilberto",6701576605,A singular value decomposition entropy approach to instability analysis in BWR's,"Rodriguez, E.| Alvarez-Ramirez, J.| Espinosa-Paredes, G.",3.0,35112460500| 55399527300| 6701576605,2022.0,2022-01-01,Nuclear Engineering and Design,386,-,-,111576,ISSN-00295493,17882.0,Journal,Elsevier Ltd,English,1.32,17,3.4,39,0.853,18,0.6,14.0,6.0,0.35,14.17,42.0,58.0,0.0,0.0,"Rodriguez, E., Alvarez-Ramirez, J., Espinosa-Paredes, G. (2022).A singular value decomposition entropy approach to instability analysis in BWR's. Nuclear Engineering and Design,386",https://www.scopus.com/record/display.url?eid=2-s2.0-85120165040&origin=resultslist,10.1016/j.nucengdes.2021.111576,Article,,2-s2.0-85120165040,-,Universidad Autónoma Metropolitana,505017,Academic,1.0,60028381,Universidad Autónoma Metropolitana -Unidad Iztapalapa,35112460500,6701576605,6701576605,-,Mexico,1.0,2104| 2210| 2213| 2311| 2500| 3106,"Nuclear Energy and Engineering| Mechanical Engineering| Safety, Risk, Reliability and Quality| Waste Management and Disposal| General Materials Science| Nuclear and High Energy Physics",4| 2| 3,Natural Sciences| Engineering & Technology| Social Sciences & Management,221| 439| 433| 249| 222| 424,Engineering - Electrical & Electronic| Physics & Astronomy| Materials Science| Engineering - Petroleum| Engineering - Mechanical| Environmental Sciences,37| 36,Physical Sciences| Engineering,40,Engineering,4005| 4019| 4012,Civil engineering| Resources engineering and extractive metallurgy| Fluid mechanics and thermal engineering,-,Nuclear Reactor Safety and Efficiency,1255,45.389,Dynamics of Two-Phase Flow in Natural Circulation,11287,73.915,Definitive,UAM,1.0
"Espinosa-Paredes, Gilberto",6701576605,Time-dependent neutron diffusion coefficient for the effective diffusion equation,"Aguilar-Madera, C.G.| Espinosa-Paredes, G.| Molina-Espinosa, L.",3.0,36170299800| 6701576605| 55839110000,2019.0,2019-04-01,Progress in Nuclear Energy,112,-,20-33,-,ISSN-01491970,13182.0,Journal,Elsevier Ltd,English,1.09,26,3.1,23,0.734,24,0.64,27.0,6.0,0.24,12.28,50.0,62.0,0.0,0.0,"Aguilar-Madera, C.G., Espinosa-Paredes, G., Molina-Espinosa, L. (2019).Time-dependent neutron diffusion coefficient for the effective diffusion equation. Progress in Nuclear Energy,11220-33",https://www.scopus.com/record/display.url?eid=2-s2.0-85058040831&origin=resultslist,10.1016/j.pnucene.2018.12.003,Article,,2-s2.0-85058040831,-,Universidad Autonoma de Nuevo Leon| Universidad Autónoma Metropolitana,505013| 505017,Academic,2.0,60025417| 60028381,Universidad Autónoma de Nuevo León| Universidad Autónoma Metropolitana -Unidad Iztapalapa,36170299800,55839110000,6701576605,-,Mexico,1.0,2102| 2104| 2213| 2311,"Energy Engineering and Power Technology| Nuclear Energy and Engineering| Safety, Risk, Reliability and Quality| Waste Management and Disposal",2| 3,Engineering & Technology| Social Sciences & Management,424| 249| 221,Environmental Sciences| Engineering - Petroleum| Engineering - Electrical & Electronic,37| 36,Physical Sciences| Engineering,40| 51,Engineering| Physical Sciences,5106| 4019,Nuclear and plasma physics| Resources engineering and extractive metallurgy,-,Magnetohydrodynamic Effects in Heat Transfer Systems,119,94.637,Transport Phenomena in Porous Media Dynamics,24106,53.881,Very Good,Nacional,2.0
"Espinosa-Paredes, Gilberto",6701576605,Nonlinear analysis of a reduced-order model with relaxation effects for BWRs,"Espinosa-Paredes, G.| Sánchez-Romero, M.I.| Herrera-Hernández, E.C.",3.0,6701576605| 57209474583| 55263014200,2019.0,2019-11-01,Progress in Nuclear Energy,117,-,-,103089,ISSN-01491970,13182.0,Journal,Elsevier Ltd,English,1.09,26,3.1,23,0.734,24,0.96,31.0,6.0,0.41,12.28,50.0,52.0,0.0,0.0,"Espinosa-Paredes, G., Sánchez-Romero, M.I., Herrera-Hernández, E.C. (2019).Nonlinear analysis of a reduced-order model with relaxation effects for BWRs. Progress in Nuclear Energy,117",https://www.scopus.com/record/display.url?eid=2-s2.0-85067846057&origin=resultslist,10.1016/j.pnucene.2019.103089,Article,,2-s2.0-85067846057,-,Universidad Autónoma Metropolitana,505017,Academic,1.0,60028381| 122697232,Universidad Autónoma Metropolitana -Unidad Iztapalapa| CONACYT-Centro de Ingeniería y Desarrollo Industrial,6701576605,55263014200,6701576605,-,Mexico,1.0,2102| 2104| 2213| 2311,"Energy Engineering and Power Technology| Nuclear Energy and Engineering| Safety, Risk, Reliability and Quality| Waste Management and Disposal",2| 3,Engineering & Technology| Social Sciences & Management,424| 221| 249,Environmental Sciences| Engineering - Electrical & Electronic| Engineering - Petroleum,36| 37,Engineering| Physical Sciences,40| 51,Engineering| Physical Sciences,4019| 5106,Resources engineering and extractive metallurgy| Nuclear and plasma physics,-,Nuclear Reactor Safety and Efficiency,1255,45.389,Dynamics of Two-Phase Flow in Natural Circulation,11287,73.915,Very Good,UAM,1.0
"Espinosa-Paredes, Gilberto",6701576605,A novel nonlinear BWR stability indicator based on the sample entropy,"Olvera-Guerrero, O.A.| Prieto-Guerrero, A.| Espinosa-Paredes, G.",3.0,56040128300| 57188580330| 6701576605,2018.0,2018-01-01,Science and Technology of Nuclear Installations,2018,-,-,9852925,ISSN-16876075,19700200879.0,Journal,Hindawi Limited,English,0.74,47,1.3,52,0.488,43,0.52,15.0,5.0,0.12,8.68,55.0,69.0,0.0,0.0,"Olvera-Guerrero, O.A., Prieto-Guerrero, A., Espinosa-Paredes, G. (2018).A novel nonlinear BWR stability indicator based on the sample entropy. Science and Technology of Nuclear Installations,2018",https://www.scopus.com/record/display.url?eid=2-s2.0-85062620219&origin=resultslist,10.1155/2018/9852925,Article,Gold|Green,2-s2.0-85062620219,-,Universidad Autónoma Metropolitana,505017,Academic,1.0,60028381,Universidad Autónoma Metropolitana -Unidad Iztapalapa,56040128300,6701576605,57188580330,-,Mexico,1.0,2104,Nuclear Energy and Engineering,2,Engineering & Technology,221,Engineering - Electrical & Electronic,36,Engineering,40| 51,Engineering| Physical Sciences,4019| 4016| 5199,Resources engineering and extractive metallurgy| Materials engineering| Other physical sciences,-,Nuclear Reactor Safety and Efficiency,1255,45.389,Dynamics of Two-Phase Flow in Natural Circulation,11287,73.915,Definitive,UAM,1.0
"Espinosa-Paredes, Gilberto",6701576605,Reactor behavior comparisons for two liquid metal-cooled fast reactors during an event of loss of coolant,"Pérez-Valseca, A.-D.| Quezada-García, S.| Gómez-Torres, A.-M.| Vázquez-Rodríguez, A.| Espinosa-Paredes, G.",5.0,57194106166| 56185557300| 56013707200| 15048725800| 6701576605,2019.0,2019-12-01,Case Studies in Thermal Engineering,16,-,-,100556,ISSN-2214157X,21100262580.0,Journal,Elsevier Ltd,English,1.73,9,4.6,16,0.957,10,1.18,27.0,5.0,0.2,9.83,54.0,65.0,0.0,0.0,"Pérez-Valseca, A.-D., Quezada-García, S., Gómez-Torres, A.-M. and 2 more (...) (2019).Reactor behavior comparisons for two liquid metal-cooled fast reactors during an event of loss of coolant. Case Studies in Thermal Engineering,16",https://www.scopus.com/record/display.url?eid=2-s2.0-85075340990&origin=resultslist,10.1016/j.csite.2019.100556,Article,Gold|Green,2-s2.0-85075340990,-,Universidad Autónoma Metropolitana| Instituto Nacional de Investigaciones Nucleares| Universidad Nacional Autónoma de México,505017| 505039| 505023,Academic| Government,3.0,60028381| 60032442| 60010532,Universidad Autónoma Metropolitana -Unidad Iztapalapa| Universidad Nacional Autónoma de México| Instituto Nacional de Investigaciones Nucleares,57194106166,6701576605,56185557300,-,Mexico,1.0,1507| 2201,Fluid Flow and Transfer Processes| Engineering (miscellaneous),2,Engineering & Technology,219| 249,Engineering - Chemical| Engineering - Petroleum,36,Engineering,40,Engineering,4012,Fluid mechanics and thermal engineering,-,Nuclear Fuel and Thermal Hydraulics,655,27.796,Fast Reactor Safety and Design,50288,72.619,Very Good,Nacional,3.0
"Espinosa-Paredes, Gilberto",6701576605,Multiphase flow in a naturally fractured reservoir: Equation of continuity,"Espinosa-Paredes, G.| Varela-Ham, J.R.| Espinosa-Martínez, E.-G.",3.0,6701576605| 55521731300| 24390647100,2015.0,2015-05-19,"Energy Sources, Part A: Recovery, Utilization and Environmental Effects",37,10,1071-1080,-,ISSN-15567036,4500151514.0,Journal,"Bellwether Publishing, Ltd.",English,0.65,51,0.8,56,0.342,44,0.68,20.0,4.0,0.21,9.44,58.0,61.0,0.0,0.0,"Espinosa-Paredes, G., Varela-Ham, J.R., Espinosa-Martínez, E.-G. (2015).Multiphase flow in a naturally fractured reservoir: Equation of continuity. Energy Sources, Part A: Recovery, Utilization and Environmental Effects,37(10) 1071-1080",https://www.scopus.com/record/display.url?eid=2-s2.0-84928609582&origin=resultslist,10.1080/15567036.2011.601801,Article,,2-s2.0-84928609582,-,Universidad Autónoma Metropolitana,505017,Academic,1.0,60028381,Universidad Autónoma Metropolitana -Unidad Iztapalapa,6701576605,24390647100,6701576605,-,Mexico,1.0,2102| 2103| 2104| 2105,"Energy Engineering and Power Technology| Fuel Technology| Nuclear Energy and Engineering| Renewable Energy, Sustainability and the Environment",2,Engineering & Technology,221| 249,Engineering - Electrical & Electronic| Engineering - Petroleum,36,Engineering,40,Engineering,4017| 4019,Mechanical engineering| Resources engineering and extractive metallurgy,-,Magnetohydrodynamic Effects in Heat Transfer Systems,119,94.637,Transport Phenomena in Porous Media Dynamics,24106,53.881,Definitive,UAM,1.0
"Espinosa-Paredes, Gilberto",6701576605,A modeling error compensation approach for the feedback control of the nuclear reactor operation,"Alvarez-Ramirez, J.| Espinosa-Paredes, G.",2.0,55399527300| 6701576605,2021.0,2021-10-01,Nuclear Engineering and Design,382,-,-,111394,ISSN-00295493,17882.0,Journal,Elsevier Ltd,English,1.54,13,3.5,33,0.879,17,0.72,19.0,4.0,0.14,13.88,55.0,72.0,0.0,0.0,"Alvarez-Ramirez, J., Espinosa-Paredes, G. (2021).A modeling error compensation approach for the feedback control of the nuclear reactor operation. Nuclear Engineering and Design,382",https://www.scopus.com/record/display.url?eid=2-s2.0-85111542163&origin=resultslist,10.1016/j.nucengdes.2021.111394,Article,,2-s2.0-85111542163,-,Universidad Autónoma Metropolitana,505017,Academic,1.0,60028381,Universidad Autónoma Metropolitana -Unidad Iztapalapa,55399527300,6701576605,6701576605,-,Mexico,1.0,2104| 2210| 2213| 2311| 2500| 3106,"Nuclear Energy and Engineering| Mechanical Engineering| Safety, Risk, Reliability and Quality| Waste Management and Disposal| General Materials Science| Nuclear and High Energy Physics",4| 3| 2,Natural Sciences| Social Sciences & Management| Engineering & Technology,433| 249| 222| 424| 221| 439,Materials Science| Engineering - Petroleum| Engineering - Mechanical| Environmental Sciences| Engineering - Electrical & Electronic| Physics & Astronomy,36| 37,Engineering| Physical Sciences,40,Engineering,4005| 4019| 4012,Civil engineering| Resources engineering and extractive metallurgy| Fluid mechanics and thermal engineering,-,Molten Salt Applications in Energy and Material Recovery,1393,25.18,Innovative Control Systems for Nuclear Reactors,20785,86.575,Very Good,UAM,1.0
"Espinosa-Paredes, Gilberto",6701576605,Inverse method to obtain reactivity in nuclear reactors with P1 point reactor kinetics model using matrix formulation,"Suescún-Díaz, D.| Espinosa-Paredes, G.| Escobar, F.H.",3.0,22636278000| 6701576605| 7006702231,2021.0,2021-02-01,Nuclear Engineering and Technology,53,2,414-422,-,ISSN-17385733,11700154337.0,Journal,Korean Nuclear Society,English,1.54,13,3.7,28,0.752,25,0.68,20.0,4.0,0.41,9.84,55.0,53.0,0.0,0.0,"Suescún-Díaz, D., Espinosa-Paredes, G., Escobar, F.H. (2021).Inverse method to obtain reactivity in nuclear reactors with P1 point reactor kinetics model using matrix formulation. Nuclear Engineering and Technology,53(2) 414-422",https://www.scopus.com/record/display.url?eid=2-s2.0-85089594834&origin=resultslist,10.1016/j.net.2020.07.003,Article,Gold|Green,2-s2.0-85089594834,-,Universidad Autónoma Metropolitana| Universidad Surcolombiana,505017| 708540,Academic,2.0,60070351| 60028381,Universidad Surcolombiana| Universidad Autónoma Metropolitana -Unidad Iztapalapa,22636278000,7006702231,22636278000,-,Mexico| Colombia,2.0,2104,Nuclear Energy and Engineering,2,Engineering & Technology,221,Engineering - Electrical & Electronic,36,Engineering,51| 40,Physical Sciences| Engineering,4016| 5199| 4019,Materials engineering| Other physical sciences| Resources engineering and extractive metallurgy,-,Nuclear Fuel and Thermal Hydraulics,655,27.796,Innovative Approaches in Nuclear Reactor Kinetics,36285,71.987,Definitive,Internacional,1.0
"Espinosa-Paredes, Gilberto",6701576605,The spreading of Covid-19 in Mexico: A diffusional approach,"Aguilar-Madera, C.G.| Espinosa-Paredes, G.| Herrera-Hernández, E.C.| Briones Carrillo, J.A.| Valente Flores-Cano, J.| Matías-Pérez, V.",6.0,36170299800| 6701576605| 55263014200| 57217014240| 57226144220| 35230496900,2021.0,2021-08-01,Results in Physics,27,-,-,104555,ISSN-22113797,19900192162.0,Journal,Elsevier B.V.,English,1.36,17,7.6,12,0.662,30,0.29,8.0,4.0,0.28,14.31,55.0,61.0,0.0,0.0,"Aguilar-Madera, C.G., Espinosa-Paredes, G., Herrera-Hernández, E.C. and 3 more (...) (2021).The spreading of Covid-19 in Mexico: A diffusional approach. Results in Physics,27",https://www.scopus.com/record/display.url?eid=2-s2.0-85110673618&origin=resultslist,10.1016/j.rinp.2021.104555,Article,Gold|Green,2-s2.0-85110673618,-,Universidad Autonoma de Nuevo Leon| Universidad Autónoma Metropolitana| Universidad Autonoma de San Luis Potosi,505013| 505017| 505014,Academic,3.0,60025417| 60028381| 60031335,Universidad Autónoma de Nuevo León| Universidad Autónoma Metropolitana -Unidad Iztapalapa| Universidad Autónoma de San Luis Potosí,36170299800,35230496900,6701576605,-,Mexico,1.0,3100,General Physics and Astronomy,4,Natural Sciences,439,Physics & Astronomy,37,Physical Sciences,51,Physical Sciences,5108,Quantum physics,SDG 3,"COVID-19, Its Impact, and Vaccination",1,99.935,Modeling COVID-19 Dynamics and Control Strategies,141,99.503,Definitive,Nacional,3.0
"Espinosa-Paredes, Gilberto",6701576605,Scaled neutron point kinetics (SUNPK) equations for nuclear reactor dynamics: 2D approximation,"Espinosa-Paredes, G.| Aguilar-Madera, C.G.",2.0,6701576605| 36170299800,2018.0,2018-05-01,Annals of Nuclear Energy,115,-,377-386,-,ISSN-03064549,29363.0,Journal,Elsevier Ltd,English,1.83,7,3.2,19,1.566,8,0.67,20.0,4.0,0.35,8.68,58.0,55.0,0.0,0.0,"Espinosa-Paredes, G., Aguilar-Madera, C.G. (2018).Scaled neutron point kinetics (SUNPK) equations for nuclear reactor dynamics: 2D approximation. Annals of Nuclear Energy,115377-386",https://www.scopus.com/record/display.url?eid=2-s2.0-85041521896&origin=resultslist,10.1016/j.anucene.2018.01.020,Article,,2-s2.0-85041521896,-,Universidad Autonoma de Nuevo Leon| Universidad Autónoma Metropolitana,505013| 505017,Academic,2.0,60028381| 60025417,Universidad Autónoma Metropolitana -Unidad Iztapalapa| Universidad Autónoma de Nuevo León,6701576605,36170299800,6701576605,-,Mexico,1.0,2104,Nuclear Energy and Engineering,2,Engineering & Technology,221,Engineering - Electrical & Electronic,36,Engineering,40,Engineering,4012| 4019,Fluid mechanics and thermal engineering| Resources engineering and extractive metallurgy,-,Nuclear Fuel and Thermal Hydraulics,655,27.796,Innovative Approaches in Nuclear Reactor Kinetics,36285,71.987,Very Good,Nacional,2.0
"Espinosa-Paredes, Gilberto",6701576605,General solution of Bateman equations using Cauchy products and the Theory of Divided Differences,"Cruz-López, C.-A.| Espinosa-Paredes, G.| François, J.-L.",3.0,57202192453| 6701576605| 56013740900,2024.0,2024-11-01,Annals of Nuclear Energy,207,-,-,110729,ISSN-03064549,29363.0,Journal,Elsevier Ltd,English,1.46,13,4.7,21,0.897,14,0.6,8.0,4.0,0.65,6.15,32.0,41.0,0.0,0.0,"Cruz-López, C.-A., Espinosa-Paredes, G., François, J.-L. (2024).General solution of Bateman equations using Cauchy products and the Theory of Divided Differences. Annals of Nuclear Energy,207",https://www.scopus.com/record/display.url?eid=2-s2.0-85197345967&origin=resultslist,10.1016/j.anucene.2024.110729,Article,,2-s2.0-85197345967,-,Universidad Autónoma Metropolitana| Universidad Nacional Autónoma de México,505017| 505023,Academic,2.0,60028381| 60032442,Universidad Autónoma Metropolitana -Unidad Iztapalapa| Universidad Nacional Autónoma de México,57202192453,56013740900,6701576605,-,Mexico,1.0,2104,Nuclear Energy and Engineering,2,Engineering & Technology,221,Engineering - Electrical & Electronic,36,Engineering,40,Engineering,4012| 4019,Fluid mechanics and thermal engineering| Resources engineering and extractive metallurgy,-,Nuclear Fuel and Thermal Hydraulics,655,27.796,Monte Carlo Approaches for Nuclear Fuel Depletion,21727,61.067,Definitive,Nacional,2.0
"Espinosa-Paredes, Gilberto",6701576605,Thermomechanical analysis of a lead-cooled fast reactor with a fast-running model,"Centeno-Pérez, J.| Pérez-Valseca, A.D.| Gómez-Torres, A.| Lopez-Solis, R.C.| Vazquez-Rodriguez, A.| Espinosa-Paredes, G.",6.0,57188581597| 57194106166| 56013707200| 56915699100| 15048725800| 6701576605,2022.0,2022-02-01,Case Studies in Thermal Engineering,30,-,-,101694,ISSN-2214157X,21100262580.0,Journal,Elsevier Ltd,English,1.57,12,7.2,13,0.916,14,0.91,19.0,4.0,0.36,11.02,51.0,57.0,0.0,0.0,"Centeno-Pérez, J., Pérez-Valseca, A.D., Gómez-Torres, A. and 3 more (...) (2022).Thermomechanical analysis of a lead-cooled fast reactor with a fast-running model. Case Studies in Thermal Engineering,30",https://www.scopus.com/record/display.url?eid=2-s2.0-85121599664&origin=resultslist,10.1016/j.csite.2021.101694,Article,Gold|Green,2-s2.0-85121599664,-,Universidad Autónoma Metropolitana| Instituto Nacional de Investigaciones Nucleares| Universidad Nacional Autónoma de México,505017| 505039| 505023,Academic| Government,3.0,60032442| 60028381| 60010532,Universidad Nacional Autónoma de México| Universidad Autónoma Metropolitana -Unidad Iztapalapa| Instituto Nacional de Investigaciones Nucleares,57188581597,6701576605,56013707200,-,Mexico,1.0,1507| 2201,Fluid Flow and Transfer Processes| Engineering (miscellaneous),2,Engineering & Technology,249| 219,Engineering - Petroleum| Engineering - Chemical,36,Engineering,40,Engineering,4012,Fluid mechanics and thermal engineering,-,Nuclear Fuel and Thermal Hydraulics,655,27.796,Fast Reactor Safety and Design,50288,72.619,Defensible,Nacional,3.0
"Espinosa-Paredes, Gilberto",6701576605,Power-feedwater temperature operating domain for a BWR driven by natural convection,"Quezada-García, S.| Espinosa-Martínez, E.-G.| Espinosa-Paredes, G.| Vázquez-Rodríguez, A.",4.0,56185557300| 24390647100| 6701576605| 15048725800,2016.0,2016-01-01,Progress in Nuclear Energy,86,-,110-119,-,ISSN-01491970,13182.0,Journal,Elsevier Ltd,English,1.41,13,2.2,30,1.085,11,0.17,20.0,3.0,0.22,8.89,62.0,61.0,0.0,0.0,"Quezada-García, S., Espinosa-Martínez, E.-G., Espinosa-Paredes, G. and 1 more (...) (2016).Power-feedwater temperature operating domain for a BWR driven by natural convection. Progress in Nuclear Energy,86110-119",https://www.scopus.com/record/display.url?eid=2-s2.0-84948807917&origin=resultslist,10.1016/j.pnucene.2015.10.010,Article,,2-s2.0-84948807917,-,Universidad Autónoma Metropolitana| Universidad Nacional Autónoma de México,505017| 505023,Academic,2.0,60028381| 60032442,Universidad Autónoma Metropolitana -Unidad Iztapalapa| Universidad Nacional Autónoma de México,56185557300,15048725800,6701576605,-,Mexico,1.0,2102| 2104| 2213| 2311,"Energy Engineering and Power Technology| Nuclear Energy and Engineering| Safety, Risk, Reliability and Quality| Waste Management and Disposal",2| 3,Engineering & Technology| Social Sciences & Management,424| 249| 221,Environmental Sciences| Engineering - Petroleum| Engineering - Electrical & Electronic,37| 36,Physical Sciences| Engineering,40| 51,Engineering| Physical Sciences,4019| 5106,Resources engineering and extractive metallurgy| Nuclear and plasma physics,-,Nuclear Reactor Safety and Efficiency,1255,45.389,Dynamics of Two-Phase Flow in Natural Circulation,11287,73.915,Defensible,Nacional,2.0
"Espinosa-Paredes, Gilberto",6701576605,Modeling single-phase fluid flow in porous media through non-local fractal continuum equation,"Herrera-Hernández, E.C.| Aguilar-Madera, C.G.| Espinosa-Paredes, G.| Hernández, D.",4.0,55263014200| 36170299800| 6701576605| 58310512800,2023.0,2023-02-01,Journal of Engineering Mathematics,138,1,-,8,ISSN-00220833,12485.0,Journal,Springer Science and Business Media B.V.,English,0.74,44,2.1,26,0.353,45,0.77,10.0,3.0,0.54,5.59,49.0,46.0,0.0,0.0,"Herrera-Hernández, E.C., Aguilar-Madera, C.G., Espinosa-Paredes, G. and 1 more (...) (2023).Modeling single-phase fluid flow in porous media through non-local fractal continuum equation. Journal of Engineering Mathematics,138(1) ",https://www.scopus.com/record/display.url?eid=2-s2.0-85146725252&origin=resultslist,10.1007/s10665-022-10245-4,Article,,2-s2.0-85146725252,-,Universidad Autonoma de Nuevo Leon| Universidad Autónoma Metropolitana| Universidad Autonoma de San Luis Potosi| Universidad Autonoma de la Ciudad de Mexico,505013| 505017| 505014| 708454,Academic,4.0,60031335| 60025417| 60028381| 60094425,Universidad Autónoma de San Luis Potosí| Universidad Autónoma de Nuevo León| Universidad Autónoma Metropolitana -Unidad Iztapalapa| Universidad Autónoma de la Ciudad de México,55263014200,58310512800,36170299800,-,Mexico,1.0,2200| 2600,General Engineering| General Mathematics,2| 4,Engineering & Technology| Natural Sciences,431,Mathematics,36| 37,Engineering| Physical Sciences,49,Mathematical Sciences,4901,Applied mathematics,-,Fractional Calculus Applications in Differential Equations,88,83.061,Fractional Dimensions in Quantum and Fluid Dynamics,29655,76.102,Definitive,Nacional,4.0
"Espinosa-Paredes, Gilberto",6701576605,On the effective diffusion in the Sierpiński carpet,"Aguilar-Madera, C.G.| Herrera-Hernández, E.C.| Espinosa-Paredes, G.| Briones-Carrillo, J.A.",4.0,36170299800| 55263014200| 6701576605| 57217014240,2021.0,2021-02-01,Computational Geosciences,25,1,467-473,-,ISSN-14200597,24501.0,Journal,Springer Science and Business Media Deutschland GmbH,English,1.26,20,5.2,13,0.757,31,0.22,6.0,3.0,0.24,12.67,60.0,64.0,0.0,0.0,"Aguilar-Madera, C.G., Herrera-Hernández, E.C., Espinosa-Paredes, G. and 1 more (...) (2021).On the effective diffusion in the Sierpiński carpet. Computational Geosciences,25(1) 467-473",https://www.scopus.com/record/display.url?eid=2-s2.0-85095745563&origin=resultslist,10.1007/s10596-020-10016-z,Article,,2-s2.0-85095745563,-,Universidad Autonoma de Nuevo Leon| Universidad Autónoma Metropolitana,505013| 505017,Academic,2.0,60025417| 122697232| 60028381,Universidad Autónoma de Nuevo León| CONACYT-Centro de Ingeniería y Desarrollo Industrial| Universidad Autónoma Metropolitana -Unidad Iztapalapa,36170299800,57217014240,55263014200,-,Mexico,1.0,1703| 1706| 1903| 2605,Computational Theory and Mathematics| Computer Science Applications| Computers in Earth Sciences| Computational Mathematics,2| 4,Engineering & Technology| Natural Sciences,416| 451| 213| 212| 431,Earth & Marine Sciences| Geophysics| Data Science| Computer Science & Information Systems| Mathematics,38| 37,Computer Science| Physical Sciences,37,Earth Sciences,3704,Geoinformatics,-,Dynamics of Financial Markets and Power Law,1053,21.975,Fractal Structures in Random Walk Diffusion Dynamics,89048,8.406,Defensible,Nacional,2.0
"Espinosa-Paredes, Gilberto",6701576605,Signal analysis of acoustic and flow-induced vibrations of BWR main steam line,"Espinosa-Paredes, G.| Prieto-Guerrero, A.| Núñez-Carrera, A.| Vázquez-Rodríguez, A.| Centeno-Pérez, J.| Espinosa-Martínez, E.-G.| Quezada-García, S.| Cázares-Ramírez, R.",8.0,6701576605| 57188580330| 6506276617| 15048725800| 57188581597| 24390647100| 56185557300| 56928260500,2016.0,2016-05-01,Nuclear Engineering and Design,301,-,189-203,-,ISSN-00295493,17882.0,Journal,Elsevier Ltd,English,1.5,12,2.4,26,1.064,12,0.78,34.0,3.0,0.1,9.58,62.0,68.0,0.0,0.0,"Espinosa-Paredes, G., Prieto-Guerrero, A., Núñez-Carrera, A. and 5 more (...) (2016).Signal analysis of acoustic and flow-induced vibrations of BWR main steam line. Nuclear Engineering and Design,301189-203",https://www.scopus.com/record/display.url?eid=2-s2.0-84961814716&origin=resultslist,10.1016/j.nucengdes.2016.03.008,Article,,2-s2.0-84961814716,-,Universidad Autónoma Metropolitana| Instituto Politécnico Nacional| Universidad Nacional Autónoma de México,505017| 505011| 505023,Academic,3.0,60028381| 60084239| 60019176| 60032442,Universidad Autónoma Metropolitana -Unidad Iztapalapa| Comision Nacional de Seguridad Nuclear y Salvaguardias| Instituto Politécnico Nacional| Universidad Nacional Autónoma de México,6701576605,56928260500,6701576605,-,Mexico,1.0,2104| 2210| 2213| 2311| 2500| 3106,"Nuclear Energy and Engineering| Mechanical Engineering| Safety, Risk, Reliability and Quality| Waste Management and Disposal| General Materials Science| Nuclear and High Energy Physics",2| 4| 3,Engineering & Technology| Natural Sciences| Social Sciences & Management,439| 433| 221| 424| 249| 222,Physics & Astronomy| Materials Science| Engineering - Electrical & Electronic| Environmental Sciences| Engineering - Petroleum| Engineering - Mechanical,37| 36,Physical Sciences| Engineering,40,Engineering,4012| 4005| 4019,Fluid mechanics and thermal engineering| Civil engineering| Resources engineering and extractive metallurgy,-,Computational Fluid Dynamics and Aeroacoustics,488,60.17,Acoustic Resonance and Flow Dynamics in Piping Systems,42236,53.964,Very Good,Nacional,3.0
"Espinosa-Paredes, Gilberto",6701576605,Linear or non-linear stability monitor in BWRs? Introducing a new non-linear monitor based on the fractal spectrum,"Espinosa-Paredes, G.| Molina-Tenorio, Y.| Prieto-Guerrero, A.| Olvera-Guerrero, O.A.",4.0,6701576605| 57207936184| 57188580330| 56040128300,2023.0,2023-12-15,Nuclear Engineering and Design,415,-,-,112662,ISSN-00295493,17882.0,Journal,Elsevier Ltd,English,1.4,13,3.4,34,0.83,14,0.53,11.0,3.0,0.25,11.89,49.0,63.0,0.0,0.0,"Espinosa-Paredes, G., Molina-Tenorio, Y., Prieto-Guerrero, A. and 1 more (...) (2023).Linear or non-linear stability monitor in BWRs? Introducing a new non-linear monitor based on the fractal spectrum. Nuclear Engineering and Design,415",https://www.scopus.com/record/display.url?eid=2-s2.0-85173627263&origin=resultslist,10.1016/j.nucengdes.2023.112662,Article,,2-s2.0-85173627263,-,Universidad Autónoma Metropolitana,505017,Academic,1.0,60028381| 60095115,Universidad Autónoma Metropolitana -Unidad Iztapalapa| Universidad Politécnica de Chiapas,6701576605,56040128300,57188580330,-,Mexico,1.0,2104| 2210| 2213| 2311| 2500| 3106,"Nuclear Energy and Engineering| Mechanical Engineering| Safety, Risk, Reliability and Quality| Waste Management and Disposal| General Materials Science| Nuclear and High Energy Physics",4| 2| 3,Natural Sciences| Engineering & Technology| Social Sciences & Management,222| 433| 221| 439| 424| 249,Engineering - Mechanical| Materials Science| Engineering - Electrical & Electronic| Physics & Astronomy| Environmental Sciences| Engineering - Petroleum,36| 37,Engineering| Physical Sciences,40,Engineering,4005| 4019| 4012,Civil engineering| Resources engineering and extractive metallurgy| Fluid mechanics and thermal engineering,-,Nuclear Reactor Safety and Efficiency,1255,45.389,Dynamics of Two-Phase Flow in Natural Circulation,11287,73.915,Definitive,UAM,1.0
"Espinosa-Paredes, Gilberto",6701576605,Assessment of the fractional neutron point kinetic equation to simulate core transients with Newtonian temperature feedback,"Polo-Labarrios, M.A.| Quezada-García, S.| Espinosa-Paredes, G.| Ortiz-Villafuerte, J.",4.0,36617848900| 56185557300| 6701576605| 6603777345,2020.0,2020-04-01,Annals of Nuclear Energy,138,-,-,107197,ISSN-03064549,29363.0,Journal,Elsevier Ltd,English,1.62,11,3.1,33,1.159,13,1.75,48.0,3.0,0.21,9.47,62.0,65.0,0.0,0.0,"Polo-Labarrios, M.A., Quezada-García, S., Espinosa-Paredes, G. and 1 more (...) (2020).Assessment of the fractional neutron point kinetic equation to simulate core transients with Newtonian temperature feedback. Annals of Nuclear Energy,138",https://www.scopus.com/record/display.url?eid=2-s2.0-85074889708&origin=resultslist,10.1016/j.anucene.2019.107197,Article,,2-s2.0-85074889708,-,Universidad Autónoma Metropolitana| Instituto Nacional de Investigaciones Nucleares| Universidad Nacional Autónoma de México,505017| 505039| 505023,Academic| Government,3.0,60024080| 60032442| 60028381| 60010532,Universidad Autónoma Metropolitana Unidad Cuajimalpa| Universidad Nacional Autónoma de México| Universidad Autónoma Metropolitana -Unidad Iztapalapa| Instituto Nacional de Investigaciones Nucleares,36617848900,6603777345,36617848900,-,Mexico,1.0,2104,Nuclear Energy and Engineering,2,Engineering & Technology,221,Engineering - Electrical & Electronic,36,Engineering,40,Engineering,4019| 4012,Resources engineering and extractive metallurgy| Fluid mechanics and thermal engineering,-,Nuclear Fuel and Thermal Hydraulics,655,27.796,Innovative Approaches in Nuclear Reactor Kinetics,36285,71.987,Definitive,Nacional,3.0
"Espinosa-Paredes, Gilberto",6701576605,Neutron diffusion coefficient for disordered arrays of TRISO particles in spherical nuclear fuel,"Aguilar-Madera, C.G.| Herrera-Hernández, E.C.| Espinosa-Paredes, G.",3.0,36170299800| 55263014200| 6701576605,2020.0,2020-10-01,Annals of Nuclear Energy,146,-,-,107635,ISSN-03064549,29363.0,Journal,Elsevier Ltd,English,1.62,11,3.1,33,1.159,13,0.67,16.0,3.0,0.11,9.47,62.0,72.0,0.0,0.0,"Aguilar-Madera, C.G., Herrera-Hernández, E.C., Espinosa-Paredes, G. (2020).Neutron diffusion coefficient for disordered arrays of TRISO particles in spherical nuclear fuel. Annals of Nuclear Energy,146",https://www.scopus.com/record/display.url?eid=2-s2.0-85086733148&origin=resultslist,10.1016/j.anucene.2020.107635,Article,,2-s2.0-85086733148,-,Universidad Autonoma de Nuevo Leon| Universidad Autónoma Metropolitana,505013| 505017,Academic,2.0,60025417| 122697232| 60028381,Universidad Autónoma de Nuevo León| CONACYT-Centro de Ingeniería y Desarrollo Industrial| Universidad Autónoma Metropolitana -Unidad Iztapalapa,36170299800,6701576605,6701576605,-,Mexico,1.0,2104,Nuclear Energy and Engineering,2,Engineering & Technology,221,Engineering - Electrical & Electronic,36,Engineering,40,Engineering,4012| 4019,Fluid mechanics and thermal engineering| Resources engineering and extractive metallurgy,-,Magnetohydrodynamic Effects in Heat Transfer Systems,119,94.637,Transport Phenomena in Porous Media Dynamics,24106,53.881,Defensible,Nacional,2.0
"Espinosa-Paredes, Gilberto",6701576605,A non-linear stability monitor for boiling water reactors,"Olvera-Guerrero, O.A.| Prieto-Guerrero, A.| Espinosa-Paredes, G.",3.0,56040128300| 57188580330| 6701576605,2020.0,2020-01-01,Annals of Nuclear Energy,135,-,-,106983,ISSN-03064549,29363.0,Journal,Elsevier Ltd,English,1.62,11,3.1,33,1.159,13,0.42,13.0,3.0,0.21,9.47,62.0,65.0,0.0,0.0,"Olvera-Guerrero, O.A., Prieto-Guerrero, A., Espinosa-Paredes, G. (2020).A non-linear stability monitor for boiling water reactors. Annals of Nuclear Energy,135",https://www.scopus.com/record/display.url?eid=2-s2.0-85070667024&origin=resultslist,10.1016/j.anucene.2019.106983,Article,,2-s2.0-85070667024,-,Universidad Autónoma Metropolitana,505017,Academic,1.0,60028381,Universidad Autónoma Metropolitana -Unidad Iztapalapa,56040128300,6701576605,6701576605,-,Mexico,1.0,2104,Nuclear Energy and Engineering,2,Engineering & Technology,221,Engineering - Electrical & Electronic,36,Engineering,40,Engineering,4012| 4019,Fluid mechanics and thermal engineering| Resources engineering and extractive metallurgy,-,Nuclear Reactor Safety and Efficiency,1255,45.389,Dynamics of Two-Phase Flow in Natural Circulation,11287,73.915,Very Good,UAM,1.0
"Espinosa-Paredes, Gilberto",6701576605,Exergy and Energy Efficiencies in High Temperature Gas Reactors (PBMR),"Valle-Hernández, J.| Espinosa-Paredes, G.| Morales-Sandoval, J.B.| Romero-Paredes, H.",4.0,35263279500| 6701576605| 9842089800| 6506822837,2015.0,2015-10-18,"Energy Sources, Part A: Recovery, Utilization and Environmental Effects",37,20,2198-2207,-,ISSN-15567036,4500151514.0,Journal,"Bellwether Publishing, Ltd.",English,0.65,51,0.8,56,0.342,44,0.81,26.0,3.0,0.21,9.44,62.0,61.0,0.0,0.0,"Valle-Hernández, J., Espinosa-Paredes, G., Morales-Sandoval, J.B. and 1 more (...) (2015).Exergy and Energy Efficiencies in High Temperature Gas Reactors (PBMR). Energy Sources, Part A: Recovery, Utilization and Environmental Effects,37(20) 2198-2207",https://www.scopus.com/record/display.url?eid=2-s2.0-84942118141&origin=resultslist,10.1080/15567036.2012.686952,Article,,2-s2.0-84942118141,-,Universidad Autónoma Metropolitana| Universidad Nacional Autónoma de México,505017| 505023,Academic,2.0,60028381| 60032442,Universidad Autónoma Metropolitana -Unidad Iztapalapa| Universidad Nacional Autónoma de México,35263279500,6506822837,6701576605,-,Mexico,1.0,2102| 2103| 2104| 2105,"Energy Engineering and Power Technology| Fuel Technology| Nuclear Energy and Engineering| Renewable Energy, Sustainability and the Environment",2,Engineering & Technology,249| 221,Engineering - Petroleum| Engineering - Electrical & Electronic,36,Engineering,40,Engineering,4019| 4017,Resources engineering and extractive metallurgy| Mechanical engineering,SDG 7,Nuclear Fuel and Thermal Hydraulics,655,27.796,Gas Turbine and Reactor Systems,53212,51.204,Defensible,Nacional,2.0
"Espinosa-Paredes, Gilberto",6701576605,HYDRODYNAMICS AND STRUCTURAL MECHANICS OF JET PUMPS IN A BOILING WATER REACTOR: CFD ANALYSIS,"Espinosa-Paredes, G.| Centeno-Perez, J.| Nuñez-Carrera, A.| Quezada-Garcia, S.| Vázquez-Rodríguez, A.| Espinosa-Martínez, E.G.",6.0,6701576605| 57188581597| 6506276617| 56185557300| 15048725800| 24390647100,2023.0,2023-03-01,ARPN Journal of Engineering and Applied Sciences,18,5,516-521,-,ISSN-18196608,21100200825.0,Journal,Asian Research Publishing Network,English,0.24,83,0.7,84,0.15,87,0.78,19.0,2.0,0.19,10.7,56.0,67.0,0.0,0.0,"Espinosa-Paredes, G., Centeno-Perez, J., Nuñez-Carrera, A. and 3 more (...) (2023).HYDRODYNAMICS AND STRUCTURAL MECHANICS OF JET PUMPS IN A BOILING WATER REACTOR: CFD ANALYSIS. ARPN Journal of Engineering and Applied Sciences,18(5) 516-521",https://www.scopus.com/record/display.url?eid=2-s2.0-85163077163&origin=resultslist,-,Article,,2-s2.0-85163077163,-,Universidad Autónoma Metropolitana| Universidad Nacional Autónoma de México,505017| 505023,Academic,2.0,60028381| 60032442| 129865617,Universidad Autónoma Metropolitana -Unidad Iztapalapa| Universidad Nacional Autónoma de México| National Commission for Nuclear Safety and Safeguards,6701576605,24390647100,56185557300,-,Mexico,1.0,2200,General Engineering,2,Engineering & Technology,-,-,36,Engineering,40| 51,Engineering| Physical Sciences,4005| 5199| 4017,Civil engineering| Other physical sciences| Mechanical engineering,-,Hydrogen Production and Combustion Dynamics Insights,187,97.776,Explosive Dynamics of Fuel-Air Mixtures,67988,53.148,Defensible,Nacional,2.0
"Espinosa-Paredes, Gilberto",6701576605,Effective equation to assess solute transport in two-lithology reservoirs,"Aguilar-Madera, C.G.| Herrera-Hernández, E.C.| Espinosa-Paredes, G.",3.0,36170299800| 55263014200| 6701576605,2020.0,2020-05-01,Journal of Hydrology,584,-,-,124648,ISSN-00221694,50089.0,Journal,Elsevier B.V.,English,1.83,8,7.8,5,1.684,6,0.62,16.0,2.0,0.17,11.52,68.0,67.0,0.0,0.0,"Aguilar-Madera, C.G., Herrera-Hernández, E.C., Espinosa-Paredes, G. (2020).Effective equation to assess solute transport in two-lithology reservoirs. Journal of Hydrology,584",https://www.scopus.com/record/display.url?eid=2-s2.0-85079289237&origin=resultslist,10.1016/j.jhydrol.2020.124648,Article,,2-s2.0-85079289237,-,Universidad Autonoma de Nuevo Leon| Universidad Autónoma Metropolitana,505013| 505017,Academic,2.0,60025417| 122697232| 60028381,Universidad Autónoma de Nuevo León| CONACYT-Centro de Ingeniería y Desarrollo Industrial| Universidad Autónoma Metropolitana -Unidad Iztapalapa,36170299800,6701576605,55263014200,-,Mexico,1.0,2312,Water Science and Technology,2,Engineering & Technology,424,Environmental Sciences,37,Physical Sciences,MD,Multidisciplinary,MD,Multidisciplinary,-,Hydraulic Models for Soil and Water Management,507,49.771,Solute Transport in Heterogeneous Media,2896,89.572,Very Good,Nacional,2.0
"Espinosa-Paredes, Gilberto",6701576605,Upscaled elasticity modulus for nuclear fuel pellet (UO2) with porosity effects,"Centeno-Pérez, J.| Aguilar-Madera, C.G.| Espinosa-Paredes, G.| Herrera-Hernández, E.C.| Pérez-Valseca, A.D.",5.0,57188581597| 36170299800| 6701576605| 55263014200| 57194106166,2022.0,2022-09-01,Journal of Nuclear Materials,568,-,-,153875,ISSN-00223115,29021.0,Journal,Elsevier B.V.,English,1.48,13,5.7,14,1.002,13,0.62,12.0,2.0,0.15,13.09,63.0,72.0,0.0,0.0,"Centeno-Pérez, J., Aguilar-Madera, C.G., Espinosa-Paredes, G. and 2 more (...) (2022).Upscaled elasticity modulus for nuclear fuel pellet (UO2) with porosity effects. Journal of Nuclear Materials,568",https://www.scopus.com/record/display.url?eid=2-s2.0-85133747349&origin=resultslist,10.1016/j.jnucmat.2022.153875,Article,,2-s2.0-85133747349,-,Universidad Autonoma de Nuevo Leon| Universidad Autónoma Metropolitana| Universidad Autonoma de San Luis Potosi,505013| 505017| 505014,Academic,3.0,60028381| 60025417| 60031335,Universidad Autónoma Metropolitana -Unidad Iztapalapa| Universidad Autónoma de Nuevo León| Universidad Autónoma de San Luis Potosí,57188581597,57194106166,36170299800,-,Mexico,1.0,2104| 2500| 3106,Nuclear Energy and Engineering| General Materials Science| Nuclear and High Energy Physics,2| 4,Engineering & Technology| Natural Sciences,433| 221| 439,Materials Science| Engineering - Electrical & Electronic| Physics & Astronomy,36| 37,Engineering| Physical Sciences,40,Engineering,4016,Materials engineering,-,Thermodynamic Properties of Uranium Dioxide Fuel,1267,25.311,Fission Gas Behavior in Nuclear Fuel Systems,15845,80.191,Very Good,Nacional,3.0
"Espinosa-Paredes, Gilberto",6701576605,Development of a zero-dimensional dynamic simulator of a power conversion system with a high-temperature gas reactor,"Juárez-Martínez, L.C.| Espinosa-Paredes, G.",2.0,57199420927| 6701576605,2021.0,2021-09-01,International Journal of Energy Research,45,11,16984-16994,-,ISSN-0363907X,26676.0,Journal,John Wiley and Sons Ltd,English,1.12,26,6.1,9,0.811,20,0.35,14.0,2.0,0.07,14.98,66.0,77.0,0.0,0.0,"Juárez-Martínez, L.C., Espinosa-Paredes, G. (2021).Development of a zero-dimensional dynamic simulator of a power conversion system with a high-temperature gas reactor. International Journal of Energy Research,45(11) 16984-16994",https://www.scopus.com/record/display.url?eid=2-s2.0-85105413774&origin=resultslist,10.1002/er.6820,Article,,2-s2.0-85105413774,-,Universidad Autónoma Metropolitana| Universidad Autónoma de Campeche,505017| 713806,Academic,2.0,60028381| 60013136,Universidad Autónoma Metropolitana -Unidad Iztapalapa| Universidad Autónoma de Campeche,57199420927,6701576605,6701576605,-,Mexico,1.0,2102| 2103| 2104| 2105,"Energy Engineering and Power Technology| Fuel Technology| Nuclear Energy and Engineering| Renewable Energy, Sustainability and the Environment",2,Engineering & Technology,249| 221,Engineering - Petroleum| Engineering - Electrical & Electronic,36,Engineering,40,Engineering,4008,Electrical engineering,SDG 7,Nuclear Fuel and Thermal Hydraulics,655,27.796,Safety and Efficiency in High Temperature Gas Reactors,38551,58.424,Defensible,Nacional,2.0
"Espinosa-Paredes, Gilberto",6701576605,ATWS boron analysis for a BWR using the FNPK equation,"Polo-Labarrios, M.A.| Espinosa-Paredes, G.| Lopéz, R.| Nuñez-Carrera, A.| Huerta, A.| Vázquez-Rodríguez, R.",6.0,36617848900| 6701576605| 55334174100| 6506276617| 57194265599| 55989662900,2017.0,2017-11-01,Annals of Nuclear Energy,109,-,173-179,-,ISSN-03064549,29363.0,Journal,Elsevier Ltd,English,1.8,8,3,19,1.41,10,0.98,35.0,1.0,0.0,7.64,73.0,72.0,0.0,0.0,"Polo-Labarrios, M.A., Espinosa-Paredes, G., Lopéz, R. and 3 more (...) (2017).ATWS boron analysis for a BWR using the FNPK equation. Annals of Nuclear Energy,109173-179",https://www.scopus.com/record/display.url?eid=2-s2.0-85019573548&origin=resultslist,10.1016/j.anucene.2017.04.050,Article,,2-s2.0-85019573548,-,Universidad Autónoma Metropolitana,505017,Academic,1.0,60028381| 60084239| 117849943,Universidad Autónoma Metropolitana -Unidad Iztapalapa| Comision Nacional de Seguridad Nuclear y Salvaguardias| Secretaría de Energía,36617848900,55989662900,6701576605,-,Mexico,1.0,2104,Nuclear Energy and Engineering,2,Engineering & Technology,221,Engineering - Electrical & Electronic,36,Engineering,40,Engineering,4012| 4019,Fluid mechanics and thermal engineering| Resources engineering and extractive metallurgy,-,Nuclear Fuel and Thermal Hydraulics,655,27.796,Innovative Approaches in Nuclear Reactor Kinetics,36285,71.987,Definitive,UAM,1.0
"Espinosa-Paredes, Gilberto",6701576605,Stability analysis in BWRs with double subdiffusion effects: Reduced order fractional model (DS-F-ROM),"Espinosa-Paredes, G.| Cázares-Ramírez, R.I.| Vyawahare, V.A.| Espinosa-Martínez, É.-G.",4.0,6701576605| 56928260500| 36807093200| 24390647100,2024.0,2024-04-01,Nuclear Engineering and Technology,56,4,1296-1309,-,ISSN-17385733,11700154337.0,Journal,Korean Nuclear Society,English,1.38,15,4.9,20,0.692,27,2.95,45.0,1.0,0.16,6.15,56.0,66.0,0.0,0.0,"Espinosa-Paredes, G., Cázares-Ramírez, R.I., Vyawahare, V.A. and 1 more (...) (2024).Stability analysis in BWRs with double subdiffusion effects: Reduced order fractional model (DS-F-ROM). Nuclear Engineering and Technology,56(4) 1296-1309",https://www.scopus.com/record/display.url?eid=2-s2.0-85179038487&origin=resultslist,10.1016/j.net.2023.11.034,Article,Gold|Green,2-s2.0-85179038487,-,D Y Patil Group| Universidad Autónoma Metropolitana| Universidad del Valle de México| Universidad Nacional Autónoma de México,722547| 505017| 714043| 505023,Academic,4.0,60028381| 60032442| 60103948| 60029456| 60002604,"Universidad Autónoma Metropolitana -Unidad Iztapalapa| Universidad Nacional Autónoma de México| Ramrao Adik Institute of Technology| D Y Patil University, Navi Mumbai| Universidad del Valle de México",6701576605,24390647100,24390647100,-,India| Mexico,2.0,2104,Nuclear Energy and Engineering,2,Engineering & Technology,221,Engineering - Electrical & Electronic,36,Engineering,51| 40,Physical Sciences| Engineering,4016| 5199| 4019,Materials engineering| Other physical sciences| Resources engineering and extractive metallurgy,-,Nuclear Fuel and Thermal Hydraulics,655,27.796,Innovative Approaches in Nuclear Reactor Kinetics,36285,71.987,Definitive,Internacional,3.0
"Espinosa-Paredes, Gilberto",6701576605,Hybrid approach to predict the permeability in heterogeneous reservoirs,"Aguilar-Madera, C.G.| Espinosa-Paredes, G.|  Herrera-Hernández, E.C.",3.0,36170299800| 6701576605| 55263014200,2023.0,2023-01-01,Petroleum Science and Technology,41,14,1414-1433,-,ISSN-10916466,13716.0,Journal,Taylor and Francis Ltd.,English,0.54,60,2.9,47,0.325,55,0.19,10.0,1.0,0.07,13.52,65.0,76.0,0.0,0.0,"Aguilar-Madera, C.G., Espinosa-Paredes, G.,  Herrera-Hernández, E.C. (2023).Hybrid approach to predict the permeability in heterogeneous reservoirs. Petroleum Science and Technology,41(14) 1414-1433",https://www.scopus.com/record/display.url?eid=2-s2.0-85132887567&origin=resultslist,10.1080/10916466.2022.2092508,Article,,2-s2.0-85132887567,-,Universidad Autonoma de Nuevo Leon| Universidad Autónoma Metropolitana| Universidad Autonoma de San Luis Potosi,505013| 505017| 505014,Academic,3.0,60025417| 60028381| 60031335,Universidad Autónoma de Nuevo León| Universidad Autónoma Metropolitana -Unidad Iztapalapa| Universidad Autónoma de San Luis Potosí,36170299800,55263014200,6701576605,-,Mexico,1.0,1500| 1600| 1909| 2102| 2103,General Chemical Engineering| General Chemistry| Geotechnical Engineering and Engineering Geology| Energy Engineering and Power Technology| Fuel Technology,2| 4,Engineering & Technology| Natural Sciences,247| 249| 451| 416| 221| 219| 409| 450,Engineering - Mineral & Mining| Engineering - Petroleum| Geophysics| Earth & Marine Sciences| Engineering - Electrical & Electronic| Engineering - Chemical| Chemistry| Geology,36| 37,Engineering| Physical Sciences,40,Engineering,4019| 4004,Resources engineering and extractive metallurgy| Chemical engineering,-,Hydraulic Models for Soil and Water Management,507,49.771,Solute Transport in Heterogeneous Media,2896,89.572,Defensible,Nacional,3.0
"Espinosa-Paredes, Gilberto",6701576605,Real-time implementation of a stability monitor for BWRs,"Laguna-Sanchez, G.| Prieto-Guerrero, A.| Espinosa-Paredes, G.",3.0,35186102900| 57188580330| 6701576605,2016.0,2016-10-01,Annals of Nuclear Energy,96,-,83-87,-,ISSN-03064549,29363.0,Journal,Elsevier Ltd,English,1.62,10,2.7,21,1.154,12,0.79,23.0,1.0,0.14,7.22,73.0,66.0,0.0,0.0,"Laguna-Sanchez, G., Prieto-Guerrero, A., Espinosa-Paredes, G. (2016).Real-time implementation of a stability monitor for BWRs. Annals of Nuclear Energy,9683-87",https://www.scopus.com/record/display.url?eid=2-s2.0-84973569764&origin=resultslist,10.1016/j.anucene.2016.06.004,Article,,2-s2.0-84973569764,-,Universidad Autónoma Metropolitana,505017,Academic,1.0,60112837| 60028381,Universidad Autónoma Metropolitana-Lerma| Universidad Autónoma Metropolitana -Unidad Iztapalapa,35186102900,6701576605,6701576605,-,Mexico,1.0,2104,Nuclear Energy and Engineering,2,Engineering & Technology,221,Engineering - Electrical & Electronic,36,Engineering,40,Engineering,4019| 4012,Resources engineering and extractive metallurgy| Fluid mechanics and thermal engineering,-,Nuclear Reactor Safety and Efficiency,1255,45.389,Dynamics of Two-Phase Flow in Natural Circulation,11287,73.915,Definitive,UAM,1.0
"Espinosa-Paredes, Gilberto",6701576605,Neutron diffusion analysis of a fuel pebble with volume averaging method,"Aguilar-Madera, C.G.| Espinosa-Paredes, G.",2.0,36170299800| 6701576605,2020.0,2020-01-01,Journal of Porous Media,23,4,363-381,-,ISSN-1091028X,21183.0,Journal,Begell House Inc.,English,0.64,55,2.4,48,0.386,49,0.52,17.0,1.0,0.08,12.92,74.0,75.0,0.0,0.0,"Aguilar-Madera, C.G., Espinosa-Paredes, G. (2020).Neutron diffusion analysis of a fuel pebble with volume averaging method. Journal of Porous Media,23(4) 363-381",https://www.scopus.com/record/display.url?eid=2-s2.0-85085253177&origin=resultslist,10.1615/JPorMedia.2020027522,Article,,2-s2.0-85085253177,-,Universidad Autonoma de Nuevo Leon| Universidad Autónoma Metropolitana,505013| 505017,Academic,2.0,60025417| 60028381,Universidad Autónoma de Nuevo León| Universidad Autónoma Metropolitana -Unidad Iztapalapa,36170299800,6701576605,6701576605,-,Mexico,1.0,2204| 2210| 2211| 2500| 2611| 3104,Biomedical Engineering| Mechanical Engineering| Mechanics of Materials| General Materials Science| Modeling and Simulation| Condensed Matter Physics,2| 4,Engineering & Technology| Natural Sciences,507| 222| 433| 439| 431,Biological Sciences| Engineering - Mechanical| Materials Science| Physics & Astronomy| Mathematics,36| 37,Engineering| Physical Sciences,40,Engineering,4012| 4005,Fluid mechanics and thermal engineering| Civil engineering,-,Magnetohydrodynamic Effects in Heat Transfer Systems,119,94.637,Transport Phenomena in Porous Media Dynamics,24106,53.881,Defensible,Nacional,2.0
"Espinosa-Paredes, Gilberto",6701576605,Subdiffusive processes in BWRs,"Espinosa-Paredes, G.| Vyawahare, V.A.| Espinosa-Martínez, É.-G.",3.0,6701576605| 36807093200| 24390647100,2024.0,2024-07-01,Nuclear Engineering and Design,423,-,-,113210,ISSN-00295493,17882.0,Journal,Elsevier Ltd,English,1.42,14,3.4,35,0.772,22,1.64,24.0,1.0,0.13,7.81,56.0,67.0,0.0,0.0,"Espinosa-Paredes, G., Vyawahare, V.A., Espinosa-Martínez, É.-G. (2024).Subdiffusive processes in BWRs. Nuclear Engineering and Design,423",https://www.scopus.com/record/display.url?eid=2-s2.0-85190254235&origin=resultslist,10.1016/j.nucengdes.2024.113210,Article,,2-s2.0-85190254235,-,D Y Patil Group| Universidad Autónoma Metropolitana| Universidad del Valle de México,722547| 505017| 714043,Academic,3.0,60028381| 60029456| 60103948| 60002604,"Universidad Autónoma Metropolitana -Unidad Iztapalapa| D Y Patil University, Navi Mumbai| Ramrao Adik Institute of Technology| Universidad del Valle de México",6701576605,24390647100,24390647100,-,India| Mexico,2.0,2104| 2210| 2213| 2311| 2500| 3106,"Nuclear Energy and Engineering| Mechanical Engineering| Safety, Risk, Reliability and Quality| Waste Management and Disposal| General Materials Science| Nuclear and High Energy Physics",4| 3| 2,Natural Sciences| Social Sciences & Management| Engineering & Technology,424| 222| 249| 439| 221| 433,Environmental Sciences| Engineering - Mechanical| Engineering - Petroleum| Physics & Astronomy| Engineering - Electrical & Electronic| Materials Science,36| 37,Engineering| Physical Sciences,40,Engineering,4012| 4005| 4019,Fluid mechanics and thermal engineering| Civil engineering| Resources engineering and extractive metallurgy,-,Nuclear Fuel and Thermal Hydraulics,655,27.796,Innovative Approaches in Nuclear Reactor Kinetics,36285,71.987,Definitive,Internacional,2.0
"Espinosa-Paredes, Gilberto",6701576605,"Closed-loop controller design, stability analysis and hardware implementation for fractional neutron point kinetics model","Vyawahare, V.A.| Datkhile, G.| Kadam, P.| Espinosa-Paredes, G.",4.0,36807093200| 57193701703| 57191596798| 6701576605,2021.0,2021-02-01,Nuclear Engineering and Technology,53,2,688-694,-,ISSN-17385733,11700154337.0,Journal,Korean Nuclear Society,English,1.54,13,3.7,28,0.752,25,0.59,17.0,1.0,0.0,9.84,73.0,79.0,0.0,0.0,"Vyawahare, V.A., Datkhile, G., Kadam, P. and 1 more (...) (2021).Closed-loop controller design, stability analysis and hardware implementation for fractional neutron point kinetics model. Nuclear Engineering and Technology,53(2) 688-694",https://www.scopus.com/record/display.url?eid=2-s2.0-85089533676&origin=resultslist,10.1016/j.net.2020.07.026,Article,Gold|Green,2-s2.0-85089533676,-,Universidad Autónoma Metropolitana,505017,Academic,1.0,60103948| 60028381,Ramrao Adik Institute of Technology| Universidad Autónoma Metropolitana -Unidad Iztapalapa,36807093200,6701576605,6701576605,-,India| Mexico,2.0,2104,Nuclear Energy and Engineering,2,Engineering & Technology,221,Engineering - Electrical & Electronic,36,Engineering,51| 40,Physical Sciences| Engineering,4019| 5199| 4016,Resources engineering and extractive metallurgy| Other physical sciences| Materials engineering,-,Fractional Calculus Applications in Differential Equations,88,83.061,Fractional-Order Control Systems and Their Applications,3427,95.124,Very Good,Internacional,1.0
"Espinosa-Paredes, Gilberto",6701576605,Diffusive Transport in Naturally Fractured Reservoirs: Averaging Equations,"Espinosa-Paredes, G.",1.0,6701576605,2015.0,2015-08-03,"Energy Sources, Part A: Recovery, Utilization and Environmental Effects",37,15,1704-1713,-,ISSN-15567036,4500151514.0,Journal,"Bellwether Publishing, Ltd.",English,0.65,51,0.8,56,0.342,44,0.34,13.0,1.0,0.11,9.44,72.0,67.0,0.0,0.0,"Espinosa-Paredes, G. (2015).Diffusive Transport in Naturally Fractured Reservoirs: Averaging Equations. Energy Sources, Part A: Recovery, Utilization and Environmental Effects,37(15) 1704-1713",https://www.scopus.com/record/display.url?eid=2-s2.0-84937500732&origin=resultslist,10.1080/15567036.2011.642059,Article,,2-s2.0-84937500732,-,Universidad Autónoma Metropolitana,505017,Academic,1.0,60028381,Universidad Autónoma Metropolitana -Unidad Iztapalapa,-,-,6701576605,6701576605,Mexico,1.0,2102| 2103| 2104| 2105,"Energy Engineering and Power Technology| Fuel Technology| Nuclear Energy and Engineering| Renewable Energy, Sustainability and the Environment",2,Engineering & Technology,221| 249,Engineering - Electrical & Electronic| Engineering - Petroleum,36,Engineering,40,Engineering,4017| 4019,Mechanical engineering| Resources engineering and extractive metallurgy,-,Magnetohydrodynamic Effects in Heat Transfer Systems,119,94.637,Transport Phenomena in Porous Media Dynamics,24106,53.881,Definitive,Personal,1.0
"Espinosa-Paredes, Gilberto",6701576605,Empirical Correlations for K -Values of Crude Oils,"Flores-Cano, J.V.| Aguilar-Madera, C.G.| Herrera-Hernández, E.C.| Espinosa-Paredes, G.| Ruelas-Leyva, J.P.| Matías-Pérez, V.| Briones-Carrillo, J.A.",7.0,55648860600| 36170299800| 55263014200| 6701576605| 55454217300| 35230496900| 57217014240,2022.0,2022-01-01,International Journal of Chemical Engineering,2022,-,-,9260306,ISSN-1687806X,17600155054.0,Journal,Hindawi Limited,English,0.82,41,3.5,49,0.398,48,0.45,12.0,1.0,0.07,14.74,70.0,78.0,0.0,0.0,"Flores-Cano, J.V., Aguilar-Madera, C.G., Herrera-Hernández, E.C. and 4 more (...) (2022).Empirical Correlations for K -Values of Crude Oils. International Journal of Chemical Engineering,2022",https://www.scopus.com/record/display.url?eid=2-s2.0-85136049804&origin=resultslist,10.1155/2022/9260306,Article,Gold|Green,2-s2.0-85136049804,-,Universidad Autonoma de Nuevo Leon| Universidad Autónoma Metropolitana| Universidad Autonoma de San Luis Potosi| Universidad Autonoma de Sinaloa,505013| 505017| 505014| 704857,Academic,4.0,60025417| 60031335| 60028381| 60012676,Universidad Autónoma de Nuevo León| Universidad Autónoma de San Luis Potosí| Universidad Autónoma Metropolitana -Unidad Iztapalapa| Universidad Autónoma de Sinaloa,55648860600,57217014240,6701576605,-,Mexico,1.0,1500,General Chemical Engineering,2,Engineering & Technology,219,Engineering - Chemical,36,Engineering,40,Engineering,4004,Chemical engineering,-,Interactions of Gas Hydrates and Colloidal Particles,605,46.501,Equations of State for Complex Fluid Mixtures,7713,71.802,Definitive,Nacional,4.0
"Espinosa-Paredes, Gilberto",6701576605,Natural circulation cooling scram transient analysis in advanced BWRs: Buoyancy effects,"Espinosa-Paredes, G.| Juárez-Sánchez, M.-A.| Nuñez-Carrera, A.| Vázquez-Rodríguez, A.",4.0,6701576605| 6505476579| 6506276617| 15048725800,2015.0,2015-01-02,"Energy Sources, Part A: Recovery, Utilization and Environmental Effects",37,1,19-27,-,ISSN-15567036,4500151514.0,Journal,Taylor and Francis Inc.,English,0.65,51,0.8,56,0.342,44,0.17,8.0,0.0,0.0,9.44,80.0,69.0,0.0,0.0,"Espinosa-Paredes, G., Juárez-Sánchez, M.-A., Nuñez-Carrera, A. and 1 more (...) (2015).Natural circulation cooling scram transient analysis in advanced BWRs: Buoyancy effects. Energy Sources, Part A: Recovery, Utilization and Environmental Effects,37(1) 19-27",https://www.scopus.com/record/display.url?eid=2-s2.0-84941794390&origin=resultslist,10.1080/15567036.2011.576419,Article,,2-s2.0-84941794390,-,Universidad Autónoma Metropolitana| Instituto Politécnico Nacional,505017| 505011,Academic,2.0,60028381| 60019176| 60084239,Universidad Autónoma Metropolitana -Unidad Iztapalapa| Instituto Politécnico Nacional| Comision Nacional de Seguridad Nuclear y Salvaguardias,6701576605,15048725800,6701576605,-,Mexico,1.0,2102| 2103| 2104| 2105,"Energy Engineering and Power Technology| Fuel Technology| Nuclear Energy and Engineering| Renewable Energy, Sustainability and the Environment",2,Engineering & Technology,249| 221,Engineering - Petroleum| Engineering - Electrical & Electronic,36,Engineering,40,Engineering,4019| 4017,Resources engineering and extractive metallurgy| Mechanical engineering,-,Nuclear Reactor Safety and Efficiency,1255,45.389,Dynamics of Two-Phase Flow in Natural Circulation,11287,73.915,Definitive,Nacional,2.0
"Espinosa-Paredes, Gilberto",6701576605,HIGH REDUCTION IN REACTIVITY FLUCTUATIONS USING THE SECOND BERNOULLI NUMBER WITH EXPONENTIAL FILTER,"Ule-Duque, G.| Suescún-Díaz, D.| Espinosa-Paredes, G.",3.0,57215220426| 22636278000| 6701576605,2020.0,2020-10-01,ARPN Journal of Engineering and Applied Sciences,15,20,2251-2257,-,ISSN-18196608,21100200825.0,Journal,Asian Research Publishing Network,English,0.47,66,1.3,56,0.238,56,0.38,12.0,0.0,0.0,9.58,83.0,78.0,0.0,0.0,"Ule-Duque, G., Suescún-Díaz, D., Espinosa-Paredes, G. (2020).HIGH REDUCTION IN REACTIVITY FLUCTUATIONS USING THE SECOND BERNOULLI NUMBER WITH EXPONENTIAL FILTER. ARPN Journal of Engineering and Applied Sciences,15(20) 2251-2257",https://www.scopus.com/record/display.url?eid=2-s2.0-85097154160&origin=resultslist,-,Article,,2-s2.0-85097154160,-,Universidad Autónoma Metropolitana| Universidad Surcolombiana,505017| 708540,Academic,2.0,60070351| 60028381,Universidad Surcolombiana| Universidad Autónoma Metropolitana -Unidad Iztapalapa,57215220426,6701576605,22636278000,-,Mexico| Colombia,2.0,2200,General Engineering,2,Engineering & Technology,-,-,36,Engineering,51| 40,Physical Sciences| Engineering,4017| 4005| 5199,Mechanical engineering| Civil engineering| Other physical sciences,-,Nuclear Fuel and Thermal Hydraulics,655,27.796,Innovative Approaches in Nuclear Reactor Kinetics,36285,71.987,Definitive,Internacional,1.0
"Espinosa-Paredes, Gilberto",6701576605,HYDRODYNAMICS AND STRUCTURAL MECHANICS OF JET PUMPS IN A BOILING WATER REACTOR: LEAKTRANSIENT ANALYSIS IN A JET PUMP,"Espinosa-Paredes, G.| Nuñez-Carrera, A.| Varela-Ham, J.R.| Espinosa-Martínez, E.-G.| Vázquez-Rodríguez, A.| Centeno-Perez, J.| Polo-Labarrios, M.A.| Sánchez-Mora, H.| Quezada-Garcia, S.",9.0,6701576605| 6506276617| 55521731300| 24390647100| 15048725800| 57188581597| 36617848900| 57195354716| 56185557300,2022.0,2022-09-01,ARPN Journal of Engineering and Applied Sciences,17,17,1615-1621,-,ISSN-18196608,21100200825.0,Journal,Asian Research Publishing Network,English,0.26,81,0.9,78,0.17,81,0.35,10.0,0.0,0.0,11.52,81.0,80.0,0.0,0.0,"Espinosa-Paredes, G., Nuñez-Carrera, A., Varela-Ham, J.R. and 6 more (...) (2022).HYDRODYNAMICS AND STRUCTURAL MECHANICS OF JET PUMPS IN A BOILING WATER REACTOR: LEAKTRANSIENT ANALYSIS IN A JET PUMP. ARPN Journal of Engineering and Applied Sciences,17(17) 1615-1621",https://www.scopus.com/record/display.url?eid=2-s2.0-85164798205&origin=resultslist,-,Article,,2-s2.0-85164798205,-,Universidad Autónoma Metropolitana| Instituto Politécnico Nacional| Universidad Nacional Autónoma de México,505017| 505011| 505023,Academic,3.0,60028381| 120444997| 60032442| 60019176,Universidad Autónoma Metropolitana -Unidad Iztapalapa| National Commission for Nuclear Safety and Safeguards| Universidad Nacional Autónoma de México| Instituto Politécnico Nacional,6701576605,56185557300,56185557300,-,Mexico,1.0,2200,General Engineering,2,Engineering & Technology,-,-,36,Engineering,40| 51,Engineering| Physical Sciences,5199| 4005| 4017,Other physical sciences| Civil engineering| Mechanical engineering,-,Molten Salt Applications in Energy and Material Recovery,1393,25.18,Small Modular Reactors in Nuclear Energy Development,25383,91.571,Defensible,Nacional,3.0
"Espinosa-Paredes, Gilberto",6701576605,ON THE NUMERICAL SOLUTION OF STOCHASTIC POINT KINETICS EQUATIONS WITH FEEDBACK EFFECTS USING THE IMPLICIT MILSTEIN METHOD WITH STEP EXTERNAL REACTIVITY,"Suescún-Díaz, D.| Cedeño-Girón, D.E.| Espinosa-Paredes, G.",3.0,22636278000| 57216766262| 6701576605,2020.0,2020-12-01,ARPN Journal of Engineering and Applied Sciences,15,23,2868-2874,-,ISSN-18196608,21100200825.0,Journal,Asian Research Publishing Network,English,0.47,66,1.3,56,0.238,56,0.46,12.0,0.0,0.0,9.58,83.0,78.0,0.0,0.0,"Suescún-Díaz, D., Cedeño-Girón, D.E., Espinosa-Paredes, G. (2020).ON THE NUMERICAL SOLUTION OF STOCHASTIC POINT KINETICS EQUATIONS WITH FEEDBACK EFFECTS USING THE IMPLICIT MILSTEIN METHOD WITH STEP EXTERNAL REACTIVITY. ARPN Journal of Engineering and Applied Sciences,15(23) 2868-2874",https://www.scopus.com/record/display.url?eid=2-s2.0-85100214523&origin=resultslist,-,Article,,2-s2.0-85100214523,-,Universidad Autónoma Metropolitana| Universidad Surcolombiana,505017| 708540,Academic,2.0,60070351| 60028381,Universidad Surcolombiana| Universidad Autónoma Metropolitana -Unidad Iztapalapa,22636278000,6701576605,22636278000,-,Mexico| Colombia,2.0,2200,General Engineering,2,Engineering & Technology,-,-,36,Engineering,40| 51,Engineering| Physical Sciences,5199| 4017| 4005,Other physical sciences| Mechanical engineering| Civil engineering,-,Nuclear Fuel and Thermal Hydraulics,655,27.796,Innovative Approaches in Nuclear Reactor Kinetics,36285,71.987,Definitive,Internacional,1.0
"Espinosa-Paredes, Gilberto",6701576605,INVERSE POINT KINETICS WITH FEEDBACK EFFECTS DEPENDING ON THE HISTORY OF NEUTRON DENSITY USING THE FIRST BERNOULLI NUMBER,"Suescún-Díaz, D.| Ule-Duque, G.| Espinosa-Paredes, G.",3.0,22636278000| 57215220426| 6701576605,2021.0,2021-10-01,ARPN Journal of Engineering and Applied Sciences,16,19,2012-2018,-,ISSN-18196608,21100200825.0,Journal,Asian Research Publishing Network,English,0.38,72,1,69,0.252,58,0.32,8.0,0.0,0.0,10.93,82.0,79.0,0.0,0.0,"Suescún-Díaz, D., Ule-Duque, G., Espinosa-Paredes, G. (2021).INVERSE POINT KINETICS WITH FEEDBACK EFFECTS DEPENDING ON THE HISTORY OF NEUTRON DENSITY USING THE FIRST BERNOULLI NUMBER. ARPN Journal of Engineering and Applied Sciences,16(19) 2012-2018",https://www.scopus.com/record/display.url?eid=2-s2.0-85121852659&origin=resultslist,-,Article,,2-s2.0-85121852659,-,Universidad Autónoma Metropolitana| Universidad Surcolombiana,505017| 708540,Academic,2.0,60070351| 60028381,Universidad Surcolombiana| Universidad Autónoma Metropolitana -Unidad Iztapalapa,22636278000,6701576605,22636278000,-,Mexico| Colombia,2.0,2200,General Engineering,2,Engineering & Technology,-,-,36,Engineering,51| 40,Physical Sciences| Engineering,4005| 5199| 4017,Civil engineering| Other physical sciences| Mechanical engineering,-,Nuclear Fuel and Thermal Hydraulics,655,27.796,Innovative Approaches in Nuclear Reactor Kinetics,36285,71.987,Definitive,Internacional,1.0
"Espinosa-Paredes, Gilberto",6701576605,TIME CONSTANT EFFECTS FOR FLUID-FUELED MOLTEN SALT REACTORS,"Espinosa-Paredes, G.| Domínguez-Alfaro, J.| Espinosa-Martínez, E.-G.| Vázquez-Rodriguez, A.",4.0,6701576605| 57504597700| 24390647100| 15048725800,2021.0,2021-11-01,ARPN Journal of Engineering and Applied Sciences,16,22,2411-2416,-,ISSN-18196608,21100200825.0,Journal,Asian Research Publishing Network,English,0.38,72,1,69,0.252,58,0.52,15.0,0.0,0.0,10.93,82.0,79.0,0.0,0.0,"Espinosa-Paredes, G., Domínguez-Alfaro, J., Espinosa-Martínez, E.-G. and 1 more (...) (2021).TIME CONSTANT EFFECTS FOR FLUID-FUELED MOLTEN SALT REACTORS. ARPN Journal of Engineering and Applied Sciences,16(22) 2411-2416",https://www.scopus.com/record/display.url?eid=2-s2.0-85124147553&origin=resultslist,-,Article,,2-s2.0-85124147553,-,Universidad Autónoma Metropolitana| Universidad Nacional Autónoma de México,505017| 505023,Academic,2.0,60028381| 60032442,Universidad Autónoma Metropolitana -Unidad Iztapalapa| Universidad Nacional Autónoma de México,6701576605,15048725800,6701576605,-,Mexico,1.0,2200,General Engineering,2,Engineering & Technology,-,-,36,Engineering,51| 40,Physical Sciences| Engineering,4017| 5199| 4005,Mechanical engineering| Other physical sciences| Civil engineering,-,Molten Salt Applications in Energy and Material Recovery,1393,25.18,Molten Salt Reactor Design,6770,89.36,Definitive,Nacional,2.0
"Espinosa-Paredes, Gilberto",6701576605,TIME-DEPENDENT DIFFUSION COEFFICIENT FOR UP-SCALED NEUTRON POINT KINETICS EQUATIONS,"Espinosa-Paredes, G.| Aguilar-Madera, C.G.| Suescún-Díaz, D.",3.0,6701576605| 36170299800| 22636278000,2020.0,2020-10-01,ARPN Journal of Engineering and Applied Sciences,15,19,2147-2152,-,ISSN-18196608,21100200825.0,Journal,Asian Research Publishing Network,English,0.47,66,1.3,56,0.238,56,0.38,13.0,0.0,0.0,9.58,83.0,78.0,0.0,0.0,"Espinosa-Paredes, G., Aguilar-Madera, C.G., Suescún-Díaz, D. (2020).TIME-DEPENDENT DIFFUSION COEFFICIENT FOR UP-SCALED NEUTRON POINT KINETICS EQUATIONS. ARPN Journal of Engineering and Applied Sciences,15(19) 2147-2152",https://www.scopus.com/record/display.url?eid=2-s2.0-85097194171&origin=resultslist,-,Article,,2-s2.0-85097194171,-,Universidad Autonoma de Nuevo Leon| Universidad Autónoma Metropolitana| Universidad Surcolombiana,505013| 505017| 708540,Academic,3.0,60028381| 60025417| 60070351,Universidad Autónoma Metropolitana -Unidad Iztapalapa| Universidad Autónoma de Nuevo León| Universidad Surcolombiana,6701576605,22636278000,6701576605,-,Mexico| Colombia,2.0,2200,General Engineering,2,Engineering & Technology,-,-,36,Engineering,51| 40,Physical Sciences| Engineering,5199| 4017| 4005,Other physical sciences| Mechanical engineering| Civil engineering,-,Magnetohydrodynamic Effects in Heat Transfer Systems,119,94.637,Transport Phenomena in Porous Media Dynamics,24106,53.881,Defensible,Internacional,2.0
"Espinosa-Paredes, Gilberto",6701576605,CALCULATION OF REACTIVITY WITH RECURSIVE DEPENDENCE ON FEEDBACK TEMPERATURE,"Suescún-Díaz, D.| Ule-Duque, G.| Espinosa-Paredes, G.",3.0,22636278000| 57215220426| 6701576605,2020.0,2020-11-01,ARPN Journal of Engineering and Applied Sciences,15,22,2647-2651,-,ISSN-18196608,21100200825.0,Journal,Asian Research Publishing Network,English,0.47,66,1.3,56,0.238,56,0.29,10.0,0.0,0.0,9.58,83.0,78.0,0.0,0.0,"Suescún-Díaz, D., Ule-Duque, G., Espinosa-Paredes, G. (2020).CALCULATION OF REACTIVITY WITH RECURSIVE DEPENDENCE ON FEEDBACK TEMPERATURE. ARPN Journal of Engineering and Applied Sciences,15(22) 2647-2651",https://www.scopus.com/record/display.url?eid=2-s2.0-85098596693&origin=resultslist,-,Article,,2-s2.0-85098596693,-,Universidad Autónoma Metropolitana| Universidad Surcolombiana,505017| 708540,Academic,2.0,60070351| 60028381,Universidad Surcolombiana| Universidad Autónoma Metropolitana -Unidad Iztapalapa,22636278000,6701576605,22636278000,-,Mexico| Colombia,2.0,2200,General Engineering,2,Engineering & Technology,-,-,36,Engineering,40| 51,Engineering| Physical Sciences,5199| 4005| 4017,Other physical sciences| Civil engineering| Mechanical engineering,-,Nuclear Fuel and Thermal Hydraulics,655,27.796,Innovative Approaches in Nuclear Reactor Kinetics,36285,71.987,Definitive,Internacional,1.0
"Espinosa-Paredes, Gilberto",6701576605,IMPLICIT EULER-MARUYAMA METHOD WITH NEWTONIAN TEMPERATURE FEEDBACK AND RAMP REACTIVITY,"Suescún-Díaz, D.| Espinosa-Paredes, G.| Lozano-Parada, J.H.",3.0,22636278000| 6701576605| 6508311194,2020.0,2020-10-01,ARPN Journal of Engineering and Applied Sciences,15,20,2336-2341,-,ISSN-18196608,21100200825.0,Journal,Asian Research Publishing Network,English,0.47,66,1.3,56,0.238,56,0.38,10.0,0.0,0.0,9.58,83.0,78.0,0.0,0.0,"Suescún-Díaz, D., Espinosa-Paredes, G., Lozano-Parada, J.H. (2020).IMPLICIT EULER-MARUYAMA METHOD WITH NEWTONIAN TEMPERATURE FEEDBACK AND RAMP REACTIVITY. ARPN Journal of Engineering and Applied Sciences,15(20) 2336-2341",https://www.scopus.com/record/display.url?eid=2-s2.0-85097175866&origin=resultslist,-,Article,,2-s2.0-85097175866,-,Universidad Autónoma de Occidente| Universidad Autónoma Metropolitana| Universidad Surcolombiana,700969| 505017| 708540,Academic,3.0,60070351| 60028381| 60108602,Universidad Surcolombiana| Universidad Autónoma Metropolitana -Unidad Iztapalapa| Universidad Autónoma de Occidente,22636278000,6508311194,-,-,Mexico| Colombia,2.0,2200,General Engineering,2,Engineering & Technology,-,-,36,Engineering,40| 51,Engineering| Physical Sciences,4017| 4005| 5199,Mechanical engineering| Civil engineering| Other physical sciences,-,Nuclear Fuel and Thermal Hydraulics,655,27.796,Innovative Approaches in Nuclear Reactor Kinetics,36285,71.987,Definitive,Internacional,2.0
